statement_type,canonical_row_id,master_display_label,output_period,value,source_file,source_sheet,source_column,raw_line_label,raw_concept,source_method,derivation_formula
balance_sheet,us-gaap:CashAndCashEquivalentsAtCarryingValue,Cash,2Q19,412.0,ETN_SEC-XBRL-financials_as-presented_10-Q_2019-07-30_0001551182-19-000160.xlsx,Balance Sheet,"June 30, 2019",Cash,us-gaap:CashAndCashEquivalentsAtCarryingValue,reported,
balance_sheet,us-gaap:ShortTermInvestments,Short-term investments,2Q19,385.0,ETN_SEC-XBRL-financials_as-presented_10-Q_2019-07-30_0001551182-19-000160.xlsx,Balance Sheet,"June 30, 2019",Short-term investments,us-gaap:ShortTermInvestments,reported,
balance_sheet,us-gaap:ReceivablesNetCurrent,Accounts receivable - net,2Q19,3944.0,ETN_SEC-XBRL-financials_as-presented_10-Q_2019-07-30_0001551182-19-000160.xlsx,Balance Sheet,"June 30, 2019",Accounts receivable - net,us-gaap:ReceivablesNetCurrent,reported,
balance_sheet,us-gaap:InventoryNet,Inventory,2Q19,2853.0,ETN_SEC-XBRL-financials_as-presented_10-Q_2019-07-30_0001551182-19-000160.xlsx,Balance Sheet,"June 30, 2019",Inventory,us-gaap:InventoryNet,reported,
balance_sheet,us-gaap:PrepaidExpenseAndOtherAssetsCurrent,Prepaid expenses and other current assets,2Q19,532.0,ETN_SEC-XBRL-financials_as-presented_10-Q_2019-07-30_0001551182-19-000160.xlsx,Balance Sheet,"June 30, 2019",Prepaid expenses and other current assets,us-gaap:PrepaidExpenseAndOtherAssetsCurrent,reported,
balance_sheet,us-gaap:AssetsCurrent,Total current assets,2Q19,8126.0,ETN_SEC-XBRL-financials_as-presented_10-Q_2019-07-30_0001551182-19-000160.xlsx,Balance Sheet,"June 30, 2019",Total current assets,us-gaap:AssetsCurrent,reported,
balance_sheet,etn:LandAndBuildings,Land and buildings,2Q19,2464.0,ETN_SEC-XBRL-financials_as-presented_10-Q_2019-07-30_0001551182-19-000160.xlsx,Balance Sheet,"June 30, 2019",Land and buildings,etn:LandAndBuildings,reported,
balance_sheet,us-gaap:MachineryAndEquipmentGross,Machinery and equipment,2Q19,6261.0,ETN_SEC-XBRL-financials_as-presented_10-Q_2019-07-30_0001551182-19-000160.xlsx,Balance Sheet,"June 30, 2019",Machinery and equipment,us-gaap:MachineryAndEquipmentGross,reported,
balance_sheet,us-gaap:PropertyPlantAndEquipmentGross,"Gross property, plant and equipment",2Q19,8725.0,ETN_SEC-XBRL-financials_as-presented_10-Q_2019-07-30_0001551182-19-000160.xlsx,Balance Sheet,"June 30, 2019","Gross property, plant and equipment",us-gaap:PropertyPlantAndEquipmentGross,reported,
balance_sheet,us-gaap:AccumulatedDepreciationDepletionAndAmortizationPropertyPlantAndEquipment,Accumulated depreciation,2Q19,-5215.0,ETN_SEC-XBRL-financials_as-presented_10-Q_2019-07-30_0001551182-19-000160.xlsx,Balance Sheet,"June 30, 2019",Accumulated depreciation,us-gaap:AccumulatedDepreciationDepletionAndAmortizationPropertyPlantAndEquipment,reported,
balance_sheet,us-gaap:PropertyPlantAndEquipmentNet,"Net property, plant and equipment",2Q19,3510.0,ETN_SEC-XBRL-financials_as-presented_10-Q_2019-07-30_0001551182-19-000160.xlsx,Balance Sheet,"June 30, 2019","Net property, plant and equipment",us-gaap:PropertyPlantAndEquipmentNet,reported,
balance_sheet,us-gaap:Goodwill,Goodwill,2Q19,13463.0,ETN_SEC-XBRL-financials_as-presented_10-Q_2019-07-30_0001551182-19-000160.xlsx,Balance Sheet,"June 30, 2019",Goodwill,us-gaap:Goodwill,reported,
balance_sheet,us-gaap:IntangibleAssetsNetExcludingGoodwill,Other intangible assets,2Q19,4766.0,ETN_SEC-XBRL-financials_as-presented_10-Q_2019-07-30_0001551182-19-000160.xlsx,Balance Sheet,"June 30, 2019",Other intangible assets,us-gaap:IntangibleAssetsNetExcludingGoodwill,reported,
balance_sheet,us-gaap:OperatingLeaseRightOfUseAsset,Operating lease assets,2Q19,419.0,ETN_SEC-XBRL-financials_as-presented_10-Q_2019-07-30_0001551182-19-000160.xlsx,Balance Sheet,"June 30, 2019",Operating lease assets,us-gaap:OperatingLeaseRightOfUseAsset,reported,
balance_sheet,us-gaap:DeferredTaxAssetsNetNoncurrent,Deferred income taxes,2Q19,303.0,ETN_SEC-XBRL-financials_as-presented_10-Q_2019-07-30_0001551182-19-000160.xlsx,Balance Sheet,"June 30, 2019",Deferred income taxes,us-gaap:DeferredTaxAssetsNetNoncurrent,reported,
balance_sheet,us-gaap:OtherAssetsNoncurrent,Other assets,2Q19,1657.0,ETN_SEC-XBRL-financials_as-presented_10-Q_2019-07-30_0001551182-19-000160.xlsx,Balance Sheet,"June 30, 2019",Other assets,us-gaap:OtherAssetsNoncurrent,reported,
balance_sheet,us-gaap:Assets,Total assets,2Q19,32244.0,ETN_SEC-XBRL-financials_as-presented_10-Q_2019-07-30_0001551182-19-000160.xlsx,Balance Sheet,"June 30, 2019",Total assets,us-gaap:Assets,reported,
balance_sheet,us-gaap:ShortTermBorrowings,Short-term debt,2Q19,2.0,ETN_SEC-XBRL-financials_as-presented_10-Q_2019-07-30_0001551182-19-000160.xlsx,Balance Sheet,"June 30, 2019",Short-term debt,us-gaap:ShortTermBorrowings,reported,
balance_sheet,us-gaap:LongTermDebtAndCapitalLeaseObligationsCurrent,Current portion of long-term debt,2Q19,5.0,ETN_SEC-XBRL-financials_as-presented_10-Q_2019-07-30_0001551182-19-000160.xlsx,Balance Sheet,"June 30, 2019",Current portion of long-term debt,us-gaap:LongTermDebtAndCapitalLeaseObligationsCurrent,reported,
balance_sheet,us-gaap:AccountsPayableCurrent,Accounts payable,2Q19,2268.0,ETN_SEC-XBRL-financials_as-presented_10-Q_2019-07-30_0001551182-19-000160.xlsx,Balance Sheet,"June 30, 2019",Accounts payable,us-gaap:AccountsPayableCurrent,reported,
balance_sheet,us-gaap:EmployeeRelatedLiabilitiesCurrent,Accrued compensation,2Q19,357.0,ETN_SEC-XBRL-financials_as-presented_10-Q_2019-07-30_0001551182-19-000160.xlsx,Balance Sheet,"June 30, 2019",Accrued compensation,us-gaap:EmployeeRelatedLiabilitiesCurrent,reported,
balance_sheet,us-gaap:OtherLiabilitiesCurrent,Other current liabilities,2Q19,1818.0,ETN_SEC-XBRL-financials_as-presented_10-Q_2019-07-30_0001551182-19-000160.xlsx,Balance Sheet,"June 30, 2019",Other current liabilities,us-gaap:OtherLiabilitiesCurrent,reported,
balance_sheet,us-gaap:LiabilitiesCurrent,Total current liabilities,2Q19,4450.0,ETN_SEC-XBRL-financials_as-presented_10-Q_2019-07-30_0001551182-19-000160.xlsx,Balance Sheet,"June 30, 2019",Total current liabilities,us-gaap:LiabilitiesCurrent,reported,
balance_sheet,us-gaap:LongTermDebtAndCapitalLeaseObligations,Long-term debt,2Q19,8079.0,ETN_SEC-XBRL-financials_as-presented_10-Q_2019-07-30_0001551182-19-000160.xlsx,Balance Sheet,"June 30, 2019",Long-term debt,us-gaap:LongTermDebtAndCapitalLeaseObligations,reported,
balance_sheet,us-gaap:DefinedBenefitPensionPlanLiabilitiesNoncurrent,Pension liabilities,2Q19,1266.0,ETN_SEC-XBRL-financials_as-presented_10-Q_2019-07-30_0001551182-19-000160.xlsx,Balance Sheet,"June 30, 2019",Pension liabilities,us-gaap:DefinedBenefitPensionPlanLiabilitiesNoncurrent,reported,
balance_sheet,us-gaap:OtherPostretirementDefinedBenefitPlanLiabilitiesNoncurrent,Other postretirement benefits liabilities,2Q19,324.0,ETN_SEC-XBRL-financials_as-presented_10-Q_2019-07-30_0001551182-19-000160.xlsx,Balance Sheet,"June 30, 2019",Other postretirement benefits liabilities,us-gaap:OtherPostretirementDefinedBenefitPlanLiabilitiesNoncurrent,reported,
balance_sheet,us-gaap:OperatingLeaseLiabilityNoncurrent,Operating lease liabilities,2Q19,311.0,ETN_SEC-XBRL-financials_as-presented_10-Q_2019-07-30_0001551182-19-000160.xlsx,Balance Sheet,"June 30, 2019",Operating lease liabilities,us-gaap:OperatingLeaseLiabilityNoncurrent,reported,
balance_sheet,us-gaap:DeferredTaxLiabilitiesNoncurrent,Deferred income taxes,2Q19,389.0,ETN_SEC-XBRL-financials_as-presented_10-Q_2019-07-30_0001551182-19-000160.xlsx,Balance Sheet,"June 30, 2019",Deferred income taxes,us-gaap:DeferredTaxLiabilitiesNoncurrent,reported,
balance_sheet,us-gaap:OtherLiabilitiesNoncurrent,Other noncurrent liabilities,2Q19,1064.0,ETN_SEC-XBRL-financials_as-presented_10-Q_2019-07-30_0001551182-19-000160.xlsx,Balance Sheet,"June 30, 2019",Other noncurrent liabilities,us-gaap:OtherLiabilitiesNoncurrent,reported,
balance_sheet,us-gaap:LiabilitiesNoncurrent,Total noncurrent liabilities,2Q19,11433.0,ETN_SEC-XBRL-financials_as-presented_10-Q_2019-07-30_0001551182-19-000160.xlsx,Balance Sheet,"June 30, 2019",Total noncurrent liabilities,us-gaap:LiabilitiesNoncurrent,reported,
balance_sheet,us-gaap:CommonStockValueOutstanding,Ordinary shares (420.0 million outstanding in 2019 and 423.6 million in 2018),2Q19,4.0,ETN_SEC-XBRL-financials_as-presented_10-Q_2019-07-30_0001551182-19-000160.xlsx,Balance Sheet,"June 30, 2019",Ordinary shares (420.0 million outstanding in 2019 and 423.6 million in 2018),us-gaap:CommonStockValueOutstanding,reported,
balance_sheet,us-gaap:AdditionalPaidInCapitalCommonStock,Capital in excess of par value,2Q19,12112.0,ETN_SEC-XBRL-financials_as-presented_10-Q_2019-07-30_0001551182-19-000160.xlsx,Balance Sheet,"June 30, 2019",Capital in excess of par value,us-gaap:AdditionalPaidInCapitalCommonStock,reported,
balance_sheet,us-gaap:RetainedEarningsAccumulatedDeficit,Retained earnings,2Q19,8300.0,ETN_SEC-XBRL-financials_as-presented_10-Q_2019-07-30_0001551182-19-000160.xlsx,Balance Sheet,"June 30, 2019",Retained earnings,us-gaap:RetainedEarningsAccumulatedDeficit,reported,
balance_sheet,us-gaap:AccumulatedOtherComprehensiveIncomeLossNetOfTax,Accumulated other comprehensive loss,2Q19,-4108.0,ETN_SEC-XBRL-financials_as-presented_10-Q_2019-07-30_0001551182-19-000160.xlsx,Balance Sheet,"June 30, 2019",Accumulated other comprehensive loss,us-gaap:AccumulatedOtherComprehensiveIncomeLossNetOfTax,reported,
balance_sheet,us-gaap:DeferredCompensationEquity,Shares held in trust,2Q19,-2.0,ETN_SEC-XBRL-financials_as-presented_10-Q_2019-07-30_0001551182-19-000160.xlsx,Balance Sheet,"June 30, 2019",Shares held in trust,us-gaap:DeferredCompensationEquity,reported,
balance_sheet,us-gaap:StockholdersEquity,Total Eaton shareholders’ equity,2Q19,16306.0,ETN_SEC-XBRL-financials_as-presented_10-Q_2019-07-30_0001551182-19-000160.xlsx,Balance Sheet,"June 30, 2019",Total Eaton shareholders’ equity,us-gaap:StockholdersEquity,reported,
balance_sheet,us-gaap:MinorityInterest,Noncontrolling interests,2Q19,55.0,ETN_SEC-XBRL-financials_as-presented_10-Q_2019-07-30_0001551182-19-000160.xlsx,Balance Sheet,"June 30, 2019",Noncontrolling interests,us-gaap:MinorityInterest,reported,
balance_sheet,us-gaap:StockholdersEquityIncludingPortionAttributableToNoncontrollingInterest,Total equity,2Q19,16361.0,ETN_SEC-XBRL-financials_as-presented_10-Q_2019-07-30_0001551182-19-000160.xlsx,Balance Sheet,"June 30, 2019",Total equity,us-gaap:StockholdersEquityIncludingPortionAttributableToNoncontrollingInterest,reported,
balance_sheet,us-gaap:LiabilitiesAndStockholdersEquity,Total liabilities and equity,2Q19,32244.0,ETN_SEC-XBRL-financials_as-presented_10-Q_2019-07-30_0001551182-19-000160.xlsx,Balance Sheet,"June 30, 2019",Total liabilities and equity,us-gaap:LiabilitiesAndStockholdersEquity,reported,
balance_sheet,us-gaap:CashAndCashEquivalentsAtCarryingValue,Cash,3Q19,549.0,ETN_SEC-XBRL-financials_as-presented_10-Q_2019-10-29_0001551182-19-000183.xlsx,Balance Sheet,"September 30, 2019",Cash,us-gaap:CashAndCashEquivalentsAtCarryingValue,reported,
balance_sheet,us-gaap:ShortTermInvestments,Short-term investments,3Q19,281.0,ETN_SEC-XBRL-financials_as-presented_10-Q_2019-10-29_0001551182-19-000183.xlsx,Balance Sheet,"September 30, 2019",Short-term investments,us-gaap:ShortTermInvestments,reported,
balance_sheet,us-gaap:ReceivablesNetCurrent,Accounts receivable - net,3Q19,3787.0,ETN_SEC-XBRL-financials_as-presented_10-Q_2019-10-29_0001551182-19-000183.xlsx,Balance Sheet,"September 30, 2019",Accounts receivable - net,us-gaap:ReceivablesNetCurrent,reported,
balance_sheet,us-gaap:InventoryNet,Inventory,3Q19,2901.0,ETN_SEC-XBRL-financials_as-presented_10-Q_2019-10-29_0001551182-19-000183.xlsx,Balance Sheet,"September 30, 2019",Inventory,us-gaap:InventoryNet,reported,
balance_sheet,us-gaap:PrepaidExpenseAndOtherAssetsCurrent,Prepaid expenses and other current assets,3Q19,494.0,ETN_SEC-XBRL-financials_as-presented_10-Q_2019-10-29_0001551182-19-000183.xlsx,Balance Sheet,"September 30, 2019",Prepaid expenses and other current assets,us-gaap:PrepaidExpenseAndOtherAssetsCurrent,reported,
balance_sheet,us-gaap:AssetsCurrent,Total current assets,3Q19,8012.0,ETN_SEC-XBRL-financials_as-presented_10-Q_2019-10-29_0001551182-19-000183.xlsx,Balance Sheet,"September 30, 2019",Total current assets,us-gaap:AssetsCurrent,reported,
balance_sheet,etn:LandAndBuildings,Land and buildings,3Q19,2436.0,ETN_SEC-XBRL-financials_as-presented_10-Q_2019-10-29_0001551182-19-000183.xlsx,Balance Sheet,"September 30, 2019",Land and buildings,etn:LandAndBuildings,reported,
balance_sheet,us-gaap:MachineryAndEquipmentGross,Machinery and equipment,3Q19,6257.0,ETN_SEC-XBRL-financials_as-presented_10-Q_2019-10-29_0001551182-19-000183.xlsx,Balance Sheet,"September 30, 2019",Machinery and equipment,us-gaap:MachineryAndEquipmentGross,reported,
balance_sheet,us-gaap:PropertyPlantAndEquipmentGross,"Gross property, plant and equipment",3Q19,8693.0,ETN_SEC-XBRL-financials_as-presented_10-Q_2019-10-29_0001551182-19-000183.xlsx,Balance Sheet,"September 30, 2019","Gross property, plant and equipment",us-gaap:PropertyPlantAndEquipmentGross,reported,
balance_sheet,us-gaap:AccumulatedDepreciationDepletionAndAmortizationPropertyPlantAndEquipment,Accumulated depreciation,3Q19,-5210.0,ETN_SEC-XBRL-financials_as-presented_10-Q_2019-10-29_0001551182-19-000183.xlsx,Balance Sheet,"September 30, 2019",Accumulated depreciation,us-gaap:AccumulatedDepreciationDepletionAndAmortizationPropertyPlantAndEquipment,reported,
balance_sheet,us-gaap:PropertyPlantAndEquipmentNet,"Net property, plant and equipment",3Q19,3483.0,ETN_SEC-XBRL-financials_as-presented_10-Q_2019-10-29_0001551182-19-000183.xlsx,Balance Sheet,"September 30, 2019","Net property, plant and equipment",us-gaap:PropertyPlantAndEquipmentNet,reported,
balance_sheet,us-gaap:Goodwill,Goodwill,3Q19,13337.0,ETN_SEC-XBRL-financials_as-presented_10-Q_2019-10-29_0001551182-19-000183.xlsx,Balance Sheet,"September 30, 2019",Goodwill,us-gaap:Goodwill,reported,
balance_sheet,us-gaap:IntangibleAssetsNetExcludingGoodwill,Other intangible assets,3Q19,4657.0,ETN_SEC-XBRL-financials_as-presented_10-Q_2019-10-29_0001551182-19-000183.xlsx,Balance Sheet,"September 30, 2019",Other intangible assets,us-gaap:IntangibleAssetsNetExcludingGoodwill,reported,
balance_sheet,us-gaap:OperatingLeaseRightOfUseAsset,Operating lease assets,3Q19,444.0,ETN_SEC-XBRL-financials_as-presented_10-Q_2019-10-29_0001551182-19-000183.xlsx,Balance Sheet,"September 30, 2019",Operating lease assets,us-gaap:OperatingLeaseRightOfUseAsset,reported,
balance_sheet,us-gaap:DeferredTaxAssetsNetNoncurrent,Deferred income taxes,3Q19,294.0,ETN_SEC-XBRL-financials_as-presented_10-Q_2019-10-29_0001551182-19-000183.xlsx,Balance Sheet,"September 30, 2019",Deferred income taxes,us-gaap:DeferredTaxAssetsNetNoncurrent,reported,
balance_sheet,us-gaap:OtherAssetsNoncurrent,Other assets,3Q19,1668.0,ETN_SEC-XBRL-financials_as-presented_10-Q_2019-10-29_0001551182-19-000183.xlsx,Balance Sheet,"September 30, 2019",Other assets,us-gaap:OtherAssetsNoncurrent,reported,
balance_sheet,us-gaap:Assets,Total assets,3Q19,31895.0,ETN_SEC-XBRL-financials_as-presented_10-Q_2019-10-29_0001551182-19-000183.xlsx,Balance Sheet,"September 30, 2019",Total assets,us-gaap:Assets,reported,
balance_sheet,us-gaap:ShortTermBorrowings,Short-term debt,3Q19,2.0,ETN_SEC-XBRL-financials_as-presented_10-Q_2019-10-29_0001551182-19-000183.xlsx,Balance Sheet,"September 30, 2019",Short-term debt,us-gaap:ShortTermBorrowings,reported,
balance_sheet,us-gaap:LongTermDebtAndCapitalLeaseObligationsCurrent,Current portion of long-term debt,3Q19,6.0,ETN_SEC-XBRL-financials_as-presented_10-Q_2019-10-29_0001551182-19-000183.xlsx,Balance Sheet,"September 30, 2019",Current portion of long-term debt,us-gaap:LongTermDebtAndCapitalLeaseObligationsCurrent,reported,
balance_sheet,us-gaap:AccountsPayableCurrent,Accounts payable,3Q19,2290.0,ETN_SEC-XBRL-financials_as-presented_10-Q_2019-10-29_0001551182-19-000183.xlsx,Balance Sheet,"September 30, 2019",Accounts payable,us-gaap:AccountsPayableCurrent,reported,
balance_sheet,us-gaap:EmployeeRelatedLiabilitiesCurrent,Accrued compensation,3Q19,421.0,ETN_SEC-XBRL-financials_as-presented_10-Q_2019-10-29_0001551182-19-000183.xlsx,Balance Sheet,"September 30, 2019",Accrued compensation,us-gaap:EmployeeRelatedLiabilitiesCurrent,reported,
balance_sheet,us-gaap:OtherLiabilitiesCurrent,Other current liabilities,3Q19,1942.0,ETN_SEC-XBRL-financials_as-presented_10-Q_2019-10-29_0001551182-19-000183.xlsx,Balance Sheet,"September 30, 2019",Other current liabilities,us-gaap:OtherLiabilitiesCurrent,reported,
balance_sheet,us-gaap:LiabilitiesCurrent,Total current liabilities,3Q19,4661.0,ETN_SEC-XBRL-financials_as-presented_10-Q_2019-10-29_0001551182-19-000183.xlsx,Balance Sheet,"September 30, 2019",Total current liabilities,us-gaap:LiabilitiesCurrent,reported,
balance_sheet,us-gaap:LongTermDebtAndCapitalLeaseObligations,Long-term debt,3Q19,8013.0,ETN_SEC-XBRL-financials_as-presented_10-Q_2019-10-29_0001551182-19-000183.xlsx,Balance Sheet,"September 30, 2019",Long-term debt,us-gaap:LongTermDebtAndCapitalLeaseObligations,reported,
balance_sheet,us-gaap:DefinedBenefitPensionPlanLiabilitiesNoncurrent,Pension liabilities,3Q19,1239.0,ETN_SEC-XBRL-financials_as-presented_10-Q_2019-10-29_0001551182-19-000183.xlsx,Balance Sheet,"September 30, 2019",Pension liabilities,us-gaap:DefinedBenefitPensionPlanLiabilitiesNoncurrent,reported,
balance_sheet,us-gaap:OtherPostretirementDefinedBenefitPlanLiabilitiesNoncurrent,Other postretirement benefits liabilities,3Q19,322.0,ETN_SEC-XBRL-financials_as-presented_10-Q_2019-10-29_0001551182-19-000183.xlsx,Balance Sheet,"September 30, 2019",Other postretirement benefits liabilities,us-gaap:OtherPostretirementDefinedBenefitPlanLiabilitiesNoncurrent,reported,
balance_sheet,us-gaap:OperatingLeaseLiabilityNoncurrent,Operating lease liabilities,3Q19,333.0,ETN_SEC-XBRL-financials_as-presented_10-Q_2019-10-29_0001551182-19-000183.xlsx,Balance Sheet,"September 30, 2019",Operating lease liabilities,us-gaap:OperatingLeaseLiabilityNoncurrent,reported,
balance_sheet,us-gaap:DeferredTaxLiabilitiesNoncurrent,Deferred income taxes,3Q19,309.0,ETN_SEC-XBRL-financials_as-presented_10-Q_2019-10-29_0001551182-19-000183.xlsx,Balance Sheet,"September 30, 2019",Deferred income taxes,us-gaap:DeferredTaxLiabilitiesNoncurrent,reported,
balance_sheet,us-gaap:OtherLiabilitiesNoncurrent,Other noncurrent liabilities,3Q19,1118.0,ETN_SEC-XBRL-financials_as-presented_10-Q_2019-10-29_0001551182-19-000183.xlsx,Balance Sheet,"September 30, 2019",Other noncurrent liabilities,us-gaap:OtherLiabilitiesNoncurrent,reported,
balance_sheet,us-gaap:LiabilitiesNoncurrent,Total noncurrent liabilities,3Q19,11334.0,ETN_SEC-XBRL-financials_as-presented_10-Q_2019-10-29_0001551182-19-000183.xlsx,Balance Sheet,"September 30, 2019",Total noncurrent liabilities,us-gaap:LiabilitiesNoncurrent,reported,
balance_sheet,us-gaap:CommonStockValueOutstanding,Ordinary shares (420.0 million outstanding in 2019 and 423.6 million in 2018),3Q19,4.0,ETN_SEC-XBRL-financials_as-presented_10-Q_2019-10-29_0001551182-19-000183.xlsx,Balance Sheet,"September 30, 2019",Ordinary shares (413.4 million outstanding in 2019 and 423.6 million in 2018),us-gaap:CommonStockValueOutstanding,reported,
balance_sheet,us-gaap:AdditionalPaidInCapitalCommonStock,Capital in excess of par value,3Q19,12151.0,ETN_SEC-XBRL-financials_as-presented_10-Q_2019-10-29_0001551182-19-000183.xlsx,Balance Sheet,"September 30, 2019",Capital in excess of par value,us-gaap:AdditionalPaidInCapitalCommonStock,reported,
balance_sheet,us-gaap:RetainedEarningsAccumulatedDeficit,Retained earnings,3Q19,8062.0,ETN_SEC-XBRL-financials_as-presented_10-Q_2019-10-29_0001551182-19-000183.xlsx,Balance Sheet,"September 30, 2019",Retained earnings,us-gaap:RetainedEarningsAccumulatedDeficit,reported,
balance_sheet,us-gaap:AccumulatedOtherComprehensiveIncomeLossNetOfTax,Accumulated other comprehensive loss,3Q19,-4367.0,ETN_SEC-XBRL-financials_as-presented_10-Q_2019-10-29_0001551182-19-000183.xlsx,Balance Sheet,"September 30, 2019",Accumulated other comprehensive loss,us-gaap:AccumulatedOtherComprehensiveIncomeLossNetOfTax,reported,
balance_sheet,us-gaap:DeferredCompensationEquity,Shares held in trust,3Q19,-2.0,ETN_SEC-XBRL-financials_as-presented_10-Q_2019-10-29_0001551182-19-000183.xlsx,Balance Sheet,"September 30, 2019",Shares held in trust,us-gaap:DeferredCompensationEquity,reported,
balance_sheet,us-gaap:StockholdersEquity,Total Eaton shareholders’ equity,3Q19,15848.0,ETN_SEC-XBRL-financials_as-presented_10-Q_2019-10-29_0001551182-19-000183.xlsx,Balance Sheet,"September 30, 2019",Total Eaton shareholders’ equity,us-gaap:StockholdersEquity,reported,
balance_sheet,us-gaap:MinorityInterest,Noncontrolling interests,3Q19,52.0,ETN_SEC-XBRL-financials_as-presented_10-Q_2019-10-29_0001551182-19-000183.xlsx,Balance Sheet,"September 30, 2019",Noncontrolling interests,us-gaap:MinorityInterest,reported,
balance_sheet,us-gaap:StockholdersEquityIncludingPortionAttributableToNoncontrollingInterest,Total equity,3Q19,15900.0,ETN_SEC-XBRL-financials_as-presented_10-Q_2019-10-29_0001551182-19-000183.xlsx,Balance Sheet,"September 30, 2019",Total equity,us-gaap:StockholdersEquityIncludingPortionAttributableToNoncontrollingInterest,reported,
balance_sheet,us-gaap:LiabilitiesAndStockholdersEquity,Total liabilities and equity,3Q19,31895.0,ETN_SEC-XBRL-financials_as-presented_10-Q_2019-10-29_0001551182-19-000183.xlsx,Balance Sheet,"September 30, 2019",Total liabilities and equity,us-gaap:LiabilitiesAndStockholdersEquity,reported,
balance_sheet,us-gaap:CashAndCashEquivalentsAtCarryingValue,Cash,1Q20,239.0,ETN_SEC-XBRL-financials_as-presented_10-Q_2020-04-30_0001551182-20-000127.xlsx,Balance Sheet,"March 31, 2020",Cash,us-gaap:CashAndCashEquivalentsAtCarryingValue,reported,
balance_sheet,us-gaap:ShortTermInvestments,Short-term investments,1Q20,178.0,ETN_SEC-XBRL-financials_as-presented_10-Q_2020-04-30_0001551182-20-000127.xlsx,Balance Sheet,"March 31, 2020",Short-term investments,us-gaap:ShortTermInvestments,reported,
balance_sheet,us-gaap:ReceivablesNetCurrent,Accounts receivable - net,1Q20,2951.0,ETN_SEC-XBRL-financials_as-presented_10-Q_2020-04-30_0001551182-20-000127.xlsx,Balance Sheet,"March 31, 2020",Accounts receivable - net,us-gaap:ReceivablesNetCurrent,reported,
balance_sheet,us-gaap:InventoryNet,Inventory,1Q20,2346.0,ETN_SEC-XBRL-financials_as-presented_10-Q_2020-04-30_0001551182-20-000127.xlsx,Balance Sheet,"March 31, 2020",Inventory,us-gaap:InventoryNet,reported,
balance_sheet,us-gaap:AssetsOfDisposalGroupIncludingDiscontinuedOperationCurrent,Assets held for sale,1Q20,2440.0,ETN_SEC-XBRL-financials_as-presented_10-Q_2020-04-30_0001551182-20-000127.xlsx,Balance Sheet,"March 31, 2020",Assets held for sale,us-gaap:AssetsOfDisposalGroupIncludingDiscontinuedOperationCurrent,reported,
balance_sheet,us-gaap:PrepaidExpenseAndOtherAssetsCurrent,Prepaid expenses and other current assets,1Q20,516.0,ETN_SEC-XBRL-financials_as-presented_10-Q_2020-04-30_0001551182-20-000127.xlsx,Balance Sheet,"March 31, 2020",Prepaid expenses and other current assets,us-gaap:PrepaidExpenseAndOtherAssetsCurrent,reported,
balance_sheet,us-gaap:AssetsCurrent,Total current assets,1Q20,8670.0,ETN_SEC-XBRL-financials_as-presented_10-Q_2020-04-30_0001551182-20-000127.xlsx,Balance Sheet,"March 31, 2020",Total current assets,us-gaap:AssetsCurrent,reported,
balance_sheet,etn:LandAndBuildings,Land and buildings,1Q20,2081.0,ETN_SEC-XBRL-financials_as-presented_10-Q_2020-04-30_0001551182-20-000127.xlsx,Balance Sheet,"March 31, 2020",Land and buildings,etn:LandAndBuildings,reported,
balance_sheet,us-gaap:MachineryAndEquipmentGross,Machinery and equipment,1Q20,5215.0,ETN_SEC-XBRL-financials_as-presented_10-Q_2020-04-30_0001551182-20-000127.xlsx,Balance Sheet,"March 31, 2020",Machinery and equipment,us-gaap:MachineryAndEquipmentGross,reported,
balance_sheet,us-gaap:PropertyPlantAndEquipmentGross,"Gross property, plant and equipment",1Q20,7296.0,ETN_SEC-XBRL-financials_as-presented_10-Q_2020-04-30_0001551182-20-000127.xlsx,Balance Sheet,"March 31, 2020","Gross property, plant and equipment",us-gaap:PropertyPlantAndEquipmentGross,reported,
balance_sheet,us-gaap:AccumulatedDepreciationDepletionAndAmortizationPropertyPlantAndEquipment,Accumulated depreciation,1Q20,-4357.0,ETN_SEC-XBRL-financials_as-presented_10-Q_2020-04-30_0001551182-20-000127.xlsx,Balance Sheet,"March 31, 2020",Accumulated depreciation,us-gaap:AccumulatedDepreciationDepletionAndAmortizationPropertyPlantAndEquipment,reported,
balance_sheet,us-gaap:PropertyPlantAndEquipmentNet,"Net property, plant and equipment",1Q20,2939.0,ETN_SEC-XBRL-financials_as-presented_10-Q_2020-04-30_0001551182-20-000127.xlsx,Balance Sheet,"March 31, 2020","Net property, plant and equipment",us-gaap:PropertyPlantAndEquipmentNet,reported,
balance_sheet,us-gaap:Goodwill,Goodwill,1Q20,12397.0,ETN_SEC-XBRL-financials_as-presented_10-Q_2020-04-30_0001551182-20-000127.xlsx,Balance Sheet,"March 31, 2020",Goodwill,us-gaap:Goodwill,reported,
balance_sheet,us-gaap:IntangibleAssetsNetExcludingGoodwill,Other intangible assets,1Q20,4319.0,ETN_SEC-XBRL-financials_as-presented_10-Q_2020-04-30_0001551182-20-000127.xlsx,Balance Sheet,"March 31, 2020",Other intangible assets,us-gaap:IntangibleAssetsNetExcludingGoodwill,reported,
balance_sheet,us-gaap:OperatingLeaseRightOfUseAsset,Operating lease assets,1Q20,434.0,ETN_SEC-XBRL-financials_as-presented_10-Q_2020-04-30_0001551182-20-000127.xlsx,Balance Sheet,"March 31, 2020",Operating lease assets,us-gaap:OperatingLeaseRightOfUseAsset,reported,
balance_sheet,us-gaap:DeferredIncomeTaxAssetsNet,Deferred income taxes,1Q20,346.0,ETN_SEC-XBRL-financials_as-presented_10-Q_2020-04-30_0001551182-20-000127.xlsx,Balance Sheet,"March 31, 2020",Deferred income taxes,us-gaap:DeferredIncomeTaxAssetsNet,reported,
balance_sheet,us-gaap:OtherAssetsNoncurrent,Other assets,1Q20,1740.0,ETN_SEC-XBRL-financials_as-presented_10-Q_2020-04-30_0001551182-20-000127.xlsx,Balance Sheet,"March 31, 2020",Other assets,us-gaap:OtherAssetsNoncurrent,reported,
balance_sheet,us-gaap:Assets,Total assets,1Q20,30845.0,ETN_SEC-XBRL-financials_as-presented_10-Q_2020-04-30_0001551182-20-000127.xlsx,Balance Sheet,"March 31, 2020",Total assets,us-gaap:Assets,reported,
balance_sheet,us-gaap:ShortTermBorrowings,Short-term debt,1Q20,337.0,ETN_SEC-XBRL-financials_as-presented_10-Q_2020-04-30_0001551182-20-000127.xlsx,Balance Sheet,"March 31, 2020",Short-term debt,us-gaap:ShortTermBorrowings,reported,
balance_sheet,us-gaap:LongTermDebtAndCapitalLeaseObligationsCurrent,Current portion of long-term debt,1Q20,250.0,ETN_SEC-XBRL-financials_as-presented_10-Q_2020-04-30_0001551182-20-000127.xlsx,Balance Sheet,"March 31, 2020",Current portion of long-term debt,us-gaap:LongTermDebtAndCapitalLeaseObligationsCurrent,reported,
balance_sheet,us-gaap:AccountsPayableCurrent,Accounts payable,1Q20,1785.0,ETN_SEC-XBRL-financials_as-presented_10-Q_2020-04-30_0001551182-20-000127.xlsx,Balance Sheet,"March 31, 2020",Accounts payable,us-gaap:AccountsPayableCurrent,reported,
balance_sheet,us-gaap:EmployeeRelatedLiabilitiesCurrent,Accrued compensation,1Q20,274.0,ETN_SEC-XBRL-financials_as-presented_10-Q_2020-04-30_0001551182-20-000127.xlsx,Balance Sheet,"March 31, 2020",Accrued compensation,us-gaap:EmployeeRelatedLiabilitiesCurrent,reported,
balance_sheet,us-gaap:LiabilitiesOfDisposalGroupIncludingDiscontinuedOperation,Liabilities held for sale,1Q20,458.0,ETN_SEC-XBRL-financials_as-presented_10-Q_2020-04-30_0001551182-20-000127.xlsx,Balance Sheet,"March 31, 2020",Liabilities held for sale,us-gaap:LiabilitiesOfDisposalGroupIncludingDiscontinuedOperation,reported,
balance_sheet,us-gaap:OtherLiabilitiesCurrent,Other current liabilities,1Q20,1840.0,ETN_SEC-XBRL-financials_as-presented_10-Q_2020-04-30_0001551182-20-000127.xlsx,Balance Sheet,"March 31, 2020",Other current liabilities,us-gaap:OtherLiabilitiesCurrent,reported,
balance_sheet,us-gaap:LiabilitiesCurrent,Total current liabilities,1Q20,4944.0,ETN_SEC-XBRL-financials_as-presented_10-Q_2020-04-30_0001551182-20-000127.xlsx,Balance Sheet,"March 31, 2020",Total current liabilities,us-gaap:LiabilitiesCurrent,reported,
balance_sheet,us-gaap:LongTermDebtAndCapitalLeaseObligations,Long-term debt,1Q20,7842.0,ETN_SEC-XBRL-financials_as-presented_10-Q_2020-04-30_0001551182-20-000127.xlsx,Balance Sheet,"March 31, 2020",Long-term debt,us-gaap:LongTermDebtAndCapitalLeaseObligations,reported,
balance_sheet,us-gaap:DefinedBenefitPensionPlanLiabilitiesNoncurrent,Pension liabilities,1Q20,1324.0,ETN_SEC-XBRL-financials_as-presented_10-Q_2020-04-30_0001551182-20-000127.xlsx,Balance Sheet,"March 31, 2020",Pension liabilities,us-gaap:DefinedBenefitPensionPlanLiabilitiesNoncurrent,reported,
balance_sheet,us-gaap:OtherPostretirementDefinedBenefitPlanLiabilitiesNoncurrent,Other postretirement benefits liabilities,1Q20,322.0,ETN_SEC-XBRL-financials_as-presented_10-Q_2020-04-30_0001551182-20-000127.xlsx,Balance Sheet,"March 31, 2020",Other postretirement benefits liabilities,us-gaap:OtherPostretirementDefinedBenefitPlanLiabilitiesNoncurrent,reported,
balance_sheet,us-gaap:OperatingLeaseLiabilityNoncurrent,Operating lease liabilities,1Q20,334.0,ETN_SEC-XBRL-financials_as-presented_10-Q_2020-04-30_0001551182-20-000127.xlsx,Balance Sheet,"March 31, 2020",Operating lease liabilities,us-gaap:OperatingLeaseLiabilityNoncurrent,reported,
balance_sheet,us-gaap:DeferredIncomeTaxLiabilitiesNet,Deferred income taxes,1Q20,354.0,ETN_SEC-XBRL-financials_as-presented_10-Q_2020-04-30_0001551182-20-000127.xlsx,Balance Sheet,"March 31, 2020",Deferred income taxes,us-gaap:DeferredIncomeTaxLiabilitiesNet,reported,
balance_sheet,us-gaap:OtherLiabilitiesNoncurrent,Other noncurrent liabilities,1Q20,1437.0,ETN_SEC-XBRL-financials_as-presented_10-Q_2020-04-30_0001551182-20-000127.xlsx,Balance Sheet,"March 31, 2020",Other noncurrent liabilities,us-gaap:OtherLiabilitiesNoncurrent,reported,
balance_sheet,us-gaap:LiabilitiesNoncurrent,Total noncurrent liabilities,1Q20,11613.0,ETN_SEC-XBRL-financials_as-presented_10-Q_2020-04-30_0001551182-20-000127.xlsx,Balance Sheet,"March 31, 2020",Total noncurrent liabilities,us-gaap:LiabilitiesNoncurrent,reported,
balance_sheet,us-gaap:CommonStockValueOutstanding,Ordinary shares (420.0 million outstanding in 2019 and 423.6 million in 2018),1Q20,4.0,ETN_SEC-XBRL-financials_as-presented_10-Q_2020-04-30_0001551182-20-000127.xlsx,Balance Sheet,"March 31, 2020",Ordinary shares (400.0 million outstanding in 2020 and 413.3 million in 2019),us-gaap:CommonStockValueOutstanding,reported,
balance_sheet,us-gaap:AdditionalPaidInCapitalCommonStock,Capital in excess of par value,1Q20,12203.0,ETN_SEC-XBRL-financials_as-presented_10-Q_2020-04-30_0001551182-20-000127.xlsx,Balance Sheet,"March 31, 2020",Capital in excess of par value,us-gaap:AdditionalPaidInCapitalCommonStock,reported,
balance_sheet,us-gaap:RetainedEarningsAccumulatedDeficit,Retained earnings,1Q20,7007.0,ETN_SEC-XBRL-financials_as-presented_10-Q_2020-04-30_0001551182-20-000127.xlsx,Balance Sheet,"March 31, 2020",Retained earnings,us-gaap:RetainedEarningsAccumulatedDeficit,reported,
balance_sheet,us-gaap:AccumulatedOtherComprehensiveIncomeLossNetOfTax,Accumulated other comprehensive loss,1Q20,-4966.0,ETN_SEC-XBRL-financials_as-presented_10-Q_2020-04-30_0001551182-20-000127.xlsx,Balance Sheet,"March 31, 2020",Accumulated other comprehensive loss,us-gaap:AccumulatedOtherComprehensiveIncomeLossNetOfTax,reported,
balance_sheet,us-gaap:DeferredCompensationEquity,Shares held in trust,1Q20,-3.0,ETN_SEC-XBRL-financials_as-presented_10-Q_2020-04-30_0001551182-20-000127.xlsx,Balance Sheet,"March 31, 2020",Shares held in trust,us-gaap:DeferredCompensationEquity,reported,
balance_sheet,us-gaap:StockholdersEquity,Total Eaton shareholders’ equity,1Q20,14245.0,ETN_SEC-XBRL-financials_as-presented_10-Q_2020-04-30_0001551182-20-000127.xlsx,Balance Sheet,"March 31, 2020",Total Eaton shareholders’ equity,us-gaap:StockholdersEquity,reported,
balance_sheet,us-gaap:MinorityInterest,Noncontrolling interests,1Q20,43.0,ETN_SEC-XBRL-financials_as-presented_10-Q_2020-04-30_0001551182-20-000127.xlsx,Balance Sheet,"March 31, 2020",Noncontrolling interests,us-gaap:MinorityInterest,reported,
balance_sheet,us-gaap:StockholdersEquityIncludingPortionAttributableToNoncontrollingInterest,Total equity,1Q20,14288.0,ETN_SEC-XBRL-financials_as-presented_10-Q_2020-04-30_0001551182-20-000127.xlsx,Balance Sheet,"March 31, 2020",Total equity,us-gaap:StockholdersEquityIncludingPortionAttributableToNoncontrollingInterest,reported,
balance_sheet,us-gaap:LiabilitiesAndStockholdersEquity,Total liabilities and equity,1Q20,30845.0,ETN_SEC-XBRL-financials_as-presented_10-Q_2020-04-30_0001551182-20-000127.xlsx,Balance Sheet,"March 31, 2020",Total liabilities and equity,us-gaap:LiabilitiesAndStockholdersEquity,reported,
balance_sheet,us-gaap:CashAndCashEquivalentsAtCarryingValue,Cash,2Q20,292.0,ETN_SEC-XBRL-financials_as-presented_10-Q_2020-07-29_0001551182-20-000167.xlsx,Balance Sheet,"June 30, 2020",Cash,us-gaap:CashAndCashEquivalentsAtCarryingValue,reported,
balance_sheet,us-gaap:ShortTermInvestments,Short-term investments,2Q20,204.0,ETN_SEC-XBRL-financials_as-presented_10-Q_2020-07-29_0001551182-20-000167.xlsx,Balance Sheet,"June 30, 2020",Short-term investments,us-gaap:ShortTermInvestments,reported,
balance_sheet,us-gaap:ReceivablesNetCurrent,Accounts receivable - net,2Q20,2647.0,ETN_SEC-XBRL-financials_as-presented_10-Q_2020-07-29_0001551182-20-000167.xlsx,Balance Sheet,"June 30, 2020",Accounts receivable - net,us-gaap:ReceivablesNetCurrent,reported,
balance_sheet,us-gaap:InventoryNet,Inventory,2Q20,2138.0,ETN_SEC-XBRL-financials_as-presented_10-Q_2020-07-29_0001551182-20-000167.xlsx,Balance Sheet,"June 30, 2020",Inventory,us-gaap:InventoryNet,reported,
balance_sheet,us-gaap:AssetsOfDisposalGroupIncludingDiscontinuedOperationCurrent,Assets held for sale,2Q20,2405.0,ETN_SEC-XBRL-financials_as-presented_10-Q_2020-07-29_0001551182-20-000167.xlsx,Balance Sheet,"June 30, 2020",Assets held for sale,us-gaap:AssetsOfDisposalGroupIncludingDiscontinuedOperationCurrent,reported,
balance_sheet,us-gaap:PrepaidExpenseAndOtherAssetsCurrent,Prepaid expenses and other current assets,2Q20,527.0,ETN_SEC-XBRL-financials_as-presented_10-Q_2020-07-29_0001551182-20-000167.xlsx,Balance Sheet,"June 30, 2020",Prepaid expenses and other current assets,us-gaap:PrepaidExpenseAndOtherAssetsCurrent,reported,
balance_sheet,us-gaap:AssetsCurrent,Total current assets,2Q20,8213.0,ETN_SEC-XBRL-financials_as-presented_10-Q_2020-07-29_0001551182-20-000167.xlsx,Balance Sheet,"June 30, 2020",Total current assets,us-gaap:AssetsCurrent,reported,
balance_sheet,etn:LandAndBuildings,Land and buildings,2Q20,2112.0,ETN_SEC-XBRL-financials_as-presented_10-Q_2020-07-29_0001551182-20-000167.xlsx,Balance Sheet,"June 30, 2020",Land and buildings,etn:LandAndBuildings,reported,
balance_sheet,us-gaap:MachineryAndEquipmentGross,Machinery and equipment,2Q20,5211.0,ETN_SEC-XBRL-financials_as-presented_10-Q_2020-07-29_0001551182-20-000167.xlsx,Balance Sheet,"June 30, 2020",Machinery and equipment,us-gaap:MachineryAndEquipmentGross,reported,
balance_sheet,us-gaap:PropertyPlantAndEquipmentGross,"Gross property, plant and equipment",2Q20,7323.0,ETN_SEC-XBRL-financials_as-presented_10-Q_2020-07-29_0001551182-20-000167.xlsx,Balance Sheet,"June 30, 2020","Gross property, plant and equipment",us-gaap:PropertyPlantAndEquipmentGross,reported,
balance_sheet,us-gaap:AccumulatedDepreciationDepletionAndAmortizationPropertyPlantAndEquipment,Accumulated depreciation,2Q20,-4419.0,ETN_SEC-XBRL-financials_as-presented_10-Q_2020-07-29_0001551182-20-000167.xlsx,Balance Sheet,"June 30, 2020",Accumulated depreciation,us-gaap:AccumulatedDepreciationDepletionAndAmortizationPropertyPlantAndEquipment,reported,
balance_sheet,us-gaap:PropertyPlantAndEquipmentNet,"Net property, plant and equipment",2Q20,2904.0,ETN_SEC-XBRL-financials_as-presented_10-Q_2020-07-29_0001551182-20-000167.xlsx,Balance Sheet,"June 30, 2020","Net property, plant and equipment",us-gaap:PropertyPlantAndEquipmentNet,reported,
balance_sheet,us-gaap:Goodwill,Goodwill,2Q20,12497.0,ETN_SEC-XBRL-financials_as-presented_10-Q_2020-07-29_0001551182-20-000167.xlsx,Balance Sheet,"June 30, 2020",Goodwill,us-gaap:Goodwill,reported,
balance_sheet,us-gaap:IntangibleAssetsNetExcludingGoodwill,Other intangible assets,2Q20,4241.0,ETN_SEC-XBRL-financials_as-presented_10-Q_2020-07-29_0001551182-20-000167.xlsx,Balance Sheet,"June 30, 2020",Other intangible assets,us-gaap:IntangibleAssetsNetExcludingGoodwill,reported,
balance_sheet,us-gaap:OperatingLeaseRightOfUseAsset,Operating lease assets,2Q20,419.0,ETN_SEC-XBRL-financials_as-presented_10-Q_2020-07-29_0001551182-20-000167.xlsx,Balance Sheet,"June 30, 2020",Operating lease assets,us-gaap:OperatingLeaseRightOfUseAsset,reported,
balance_sheet,us-gaap:DeferredIncomeTaxAssetsNet,Deferred income taxes,2Q20,356.0,ETN_SEC-XBRL-financials_as-presented_10-Q_2020-07-29_0001551182-20-000167.xlsx,Balance Sheet,"June 30, 2020",Deferred income taxes,us-gaap:DeferredIncomeTaxAssetsNet,reported,
balance_sheet,us-gaap:OtherAssetsNoncurrent,Other assets,2Q20,1718.0,ETN_SEC-XBRL-financials_as-presented_10-Q_2020-07-29_0001551182-20-000167.xlsx,Balance Sheet,"June 30, 2020",Other assets,us-gaap:OtherAssetsNoncurrent,reported,
balance_sheet,us-gaap:Assets,Total assets,2Q20,30348.0,ETN_SEC-XBRL-financials_as-presented_10-Q_2020-07-29_0001551182-20-000167.xlsx,Balance Sheet,"June 30, 2020",Total assets,us-gaap:Assets,reported,
balance_sheet,us-gaap:ShortTermBorrowings,Short-term debt,2Q20,139.0,ETN_SEC-XBRL-financials_as-presented_10-Q_2020-07-29_0001551182-20-000167.xlsx,Balance Sheet,"June 30, 2020",Short-term debt,us-gaap:ShortTermBorrowings,reported,
balance_sheet,us-gaap:LongTermDebtAndCapitalLeaseObligationsCurrent,Current portion of long-term debt,2Q20,1223.0,ETN_SEC-XBRL-financials_as-presented_10-Q_2020-07-29_0001551182-20-000167.xlsx,Balance Sheet,"June 30, 2020",Current portion of long-term debt,us-gaap:LongTermDebtAndCapitalLeaseObligationsCurrent,reported,
balance_sheet,us-gaap:AccountsPayableCurrent,Accounts payable,2Q20,1620.0,ETN_SEC-XBRL-financials_as-presented_10-Q_2020-07-29_0001551182-20-000167.xlsx,Balance Sheet,"June 30, 2020",Accounts payable,us-gaap:AccountsPayableCurrent,reported,
balance_sheet,us-gaap:EmployeeRelatedLiabilitiesCurrent,Accrued compensation,2Q20,254.0,ETN_SEC-XBRL-financials_as-presented_10-Q_2020-07-29_0001551182-20-000167.xlsx,Balance Sheet,"June 30, 2020",Accrued compensation,us-gaap:EmployeeRelatedLiabilitiesCurrent,reported,
balance_sheet,us-gaap:LiabilitiesOfDisposalGroupIncludingDiscontinuedOperation,Liabilities held for sale,2Q20,432.0,ETN_SEC-XBRL-financials_as-presented_10-Q_2020-07-29_0001551182-20-000167.xlsx,Balance Sheet,"June 30, 2020",Liabilities held for sale,us-gaap:LiabilitiesOfDisposalGroupIncludingDiscontinuedOperation,reported,
balance_sheet,us-gaap:OtherLiabilitiesCurrent,Other current liabilities,2Q20,1821.0,ETN_SEC-XBRL-financials_as-presented_10-Q_2020-07-29_0001551182-20-000167.xlsx,Balance Sheet,"June 30, 2020",Other current liabilities,us-gaap:OtherLiabilitiesCurrent,reported,
balance_sheet,us-gaap:LiabilitiesCurrent,Total current liabilities,2Q20,5489.0,ETN_SEC-XBRL-financials_as-presented_10-Q_2020-07-29_0001551182-20-000167.xlsx,Balance Sheet,"June 30, 2020",Total current liabilities,us-gaap:LiabilitiesCurrent,reported,
balance_sheet,us-gaap:LongTermDebtAndCapitalLeaseObligations,Long-term debt,2Q20,6906.0,ETN_SEC-XBRL-financials_as-presented_10-Q_2020-07-29_0001551182-20-000167.xlsx,Balance Sheet,"June 30, 2020",Long-term debt,us-gaap:LongTermDebtAndCapitalLeaseObligations,reported,
balance_sheet,us-gaap:DefinedBenefitPensionPlanLiabilitiesNoncurrent,Pension liabilities,2Q20,1324.0,ETN_SEC-XBRL-financials_as-presented_10-Q_2020-07-29_0001551182-20-000167.xlsx,Balance Sheet,"June 30, 2020",Pension liabilities,us-gaap:DefinedBenefitPensionPlanLiabilitiesNoncurrent,reported,
balance_sheet,us-gaap:OtherPostretirementDefinedBenefitPlanLiabilitiesNoncurrent,Other postretirement benefits liabilities,2Q20,322.0,ETN_SEC-XBRL-financials_as-presented_10-Q_2020-07-29_0001551182-20-000167.xlsx,Balance Sheet,"June 30, 2020",Other postretirement benefits liabilities,us-gaap:OtherPostretirementDefinedBenefitPlanLiabilitiesNoncurrent,reported,
balance_sheet,us-gaap:OperatingLeaseLiabilityNoncurrent,Operating lease liabilities,2Q20,320.0,ETN_SEC-XBRL-financials_as-presented_10-Q_2020-07-29_0001551182-20-000167.xlsx,Balance Sheet,"June 30, 2020",Operating lease liabilities,us-gaap:OperatingLeaseLiabilityNoncurrent,reported,
balance_sheet,us-gaap:DeferredIncomeTaxLiabilitiesNet,Deferred income taxes,2Q20,310.0,ETN_SEC-XBRL-financials_as-presented_10-Q_2020-07-29_0001551182-20-000167.xlsx,Balance Sheet,"June 30, 2020",Deferred income taxes,us-gaap:DeferredIncomeTaxLiabilitiesNet,reported,
balance_sheet,us-gaap:OtherLiabilitiesNoncurrent,Other noncurrent liabilities,2Q20,1442.0,ETN_SEC-XBRL-financials_as-presented_10-Q_2020-07-29_0001551182-20-000167.xlsx,Balance Sheet,"June 30, 2020",Other noncurrent liabilities,us-gaap:OtherLiabilitiesNoncurrent,reported,
balance_sheet,us-gaap:LiabilitiesNoncurrent,Total noncurrent liabilities,2Q20,10624.0,ETN_SEC-XBRL-financials_as-presented_10-Q_2020-07-29_0001551182-20-000167.xlsx,Balance Sheet,"June 30, 2020",Total noncurrent liabilities,us-gaap:LiabilitiesNoncurrent,reported,
balance_sheet,us-gaap:CommonStockValueOutstanding,Ordinary shares (420.0 million outstanding in 2019 and 423.6 million in 2018),2Q20,4.0,ETN_SEC-XBRL-financials_as-presented_10-Q_2020-07-29_0001551182-20-000167.xlsx,Balance Sheet,"June 30, 2020",Ordinary shares (400.1 million outstanding in 2020 and 413.3 million in 2019),us-gaap:CommonStockValueOutstanding,reported,
balance_sheet,us-gaap:AdditionalPaidInCapitalCommonStock,Capital in excess of par value,2Q20,12228.0,ETN_SEC-XBRL-financials_as-presented_10-Q_2020-07-29_0001551182-20-000167.xlsx,Balance Sheet,"June 30, 2020",Capital in excess of par value,us-gaap:AdditionalPaidInCapitalCommonStock,reported,
balance_sheet,us-gaap:RetainedEarningsAccumulatedDeficit,Retained earnings,2Q20,6767.0,ETN_SEC-XBRL-financials_as-presented_10-Q_2020-07-29_0001551182-20-000167.xlsx,Balance Sheet,"June 30, 2020",Retained earnings,us-gaap:RetainedEarningsAccumulatedDeficit,reported,
balance_sheet,us-gaap:AccumulatedOtherComprehensiveIncomeLossNetOfTax,Accumulated other comprehensive loss,2Q20,-4809.0,ETN_SEC-XBRL-financials_as-presented_10-Q_2020-07-29_0001551182-20-000167.xlsx,Balance Sheet,"June 30, 2020",Accumulated other comprehensive loss,us-gaap:AccumulatedOtherComprehensiveIncomeLossNetOfTax,reported,
balance_sheet,us-gaap:DeferredCompensationEquity,Shares held in trust,2Q20,-2.0,ETN_SEC-XBRL-financials_as-presented_10-Q_2020-07-29_0001551182-20-000167.xlsx,Balance Sheet,"June 30, 2020",Shares held in trust,us-gaap:DeferredCompensationEquity,reported,
balance_sheet,us-gaap:StockholdersEquity,Total Eaton shareholders’ equity,2Q20,14188.0,ETN_SEC-XBRL-financials_as-presented_10-Q_2020-07-29_0001551182-20-000167.xlsx,Balance Sheet,"June 30, 2020",Total Eaton shareholders’ equity,us-gaap:StockholdersEquity,reported,
balance_sheet,us-gaap:MinorityInterest,Noncontrolling interests,2Q20,47.0,ETN_SEC-XBRL-financials_as-presented_10-Q_2020-07-29_0001551182-20-000167.xlsx,Balance Sheet,"June 30, 2020",Noncontrolling interests,us-gaap:MinorityInterest,reported,
balance_sheet,us-gaap:StockholdersEquityIncludingPortionAttributableToNoncontrollingInterest,Total equity,2Q20,14235.0,ETN_SEC-XBRL-financials_as-presented_10-Q_2020-07-29_0001551182-20-000167.xlsx,Balance Sheet,"June 30, 2020",Total equity,us-gaap:StockholdersEquityIncludingPortionAttributableToNoncontrollingInterest,reported,
balance_sheet,us-gaap:LiabilitiesAndStockholdersEquity,Total liabilities and equity,2Q20,30348.0,ETN_SEC-XBRL-financials_as-presented_10-Q_2020-07-29_0001551182-20-000167.xlsx,Balance Sheet,"June 30, 2020",Total liabilities and equity,us-gaap:LiabilitiesAndStockholdersEquity,reported,
balance_sheet,us-gaap:CashAndCashEquivalentsAtCarryingValue,Cash,3Q20,429.0,ETN_SEC-XBRL-financials_as-presented_10-Q_2020-11-03_0001551182-20-000190.xlsx,Balance Sheet,"September 30,2020",Cash,us-gaap:CashAndCashEquivalentsAtCarryingValue,reported,
balance_sheet,us-gaap:ShortTermInvestments,Short-term investments,3Q20,334.0,ETN_SEC-XBRL-financials_as-presented_10-Q_2020-11-03_0001551182-20-000190.xlsx,Balance Sheet,"September 30,2020",Short-term investments,us-gaap:ShortTermInvestments,reported,
balance_sheet,us-gaap:ReceivablesNetCurrent,Accounts receivable - net,3Q20,2876.0,ETN_SEC-XBRL-financials_as-presented_10-Q_2020-11-03_0001551182-20-000190.xlsx,Balance Sheet,"September 30,2020",Accounts receivable - net,us-gaap:ReceivablesNetCurrent,reported,
balance_sheet,us-gaap:InventoryNet,Inventory,3Q20,2096.0,ETN_SEC-XBRL-financials_as-presented_10-Q_2020-11-03_0001551182-20-000190.xlsx,Balance Sheet,"September 30,2020",Inventory,us-gaap:InventoryNet,reported,
balance_sheet,us-gaap:AssetsOfDisposalGroupIncludingDiscontinuedOperationCurrent,Assets held for sale,3Q20,2398.0,ETN_SEC-XBRL-financials_as-presented_10-Q_2020-11-03_0001551182-20-000190.xlsx,Balance Sheet,"September 30,2020",Assets held for sale,us-gaap:AssetsOfDisposalGroupIncludingDiscontinuedOperationCurrent,reported,
balance_sheet,us-gaap:PrepaidExpenseAndOtherAssetsCurrent,Prepaid expenses and other current assets,3Q20,538.0,ETN_SEC-XBRL-financials_as-presented_10-Q_2020-11-03_0001551182-20-000190.xlsx,Balance Sheet,"September 30,2020",Prepaid expenses and other current assets,us-gaap:PrepaidExpenseAndOtherAssetsCurrent,reported,
balance_sheet,us-gaap:AssetsCurrent,Total current assets,3Q20,8671.0,ETN_SEC-XBRL-financials_as-presented_10-Q_2020-11-03_0001551182-20-000190.xlsx,Balance Sheet,"September 30,2020",Total current assets,us-gaap:AssetsCurrent,reported,
balance_sheet,etn:LandAndBuildings,Land and buildings,3Q20,2154.0,ETN_SEC-XBRL-financials_as-presented_10-Q_2020-11-03_0001551182-20-000190.xlsx,Balance Sheet,"September 30,2020",Land and buildings,etn:LandAndBuildings,reported,
balance_sheet,us-gaap:MachineryAndEquipmentGross,Machinery and equipment,3Q20,5262.0,ETN_SEC-XBRL-financials_as-presented_10-Q_2020-11-03_0001551182-20-000190.xlsx,Balance Sheet,"September 30,2020",Machinery and equipment,us-gaap:MachineryAndEquipmentGross,reported,
balance_sheet,us-gaap:PropertyPlantAndEquipmentGross,"Gross property, plant and equipment",3Q20,7416.0,ETN_SEC-XBRL-financials_as-presented_10-Q_2020-11-03_0001551182-20-000190.xlsx,Balance Sheet,"September 30,2020","Gross property, plant and equipment",us-gaap:PropertyPlantAndEquipmentGross,reported,
balance_sheet,us-gaap:AccumulatedDepreciationDepletionAndAmortizationPropertyPlantAndEquipment,Accumulated depreciation,3Q20,-4500.0,ETN_SEC-XBRL-financials_as-presented_10-Q_2020-11-03_0001551182-20-000190.xlsx,Balance Sheet,"September 30,2020",Accumulated depreciation,us-gaap:AccumulatedDepreciationDepletionAndAmortizationPropertyPlantAndEquipment,reported,
balance_sheet,us-gaap:PropertyPlantAndEquipmentNet,"Net property, plant and equipment",3Q20,2916.0,ETN_SEC-XBRL-financials_as-presented_10-Q_2020-11-03_0001551182-20-000190.xlsx,Balance Sheet,"September 30,2020","Net property, plant and equipment",us-gaap:PropertyPlantAndEquipmentNet,reported,
balance_sheet,us-gaap:Goodwill,Goodwill,3Q20,12677.0,ETN_SEC-XBRL-financials_as-presented_10-Q_2020-11-03_0001551182-20-000190.xlsx,Balance Sheet,"September 30,2020",Goodwill,us-gaap:Goodwill,reported,
balance_sheet,us-gaap:IntangibleAssetsNetExcludingGoodwill,Other intangible assets,3Q20,4179.0,ETN_SEC-XBRL-financials_as-presented_10-Q_2020-11-03_0001551182-20-000190.xlsx,Balance Sheet,"September 30,2020",Other intangible assets,us-gaap:IntangibleAssetsNetExcludingGoodwill,reported,
balance_sheet,us-gaap:OperatingLeaseRightOfUseAsset,Operating lease assets,3Q20,421.0,ETN_SEC-XBRL-financials_as-presented_10-Q_2020-11-03_0001551182-20-000190.xlsx,Balance Sheet,"September 30,2020",Operating lease assets,us-gaap:OperatingLeaseRightOfUseAsset,reported,
balance_sheet,us-gaap:DeferredIncomeTaxAssetsNet,Deferred income taxes,3Q20,376.0,ETN_SEC-XBRL-financials_as-presented_10-Q_2020-11-03_0001551182-20-000190.xlsx,Balance Sheet,"September 30,2020",Deferred income taxes,us-gaap:DeferredIncomeTaxAssetsNet,reported,
balance_sheet,us-gaap:OtherAssetsNoncurrent,Other assets,3Q20,1745.0,ETN_SEC-XBRL-financials_as-presented_10-Q_2020-11-03_0001551182-20-000190.xlsx,Balance Sheet,"September 30,2020",Other assets,us-gaap:OtherAssetsNoncurrent,reported,
balance_sheet,us-gaap:Assets,Total assets,3Q20,30985.0,ETN_SEC-XBRL-financials_as-presented_10-Q_2020-11-03_0001551182-20-000190.xlsx,Balance Sheet,"September 30,2020",Total assets,us-gaap:Assets,reported,
balance_sheet,us-gaap:ShortTermBorrowings,Short-term debt,3Q20,2.0,ETN_SEC-XBRL-financials_as-presented_10-Q_2020-11-03_0001551182-20-000190.xlsx,Balance Sheet,"September 30,2020",Short-term debt,us-gaap:ShortTermBorrowings,reported,
balance_sheet,us-gaap:LongTermDebtAndCapitalLeaseObligationsCurrent,Current portion of long-term debt,3Q20,1251.0,ETN_SEC-XBRL-financials_as-presented_10-Q_2020-11-03_0001551182-20-000190.xlsx,Balance Sheet,"September 30,2020",Current portion of long-term debt,us-gaap:LongTermDebtAndCapitalLeaseObligationsCurrent,reported,
balance_sheet,us-gaap:AccountsPayableCurrent,Accounts payable,3Q20,1788.0,ETN_SEC-XBRL-financials_as-presented_10-Q_2020-11-03_0001551182-20-000190.xlsx,Balance Sheet,"September 30,2020",Accounts payable,us-gaap:AccountsPayableCurrent,reported,
balance_sheet,us-gaap:EmployeeRelatedLiabilitiesCurrent,Accrued compensation,3Q20,336.0,ETN_SEC-XBRL-financials_as-presented_10-Q_2020-11-03_0001551182-20-000190.xlsx,Balance Sheet,"September 30,2020",Accrued compensation,us-gaap:EmployeeRelatedLiabilitiesCurrent,reported,
balance_sheet,us-gaap:LiabilitiesOfDisposalGroupIncludingDiscontinuedOperation,Liabilities held for sale,3Q20,424.0,ETN_SEC-XBRL-financials_as-presented_10-Q_2020-11-03_0001551182-20-000190.xlsx,Balance Sheet,"September 30,2020",Liabilities held for sale,us-gaap:LiabilitiesOfDisposalGroupIncludingDiscontinuedOperation,reported,
balance_sheet,us-gaap:OtherLiabilitiesCurrent,Other current liabilities,3Q20,2004.0,ETN_SEC-XBRL-financials_as-presented_10-Q_2020-11-03_0001551182-20-000190.xlsx,Balance Sheet,"September 30,2020",Other current liabilities,us-gaap:OtherLiabilitiesCurrent,reported,
balance_sheet,us-gaap:LiabilitiesCurrent,Total current liabilities,3Q20,5805.0,ETN_SEC-XBRL-financials_as-presented_10-Q_2020-11-03_0001551182-20-000190.xlsx,Balance Sheet,"September 30,2020",Total current liabilities,us-gaap:LiabilitiesCurrent,reported,
balance_sheet,us-gaap:LongTermDebtAndCapitalLeaseObligations,Long-term debt,3Q20,6948.0,ETN_SEC-XBRL-financials_as-presented_10-Q_2020-11-03_0001551182-20-000190.xlsx,Balance Sheet,"September 30,2020",Long-term debt,us-gaap:LongTermDebtAndCapitalLeaseObligations,reported,
balance_sheet,us-gaap:DefinedBenefitPensionPlanLiabilitiesNoncurrent,Pension liabilities,3Q20,1343.0,ETN_SEC-XBRL-financials_as-presented_10-Q_2020-11-03_0001551182-20-000190.xlsx,Balance Sheet,"September 30,2020",Pension liabilities,us-gaap:DefinedBenefitPensionPlanLiabilitiesNoncurrent,reported,
balance_sheet,us-gaap:OtherPostretirementDefinedBenefitPlanLiabilitiesNoncurrent,Other postretirement benefits liabilities,3Q20,319.0,ETN_SEC-XBRL-financials_as-presented_10-Q_2020-11-03_0001551182-20-000190.xlsx,Balance Sheet,"September 30,2020",Other postretirement benefits liabilities,us-gaap:OtherPostretirementDefinedBenefitPlanLiabilitiesNoncurrent,reported,
balance_sheet,us-gaap:OperatingLeaseLiabilityNoncurrent,Operating lease liabilities,3Q20,323.0,ETN_SEC-XBRL-financials_as-presented_10-Q_2020-11-03_0001551182-20-000190.xlsx,Balance Sheet,"September 30,2020",Operating lease liabilities,us-gaap:OperatingLeaseLiabilityNoncurrent,reported,
balance_sheet,us-gaap:DeferredIncomeTaxLiabilitiesNet,Deferred income taxes,3Q20,306.0,ETN_SEC-XBRL-financials_as-presented_10-Q_2020-11-03_0001551182-20-000190.xlsx,Balance Sheet,"September 30,2020",Deferred income taxes,us-gaap:DeferredIncomeTaxLiabilitiesNet,reported,
balance_sheet,us-gaap:OtherLiabilitiesNoncurrent,Other noncurrent liabilities,3Q20,1423.0,ETN_SEC-XBRL-financials_as-presented_10-Q_2020-11-03_0001551182-20-000190.xlsx,Balance Sheet,"September 30,2020",Other noncurrent liabilities,us-gaap:OtherLiabilitiesNoncurrent,reported,
balance_sheet,us-gaap:LiabilitiesNoncurrent,Total noncurrent liabilities,3Q20,10662.0,ETN_SEC-XBRL-financials_as-presented_10-Q_2020-11-03_0001551182-20-000190.xlsx,Balance Sheet,"September 30,2020",Total noncurrent liabilities,us-gaap:LiabilitiesNoncurrent,reported,
balance_sheet,us-gaap:CommonStockSharesOutstanding,Ordinary shares (398.6 million outstanding in 2020 and 413.3 million in 2019),3Q20,4.0,ETN_SEC-XBRL-financials_as-presented_10-Q_2020-11-03_0001551182-20-000190.xlsx,Balance Sheet,"September 30,2020",Ordinary shares (398.6 million outstanding in 2020 and 413.3 million in 2019),us-gaap:CommonStockSharesOutstanding,reported,
balance_sheet,us-gaap:AdditionalPaidInCapitalCommonStock,Capital in excess of par value,3Q20,12266.0,ETN_SEC-XBRL-financials_as-presented_10-Q_2020-11-03_0001551182-20-000190.xlsx,Balance Sheet,"September 30,2020",Capital in excess of par value,us-gaap:AdditionalPaidInCapitalCommonStock,reported,
balance_sheet,us-gaap:RetainedEarningsAccumulatedDeficit,Retained earnings,3Q20,6741.0,ETN_SEC-XBRL-financials_as-presented_10-Q_2020-11-03_0001551182-20-000190.xlsx,Balance Sheet,"September 30,2020",Retained earnings,us-gaap:RetainedEarningsAccumulatedDeficit,reported,
balance_sheet,us-gaap:AccumulatedOtherComprehensiveIncomeLossNetOfTax,Accumulated other comprehensive loss,3Q20,-4533.0,ETN_SEC-XBRL-financials_as-presented_10-Q_2020-11-03_0001551182-20-000190.xlsx,Balance Sheet,"September 30,2020",Accumulated other comprehensive loss,us-gaap:AccumulatedOtherComprehensiveIncomeLossNetOfTax,reported,
balance_sheet,us-gaap:DeferredCompensationEquity,Shares held in trust,3Q20,-2.0,ETN_SEC-XBRL-financials_as-presented_10-Q_2020-11-03_0001551182-20-000190.xlsx,Balance Sheet,"September 30,2020",Shares held in trust,us-gaap:DeferredCompensationEquity,reported,
balance_sheet,us-gaap:StockholdersEquity,Total Eaton shareholders’ equity,3Q20,14476.0,ETN_SEC-XBRL-financials_as-presented_10-Q_2020-11-03_0001551182-20-000190.xlsx,Balance Sheet,"September 30,2020",Total Eaton shareholders’ equity,us-gaap:StockholdersEquity,reported,
balance_sheet,us-gaap:MinorityInterest,Noncontrolling interests,3Q20,42.0,ETN_SEC-XBRL-financials_as-presented_10-Q_2020-11-03_0001551182-20-000190.xlsx,Balance Sheet,"September 30,2020",Noncontrolling interests,us-gaap:MinorityInterest,reported,
balance_sheet,us-gaap:StockholdersEquityIncludingPortionAttributableToNoncontrollingInterest,Total equity,3Q20,14518.0,ETN_SEC-XBRL-financials_as-presented_10-Q_2020-11-03_0001551182-20-000190.xlsx,Balance Sheet,"September 30,2020",Total equity,us-gaap:StockholdersEquityIncludingPortionAttributableToNoncontrollingInterest,reported,
balance_sheet,us-gaap:LiabilitiesAndStockholdersEquity,Total liabilities and equity,3Q20,30985.0,ETN_SEC-XBRL-financials_as-presented_10-Q_2020-11-03_0001551182-20-000190.xlsx,Balance Sheet,"September 30,2020",Total liabilities and equity,us-gaap:LiabilitiesAndStockholdersEquity,reported,
balance_sheet,us-gaap:Cash,Cash,1Q21,354.0,ETN_SEC-XBRL-financials_as-presented_10-Q_2021-05-04_0001551182-21-000120.xlsx,Balance Sheet,"March 31,2021",Cash,us-gaap:Cash,reported,
balance_sheet,us-gaap:ShortTermInvestments,Short-term investments,1Q21,945.0,ETN_SEC-XBRL-financials_as-presented_10-Q_2021-05-04_0001551182-21-000120.xlsx,Balance Sheet,"March 31,2021",Short-term investments,us-gaap:ShortTermInvestments,reported,
balance_sheet,us-gaap:ReceivablesNetCurrent,Accounts receivable - net,1Q21,3065.0,ETN_SEC-XBRL-financials_as-presented_10-Q_2021-05-04_0001551182-21-000120.xlsx,Balance Sheet,"March 31,2021",Accounts receivable - net,us-gaap:ReceivablesNetCurrent,reported,
balance_sheet,us-gaap:InventoryNet,Inventory,1Q21,2399.0,ETN_SEC-XBRL-financials_as-presented_10-Q_2021-05-04_0001551182-21-000120.xlsx,Balance Sheet,"March 31,2021",Inventory,us-gaap:InventoryNet,reported,
balance_sheet,us-gaap:AssetsOfDisposalGroupIncludingDiscontinuedOperationCurrent,Assets held for sale,1Q21,2537.0,ETN_SEC-XBRL-financials_as-presented_10-Q_2021-05-04_0001551182-21-000120.xlsx,Balance Sheet,"March 31,2021",Assets held for sale,us-gaap:AssetsOfDisposalGroupIncludingDiscontinuedOperationCurrent,reported,
balance_sheet,us-gaap:PrepaidExpenseAndOtherAssetsCurrent,Prepaid expenses and other current assets,1Q21,605.0,ETN_SEC-XBRL-financials_as-presented_10-Q_2021-05-04_0001551182-21-000120.xlsx,Balance Sheet,"March 31,2021",Prepaid expenses and other current assets,us-gaap:PrepaidExpenseAndOtherAssetsCurrent,reported,
balance_sheet,us-gaap:AssetsCurrent,Total current assets,1Q21,9905.0,ETN_SEC-XBRL-financials_as-presented_10-Q_2021-05-04_0001551182-21-000120.xlsx,Balance Sheet,"March 31,2021",Total current assets,us-gaap:AssetsCurrent,reported,
balance_sheet,etn:LandAndBuildings,Land and buildings,1Q21,2181.0,ETN_SEC-XBRL-financials_as-presented_10-Q_2021-05-04_0001551182-21-000120.xlsx,Balance Sheet,"March 31,2021",Land and buildings,etn:LandAndBuildings,reported,
balance_sheet,us-gaap:MachineryAndEquipmentGross,Machinery and equipment,1Q21,5363.0,ETN_SEC-XBRL-financials_as-presented_10-Q_2021-05-04_0001551182-21-000120.xlsx,Balance Sheet,"March 31,2021",Machinery and equipment,us-gaap:MachineryAndEquipmentGross,reported,
balance_sheet,us-gaap:PropertyPlantAndEquipmentGross,"Gross property, plant and equipment",1Q21,7544.0,ETN_SEC-XBRL-financials_as-presented_10-Q_2021-05-04_0001551182-21-000120.xlsx,Balance Sheet,"March 31,2021","Gross property, plant and equipment",us-gaap:PropertyPlantAndEquipmentGross,reported,
balance_sheet,us-gaap:AccumulatedDepreciationDepletionAndAmortizationPropertyPlantAndEquipment,Accumulated depreciation,1Q21,-4622.0,ETN_SEC-XBRL-financials_as-presented_10-Q_2021-05-04_0001551182-21-000120.xlsx,Balance Sheet,"March 31,2021",Accumulated depreciation,us-gaap:AccumulatedDepreciationDepletionAndAmortizationPropertyPlantAndEquipment,reported,
balance_sheet,us-gaap:PropertyPlantAndEquipmentNet,"Net property, plant and equipment",1Q21,2922.0,ETN_SEC-XBRL-financials_as-presented_10-Q_2021-05-04_0001551182-21-000120.xlsx,Balance Sheet,"March 31,2021","Net property, plant and equipment",us-gaap:PropertyPlantAndEquipmentNet,reported,
balance_sheet,us-gaap:Goodwill,Goodwill,1Q21,13757.0,ETN_SEC-XBRL-financials_as-presented_10-Q_2021-05-04_0001551182-21-000120.xlsx,Balance Sheet,"March 31,2021",Goodwill,us-gaap:Goodwill,reported,
balance_sheet,us-gaap:IntangibleAssetsNetExcludingGoodwill,Other intangible assets,1Q21,4722.0,ETN_SEC-XBRL-financials_as-presented_10-Q_2021-05-04_0001551182-21-000120.xlsx,Balance Sheet,"March 31,2021",Other intangible assets,us-gaap:IntangibleAssetsNetExcludingGoodwill,reported,
balance_sheet,us-gaap:OperatingLeaseRightOfUseAsset,Operating lease assets,1Q21,429.0,ETN_SEC-XBRL-financials_as-presented_10-Q_2021-05-04_0001551182-21-000120.xlsx,Balance Sheet,"March 31,2021",Operating lease assets,us-gaap:OperatingLeaseRightOfUseAsset,reported,
balance_sheet,us-gaap:DeferredIncomeTaxAssetsNet,Deferred income taxes,1Q21,436.0,ETN_SEC-XBRL-financials_as-presented_10-Q_2021-05-04_0001551182-21-000120.xlsx,Balance Sheet,"March 31,2021",Deferred income taxes,us-gaap:DeferredIncomeTaxAssetsNet,reported,
balance_sheet,us-gaap:OtherAssetsNoncurrent,Other assets,1Q21,1909.0,ETN_SEC-XBRL-financials_as-presented_10-Q_2021-05-04_0001551182-21-000120.xlsx,Balance Sheet,"March 31,2021",Other assets,us-gaap:OtherAssetsNoncurrent,reported,
balance_sheet,us-gaap:Assets,Total assets,1Q21,34080.0,ETN_SEC-XBRL-financials_as-presented_10-Q_2021-05-04_0001551182-21-000120.xlsx,Balance Sheet,"March 31,2021",Total assets,us-gaap:Assets,reported,
balance_sheet,us-gaap:ShortTermBorrowings,Short-term debt,1Q21,464.0,ETN_SEC-XBRL-financials_as-presented_10-Q_2021-05-04_0001551182-21-000120.xlsx,Balance Sheet,"March 31,2021",Short-term debt,us-gaap:ShortTermBorrowings,reported,
balance_sheet,us-gaap:LongTermDebtAndCapitalLeaseObligationsCurrent,Current portion of long-term debt,1Q21,1012.0,ETN_SEC-XBRL-financials_as-presented_10-Q_2021-05-04_0001551182-21-000120.xlsx,Balance Sheet,"March 31,2021",Current portion of long-term debt,us-gaap:LongTermDebtAndCapitalLeaseObligationsCurrent,reported,
balance_sheet,us-gaap:AccountsPayableCurrent,Accounts payable,1Q21,2172.0,ETN_SEC-XBRL-financials_as-presented_10-Q_2021-05-04_0001551182-21-000120.xlsx,Balance Sheet,"March 31,2021",Accounts payable,us-gaap:AccountsPayableCurrent,reported,
balance_sheet,us-gaap:EmployeeRelatedLiabilitiesCurrent,Accrued compensation,1Q21,334.0,ETN_SEC-XBRL-financials_as-presented_10-Q_2021-05-04_0001551182-21-000120.xlsx,Balance Sheet,"March 31,2021",Accrued compensation,us-gaap:EmployeeRelatedLiabilitiesCurrent,reported,
balance_sheet,us-gaap:LiabilitiesOfDisposalGroupIncludingDiscontinuedOperation,Liabilities held for sale,1Q21,501.0,ETN_SEC-XBRL-financials_as-presented_10-Q_2021-05-04_0001551182-21-000120.xlsx,Balance Sheet,"March 31,2021",Liabilities held for sale,us-gaap:LiabilitiesOfDisposalGroupIncludingDiscontinuedOperation,reported,
balance_sheet,us-gaap:OtherLiabilitiesCurrent,Other current liabilities,1Q21,2098.0,ETN_SEC-XBRL-financials_as-presented_10-Q_2021-05-04_0001551182-21-000120.xlsx,Balance Sheet,"March 31,2021",Other current liabilities,us-gaap:OtherLiabilitiesCurrent,reported,
balance_sheet,us-gaap:LiabilitiesCurrent,Total current liabilities,1Q21,6581.0,ETN_SEC-XBRL-financials_as-presented_10-Q_2021-05-04_0001551182-21-000120.xlsx,Balance Sheet,"March 31,2021",Total current liabilities,us-gaap:LiabilitiesCurrent,reported,
balance_sheet,us-gaap:LongTermDebtAndCapitalLeaseObligations,Long-term debt,1Q21,8682.0,ETN_SEC-XBRL-financials_as-presented_10-Q_2021-05-04_0001551182-21-000120.xlsx,Balance Sheet,"March 31,2021",Long-term debt,us-gaap:LongTermDebtAndCapitalLeaseObligations,reported,
balance_sheet,us-gaap:DefinedBenefitPensionPlanLiabilitiesNoncurrent,Pension liabilities,1Q21,1283.0,ETN_SEC-XBRL-financials_as-presented_10-Q_2021-05-04_0001551182-21-000120.xlsx,Balance Sheet,"March 31,2021",Pension liabilities,us-gaap:DefinedBenefitPensionPlanLiabilitiesNoncurrent,reported,
balance_sheet,us-gaap:OtherPostretirementDefinedBenefitPlanLiabilitiesNoncurrent,Other postretirement benefits liabilities,1Q21,326.0,ETN_SEC-XBRL-financials_as-presented_10-Q_2021-05-04_0001551182-21-000120.xlsx,Balance Sheet,"March 31,2021",Other postretirement benefits liabilities,us-gaap:OtherPostretirementDefinedBenefitPlanLiabilitiesNoncurrent,reported,
balance_sheet,us-gaap:OperatingLeaseLiabilityNoncurrent,Operating lease liabilities,1Q21,328.0,ETN_SEC-XBRL-financials_as-presented_10-Q_2021-05-04_0001551182-21-000120.xlsx,Balance Sheet,"March 31,2021",Operating lease liabilities,us-gaap:OperatingLeaseLiabilityNoncurrent,reported,
balance_sheet,us-gaap:DeferredIncomeTaxLiabilitiesNet,Deferred income taxes,1Q21,445.0,ETN_SEC-XBRL-financials_as-presented_10-Q_2021-05-04_0001551182-21-000120.xlsx,Balance Sheet,"March 31,2021",Deferred income taxes,us-gaap:DeferredIncomeTaxLiabilitiesNet,reported,
balance_sheet,us-gaap:OtherLiabilitiesNoncurrent,Other noncurrent liabilities,1Q21,1398.0,ETN_SEC-XBRL-financials_as-presented_10-Q_2021-05-04_0001551182-21-000120.xlsx,Balance Sheet,"March 31,2021",Other noncurrent liabilities,us-gaap:OtherLiabilitiesNoncurrent,reported,
balance_sheet,us-gaap:LiabilitiesNoncurrent,Total noncurrent liabilities,1Q21,12462.0,ETN_SEC-XBRL-financials_as-presented_10-Q_2021-05-04_0001551182-21-000120.xlsx,Balance Sheet,"March 31,2021",Total noncurrent liabilities,us-gaap:LiabilitiesNoncurrent,reported,
balance_sheet,us-gaap:CommonStockSharesOutstanding,Ordinary shares (398.6 million outstanding in 2020 and 413.3 million in 2019),1Q21,4.0,ETN_SEC-XBRL-financials_as-presented_10-Q_2021-05-04_0001551182-21-000120.xlsx,Balance Sheet,"March 31,2021",Ordinary shares (398.5 million outstanding in 2021 and 398.1 million in 2020),us-gaap:CommonStockSharesOutstanding,reported,
balance_sheet,us-gaap:AdditionalPaidInCapitalCommonStock,Capital in excess of par value,1Q21,12335.0,ETN_SEC-XBRL-financials_as-presented_10-Q_2021-05-04_0001551182-21-000120.xlsx,Balance Sheet,"March 31,2021",Capital in excess of par value,us-gaap:AdditionalPaidInCapitalCommonStock,reported,
balance_sheet,us-gaap:RetainedEarningsAccumulatedDeficit,Retained earnings,1Q21,6883.0,ETN_SEC-XBRL-financials_as-presented_10-Q_2021-05-04_0001551182-21-000120.xlsx,Balance Sheet,"March 31,2021",Retained earnings,us-gaap:RetainedEarningsAccumulatedDeficit,reported,
balance_sheet,us-gaap:AccumulatedOtherComprehensiveIncomeLossNetOfTax,Accumulated other comprehensive loss,1Q21,-4225.0,ETN_SEC-XBRL-financials_as-presented_10-Q_2021-05-04_0001551182-21-000120.xlsx,Balance Sheet,"March 31,2021",Accumulated other comprehensive loss,us-gaap:AccumulatedOtherComprehensiveIncomeLossNetOfTax,reported,
balance_sheet,us-gaap:DeferredCompensationEquity,Shares held in trust,1Q21,-2.0,ETN_SEC-XBRL-financials_as-presented_10-Q_2021-05-04_0001551182-21-000120.xlsx,Balance Sheet,"March 31,2021",Shares held in trust,us-gaap:DeferredCompensationEquity,reported,
balance_sheet,us-gaap:StockholdersEquity,Total Eaton shareholders’ equity,1Q21,14995.0,ETN_SEC-XBRL-financials_as-presented_10-Q_2021-05-04_0001551182-21-000120.xlsx,Balance Sheet,"March 31,2021",Total Eaton shareholders’ equity,us-gaap:StockholdersEquity,reported,
balance_sheet,us-gaap:MinorityInterest,Noncontrolling interests,1Q21,42.0,ETN_SEC-XBRL-financials_as-presented_10-Q_2021-05-04_0001551182-21-000120.xlsx,Balance Sheet,"March 31,2021",Noncontrolling interests,us-gaap:MinorityInterest,reported,
balance_sheet,us-gaap:StockholdersEquityIncludingPortionAttributableToNoncontrollingInterest,Total equity,1Q21,15037.0,ETN_SEC-XBRL-financials_as-presented_10-Q_2021-05-04_0001551182-21-000120.xlsx,Balance Sheet,"March 31,2021",Total equity,us-gaap:StockholdersEquityIncludingPortionAttributableToNoncontrollingInterest,reported,
balance_sheet,us-gaap:LiabilitiesAndStockholdersEquity,Total liabilities and equity,1Q21,34080.0,ETN_SEC-XBRL-financials_as-presented_10-Q_2021-05-04_0001551182-21-000120.xlsx,Balance Sheet,"March 31,2021",Total liabilities and equity,us-gaap:LiabilitiesAndStockholdersEquity,reported,
balance_sheet,us-gaap:CashAndCashEquivalentsAtCarryingValue,Cash,2Q21,279.0,ETN_SEC-XBRL-financials_as-presented_10-Q_2021-08-03_0001551182-21-000161.xlsx,Balance Sheet,"June 30,2021",Cash,us-gaap:CashAndCashEquivalentsAtCarryingValue,reported,
balance_sheet,us-gaap:ShortTermInvestments,Short-term investments,2Q21,261.0,ETN_SEC-XBRL-financials_as-presented_10-Q_2021-08-03_0001551182-21-000161.xlsx,Balance Sheet,"June 30,2021",Short-term investments,us-gaap:ShortTermInvestments,reported,
balance_sheet,us-gaap:ReceivablesNetCurrent,Accounts receivable - net,2Q21,3341.0,ETN_SEC-XBRL-financials_as-presented_10-Q_2021-08-03_0001551182-21-000161.xlsx,Balance Sheet,"June 30,2021",Accounts receivable - net,us-gaap:ReceivablesNetCurrent,reported,
balance_sheet,us-gaap:InventoryNet,Inventory,2Q21,2668.0,ETN_SEC-XBRL-financials_as-presented_10-Q_2021-08-03_0001551182-21-000161.xlsx,Balance Sheet,"June 30,2021",Inventory,us-gaap:InventoryNet,reported,
balance_sheet,us-gaap:AssetsOfDisposalGroupIncludingDiscontinuedOperationCurrent,Assets held for sale,2Q21,2604.0,ETN_SEC-XBRL-financials_as-presented_10-Q_2021-08-03_0001551182-21-000161.xlsx,Balance Sheet,"June 30,2021",Assets held for sale,us-gaap:AssetsOfDisposalGroupIncludingDiscontinuedOperationCurrent,reported,
balance_sheet,us-gaap:PrepaidExpenseAndOtherAssetsCurrent,Prepaid expenses and other current assets,2Q21,636.0,ETN_SEC-XBRL-financials_as-presented_10-Q_2021-08-03_0001551182-21-000161.xlsx,Balance Sheet,"June 30,2021",Prepaid expenses and other current assets,us-gaap:PrepaidExpenseAndOtherAssetsCurrent,reported,
balance_sheet,us-gaap:AssetsCurrent,Total current assets,2Q21,9789.0,ETN_SEC-XBRL-financials_as-presented_10-Q_2021-08-03_0001551182-21-000161.xlsx,Balance Sheet,"June 30,2021",Total current assets,us-gaap:AssetsCurrent,reported,
balance_sheet,etn:LandAndBuildings,Land and buildings,2Q21,2259.0,ETN_SEC-XBRL-financials_as-presented_10-Q_2021-08-03_0001551182-21-000161.xlsx,Balance Sheet,"June 30,2021",Land and buildings,etn:LandAndBuildings,reported,
balance_sheet,us-gaap:MachineryAndEquipmentGross,Machinery and equipment,2Q21,5557.0,ETN_SEC-XBRL-financials_as-presented_10-Q_2021-08-03_0001551182-21-000161.xlsx,Balance Sheet,"June 30,2021",Machinery and equipment,us-gaap:MachineryAndEquipmentGross,reported,
balance_sheet,us-gaap:PropertyPlantAndEquipmentGross,"Gross property, plant and equipment",2Q21,7816.0,ETN_SEC-XBRL-financials_as-presented_10-Q_2021-08-03_0001551182-21-000161.xlsx,Balance Sheet,"June 30,2021","Gross property, plant and equipment",us-gaap:PropertyPlantAndEquipmentGross,reported,
balance_sheet,us-gaap:AccumulatedDepreciationDepletionAndAmortizationPropertyPlantAndEquipment,Accumulated depreciation,2Q21,-4758.0,ETN_SEC-XBRL-financials_as-presented_10-Q_2021-08-03_0001551182-21-000161.xlsx,Balance Sheet,"June 30,2021",Accumulated depreciation,us-gaap:AccumulatedDepreciationDepletionAndAmortizationPropertyPlantAndEquipment,reported,
balance_sheet,us-gaap:PropertyPlantAndEquipmentNet,"Net property, plant and equipment",2Q21,3058.0,ETN_SEC-XBRL-financials_as-presented_10-Q_2021-08-03_0001551182-21-000161.xlsx,Balance Sheet,"June 30,2021","Net property, plant and equipment",us-gaap:PropertyPlantAndEquipmentNet,reported,
balance_sheet,us-gaap:Goodwill,Goodwill,2Q21,14880.0,ETN_SEC-XBRL-financials_as-presented_10-Q_2021-08-03_0001551182-21-000161.xlsx,Balance Sheet,"June 30,2021",Goodwill,us-gaap:Goodwill,reported,
balance_sheet,us-gaap:IntangibleAssetsNetExcludingGoodwill,Other intangible assets,2Q21,6195.0,ETN_SEC-XBRL-financials_as-presented_10-Q_2021-08-03_0001551182-21-000161.xlsx,Balance Sheet,"June 30,2021",Other intangible assets,us-gaap:IntangibleAssetsNetExcludingGoodwill,reported,
balance_sheet,us-gaap:OperatingLeaseRightOfUseAsset,Operating lease assets,2Q21,470.0,ETN_SEC-XBRL-financials_as-presented_10-Q_2021-08-03_0001551182-21-000161.xlsx,Balance Sheet,"June 30,2021",Operating lease assets,us-gaap:OperatingLeaseRightOfUseAsset,reported,
balance_sheet,us-gaap:DeferredIncomeTaxAssetsNet,Deferred income taxes,2Q21,445.0,ETN_SEC-XBRL-financials_as-presented_10-Q_2021-08-03_0001551182-21-000161.xlsx,Balance Sheet,"June 30,2021",Deferred income taxes,us-gaap:DeferredIncomeTaxAssetsNet,reported,
balance_sheet,us-gaap:OtherAssetsNoncurrent,Other assets,2Q21,1967.0,ETN_SEC-XBRL-financials_as-presented_10-Q_2021-08-03_0001551182-21-000161.xlsx,Balance Sheet,"June 30,2021",Other assets,us-gaap:OtherAssetsNoncurrent,reported,
balance_sheet,us-gaap:Assets,Total assets,2Q21,36804.0,ETN_SEC-XBRL-financials_as-presented_10-Q_2021-08-03_0001551182-21-000161.xlsx,Balance Sheet,"June 30,2021",Total assets,us-gaap:Assets,reported,
balance_sheet,us-gaap:ShortTermBorrowings,Short-term debt,2Q21,3373.0,ETN_SEC-XBRL-financials_as-presented_10-Q_2021-08-03_0001551182-21-000161.xlsx,Balance Sheet,"June 30,2021",Short-term debt,us-gaap:ShortTermBorrowings,reported,
balance_sheet,us-gaap:LongTermDebtAndCapitalLeaseObligationsCurrent,Current portion of long-term debt,2Q21,8.0,ETN_SEC-XBRL-financials_as-presented_10-Q_2021-08-03_0001551182-21-000161.xlsx,Balance Sheet,"June 30,2021",Current portion of long-term debt,us-gaap:LongTermDebtAndCapitalLeaseObligationsCurrent,reported,
balance_sheet,us-gaap:AccountsPayableCurrent,Accounts payable,2Q21,2484.0,ETN_SEC-XBRL-financials_as-presented_10-Q_2021-08-03_0001551182-21-000161.xlsx,Balance Sheet,"June 30,2021",Accounts payable,us-gaap:AccountsPayableCurrent,reported,
balance_sheet,us-gaap:EmployeeRelatedLiabilitiesCurrent,Accrued compensation,2Q21,425.0,ETN_SEC-XBRL-financials_as-presented_10-Q_2021-08-03_0001551182-21-000161.xlsx,Balance Sheet,"June 30,2021",Accrued compensation,us-gaap:EmployeeRelatedLiabilitiesCurrent,reported,
balance_sheet,us-gaap:LiabilitiesOfDisposalGroupIncludingDiscontinuedOperation,Liabilities held for sale,2Q21,527.0,ETN_SEC-XBRL-financials_as-presented_10-Q_2021-08-03_0001551182-21-000161.xlsx,Balance Sheet,"June 30,2021",Liabilities held for sale,us-gaap:LiabilitiesOfDisposalGroupIncludingDiscontinuedOperation,reported,
balance_sheet,us-gaap:OtherLiabilitiesCurrent,Other current liabilities,2Q21,2089.0,ETN_SEC-XBRL-financials_as-presented_10-Q_2021-08-03_0001551182-21-000161.xlsx,Balance Sheet,"June 30,2021",Other current liabilities,us-gaap:OtherLiabilitiesCurrent,reported,
balance_sheet,us-gaap:LiabilitiesCurrent,Total current liabilities,2Q21,8906.0,ETN_SEC-XBRL-financials_as-presented_10-Q_2021-08-03_0001551182-21-000161.xlsx,Balance Sheet,"June 30,2021",Total current liabilities,us-gaap:LiabilitiesCurrent,reported,
balance_sheet,us-gaap:LongTermDebtAndCapitalLeaseObligations,Long-term debt,2Q21,8721.0,ETN_SEC-XBRL-financials_as-presented_10-Q_2021-08-03_0001551182-21-000161.xlsx,Balance Sheet,"June 30,2021",Long-term debt,us-gaap:LongTermDebtAndCapitalLeaseObligations,reported,
balance_sheet,us-gaap:DefinedBenefitPensionPlanLiabilitiesNoncurrent,Pension liabilities,2Q21,1085.0,ETN_SEC-XBRL-financials_as-presented_10-Q_2021-08-03_0001551182-21-000161.xlsx,Balance Sheet,"June 30,2021",Pension liabilities,us-gaap:DefinedBenefitPensionPlanLiabilitiesNoncurrent,reported,
balance_sheet,us-gaap:OtherPostretirementDefinedBenefitPlanLiabilitiesNoncurrent,Other postretirement benefits liabilities,2Q21,322.0,ETN_SEC-XBRL-financials_as-presented_10-Q_2021-08-03_0001551182-21-000161.xlsx,Balance Sheet,"June 30,2021",Other postretirement benefits liabilities,us-gaap:OtherPostretirementDefinedBenefitPlanLiabilitiesNoncurrent,reported,
balance_sheet,us-gaap:OperatingLeaseLiabilityNoncurrent,Operating lease liabilities,2Q21,366.0,ETN_SEC-XBRL-financials_as-presented_10-Q_2021-08-03_0001551182-21-000161.xlsx,Balance Sheet,"June 30,2021",Operating lease liabilities,us-gaap:OperatingLeaseLiabilityNoncurrent,reported,
balance_sheet,us-gaap:DeferredIncomeTaxLiabilitiesNet,Deferred income taxes,2Q21,494.0,ETN_SEC-XBRL-financials_as-presented_10-Q_2021-08-03_0001551182-21-000161.xlsx,Balance Sheet,"June 30,2021",Deferred income taxes,us-gaap:DeferredIncomeTaxLiabilitiesNet,reported,
balance_sheet,us-gaap:OtherLiabilitiesNoncurrent,Other noncurrent liabilities,2Q21,1460.0,ETN_SEC-XBRL-financials_as-presented_10-Q_2021-08-03_0001551182-21-000161.xlsx,Balance Sheet,"June 30,2021",Other noncurrent liabilities,us-gaap:OtherLiabilitiesNoncurrent,reported,
balance_sheet,us-gaap:LiabilitiesNoncurrent,Total noncurrent liabilities,2Q21,12448.0,ETN_SEC-XBRL-financials_as-presented_10-Q_2021-08-03_0001551182-21-000161.xlsx,Balance Sheet,"June 30,2021",Total noncurrent liabilities,us-gaap:LiabilitiesNoncurrent,reported,
balance_sheet,us-gaap:CommonStockSharesOutstanding,Ordinary shares (398.6 million outstanding in 2020 and 413.3 million in 2019),2Q21,4.0,ETN_SEC-XBRL-financials_as-presented_10-Q_2021-08-03_0001551182-21-000161.xlsx,Balance Sheet,"June 30,2021",Ordinary shares (398.6 million outstanding in 2021 and 398.1 million in 2020),us-gaap:CommonStockSharesOutstanding,reported,
balance_sheet,us-gaap:AdditionalPaidInCapitalCommonStock,Capital in excess of par value,2Q21,12368.0,ETN_SEC-XBRL-financials_as-presented_10-Q_2021-08-03_0001551182-21-000161.xlsx,Balance Sheet,"June 30,2021",Capital in excess of par value,us-gaap:AdditionalPaidInCapitalCommonStock,reported,
balance_sheet,us-gaap:RetainedEarningsAccumulatedDeficit,Retained earnings,2Q21,7068.0,ETN_SEC-XBRL-financials_as-presented_10-Q_2021-08-03_0001551182-21-000161.xlsx,Balance Sheet,"June 30,2021",Retained earnings,us-gaap:RetainedEarningsAccumulatedDeficit,reported,
balance_sheet,us-gaap:AccumulatedOtherComprehensiveIncomeLossNetOfTax,Accumulated other comprehensive loss,2Q21,-4031.0,ETN_SEC-XBRL-financials_as-presented_10-Q_2021-08-03_0001551182-21-000161.xlsx,Balance Sheet,"June 30,2021",Accumulated other comprehensive loss,us-gaap:AccumulatedOtherComprehensiveIncomeLossNetOfTax,reported,
balance_sheet,us-gaap:DeferredCompensationEquity,Shares held in trust,2Q21,-1.0,ETN_SEC-XBRL-financials_as-presented_10-Q_2021-08-03_0001551182-21-000161.xlsx,Balance Sheet,"June 30,2021",Shares held in trust,us-gaap:DeferredCompensationEquity,reported,
balance_sheet,us-gaap:StockholdersEquity,Total Eaton shareholders’ equity,2Q21,15408.0,ETN_SEC-XBRL-financials_as-presented_10-Q_2021-08-03_0001551182-21-000161.xlsx,Balance Sheet,"June 30,2021",Total Eaton shareholders’ equity,us-gaap:StockholdersEquity,reported,
balance_sheet,us-gaap:MinorityInterest,Noncontrolling interests,2Q21,42.0,ETN_SEC-XBRL-financials_as-presented_10-Q_2021-08-03_0001551182-21-000161.xlsx,Balance Sheet,"June 30,2021",Noncontrolling interests,us-gaap:MinorityInterest,reported,
balance_sheet,us-gaap:StockholdersEquityIncludingPortionAttributableToNoncontrollingInterest,Total equity,2Q21,15450.0,ETN_SEC-XBRL-financials_as-presented_10-Q_2021-08-03_0001551182-21-000161.xlsx,Balance Sheet,"June 30,2021",Total equity,us-gaap:StockholdersEquityIncludingPortionAttributableToNoncontrollingInterest,reported,
balance_sheet,us-gaap:LiabilitiesAndStockholdersEquity,Total liabilities and equity,2Q21,36804.0,ETN_SEC-XBRL-financials_as-presented_10-Q_2021-08-03_0001551182-21-000161.xlsx,Balance Sheet,"June 30,2021",Total liabilities and equity,us-gaap:LiabilitiesAndStockholdersEquity,reported,
balance_sheet,us-gaap:CashAndCashEquivalentsAtCarryingValue,Cash,3Q21,271.0,ETN_SEC-XBRL-financials_as-presented_10-Q_2021-11-02_0001551182-21-000184.xlsx,Balance Sheet,"September 30,2021",Cash,us-gaap:CashAndCashEquivalentsAtCarryingValue,reported,
balance_sheet,us-gaap:ShortTermInvestments,Short-term investments,3Q21,389.0,ETN_SEC-XBRL-financials_as-presented_10-Q_2021-11-02_0001551182-21-000184.xlsx,Balance Sheet,"September 30,2021",Short-term investments,us-gaap:ShortTermInvestments,reported,
balance_sheet,us-gaap:ReceivablesNetCurrent,Accounts receivable - net,3Q21,3393.0,ETN_SEC-XBRL-financials_as-presented_10-Q_2021-11-02_0001551182-21-000184.xlsx,Balance Sheet,"September 30,2021",Accounts receivable - net,us-gaap:ReceivablesNetCurrent,reported,
balance_sheet,us-gaap:InventoryNet,Inventory,3Q21,2802.0,ETN_SEC-XBRL-financials_as-presented_10-Q_2021-11-02_0001551182-21-000184.xlsx,Balance Sheet,"September 30,2021",Inventory,us-gaap:InventoryNet,reported,
balance_sheet,us-gaap:PrepaidExpenseAndOtherAssetsCurrent,Prepaid expenses and other current assets,3Q21,632.0,ETN_SEC-XBRL-financials_as-presented_10-Q_2021-11-02_0001551182-21-000184.xlsx,Balance Sheet,"September 30,2021",Prepaid expenses and other current assets,us-gaap:PrepaidExpenseAndOtherAssetsCurrent,reported,
balance_sheet,us-gaap:AssetsCurrent,Total current assets,3Q21,7487.0,ETN_SEC-XBRL-financials_as-presented_10-Q_2021-11-02_0001551182-21-000184.xlsx,Balance Sheet,"September 30,2021",Total current assets,us-gaap:AssetsCurrent,reported,
balance_sheet,etn:LandAndBuildings,Land and buildings,3Q21,2248.0,ETN_SEC-XBRL-financials_as-presented_10-Q_2021-11-02_0001551182-21-000184.xlsx,Balance Sheet,"September 30,2021",Land and buildings,etn:LandAndBuildings,reported,
balance_sheet,us-gaap:MachineryAndEquipmentGross,Machinery and equipment,3Q21,5563.0,ETN_SEC-XBRL-financials_as-presented_10-Q_2021-11-02_0001551182-21-000184.xlsx,Balance Sheet,"September 30,2021",Machinery and equipment,us-gaap:MachineryAndEquipmentGross,reported,
balance_sheet,us-gaap:PropertyPlantAndEquipmentGross,"Gross property, plant and equipment",3Q21,7811.0,ETN_SEC-XBRL-financials_as-presented_10-Q_2021-11-02_0001551182-21-000184.xlsx,Balance Sheet,"September 30,2021","Gross property, plant and equipment",us-gaap:PropertyPlantAndEquipmentGross,reported,
balance_sheet,us-gaap:AccumulatedDepreciationDepletionAndAmortizationPropertyPlantAndEquipment,Accumulated depreciation,3Q21,-4786.0,ETN_SEC-XBRL-financials_as-presented_10-Q_2021-11-02_0001551182-21-000184.xlsx,Balance Sheet,"September 30,2021",Accumulated depreciation,us-gaap:AccumulatedDepreciationDepletionAndAmortizationPropertyPlantAndEquipment,reported,
balance_sheet,us-gaap:PropertyPlantAndEquipmentNet,"Net property, plant and equipment",3Q21,3025.0,ETN_SEC-XBRL-financials_as-presented_10-Q_2021-11-02_0001551182-21-000184.xlsx,Balance Sheet,"September 30,2021","Net property, plant and equipment",us-gaap:PropertyPlantAndEquipmentNet,reported,
balance_sheet,us-gaap:Goodwill,Goodwill,3Q21,14767.0,ETN_SEC-XBRL-financials_as-presented_10-Q_2021-11-02_0001551182-21-000184.xlsx,Balance Sheet,"September 30,2021",Goodwill,us-gaap:Goodwill,reported,
balance_sheet,us-gaap:IntangibleAssetsNetExcludingGoodwill,Other intangible assets,3Q21,6041.0,ETN_SEC-XBRL-financials_as-presented_10-Q_2021-11-02_0001551182-21-000184.xlsx,Balance Sheet,"September 30,2021",Other intangible assets,us-gaap:IntangibleAssetsNetExcludingGoodwill,reported,
balance_sheet,us-gaap:OperatingLeaseRightOfUseAsset,Operating lease assets,3Q21,448.0,ETN_SEC-XBRL-financials_as-presented_10-Q_2021-11-02_0001551182-21-000184.xlsx,Balance Sheet,"September 30,2021",Operating lease assets,us-gaap:OperatingLeaseRightOfUseAsset,reported,
balance_sheet,us-gaap:DeferredIncomeTaxAssetsNet,Deferred income taxes,3Q21,422.0,ETN_SEC-XBRL-financials_as-presented_10-Q_2021-11-02_0001551182-21-000184.xlsx,Balance Sheet,"September 30,2021",Deferred income taxes,us-gaap:DeferredIncomeTaxAssetsNet,reported,
balance_sheet,us-gaap:OtherAssetsNoncurrent,Other assets,3Q21,1938.0,ETN_SEC-XBRL-financials_as-presented_10-Q_2021-11-02_0001551182-21-000184.xlsx,Balance Sheet,"September 30,2021",Other assets,us-gaap:OtherAssetsNoncurrent,reported,
balance_sheet,us-gaap:Assets,Total assets,3Q21,34128.0,ETN_SEC-XBRL-financials_as-presented_10-Q_2021-11-02_0001551182-21-000184.xlsx,Balance Sheet,"September 30,2021",Total assets,us-gaap:Assets,reported,
balance_sheet,us-gaap:ShortTermBorrowings,Short-term debt,3Q21,428.0,ETN_SEC-XBRL-financials_as-presented_10-Q_2021-11-02_0001551182-21-000184.xlsx,Balance Sheet,"September 30,2021",Short-term debt,us-gaap:ShortTermBorrowings,reported,
balance_sheet,us-gaap:LongTermDebtAndCapitalLeaseObligationsCurrent,Current portion of long-term debt,3Q21,116.0,ETN_SEC-XBRL-financials_as-presented_10-Q_2021-11-02_0001551182-21-000184.xlsx,Balance Sheet,"September 30,2021",Current portion of long-term debt,us-gaap:LongTermDebtAndCapitalLeaseObligationsCurrent,reported,
balance_sheet,us-gaap:AccountsPayableCurrent,Accounts payable,3Q21,2591.0,ETN_SEC-XBRL-financials_as-presented_10-Q_2021-11-02_0001551182-21-000184.xlsx,Balance Sheet,"September 30,2021",Accounts payable,us-gaap:AccountsPayableCurrent,reported,
balance_sheet,us-gaap:EmployeeRelatedLiabilitiesCurrent,Accrued compensation,3Q21,489.0,ETN_SEC-XBRL-financials_as-presented_10-Q_2021-11-02_0001551182-21-000184.xlsx,Balance Sheet,"September 30,2021",Accrued compensation,us-gaap:EmployeeRelatedLiabilitiesCurrent,reported,
balance_sheet,us-gaap:OtherLiabilitiesCurrent,Other current liabilities,3Q21,2290.0,ETN_SEC-XBRL-financials_as-presented_10-Q_2021-11-02_0001551182-21-000184.xlsx,Balance Sheet,"September 30,2021",Other current liabilities,us-gaap:OtherLiabilitiesCurrent,reported,
balance_sheet,us-gaap:LiabilitiesCurrent,Total current liabilities,3Q21,5914.0,ETN_SEC-XBRL-financials_as-presented_10-Q_2021-11-02_0001551182-21-000184.xlsx,Balance Sheet,"September 30,2021",Total current liabilities,us-gaap:LiabilitiesCurrent,reported,
balance_sheet,us-gaap:LongTermDebtAndCapitalLeaseObligations,Long-term debt,3Q21,8520.0,ETN_SEC-XBRL-financials_as-presented_10-Q_2021-11-02_0001551182-21-000184.xlsx,Balance Sheet,"September 30,2021",Long-term debt,us-gaap:LongTermDebtAndCapitalLeaseObligations,reported,
balance_sheet,us-gaap:DefinedBenefitPensionPlanLiabilitiesNoncurrent,Pension liabilities,3Q21,1029.0,ETN_SEC-XBRL-financials_as-presented_10-Q_2021-11-02_0001551182-21-000184.xlsx,Balance Sheet,"September 30,2021",Pension liabilities,us-gaap:DefinedBenefitPensionPlanLiabilitiesNoncurrent,reported,
balance_sheet,us-gaap:OtherPostretirementDefinedBenefitPlanLiabilitiesNoncurrent,Other postretirement benefits liabilities,3Q21,273.0,ETN_SEC-XBRL-financials_as-presented_10-Q_2021-11-02_0001551182-21-000184.xlsx,Balance Sheet,"September 30,2021",Other postretirement benefits liabilities,us-gaap:OtherPostretirementDefinedBenefitPlanLiabilitiesNoncurrent,reported,
balance_sheet,us-gaap:OperatingLeaseLiabilityNoncurrent,Operating lease liabilities,3Q21,343.0,ETN_SEC-XBRL-financials_as-presented_10-Q_2021-11-02_0001551182-21-000184.xlsx,Balance Sheet,"September 30,2021",Operating lease liabilities,us-gaap:OperatingLeaseLiabilityNoncurrent,reported,
balance_sheet,us-gaap:DeferredIncomeTaxLiabilitiesNet,Deferred income taxes,3Q21,494.0,ETN_SEC-XBRL-financials_as-presented_10-Q_2021-11-02_0001551182-21-000184.xlsx,Balance Sheet,"September 30,2021",Deferred income taxes,us-gaap:DeferredIncomeTaxLiabilitiesNet,reported,
balance_sheet,us-gaap:OtherLiabilitiesNoncurrent,Other noncurrent liabilities,3Q21,1541.0,ETN_SEC-XBRL-financials_as-presented_10-Q_2021-11-02_0001551182-21-000184.xlsx,Balance Sheet,"September 30,2021",Other noncurrent liabilities,us-gaap:OtherLiabilitiesNoncurrent,reported,
balance_sheet,us-gaap:LiabilitiesNoncurrent,Total noncurrent liabilities,3Q21,12200.0,ETN_SEC-XBRL-financials_as-presented_10-Q_2021-11-02_0001551182-21-000184.xlsx,Balance Sheet,"September 30,2021",Total noncurrent liabilities,us-gaap:LiabilitiesNoncurrent,reported,
balance_sheet,us-gaap:CommonStockSharesOutstanding,Ordinary shares (398.6 million outstanding in 2020 and 413.3 million in 2019),3Q21,4.0,ETN_SEC-XBRL-financials_as-presented_10-Q_2021-11-02_0001551182-21-000184.xlsx,Balance Sheet,"September 30,2021",Ordinary shares (398.6 million outstanding in 2021 and 398.1 million in 2020),us-gaap:CommonStockSharesOutstanding,reported,
balance_sheet,us-gaap:AdditionalPaidInCapitalCommonStock,Capital in excess of par value,3Q21,12411.0,ETN_SEC-XBRL-financials_as-presented_10-Q_2021-11-02_0001551182-21-000184.xlsx,Balance Sheet,"September 30,2021",Capital in excess of par value,us-gaap:AdditionalPaidInCapitalCommonStock,reported,
balance_sheet,us-gaap:RetainedEarningsAccumulatedDeficit,Retained earnings,3Q21,7345.0,ETN_SEC-XBRL-financials_as-presented_10-Q_2021-11-02_0001551182-21-000184.xlsx,Balance Sheet,"September 30,2021",Retained earnings,us-gaap:RetainedEarningsAccumulatedDeficit,reported,
balance_sheet,us-gaap:AccumulatedOtherComprehensiveIncomeLossNetOfTax,Accumulated other comprehensive loss,3Q21,-3788.0,ETN_SEC-XBRL-financials_as-presented_10-Q_2021-11-02_0001551182-21-000184.xlsx,Balance Sheet,"September 30,2021",Accumulated other comprehensive loss,us-gaap:AccumulatedOtherComprehensiveIncomeLossNetOfTax,reported,
balance_sheet,us-gaap:DeferredCompensationEquity,Shares held in trust,3Q21,-1.0,ETN_SEC-XBRL-financials_as-presented_10-Q_2021-11-02_0001551182-21-000184.xlsx,Balance Sheet,"September 30,2021",Shares held in trust,us-gaap:DeferredCompensationEquity,reported,
balance_sheet,us-gaap:StockholdersEquity,Total Eaton shareholders’ equity,3Q21,15971.0,ETN_SEC-XBRL-financials_as-presented_10-Q_2021-11-02_0001551182-21-000184.xlsx,Balance Sheet,"September 30,2021",Total Eaton shareholders’ equity,us-gaap:StockholdersEquity,reported,
balance_sheet,us-gaap:MinorityInterest,Noncontrolling interests,3Q21,43.0,ETN_SEC-XBRL-financials_as-presented_10-Q_2021-11-02_0001551182-21-000184.xlsx,Balance Sheet,"September 30,2021",Noncontrolling interests,us-gaap:MinorityInterest,reported,
balance_sheet,us-gaap:StockholdersEquityIncludingPortionAttributableToNoncontrollingInterest,Total equity,3Q21,16014.0,ETN_SEC-XBRL-financials_as-presented_10-Q_2021-11-02_0001551182-21-000184.xlsx,Balance Sheet,"September 30,2021",Total equity,us-gaap:StockholdersEquityIncludingPortionAttributableToNoncontrollingInterest,reported,
balance_sheet,us-gaap:LiabilitiesAndStockholdersEquity,Total liabilities and equity,3Q21,34128.0,ETN_SEC-XBRL-financials_as-presented_10-Q_2021-11-02_0001551182-21-000184.xlsx,Balance Sheet,"September 30,2021",Total liabilities and equity,us-gaap:LiabilitiesAndStockholdersEquity,reported,
balance_sheet,us-gaap:CashAndCashEquivalentsAtCarryingValue,Cash,1Q22,237.0,ETN_SEC-XBRL-financials_as-presented_10-Q_2022-05-03_0001551182-22-000008.xlsx,Balance Sheet,"March 31,2022",Cash,us-gaap:CashAndCashEquivalentsAtCarryingValue,reported,
balance_sheet,us-gaap:ShortTermInvestments,Short-term investments,1Q22,268.0,ETN_SEC-XBRL-financials_as-presented_10-Q_2022-05-03_0001551182-22-000008.xlsx,Balance Sheet,"March 31,2022",Short-term investments,us-gaap:ShortTermInvestments,reported,
balance_sheet,us-gaap:ReceivablesNetCurrent,Accounts receivable - net,1Q22,3667.0,ETN_SEC-XBRL-financials_as-presented_10-Q_2022-05-03_0001551182-22-000008.xlsx,Balance Sheet,"March 31,2022",Accounts receivable - net,us-gaap:ReceivablesNetCurrent,reported,
balance_sheet,us-gaap:InventoryNet,Inventory,1Q22,3317.0,ETN_SEC-XBRL-financials_as-presented_10-Q_2022-05-03_0001551182-22-000008.xlsx,Balance Sheet,"March 31,2022",Inventory,us-gaap:InventoryNet,reported,
balance_sheet,us-gaap:PrepaidExpenseAndOtherAssetsCurrent,Prepaid expenses and other current assets,1Q22,705.0,ETN_SEC-XBRL-financials_as-presented_10-Q_2022-05-03_0001551182-22-000008.xlsx,Balance Sheet,"March 31,2022",Prepaid expenses and other current assets,us-gaap:PrepaidExpenseAndOtherAssetsCurrent,reported,
balance_sheet,us-gaap:AssetsCurrent,Total current assets,1Q22,8194.0,ETN_SEC-XBRL-financials_as-presented_10-Q_2022-05-03_0001551182-22-000008.xlsx,Balance Sheet,"March 31,2022",Total current assets,us-gaap:AssetsCurrent,reported,
balance_sheet,etn:LandAndBuildings,Land and buildings,1Q22,2245.0,ETN_SEC-XBRL-financials_as-presented_10-Q_2022-05-03_0001551182-22-000008.xlsx,Balance Sheet,"March 31,2022",Land and buildings,etn:LandAndBuildings,reported,
balance_sheet,us-gaap:MachineryAndEquipmentGross,Machinery and equipment,1Q22,5685.0,ETN_SEC-XBRL-financials_as-presented_10-Q_2022-05-03_0001551182-22-000008.xlsx,Balance Sheet,"March 31,2022",Machinery and equipment,us-gaap:MachineryAndEquipmentGross,reported,
balance_sheet,us-gaap:PropertyPlantAndEquipmentGross,"Gross property, plant and equipment",1Q22,7930.0,ETN_SEC-XBRL-financials_as-presented_10-Q_2022-05-03_0001551182-22-000008.xlsx,Balance Sheet,"March 31,2022","Gross property, plant and equipment",us-gaap:PropertyPlantAndEquipmentGross,reported,
balance_sheet,us-gaap:AccumulatedDepreciationDepletionAndAmortizationPropertyPlantAndEquipment,Accumulated depreciation,1Q22,-4832.0,ETN_SEC-XBRL-financials_as-presented_10-Q_2022-05-03_0001551182-22-000008.xlsx,Balance Sheet,"March 31,2022",Accumulated depreciation,us-gaap:AccumulatedDepreciationDepletionAndAmortizationPropertyPlantAndEquipment,reported,
balance_sheet,us-gaap:PropertyPlantAndEquipmentNet,"Net property, plant and equipment",1Q22,3098.0,ETN_SEC-XBRL-financials_as-presented_10-Q_2022-05-03_0001551182-22-000008.xlsx,Balance Sheet,"March 31,2022","Net property, plant and equipment",us-gaap:PropertyPlantAndEquipmentNet,reported,
balance_sheet,us-gaap:Goodwill,Goodwill,1Q22,14955.0,ETN_SEC-XBRL-financials_as-presented_10-Q_2022-05-03_0001551182-22-000008.xlsx,Balance Sheet,"March 31,2022",Goodwill,us-gaap:Goodwill,reported,
balance_sheet,us-gaap:IntangibleAssetsNetExcludingGoodwill,Other intangible assets,1Q22,6012.0,ETN_SEC-XBRL-financials_as-presented_10-Q_2022-05-03_0001551182-22-000008.xlsx,Balance Sheet,"March 31,2022",Other intangible assets,us-gaap:IntangibleAssetsNetExcludingGoodwill,reported,
balance_sheet,us-gaap:OperatingLeaseRightOfUseAsset,Operating lease assets,1Q22,449.0,ETN_SEC-XBRL-financials_as-presented_10-Q_2022-05-03_0001551182-22-000008.xlsx,Balance Sheet,"March 31,2022",Operating lease assets,us-gaap:OperatingLeaseRightOfUseAsset,reported,
balance_sheet,us-gaap:DeferredIncomeTaxAssetsNet,Deferred income taxes,1Q22,388.0,ETN_SEC-XBRL-financials_as-presented_10-Q_2022-05-03_0001551182-22-000008.xlsx,Balance Sheet,"March 31,2022",Deferred income taxes,us-gaap:DeferredIncomeTaxAssetsNet,reported,
balance_sheet,us-gaap:OtherAssetsNoncurrent,Other assets,1Q22,2112.0,ETN_SEC-XBRL-financials_as-presented_10-Q_2022-05-03_0001551182-22-000008.xlsx,Balance Sheet,"March 31,2022",Other assets,us-gaap:OtherAssetsNoncurrent,reported,
balance_sheet,us-gaap:Assets,Total assets,1Q22,35208.0,ETN_SEC-XBRL-financials_as-presented_10-Q_2022-05-03_0001551182-22-000008.xlsx,Balance Sheet,"March 31,2022",Total assets,us-gaap:Assets,reported,
balance_sheet,us-gaap:ShortTermBorrowings,Short-term debt,1Q22,1116.0,ETN_SEC-XBRL-financials_as-presented_10-Q_2022-05-03_0001551182-22-000008.xlsx,Balance Sheet,"March 31,2022",Short-term debt,us-gaap:ShortTermBorrowings,reported,
balance_sheet,us-gaap:LongTermDebtAndCapitalLeaseObligationsCurrent,Current portion of long-term debt,1Q22,1728.0,ETN_SEC-XBRL-financials_as-presented_10-Q_2022-05-03_0001551182-22-000008.xlsx,Balance Sheet,"March 31,2022",Current portion of long-term debt,us-gaap:LongTermDebtAndCapitalLeaseObligationsCurrent,reported,
balance_sheet,us-gaap:AccountsPayableCurrent,Accounts payable,1Q22,2867.0,ETN_SEC-XBRL-financials_as-presented_10-Q_2022-05-03_0001551182-22-000008.xlsx,Balance Sheet,"March 31,2022",Accounts payable,us-gaap:AccountsPayableCurrent,reported,
balance_sheet,us-gaap:EmployeeRelatedLiabilitiesCurrent,Accrued compensation,1Q22,331.0,ETN_SEC-XBRL-financials_as-presented_10-Q_2022-05-03_0001551182-22-000008.xlsx,Balance Sheet,"March 31,2022",Accrued compensation,us-gaap:EmployeeRelatedLiabilitiesCurrent,reported,
balance_sheet,us-gaap:OtherLiabilitiesCurrent,Other current liabilities,1Q22,2214.0,ETN_SEC-XBRL-financials_as-presented_10-Q_2022-05-03_0001551182-22-000008.xlsx,Balance Sheet,"March 31,2022",Other current liabilities,us-gaap:OtherLiabilitiesCurrent,reported,
balance_sheet,us-gaap:LiabilitiesCurrent,Total current liabilities,1Q22,8256.0,ETN_SEC-XBRL-financials_as-presented_10-Q_2022-05-03_0001551182-22-000008.xlsx,Balance Sheet,"March 31,2022",Total current liabilities,us-gaap:LiabilitiesCurrent,reported,
balance_sheet,us-gaap:LongTermDebtAndCapitalLeaseObligations,Long-term debt,1Q22,6763.0,ETN_SEC-XBRL-financials_as-presented_10-Q_2022-05-03_0001551182-22-000008.xlsx,Balance Sheet,"March 31,2022",Long-term debt,us-gaap:LongTermDebtAndCapitalLeaseObligations,reported,
balance_sheet,us-gaap:DefinedBenefitPensionPlanLiabilitiesNoncurrent,Pension liabilities,1Q22,831.0,ETN_SEC-XBRL-financials_as-presented_10-Q_2022-05-03_0001551182-22-000008.xlsx,Balance Sheet,"March 31,2022",Pension liabilities,us-gaap:DefinedBenefitPensionPlanLiabilitiesNoncurrent,reported,
balance_sheet,us-gaap:OtherPostretirementDefinedBenefitPlanLiabilitiesNoncurrent,Other postretirement benefits liabilities,1Q22,260.0,ETN_SEC-XBRL-financials_as-presented_10-Q_2022-05-03_0001551182-22-000008.xlsx,Balance Sheet,"March 31,2022",Other postretirement benefits liabilities,us-gaap:OtherPostretirementDefinedBenefitPlanLiabilitiesNoncurrent,reported,
balance_sheet,us-gaap:OperatingLeaseLiabilityNoncurrent,Operating lease liabilities,1Q22,342.0,ETN_SEC-XBRL-financials_as-presented_10-Q_2022-05-03_0001551182-22-000008.xlsx,Balance Sheet,"March 31,2022",Operating lease liabilities,us-gaap:OperatingLeaseLiabilityNoncurrent,reported,
balance_sheet,us-gaap:DeferredIncomeTaxLiabilitiesNet,Deferred income taxes,1Q22,635.0,ETN_SEC-XBRL-financials_as-presented_10-Q_2022-05-03_0001551182-22-000008.xlsx,Balance Sheet,"March 31,2022",Deferred income taxes,us-gaap:DeferredIncomeTaxLiabilitiesNet,reported,
balance_sheet,us-gaap:OtherLiabilitiesNoncurrent,Other noncurrent liabilities,1Q22,1465.0,ETN_SEC-XBRL-financials_as-presented_10-Q_2022-05-03_0001551182-22-000008.xlsx,Balance Sheet,"March 31,2022",Other noncurrent liabilities,us-gaap:OtherLiabilitiesNoncurrent,reported,
balance_sheet,us-gaap:LiabilitiesNoncurrent,Total noncurrent liabilities,1Q22,10296.0,ETN_SEC-XBRL-financials_as-presented_10-Q_2022-05-03_0001551182-22-000008.xlsx,Balance Sheet,"March 31,2022",Total noncurrent liabilities,us-gaap:LiabilitiesNoncurrent,reported,
balance_sheet,us-gaap:CommonStockSharesOutstanding,Ordinary shares (398.6 million outstanding in 2020 and 413.3 million in 2019),1Q22,4.0,ETN_SEC-XBRL-financials_as-presented_10-Q_2022-05-03_0001551182-22-000008.xlsx,Balance Sheet,"March 31,2022",Ordinary shares (399.0 million outstanding in 2022 and 398.8 million in 2021),us-gaap:CommonStockSharesOutstanding,reported,
balance_sheet,us-gaap:AdditionalPaidInCapitalCommonStock,Capital in excess of par value,1Q22,12427.0,ETN_SEC-XBRL-financials_as-presented_10-Q_2022-05-03_0001551182-22-000008.xlsx,Balance Sheet,"March 31,2022",Capital in excess of par value,us-gaap:AdditionalPaidInCapitalCommonStock,reported,
balance_sheet,us-gaap:RetainedEarningsAccumulatedDeficit,Retained earnings,1Q22,7707.0,ETN_SEC-XBRL-financials_as-presented_10-Q_2022-05-03_0001551182-22-000008.xlsx,Balance Sheet,"March 31,2022",Retained earnings,us-gaap:RetainedEarningsAccumulatedDeficit,reported,
balance_sheet,us-gaap:AccumulatedOtherComprehensiveIncomeLossNetOfTax,Accumulated other comprehensive loss,1Q22,-3517.0,ETN_SEC-XBRL-financials_as-presented_10-Q_2022-05-03_0001551182-22-000008.xlsx,Balance Sheet,"March 31,2022",Accumulated other comprehensive loss,us-gaap:AccumulatedOtherComprehensiveIncomeLossNetOfTax,reported,
balance_sheet,us-gaap:DeferredCompensationEquity,Shares held in trust,1Q22,-1.0,ETN_SEC-XBRL-financials_as-presented_10-Q_2022-05-03_0001551182-22-000008.xlsx,Balance Sheet,"March 31,2022",Shares held in trust,us-gaap:DeferredCompensationEquity,reported,
balance_sheet,us-gaap:StockholdersEquity,Total Eaton shareholders’ equity,1Q22,16620.0,ETN_SEC-XBRL-financials_as-presented_10-Q_2022-05-03_0001551182-22-000008.xlsx,Balance Sheet,"March 31,2022",Total Eaton shareholders’ equity,us-gaap:StockholdersEquity,reported,
balance_sheet,us-gaap:MinorityInterest,Noncontrolling interests,1Q22,36.0,ETN_SEC-XBRL-financials_as-presented_10-Q_2022-05-03_0001551182-22-000008.xlsx,Balance Sheet,"March 31,2022",Noncontrolling interests,us-gaap:MinorityInterest,reported,
balance_sheet,us-gaap:StockholdersEquityIncludingPortionAttributableToNoncontrollingInterest,Total equity,1Q22,16656.0,ETN_SEC-XBRL-financials_as-presented_10-Q_2022-05-03_0001551182-22-000008.xlsx,Balance Sheet,"March 31,2022",Total equity,us-gaap:StockholdersEquityIncludingPortionAttributableToNoncontrollingInterest,reported,
balance_sheet,us-gaap:LiabilitiesAndStockholdersEquity,Total liabilities and equity,1Q22,35208.0,ETN_SEC-XBRL-financials_as-presented_10-Q_2022-05-03_0001551182-22-000008.xlsx,Balance Sheet,"March 31,2022",Total liabilities and equity,us-gaap:LiabilitiesAndStockholdersEquity,reported,
balance_sheet,us-gaap:CashAndCashEquivalentsAtCarryingValue,Cash,2Q22,364.0,ETN_SEC-XBRL-financials_as-presented_10-Q_2022-08-02_0001551182-22-000020.xlsx,Balance Sheet,"June 30,2022",Cash,us-gaap:CashAndCashEquivalentsAtCarryingValue,reported,
balance_sheet,us-gaap:ShortTermInvestments,Short-term investments,2Q22,259.0,ETN_SEC-XBRL-financials_as-presented_10-Q_2022-08-02_0001551182-22-000020.xlsx,Balance Sheet,"June 30,2022",Short-term investments,us-gaap:ShortTermInvestments,reported,
balance_sheet,us-gaap:ReceivablesNetCurrent,Accounts receivable - net,2Q22,3837.0,ETN_SEC-XBRL-financials_as-presented_10-Q_2022-08-02_0001551182-22-000020.xlsx,Balance Sheet,"June 30,2022",Accounts receivable - net,us-gaap:ReceivablesNetCurrent,reported,
balance_sheet,us-gaap:InventoryNet,Inventory,2Q22,3445.0,ETN_SEC-XBRL-financials_as-presented_10-Q_2022-08-02_0001551182-22-000020.xlsx,Balance Sheet,"June 30,2022",Inventory,us-gaap:InventoryNet,reported,
balance_sheet,us-gaap:PrepaidExpenseAndOtherAssetsCurrent,Prepaid expenses and other current assets,2Q22,781.0,ETN_SEC-XBRL-financials_as-presented_10-Q_2022-08-02_0001551182-22-000020.xlsx,Balance Sheet,"June 30,2022",Prepaid expenses and other current assets,us-gaap:PrepaidExpenseAndOtherAssetsCurrent,reported,
balance_sheet,us-gaap:AssetsCurrent,Total current assets,2Q22,8687.0,ETN_SEC-XBRL-financials_as-presented_10-Q_2022-08-02_0001551182-22-000020.xlsx,Balance Sheet,"June 30,2022",Total current assets,us-gaap:AssetsCurrent,reported,
balance_sheet,etn:LandAndBuildings,Land and buildings,2Q22,2156.0,ETN_SEC-XBRL-financials_as-presented_10-Q_2022-08-02_0001551182-22-000020.xlsx,Balance Sheet,"June 30,2022",Land and buildings,etn:LandAndBuildings,reported,
balance_sheet,us-gaap:MachineryAndEquipmentGross,Machinery and equipment,2Q22,5654.0,ETN_SEC-XBRL-financials_as-presented_10-Q_2022-08-02_0001551182-22-000020.xlsx,Balance Sheet,"June 30,2022",Machinery and equipment,us-gaap:MachineryAndEquipmentGross,reported,
balance_sheet,us-gaap:PropertyPlantAndEquipmentGross,"Gross property, plant and equipment",2Q22,7810.0,ETN_SEC-XBRL-financials_as-presented_10-Q_2022-08-02_0001551182-22-000020.xlsx,Balance Sheet,"June 30,2022","Gross property, plant and equipment",us-gaap:PropertyPlantAndEquipmentGross,reported,
balance_sheet,us-gaap:AccumulatedDepreciationDepletionAndAmortizationPropertyPlantAndEquipment,Accumulated depreciation,2Q22,-4768.0,ETN_SEC-XBRL-financials_as-presented_10-Q_2022-08-02_0001551182-22-000020.xlsx,Balance Sheet,"June 30,2022",Accumulated depreciation,us-gaap:AccumulatedDepreciationDepletionAndAmortizationPropertyPlantAndEquipment,reported,
balance_sheet,us-gaap:PropertyPlantAndEquipmentNet,"Net property, plant and equipment",2Q22,3043.0,ETN_SEC-XBRL-financials_as-presented_10-Q_2022-08-02_0001551182-22-000020.xlsx,Balance Sheet,"June 30,2022","Net property, plant and equipment",us-gaap:PropertyPlantAndEquipmentNet,reported,
balance_sheet,us-gaap:Goodwill,Goodwill,2Q22,14805.0,ETN_SEC-XBRL-financials_as-presented_10-Q_2022-08-02_0001551182-22-000020.xlsx,Balance Sheet,"June 30,2022",Goodwill,us-gaap:Goodwill,reported,
balance_sheet,us-gaap:IntangibleAssetsNetExcludingGoodwill,Other intangible assets,2Q22,5689.0,ETN_SEC-XBRL-financials_as-presented_10-Q_2022-08-02_0001551182-22-000020.xlsx,Balance Sheet,"June 30,2022",Other intangible assets,us-gaap:IntangibleAssetsNetExcludingGoodwill,reported,
balance_sheet,us-gaap:OperatingLeaseRightOfUseAsset,Operating lease assets,2Q22,493.0,ETN_SEC-XBRL-financials_as-presented_10-Q_2022-08-02_0001551182-22-000020.xlsx,Balance Sheet,"June 30,2022",Operating lease assets,us-gaap:OperatingLeaseRightOfUseAsset,reported,
balance_sheet,us-gaap:DeferredIncomeTaxAssetsNet,Deferred income taxes,2Q22,403.0,ETN_SEC-XBRL-financials_as-presented_10-Q_2022-08-02_0001551182-22-000020.xlsx,Balance Sheet,"June 30,2022",Deferred income taxes,us-gaap:DeferredIncomeTaxAssetsNet,reported,
balance_sheet,us-gaap:OtherAssetsNoncurrent,Other assets,2Q22,2033.0,ETN_SEC-XBRL-financials_as-presented_10-Q_2022-08-02_0001551182-22-000020.xlsx,Balance Sheet,"June 30,2022",Other assets,us-gaap:OtherAssetsNoncurrent,reported,
balance_sheet,us-gaap:Assets,Total assets,2Q22,35153.0,ETN_SEC-XBRL-financials_as-presented_10-Q_2022-08-02_0001551182-22-000020.xlsx,Balance Sheet,"June 30,2022",Total assets,us-gaap:Assets,reported,
balance_sheet,us-gaap:ShortTermBorrowings,Short-term debt,2Q22,1392.0,ETN_SEC-XBRL-financials_as-presented_10-Q_2022-08-02_0001551182-22-000020.xlsx,Balance Sheet,"June 30,2022",Short-term debt,us-gaap:ShortTermBorrowings,reported,
balance_sheet,us-gaap:LongTermDebtAndCapitalLeaseObligationsCurrent,Current portion of long-term debt,2Q22,2030.0,ETN_SEC-XBRL-financials_as-presented_10-Q_2022-08-02_0001551182-22-000020.xlsx,Balance Sheet,"June 30,2022",Current portion of long-term debt,us-gaap:LongTermDebtAndCapitalLeaseObligationsCurrent,reported,
balance_sheet,us-gaap:AccountsPayableCurrent,Accounts payable,2Q22,3013.0,ETN_SEC-XBRL-financials_as-presented_10-Q_2022-08-02_0001551182-22-000020.xlsx,Balance Sheet,"June 30,2022",Accounts payable,us-gaap:AccountsPayableCurrent,reported,
balance_sheet,us-gaap:EmployeeRelatedLiabilitiesCurrent,Accrued compensation,2Q22,363.0,ETN_SEC-XBRL-financials_as-presented_10-Q_2022-08-02_0001551182-22-000020.xlsx,Balance Sheet,"June 30,2022",Accrued compensation,us-gaap:EmployeeRelatedLiabilitiesCurrent,reported,
balance_sheet,us-gaap:OtherLiabilitiesCurrent,Other current liabilities,2Q22,2176.0,ETN_SEC-XBRL-financials_as-presented_10-Q_2022-08-02_0001551182-22-000020.xlsx,Balance Sheet,"June 30,2022",Other current liabilities,us-gaap:OtherLiabilitiesCurrent,reported,
balance_sheet,us-gaap:LiabilitiesCurrent,Total current liabilities,2Q22,8974.0,ETN_SEC-XBRL-financials_as-presented_10-Q_2022-08-02_0001551182-22-000020.xlsx,Balance Sheet,"June 30,2022",Total current liabilities,us-gaap:LiabilitiesCurrent,reported,
balance_sheet,us-gaap:LongTermDebtAndCapitalLeaseObligations,Long-term debt,2Q22,6277.0,ETN_SEC-XBRL-financials_as-presented_10-Q_2022-08-02_0001551182-22-000020.xlsx,Balance Sheet,"June 30,2022",Long-term debt,us-gaap:LongTermDebtAndCapitalLeaseObligations,reported,
balance_sheet,us-gaap:DefinedBenefitPensionPlanLiabilitiesNoncurrent,Pension liabilities,2Q22,772.0,ETN_SEC-XBRL-financials_as-presented_10-Q_2022-08-02_0001551182-22-000020.xlsx,Balance Sheet,"June 30,2022",Pension liabilities,us-gaap:DefinedBenefitPensionPlanLiabilitiesNoncurrent,reported,
balance_sheet,us-gaap:OtherPostretirementDefinedBenefitPlanLiabilitiesNoncurrent,Other postretirement benefits liabilities,2Q22,253.0,ETN_SEC-XBRL-financials_as-presented_10-Q_2022-08-02_0001551182-22-000020.xlsx,Balance Sheet,"June 30,2022",Other postretirement benefits liabilities,us-gaap:OtherPostretirementDefinedBenefitPlanLiabilitiesNoncurrent,reported,
balance_sheet,us-gaap:OperatingLeaseLiabilityNoncurrent,Operating lease liabilities,2Q22,386.0,ETN_SEC-XBRL-financials_as-presented_10-Q_2022-08-02_0001551182-22-000020.xlsx,Balance Sheet,"June 30,2022",Operating lease liabilities,us-gaap:OperatingLeaseLiabilityNoncurrent,reported,
balance_sheet,us-gaap:DeferredIncomeTaxLiabilitiesNet,Deferred income taxes,2Q22,628.0,ETN_SEC-XBRL-financials_as-presented_10-Q_2022-08-02_0001551182-22-000020.xlsx,Balance Sheet,"June 30,2022",Deferred income taxes,us-gaap:DeferredIncomeTaxLiabilitiesNet,reported,
balance_sheet,us-gaap:OtherLiabilitiesNoncurrent,Other noncurrent liabilities,2Q22,1446.0,ETN_SEC-XBRL-financials_as-presented_10-Q_2022-08-02_0001551182-22-000020.xlsx,Balance Sheet,"June 30,2022",Other noncurrent liabilities,us-gaap:OtherLiabilitiesNoncurrent,reported,
balance_sheet,us-gaap:LiabilitiesNoncurrent,Total noncurrent liabilities,2Q22,9762.0,ETN_SEC-XBRL-financials_as-presented_10-Q_2022-08-02_0001551182-22-000020.xlsx,Balance Sheet,"June 30,2022",Total noncurrent liabilities,us-gaap:LiabilitiesNoncurrent,reported,
balance_sheet,us-gaap:CommonStockSharesOutstanding,Ordinary shares (398.6 million outstanding in 2020 and 413.3 million in 2019),2Q22,4.0,ETN_SEC-XBRL-financials_as-presented_10-Q_2022-08-02_0001551182-22-000020.xlsx,Balance Sheet,"June 30,2022",Ordinary shares (398.3 million outstanding in 2022 and 398.8 million in 2021),us-gaap:CommonStockSharesOutstanding,reported,
balance_sheet,us-gaap:AdditionalPaidInCapitalCommonStock,Capital in excess of par value,2Q22,12452.0,ETN_SEC-XBRL-financials_as-presented_10-Q_2022-08-02_0001551182-22-000020.xlsx,Balance Sheet,"June 30,2022",Capital in excess of par value,us-gaap:AdditionalPaidInCapitalCommonStock,reported,
balance_sheet,us-gaap:RetainedEarningsAccumulatedDeficit,Retained earnings,2Q22,7886.0,ETN_SEC-XBRL-financials_as-presented_10-Q_2022-08-02_0001551182-22-000020.xlsx,Balance Sheet,"June 30,2022",Retained earnings,us-gaap:RetainedEarningsAccumulatedDeficit,reported,
balance_sheet,us-gaap:AccumulatedOtherComprehensiveIncomeLossNetOfTax,Accumulated other comprehensive loss,2Q22,-3961.0,ETN_SEC-XBRL-financials_as-presented_10-Q_2022-08-02_0001551182-22-000020.xlsx,Balance Sheet,"June 30,2022",Accumulated other comprehensive loss,us-gaap:AccumulatedOtherComprehensiveIncomeLossNetOfTax,reported,
balance_sheet,us-gaap:DeferredCompensationEquity,Shares held in trust,2Q22,-1.0,ETN_SEC-XBRL-financials_as-presented_10-Q_2022-08-02_0001551182-22-000020.xlsx,Balance Sheet,"June 30,2022",Shares held in trust,us-gaap:DeferredCompensationEquity,reported,
balance_sheet,us-gaap:StockholdersEquity,Total Eaton shareholders’ equity,2Q22,16380.0,ETN_SEC-XBRL-financials_as-presented_10-Q_2022-08-02_0001551182-22-000020.xlsx,Balance Sheet,"June 30,2022",Total Eaton shareholders’ equity,us-gaap:StockholdersEquity,reported,
balance_sheet,us-gaap:MinorityInterest,Noncontrolling interests,2Q22,36.0,ETN_SEC-XBRL-financials_as-presented_10-Q_2022-08-02_0001551182-22-000020.xlsx,Balance Sheet,"June 30,2022",Noncontrolling interests,us-gaap:MinorityInterest,reported,
balance_sheet,us-gaap:StockholdersEquityIncludingPortionAttributableToNoncontrollingInterest,Total equity,2Q22,16416.0,ETN_SEC-XBRL-financials_as-presented_10-Q_2022-08-02_0001551182-22-000020.xlsx,Balance Sheet,"June 30,2022",Total equity,us-gaap:StockholdersEquityIncludingPortionAttributableToNoncontrollingInterest,reported,
balance_sheet,us-gaap:LiabilitiesAndStockholdersEquity,Total liabilities and equity,2Q22,35153.0,ETN_SEC-XBRL-financials_as-presented_10-Q_2022-08-02_0001551182-22-000020.xlsx,Balance Sheet,"June 30,2022",Total liabilities and equity,us-gaap:LiabilitiesAndStockholdersEquity,reported,
balance_sheet,us-gaap:CashAndCashEquivalentsAtCarryingValue,Cash,3Q22,231.0,ETN_SEC-XBRL-financials_as-presented_10-Q_2022-11-01_0001551182-22-000024.xlsx,Balance Sheet,"September 30,2022",Cash,us-gaap:CashAndCashEquivalentsAtCarryingValue,reported,
balance_sheet,us-gaap:ShortTermInvestments,Short-term investments,3Q22,287.0,ETN_SEC-XBRL-financials_as-presented_10-Q_2022-11-01_0001551182-22-000024.xlsx,Balance Sheet,"September 30,2022",Short-term investments,us-gaap:ShortTermInvestments,reported,
balance_sheet,us-gaap:ReceivablesNetCurrent,Accounts receivable - net,3Q22,3816.0,ETN_SEC-XBRL-financials_as-presented_10-Q_2022-11-01_0001551182-22-000024.xlsx,Balance Sheet,"September 30,2022",Accounts receivable - net,us-gaap:ReceivablesNetCurrent,reported,
balance_sheet,us-gaap:InventoryNet,Inventory,3Q22,3428.0,ETN_SEC-XBRL-financials_as-presented_10-Q_2022-11-01_0001551182-22-000024.xlsx,Balance Sheet,"September 30,2022",Inventory,us-gaap:InventoryNet,reported,
balance_sheet,us-gaap:PrepaidExpenseAndOtherAssetsCurrent,Prepaid expenses and other current assets,3Q22,778.0,ETN_SEC-XBRL-financials_as-presented_10-Q_2022-11-01_0001551182-22-000024.xlsx,Balance Sheet,"September 30,2022",Prepaid expenses and other current assets,us-gaap:PrepaidExpenseAndOtherAssetsCurrent,reported,
balance_sheet,us-gaap:AssetsCurrent,Total current assets,3Q22,8540.0,ETN_SEC-XBRL-financials_as-presented_10-Q_2022-11-01_0001551182-22-000024.xlsx,Balance Sheet,"September 30,2022",Total current assets,us-gaap:AssetsCurrent,reported,
balance_sheet,etn:LandAndBuildings,Land and buildings,3Q22,2049.0,ETN_SEC-XBRL-financials_as-presented_10-Q_2022-11-01_0001551182-22-000024.xlsx,Balance Sheet,"September 30,2022",Land and buildings,etn:LandAndBuildings,reported,
balance_sheet,us-gaap:MachineryAndEquipmentGross,Machinery and equipment,3Q22,5621.0,ETN_SEC-XBRL-financials_as-presented_10-Q_2022-11-01_0001551182-22-000024.xlsx,Balance Sheet,"September 30,2022",Machinery and equipment,us-gaap:MachineryAndEquipmentGross,reported,
balance_sheet,us-gaap:PropertyPlantAndEquipmentGross,"Gross property, plant and equipment",3Q22,7670.0,ETN_SEC-XBRL-financials_as-presented_10-Q_2022-11-01_0001551182-22-000024.xlsx,Balance Sheet,"September 30,2022","Gross property, plant and equipment",us-gaap:PropertyPlantAndEquipmentGross,reported,
balance_sheet,us-gaap:AccumulatedDepreciationDepletionAndAmortizationPropertyPlantAndEquipment,Accumulated depreciation,3Q22,-4702.0,ETN_SEC-XBRL-financials_as-presented_10-Q_2022-11-01_0001551182-22-000024.xlsx,Balance Sheet,"September 30,2022",Accumulated depreciation,us-gaap:AccumulatedDepreciationDepletionAndAmortizationPropertyPlantAndEquipment,reported,
balance_sheet,us-gaap:PropertyPlantAndEquipmentNet,"Net property, plant and equipment",3Q22,2967.0,ETN_SEC-XBRL-financials_as-presented_10-Q_2022-11-01_0001551182-22-000024.xlsx,Balance Sheet,"September 30,2022","Net property, plant and equipment",us-gaap:PropertyPlantAndEquipmentNet,reported,
balance_sheet,us-gaap:Goodwill,Goodwill,3Q22,14479.0,ETN_SEC-XBRL-financials_as-presented_10-Q_2022-11-01_0001551182-22-000024.xlsx,Balance Sheet,"September 30,2022",Goodwill,us-gaap:Goodwill,reported,
balance_sheet,us-gaap:IntangibleAssetsNetExcludingGoodwill,Other intangible assets,3Q22,5492.0,ETN_SEC-XBRL-financials_as-presented_10-Q_2022-11-01_0001551182-22-000024.xlsx,Balance Sheet,"September 30,2022",Other intangible assets,us-gaap:IntangibleAssetsNetExcludingGoodwill,reported,
balance_sheet,us-gaap:OperatingLeaseRightOfUseAsset,Operating lease assets,3Q22,555.0,ETN_SEC-XBRL-financials_as-presented_10-Q_2022-11-01_0001551182-22-000024.xlsx,Balance Sheet,"September 30,2022",Operating lease assets,us-gaap:OperatingLeaseRightOfUseAsset,reported,
balance_sheet,us-gaap:DeferredIncomeTaxAssetsNet,Deferred income taxes,3Q22,386.0,ETN_SEC-XBRL-financials_as-presented_10-Q_2022-11-01_0001551182-22-000024.xlsx,Balance Sheet,"September 30,2022",Deferred income taxes,us-gaap:DeferredIncomeTaxAssetsNet,reported,
balance_sheet,us-gaap:OtherAssetsNoncurrent,Other assets,3Q22,1946.0,ETN_SEC-XBRL-financials_as-presented_10-Q_2022-11-01_0001551182-22-000024.xlsx,Balance Sheet,"September 30,2022",Other assets,us-gaap:OtherAssetsNoncurrent,reported,
balance_sheet,us-gaap:Assets,Total assets,3Q22,34364.0,ETN_SEC-XBRL-financials_as-presented_10-Q_2022-11-01_0001551182-22-000024.xlsx,Balance Sheet,"September 30,2022",Total assets,us-gaap:Assets,reported,
balance_sheet,us-gaap:ShortTermBorrowings,Short-term debt,3Q22,903.0,ETN_SEC-XBRL-financials_as-presented_10-Q_2022-11-01_0001551182-22-000024.xlsx,Balance Sheet,"September 30,2022",Short-term debt,us-gaap:ShortTermBorrowings,reported,
balance_sheet,us-gaap:LongTermDebtAndCapitalLeaseObligationsCurrent,Current portion of long-term debt,3Q22,23.0,ETN_SEC-XBRL-financials_as-presented_10-Q_2022-11-01_0001551182-22-000024.xlsx,Balance Sheet,"September 30,2022",Current portion of long-term debt,us-gaap:LongTermDebtAndCapitalLeaseObligationsCurrent,reported,
balance_sheet,us-gaap:AccountsPayableCurrent,Accounts payable,3Q22,2937.0,ETN_SEC-XBRL-financials_as-presented_10-Q_2022-11-01_0001551182-22-000024.xlsx,Balance Sheet,"September 30,2022",Accounts payable,us-gaap:AccountsPayableCurrent,reported,
balance_sheet,us-gaap:EmployeeRelatedLiabilitiesCurrent,Accrued compensation,3Q22,432.0,ETN_SEC-XBRL-financials_as-presented_10-Q_2022-11-01_0001551182-22-000024.xlsx,Balance Sheet,"September 30,2022",Accrued compensation,us-gaap:EmployeeRelatedLiabilitiesCurrent,reported,
balance_sheet,us-gaap:OtherLiabilitiesCurrent,Other current liabilities,3Q22,2358.0,ETN_SEC-XBRL-financials_as-presented_10-Q_2022-11-01_0001551182-22-000024.xlsx,Balance Sheet,"September 30,2022",Other current liabilities,us-gaap:OtherLiabilitiesCurrent,reported,
balance_sheet,us-gaap:LiabilitiesCurrent,Total current liabilities,3Q22,6653.0,ETN_SEC-XBRL-financials_as-presented_10-Q_2022-11-01_0001551182-22-000024.xlsx,Balance Sheet,"September 30,2022",Total current liabilities,us-gaap:LiabilitiesCurrent,reported,
balance_sheet,us-gaap:LongTermDebtAndCapitalLeaseObligations,Long-term debt,3Q22,8082.0,ETN_SEC-XBRL-financials_as-presented_10-Q_2022-11-01_0001551182-22-000024.xlsx,Balance Sheet,"September 30,2022",Long-term debt,us-gaap:LongTermDebtAndCapitalLeaseObligations,reported,
balance_sheet,us-gaap:DefinedBenefitPensionPlanLiabilitiesNoncurrent,Pension liabilities,3Q22,817.0,ETN_SEC-XBRL-financials_as-presented_10-Q_2022-11-01_0001551182-22-000024.xlsx,Balance Sheet,"September 30,2022",Pension liabilities,us-gaap:DefinedBenefitPensionPlanLiabilitiesNoncurrent,reported,
balance_sheet,us-gaap:OtherPostretirementDefinedBenefitPlanLiabilitiesNoncurrent,Other postretirement benefits liabilities,3Q22,246.0,ETN_SEC-XBRL-financials_as-presented_10-Q_2022-11-01_0001551182-22-000024.xlsx,Balance Sheet,"September 30,2022",Other postretirement benefits liabilities,us-gaap:OtherPostretirementDefinedBenefitPlanLiabilitiesNoncurrent,reported,
balance_sheet,us-gaap:OperatingLeaseLiabilityNoncurrent,Operating lease liabilities,3Q22,447.0,ETN_SEC-XBRL-financials_as-presented_10-Q_2022-11-01_0001551182-22-000024.xlsx,Balance Sheet,"September 30,2022",Operating lease liabilities,us-gaap:OperatingLeaseLiabilityNoncurrent,reported,
balance_sheet,us-gaap:DeferredIncomeTaxLiabilitiesNet,Deferred income taxes,3Q22,527.0,ETN_SEC-XBRL-financials_as-presented_10-Q_2022-11-01_0001551182-22-000024.xlsx,Balance Sheet,"September 30,2022",Deferred income taxes,us-gaap:DeferredIncomeTaxLiabilitiesNet,reported,
balance_sheet,us-gaap:OtherLiabilitiesNoncurrent,Other noncurrent liabilities,3Q22,1489.0,ETN_SEC-XBRL-financials_as-presented_10-Q_2022-11-01_0001551182-22-000024.xlsx,Balance Sheet,"September 30,2022",Other noncurrent liabilities,us-gaap:OtherLiabilitiesNoncurrent,reported,
balance_sheet,us-gaap:LiabilitiesNoncurrent,Total noncurrent liabilities,3Q22,11608.0,ETN_SEC-XBRL-financials_as-presented_10-Q_2022-11-01_0001551182-22-000024.xlsx,Balance Sheet,"September 30,2022",Total noncurrent liabilities,us-gaap:LiabilitiesNoncurrent,reported,
balance_sheet,us-gaap:CommonStockSharesOutstanding,Ordinary shares (398.6 million outstanding in 2020 and 413.3 million in 2019),3Q22,4.0,ETN_SEC-XBRL-financials_as-presented_10-Q_2022-11-01_0001551182-22-000024.xlsx,Balance Sheet,"September 30,2022",Ordinary shares (397.7 million outstanding in 2022 and 398.8 million in 2021),us-gaap:CommonStockSharesOutstanding,reported,
balance_sheet,us-gaap:AdditionalPaidInCapitalCommonStock,Capital in excess of par value,3Q22,12478.0,ETN_SEC-XBRL-financials_as-presented_10-Q_2022-11-01_0001551182-22-000024.xlsx,Balance Sheet,"September 30,2022",Capital in excess of par value,us-gaap:AdditionalPaidInCapitalCommonStock,reported,
balance_sheet,us-gaap:RetainedEarningsAccumulatedDeficit,Retained earnings,3Q22,8070.0,ETN_SEC-XBRL-financials_as-presented_10-Q_2022-11-01_0001551182-22-000024.xlsx,Balance Sheet,"September 30,2022",Retained earnings,us-gaap:RetainedEarningsAccumulatedDeficit,reported,
balance_sheet,us-gaap:AccumulatedOtherComprehensiveIncomeLossNetOfTax,Accumulated other comprehensive loss,3Q22,-4483.0,ETN_SEC-XBRL-financials_as-presented_10-Q_2022-11-01_0001551182-22-000024.xlsx,Balance Sheet,"September 30,2022",Accumulated other comprehensive loss,us-gaap:AccumulatedOtherComprehensiveIncomeLossNetOfTax,reported,
balance_sheet,us-gaap:DeferredCompensationEquity,Shares held in trust,3Q22,-1.0,ETN_SEC-XBRL-financials_as-presented_10-Q_2022-11-01_0001551182-22-000024.xlsx,Balance Sheet,"September 30,2022",Shares held in trust,us-gaap:DeferredCompensationEquity,reported,
balance_sheet,us-gaap:StockholdersEquity,Total Eaton shareholders’ equity,3Q22,16068.0,ETN_SEC-XBRL-financials_as-presented_10-Q_2022-11-01_0001551182-22-000024.xlsx,Balance Sheet,"September 30,2022",Total Eaton shareholders’ equity,us-gaap:StockholdersEquity,reported,
balance_sheet,us-gaap:MinorityInterest,Noncontrolling interests,3Q22,35.0,ETN_SEC-XBRL-financials_as-presented_10-Q_2022-11-01_0001551182-22-000024.xlsx,Balance Sheet,"September 30,2022",Noncontrolling interests,us-gaap:MinorityInterest,reported,
balance_sheet,us-gaap:StockholdersEquityIncludingPortionAttributableToNoncontrollingInterest,Total equity,3Q22,16103.0,ETN_SEC-XBRL-financials_as-presented_10-Q_2022-11-01_0001551182-22-000024.xlsx,Balance Sheet,"September 30,2022",Total equity,us-gaap:StockholdersEquityIncludingPortionAttributableToNoncontrollingInterest,reported,
balance_sheet,us-gaap:LiabilitiesAndStockholdersEquity,Total liabilities and equity,3Q22,34364.0,ETN_SEC-XBRL-financials_as-presented_10-Q_2022-11-01_0001551182-22-000024.xlsx,Balance Sheet,"September 30,2022",Total liabilities and equity,us-gaap:LiabilitiesAndStockholdersEquity,reported,
balance_sheet,us-gaap:CashAndCashEquivalentsAtCarryingValue,Cash,1Q23,235.0,ETN_SEC-XBRL-financials_as-presented_10-Q_2023-05-02_0001551182-23-000008.xlsx,Balance Sheet,"March 31,2023",Cash,us-gaap:CashAndCashEquivalentsAtCarryingValue,reported,
balance_sheet,us-gaap:ShortTermInvestments,Short-term investments,1Q23,289.0,ETN_SEC-XBRL-financials_as-presented_10-Q_2023-05-02_0001551182-23-000008.xlsx,Balance Sheet,"March 31,2023",Short-term investments,us-gaap:ShortTermInvestments,reported,
balance_sheet,us-gaap:ReceivablesNetCurrent,Accounts receivable - net,1Q23,4239.0,ETN_SEC-XBRL-financials_as-presented_10-Q_2023-05-02_0001551182-23-000008.xlsx,Balance Sheet,"March 31,2023",Accounts receivable - net,us-gaap:ReceivablesNetCurrent,reported,
balance_sheet,us-gaap:InventoryNet,Inventory,1Q23,3604.0,ETN_SEC-XBRL-financials_as-presented_10-Q_2023-05-02_0001551182-23-000008.xlsx,Balance Sheet,"March 31,2023",Inventory,us-gaap:InventoryNet,reported,
balance_sheet,us-gaap:PrepaidExpenseAndOtherAssetsCurrent,Prepaid expenses and other current assets,1Q23,772.0,ETN_SEC-XBRL-financials_as-presented_10-Q_2023-05-02_0001551182-23-000008.xlsx,Balance Sheet,"March 31,2023",Prepaid expenses and other current assets,us-gaap:PrepaidExpenseAndOtherAssetsCurrent,reported,
balance_sheet,us-gaap:AssetsCurrent,Total current assets,1Q23,9138.0,ETN_SEC-XBRL-financials_as-presented_10-Q_2023-05-02_0001551182-23-000008.xlsx,Balance Sheet,"March 31,2023",Total current assets,us-gaap:AssetsCurrent,reported,
balance_sheet,etn:LandAndBuildings,Land and buildings,1Q23,2174.0,ETN_SEC-XBRL-financials_as-presented_10-Q_2023-05-02_0001551182-23-000008.xlsx,Balance Sheet,"March 31,2023",Land and buildings,etn:LandAndBuildings,reported,
balance_sheet,us-gaap:MachineryAndEquipmentGross,Machinery and equipment,1Q23,6021.0,ETN_SEC-XBRL-financials_as-presented_10-Q_2023-05-02_0001551182-23-000008.xlsx,Balance Sheet,"March 31,2023",Machinery and equipment,us-gaap:MachineryAndEquipmentGross,reported,
balance_sheet,us-gaap:PropertyPlantAndEquipmentGross,"Gross property, plant and equipment",1Q23,8195.0,ETN_SEC-XBRL-financials_as-presented_10-Q_2023-05-02_0001551182-23-000008.xlsx,Balance Sheet,"March 31,2023","Gross property, plant and equipment",us-gaap:PropertyPlantAndEquipmentGross,reported,
balance_sheet,us-gaap:AccumulatedDepreciationDepletionAndAmortizationPropertyPlantAndEquipment,Accumulated depreciation,1Q23,-4989.0,ETN_SEC-XBRL-financials_as-presented_10-Q_2023-05-02_0001551182-23-000008.xlsx,Balance Sheet,"March 31,2023",Accumulated depreciation,us-gaap:AccumulatedDepreciationDepletionAndAmortizationPropertyPlantAndEquipment,reported,
balance_sheet,us-gaap:PropertyPlantAndEquipmentNet,"Net property, plant and equipment",1Q23,3206.0,ETN_SEC-XBRL-financials_as-presented_10-Q_2023-05-02_0001551182-23-000008.xlsx,Balance Sheet,"March 31,2023","Net property, plant and equipment",us-gaap:PropertyPlantAndEquipmentNet,reported,
balance_sheet,us-gaap:Goodwill,Goodwill,1Q23,14894.0,ETN_SEC-XBRL-financials_as-presented_10-Q_2023-05-02_0001551182-23-000008.xlsx,Balance Sheet,"March 31,2023",Goodwill,us-gaap:Goodwill,reported,
balance_sheet,us-gaap:IntangibleAssetsNetExcludingGoodwill,Other intangible assets,1Q23,5386.0,ETN_SEC-XBRL-financials_as-presented_10-Q_2023-05-02_0001551182-23-000008.xlsx,Balance Sheet,"March 31,2023",Other intangible assets,us-gaap:IntangibleAssetsNetExcludingGoodwill,reported,
balance_sheet,us-gaap:OperatingLeaseRightOfUseAsset,Operating lease assets,1Q23,579.0,ETN_SEC-XBRL-financials_as-presented_10-Q_2023-05-02_0001551182-23-000008.xlsx,Balance Sheet,"March 31,2023",Operating lease assets,us-gaap:OperatingLeaseRightOfUseAsset,reported,
balance_sheet,us-gaap:DeferredIncomeTaxAssetsNet,Deferred income taxes,1Q23,340.0,ETN_SEC-XBRL-financials_as-presented_10-Q_2023-05-02_0001551182-23-000008.xlsx,Balance Sheet,"March 31,2023",Deferred income taxes,us-gaap:DeferredIncomeTaxAssetsNet,reported,
balance_sheet,us-gaap:OtherAssetsNoncurrent,Other assets,1Q23,1975.0,ETN_SEC-XBRL-financials_as-presented_10-Q_2023-05-02_0001551182-23-000008.xlsx,Balance Sheet,"March 31,2023",Other assets,us-gaap:OtherAssetsNoncurrent,reported,
balance_sheet,us-gaap:Assets,Total assets,1Q23,35517.0,ETN_SEC-XBRL-financials_as-presented_10-Q_2023-05-02_0001551182-23-000008.xlsx,Balance Sheet,"March 31,2023",Total assets,us-gaap:Assets,reported,
balance_sheet,us-gaap:ShortTermBorrowings,Short-term debt,1Q23,87.0,ETN_SEC-XBRL-financials_as-presented_10-Q_2023-05-02_0001551182-23-000008.xlsx,Balance Sheet,"March 31,2023",Short-term debt,us-gaap:ShortTermBorrowings,reported,
balance_sheet,us-gaap:LongTermDebtAndCapitalLeaseObligationsCurrent,Current portion of long-term debt,1Q23,8.0,ETN_SEC-XBRL-financials_as-presented_10-Q_2023-05-02_0001551182-23-000008.xlsx,Balance Sheet,"March 31,2023",Current portion of long-term debt,us-gaap:LongTermDebtAndCapitalLeaseObligationsCurrent,reported,
balance_sheet,us-gaap:AccountsPayableCurrent,Accounts payable,1Q23,3118.0,ETN_SEC-XBRL-financials_as-presented_10-Q_2023-05-02_0001551182-23-000008.xlsx,Balance Sheet,"March 31,2023",Accounts payable,us-gaap:AccountsPayableCurrent,reported,
balance_sheet,us-gaap:EmployeeRelatedLiabilitiesCurrent,Accrued compensation,1Q23,350.0,ETN_SEC-XBRL-financials_as-presented_10-Q_2023-05-02_0001551182-23-000008.xlsx,Balance Sheet,"March 31,2023",Accrued compensation,us-gaap:EmployeeRelatedLiabilitiesCurrent,reported,
balance_sheet,us-gaap:OtherLiabilitiesCurrent,Other current liabilities,1Q23,2524.0,ETN_SEC-XBRL-financials_as-presented_10-Q_2023-05-02_0001551182-23-000008.xlsx,Balance Sheet,"March 31,2023",Other current liabilities,us-gaap:OtherLiabilitiesCurrent,reported,
balance_sheet,us-gaap:LiabilitiesCurrent,Total current liabilities,1Q23,6087.0,ETN_SEC-XBRL-financials_as-presented_10-Q_2023-05-02_0001551182-23-000008.xlsx,Balance Sheet,"March 31,2023",Total current liabilities,us-gaap:LiabilitiesCurrent,reported,
balance_sheet,us-gaap:LongTermDebtAndCapitalLeaseObligations,Long-term debt,1Q23,8701.0,ETN_SEC-XBRL-financials_as-presented_10-Q_2023-05-02_0001551182-23-000008.xlsx,Balance Sheet,"March 31,2023",Long-term debt,us-gaap:LongTermDebtAndCapitalLeaseObligations,reported,
balance_sheet,us-gaap:DefinedBenefitPensionPlanLiabilitiesNoncurrent,Pension liabilities,1Q23,651.0,ETN_SEC-XBRL-financials_as-presented_10-Q_2023-05-02_0001551182-23-000008.xlsx,Balance Sheet,"March 31,2023",Pension liabilities,us-gaap:DefinedBenefitPensionPlanLiabilitiesNoncurrent,reported,
balance_sheet,us-gaap:OtherPostretirementDefinedBenefitPlanLiabilitiesNoncurrent,Other postretirement benefits liabilities,1Q23,174.0,ETN_SEC-XBRL-financials_as-presented_10-Q_2023-05-02_0001551182-23-000008.xlsx,Balance Sheet,"March 31,2023",Other postretirement benefits liabilities,us-gaap:OtherPostretirementDefinedBenefitPlanLiabilitiesNoncurrent,reported,
balance_sheet,us-gaap:OperatingLeaseLiabilityNoncurrent,Operating lease liabilities,1Q23,466.0,ETN_SEC-XBRL-financials_as-presented_10-Q_2023-05-02_0001551182-23-000008.xlsx,Balance Sheet,"March 31,2023",Operating lease liabilities,us-gaap:OperatingLeaseLiabilityNoncurrent,reported,
balance_sheet,us-gaap:DeferredIncomeTaxLiabilitiesNet,Deferred income taxes,1Q23,537.0,ETN_SEC-XBRL-financials_as-presented_10-Q_2023-05-02_0001551182-23-000008.xlsx,Balance Sheet,"March 31,2023",Deferred income taxes,us-gaap:DeferredIncomeTaxLiabilitiesNet,reported,
balance_sheet,us-gaap:OtherLiabilitiesNoncurrent,Other noncurrent liabilities,1Q23,1417.0,ETN_SEC-XBRL-financials_as-presented_10-Q_2023-05-02_0001551182-23-000008.xlsx,Balance Sheet,"March 31,2023",Other noncurrent liabilities,us-gaap:OtherLiabilitiesNoncurrent,reported,
balance_sheet,us-gaap:LiabilitiesNoncurrent,Total noncurrent liabilities,1Q23,11946.0,ETN_SEC-XBRL-financials_as-presented_10-Q_2023-05-02_0001551182-23-000008.xlsx,Balance Sheet,"March 31,2023",Total noncurrent liabilities,us-gaap:LiabilitiesNoncurrent,reported,
balance_sheet,us-gaap:CommonStockSharesOutstanding,Ordinary shares (398.6 million outstanding in 2020 and 413.3 million in 2019),1Q23,4.0,ETN_SEC-XBRL-financials_as-presented_10-Q_2023-05-02_0001551182-23-000008.xlsx,Balance Sheet,"March 31,2023",Ordinary shares (398.6 million outstanding in 2023 and 397.8 million in 2022),us-gaap:CommonStockSharesOutstanding,reported,
balance_sheet,us-gaap:AdditionalPaidInCapitalCommonStock,Capital in excess of par value,1Q23,12502.0,ETN_SEC-XBRL-financials_as-presented_10-Q_2023-05-02_0001551182-23-000008.xlsx,Balance Sheet,"March 31,2023",Capital in excess of par value,us-gaap:AdditionalPaidInCapitalCommonStock,reported,
balance_sheet,us-gaap:RetainedEarningsAccumulatedDeficit,Retained earnings,1Q23,8757.0,ETN_SEC-XBRL-financials_as-presented_10-Q_2023-05-02_0001551182-23-000008.xlsx,Balance Sheet,"March 31,2023",Retained earnings,us-gaap:RetainedEarningsAccumulatedDeficit,reported,
balance_sheet,us-gaap:AccumulatedOtherComprehensiveIncomeLossNetOfTax,Accumulated other comprehensive loss,1Q23,-3814.0,ETN_SEC-XBRL-financials_as-presented_10-Q_2023-05-02_0001551182-23-000008.xlsx,Balance Sheet,"March 31,2023",Accumulated other comprehensive loss,us-gaap:AccumulatedOtherComprehensiveIncomeLossNetOfTax,reported,
balance_sheet,us-gaap:StockholdersEquity,Total Eaton shareholders’ equity,1Q23,17449.0,ETN_SEC-XBRL-financials_as-presented_10-Q_2023-05-02_0001551182-23-000008.xlsx,Balance Sheet,"March 31,2023",Total Eaton shareholders’ equity,us-gaap:StockholdersEquity,reported,
balance_sheet,us-gaap:MinorityInterest,Noncontrolling interests,1Q23,36.0,ETN_SEC-XBRL-financials_as-presented_10-Q_2023-05-02_0001551182-23-000008.xlsx,Balance Sheet,"March 31,2023",Noncontrolling interests,us-gaap:MinorityInterest,reported,
balance_sheet,us-gaap:StockholdersEquityIncludingPortionAttributableToNoncontrollingInterest,Total equity,1Q23,17485.0,ETN_SEC-XBRL-financials_as-presented_10-Q_2023-05-02_0001551182-23-000008.xlsx,Balance Sheet,"March 31,2023",Total equity,us-gaap:StockholdersEquityIncludingPortionAttributableToNoncontrollingInterest,reported,
balance_sheet,us-gaap:LiabilitiesAndStockholdersEquity,Total liabilities and equity,1Q23,35517.0,ETN_SEC-XBRL-financials_as-presented_10-Q_2023-05-02_0001551182-23-000008.xlsx,Balance Sheet,"March 31,2023",Total liabilities and equity,us-gaap:LiabilitiesAndStockholdersEquity,reported,
balance_sheet,us-gaap:CashAndCashEquivalentsAtCarryingValue,Cash,2Q23,353.0,ETN_SEC-XBRL-financials_as-presented_10-Q_2023-08-01_0001551182-23-000024.xlsx,Balance Sheet,"June 30,2023",Cash,us-gaap:CashAndCashEquivalentsAtCarryingValue,reported,
balance_sheet,us-gaap:ShortTermInvestments,Short-term investments,2Q23,977.0,ETN_SEC-XBRL-financials_as-presented_10-Q_2023-08-01_0001551182-23-000024.xlsx,Balance Sheet,"June 30,2023",Short-term investments,us-gaap:ShortTermInvestments,reported,
balance_sheet,us-gaap:ReceivablesNetCurrent,Accounts receivable - net,2Q23,4399.0,ETN_SEC-XBRL-financials_as-presented_10-Q_2023-08-01_0001551182-23-000024.xlsx,Balance Sheet,"June 30,2023",Accounts receivable - net,us-gaap:ReceivablesNetCurrent,reported,
balance_sheet,us-gaap:InventoryNet,Inventory,2Q23,3670.0,ETN_SEC-XBRL-financials_as-presented_10-Q_2023-08-01_0001551182-23-000024.xlsx,Balance Sheet,"June 30,2023",Inventory,us-gaap:InventoryNet,reported,
balance_sheet,us-gaap:PrepaidExpenseAndOtherAssetsCurrent,Prepaid expenses and other current assets,2Q23,904.0,ETN_SEC-XBRL-financials_as-presented_10-Q_2023-08-01_0001551182-23-000024.xlsx,Balance Sheet,"June 30,2023",Prepaid expenses and other current assets,us-gaap:PrepaidExpenseAndOtherAssetsCurrent,reported,
balance_sheet,us-gaap:AssetsCurrent,Total current assets,2Q23,10303.0,ETN_SEC-XBRL-financials_as-presented_10-Q_2023-08-01_0001551182-23-000024.xlsx,Balance Sheet,"June 30,2023",Total current assets,us-gaap:AssetsCurrent,reported,
balance_sheet,etn:LandAndBuildings,Land and buildings,2Q23,2198.0,ETN_SEC-XBRL-financials_as-presented_10-Q_2023-08-01_0001551182-23-000024.xlsx,Balance Sheet,"June 30,2023",Land and buildings,etn:LandAndBuildings,reported,
balance_sheet,us-gaap:MachineryAndEquipmentGross,Machinery and equipment,2Q23,6139.0,ETN_SEC-XBRL-financials_as-presented_10-Q_2023-08-01_0001551182-23-000024.xlsx,Balance Sheet,"June 30,2023",Machinery and equipment,us-gaap:MachineryAndEquipmentGross,reported,
balance_sheet,us-gaap:PropertyPlantAndEquipmentGross,"Gross property, plant and equipment",2Q23,8337.0,ETN_SEC-XBRL-financials_as-presented_10-Q_2023-08-01_0001551182-23-000024.xlsx,Balance Sheet,"June 30,2023","Gross property, plant and equipment",us-gaap:PropertyPlantAndEquipmentGross,reported,
balance_sheet,us-gaap:AccumulatedDepreciationDepletionAndAmortizationPropertyPlantAndEquipment,Accumulated depreciation,2Q23,-5071.0,ETN_SEC-XBRL-financials_as-presented_10-Q_2023-08-01_0001551182-23-000024.xlsx,Balance Sheet,"June 30,2023",Accumulated depreciation,us-gaap:AccumulatedDepreciationDepletionAndAmortizationPropertyPlantAndEquipment,reported,
balance_sheet,us-gaap:PropertyPlantAndEquipmentNet,"Net property, plant and equipment",2Q23,3267.0,ETN_SEC-XBRL-financials_as-presented_10-Q_2023-08-01_0001551182-23-000024.xlsx,Balance Sheet,"June 30,2023","Net property, plant and equipment",us-gaap:PropertyPlantAndEquipmentNet,reported,
balance_sheet,us-gaap:Goodwill,Goodwill,2Q23,14914.0,ETN_SEC-XBRL-financials_as-presented_10-Q_2023-08-01_0001551182-23-000024.xlsx,Balance Sheet,"June 30,2023",Goodwill,us-gaap:Goodwill,reported,
balance_sheet,us-gaap:IntangibleAssetsNetExcludingGoodwill,Other intangible assets,2Q23,5285.0,ETN_SEC-XBRL-financials_as-presented_10-Q_2023-08-01_0001551182-23-000024.xlsx,Balance Sheet,"June 30,2023",Other intangible assets,us-gaap:IntangibleAssetsNetExcludingGoodwill,reported,
balance_sheet,us-gaap:OperatingLeaseRightOfUseAsset,Operating lease assets,2Q23,594.0,ETN_SEC-XBRL-financials_as-presented_10-Q_2023-08-01_0001551182-23-000024.xlsx,Balance Sheet,"June 30,2023",Operating lease assets,us-gaap:OperatingLeaseRightOfUseAsset,reported,
balance_sheet,us-gaap:DeferredIncomeTaxAssetsNet,Deferred income taxes,2Q23,354.0,ETN_SEC-XBRL-financials_as-presented_10-Q_2023-08-01_0001551182-23-000024.xlsx,Balance Sheet,"June 30,2023",Deferred income taxes,us-gaap:DeferredIncomeTaxAssetsNet,reported,
balance_sheet,us-gaap:OtherAssetsNoncurrent,Other assets,2Q23,2056.0,ETN_SEC-XBRL-financials_as-presented_10-Q_2023-08-01_0001551182-23-000024.xlsx,Balance Sheet,"June 30,2023",Other assets,us-gaap:OtherAssetsNoncurrent,reported,
balance_sheet,us-gaap:Assets,Total assets,2Q23,36772.0,ETN_SEC-XBRL-financials_as-presented_10-Q_2023-08-01_0001551182-23-000024.xlsx,Balance Sheet,"June 30,2023",Total assets,us-gaap:Assets,reported,
balance_sheet,us-gaap:ShortTermBorrowings,Short-term debt,2Q23,94.0,ETN_SEC-XBRL-financials_as-presented_10-Q_2023-08-01_0001551182-23-000024.xlsx,Balance Sheet,"June 30,2023",Short-term debt,us-gaap:ShortTermBorrowings,reported,
balance_sheet,us-gaap:LongTermDebtAndCapitalLeaseObligationsCurrent,Current portion of long-term debt,2Q23,402.0,ETN_SEC-XBRL-financials_as-presented_10-Q_2023-08-01_0001551182-23-000024.xlsx,Balance Sheet,"June 30,2023",Current portion of long-term debt,us-gaap:LongTermDebtAndCapitalLeaseObligationsCurrent,reported,
balance_sheet,us-gaap:AccountsPayableCurrent,Accounts payable,2Q23,3192.0,ETN_SEC-XBRL-financials_as-presented_10-Q_2023-08-01_0001551182-23-000024.xlsx,Balance Sheet,"June 30,2023",Accounts payable,us-gaap:AccountsPayableCurrent,reported,
balance_sheet,us-gaap:EmployeeRelatedLiabilitiesCurrent,Accrued compensation,2Q23,465.0,ETN_SEC-XBRL-financials_as-presented_10-Q_2023-08-01_0001551182-23-000024.xlsx,Balance Sheet,"June 30,2023",Accrued compensation,us-gaap:EmployeeRelatedLiabilitiesCurrent,reported,
balance_sheet,us-gaap:OtherLiabilitiesCurrent,Other current liabilities,2Q23,2571.0,ETN_SEC-XBRL-financials_as-presented_10-Q_2023-08-01_0001551182-23-000024.xlsx,Balance Sheet,"June 30,2023",Other current liabilities,us-gaap:OtherLiabilitiesCurrent,reported,
balance_sheet,us-gaap:LiabilitiesCurrent,Total current liabilities,2Q23,6725.0,ETN_SEC-XBRL-financials_as-presented_10-Q_2023-08-01_0001551182-23-000024.xlsx,Balance Sheet,"June 30,2023",Total current liabilities,us-gaap:LiabilitiesCurrent,reported,
balance_sheet,us-gaap:LongTermDebtAndCapitalLeaseObligations,Long-term debt,2Q23,8804.0,ETN_SEC-XBRL-financials_as-presented_10-Q_2023-08-01_0001551182-23-000024.xlsx,Balance Sheet,"June 30,2023",Long-term debt,us-gaap:LongTermDebtAndCapitalLeaseObligations,reported,
balance_sheet,us-gaap:DefinedBenefitPensionPlanLiabilitiesNoncurrent,Pension liabilities,2Q23,642.0,ETN_SEC-XBRL-financials_as-presented_10-Q_2023-08-01_0001551182-23-000024.xlsx,Balance Sheet,"June 30,2023",Pension liabilities,us-gaap:DefinedBenefitPensionPlanLiabilitiesNoncurrent,reported,
balance_sheet,us-gaap:OtherPostretirementDefinedBenefitPlanLiabilitiesNoncurrent,Other postretirement benefits liabilities,2Q23,173.0,ETN_SEC-XBRL-financials_as-presented_10-Q_2023-08-01_0001551182-23-000024.xlsx,Balance Sheet,"June 30,2023",Other postretirement benefits liabilities,us-gaap:OtherPostretirementDefinedBenefitPlanLiabilitiesNoncurrent,reported,
balance_sheet,us-gaap:OperatingLeaseLiabilityNoncurrent,Operating lease liabilities,2Q23,482.0,ETN_SEC-XBRL-financials_as-presented_10-Q_2023-08-01_0001551182-23-000024.xlsx,Balance Sheet,"June 30,2023",Operating lease liabilities,us-gaap:OperatingLeaseLiabilityNoncurrent,reported,
balance_sheet,us-gaap:DeferredIncomeTaxLiabilitiesNet,Deferred income taxes,2Q23,531.0,ETN_SEC-XBRL-financials_as-presented_10-Q_2023-08-01_0001551182-23-000024.xlsx,Balance Sheet,"June 30,2023",Deferred income taxes,us-gaap:DeferredIncomeTaxLiabilitiesNet,reported,
balance_sheet,us-gaap:OtherLiabilitiesNoncurrent,Other noncurrent liabilities,2Q23,1428.0,ETN_SEC-XBRL-financials_as-presented_10-Q_2023-08-01_0001551182-23-000024.xlsx,Balance Sheet,"June 30,2023",Other noncurrent liabilities,us-gaap:OtherLiabilitiesNoncurrent,reported,
balance_sheet,us-gaap:LiabilitiesNoncurrent,Total noncurrent liabilities,2Q23,12060.0,ETN_SEC-XBRL-financials_as-presented_10-Q_2023-08-01_0001551182-23-000024.xlsx,Balance Sheet,"June 30,2023",Total noncurrent liabilities,us-gaap:LiabilitiesNoncurrent,reported,
balance_sheet,us-gaap:CommonStockSharesOutstanding,Ordinary shares (398.6 million outstanding in 2020 and 413.3 million in 2019),2Q23,4.0,ETN_SEC-XBRL-financials_as-presented_10-Q_2023-08-01_0001551182-23-000024.xlsx,Balance Sheet,"June 30,2023",Ordinary shares (399.0 million outstanding in 2023 and 397.8 million in 2022),us-gaap:CommonStockSharesOutstanding,reported,
balance_sheet,us-gaap:AdditionalPaidInCapitalCommonStock,Capital in excess of par value,2Q23,12554.0,ETN_SEC-XBRL-financials_as-presented_10-Q_2023-08-01_0001551182-23-000024.xlsx,Balance Sheet,"June 30,2023",Capital in excess of par value,us-gaap:AdditionalPaidInCapitalCommonStock,reported,
balance_sheet,us-gaap:RetainedEarningsAccumulatedDeficit,Retained earnings,2Q23,9156.0,ETN_SEC-XBRL-financials_as-presented_10-Q_2023-08-01_0001551182-23-000024.xlsx,Balance Sheet,"June 30,2023",Retained earnings,us-gaap:RetainedEarningsAccumulatedDeficit,reported,
balance_sheet,us-gaap:AccumulatedOtherComprehensiveIncomeLossNetOfTax,Accumulated other comprehensive loss,2Q23,-3760.0,ETN_SEC-XBRL-financials_as-presented_10-Q_2023-08-01_0001551182-23-000024.xlsx,Balance Sheet,"June 30,2023",Accumulated other comprehensive loss,us-gaap:AccumulatedOtherComprehensiveIncomeLossNetOfTax,reported,
balance_sheet,us-gaap:DeferredCompensationEquity,Shares held in trust,2Q23,-1.0,ETN_SEC-XBRL-financials_as-presented_10-Q_2023-08-01_0001551182-23-000024.xlsx,Balance Sheet,"June 30,2023",Shares held in trust,us-gaap:DeferredCompensationEquity,reported,
balance_sheet,us-gaap:StockholdersEquity,Total Eaton shareholders’ equity,2Q23,17953.0,ETN_SEC-XBRL-financials_as-presented_10-Q_2023-08-01_0001551182-23-000024.xlsx,Balance Sheet,"June 30,2023",Total Eaton shareholders’ equity,us-gaap:StockholdersEquity,reported,
balance_sheet,us-gaap:MinorityInterest,Noncontrolling interests,2Q23,36.0,ETN_SEC-XBRL-financials_as-presented_10-Q_2023-08-01_0001551182-23-000024.xlsx,Balance Sheet,"June 30,2023",Noncontrolling interests,us-gaap:MinorityInterest,reported,
balance_sheet,us-gaap:StockholdersEquityIncludingPortionAttributableToNoncontrollingInterest,Total equity,2Q23,17988.0,ETN_SEC-XBRL-financials_as-presented_10-Q_2023-08-01_0001551182-23-000024.xlsx,Balance Sheet,"June 30,2023",Total equity,us-gaap:StockholdersEquityIncludingPortionAttributableToNoncontrollingInterest,reported,
balance_sheet,us-gaap:LiabilitiesAndStockholdersEquity,Total liabilities and equity,2Q23,36772.0,ETN_SEC-XBRL-financials_as-presented_10-Q_2023-08-01_0001551182-23-000024.xlsx,Balance Sheet,"June 30,2023",Total liabilities and equity,us-gaap:LiabilitiesAndStockholdersEquity,reported,
balance_sheet,us-gaap:CashAndCashEquivalentsAtCarryingValue,Cash,3Q23,348.0,ETN_SEC-XBRL-financials_as-presented_10-Q_2023-10-31_0001551182-23-000029.xlsx,Balance Sheet,"September 30,2023",Cash,us-gaap:CashAndCashEquivalentsAtCarryingValue,reported,
balance_sheet,us-gaap:ShortTermInvestments,Short-term investments,3Q23,1558.0,ETN_SEC-XBRL-financials_as-presented_10-Q_2023-10-31_0001551182-23-000029.xlsx,Balance Sheet,"September 30,2023",Short-term investments,us-gaap:ShortTermInvestments,reported,
balance_sheet,us-gaap:ReceivablesNetCurrent,Accounts receivable - net,3Q23,4460.0,ETN_SEC-XBRL-financials_as-presented_10-Q_2023-10-31_0001551182-23-000029.xlsx,Balance Sheet,"September 30,2023",Accounts receivable - net,us-gaap:ReceivablesNetCurrent,reported,
balance_sheet,us-gaap:InventoryNet,Inventory,3Q23,3713.0,ETN_SEC-XBRL-financials_as-presented_10-Q_2023-10-31_0001551182-23-000029.xlsx,Balance Sheet,"September 30,2023",Inventory,us-gaap:InventoryNet,reported,
balance_sheet,us-gaap:PrepaidExpenseAndOtherAssetsCurrent,Prepaid expenses and other current assets,3Q23,904.0,ETN_SEC-XBRL-financials_as-presented_10-Q_2023-10-31_0001551182-23-000029.xlsx,Balance Sheet,"September 30,2023",Prepaid expenses and other current assets,us-gaap:PrepaidExpenseAndOtherAssetsCurrent,reported,
balance_sheet,us-gaap:AssetsCurrent,Total current assets,3Q23,10983.0,ETN_SEC-XBRL-financials_as-presented_10-Q_2023-10-31_0001551182-23-000029.xlsx,Balance Sheet,"September 30,2023",Total current assets,us-gaap:AssetsCurrent,reported,
balance_sheet,etn:LandAndBuildings,Land and buildings,3Q23,2174.0,ETN_SEC-XBRL-financials_as-presented_10-Q_2023-10-31_0001551182-23-000029.xlsx,Balance Sheet,"September 30,2023",Land and buildings,etn:LandAndBuildings,reported,
balance_sheet,us-gaap:MachineryAndEquipmentGross,Machinery and equipment,3Q23,6228.0,ETN_SEC-XBRL-financials_as-presented_10-Q_2023-10-31_0001551182-23-000029.xlsx,Balance Sheet,"September 30,2023",Machinery and equipment,us-gaap:MachineryAndEquipmentGross,reported,
balance_sheet,us-gaap:PropertyPlantAndEquipmentGross,"Gross property, plant and equipment",3Q23,8403.0,ETN_SEC-XBRL-financials_as-presented_10-Q_2023-10-31_0001551182-23-000029.xlsx,Balance Sheet,"September 30,2023","Gross property, plant and equipment",us-gaap:PropertyPlantAndEquipmentGross,reported,
balance_sheet,us-gaap:AccumulatedDepreciationDepletionAndAmortizationPropertyPlantAndEquipment,Accumulated depreciation,3Q23,-5062.0,ETN_SEC-XBRL-financials_as-presented_10-Q_2023-10-31_0001551182-23-000029.xlsx,Balance Sheet,"September 30,2023",Accumulated depreciation,us-gaap:AccumulatedDepreciationDepletionAndAmortizationPropertyPlantAndEquipment,reported,
balance_sheet,us-gaap:PropertyPlantAndEquipmentNet,"Net property, plant and equipment",3Q23,3341.0,ETN_SEC-XBRL-financials_as-presented_10-Q_2023-10-31_0001551182-23-000029.xlsx,Balance Sheet,"September 30,2023","Net property, plant and equipment",us-gaap:PropertyPlantAndEquipmentNet,reported,
balance_sheet,us-gaap:Goodwill,Goodwill,3Q23,14781.0,ETN_SEC-XBRL-financials_as-presented_10-Q_2023-10-31_0001551182-23-000029.xlsx,Balance Sheet,"September 30,2023",Goodwill,us-gaap:Goodwill,reported,
balance_sheet,us-gaap:IntangibleAssetsNetExcludingGoodwill,Other intangible assets,3Q23,5158.0,ETN_SEC-XBRL-financials_as-presented_10-Q_2023-10-31_0001551182-23-000029.xlsx,Balance Sheet,"September 30,2023",Other intangible assets,us-gaap:IntangibleAssetsNetExcludingGoodwill,reported,
balance_sheet,us-gaap:OperatingLeaseRightOfUseAsset,Operating lease assets,3Q23,600.0,ETN_SEC-XBRL-financials_as-presented_10-Q_2023-10-31_0001551182-23-000029.xlsx,Balance Sheet,"September 30,2023",Operating lease assets,us-gaap:OperatingLeaseRightOfUseAsset,reported,
balance_sheet,us-gaap:DeferredIncomeTaxAssetsNet,Deferred income taxes,3Q23,349.0,ETN_SEC-XBRL-financials_as-presented_10-Q_2023-10-31_0001551182-23-000029.xlsx,Balance Sheet,"September 30,2023",Deferred income taxes,us-gaap:DeferredIncomeTaxAssetsNet,reported,
balance_sheet,us-gaap:OtherAssetsNoncurrent,Other assets,3Q23,2076.0,ETN_SEC-XBRL-financials_as-presented_10-Q_2023-10-31_0001551182-23-000029.xlsx,Balance Sheet,"September 30,2023",Other assets,us-gaap:OtherAssetsNoncurrent,reported,
balance_sheet,us-gaap:Assets,Total assets,3Q23,37289.0,ETN_SEC-XBRL-financials_as-presented_10-Q_2023-10-31_0001551182-23-000029.xlsx,Balance Sheet,"September 30,2023",Total assets,us-gaap:Assets,reported,
balance_sheet,us-gaap:ShortTermBorrowings,Short-term debt,3Q23,24.0,ETN_SEC-XBRL-financials_as-presented_10-Q_2023-10-31_0001551182-23-000029.xlsx,Balance Sheet,"September 30,2023",Short-term debt,us-gaap:ShortTermBorrowings,reported,
balance_sheet,us-gaap:LongTermDebtAndCapitalLeaseObligationsCurrent,Current portion of long-term debt,3Q23,975.0,ETN_SEC-XBRL-financials_as-presented_10-Q_2023-10-31_0001551182-23-000029.xlsx,Balance Sheet,"September 30,2023",Current portion of long-term debt,us-gaap:LongTermDebtAndCapitalLeaseObligationsCurrent,reported,
balance_sheet,us-gaap:AccountsPayableCurrent,Accounts payable,3Q23,3255.0,ETN_SEC-XBRL-financials_as-presented_10-Q_2023-10-31_0001551182-23-000029.xlsx,Balance Sheet,"September 30,2023",Accounts payable,us-gaap:AccountsPayableCurrent,reported,
balance_sheet,us-gaap:EmployeeRelatedLiabilitiesCurrent,Accrued compensation,3Q23,592.0,ETN_SEC-XBRL-financials_as-presented_10-Q_2023-10-31_0001551182-23-000029.xlsx,Balance Sheet,"September 30,2023",Accrued compensation,us-gaap:EmployeeRelatedLiabilitiesCurrent,reported,
balance_sheet,us-gaap:OtherLiabilitiesCurrent,Other current liabilities,3Q23,2716.0,ETN_SEC-XBRL-financials_as-presented_10-Q_2023-10-31_0001551182-23-000029.xlsx,Balance Sheet,"September 30,2023",Other current liabilities,us-gaap:OtherLiabilitiesCurrent,reported,
balance_sheet,us-gaap:LiabilitiesCurrent,Total current liabilities,3Q23,7563.0,ETN_SEC-XBRL-financials_as-presented_10-Q_2023-10-31_0001551182-23-000029.xlsx,Balance Sheet,"September 30,2023",Total current liabilities,us-gaap:LiabilitiesCurrent,reported,
balance_sheet,us-gaap:LongTermDebtAndCapitalLeaseObligations,Long-term debt,3Q23,8150.0,ETN_SEC-XBRL-financials_as-presented_10-Q_2023-10-31_0001551182-23-000029.xlsx,Balance Sheet,"September 30,2023",Long-term debt,us-gaap:LongTermDebtAndCapitalLeaseObligations,reported,
balance_sheet,us-gaap:DefinedBenefitPensionPlanLiabilitiesNoncurrent,Pension liabilities,3Q23,611.0,ETN_SEC-XBRL-financials_as-presented_10-Q_2023-10-31_0001551182-23-000029.xlsx,Balance Sheet,"September 30,2023",Pension liabilities,us-gaap:DefinedBenefitPensionPlanLiabilitiesNoncurrent,reported,
balance_sheet,us-gaap:OtherPostretirementDefinedBenefitPlanLiabilitiesNoncurrent,Other postretirement benefits liabilities,3Q23,170.0,ETN_SEC-XBRL-financials_as-presented_10-Q_2023-10-31_0001551182-23-000029.xlsx,Balance Sheet,"September 30,2023",Other postretirement benefits liabilities,us-gaap:OtherPostretirementDefinedBenefitPlanLiabilitiesNoncurrent,reported,
balance_sheet,us-gaap:OperatingLeaseLiabilityNoncurrent,Operating lease liabilities,3Q23,486.0,ETN_SEC-XBRL-financials_as-presented_10-Q_2023-10-31_0001551182-23-000029.xlsx,Balance Sheet,"September 30,2023",Operating lease liabilities,us-gaap:OperatingLeaseLiabilityNoncurrent,reported,
balance_sheet,us-gaap:DeferredIncomeTaxLiabilitiesNet,Deferred income taxes,3Q23,460.0,ETN_SEC-XBRL-financials_as-presented_10-Q_2023-10-31_0001551182-23-000029.xlsx,Balance Sheet,"September 30,2023",Deferred income taxes,us-gaap:DeferredIncomeTaxLiabilitiesNet,reported,
balance_sheet,us-gaap:OtherLiabilitiesNoncurrent,Other noncurrent liabilities,3Q23,1429.0,ETN_SEC-XBRL-financials_as-presented_10-Q_2023-10-31_0001551182-23-000029.xlsx,Balance Sheet,"September 30,2023",Other noncurrent liabilities,us-gaap:OtherLiabilitiesNoncurrent,reported,
balance_sheet,us-gaap:LiabilitiesNoncurrent,Total noncurrent liabilities,3Q23,11306.0,ETN_SEC-XBRL-financials_as-presented_10-Q_2023-10-31_0001551182-23-000029.xlsx,Balance Sheet,"September 30,2023",Total noncurrent liabilities,us-gaap:LiabilitiesNoncurrent,reported,
balance_sheet,us-gaap:CommonStockSharesOutstanding,Ordinary shares (398.6 million outstanding in 2020 and 413.3 million in 2019),3Q23,4.0,ETN_SEC-XBRL-financials_as-presented_10-Q_2023-10-31_0001551182-23-000029.xlsx,Balance Sheet,"September 30,2023",Ordinary shares (399.3 million outstanding in 2023 and 397.8 million in 2022),us-gaap:CommonStockSharesOutstanding,reported,
balance_sheet,us-gaap:AdditionalPaidInCapitalCommonStock,Capital in excess of par value,3Q23,12604.0,ETN_SEC-XBRL-financials_as-presented_10-Q_2023-10-31_0001551182-23-000029.xlsx,Balance Sheet,"September 30,2023",Capital in excess of par value,us-gaap:AdditionalPaidInCapitalCommonStock,reported,
balance_sheet,us-gaap:RetainedEarningsAccumulatedDeficit,Retained earnings,3Q23,9703.0,ETN_SEC-XBRL-financials_as-presented_10-Q_2023-10-31_0001551182-23-000029.xlsx,Balance Sheet,"September 30,2023",Retained earnings,us-gaap:RetainedEarningsAccumulatedDeficit,reported,
balance_sheet,us-gaap:AccumulatedOtherComprehensiveIncomeLossNetOfTax,Accumulated other comprehensive loss,3Q23,-3927.0,ETN_SEC-XBRL-financials_as-presented_10-Q_2023-10-31_0001551182-23-000029.xlsx,Balance Sheet,"September 30,2023",Accumulated other comprehensive loss,us-gaap:AccumulatedOtherComprehensiveIncomeLossNetOfTax,reported,
balance_sheet,us-gaap:DeferredCompensationEquity,Shares held in trust,3Q23,-1.0,ETN_SEC-XBRL-financials_as-presented_10-Q_2023-10-31_0001551182-23-000029.xlsx,Balance Sheet,"September 30,2023",Shares held in trust,us-gaap:DeferredCompensationEquity,reported,
balance_sheet,us-gaap:StockholdersEquity,Total Eaton shareholders’ equity,3Q23,18383.0,ETN_SEC-XBRL-financials_as-presented_10-Q_2023-10-31_0001551182-23-000029.xlsx,Balance Sheet,"September 30,2023",Total Eaton shareholders’ equity,us-gaap:StockholdersEquity,reported,
balance_sheet,us-gaap:MinorityInterest,Noncontrolling interests,3Q23,36.0,ETN_SEC-XBRL-financials_as-presented_10-Q_2023-10-31_0001551182-23-000029.xlsx,Balance Sheet,"September 30,2023",Noncontrolling interests,us-gaap:MinorityInterest,reported,
balance_sheet,us-gaap:StockholdersEquityIncludingPortionAttributableToNoncontrollingInterest,Total equity,3Q23,18420.0,ETN_SEC-XBRL-financials_as-presented_10-Q_2023-10-31_0001551182-23-000029.xlsx,Balance Sheet,"September 30,2023",Total equity,us-gaap:StockholdersEquityIncludingPortionAttributableToNoncontrollingInterest,reported,
balance_sheet,us-gaap:LiabilitiesAndStockholdersEquity,Total liabilities and equity,3Q23,37289.0,ETN_SEC-XBRL-financials_as-presented_10-Q_2023-10-31_0001551182-23-000029.xlsx,Balance Sheet,"September 30,2023",Total liabilities and equity,us-gaap:LiabilitiesAndStockholdersEquity,reported,
balance_sheet,us-gaap:CashAndCashEquivalentsAtCarryingValue,Cash,1Q24,473.0,ETN_SEC-XBRL-financials_as-presented_10-Q_2024-04-30_0001551182-24-000013.xlsx,Balance Sheet,"March 31, 2024",Cash,us-gaap:CashAndCashEquivalentsAtCarryingValue,reported,
balance_sheet,us-gaap:ShortTermInvestments,Short-term investments,1Q24,1969.0,ETN_SEC-XBRL-financials_as-presented_10-Q_2024-04-30_0001551182-24-000013.xlsx,Balance Sheet,"March 31, 2024",Short-term investments,us-gaap:ShortTermInvestments,reported,
balance_sheet,us-gaap:ReceivablesNetCurrent,Accounts receivable - net,1Q24,4674.0,ETN_SEC-XBRL-financials_as-presented_10-Q_2024-04-30_0001551182-24-000013.xlsx,Balance Sheet,"March 31, 2024",Accounts receivable - net,us-gaap:ReceivablesNetCurrent,reported,
balance_sheet,us-gaap:InventoryNet,Inventory,1Q24,3868.0,ETN_SEC-XBRL-financials_as-presented_10-Q_2024-04-30_0001551182-24-000013.xlsx,Balance Sheet,"March 31, 2024",Inventory,us-gaap:InventoryNet,reported,
balance_sheet,us-gaap:PrepaidExpenseAndOtherAssetsCurrent,Prepaid expenses and other current assets,1Q24,870.0,ETN_SEC-XBRL-financials_as-presented_10-Q_2024-04-30_0001551182-24-000013.xlsx,Balance Sheet,"March 31, 2024",Prepaid expenses and other current assets,us-gaap:PrepaidExpenseAndOtherAssetsCurrent,reported,
balance_sheet,us-gaap:AssetsCurrent,Total current assets,1Q24,11853.0,ETN_SEC-XBRL-financials_as-presented_10-Q_2024-04-30_0001551182-24-000013.xlsx,Balance Sheet,"March 31, 2024",Total current assets,us-gaap:AssetsCurrent,reported,
balance_sheet,etn:LandAndBuildings,Land and buildings,1Q24,2215.0,ETN_SEC-XBRL-financials_as-presented_10-Q_2024-04-30_0001551182-24-000013.xlsx,Balance Sheet,"March 31, 2024",Land and buildings,etn:LandAndBuildings,reported,
balance_sheet,us-gaap:MachineryAndEquipmentGross,Machinery and equipment,1Q24,6577.0,ETN_SEC-XBRL-financials_as-presented_10-Q_2024-04-30_0001551182-24-000013.xlsx,Balance Sheet,"March 31, 2024",Machinery and equipment,us-gaap:MachineryAndEquipmentGross,reported,
balance_sheet,us-gaap:PropertyPlantAndEquipmentGross,"Gross property, plant and equipment",1Q24,8792.0,ETN_SEC-XBRL-financials_as-presented_10-Q_2024-04-30_0001551182-24-000013.xlsx,Balance Sheet,"March 31, 2024","Gross property, plant and equipment",us-gaap:PropertyPlantAndEquipmentGross,reported,
balance_sheet,us-gaap:AccumulatedDepreciationDepletionAndAmortizationPropertyPlantAndEquipment,Accumulated depreciation,1Q24,-5234.0,ETN_SEC-XBRL-financials_as-presented_10-Q_2024-04-30_0001551182-24-000013.xlsx,Balance Sheet,"March 31, 2024",Accumulated depreciation,us-gaap:AccumulatedDepreciationDepletionAndAmortizationPropertyPlantAndEquipment,reported,
balance_sheet,us-gaap:PropertyPlantAndEquipmentNet,"Net property, plant and equipment",1Q24,3558.0,ETN_SEC-XBRL-financials_as-presented_10-Q_2024-04-30_0001551182-24-000013.xlsx,Balance Sheet,"March 31, 2024","Net property, plant and equipment",us-gaap:PropertyPlantAndEquipmentNet,reported,
balance_sheet,us-gaap:Goodwill,Goodwill,1Q24,14877.0,ETN_SEC-XBRL-financials_as-presented_10-Q_2024-04-30_0001551182-24-000013.xlsx,Balance Sheet,"March 31, 2024",Goodwill,us-gaap:Goodwill,reported,
balance_sheet,us-gaap:IntangibleAssetsNetExcludingGoodwill,Other intangible assets,1Q24,4975.0,ETN_SEC-XBRL-financials_as-presented_10-Q_2024-04-30_0001551182-24-000013.xlsx,Balance Sheet,"March 31, 2024",Other intangible assets,us-gaap:IntangibleAssetsNetExcludingGoodwill,reported,
balance_sheet,us-gaap:OperatingLeaseRightOfUseAsset,Operating lease assets,1Q24,722.0,ETN_SEC-XBRL-financials_as-presented_10-Q_2024-04-30_0001551182-24-000013.xlsx,Balance Sheet,"March 31, 2024",Operating lease assets,us-gaap:OperatingLeaseRightOfUseAsset,reported,
balance_sheet,us-gaap:DeferredIncomeTaxAssetsNet,Deferred income taxes,1Q24,481.0,ETN_SEC-XBRL-financials_as-presented_10-Q_2024-04-30_0001551182-24-000013.xlsx,Balance Sheet,"March 31, 2024",Deferred income taxes,us-gaap:DeferredIncomeTaxAssetsNet,reported,
balance_sheet,us-gaap:OtherAssetsNoncurrent,Other assets,1Q24,2070.0,ETN_SEC-XBRL-financials_as-presented_10-Q_2024-04-30_0001551182-24-000013.xlsx,Balance Sheet,"March 31, 2024",Other assets,us-gaap:OtherAssetsNoncurrent,reported,
balance_sheet,us-gaap:Assets,Total assets,1Q24,38535.0,ETN_SEC-XBRL-financials_as-presented_10-Q_2024-04-30_0001551182-24-000013.xlsx,Balance Sheet,"March 31, 2024",Total assets,us-gaap:Assets,reported,
balance_sheet,us-gaap:ShortTermBorrowings,Short-term debt,1Q24,1.0,ETN_SEC-XBRL-financials_as-presented_10-Q_2024-04-30_0001551182-24-000013.xlsx,Balance Sheet,"March 31, 2024",Short-term debt,us-gaap:ShortTermBorrowings,reported,
balance_sheet,us-gaap:LongTermDebtAndCapitalLeaseObligationsCurrent,Current portion of long-term debt,1Q24,994.0,ETN_SEC-XBRL-financials_as-presented_10-Q_2024-04-30_0001551182-24-000013.xlsx,Balance Sheet,"March 31, 2024",Current portion of long-term debt,us-gaap:LongTermDebtAndCapitalLeaseObligationsCurrent,reported,
balance_sheet,us-gaap:AccountsPayableCurrent,Accounts payable,1Q24,3400.0,ETN_SEC-XBRL-financials_as-presented_10-Q_2024-04-30_0001551182-24-000013.xlsx,Balance Sheet,"March 31, 2024",Accounts payable,us-gaap:AccountsPayableCurrent,reported,
balance_sheet,us-gaap:EmployeeRelatedLiabilitiesCurrent,Accrued compensation,1Q24,492.0,ETN_SEC-XBRL-financials_as-presented_10-Q_2024-04-30_0001551182-24-000013.xlsx,Balance Sheet,"March 31, 2024",Accrued compensation,us-gaap:EmployeeRelatedLiabilitiesCurrent,reported,
balance_sheet,us-gaap:OtherLiabilitiesCurrent,Other current liabilities,1Q24,2726.0,ETN_SEC-XBRL-financials_as-presented_10-Q_2024-04-30_0001551182-24-000013.xlsx,Balance Sheet,"March 31, 2024",Other current liabilities,us-gaap:OtherLiabilitiesCurrent,reported,
balance_sheet,us-gaap:LiabilitiesCurrent,Total current liabilities,1Q24,7613.0,ETN_SEC-XBRL-financials_as-presented_10-Q_2024-04-30_0001551182-24-000013.xlsx,Balance Sheet,"March 31, 2024",Total current liabilities,us-gaap:LiabilitiesCurrent,reported,
balance_sheet,us-gaap:LongTermDebtAndCapitalLeaseObligations,Long-term debt,1Q24,8192.0,ETN_SEC-XBRL-financials_as-presented_10-Q_2024-04-30_0001551182-24-000013.xlsx,Balance Sheet,"March 31, 2024",Long-term debt,us-gaap:LongTermDebtAndCapitalLeaseObligations,reported,
balance_sheet,us-gaap:DefinedBenefitPensionPlanLiabilitiesNoncurrent,Pension liabilities,1Q24,730.0,ETN_SEC-XBRL-financials_as-presented_10-Q_2024-04-30_0001551182-24-000013.xlsx,Balance Sheet,"March 31, 2024",Pension liabilities,us-gaap:DefinedBenefitPensionPlanLiabilitiesNoncurrent,reported,
balance_sheet,us-gaap:OtherPostretirementDefinedBenefitPlanLiabilitiesNoncurrent,Other postretirement benefits liabilities,1Q24,177.0,ETN_SEC-XBRL-financials_as-presented_10-Q_2024-04-30_0001551182-24-000013.xlsx,Balance Sheet,"March 31, 2024",Other postretirement benefits liabilities,us-gaap:OtherPostretirementDefinedBenefitPlanLiabilitiesNoncurrent,reported,
balance_sheet,us-gaap:OperatingLeaseLiabilityNoncurrent,Operating lease liabilities,1Q24,601.0,ETN_SEC-XBRL-financials_as-presented_10-Q_2024-04-30_0001551182-24-000013.xlsx,Balance Sheet,"March 31, 2024",Operating lease liabilities,us-gaap:OperatingLeaseLiabilityNoncurrent,reported,
balance_sheet,us-gaap:DeferredIncomeTaxLiabilitiesNet,Deferred income taxes,1Q24,419.0,ETN_SEC-XBRL-financials_as-presented_10-Q_2024-04-30_0001551182-24-000013.xlsx,Balance Sheet,"March 31, 2024",Deferred income taxes,us-gaap:DeferredIncomeTaxLiabilitiesNet,reported,
balance_sheet,us-gaap:OtherLiabilitiesNoncurrent,Other noncurrent liabilities,1Q24,1478.0,ETN_SEC-XBRL-financials_as-presented_10-Q_2024-04-30_0001551182-24-000013.xlsx,Balance Sheet,"March 31, 2024",Other noncurrent liabilities,us-gaap:OtherLiabilitiesNoncurrent,reported,
balance_sheet,us-gaap:LiabilitiesNoncurrent,Total noncurrent liabilities,1Q24,11597.0,ETN_SEC-XBRL-financials_as-presented_10-Q_2024-04-30_0001551182-24-000013.xlsx,Balance Sheet,"March 31, 2024",Total noncurrent liabilities,us-gaap:LiabilitiesNoncurrent,reported,
balance_sheet,us-gaap:CommonStockSharesOutstanding,Ordinary shares (398.6 million outstanding in 2020 and 413.3 million in 2019),1Q24,4.0,ETN_SEC-XBRL-financials_as-presented_10-Q_2024-04-30_0001551182-24-000013.xlsx,Balance Sheet,"March 31, 2024",Ordinary shares (399.8 million outstanding in 2024 and 399.4 million in 2023),us-gaap:CommonStockSharesOutstanding,reported,
balance_sheet,us-gaap:AdditionalPaidInCapitalCommonStock,Capital in excess of par value,1Q24,12630.0,ETN_SEC-XBRL-financials_as-presented_10-Q_2024-04-30_0001551182-24-000013.xlsx,Balance Sheet,"March 31, 2024",Capital in excess of par value,us-gaap:AdditionalPaidInCapitalCommonStock,reported,
balance_sheet,us-gaap:RetainedEarningsAccumulatedDeficit,Retained earnings,1Q24,10605.0,ETN_SEC-XBRL-financials_as-presented_10-Q_2024-04-30_0001551182-24-000013.xlsx,Balance Sheet,"March 31, 2024",Retained earnings,us-gaap:RetainedEarningsAccumulatedDeficit,reported,
balance_sheet,us-gaap:AccumulatedOtherComprehensiveIncomeLossNetOfTax,Accumulated other comprehensive loss,1Q24,-3946.0,ETN_SEC-XBRL-financials_as-presented_10-Q_2024-04-30_0001551182-24-000013.xlsx,Balance Sheet,"March 31, 2024",Accumulated other comprehensive loss,us-gaap:AccumulatedOtherComprehensiveIncomeLossNetOfTax,reported,
balance_sheet,us-gaap:DeferredCompensationEquity,Shares held in trust,1Q24,-1.0,ETN_SEC-XBRL-financials_as-presented_10-Q_2024-04-30_0001551182-24-000013.xlsx,Balance Sheet,"March 31, 2024",Shares held in trust,us-gaap:DeferredCompensationEquity,reported,
balance_sheet,us-gaap:StockholdersEquity,Total Eaton shareholders’ equity,1Q24,19292.0,ETN_SEC-XBRL-financials_as-presented_10-Q_2024-04-30_0001551182-24-000013.xlsx,Balance Sheet,"March 31, 2024",Total Eaton shareholders’ equity,us-gaap:StockholdersEquity,reported,
balance_sheet,us-gaap:MinorityInterest,Noncontrolling interests,1Q24,34.0,ETN_SEC-XBRL-financials_as-presented_10-Q_2024-04-30_0001551182-24-000013.xlsx,Balance Sheet,"March 31, 2024",Noncontrolling interests,us-gaap:MinorityInterest,reported,
balance_sheet,us-gaap:StockholdersEquityIncludingPortionAttributableToNoncontrollingInterest,Total equity,1Q24,19326.0,ETN_SEC-XBRL-financials_as-presented_10-Q_2024-04-30_0001551182-24-000013.xlsx,Balance Sheet,"March 31, 2024",Total equity,us-gaap:StockholdersEquityIncludingPortionAttributableToNoncontrollingInterest,reported,
balance_sheet,us-gaap:LiabilitiesAndStockholdersEquity,Total liabilities and equity,1Q24,38535.0,ETN_SEC-XBRL-financials_as-presented_10-Q_2024-04-30_0001551182-24-000013.xlsx,Balance Sheet,"March 31, 2024",Total liabilities and equity,us-gaap:LiabilitiesAndStockholdersEquity,reported,
balance_sheet,us-gaap:CashAndCashEquivalentsAtCarryingValue,Cash,2Q24,540.0,ETN_SEC-XBRL-financials_as-presented_10-Q_2024-08-01_0001551182-24-000035.xlsx,Balance Sheet,"June 30, 2024",Cash,us-gaap:CashAndCashEquivalentsAtCarryingValue,reported,
balance_sheet,us-gaap:ShortTermInvestments,Short-term investments,2Q24,2241.0,ETN_SEC-XBRL-financials_as-presented_10-Q_2024-08-01_0001551182-24-000035.xlsx,Balance Sheet,"June 30, 2024",Short-term investments,us-gaap:ShortTermInvestments,reported,
balance_sheet,us-gaap:ReceivablesNetCurrent,Accounts receivable - net,2Q24,4861.0,ETN_SEC-XBRL-financials_as-presented_10-Q_2024-08-01_0001551182-24-000035.xlsx,Balance Sheet,"June 30, 2024",Accounts receivable - net,us-gaap:ReceivablesNetCurrent,reported,
balance_sheet,us-gaap:InventoryNet,Inventory,2Q24,3963.0,ETN_SEC-XBRL-financials_as-presented_10-Q_2024-08-01_0001551182-24-000035.xlsx,Balance Sheet,"June 30, 2024",Inventory,us-gaap:InventoryNet,reported,
balance_sheet,us-gaap:PrepaidExpenseAndOtherAssetsCurrent,Prepaid expenses and other current assets,2Q24,1046.0,ETN_SEC-XBRL-financials_as-presented_10-Q_2024-08-01_0001551182-24-000035.xlsx,Balance Sheet,"June 30, 2024",Prepaid expenses and other current assets,us-gaap:PrepaidExpenseAndOtherAssetsCurrent,reported,
balance_sheet,us-gaap:AssetsCurrent,Total current assets,2Q24,12652.0,ETN_SEC-XBRL-financials_as-presented_10-Q_2024-08-01_0001551182-24-000035.xlsx,Balance Sheet,"June 30, 2024",Total current assets,us-gaap:AssetsCurrent,reported,
balance_sheet,etn:LandAndBuildings,Land and buildings,2Q24,2192.0,ETN_SEC-XBRL-financials_as-presented_10-Q_2024-08-01_0001551182-24-000035.xlsx,Balance Sheet,"June 30, 2024",Land and buildings,etn:LandAndBuildings,reported,
balance_sheet,us-gaap:MachineryAndEquipmentGross,Machinery and equipment,2Q24,6660.0,ETN_SEC-XBRL-financials_as-presented_10-Q_2024-08-01_0001551182-24-000035.xlsx,Balance Sheet,"June 30, 2024",Machinery and equipment,us-gaap:MachineryAndEquipmentGross,reported,
balance_sheet,us-gaap:PropertyPlantAndEquipmentGross,"Gross property, plant and equipment",2Q24,8852.0,ETN_SEC-XBRL-financials_as-presented_10-Q_2024-08-01_0001551182-24-000035.xlsx,Balance Sheet,"June 30, 2024","Gross property, plant and equipment",us-gaap:PropertyPlantAndEquipmentGross,reported,
balance_sheet,us-gaap:AccumulatedDepreciationDepletionAndAmortizationPropertyPlantAndEquipment,Accumulated depreciation,2Q24,-5248.0,ETN_SEC-XBRL-financials_as-presented_10-Q_2024-08-01_0001551182-24-000035.xlsx,Balance Sheet,"June 30, 2024",Accumulated depreciation,us-gaap:AccumulatedDepreciationDepletionAndAmortizationPropertyPlantAndEquipment,reported,
balance_sheet,us-gaap:PropertyPlantAndEquipmentNet,"Net property, plant and equipment",2Q24,3604.0,ETN_SEC-XBRL-financials_as-presented_10-Q_2024-08-01_0001551182-24-000035.xlsx,Balance Sheet,"June 30, 2024","Net property, plant and equipment",us-gaap:PropertyPlantAndEquipmentNet,reported,
balance_sheet,us-gaap:Goodwill,Goodwill,2Q24,14849.0,ETN_SEC-XBRL-financials_as-presented_10-Q_2024-08-01_0001551182-24-000035.xlsx,Balance Sheet,"June 30, 2024",Goodwill,us-gaap:Goodwill,reported,
balance_sheet,us-gaap:IntangibleAssetsNetExcludingGoodwill,Other intangible assets,2Q24,4883.0,ETN_SEC-XBRL-financials_as-presented_10-Q_2024-08-01_0001551182-24-000035.xlsx,Balance Sheet,"June 30, 2024",Other intangible assets,us-gaap:IntangibleAssetsNetExcludingGoodwill,reported,
balance_sheet,us-gaap:OperatingLeaseRightOfUseAsset,Operating lease assets,2Q24,785.0,ETN_SEC-XBRL-financials_as-presented_10-Q_2024-08-01_0001551182-24-000035.xlsx,Balance Sheet,"June 30, 2024",Operating lease assets,us-gaap:OperatingLeaseRightOfUseAsset,reported,
balance_sheet,us-gaap:DeferredIncomeTaxAssetsNet,Deferred income taxes,2Q24,499.0,ETN_SEC-XBRL-financials_as-presented_10-Q_2024-08-01_0001551182-24-000035.xlsx,Balance Sheet,"June 30, 2024",Deferred income taxes,us-gaap:DeferredIncomeTaxAssetsNet,reported,
balance_sheet,us-gaap:OtherAssetsNoncurrent,Other assets,2Q24,2110.0,ETN_SEC-XBRL-financials_as-presented_10-Q_2024-08-01_0001551182-24-000035.xlsx,Balance Sheet,"June 30, 2024",Other assets,us-gaap:OtherAssetsNoncurrent,reported,
balance_sheet,us-gaap:Assets,Total assets,2Q24,39381.0,ETN_SEC-XBRL-financials_as-presented_10-Q_2024-08-01_0001551182-24-000035.xlsx,Balance Sheet,"June 30, 2024",Total assets,us-gaap:Assets,reported,
balance_sheet,us-gaap:ShortTermBorrowings,Short-term debt,2Q24,4.0,ETN_SEC-XBRL-financials_as-presented_10-Q_2024-08-01_0001551182-24-000035.xlsx,Balance Sheet,"June 30, 2024",Short-term debt,us-gaap:ShortTermBorrowings,reported,
balance_sheet,us-gaap:LongTermDebtAndCapitalLeaseObligationsCurrent,Current portion of long-term debt,2Q24,1278.0,ETN_SEC-XBRL-financials_as-presented_10-Q_2024-08-01_0001551182-24-000035.xlsx,Balance Sheet,"June 30, 2024",Current portion of long-term debt,us-gaap:LongTermDebtAndCapitalLeaseObligationsCurrent,reported,
balance_sheet,us-gaap:AccountsPayableCurrent,Accounts payable,2Q24,3497.0,ETN_SEC-XBRL-financials_as-presented_10-Q_2024-08-01_0001551182-24-000035.xlsx,Balance Sheet,"June 30, 2024",Accounts payable,us-gaap:AccountsPayableCurrent,reported,
balance_sheet,us-gaap:EmployeeRelatedLiabilitiesCurrent,Accrued compensation,2Q24,529.0,ETN_SEC-XBRL-financials_as-presented_10-Q_2024-08-01_0001551182-24-000035.xlsx,Balance Sheet,"June 30, 2024",Accrued compensation,us-gaap:EmployeeRelatedLiabilitiesCurrent,reported,
balance_sheet,us-gaap:OtherLiabilitiesCurrent,Other current liabilities,2Q24,2812.0,ETN_SEC-XBRL-financials_as-presented_10-Q_2024-08-01_0001551182-24-000035.xlsx,Balance Sheet,"June 30, 2024",Other current liabilities,us-gaap:OtherLiabilitiesCurrent,reported,
balance_sheet,us-gaap:LiabilitiesCurrent,Total current liabilities,2Q24,8120.0,ETN_SEC-XBRL-financials_as-presented_10-Q_2024-08-01_0001551182-24-000035.xlsx,Balance Sheet,"June 30, 2024",Total current liabilities,us-gaap:LiabilitiesCurrent,reported,
balance_sheet,us-gaap:LongTermDebtAndCapitalLeaseObligations,Long-term debt,2Q24,8555.0,ETN_SEC-XBRL-financials_as-presented_10-Q_2024-08-01_0001551182-24-000035.xlsx,Balance Sheet,"June 30, 2024",Long-term debt,us-gaap:LongTermDebtAndCapitalLeaseObligations,reported,
balance_sheet,us-gaap:DefinedBenefitPensionPlanLiabilitiesNoncurrent,Pension liabilities,2Q24,709.0,ETN_SEC-XBRL-financials_as-presented_10-Q_2024-08-01_0001551182-24-000035.xlsx,Balance Sheet,"June 30, 2024",Pension liabilities,us-gaap:DefinedBenefitPensionPlanLiabilitiesNoncurrent,reported,
balance_sheet,us-gaap:OtherPostretirementDefinedBenefitPlanLiabilitiesNoncurrent,Other postretirement benefits liabilities,2Q24,175.0,ETN_SEC-XBRL-financials_as-presented_10-Q_2024-08-01_0001551182-24-000035.xlsx,Balance Sheet,"June 30, 2024",Other postretirement benefits liabilities,us-gaap:OtherPostretirementDefinedBenefitPlanLiabilitiesNoncurrent,reported,
balance_sheet,us-gaap:OperatingLeaseLiabilityNoncurrent,Operating lease liabilities,2Q24,656.0,ETN_SEC-XBRL-financials_as-presented_10-Q_2024-08-01_0001551182-24-000035.xlsx,Balance Sheet,"June 30, 2024",Operating lease liabilities,us-gaap:OperatingLeaseLiabilityNoncurrent,reported,
balance_sheet,us-gaap:DeferredIncomeTaxLiabilitiesNet,Deferred income taxes,2Q24,429.0,ETN_SEC-XBRL-financials_as-presented_10-Q_2024-08-01_0001551182-24-000035.xlsx,Balance Sheet,"June 30, 2024",Deferred income taxes,us-gaap:DeferredIncomeTaxLiabilitiesNet,reported,
balance_sheet,us-gaap:OtherLiabilitiesNoncurrent,Other noncurrent liabilities,2Q24,1484.0,ETN_SEC-XBRL-financials_as-presented_10-Q_2024-08-01_0001551182-24-000035.xlsx,Balance Sheet,"June 30, 2024",Other noncurrent liabilities,us-gaap:OtherLiabilitiesNoncurrent,reported,
balance_sheet,us-gaap:LiabilitiesNoncurrent,Total noncurrent liabilities,2Q24,12008.0,ETN_SEC-XBRL-financials_as-presented_10-Q_2024-08-01_0001551182-24-000035.xlsx,Balance Sheet,"June 30, 2024",Total noncurrent liabilities,us-gaap:LiabilitiesNoncurrent,reported,
balance_sheet,us-gaap:CommonStockSharesOutstanding,Ordinary shares (398.6 million outstanding in 2020 and 413.3 million in 2019),2Q24,4.0,ETN_SEC-XBRL-financials_as-presented_10-Q_2024-08-01_0001551182-24-000035.xlsx,Balance Sheet,"June 30, 2024",Ordinary shares (398.1 million outstanding in 2024 and 399.4 million in 2023),us-gaap:CommonStockSharesOutstanding,reported,
balance_sheet,us-gaap:AdditionalPaidInCapitalCommonStock,Capital in excess of par value,2Q24,12662.0,ETN_SEC-XBRL-financials_as-presented_10-Q_2024-08-01_0001551182-24-000035.xlsx,Balance Sheet,"June 30, 2024",Capital in excess of par value,us-gaap:AdditionalPaidInCapitalCommonStock,reported,
balance_sheet,us-gaap:RetainedEarningsAccumulatedDeficit,Retained earnings,2Q24,10622.0,ETN_SEC-XBRL-financials_as-presented_10-Q_2024-08-01_0001551182-24-000035.xlsx,Balance Sheet,"June 30, 2024",Retained earnings,us-gaap:RetainedEarningsAccumulatedDeficit,reported,
balance_sheet,us-gaap:AccumulatedOtherComprehensiveIncomeLossNetOfTax,Accumulated other comprehensive loss,2Q24,-4069.0,ETN_SEC-XBRL-financials_as-presented_10-Q_2024-08-01_0001551182-24-000035.xlsx,Balance Sheet,"June 30, 2024",Accumulated other comprehensive loss,us-gaap:AccumulatedOtherComprehensiveIncomeLossNetOfTax,reported,
balance_sheet,us-gaap:DeferredCompensationEquity,Shares held in trust,2Q24,-1.0,ETN_SEC-XBRL-financials_as-presented_10-Q_2024-08-01_0001551182-24-000035.xlsx,Balance Sheet,"June 30, 2024",Shares held in trust,us-gaap:DeferredCompensationEquity,reported,
balance_sheet,us-gaap:StockholdersEquity,Total Eaton shareholders’ equity,2Q24,19219.0,ETN_SEC-XBRL-financials_as-presented_10-Q_2024-08-01_0001551182-24-000035.xlsx,Balance Sheet,"June 30, 2024",Total Eaton shareholders’ equity,us-gaap:StockholdersEquity,reported,
balance_sheet,us-gaap:MinorityInterest,Noncontrolling interests,2Q24,35.0,ETN_SEC-XBRL-financials_as-presented_10-Q_2024-08-01_0001551182-24-000035.xlsx,Balance Sheet,"June 30, 2024",Noncontrolling interests,us-gaap:MinorityInterest,reported,
balance_sheet,us-gaap:StockholdersEquityIncludingPortionAttributableToNoncontrollingInterest,Total equity,2Q24,19254.0,ETN_SEC-XBRL-financials_as-presented_10-Q_2024-08-01_0001551182-24-000035.xlsx,Balance Sheet,"June 30, 2024",Total equity,us-gaap:StockholdersEquityIncludingPortionAttributableToNoncontrollingInterest,reported,
balance_sheet,us-gaap:LiabilitiesAndStockholdersEquity,Total liabilities and equity,2Q24,39381.0,ETN_SEC-XBRL-financials_as-presented_10-Q_2024-08-01_0001551182-24-000035.xlsx,Balance Sheet,"June 30, 2024",Total liabilities and equity,us-gaap:LiabilitiesAndStockholdersEquity,reported,
balance_sheet,us-gaap:CashAndCashEquivalentsAtCarryingValue,Cash,3Q24,473.0,ETN_SEC-XBRL-financials_as-presented_10-Q_2024-10-31_0001551182-24-000041.xlsx,Balance Sheet,"September 30, 2024",Cash,us-gaap:CashAndCashEquivalentsAtCarryingValue,reported,
balance_sheet,us-gaap:ShortTermInvestments,Short-term investments,3Q24,1521.0,ETN_SEC-XBRL-financials_as-presented_10-Q_2024-10-31_0001551182-24-000041.xlsx,Balance Sheet,"September 30, 2024",Short-term investments,us-gaap:ShortTermInvestments,reported,
balance_sheet,us-gaap:ReceivablesNetCurrent,Accounts receivable - net,3Q24,4886.0,ETN_SEC-XBRL-financials_as-presented_10-Q_2024-10-31_0001551182-24-000041.xlsx,Balance Sheet,"September 30, 2024",Accounts receivable - net,us-gaap:ReceivablesNetCurrent,reported,
balance_sheet,us-gaap:InventoryNet,Inventory,3Q24,4178.0,ETN_SEC-XBRL-financials_as-presented_10-Q_2024-10-31_0001551182-24-000041.xlsx,Balance Sheet,"September 30, 2024",Inventory,us-gaap:InventoryNet,reported,
balance_sheet,us-gaap:PrepaidExpenseAndOtherAssetsCurrent,Prepaid expenses and other current assets,3Q24,1094.0,ETN_SEC-XBRL-financials_as-presented_10-Q_2024-10-31_0001551182-24-000041.xlsx,Balance Sheet,"September 30, 2024",Prepaid expenses and other current assets,us-gaap:PrepaidExpenseAndOtherAssetsCurrent,reported,
balance_sheet,us-gaap:AssetsCurrent,Total current assets,3Q24,12152.0,ETN_SEC-XBRL-financials_as-presented_10-Q_2024-10-31_0001551182-24-000041.xlsx,Balance Sheet,"September 30, 2024",Total current assets,us-gaap:AssetsCurrent,reported,
balance_sheet,etn:LandAndBuildings,Land and buildings,3Q24,2280.0,ETN_SEC-XBRL-financials_as-presented_10-Q_2024-10-31_0001551182-24-000041.xlsx,Balance Sheet,"September 30, 2024",Land and buildings,etn:LandAndBuildings,reported,
balance_sheet,us-gaap:MachineryAndEquipmentGross,Machinery and equipment,3Q24,6826.0,ETN_SEC-XBRL-financials_as-presented_10-Q_2024-10-31_0001551182-24-000041.xlsx,Balance Sheet,"September 30, 2024",Machinery and equipment,us-gaap:MachineryAndEquipmentGross,reported,
balance_sheet,us-gaap:PropertyPlantAndEquipmentGross,"Gross property, plant and equipment",3Q24,9106.0,ETN_SEC-XBRL-financials_as-presented_10-Q_2024-10-31_0001551182-24-000041.xlsx,Balance Sheet,"September 30, 2024","Gross property, plant and equipment",us-gaap:PropertyPlantAndEquipmentGross,reported,
balance_sheet,us-gaap:AccumulatedDepreciationDepletionAndAmortizationPropertyPlantAndEquipment,Accumulated depreciation,3Q24,-5395.0,ETN_SEC-XBRL-financials_as-presented_10-Q_2024-10-31_0001551182-24-000041.xlsx,Balance Sheet,"September 30, 2024",Accumulated depreciation,us-gaap:AccumulatedDepreciationDepletionAndAmortizationPropertyPlantAndEquipment,reported,
balance_sheet,us-gaap:PropertyPlantAndEquipmentNet,"Net property, plant and equipment",3Q24,3711.0,ETN_SEC-XBRL-financials_as-presented_10-Q_2024-10-31_0001551182-24-000041.xlsx,Balance Sheet,"September 30, 2024","Net property, plant and equipment",us-gaap:PropertyPlantAndEquipmentNet,reported,
balance_sheet,us-gaap:Goodwill,Goodwill,3Q24,15044.0,ETN_SEC-XBRL-financials_as-presented_10-Q_2024-10-31_0001551182-24-000041.xlsx,Balance Sheet,"September 30, 2024",Goodwill,us-gaap:Goodwill,reported,
balance_sheet,us-gaap:IntangibleAssetsNetExcludingGoodwill,Other intangible assets,3Q24,4809.0,ETN_SEC-XBRL-financials_as-presented_10-Q_2024-10-31_0001551182-24-000041.xlsx,Balance Sheet,"September 30, 2024",Other intangible assets,us-gaap:IntangibleAssetsNetExcludingGoodwill,reported,
balance_sheet,us-gaap:OperatingLeaseRightOfUseAsset,Operating lease assets,3Q24,817.0,ETN_SEC-XBRL-financials_as-presented_10-Q_2024-10-31_0001551182-24-000041.xlsx,Balance Sheet,"September 30, 2024",Operating lease assets,us-gaap:OperatingLeaseRightOfUseAsset,reported,
balance_sheet,us-gaap:DeferredIncomeTaxAssetsNet,Deferred income taxes,3Q24,549.0,ETN_SEC-XBRL-financials_as-presented_10-Q_2024-10-31_0001551182-24-000041.xlsx,Balance Sheet,"September 30, 2024",Deferred income taxes,us-gaap:DeferredIncomeTaxAssetsNet,reported,
balance_sheet,us-gaap:OtherAssetsNoncurrent,Other assets,3Q24,2154.0,ETN_SEC-XBRL-financials_as-presented_10-Q_2024-10-31_0001551182-24-000041.xlsx,Balance Sheet,"September 30, 2024",Other assets,us-gaap:OtherAssetsNoncurrent,reported,
balance_sheet,us-gaap:Assets,Total assets,3Q24,39236.0,ETN_SEC-XBRL-financials_as-presented_10-Q_2024-10-31_0001551182-24-000041.xlsx,Balance Sheet,"September 30, 2024",Total assets,us-gaap:Assets,reported,
balance_sheet,us-gaap:ShortTermBorrowings,Short-term debt,3Q24,3.0,ETN_SEC-XBRL-financials_as-presented_10-Q_2024-10-31_0001551182-24-000041.xlsx,Balance Sheet,"September 30, 2024",Short-term debt,us-gaap:ShortTermBorrowings,reported,
balance_sheet,us-gaap:LongTermDebtAndCapitalLeaseObligationsCurrent,Current portion of long-term debt,3Q24,714.0,ETN_SEC-XBRL-financials_as-presented_10-Q_2024-10-31_0001551182-24-000041.xlsx,Balance Sheet,"September 30, 2024",Current portion of long-term debt,us-gaap:LongTermDebtAndCapitalLeaseObligationsCurrent,reported,
balance_sheet,us-gaap:AccountsPayableCurrent,Accounts payable,3Q24,3609.0,ETN_SEC-XBRL-financials_as-presented_10-Q_2024-10-31_0001551182-24-000041.xlsx,Balance Sheet,"September 30, 2024",Accounts payable,us-gaap:AccountsPayableCurrent,reported,
balance_sheet,us-gaap:EmployeeRelatedLiabilitiesCurrent,Accrued compensation,3Q24,687.0,ETN_SEC-XBRL-financials_as-presented_10-Q_2024-10-31_0001551182-24-000041.xlsx,Balance Sheet,"September 30, 2024",Accrued compensation,us-gaap:EmployeeRelatedLiabilitiesCurrent,reported,
balance_sheet,us-gaap:OtherLiabilitiesCurrent,Other current liabilities,3Q24,2928.0,ETN_SEC-XBRL-financials_as-presented_10-Q_2024-10-31_0001551182-24-000041.xlsx,Balance Sheet,"September 30, 2024",Other current liabilities,us-gaap:OtherLiabilitiesCurrent,reported,
balance_sheet,us-gaap:LiabilitiesCurrent,Total current liabilities,3Q24,7941.0,ETN_SEC-XBRL-financials_as-presented_10-Q_2024-10-31_0001551182-24-000041.xlsx,Balance Sheet,"September 30, 2024",Total current liabilities,us-gaap:LiabilitiesCurrent,reported,
balance_sheet,us-gaap:LongTermDebtAndCapitalLeaseObligations,Long-term debt,3Q24,8678.0,ETN_SEC-XBRL-financials_as-presented_10-Q_2024-10-31_0001551182-24-000041.xlsx,Balance Sheet,"September 30, 2024",Long-term debt,us-gaap:LongTermDebtAndCapitalLeaseObligations,reported,
balance_sheet,us-gaap:DefinedBenefitPensionPlanLiabilitiesNoncurrent,Pension liabilities,3Q24,709.0,ETN_SEC-XBRL-financials_as-presented_10-Q_2024-10-31_0001551182-24-000041.xlsx,Balance Sheet,"September 30, 2024",Pension liabilities,us-gaap:DefinedBenefitPensionPlanLiabilitiesNoncurrent,reported,
balance_sheet,us-gaap:OtherPostretirementDefinedBenefitPlanLiabilitiesNoncurrent,Other postretirement benefits liabilities,3Q24,174.0,ETN_SEC-XBRL-financials_as-presented_10-Q_2024-10-31_0001551182-24-000041.xlsx,Balance Sheet,"September 30, 2024",Other postretirement benefits liabilities,us-gaap:OtherPostretirementDefinedBenefitPlanLiabilitiesNoncurrent,reported,
balance_sheet,us-gaap:OperatingLeaseLiabilityNoncurrent,Operating lease liabilities,3Q24,681.0,ETN_SEC-XBRL-financials_as-presented_10-Q_2024-10-31_0001551182-24-000041.xlsx,Balance Sheet,"September 30, 2024",Operating lease liabilities,us-gaap:OperatingLeaseLiabilityNoncurrent,reported,
balance_sheet,us-gaap:DeferredIncomeTaxLiabilitiesNet,Deferred income taxes,3Q24,387.0,ETN_SEC-XBRL-financials_as-presented_10-Q_2024-10-31_0001551182-24-000041.xlsx,Balance Sheet,"September 30, 2024",Deferred income taxes,us-gaap:DeferredIncomeTaxLiabilitiesNet,reported,
balance_sheet,us-gaap:OtherLiabilitiesNoncurrent,Other noncurrent liabilities,3Q24,1503.0,ETN_SEC-XBRL-financials_as-presented_10-Q_2024-10-31_0001551182-24-000041.xlsx,Balance Sheet,"September 30, 2024",Other noncurrent liabilities,us-gaap:OtherLiabilitiesNoncurrent,reported,
balance_sheet,us-gaap:LiabilitiesNoncurrent,Total noncurrent liabilities,3Q24,12132.0,ETN_SEC-XBRL-financials_as-presented_10-Q_2024-10-31_0001551182-24-000041.xlsx,Balance Sheet,"September 30, 2024",Total noncurrent liabilities,us-gaap:LiabilitiesNoncurrent,reported,
balance_sheet,us-gaap:CommonStockSharesOutstanding,Ordinary shares (398.6 million outstanding in 2020 and 413.3 million in 2019),3Q24,4.0,ETN_SEC-XBRL-financials_as-presented_10-Q_2024-10-31_0001551182-24-000041.xlsx,Balance Sheet,"September 30, 2024",Ordinary shares (395.2 million outstanding in 2024 and 399.4 million in 2023),us-gaap:CommonStockSharesOutstanding,reported,
balance_sheet,us-gaap:AdditionalPaidInCapitalCommonStock,Capital in excess of par value,3Q24,12694.0,ETN_SEC-XBRL-financials_as-presented_10-Q_2024-10-31_0001551182-24-000041.xlsx,Balance Sheet,"September 30, 2024",Capital in excess of par value,us-gaap:AdditionalPaidInCapitalCommonStock,reported,
balance_sheet,us-gaap:RetainedEarningsAccumulatedDeficit,Retained earnings,3Q24,10366.0,ETN_SEC-XBRL-financials_as-presented_10-Q_2024-10-31_0001551182-24-000041.xlsx,Balance Sheet,"September 30, 2024",Retained earnings,us-gaap:RetainedEarningsAccumulatedDeficit,reported,
balance_sheet,us-gaap:AccumulatedOtherComprehensiveIncomeLossNetOfTax,Accumulated other comprehensive loss,3Q24,-3947.0,ETN_SEC-XBRL-financials_as-presented_10-Q_2024-10-31_0001551182-24-000041.xlsx,Balance Sheet,"September 30, 2024",Accumulated other comprehensive loss,us-gaap:AccumulatedOtherComprehensiveIncomeLossNetOfTax,reported,
balance_sheet,us-gaap:DeferredCompensationEquity,Shares held in trust,3Q24,-1.0,ETN_SEC-XBRL-financials_as-presented_10-Q_2024-10-31_0001551182-24-000041.xlsx,Balance Sheet,"September 30, 2024",Shares held in trust,us-gaap:DeferredCompensationEquity,reported,
balance_sheet,us-gaap:StockholdersEquity,Total Eaton shareholders’ equity,3Q24,19117.0,ETN_SEC-XBRL-financials_as-presented_10-Q_2024-10-31_0001551182-24-000041.xlsx,Balance Sheet,"September 30, 2024",Total Eaton shareholders’ equity,us-gaap:StockholdersEquity,reported,
balance_sheet,us-gaap:MinorityInterest,Noncontrolling interests,3Q24,45.0,ETN_SEC-XBRL-financials_as-presented_10-Q_2024-10-31_0001551182-24-000041.xlsx,Balance Sheet,"September 30, 2024",Noncontrolling interests,us-gaap:MinorityInterest,reported,
balance_sheet,us-gaap:StockholdersEquityIncludingPortionAttributableToNoncontrollingInterest,Total equity,3Q24,19162.0,ETN_SEC-XBRL-financials_as-presented_10-Q_2024-10-31_0001551182-24-000041.xlsx,Balance Sheet,"September 30, 2024",Total equity,us-gaap:StockholdersEquityIncludingPortionAttributableToNoncontrollingInterest,reported,
balance_sheet,us-gaap:LiabilitiesAndStockholdersEquity,Total liabilities and equity,3Q24,39236.0,ETN_SEC-XBRL-financials_as-presented_10-Q_2024-10-31_0001551182-24-000041.xlsx,Balance Sheet,"September 30, 2024",Total liabilities and equity,us-gaap:LiabilitiesAndStockholdersEquity,reported,
balance_sheet,us-gaap:CashAndCashEquivalentsAtCarryingValue,Cash,1Q25,1777.0,ETN_SEC-XBRL-financials_as-presented_10-Q_2025-05-02_0001551182-25-000014.xlsx,Balance Sheet,"March 31, 2025",Cash,us-gaap:CashAndCashEquivalentsAtCarryingValue,reported,
balance_sheet,us-gaap:ShortTermInvestments,Short-term investments,1Q25,162.0,ETN_SEC-XBRL-financials_as-presented_10-Q_2025-05-02_0001551182-25-000014.xlsx,Balance Sheet,"March 31, 2025",Short-term investments,us-gaap:ShortTermInvestments,reported,
balance_sheet,us-gaap:ReceivablesNetCurrent,Accounts receivable - net,1Q25,5094.0,ETN_SEC-XBRL-financials_as-presented_10-Q_2025-05-02_0001551182-25-000014.xlsx,Balance Sheet,"March 31, 2025",Accounts receivable - net,us-gaap:ReceivablesNetCurrent,reported,
balance_sheet,us-gaap:InventoryNet,Inventory,1Q25,4392.0,ETN_SEC-XBRL-financials_as-presented_10-Q_2025-05-02_0001551182-25-000014.xlsx,Balance Sheet,"March 31, 2025",Inventory,us-gaap:InventoryNet,reported,
balance_sheet,us-gaap:PrepaidExpenseAndOtherAssetsCurrent,Prepaid expenses and other current assets,1Q25,1009.0,ETN_SEC-XBRL-financials_as-presented_10-Q_2025-05-02_0001551182-25-000014.xlsx,Balance Sheet,"March 31, 2025",Prepaid expenses and other current assets,us-gaap:PrepaidExpenseAndOtherAssetsCurrent,reported,
balance_sheet,us-gaap:AssetsCurrent,Total current assets,1Q25,12434.0,ETN_SEC-XBRL-financials_as-presented_10-Q_2025-05-02_0001551182-25-000014.xlsx,Balance Sheet,"March 31, 2025",Total current assets,us-gaap:AssetsCurrent,reported,
balance_sheet,etn:LandAndBuildings,Land and buildings,1Q25,2177.0,ETN_SEC-XBRL-financials_as-presented_10-Q_2025-05-02_0001551182-25-000014.xlsx,Balance Sheet,"March 31, 2025",Land and buildings,etn:LandAndBuildings,reported,
balance_sheet,us-gaap:MachineryAndEquipmentGross,Machinery and equipment,1Q25,6981.0,ETN_SEC-XBRL-financials_as-presented_10-Q_2025-05-02_0001551182-25-000014.xlsx,Balance Sheet,"March 31, 2025",Machinery and equipment,us-gaap:MachineryAndEquipmentGross,reported,
balance_sheet,us-gaap:PropertyPlantAndEquipmentGross,"Gross property, plant and equipment",1Q25,9158.0,ETN_SEC-XBRL-financials_as-presented_10-Q_2025-05-02_0001551182-25-000014.xlsx,Balance Sheet,"March 31, 2025","Gross property, plant and equipment",us-gaap:PropertyPlantAndEquipmentGross,reported,
balance_sheet,us-gaap:AccumulatedDepreciationDepletionAndAmortizationPropertyPlantAndEquipment,Accumulated depreciation,1Q25,-5394.0,ETN_SEC-XBRL-financials_as-presented_10-Q_2025-05-02_0001551182-25-000014.xlsx,Balance Sheet,"March 31, 2025",Accumulated depreciation,us-gaap:AccumulatedDepreciationDepletionAndAmortizationPropertyPlantAndEquipment,reported,
balance_sheet,us-gaap:PropertyPlantAndEquipmentNet,"Net property, plant and equipment",1Q25,3765.0,ETN_SEC-XBRL-financials_as-presented_10-Q_2025-05-02_0001551182-25-000014.xlsx,Balance Sheet,"March 31, 2025","Net property, plant and equipment",us-gaap:PropertyPlantAndEquipmentNet,reported,
balance_sheet,us-gaap:Goodwill,Goodwill,1Q25,14851.0,ETN_SEC-XBRL-financials_as-presented_10-Q_2025-05-02_0001551182-25-000014.xlsx,Balance Sheet,"March 31, 2025",Goodwill,us-gaap:Goodwill,reported,
balance_sheet,us-gaap:IntangibleAssetsNetExcludingGoodwill,Other intangible assets,1Q25,4586.0,ETN_SEC-XBRL-financials_as-presented_10-Q_2025-05-02_0001551182-25-000014.xlsx,Balance Sheet,"March 31, 2025",Other intangible assets,us-gaap:IntangibleAssetsNetExcludingGoodwill,reported,
balance_sheet,us-gaap:OperatingLeaseRightOfUseAsset,Operating lease assets,1Q25,813.0,ETN_SEC-XBRL-financials_as-presented_10-Q_2025-05-02_0001551182-25-000014.xlsx,Balance Sheet,"March 31, 2025",Operating lease assets,us-gaap:OperatingLeaseRightOfUseAsset,reported,
balance_sheet,us-gaap:DeferredIncomeTaxAssetsNet,Deferred income taxes,1Q25,609.0,ETN_SEC-XBRL-financials_as-presented_10-Q_2025-05-02_0001551182-25-000014.xlsx,Balance Sheet,"March 31, 2025",Deferred income taxes,us-gaap:DeferredIncomeTaxAssetsNet,reported,
balance_sheet,us-gaap:OtherAssetsNoncurrent,Other assets,1Q25,2148.0,ETN_SEC-XBRL-financials_as-presented_10-Q_2025-05-02_0001551182-25-000014.xlsx,Balance Sheet,"March 31, 2025",Other assets,us-gaap:OtherAssetsNoncurrent,reported,
balance_sheet,us-gaap:Assets,Total assets,1Q25,39206.0,ETN_SEC-XBRL-financials_as-presented_10-Q_2025-05-02_0001551182-25-000014.xlsx,Balance Sheet,"March 31, 2025",Total assets,us-gaap:Assets,reported,
balance_sheet,us-gaap:ShortTermBorrowings,Short-term debt,1Q25,805.0,ETN_SEC-XBRL-financials_as-presented_10-Q_2025-05-02_0001551182-25-000014.xlsx,Balance Sheet,"March 31, 2025",Short-term debt,us-gaap:ShortTermBorrowings,reported,
balance_sheet,us-gaap:LongTermDebtAndCapitalLeaseObligationsCurrent,Current portion of long-term debt,1Q25,1666.0,ETN_SEC-XBRL-financials_as-presented_10-Q_2025-05-02_0001551182-25-000014.xlsx,Balance Sheet,"March 31, 2025",Current portion of long-term debt,us-gaap:LongTermDebtAndCapitalLeaseObligationsCurrent,reported,
balance_sheet,us-gaap:AccountsPayableCurrent,Accounts payable,1Q25,3654.0,ETN_SEC-XBRL-financials_as-presented_10-Q_2025-05-02_0001551182-25-000014.xlsx,Balance Sheet,"March 31, 2025",Accounts payable,us-gaap:AccountsPayableCurrent,reported,
balance_sheet,us-gaap:EmployeeRelatedLiabilitiesCurrent,Accrued compensation,1Q25,489.0,ETN_SEC-XBRL-financials_as-presented_10-Q_2025-05-02_0001551182-25-000014.xlsx,Balance Sheet,"March 31, 2025",Accrued compensation,us-gaap:EmployeeRelatedLiabilitiesCurrent,reported,
balance_sheet,us-gaap:OtherLiabilitiesCurrent,Other current liabilities,1Q25,2908.0,ETN_SEC-XBRL-financials_as-presented_10-Q_2025-05-02_0001551182-25-000014.xlsx,Balance Sheet,"March 31, 2025",Other current liabilities,us-gaap:OtherLiabilitiesCurrent,reported,
balance_sheet,us-gaap:LiabilitiesCurrent,Total current liabilities,1Q25,9522.0,ETN_SEC-XBRL-financials_as-presented_10-Q_2025-05-02_0001551182-25-000014.xlsx,Balance Sheet,"March 31, 2025",Total current liabilities,us-gaap:LiabilitiesCurrent,reported,
balance_sheet,us-gaap:LongTermDebtAndCapitalLeaseObligations,Long-term debt,1Q25,7609.0,ETN_SEC-XBRL-financials_as-presented_10-Q_2025-05-02_0001551182-25-000014.xlsx,Balance Sheet,"March 31, 2025",Long-term debt,us-gaap:LongTermDebtAndCapitalLeaseObligations,reported,
balance_sheet,us-gaap:DefinedBenefitPensionPlanLiabilitiesNoncurrent,Pension liabilities,1Q25,733.0,ETN_SEC-XBRL-financials_as-presented_10-Q_2025-05-02_0001551182-25-000014.xlsx,Balance Sheet,"March 31, 2025",Pension liabilities,us-gaap:DefinedBenefitPensionPlanLiabilitiesNoncurrent,reported,
balance_sheet,us-gaap:OtherPostretirementDefinedBenefitPlanLiabilitiesNoncurrent,Other postretirement benefits liabilities,1Q25,162.0,ETN_SEC-XBRL-financials_as-presented_10-Q_2025-05-02_0001551182-25-000014.xlsx,Balance Sheet,"March 31, 2025",Other postretirement benefits liabilities,us-gaap:OtherPostretirementDefinedBenefitPlanLiabilitiesNoncurrent,reported,
balance_sheet,us-gaap:OperatingLeaseLiabilityNoncurrent,Operating lease liabilities,1Q25,669.0,ETN_SEC-XBRL-financials_as-presented_10-Q_2025-05-02_0001551182-25-000014.xlsx,Balance Sheet,"March 31, 2025",Operating lease liabilities,us-gaap:OperatingLeaseLiabilityNoncurrent,reported,
balance_sheet,us-gaap:DeferredIncomeTaxLiabilitiesNet,Deferred income taxes,1Q25,267.0,ETN_SEC-XBRL-financials_as-presented_10-Q_2025-05-02_0001551182-25-000014.xlsx,Balance Sheet,"March 31, 2025",Deferred income taxes,us-gaap:DeferredIncomeTaxLiabilitiesNet,reported,
balance_sheet,us-gaap:OtherLiabilitiesNoncurrent,Other noncurrent liabilities,1Q25,1696.0,ETN_SEC-XBRL-financials_as-presented_10-Q_2025-05-02_0001551182-25-000014.xlsx,Balance Sheet,"March 31, 2025",Other noncurrent liabilities,us-gaap:OtherLiabilitiesNoncurrent,reported,
balance_sheet,us-gaap:LiabilitiesNoncurrent,Total noncurrent liabilities,1Q25,11136.0,ETN_SEC-XBRL-financials_as-presented_10-Q_2025-05-02_0001551182-25-000014.xlsx,Balance Sheet,"March 31, 2025",Total noncurrent liabilities,us-gaap:LiabilitiesNoncurrent,reported,
balance_sheet,us-gaap:CommonStockSharesOutstanding,Ordinary shares (398.6 million outstanding in 2020 and 413.3 million in 2019),1Q25,4.0,ETN_SEC-XBRL-financials_as-presented_10-Q_2025-05-02_0001551182-25-000014.xlsx,Balance Sheet,"March 31, 2025",Ordinary shares (391.3 million outstanding in 2025 and 392.9 million in 2024),us-gaap:CommonStockSharesOutstanding,reported,
balance_sheet,us-gaap:AdditionalPaidInCapitalCommonStock,Capital in excess of par value,1Q25,12711.0,ETN_SEC-XBRL-financials_as-presented_10-Q_2025-05-02_0001551182-25-000014.xlsx,Balance Sheet,"March 31, 2025",Capital in excess of par value,us-gaap:AdditionalPaidInCapitalCommonStock,reported,
balance_sheet,us-gaap:RetainedEarningsAccumulatedDeficit,Retained earnings,1Q25,10041.0,ETN_SEC-XBRL-financials_as-presented_10-Q_2025-05-02_0001551182-25-000014.xlsx,Balance Sheet,"March 31, 2025",Retained earnings,us-gaap:RetainedEarningsAccumulatedDeficit,reported,
balance_sheet,us-gaap:AccumulatedOtherComprehensiveIncomeLossNetOfTax,Accumulated other comprehensive loss,1Q25,-4250.0,ETN_SEC-XBRL-financials_as-presented_10-Q_2025-05-02_0001551182-25-000014.xlsx,Balance Sheet,"March 31, 2025",Accumulated other comprehensive loss,us-gaap:AccumulatedOtherComprehensiveIncomeLossNetOfTax,reported,
balance_sheet,us-gaap:DeferredCompensationEquity,Shares held in trust,1Q25,-1.0,ETN_SEC-XBRL-financials_as-presented_10-Q_2025-05-02_0001551182-25-000014.xlsx,Balance Sheet,"March 31, 2025",Shares held in trust,us-gaap:DeferredCompensationEquity,reported,
balance_sheet,us-gaap:StockholdersEquity,Total Eaton shareholders’ equity,1Q25,18506.0,ETN_SEC-XBRL-financials_as-presented_10-Q_2025-05-02_0001551182-25-000014.xlsx,Balance Sheet,"March 31, 2025",Total Eaton shareholders’ equity,us-gaap:StockholdersEquity,reported,
balance_sheet,us-gaap:MinorityInterest,Noncontrolling interests,1Q25,41.0,ETN_SEC-XBRL-financials_as-presented_10-Q_2025-05-02_0001551182-25-000014.xlsx,Balance Sheet,"March 31, 2025",Noncontrolling interests,us-gaap:MinorityInterest,reported,
balance_sheet,us-gaap:StockholdersEquityIncludingPortionAttributableToNoncontrollingInterest,Total equity,1Q25,18547.0,ETN_SEC-XBRL-financials_as-presented_10-Q_2025-05-02_0001551182-25-000014.xlsx,Balance Sheet,"March 31, 2025",Total equity,us-gaap:StockholdersEquityIncludingPortionAttributableToNoncontrollingInterest,reported,
balance_sheet,us-gaap:LiabilitiesAndStockholdersEquity,Total liabilities and equity,1Q25,39206.0,ETN_SEC-XBRL-financials_as-presented_10-Q_2025-05-02_0001551182-25-000014.xlsx,Balance Sheet,"March 31, 2025",Total liabilities and equity,us-gaap:LiabilitiesAndStockholdersEquity,reported,
balance_sheet,us-gaap:CashAndCashEquivalentsAtCarryingValue,Cash,2Q25,398.0,ETN_SEC-XBRL-financials_as-presented_10-Q_2025-08-05_0001551182-25-000028.xlsx,Balance Sheet,"June 30, 2025",Cash,us-gaap:CashAndCashEquivalentsAtCarryingValue,reported,
balance_sheet,us-gaap:ShortTermInvestments,Short-term investments,2Q25,186.0,ETN_SEC-XBRL-financials_as-presented_10-Q_2025-08-05_0001551182-25-000028.xlsx,Balance Sheet,"June 30, 2025",Short-term investments,us-gaap:ShortTermInvestments,reported,
balance_sheet,us-gaap:ReceivablesNetCurrent,Accounts receivable - net,2Q25,5486.0,ETN_SEC-XBRL-financials_as-presented_10-Q_2025-08-05_0001551182-25-000028.xlsx,Balance Sheet,"June 30, 2025",Accounts receivable - net,us-gaap:ReceivablesNetCurrent,reported,
balance_sheet,us-gaap:InventoryNet,Inventory,2Q25,4581.0,ETN_SEC-XBRL-financials_as-presented_10-Q_2025-08-05_0001551182-25-000028.xlsx,Balance Sheet,"June 30, 2025",Inventory,us-gaap:InventoryNet,reported,
balance_sheet,us-gaap:PrepaidExpenseAndOtherAssetsCurrent,Prepaid expenses and other current assets,2Q25,1246.0,ETN_SEC-XBRL-financials_as-presented_10-Q_2025-08-05_0001551182-25-000028.xlsx,Balance Sheet,"June 30, 2025",Prepaid expenses and other current assets,us-gaap:PrepaidExpenseAndOtherAssetsCurrent,reported,
balance_sheet,us-gaap:AssetsCurrent,Total current assets,2Q25,11897.0,ETN_SEC-XBRL-financials_as-presented_10-Q_2025-08-05_0001551182-25-000028.xlsx,Balance Sheet,"June 30, 2025",Total current assets,us-gaap:AssetsCurrent,reported,
balance_sheet,etn:LandAndBuildings,Land and buildings,2Q25,2299.0,ETN_SEC-XBRL-financials_as-presented_10-Q_2025-08-05_0001551182-25-000028.xlsx,Balance Sheet,"June 30, 2025",Land and buildings,etn:LandAndBuildings,reported,
balance_sheet,us-gaap:MachineryAndEquipmentGross,Machinery and equipment,2Q25,7328.0,ETN_SEC-XBRL-financials_as-presented_10-Q_2025-08-05_0001551182-25-000028.xlsx,Balance Sheet,"June 30, 2025",Machinery and equipment,us-gaap:MachineryAndEquipmentGross,reported,
balance_sheet,us-gaap:PropertyPlantAndEquipmentGross,"Gross property, plant and equipment",2Q25,9627.0,ETN_SEC-XBRL-financials_as-presented_10-Q_2025-08-05_0001551182-25-000028.xlsx,Balance Sheet,"June 30, 2025","Gross property, plant and equipment",us-gaap:PropertyPlantAndEquipmentGross,reported,
balance_sheet,us-gaap:AccumulatedDepreciationDepletionAndAmortizationPropertyPlantAndEquipment,Accumulated depreciation,2Q25,-5595.0,ETN_SEC-XBRL-financials_as-presented_10-Q_2025-08-05_0001551182-25-000028.xlsx,Balance Sheet,"June 30, 2025",Accumulated depreciation,us-gaap:AccumulatedDepreciationDepletionAndAmortizationPropertyPlantAndEquipment,reported,
balance_sheet,us-gaap:PropertyPlantAndEquipmentNet,"Net property, plant and equipment",2Q25,4032.0,ETN_SEC-XBRL-financials_as-presented_10-Q_2025-08-05_0001551182-25-000028.xlsx,Balance Sheet,"June 30, 2025","Net property, plant and equipment",us-gaap:PropertyPlantAndEquipmentNet,reported,
balance_sheet,us-gaap:Goodwill,Goodwill,2Q25,15790.0,ETN_SEC-XBRL-financials_as-presented_10-Q_2025-08-05_0001551182-25-000028.xlsx,Balance Sheet,"June 30, 2025",Goodwill,us-gaap:Goodwill,reported,
balance_sheet,us-gaap:IntangibleAssetsNetExcludingGoodwill,Other intangible assets,2Q25,5227.0,ETN_SEC-XBRL-financials_as-presented_10-Q_2025-08-05_0001551182-25-000028.xlsx,Balance Sheet,"June 30, 2025",Other intangible assets,us-gaap:IntangibleAssetsNetExcludingGoodwill,reported,
balance_sheet,us-gaap:OperatingLeaseRightOfUseAsset,Operating lease assets,2Q25,709.0,ETN_SEC-XBRL-financials_as-presented_10-Q_2025-08-05_0001551182-25-000028.xlsx,Balance Sheet,"June 30, 2025",Operating lease assets,us-gaap:OperatingLeaseRightOfUseAsset,reported,
balance_sheet,us-gaap:DeferredIncomeTaxAssetsNet,Deferred income taxes,2Q25,621.0,ETN_SEC-XBRL-financials_as-presented_10-Q_2025-08-05_0001551182-25-000028.xlsx,Balance Sheet,"June 30, 2025",Deferred income taxes,us-gaap:DeferredIncomeTaxAssetsNet,reported,
balance_sheet,us-gaap:OtherAssetsNoncurrent,Other assets,2Q25,2230.0,ETN_SEC-XBRL-financials_as-presented_10-Q_2025-08-05_0001551182-25-000028.xlsx,Balance Sheet,"June 30, 2025",Other assets,us-gaap:OtherAssetsNoncurrent,reported,
balance_sheet,us-gaap:Assets,Total assets,2Q25,40507.0,ETN_SEC-XBRL-financials_as-presented_10-Q_2025-08-05_0001551182-25-000028.xlsx,Balance Sheet,"June 30, 2025",Total assets,us-gaap:Assets,reported,
balance_sheet,us-gaap:ShortTermBorrowings,Short-term debt,2Q25,1111.0,ETN_SEC-XBRL-financials_as-presented_10-Q_2025-08-05_0001551182-25-000028.xlsx,Balance Sheet,"June 30, 2025",Short-term debt,us-gaap:ShortTermBorrowings,reported,
balance_sheet,us-gaap:LongTermDebtAndCapitalLeaseObligationsCurrent,Current portion of long-term debt,2Q25,1134.0,ETN_SEC-XBRL-financials_as-presented_10-Q_2025-08-05_0001551182-25-000028.xlsx,Balance Sheet,"June 30, 2025",Current portion of long-term debt,us-gaap:LongTermDebtAndCapitalLeaseObligationsCurrent,reported,
balance_sheet,us-gaap:AccountsPayableCurrent,Accounts payable,2Q25,3762.0,ETN_SEC-XBRL-financials_as-presented_10-Q_2025-08-05_0001551182-25-000028.xlsx,Balance Sheet,"June 30, 2025",Accounts payable,us-gaap:AccountsPayableCurrent,reported,
balance_sheet,us-gaap:EmployeeRelatedLiabilitiesCurrent,Accrued compensation,2Q25,529.0,ETN_SEC-XBRL-financials_as-presented_10-Q_2025-08-05_0001551182-25-000028.xlsx,Balance Sheet,"June 30, 2025",Accrued compensation,us-gaap:EmployeeRelatedLiabilitiesCurrent,reported,
balance_sheet,us-gaap:OtherLiabilitiesCurrent,Other current liabilities,2Q25,3058.0,ETN_SEC-XBRL-financials_as-presented_10-Q_2025-08-05_0001551182-25-000028.xlsx,Balance Sheet,"June 30, 2025",Other current liabilities,us-gaap:OtherLiabilitiesCurrent,reported,
balance_sheet,us-gaap:LiabilitiesCurrent,Total current liabilities,2Q25,9594.0,ETN_SEC-XBRL-financials_as-presented_10-Q_2025-08-05_0001551182-25-000028.xlsx,Balance Sheet,"June 30, 2025",Total current liabilities,us-gaap:LiabilitiesCurrent,reported,
balance_sheet,us-gaap:LongTermDebtAndCapitalLeaseObligations,Long-term debt,2Q25,8751.0,ETN_SEC-XBRL-financials_as-presented_10-Q_2025-08-05_0001551182-25-000028.xlsx,Balance Sheet,"June 30, 2025",Long-term debt,us-gaap:LongTermDebtAndCapitalLeaseObligations,reported,
balance_sheet,us-gaap:DefinedBenefitPensionPlanLiabilitiesNoncurrent,Pension liabilities,2Q25,758.0,ETN_SEC-XBRL-financials_as-presented_10-Q_2025-08-05_0001551182-25-000028.xlsx,Balance Sheet,"June 30, 2025",Pension liabilities,us-gaap:DefinedBenefitPensionPlanLiabilitiesNoncurrent,reported,
balance_sheet,us-gaap:OtherPostretirementDefinedBenefitPlanLiabilitiesNoncurrent,Other postretirement benefits liabilities,2Q25,161.0,ETN_SEC-XBRL-financials_as-presented_10-Q_2025-08-05_0001551182-25-000028.xlsx,Balance Sheet,"June 30, 2025",Other postretirement benefits liabilities,us-gaap:OtherPostretirementDefinedBenefitPlanLiabilitiesNoncurrent,reported,
balance_sheet,us-gaap:OperatingLeaseLiabilityNoncurrent,Operating lease liabilities,2Q25,587.0,ETN_SEC-XBRL-financials_as-presented_10-Q_2025-08-05_0001551182-25-000028.xlsx,Balance Sheet,"June 30, 2025",Operating lease liabilities,us-gaap:OperatingLeaseLiabilityNoncurrent,reported,
balance_sheet,us-gaap:DeferredIncomeTaxLiabilitiesNet,Deferred income taxes,2Q25,280.0,ETN_SEC-XBRL-financials_as-presented_10-Q_2025-08-05_0001551182-25-000028.xlsx,Balance Sheet,"June 30, 2025",Deferred income taxes,us-gaap:DeferredIncomeTaxLiabilitiesNet,reported,
balance_sheet,us-gaap:OtherLiabilitiesNoncurrent,Other noncurrent liabilities,2Q25,1728.0,ETN_SEC-XBRL-financials_as-presented_10-Q_2025-08-05_0001551182-25-000028.xlsx,Balance Sheet,"June 30, 2025",Other noncurrent liabilities,us-gaap:OtherLiabilitiesNoncurrent,reported,
balance_sheet,us-gaap:LiabilitiesNoncurrent,Total noncurrent liabilities,2Q25,12265.0,ETN_SEC-XBRL-financials_as-presented_10-Q_2025-08-05_0001551182-25-000028.xlsx,Balance Sheet,"June 30, 2025",Total noncurrent liabilities,us-gaap:LiabilitiesNoncurrent,reported,
balance_sheet,us-gaap:CommonStockSharesOutstanding,Ordinary shares (398.6 million outstanding in 2020 and 413.3 million in 2019),2Q25,4.0,ETN_SEC-XBRL-financials_as-presented_10-Q_2025-08-05_0001551182-25-000028.xlsx,Balance Sheet,"June 30, 2025",Ordinary shares (389.3 million outstanding in 2025 and 392.9 million in 2024),us-gaap:CommonStockSharesOutstanding,reported,
balance_sheet,us-gaap:AdditionalPaidInCapitalCommonStock,Capital in excess of par value,2Q25,12780.0,ETN_SEC-XBRL-financials_as-presented_10-Q_2025-08-05_0001551182-25-000028.xlsx,Balance Sheet,"June 30, 2025",Capital in excess of par value,us-gaap:AdditionalPaidInCapitalCommonStock,reported,
balance_sheet,us-gaap:RetainedEarningsAccumulatedDeficit,Retained earnings,2Q25,9917.0,ETN_SEC-XBRL-financials_as-presented_10-Q_2025-08-05_0001551182-25-000028.xlsx,Balance Sheet,"June 30, 2025",Retained earnings,us-gaap:RetainedEarningsAccumulatedDeficit,reported,
balance_sheet,us-gaap:AccumulatedOtherComprehensiveIncomeLossNetOfTax,Accumulated other comprehensive loss,2Q25,-4095.0,ETN_SEC-XBRL-financials_as-presented_10-Q_2025-08-05_0001551182-25-000028.xlsx,Balance Sheet,"June 30, 2025",Accumulated other comprehensive loss,us-gaap:AccumulatedOtherComprehensiveIncomeLossNetOfTax,reported,
balance_sheet,us-gaap:StockholdersEquity,Total Eaton shareholders’ equity,2Q25,18606.0,ETN_SEC-XBRL-financials_as-presented_10-Q_2025-08-05_0001551182-25-000028.xlsx,Balance Sheet,"June 30, 2025",Total Eaton shareholders’ equity,us-gaap:StockholdersEquity,reported,
balance_sheet,us-gaap:MinorityInterest,Noncontrolling interests,2Q25,41.0,ETN_SEC-XBRL-financials_as-presented_10-Q_2025-08-05_0001551182-25-000028.xlsx,Balance Sheet,"June 30, 2025",Noncontrolling interests,us-gaap:MinorityInterest,reported,
balance_sheet,us-gaap:StockholdersEquityIncludingPortionAttributableToNoncontrollingInterest,Total equity,2Q25,18647.0,ETN_SEC-XBRL-financials_as-presented_10-Q_2025-08-05_0001551182-25-000028.xlsx,Balance Sheet,"June 30, 2025",Total equity,us-gaap:StockholdersEquityIncludingPortionAttributableToNoncontrollingInterest,reported,
balance_sheet,us-gaap:LiabilitiesAndStockholdersEquity,Total liabilities and equity,2Q25,40507.0,ETN_SEC-XBRL-financials_as-presented_10-Q_2025-08-05_0001551182-25-000028.xlsx,Balance Sheet,"June 30, 2025",Total liabilities and equity,us-gaap:LiabilitiesAndStockholdersEquity,reported,
balance_sheet,us-gaap:CashAndCashEquivalentsAtCarryingValue,Cash,3Q25,328.0,ETN_SEC-XBRL-financials_as-presented_10-Q_2025-11-04_0001551182-25-000036.xlsx,Balance Sheet,"September 30, 2025",Cash,us-gaap:CashAndCashEquivalentsAtCarryingValue,reported,
balance_sheet,us-gaap:ShortTermInvestments,Short-term investments,3Q25,237.0,ETN_SEC-XBRL-financials_as-presented_10-Q_2025-11-04_0001551182-25-000036.xlsx,Balance Sheet,"September 30, 2025",Short-term investments,us-gaap:ShortTermInvestments,reported,
balance_sheet,us-gaap:ReceivablesNetCurrent,Accounts receivable - net,3Q25,5556.0,ETN_SEC-XBRL-financials_as-presented_10-Q_2025-11-04_0001551182-25-000036.xlsx,Balance Sheet,"September 30, 2025",Accounts receivable - net,us-gaap:ReceivablesNetCurrent,reported,
balance_sheet,us-gaap:InventoryNet,Inventory,3Q25,4613.0,ETN_SEC-XBRL-financials_as-presented_10-Q_2025-11-04_0001551182-25-000036.xlsx,Balance Sheet,"September 30, 2025",Inventory,us-gaap:InventoryNet,reported,
balance_sheet,us-gaap:PrepaidExpenseAndOtherAssetsCurrent,Prepaid expenses and other current assets,3Q25,1397.0,ETN_SEC-XBRL-financials_as-presented_10-Q_2025-11-04_0001551182-25-000036.xlsx,Balance Sheet,"September 30, 2025",Prepaid expenses and other current assets,us-gaap:PrepaidExpenseAndOtherAssetsCurrent,reported,
balance_sheet,us-gaap:AssetsCurrent,Total current assets,3Q25,12131.0,ETN_SEC-XBRL-financials_as-presented_10-Q_2025-11-04_0001551182-25-000036.xlsx,Balance Sheet,"September 30, 2025",Total current assets,us-gaap:AssetsCurrent,reported,
balance_sheet,etn:LandAndBuildings,Land and buildings,3Q25,2329.0,ETN_SEC-XBRL-financials_as-presented_10-Q_2025-11-04_0001551182-25-000036.xlsx,Balance Sheet,"September 30, 2025",Land and buildings,etn:LandAndBuildings,reported,
balance_sheet,us-gaap:MachineryAndEquipmentGross,Machinery and equipment,3Q25,7394.0,ETN_SEC-XBRL-financials_as-presented_10-Q_2025-11-04_0001551182-25-000036.xlsx,Balance Sheet,"September 30, 2025",Machinery and equipment,us-gaap:MachineryAndEquipmentGross,reported,
balance_sheet,us-gaap:PropertyPlantAndEquipmentGross,"Gross property, plant and equipment",3Q25,9723.0,ETN_SEC-XBRL-financials_as-presented_10-Q_2025-11-04_0001551182-25-000036.xlsx,Balance Sheet,"September 30, 2025","Gross property, plant and equipment",us-gaap:PropertyPlantAndEquipmentGross,reported,
balance_sheet,us-gaap:AccumulatedDepreciationDepletionAndAmortizationPropertyPlantAndEquipment,Accumulated depreciation,3Q25,-5655.0,ETN_SEC-XBRL-financials_as-presented_10-Q_2025-11-04_0001551182-25-000036.xlsx,Balance Sheet,"September 30, 2025",Accumulated depreciation,us-gaap:AccumulatedDepreciationDepletionAndAmortizationPropertyPlantAndEquipment,reported,
balance_sheet,us-gaap:PropertyPlantAndEquipmentNet,"Net property, plant and equipment",3Q25,4068.0,ETN_SEC-XBRL-financials_as-presented_10-Q_2025-11-04_0001551182-25-000036.xlsx,Balance Sheet,"September 30, 2025","Net property, plant and equipment",us-gaap:PropertyPlantAndEquipmentNet,reported,
balance_sheet,us-gaap:Goodwill,Goodwill,3Q25,15806.0,ETN_SEC-XBRL-financials_as-presented_10-Q_2025-11-04_0001551182-25-000036.xlsx,Balance Sheet,"September 30, 2025",Goodwill,us-gaap:Goodwill,reported,
balance_sheet,us-gaap:IntangibleAssetsNetExcludingGoodwill,Other intangible assets,3Q25,5136.0,ETN_SEC-XBRL-financials_as-presented_10-Q_2025-11-04_0001551182-25-000036.xlsx,Balance Sheet,"September 30, 2025",Other intangible assets,us-gaap:IntangibleAssetsNetExcludingGoodwill,reported,
balance_sheet,us-gaap:OperatingLeaseRightOfUseAsset,Operating lease assets,3Q25,694.0,ETN_SEC-XBRL-financials_as-presented_10-Q_2025-11-04_0001551182-25-000036.xlsx,Balance Sheet,"September 30, 2025",Operating lease assets,us-gaap:OperatingLeaseRightOfUseAsset,reported,
balance_sheet,us-gaap:DeferredIncomeTaxAssetsNet,Deferred income taxes,3Q25,568.0,ETN_SEC-XBRL-financials_as-presented_10-Q_2025-11-04_0001551182-25-000036.xlsx,Balance Sheet,"September 30, 2025",Deferred income taxes,us-gaap:DeferredIncomeTaxAssetsNet,reported,
balance_sheet,us-gaap:OtherAssetsNoncurrent,Other assets,3Q25,2247.0,ETN_SEC-XBRL-financials_as-presented_10-Q_2025-11-04_0001551182-25-000036.xlsx,Balance Sheet,"September 30, 2025",Other assets,us-gaap:OtherAssetsNoncurrent,reported,
balance_sheet,us-gaap:Assets,Total assets,3Q25,40650.0,ETN_SEC-XBRL-financials_as-presented_10-Q_2025-11-04_0001551182-25-000036.xlsx,Balance Sheet,"September 30, 2025",Total assets,us-gaap:Assets,reported,
balance_sheet,us-gaap:ShortTermBorrowings,Short-term debt,3Q25,761.0,ETN_SEC-XBRL-financials_as-presented_10-Q_2025-11-04_0001551182-25-000036.xlsx,Balance Sheet,"September 30, 2025",Short-term debt,us-gaap:ShortTermBorrowings,reported,
balance_sheet,us-gaap:LongTermDebtAndCapitalLeaseObligationsCurrent,Current portion of long-term debt,3Q25,1136.0,ETN_SEC-XBRL-financials_as-presented_10-Q_2025-11-04_0001551182-25-000036.xlsx,Balance Sheet,"September 30, 2025",Current portion of long-term debt,us-gaap:LongTermDebtAndCapitalLeaseObligationsCurrent,reported,
balance_sheet,us-gaap:AccountsPayableCurrent,Accounts payable,3Q25,3826.0,ETN_SEC-XBRL-financials_as-presented_10-Q_2025-11-04_0001551182-25-000036.xlsx,Balance Sheet,"September 30, 2025",Accounts payable,us-gaap:AccountsPayableCurrent,reported,
balance_sheet,us-gaap:EmployeeRelatedLiabilitiesCurrent,Accrued compensation,3Q25,680.0,ETN_SEC-XBRL-financials_as-presented_10-Q_2025-11-04_0001551182-25-000036.xlsx,Balance Sheet,"September 30, 2025",Accrued compensation,us-gaap:EmployeeRelatedLiabilitiesCurrent,reported,
balance_sheet,us-gaap:OtherLiabilitiesCurrent,Other current liabilities,3Q25,3071.0,ETN_SEC-XBRL-financials_as-presented_10-Q_2025-11-04_0001551182-25-000036.xlsx,Balance Sheet,"September 30, 2025",Other current liabilities,us-gaap:OtherLiabilitiesCurrent,reported,
balance_sheet,us-gaap:LiabilitiesCurrent,Total current liabilities,3Q25,9474.0,ETN_SEC-XBRL-financials_as-presented_10-Q_2025-11-04_0001551182-25-000036.xlsx,Balance Sheet,"September 30, 2025",Total current liabilities,us-gaap:LiabilitiesCurrent,reported,
balance_sheet,us-gaap:LongTermDebtAndCapitalLeaseObligations,Long-term debt,3Q25,8756.0,ETN_SEC-XBRL-financials_as-presented_10-Q_2025-11-04_0001551182-25-000036.xlsx,Balance Sheet,"September 30, 2025",Long-term debt,us-gaap:LongTermDebtAndCapitalLeaseObligations,reported,
balance_sheet,us-gaap:DefinedBenefitPensionPlanLiabilitiesNoncurrent,Pension liabilities,3Q25,744.0,ETN_SEC-XBRL-financials_as-presented_10-Q_2025-11-04_0001551182-25-000036.xlsx,Balance Sheet,"September 30, 2025",Pension liabilities,us-gaap:DefinedBenefitPensionPlanLiabilitiesNoncurrent,reported,
balance_sheet,us-gaap:OtherPostretirementDefinedBenefitPlanLiabilitiesNoncurrent,Other postretirement benefits liabilities,3Q25,159.0,ETN_SEC-XBRL-financials_as-presented_10-Q_2025-11-04_0001551182-25-000036.xlsx,Balance Sheet,"September 30, 2025",Other postretirement benefits liabilities,us-gaap:OtherPostretirementDefinedBenefitPlanLiabilitiesNoncurrent,reported,
balance_sheet,us-gaap:OperatingLeaseLiabilityNoncurrent,Operating lease liabilities,3Q25,568.0,ETN_SEC-XBRL-financials_as-presented_10-Q_2025-11-04_0001551182-25-000036.xlsx,Balance Sheet,"September 30, 2025",Operating lease liabilities,us-gaap:OperatingLeaseLiabilityNoncurrent,reported,
balance_sheet,us-gaap:DeferredIncomeTaxLiabilitiesNet,Deferred income taxes,3Q25,289.0,ETN_SEC-XBRL-financials_as-presented_10-Q_2025-11-04_0001551182-25-000036.xlsx,Balance Sheet,"September 30, 2025",Deferred income taxes,us-gaap:DeferredIncomeTaxLiabilitiesNet,reported,
balance_sheet,us-gaap:OtherLiabilitiesNoncurrent,Other noncurrent liabilities,3Q25,1775.0,ETN_SEC-XBRL-financials_as-presented_10-Q_2025-11-04_0001551182-25-000036.xlsx,Balance Sheet,"September 30, 2025",Other noncurrent liabilities,us-gaap:OtherLiabilitiesNoncurrent,reported,
balance_sheet,us-gaap:LiabilitiesNoncurrent,Total noncurrent liabilities,3Q25,12291.0,ETN_SEC-XBRL-financials_as-presented_10-Q_2025-11-04_0001551182-25-000036.xlsx,Balance Sheet,"September 30, 2025",Total noncurrent liabilities,us-gaap:LiabilitiesNoncurrent,reported,
balance_sheet,us-gaap:CommonStockSharesOutstanding,Ordinary shares (398.6 million outstanding in 2020 and 413.3 million in 2019),3Q25,4.0,ETN_SEC-XBRL-financials_as-presented_10-Q_2025-11-04_0001551182-25-000036.xlsx,Balance Sheet,"September 30, 2025",Ordinary shares (388.4 million outstanding in 2025 and 392.9 million in 2024),us-gaap:CommonStockSharesOutstanding,reported,
balance_sheet,us-gaap:AdditionalPaidInCapitalCommonStock,Capital in excess of par value,3Q25,12813.0,ETN_SEC-XBRL-financials_as-presented_10-Q_2025-11-04_0001551182-25-000036.xlsx,Balance Sheet,"September 30, 2025",Capital in excess of par value,us-gaap:AdditionalPaidInCapitalCommonStock,reported,
balance_sheet,us-gaap:RetainedEarningsAccumulatedDeficit,Retained earnings,3Q25,10168.0,ETN_SEC-XBRL-financials_as-presented_10-Q_2025-11-04_0001551182-25-000036.xlsx,Balance Sheet,"September 30, 2025",Retained earnings,us-gaap:RetainedEarningsAccumulatedDeficit,reported,
balance_sheet,us-gaap:AccumulatedOtherComprehensiveIncomeLossNetOfTax,Accumulated other comprehensive loss,3Q25,-4142.0,ETN_SEC-XBRL-financials_as-presented_10-Q_2025-11-04_0001551182-25-000036.xlsx,Balance Sheet,"September 30, 2025",Accumulated other comprehensive loss,us-gaap:AccumulatedOtherComprehensiveIncomeLossNetOfTax,reported,
balance_sheet,us-gaap:StockholdersEquity,Total Eaton shareholders’ equity,3Q25,18843.0,ETN_SEC-XBRL-financials_as-presented_10-Q_2025-11-04_0001551182-25-000036.xlsx,Balance Sheet,"September 30, 2025",Total Eaton shareholders’ equity,us-gaap:StockholdersEquity,reported,
balance_sheet,us-gaap:MinorityInterest,Noncontrolling interests,3Q25,42.0,ETN_SEC-XBRL-financials_as-presented_10-Q_2025-11-04_0001551182-25-000036.xlsx,Balance Sheet,"September 30, 2025",Noncontrolling interests,us-gaap:MinorityInterest,reported,
balance_sheet,us-gaap:StockholdersEquityIncludingPortionAttributableToNoncontrollingInterest,Total equity,3Q25,18885.0,ETN_SEC-XBRL-financials_as-presented_10-Q_2025-11-04_0001551182-25-000036.xlsx,Balance Sheet,"September 30, 2025",Total equity,us-gaap:StockholdersEquityIncludingPortionAttributableToNoncontrollingInterest,reported,
balance_sheet,us-gaap:LiabilitiesAndStockholdersEquity,Total liabilities and equity,3Q25,40650.0,ETN_SEC-XBRL-financials_as-presented_10-Q_2025-11-04_0001551182-25-000036.xlsx,Balance Sheet,"September 30, 2025",Total liabilities and equity,us-gaap:LiabilitiesAndStockholdersEquity,reported,
balance_sheet,us-gaap:CashAndCashEquivalentsAtCarryingValue,Cash,1Q26,565.0,ETN_SEC-XBRL-financials_as-presented_10-Q_2026-05-05_0001551182-26-000013.xlsx,Balance Sheet,"March 31, 2026",Cash,us-gaap:CashAndCashEquivalentsAtCarryingValue,reported,
balance_sheet,us-gaap:ShortTermInvestments,Short-term investments,1Q26,186.0,ETN_SEC-XBRL-financials_as-presented_10-Q_2026-05-05_0001551182-26-000013.xlsx,Balance Sheet,"March 31, 2026",Short-term investments,us-gaap:ShortTermInvestments,reported,
balance_sheet,us-gaap:ReceivablesNetCurrent,Accounts receivable - net,1Q26,6366.0,ETN_SEC-XBRL-financials_as-presented_10-Q_2026-05-05_0001551182-26-000013.xlsx,Balance Sheet,"March 31, 2026",Accounts receivable - net,us-gaap:ReceivablesNetCurrent,reported,
balance_sheet,us-gaap:InventoryNet,Inventory,1Q26,5146.0,ETN_SEC-XBRL-financials_as-presented_10-Q_2026-05-05_0001551182-26-000013.xlsx,Balance Sheet,"March 31, 2026",Inventory,us-gaap:InventoryNet,reported,
balance_sheet,us-gaap:PrepaidExpenseAndOtherAssetsCurrent,Prepaid expenses and other current assets,1Q26,1743.0,ETN_SEC-XBRL-financials_as-presented_10-Q_2026-05-05_0001551182-26-000013.xlsx,Balance Sheet,"March 31, 2026",Prepaid expenses and other current assets,us-gaap:PrepaidExpenseAndOtherAssetsCurrent,reported,
balance_sheet,us-gaap:AssetsCurrent,Total current assets,1Q26,14005.0,ETN_SEC-XBRL-financials_as-presented_10-Q_2026-05-05_0001551182-26-000013.xlsx,Balance Sheet,"March 31, 2026",Total current assets,us-gaap:AssetsCurrent,reported,
balance_sheet,etn:LandAndBuildings,Land and buildings,1Q26,2433.0,ETN_SEC-XBRL-financials_as-presented_10-Q_2026-05-05_0001551182-26-000013.xlsx,Balance Sheet,"March 31, 2026",Land and buildings,etn:LandAndBuildings,reported,
balance_sheet,us-gaap:MachineryAndEquipmentGross,Machinery and equipment,1Q26,7885.0,ETN_SEC-XBRL-financials_as-presented_10-Q_2026-05-05_0001551182-26-000013.xlsx,Balance Sheet,"March 31, 2026",Machinery and equipment,us-gaap:MachineryAndEquipmentGross,reported,
balance_sheet,us-gaap:PropertyPlantAndEquipmentGross,"Gross property, plant and equipment",1Q26,10317.0,ETN_SEC-XBRL-financials_as-presented_10-Q_2026-05-05_0001551182-26-000013.xlsx,Balance Sheet,"March 31, 2026","Gross property, plant and equipment",us-gaap:PropertyPlantAndEquipmentGross,reported,
balance_sheet,us-gaap:AccumulatedDepreciationDepletionAndAmortizationPropertyPlantAndEquipment,Accumulated depreciation,1Q26,-5743.0,ETN_SEC-XBRL-financials_as-presented_10-Q_2026-05-05_0001551182-26-000013.xlsx,Balance Sheet,"March 31, 2026",Accumulated depreciation,us-gaap:AccumulatedDepreciationDepletionAndAmortizationPropertyPlantAndEquipment,reported,
balance_sheet,us-gaap:PropertyPlantAndEquipmentNet,"Net property, plant and equipment",1Q26,4574.0,ETN_SEC-XBRL-financials_as-presented_10-Q_2026-05-05_0001551182-26-000013.xlsx,Balance Sheet,"March 31, 2026","Net property, plant and equipment",us-gaap:PropertyPlantAndEquipmentNet,reported,
balance_sheet,us-gaap:Goodwill,Goodwill,1Q26,21402.0,ETN_SEC-XBRL-financials_as-presented_10-Q_2026-05-05_0001551182-26-000013.xlsx,Balance Sheet,"March 31, 2026",Goodwill,us-gaap:Goodwill,reported,
balance_sheet,us-gaap:IntangibleAssetsNetExcludingGoodwill,Other intangible assets,1Q26,11259.0,ETN_SEC-XBRL-financials_as-presented_10-Q_2026-05-05_0001551182-26-000013.xlsx,Balance Sheet,"March 31, 2026",Other intangible assets,us-gaap:IntangibleAssetsNetExcludingGoodwill,reported,
balance_sheet,us-gaap:OperatingLeaseRightOfUseAsset,Operating lease assets,1Q26,844.0,ETN_SEC-XBRL-financials_as-presented_10-Q_2026-05-05_0001551182-26-000013.xlsx,Balance Sheet,"March 31, 2026",Operating lease assets,us-gaap:OperatingLeaseRightOfUseAsset,reported,
balance_sheet,us-gaap:DeferredIncomeTaxAssetsNet,Deferred income taxes,1Q26,585.0,ETN_SEC-XBRL-financials_as-presented_10-Q_2026-05-05_0001551182-26-000013.xlsx,Balance Sheet,"March 31, 2026",Deferred income taxes,us-gaap:DeferredIncomeTaxAssetsNet,reported,
balance_sheet,us-gaap:OtherAssetsNoncurrent,Other assets,1Q26,2417.0,ETN_SEC-XBRL-financials_as-presented_10-Q_2026-05-05_0001551182-26-000013.xlsx,Balance Sheet,"March 31, 2026",Other assets,us-gaap:OtherAssetsNoncurrent,reported,
balance_sheet,us-gaap:Assets,Total assets,1Q26,55085.0,ETN_SEC-XBRL-financials_as-presented_10-Q_2026-05-05_0001551182-26-000013.xlsx,Balance Sheet,"March 31, 2026",Total assets,us-gaap:Assets,reported,
balance_sheet,us-gaap:ShortTermBorrowings,Short-term debt,1Q26,2510.0,ETN_SEC-XBRL-financials_as-presented_10-Q_2026-05-05_0001551182-26-000013.xlsx,Balance Sheet,"March 31, 2026",Short-term debt,us-gaap:ShortTermBorrowings,reported,
balance_sheet,us-gaap:LongTermDebtAndCapitalLeaseObligationsCurrent,Current portion of long-term debt,1Q26,84.0,ETN_SEC-XBRL-financials_as-presented_10-Q_2026-05-05_0001551182-26-000013.xlsx,Balance Sheet,"March 31, 2026",Current portion of long-term debt,us-gaap:LongTermDebtAndCapitalLeaseObligationsCurrent,reported,
balance_sheet,us-gaap:AccountsPayableCurrent,Accounts payable,1Q26,4910.0,ETN_SEC-XBRL-financials_as-presented_10-Q_2026-05-05_0001551182-26-000013.xlsx,Balance Sheet,"March 31, 2026",Accounts payable,us-gaap:AccountsPayableCurrent,reported,
balance_sheet,us-gaap:EmployeeRelatedLiabilitiesCurrent,Accrued compensation,1Q26,573.0,ETN_SEC-XBRL-financials_as-presented_10-Q_2026-05-05_0001551182-26-000013.xlsx,Balance Sheet,"March 31, 2026",Accrued compensation,us-gaap:EmployeeRelatedLiabilitiesCurrent,reported,
balance_sheet,us-gaap:OtherLiabilitiesCurrent,Other current liabilities,1Q26,3665.0,ETN_SEC-XBRL-financials_as-presented_10-Q_2026-05-05_0001551182-26-000013.xlsx,Balance Sheet,"March 31, 2026",Other current liabilities,us-gaap:OtherLiabilitiesCurrent,reported,
balance_sheet,us-gaap:LiabilitiesCurrent,Total current liabilities,1Q26,11741.0,ETN_SEC-XBRL-financials_as-presented_10-Q_2026-05-05_0001551182-26-000013.xlsx,Balance Sheet,"March 31, 2026",Total current liabilities,us-gaap:LiabilitiesCurrent,reported,
balance_sheet,us-gaap:LongTermDebtAndCapitalLeaseObligations,Long-term debt,1Q26,18535.0,ETN_SEC-XBRL-financials_as-presented_10-Q_2026-05-05_0001551182-26-000013.xlsx,Balance Sheet,"March 31, 2026",Long-term debt,us-gaap:LongTermDebtAndCapitalLeaseObligations,reported,
balance_sheet,us-gaap:DefinedBenefitPensionPlanLiabilitiesNoncurrent,Pension liabilities,1Q26,670.0,ETN_SEC-XBRL-financials_as-presented_10-Q_2026-05-05_0001551182-26-000013.xlsx,Balance Sheet,"March 31, 2026",Pension liabilities,us-gaap:DefinedBenefitPensionPlanLiabilitiesNoncurrent,reported,
balance_sheet,us-gaap:OtherPostretirementDefinedBenefitPlanLiabilitiesNoncurrent,Other postretirement benefits liabilities,1Q26,160.0,ETN_SEC-XBRL-financials_as-presented_10-Q_2026-05-05_0001551182-26-000013.xlsx,Balance Sheet,"March 31, 2026",Other postretirement benefits liabilities,us-gaap:OtherPostretirementDefinedBenefitPlanLiabilitiesNoncurrent,reported,
balance_sheet,us-gaap:OperatingLeaseLiabilityNoncurrent,Operating lease liabilities,1Q26,704.0,ETN_SEC-XBRL-financials_as-presented_10-Q_2026-05-05_0001551182-26-000013.xlsx,Balance Sheet,"March 31, 2026",Operating lease liabilities,us-gaap:OperatingLeaseLiabilityNoncurrent,reported,
balance_sheet,us-gaap:DeferredIncomeTaxLiabilitiesNet,Deferred income taxes,1Q26,1605.0,ETN_SEC-XBRL-financials_as-presented_10-Q_2026-05-05_0001551182-26-000013.xlsx,Balance Sheet,"March 31, 2026",Deferred income taxes,us-gaap:DeferredIncomeTaxLiabilitiesNet,reported,
balance_sheet,us-gaap:OtherLiabilitiesNoncurrent,Other noncurrent liabilities,1Q26,1905.0,ETN_SEC-XBRL-financials_as-presented_10-Q_2026-05-05_0001551182-26-000013.xlsx,Balance Sheet,"March 31, 2026",Other noncurrent liabilities,us-gaap:OtherLiabilitiesNoncurrent,reported,
balance_sheet,us-gaap:LiabilitiesNoncurrent,Total noncurrent liabilities,1Q26,23579.0,ETN_SEC-XBRL-financials_as-presented_10-Q_2026-05-05_0001551182-26-000013.xlsx,Balance Sheet,"March 31, 2026",Total noncurrent liabilities,us-gaap:LiabilitiesNoncurrent,reported,
balance_sheet,us-gaap:CommonStockSharesOutstanding,Ordinary shares (398.6 million outstanding in 2020 and 413.3 million in 2019),1Q26,4.0,ETN_SEC-XBRL-financials_as-presented_10-Q_2026-05-05_0001551182-26-000013.xlsx,Balance Sheet,"March 31, 2026",Ordinary shares (388.3 million outstanding in 2026 and 387.9 million in 2025),us-gaap:CommonStockSharesOutstanding,reported,
balance_sheet,us-gaap:AdditionalPaidInCapitalCommonStock,Capital in excess of par value,1Q26,12817.0,ETN_SEC-XBRL-financials_as-presented_10-Q_2026-05-05_0001551182-26-000013.xlsx,Balance Sheet,"March 31, 2026",Capital in excess of par value,us-gaap:AdditionalPaidInCapitalCommonStock,reported,
balance_sheet,us-gaap:RetainedEarningsAccumulatedDeficit,Retained earnings,1Q26,11137.0,ETN_SEC-XBRL-financials_as-presented_10-Q_2026-05-05_0001551182-26-000013.xlsx,Balance Sheet,"March 31, 2026",Retained earnings,us-gaap:RetainedEarningsAccumulatedDeficit,reported,
balance_sheet,us-gaap:AccumulatedOtherComprehensiveIncomeLossNetOfTax,Accumulated other comprehensive loss,1Q26,-4235.0,ETN_SEC-XBRL-financials_as-presented_10-Q_2026-05-05_0001551182-26-000013.xlsx,Balance Sheet,"March 31, 2026",Accumulated other comprehensive loss,us-gaap:AccumulatedOtherComprehensiveIncomeLossNetOfTax,reported,
balance_sheet,us-gaap:DeferredCompensationEquity,Shares held in trust,1Q26,-1.0,ETN_SEC-XBRL-financials_as-presented_10-Q_2026-05-05_0001551182-26-000013.xlsx,Balance Sheet,"March 31, 2026",Shares held in trust,us-gaap:DeferredCompensationEquity,reported,
balance_sheet,us-gaap:StockholdersEquity,Total Eaton shareholders’ equity,1Q26,19721.0,ETN_SEC-XBRL-financials_as-presented_10-Q_2026-05-05_0001551182-26-000013.xlsx,Balance Sheet,"March 31, 2026",Total Eaton shareholders’ equity,us-gaap:StockholdersEquity,reported,
balance_sheet,us-gaap:MinorityInterest,Noncontrolling interests,1Q26,44.0,ETN_SEC-XBRL-financials_as-presented_10-Q_2026-05-05_0001551182-26-000013.xlsx,Balance Sheet,"March 31, 2026",Noncontrolling interests,us-gaap:MinorityInterest,reported,
balance_sheet,us-gaap:StockholdersEquityIncludingPortionAttributableToNoncontrollingInterest,Total equity,1Q26,19765.0,ETN_SEC-XBRL-financials_as-presented_10-Q_2026-05-05_0001551182-26-000013.xlsx,Balance Sheet,"March 31, 2026",Total equity,us-gaap:StockholdersEquityIncludingPortionAttributableToNoncontrollingInterest,reported,
balance_sheet,us-gaap:LiabilitiesAndStockholdersEquity,Total liabilities and equity,1Q26,55085.0,ETN_SEC-XBRL-financials_as-presented_10-Q_2026-05-05_0001551182-26-000013.xlsx,Balance Sheet,"March 31, 2026",Total liabilities and equity,us-gaap:LiabilitiesAndStockholdersEquity,reported,
