statement_type,canonical_row_id,master_display_label,output_period,value,source_file,source_sheet,source_column,raw_line_label,raw_concept,source_method,derivation_formula
income_statement,html:product,Product,1Q19,9273.0,CSCO_SEC-XBRL-financials_as-presented_10-Q_2019-02-19_0000858877-19-000003.xlsx,Income Statement,"Three Months Ended January 26, 2019",Product,html:product,reported,
income_statement,html:service,Service,1Q19,3173.0,CSCO_SEC-XBRL-financials_as-presented_10-Q_2019-02-19_0000858877-19-000003.xlsx,Income Statement,"Three Months Ended January 26, 2019",Service,html:service,reported,
income_statement,html:total-revenue,Total revenue,1Q19,12446.0,CSCO_SEC-XBRL-financials_as-presented_10-Q_2019-02-19_0000858877-19-000003.xlsx,Income Statement,"Three Months Ended January 26, 2019",Total revenue,html:total-revenue,reported,
income_statement,html:total-cost-of-sales,Total cost of sales,1Q19,4673.0,CSCO_SEC-XBRL-financials_as-presented_10-Q_2019-02-19_0000858877-19-000003.xlsx,Income Statement,"Three Months Ended January 26, 2019",Total cost of sales,html:total-cost-of-sales,reported,
income_statement,html:gross-margin,GROSS MARGIN,1Q19,7773.0,CSCO_SEC-XBRL-financials_as-presented_10-Q_2019-02-19_0000858877-19-000003.xlsx,Income Statement,"Three Months Ended January 26, 2019",GROSS MARGIN,html:gross-margin,reported,
income_statement,html:research-and-development,Research and development,1Q19,1557.0,CSCO_SEC-XBRL-financials_as-presented_10-Q_2019-02-19_0000858877-19-000003.xlsx,Income Statement,"Three Months Ended January 26, 2019",Research and development,html:research-and-development,reported,
income_statement,html:sales-and-marketing,Sales and marketing,1Q19,2271.0,CSCO_SEC-XBRL-financials_as-presented_10-Q_2019-02-19_0000858877-19-000003.xlsx,Income Statement,"Three Months Ended January 26, 2019",Sales and marketing,html:sales-and-marketing,reported,
income_statement,html:general-and-administrative,General and administrative,1Q19,509.0,CSCO_SEC-XBRL-financials_as-presented_10-Q_2019-02-19_0000858877-19-000003.xlsx,Income Statement,"Three Months Ended January 26, 2019",General and administrative,html:general-and-administrative,reported,
income_statement,html:amortization-of-purchased-intangible-assets,Amortization of purchased intangible assets,1Q19,39.0,CSCO_SEC-XBRL-financials_as-presented_10-Q_2019-02-19_0000858877-19-000003.xlsx,Income Statement,"Three Months Ended January 26, 2019",Amortization of purchased intangible assets,html:amortization-of-purchased-intangible-assets,reported,
income_statement,html:restructuring-and-other-charges,Restructuring and other charges,1Q19,186.0,CSCO_SEC-XBRL-financials_as-presented_10-Q_2019-02-19_0000858877-19-000003.xlsx,Income Statement,"Three Months Ended January 26, 2019",Restructuring and other charges,html:restructuring-and-other-charges,reported,
income_statement,html:total-operating-expenses,Total operating expenses,1Q19,4562.0,CSCO_SEC-XBRL-financials_as-presented_10-Q_2019-02-19_0000858877-19-000003.xlsx,Income Statement,"Three Months Ended January 26, 2019",Total operating expenses,html:total-operating-expenses,reported,
income_statement,html:operating-income,OPERATING INCOME,1Q19,3211.0,CSCO_SEC-XBRL-financials_as-presented_10-Q_2019-02-19_0000858877-19-000003.xlsx,Income Statement,"Three Months Ended January 26, 2019",OPERATING INCOME,html:operating-income,reported,
income_statement,html:interest-income,Interest income,1Q19,328.0,CSCO_SEC-XBRL-financials_as-presented_10-Q_2019-02-19_0000858877-19-000003.xlsx,Income Statement,"Three Months Ended January 26, 2019",Interest income,html:interest-income,reported,
income_statement,html:interest-expense,Interest expense,1Q19,-223.0,CSCO_SEC-XBRL-financials_as-presented_10-Q_2019-02-19_0000858877-19-000003.xlsx,Income Statement,"Three Months Ended January 26, 2019",Interest expense,html:interest-expense,reported,
income_statement,html:other-income-loss-net,"Other income (loss), net",1Q19,27.0,CSCO_SEC-XBRL-financials_as-presented_10-Q_2019-02-19_0000858877-19-000003.xlsx,Income Statement,"Three Months Ended January 26, 2019","Other income (loss), net",html:other-income-loss-net,reported,
income_statement,html:interest-and-other-income-loss-net,"Interest and other income (loss), net",1Q19,132.0,CSCO_SEC-XBRL-financials_as-presented_10-Q_2019-02-19_0000858877-19-000003.xlsx,Income Statement,"Three Months Ended January 26, 2019","Interest and other income (loss), net",html:interest-and-other-income-loss-net,reported,
income_statement,html:income-before-provision-for-income-taxes,INCOME BEFORE PROVISION FOR INCOME TAXES,1Q19,3343.0,CSCO_SEC-XBRL-financials_as-presented_10-Q_2019-02-19_0000858877-19-000003.xlsx,Income Statement,"Three Months Ended January 26, 2019",INCOME BEFORE PROVISION FOR INCOME TAXES,html:income-before-provision-for-income-taxes,reported,
income_statement,html:provision-for-income-taxes,Provision for income taxes,1Q19,521.0,CSCO_SEC-XBRL-financials_as-presented_10-Q_2019-02-19_0000858877-19-000003.xlsx,Income Statement,"Three Months Ended January 26, 2019",Provision for income taxes,html:provision-for-income-taxes,reported,
income_statement,html:net-income,NET INCOME,1Q19,2822.0,CSCO_SEC-XBRL-financials_as-presented_10-Q_2019-02-19_0000858877-19-000003.xlsx,Income Statement,"Three Months Ended January 26, 2019",NET INCOME (LOSS),html:net-income-loss,reported,
income_statement,html:basic,Basic,1Q19,0.63,CSCO_SEC-XBRL-financials_as-presented_10-Q_2019-02-19_0000858877-19-000003.xlsx,Income Statement,"Three Months Ended January 26, 2019",Basic,html:basic,reported,
income_statement,html:diluted,Diluted,1Q19,0.63,CSCO_SEC-XBRL-financials_as-presented_10-Q_2019-02-19_0000858877-19-000003.xlsx,Income Statement,"Three Months Ended January 26, 2019",Diluted,html:diluted,reported,
balance_sheet,html:cash-and-cash-equivalents,Cash and cash equivalents,1Q19,9835.0,CSCO_SEC-XBRL-financials_as-presented_10-Q_2019-02-19_0000858877-19-000003.xlsx,Balance Sheet,"January 26, 2019",Cash and cash equivalents,html:cash-and-cash-equivalents,reported,
balance_sheet,html:investments,Investments,1Q19,30548.0,CSCO_SEC-XBRL-financials_as-presented_10-Q_2019-02-19_0000858877-19-000003.xlsx,Balance Sheet,"January 26, 2019",Investments,html:investments,reported,
balance_sheet,html:accounts-receivable-net-of-allowance-for-doubtful-accounts-of-135-at-january-26-2019-and-129-at-july-28-2018,"Accounts receivable, net of allowance for doubtful accounts of $135 at January 26, 2019 and $129 at July 28, 2018",1Q19,3745.0,CSCO_SEC-XBRL-financials_as-presented_10-Q_2019-02-19_0000858877-19-000003.xlsx,Balance Sheet,"January 26, 2019","Accounts receivable, net of allowance for doubtful accounts of $135 at January 26, 2019 and $129 at July 28, 2018",html:accounts-receivable-net-of-allowance-for-doubtful-accounts-of-135-at-january-26-2019-and-129-at-july-28-2018,reported,
balance_sheet,html:inventories,Inventories,1Q19,1701.0,CSCO_SEC-XBRL-financials_as-presented_10-Q_2019-02-19_0000858877-19-000003.xlsx,Balance Sheet,"January 26, 2019",Inventories,html:inventories,reported,
balance_sheet,html:financing-receivables-net,"Financing receivables, net",1Q19,5057.0,CSCO_SEC-XBRL-financials_as-presented_10-Q_2019-02-19_0000858877-19-000003.xlsx,Balance Sheet,"January 26, 2019","Financing receivables, net",html:financing-receivables-net,reported,
balance_sheet,html:other-current-assets,Other current assets,1Q19,2231.0,CSCO_SEC-XBRL-financials_as-presented_10-Q_2019-02-19_0000858877-19-000003.xlsx,Balance Sheet,"January 26, 2019",Other current assets,html:other-current-assets,reported,
balance_sheet,html:total-current-assets,Total current assets,1Q19,53117.0,CSCO_SEC-XBRL-financials_as-presented_10-Q_2019-02-19_0000858877-19-000003.xlsx,Balance Sheet,"January 26, 2019",Total current assets,html:total-current-assets,reported,
balance_sheet,html:property-and-equipment-net,"Property and equipment, net",1Q19,2931.0,CSCO_SEC-XBRL-financials_as-presented_10-Q_2019-02-19_0000858877-19-000003.xlsx,Balance Sheet,"January 26, 2019","Property and equipment, net",html:property-and-equipment-net,reported,
balance_sheet,html:goodwill,Goodwill,1Q19,33293.0,CSCO_SEC-XBRL-financials_as-presented_10-Q_2019-02-19_0000858877-19-000003.xlsx,Balance Sheet,"January 26, 2019",Goodwill,html:goodwill,reported,
balance_sheet,html:purchased-intangible-assets-net,"Purchased intangible assets, net",1Q19,2270.0,CSCO_SEC-XBRL-financials_as-presented_10-Q_2019-02-19_0000858877-19-000003.xlsx,Balance Sheet,"January 26, 2019","Purchased intangible assets, net",html:purchased-intangible-assets-net,reported,
balance_sheet,html:deferred-tax-assets,Deferred tax assets,1Q19,4081.0,CSCO_SEC-XBRL-financials_as-presented_10-Q_2019-02-19_0000858877-19-000003.xlsx,Balance Sheet,"January 26, 2019",Deferred tax assets,html:deferred-tax-assets,reported,
balance_sheet,html:other-assets,Other assets,1Q19,2205.0,CSCO_SEC-XBRL-financials_as-presented_10-Q_2019-02-19_0000858877-19-000003.xlsx,Balance Sheet,"January 26, 2019",Other assets,html:other-assets,reported,
balance_sheet,html:total-assets,TOTAL ASSETS,1Q19,102462.0,CSCO_SEC-XBRL-financials_as-presented_10-Q_2019-02-19_0000858877-19-000003.xlsx,Balance Sheet,"January 26, 2019",TOTAL ASSETS,html:total-assets,reported,
balance_sheet,html:short-term-debt,Short-term debt,1Q19,9737.0,CSCO_SEC-XBRL-financials_as-presented_10-Q_2019-02-19_0000858877-19-000003.xlsx,Balance Sheet,"January 26, 2019",Short-term debt,html:short-term-debt,reported,
balance_sheet,html:accounts-payable,Accounts payable,1Q19,1655.0,CSCO_SEC-XBRL-financials_as-presented_10-Q_2019-02-19_0000858877-19-000003.xlsx,Balance Sheet,"January 26, 2019",Accounts payable,html:accounts-payable,reported,
balance_sheet,html:income-taxes-payable,Income taxes payable,1Q19,1110.0,CSCO_SEC-XBRL-financials_as-presented_10-Q_2019-02-19_0000858877-19-000003.xlsx,Balance Sheet,"January 26, 2019",Income taxes payable,html:income-taxes-payable,reported,
balance_sheet,html:accrued-compensation,Accrued compensation,1Q19,2599.0,CSCO_SEC-XBRL-financials_as-presented_10-Q_2019-02-19_0000858877-19-000003.xlsx,Balance Sheet,"January 26, 2019",Accrued compensation,html:accrued-compensation,reported,
balance_sheet,html:deferred-revenue,Deferred revenue,1Q19,9976.0,CSCO_SEC-XBRL-financials_as-presented_10-Q_2019-02-19_0000858877-19-000003.xlsx,Balance Sheet,"January 26, 2019",Deferred revenue,html:deferred-revenue,reported,
balance_sheet,html:other-current-liabilities,Other current liabilities,1Q19,4402.0,CSCO_SEC-XBRL-financials_as-presented_10-Q_2019-02-19_0000858877-19-000003.xlsx,Balance Sheet,"January 26, 2019",Other current liabilities,html:other-current-liabilities,reported,
balance_sheet,html:total-current-liabilities,Total current liabilities,1Q19,29479.0,CSCO_SEC-XBRL-financials_as-presented_10-Q_2019-02-19_0000858877-19-000003.xlsx,Balance Sheet,"January 26, 2019",Total current liabilities,html:total-current-liabilities,reported,
balance_sheet,html:long-term-debt,Long-term debt,1Q19,15893.0,CSCO_SEC-XBRL-financials_as-presented_10-Q_2019-02-19_0000858877-19-000003.xlsx,Balance Sheet,"January 26, 2019",Long-term debt,html:long-term-debt,reported,
balance_sheet,html:other-long-term-liabilities,Other long-term liabilities,1Q19,1256.0,CSCO_SEC-XBRL-financials_as-presented_10-Q_2019-02-19_0000858877-19-000003.xlsx,Balance Sheet,"January 26, 2019",Other long-term liabilities,html:other-long-term-liabilities,reported,
balance_sheet,html:total-liabilities,Total liabilities,1Q19,61673.0,CSCO_SEC-XBRL-financials_as-presented_10-Q_2019-02-19_0000858877-19-000003.xlsx,Balance Sheet,"January 26, 2019",Total liabilities,html:total-liabilities,reported,
balance_sheet,html:common-stock-and-additional-paid-in-capital-0-001-par-value-20-000-shares-authorized-4-424-and-4-614-shares-issued-and-outstanding-at-january-26-2019-and-july-28-2018-respectively,"Common stock and additional paid-in capital, $0.001 par value: 20,000 shares authorized; 4,424 and 4,614 shares issued and outstanding at January 26, 2019 and July 28, 2018, respectively",1Q19,41361.0,CSCO_SEC-XBRL-financials_as-presented_10-Q_2019-02-19_0000858877-19-000003.xlsx,Balance Sheet,"January 26, 2019","Common stock and additional paid-in capital, $0.001 par value: 20,000 shares authorized; 4,424 and 4,614 shares issued and outstanding at January 26, 2019 and July 28, 2018, respectively",html:common-stock-and-additional-paid-in-capital-0-001-par-value-20-000-shares-authorized-4-424-and-4-614-shares-issued-and-outstanding-at-january-26-2019-and-july-28-2018-respectively,reported,
balance_sheet,html:retained-earnings,Retained earnings,1Q19,538.0,CSCO_SEC-XBRL-financials_as-presented_10-Q_2019-02-19_0000858877-19-000003.xlsx,Balance Sheet,"January 26, 2019",Retained earnings,html:retained-earnings,reported,
balance_sheet,html:accumulated-other-comprehensive-income-loss,Accumulated other comprehensive income (loss),1Q19,-1110.0,CSCO_SEC-XBRL-financials_as-presented_10-Q_2019-02-19_0000858877-19-000003.xlsx,Balance Sheet,"January 26, 2019",Accumulated other comprehensive income (loss),html:accumulated-other-comprehensive-income-loss,reported,
balance_sheet,html:total-equity,Total equity,1Q19,40789.0,CSCO_SEC-XBRL-financials_as-presented_10-Q_2019-02-19_0000858877-19-000003.xlsx,Balance Sheet,"January 26, 2019",Total equity,html:total-equity,reported,
balance_sheet,html:total-liabilities-and-equity,TOTAL LIABILITIES AND EQUITY,1Q19,102462.0,CSCO_SEC-XBRL-financials_as-presented_10-Q_2019-02-19_0000858877-19-000003.xlsx,Balance Sheet,"January 26, 2019",TOTAL LIABILITIES AND EQUITY,html:total-liabilities-and-equity,reported,
income_statement,html:product,Product,2Q19,9722.0,CSCO_SEC-XBRL-financials_as-presented_10-Q_2019-05-21_0000858877-19-000007.xlsx,Income Statement,"Three Months Ended April 27, 2019",Product,html:product,reported,
income_statement,html:service,Service,2Q19,3236.0,CSCO_SEC-XBRL-financials_as-presented_10-Q_2019-05-21_0000858877-19-000007.xlsx,Income Statement,"Three Months Ended April 27, 2019",Service,html:service,reported,
income_statement,html:total-revenue,Total revenue,2Q19,12958.0,CSCO_SEC-XBRL-financials_as-presented_10-Q_2019-05-21_0000858877-19-000007.xlsx,Income Statement,"Three Months Ended April 27, 2019",Total revenue,html:total-revenue,reported,
income_statement,html:total-cost-of-sales,Total cost of sales,2Q19,4785.0,CSCO_SEC-XBRL-financials_as-presented_10-Q_2019-05-21_0000858877-19-000007.xlsx,Income Statement,"Three Months Ended April 27, 2019",Total cost of sales,html:total-cost-of-sales,reported,
income_statement,html:gross-margin,GROSS MARGIN,2Q19,8173.0,CSCO_SEC-XBRL-financials_as-presented_10-Q_2019-05-21_0000858877-19-000007.xlsx,Income Statement,"Three Months Ended April 27, 2019",GROSS MARGIN,html:gross-margin,reported,
income_statement,html:research-and-development,Research and development,2Q19,1659.0,CSCO_SEC-XBRL-financials_as-presented_10-Q_2019-05-21_0000858877-19-000007.xlsx,Income Statement,"Three Months Ended April 27, 2019",Research and development,html:research-and-development,reported,
income_statement,html:sales-and-marketing,Sales and marketing,2Q19,2403.0,CSCO_SEC-XBRL-financials_as-presented_10-Q_2019-05-21_0000858877-19-000007.xlsx,Income Statement,"Three Months Ended April 27, 2019",Sales and marketing,html:sales-and-marketing,reported,
income_statement,html:general-and-administrative,General and administrative,2Q19,541.0,CSCO_SEC-XBRL-financials_as-presented_10-Q_2019-05-21_0000858877-19-000007.xlsx,Income Statement,"Three Months Ended April 27, 2019",General and administrative,html:general-and-administrative,reported,
income_statement,html:amortization-of-purchased-intangible-assets,Amortization of purchased intangible assets,2Q19,39.0,CSCO_SEC-XBRL-financials_as-presented_10-Q_2019-05-21_0000858877-19-000007.xlsx,Income Statement,"Three Months Ended April 27, 2019",Amortization of purchased intangible assets,html:amortization-of-purchased-intangible-assets,reported,
income_statement,html:restructuring-and-other-charges,Restructuring and other charges,2Q19,18.0,CSCO_SEC-XBRL-financials_as-presented_10-Q_2019-05-21_0000858877-19-000007.xlsx,Income Statement,"Three Months Ended April 27, 2019",Restructuring and other charges,html:restructuring-and-other-charges,reported,
income_statement,html:total-operating-expenses,Total operating expenses,2Q19,4660.0,CSCO_SEC-XBRL-financials_as-presented_10-Q_2019-05-21_0000858877-19-000007.xlsx,Income Statement,"Three Months Ended April 27, 2019",Total operating expenses,html:total-operating-expenses,reported,
income_statement,html:operating-income,OPERATING INCOME,2Q19,3513.0,CSCO_SEC-XBRL-financials_as-presented_10-Q_2019-05-21_0000858877-19-000007.xlsx,Income Statement,"Three Months Ended April 27, 2019",OPERATING INCOME,html:operating-income,reported,
income_statement,html:interest-income,Interest income,2Q19,331.0,CSCO_SEC-XBRL-financials_as-presented_10-Q_2019-05-21_0000858877-19-000007.xlsx,Income Statement,"Three Months Ended April 27, 2019",Interest income,html:interest-income,reported,
income_statement,html:interest-expense,Interest expense,2Q19,-211.0,CSCO_SEC-XBRL-financials_as-presented_10-Q_2019-05-21_0000858877-19-000007.xlsx,Income Statement,"Three Months Ended April 27, 2019",Interest expense,html:interest-expense,reported,
income_statement,html:other-income-loss-net,"Other income (loss), net",2Q19,-18.0,CSCO_SEC-XBRL-financials_as-presented_10-Q_2019-05-21_0000858877-19-000007.xlsx,Income Statement,"Three Months Ended April 27, 2019","Other income (loss), net",html:other-income-loss-net,reported,
income_statement,html:interest-and-other-income-loss-net,"Interest and other income (loss), net",2Q19,102.0,CSCO_SEC-XBRL-financials_as-presented_10-Q_2019-05-21_0000858877-19-000007.xlsx,Income Statement,"Three Months Ended April 27, 2019","Interest and other income (loss), net",html:interest-and-other-income-loss-net,reported,
income_statement,html:income-before-provision-for-income-taxes,INCOME BEFORE PROVISION FOR INCOME TAXES,2Q19,3615.0,CSCO_SEC-XBRL-financials_as-presented_10-Q_2019-05-21_0000858877-19-000007.xlsx,Income Statement,"Three Months Ended April 27, 2019",INCOME BEFORE PROVISION FOR INCOME TAXES,html:income-before-provision-for-income-taxes,reported,
income_statement,html:provision-for-income-taxes,Provision for income taxes,2Q19,571.0,CSCO_SEC-XBRL-financials_as-presented_10-Q_2019-05-21_0000858877-19-000007.xlsx,Income Statement,"Three Months Ended April 27, 2019",Provision for income taxes,html:provision-for-income-taxes,reported,
income_statement,html:net-income,NET INCOME,2Q19,3044.0,CSCO_SEC-XBRL-financials_as-presented_10-Q_2019-05-21_0000858877-19-000007.xlsx,Income Statement,"Three Months Ended April 27, 2019",NET INCOME (LOSS),html:net-income-loss,reported,
income_statement,html:basic,Basic,2Q19,0.7,CSCO_SEC-XBRL-financials_as-presented_10-Q_2019-05-21_0000858877-19-000007.xlsx,Income Statement,"Three Months Ended April 27, 2019",Basic,html:basic,reported,
income_statement,html:diluted,Diluted,2Q19,0.69,CSCO_SEC-XBRL-financials_as-presented_10-Q_2019-05-21_0000858877-19-000007.xlsx,Income Statement,"Three Months Ended April 27, 2019",Diluted,html:diluted,reported,
balance_sheet,html:cash-and-cash-equivalents,Cash and cash equivalents,2Q19,10251.0,CSCO_SEC-XBRL-financials_as-presented_10-Q_2019-05-21_0000858877-19-000007.xlsx,Balance Sheet,"April 27, 2019",Cash and cash equivalents,html:cash-and-cash-equivalents,reported,
balance_sheet,html:investments,Investments,2Q19,24392.0,CSCO_SEC-XBRL-financials_as-presented_10-Q_2019-05-21_0000858877-19-000007.xlsx,Balance Sheet,"April 27, 2019",Investments,html:investments,reported,
balance_sheet,html:accounts-receivable-net-of-allowance-for-doubtful-accounts-of-124-at-april-27-2019-and-129-at-july-28-2018,"Accounts receivable, net of allowance for doubtful accounts of $124 at April 27, 2019 and $129 at July 28, 2018",2Q19,3795.0,CSCO_SEC-XBRL-financials_as-presented_10-Q_2019-05-21_0000858877-19-000007.xlsx,Balance Sheet,"April 27, 2019","Accounts receivable, net of allowance for doubtful accounts of $124 at April 27, 2019 and $129 at July 28, 2018",html:accounts-receivable-net-of-allowance-for-doubtful-accounts-of-124-at-april-27-2019-and-129-at-july-28-2018,reported,
balance_sheet,html:inventories,Inventories,2Q19,1513.0,CSCO_SEC-XBRL-financials_as-presented_10-Q_2019-05-21_0000858877-19-000007.xlsx,Balance Sheet,"April 27, 2019",Inventories,html:inventories,reported,
balance_sheet,html:financing-receivables-net,"Financing receivables, net",2Q19,5029.0,CSCO_SEC-XBRL-financials_as-presented_10-Q_2019-05-21_0000858877-19-000007.xlsx,Balance Sheet,"April 27, 2019","Financing receivables, net",html:financing-receivables-net,reported,
balance_sheet,html:other-current-assets,Other current assets,2Q19,2331.0,CSCO_SEC-XBRL-financials_as-presented_10-Q_2019-05-21_0000858877-19-000007.xlsx,Balance Sheet,"April 27, 2019",Other current assets,html:other-current-assets,reported,
balance_sheet,html:total-current-assets,Total current assets,2Q19,47311.0,CSCO_SEC-XBRL-financials_as-presented_10-Q_2019-05-21_0000858877-19-000007.xlsx,Balance Sheet,"April 27, 2019",Total current assets,html:total-current-assets,reported,
balance_sheet,html:property-and-equipment-net,"Property and equipment, net",2Q19,2834.0,CSCO_SEC-XBRL-financials_as-presented_10-Q_2019-05-21_0000858877-19-000007.xlsx,Balance Sheet,"April 27, 2019","Property and equipment, net",html:property-and-equipment-net,reported,
balance_sheet,html:goodwill,Goodwill,2Q19,33544.0,CSCO_SEC-XBRL-financials_as-presented_10-Q_2019-05-21_0000858877-19-000007.xlsx,Balance Sheet,"April 27, 2019",Goodwill,html:goodwill,reported,
balance_sheet,html:purchased-intangible-assets-net,"Purchased intangible assets, net",2Q19,2398.0,CSCO_SEC-XBRL-financials_as-presented_10-Q_2019-05-21_0000858877-19-000007.xlsx,Balance Sheet,"April 27, 2019","Purchased intangible assets, net",html:purchased-intangible-assets-net,reported,
balance_sheet,html:deferred-tax-assets,Deferred tax assets,2Q19,4023.0,CSCO_SEC-XBRL-financials_as-presented_10-Q_2019-05-21_0000858877-19-000007.xlsx,Balance Sheet,"April 27, 2019",Deferred tax assets,html:deferred-tax-assets,reported,
balance_sheet,html:other-assets,Other assets,2Q19,2315.0,CSCO_SEC-XBRL-financials_as-presented_10-Q_2019-05-21_0000858877-19-000007.xlsx,Balance Sheet,"April 27, 2019",Other assets,html:other-assets,reported,
balance_sheet,html:total-assets,TOTAL ASSETS,2Q19,97287.0,CSCO_SEC-XBRL-financials_as-presented_10-Q_2019-05-21_0000858877-19-000007.xlsx,Balance Sheet,"April 27, 2019",TOTAL ASSETS,html:total-assets,reported,
balance_sheet,html:short-term-debt,Short-term debt,2Q19,7777.0,CSCO_SEC-XBRL-financials_as-presented_10-Q_2019-05-21_0000858877-19-000007.xlsx,Balance Sheet,"April 27, 2019",Short-term debt,html:short-term-debt,reported,
balance_sheet,html:accounts-payable,Accounts payable,2Q19,2022.0,CSCO_SEC-XBRL-financials_as-presented_10-Q_2019-05-21_0000858877-19-000007.xlsx,Balance Sheet,"April 27, 2019",Accounts payable,html:accounts-payable,reported,
balance_sheet,html:income-taxes-payable,Income taxes payable,2Q19,953.0,CSCO_SEC-XBRL-financials_as-presented_10-Q_2019-05-21_0000858877-19-000007.xlsx,Balance Sheet,"April 27, 2019",Income taxes payable,html:income-taxes-payable,reported,
balance_sheet,html:accrued-compensation,Accrued compensation,2Q19,2872.0,CSCO_SEC-XBRL-financials_as-presented_10-Q_2019-05-21_0000858877-19-000007.xlsx,Balance Sheet,"April 27, 2019",Accrued compensation,html:accrued-compensation,reported,
balance_sheet,html:deferred-revenue,Deferred revenue,2Q19,10117.0,CSCO_SEC-XBRL-financials_as-presented_10-Q_2019-05-21_0000858877-19-000007.xlsx,Balance Sheet,"April 27, 2019",Deferred revenue,html:deferred-revenue,reported,
balance_sheet,html:other-current-liabilities,Other current liabilities,2Q19,4172.0,CSCO_SEC-XBRL-financials_as-presented_10-Q_2019-05-21_0000858877-19-000007.xlsx,Balance Sheet,"April 27, 2019",Other current liabilities,html:other-current-liabilities,reported,
balance_sheet,html:total-current-liabilities,Total current liabilities,2Q19,27913.0,CSCO_SEC-XBRL-financials_as-presented_10-Q_2019-05-21_0000858877-19-000007.xlsx,Balance Sheet,"April 27, 2019",Total current liabilities,html:total-current-liabilities,reported,
balance_sheet,html:long-term-debt,Long-term debt,2Q19,15921.0,CSCO_SEC-XBRL-financials_as-presented_10-Q_2019-05-21_0000858877-19-000007.xlsx,Balance Sheet,"April 27, 2019",Long-term debt,html:long-term-debt,reported,
balance_sheet,html:other-long-term-liabilities,Other long-term liabilities,2Q19,1272.0,CSCO_SEC-XBRL-financials_as-presented_10-Q_2019-05-21_0000858877-19-000007.xlsx,Balance Sheet,"April 27, 2019",Other long-term liabilities,html:other-long-term-liabilities,reported,
balance_sheet,html:total-liabilities,Total liabilities,2Q19,60483.0,CSCO_SEC-XBRL-financials_as-presented_10-Q_2019-05-21_0000858877-19-000007.xlsx,Balance Sheet,"April 27, 2019",Total liabilities,html:total-liabilities,reported,
balance_sheet,html:common-stock-and-additional-paid-in-capital-0-001-par-value-20-000-shares-authorized-4-313-and-4-614-shares-issued-and-outstanding-at-april-27-2019-and-july-28-2018-respectively,"Common stock and additional paid-in capital, $0.001 par value: 20,000 shares authorized; 4,313 and 4,614 shares issued and outstanding at April 27, 2019 and July 28, 2018, respectively",2Q19,40577.0,CSCO_SEC-XBRL-financials_as-presented_10-Q_2019-05-21_0000858877-19-000007.xlsx,Balance Sheet,"April 27, 2019","Common stock and additional paid-in capital, $0.001 par value: 20,000 shares authorized; 4,313 and 4,614 shares issued and outstanding at April 27, 2019 and July 28, 2018, respectively",html:common-stock-and-additional-paid-in-capital-0-001-par-value-20-000-shares-authorized-4-313-and-4-614-shares-issued-and-outstanding-at-april-27-2019-and-july-28-2018-respectively,reported,
balance_sheet,html:accumulated-deficit-retained-earnings,(Accumulated deficit) Retained earnings,2Q19,-2877.0,CSCO_SEC-XBRL-financials_as-presented_10-Q_2019-05-21_0000858877-19-000007.xlsx,Balance Sheet,"April 27, 2019",(Accumulated deficit) Retained earnings,html:accumulated-deficit-retained-earnings,reported,
balance_sheet,html:accumulated-other-comprehensive-income-loss,Accumulated other comprehensive income (loss),2Q19,-896.0,CSCO_SEC-XBRL-financials_as-presented_10-Q_2019-05-21_0000858877-19-000007.xlsx,Balance Sheet,"April 27, 2019",Accumulated other comprehensive income (loss),html:accumulated-other-comprehensive-income-loss,reported,
balance_sheet,html:total-equity,Total equity,2Q19,36804.0,CSCO_SEC-XBRL-financials_as-presented_10-Q_2019-05-21_0000858877-19-000007.xlsx,Balance Sheet,"April 27, 2019",Total equity,html:total-equity,reported,
balance_sheet,html:total-liabilities-and-equity,TOTAL LIABILITIES AND EQUITY,2Q19,97287.0,CSCO_SEC-XBRL-financials_as-presented_10-Q_2019-05-21_0000858877-19-000007.xlsx,Balance Sheet,"April 27, 2019",TOTAL LIABILITIES AND EQUITY,html:total-liabilities-and-equity,reported,
income_statement,html:product,Product,4Q19,35708.0,CSCO_SEC-XBRL-financials_as-presented_10-Q_2019-11-19_0000858877-19-000018.xlsx,Income Statement,"Three Months Ended October 26, 2019",Product; Service; Total cost of sales; Total revenue,us-gaap:CostOfGoodsAndServicesSold + us-gaap:RevenueFromContractWithCustomerExcludingAssessedTax,summed_within_file,SUM(us-gaap:CostOfGoodsAndServicesSold + us-gaap:RevenueFromContractWithCustomerExcludingAssessedTax) in CSCO_SEC-XBRL-financials_as-presented_10-Q_2019-11-19_0000858877-19-000018.xlsx
income_statement,html:gross-margin,GROSS MARGIN,4Q19,8464.0,CSCO_SEC-XBRL-financials_as-presented_10-Q_2019-11-19_0000858877-19-000018.xlsx,Income Statement,"Three Months Ended October 26, 2019",GROSS MARGIN,us-gaap:GrossProfit,reported,
income_statement,html:research-and-development,Research and development,4Q19,1666.0,CSCO_SEC-XBRL-financials_as-presented_10-Q_2019-11-19_0000858877-19-000018.xlsx,Income Statement,"Three Months Ended October 26, 2019",Research and development,us-gaap:ResearchAndDevelopmentExpense,reported,
income_statement,html:sales-and-marketing,Sales and marketing,4Q19,2480.0,CSCO_SEC-XBRL-financials_as-presented_10-Q_2019-11-19_0000858877-19-000018.xlsx,Income Statement,"Three Months Ended October 26, 2019",Sales and marketing,us-gaap:SellingAndMarketingExpense,reported,
income_statement,html:general-and-administrative,General and administrative,4Q19,519.0,CSCO_SEC-XBRL-financials_as-presented_10-Q_2019-11-19_0000858877-19-000018.xlsx,Income Statement,"Three Months Ended October 26, 2019",General and administrative,us-gaap:GeneralAndAdministrativeExpense,reported,
income_statement,html:amortization-of-purchased-intangible-assets,Amortization of purchased intangible assets,4Q19,36.0,CSCO_SEC-XBRL-financials_as-presented_10-Q_2019-11-19_0000858877-19-000018.xlsx,Income Statement,"Three Months Ended October 26, 2019",Amortization of purchased intangible assets,us-gaap:AmortizationOfIntangibleAssets,reported,
income_statement,html:restructuring-and-other-charges,Restructuring and other charges,4Q19,184.0,CSCO_SEC-XBRL-financials_as-presented_10-Q_2019-11-19_0000858877-19-000018.xlsx,Income Statement,"Three Months Ended October 26, 2019",Restructuring and other charges,csco:RestructuringAndOtherCharges,reported,
income_statement,html:operating-expenses,OPERATING EXPENSES:,4Q19,4885.0,CSCO_SEC-XBRL-financials_as-presented_10-Q_2019-11-19_0000858877-19-000018.xlsx,Income Statement,"Three Months Ended October 26, 2019",Total operating expenses,us-gaap:OperatingExpenses,reported,
income_statement,html:operating-income,OPERATING INCOME,4Q19,3579.0,CSCO_SEC-XBRL-financials_as-presented_10-Q_2019-11-19_0000858877-19-000018.xlsx,Income Statement,"Three Months Ended October 26, 2019",OPERATING INCOME,us-gaap:OperatingIncomeLoss,reported,
income_statement,html:interest-and-other-income-loss-net,"Interest and other income (loss), net",4Q19,202.0,CSCO_SEC-XBRL-financials_as-presented_10-Q_2019-11-19_0000858877-19-000018.xlsx,Income Statement,"Three Months Ended October 26, 2019","Interest and other income (loss), net; Interest expense; Interest income",us-gaap:InterestExpense; us-gaap:InvestmentIncomeInterestAndDividend; us-gaap:NonoperatingIncomeExpense,interest_net,"interest_net: signed_sum=202.0 from values=[273.0, -178.0, 107.0]"
income_statement,html:other-income-loss-net,"Other income (loss), net",4Q19,12.0,CSCO_SEC-XBRL-financials_as-presented_10-Q_2019-11-19_0000858877-19-000018.xlsx,Income Statement,"Three Months Ended October 26, 2019","Other income (loss), net",us-gaap:OtherNonoperatingIncomeExpense,reported,
income_statement,html:income-before-provision-for-income-taxes,INCOME BEFORE PROVISION FOR INCOME TAXES,4Q19,3686.0,CSCO_SEC-XBRL-financials_as-presented_10-Q_2019-11-19_0000858877-19-000018.xlsx,Income Statement,"Three Months Ended October 26, 2019",INCOME BEFORE PROVISION FOR INCOME TAXES,us-gaap:IncomeLossFromContinuingOperationsBeforeIncomeTaxesExtraordinaryItemsNoncontrollingInterest,reported,
income_statement,html:provision-for-income-taxes,Provision for income taxes,4Q19,760.0,CSCO_SEC-XBRL-financials_as-presented_10-Q_2019-11-19_0000858877-19-000018.xlsx,Income Statement,"Three Months Ended October 26, 2019",Provision for income taxes,us-gaap:IncomeTaxExpenseBenefit,reported,
income_statement,html:net-income,NET INCOME,4Q19,2926.0,CSCO_SEC-XBRL-financials_as-presented_10-Q_2019-11-19_0000858877-19-000018.xlsx,Income Statement,"Three Months Ended October 26, 2019",NET INCOME,us-gaap:NetIncomeLoss,reported,
income_statement,html:basic,Basic,4Q19,4.936,CSCO_SEC-XBRL-financials_as-presented_10-Q_2019-11-19_0000858877-19-000018.xlsx,Income Statement,"Three Months Ended October 26, 2019",Basic,us-gaap:EarningsPerShareBasic + us-gaap:WeightedAverageNumberOfSharesOutstandingBasic,summed_within_file,SUM(us-gaap:EarningsPerShareBasic + us-gaap:WeightedAverageNumberOfSharesOutstandingBasic) in CSCO_SEC-XBRL-financials_as-presented_10-Q_2019-11-19_0000858877-19-000018.xlsx
income_statement,html:diluted,Diluted,4Q19,4.952999999999999,CSCO_SEC-XBRL-financials_as-presented_10-Q_2019-11-19_0000858877-19-000018.xlsx,Income Statement,"Three Months Ended October 26, 2019",Diluted,us-gaap:EarningsPerShareDiluted + us-gaap:WeightedAverageNumberOfDilutedSharesOutstanding,summed_within_file,SUM(us-gaap:EarningsPerShareDiluted + us-gaap:WeightedAverageNumberOfDilutedSharesOutstanding) in CSCO_SEC-XBRL-financials_as-presented_10-Q_2019-11-19_0000858877-19-000018.xlsx
balance_sheet,us-gaap:CashAndCashEquivalentsAtCarryingValue,Cash and cash equivalents,4Q19,8587.0,CSCO_SEC-XBRL-financials_as-presented_10-Q_2019-11-19_0000858877-19-000018.xlsx,Balance Sheet,"October 26, 2019",Cash and cash equivalents,us-gaap:CashAndCashEquivalentsAtCarryingValue,reported,
balance_sheet,us-gaap:ShortTermInvestments,Investments,4Q19,19448.0,CSCO_SEC-XBRL-financials_as-presented_10-Q_2019-11-19_0000858877-19-000018.xlsx,Balance Sheet,"October 26, 2019",Investments,us-gaap:ShortTermInvestments,reported,
balance_sheet,us-gaap:AccountsReceivableNetCurrent,"Accounts receivable, net of allowance for doubtful accounts of $143 at July 25, 2020 and $136 at July 27, 2019",4Q19,4878.0,CSCO_SEC-XBRL-financials_as-presented_10-Q_2019-11-19_0000858877-19-000018.xlsx,Balance Sheet,"October 26, 2019","Accounts receivable, net of allowance for doubtful accounts of $136 as of each October 26, 2019 and July 27, 2019",us-gaap:AccountsReceivableNetCurrent,reported,
balance_sheet,us-gaap:InventoryNet,Inventories,4Q19,1344.0,CSCO_SEC-XBRL-financials_as-presented_10-Q_2019-11-19_0000858877-19-000018.xlsx,Balance Sheet,"October 26, 2019",Inventories,us-gaap:InventoryNet,reported,
balance_sheet,us-gaap:NotesAndLoansReceivableNetCurrent,"Financing receivables, net",4Q19,5026.0,CSCO_SEC-XBRL-financials_as-presented_10-Q_2019-11-19_0000858877-19-000018.xlsx,Balance Sheet,"October 26, 2019","Financing receivables, net",us-gaap:NotesAndLoansReceivableNetCurrent,reported,
balance_sheet,us-gaap:OtherAssetsCurrent,Other current assets,4Q19,2433.0,CSCO_SEC-XBRL-financials_as-presented_10-Q_2019-11-19_0000858877-19-000018.xlsx,Balance Sheet,"October 26, 2019",Other current assets,us-gaap:OtherAssetsCurrent,reported,
balance_sheet,us-gaap:AssetsCurrent,Total current assets,4Q19,41716.0,CSCO_SEC-XBRL-financials_as-presented_10-Q_2019-11-19_0000858877-19-000018.xlsx,Balance Sheet,"October 26, 2019",Total current assets,us-gaap:AssetsCurrent,reported,
balance_sheet,us-gaap:PropertyPlantAndEquipmentNet,"Property and equipment, net",4Q19,2669.0,CSCO_SEC-XBRL-financials_as-presented_10-Q_2019-11-19_0000858877-19-000018.xlsx,Balance Sheet,"October 26, 2019","Property and equipment, net",us-gaap:PropertyPlantAndEquipmentNet,reported,
balance_sheet,us-gaap:NotesAndLoansReceivableNetNoncurrent,"Financing receivables, net",4Q19,4831.0,CSCO_SEC-XBRL-financials_as-presented_10-Q_2019-11-19_0000858877-19-000018.xlsx,Balance Sheet,"October 26, 2019","Financing receivables, net",us-gaap:NotesAndLoansReceivableNetNoncurrent,reported,
balance_sheet,us-gaap:Goodwill,Goodwill,4Q19,33578.0,CSCO_SEC-XBRL-financials_as-presented_10-Q_2019-11-19_0000858877-19-000018.xlsx,Balance Sheet,"October 26, 2019",Goodwill,us-gaap:Goodwill,reported,
balance_sheet,us-gaap:IntangibleAssetsNetExcludingGoodwill,"Purchased intangible assets, net",4Q19,2107.0,CSCO_SEC-XBRL-financials_as-presented_10-Q_2019-11-19_0000858877-19-000018.xlsx,Balance Sheet,"October 26, 2019","Purchased intangible assets, net",us-gaap:IntangibleAssetsNetExcludingGoodwill,reported,
balance_sheet,us-gaap:DeferredIncomeTaxAssetsNet,Deferred tax assets,4Q19,3963.0,CSCO_SEC-XBRL-financials_as-presented_10-Q_2019-11-19_0000858877-19-000018.xlsx,Balance Sheet,"October 26, 2019",Deferred tax assets,us-gaap:DeferredIncomeTaxAssetsNet,reported,
balance_sheet,us-gaap:OtherAssetsNoncurrent,Other assets,4Q19,3628.0,CSCO_SEC-XBRL-financials_as-presented_10-Q_2019-11-19_0000858877-19-000018.xlsx,Balance Sheet,"October 26, 2019",Other assets,us-gaap:OtherAssetsNoncurrent,reported,
balance_sheet,us-gaap:Assets,TOTAL ASSETS,4Q19,92492.0,CSCO_SEC-XBRL-financials_as-presented_10-Q_2019-11-19_0000858877-19-000018.xlsx,Balance Sheet,"October 26, 2019",TOTAL ASSETS,us-gaap:Assets,reported,
balance_sheet,us-gaap:DebtCurrent,Short-term debt,4Q19,4000.0,CSCO_SEC-XBRL-financials_as-presented_10-Q_2019-11-19_0000858877-19-000018.xlsx,Balance Sheet,"October 26, 2019",Short-term debt,us-gaap:DebtCurrent,reported,
balance_sheet,us-gaap:AccountsPayableCurrent,Accounts payable,4Q19,2016.0,CSCO_SEC-XBRL-financials_as-presented_10-Q_2019-11-19_0000858877-19-000018.xlsx,Balance Sheet,"October 26, 2019",Accounts payable,us-gaap:AccountsPayableCurrent,reported,
balance_sheet,us-gaap:AccruedIncomeTaxesCurrent,Income taxes payable,4Q19,794.0,CSCO_SEC-XBRL-financials_as-presented_10-Q_2019-11-19_0000858877-19-000018.xlsx,Balance Sheet,"October 26, 2019",Income taxes payable,us-gaap:AccruedIncomeTaxesCurrent,reported,
balance_sheet,us-gaap:EmployeeRelatedLiabilitiesCurrent,Accrued compensation,4Q19,2735.0,CSCO_SEC-XBRL-financials_as-presented_10-Q_2019-11-19_0000858877-19-000018.xlsx,Balance Sheet,"October 26, 2019",Accrued compensation,us-gaap:EmployeeRelatedLiabilitiesCurrent,reported,
balance_sheet,us-gaap:ContractWithCustomerLiabilityCurrent,Deferred revenue,4Q19,10646.0,CSCO_SEC-XBRL-financials_as-presented_10-Q_2019-11-19_0000858877-19-000018.xlsx,Balance Sheet,"October 26, 2019",Deferred revenue,us-gaap:ContractWithCustomerLiabilityCurrent,reported,
balance_sheet,us-gaap:OtherLiabilitiesCurrent,Other current liabilities,4Q19,4406.0,CSCO_SEC-XBRL-financials_as-presented_10-Q_2019-11-19_0000858877-19-000018.xlsx,Balance Sheet,"October 26, 2019",Other current liabilities,us-gaap:OtherLiabilitiesCurrent,reported,
balance_sheet,us-gaap:LiabilitiesCurrent,Total current liabilities,4Q19,24597.0,CSCO_SEC-XBRL-financials_as-presented_10-Q_2019-11-19_0000858877-19-000018.xlsx,Balance Sheet,"October 26, 2019",Total current liabilities,us-gaap:LiabilitiesCurrent,reported,
balance_sheet,us-gaap:LongTermDebtNoncurrent,Long-term debt,4Q19,14497.0,CSCO_SEC-XBRL-financials_as-presented_10-Q_2019-11-19_0000858877-19-000018.xlsx,Balance Sheet,"October 26, 2019",Long-term debt,us-gaap:LongTermDebtNoncurrent,reported,
balance_sheet,us-gaap:AccruedIncomeTaxesNoncurrent,Income taxes payable,4Q19,8919.0,CSCO_SEC-XBRL-financials_as-presented_10-Q_2019-11-19_0000858877-19-000018.xlsx,Balance Sheet,"October 26, 2019",Income taxes payable,us-gaap:AccruedIncomeTaxesNoncurrent,reported,
balance_sheet,us-gaap:ContractWithCustomerLiabilityNoncurrent,Deferred revenue,4Q19,7956.0,CSCO_SEC-XBRL-financials_as-presented_10-Q_2019-11-19_0000858877-19-000018.xlsx,Balance Sheet,"October 26, 2019",Deferred revenue,us-gaap:ContractWithCustomerLiabilityNoncurrent,reported,
balance_sheet,us-gaap:OtherLiabilitiesNoncurrent,Other long-term liabilities,4Q19,2100.0,CSCO_SEC-XBRL-financials_as-presented_10-Q_2019-11-19_0000858877-19-000018.xlsx,Balance Sheet,"October 26, 2019",Other long-term liabilities,us-gaap:OtherLiabilitiesNoncurrent,reported,
balance_sheet,us-gaap:Liabilities,Total liabilities,4Q19,58069.0,CSCO_SEC-XBRL-financials_as-presented_10-Q_2019-11-19_0000858877-19-000018.xlsx,Balance Sheet,"October 26, 2019",Total liabilities,us-gaap:Liabilities,reported,
balance_sheet,us-gaap:CommonStocksIncludingAdditionalPaidInCapital,"Common stock and additional paid-in capital, $0.001 par value: 20,000 shares authorized; 4,237 and 4,250 shares issued and outstanding at July 25, 2020 and July 27, 2019, respectively",4Q19,40321.0,CSCO_SEC-XBRL-financials_as-presented_10-Q_2019-11-19_0000858877-19-000018.xlsx,Balance Sheet,"October 26, 2019","Common stock and additional paid-in capital, $0.001 par value: 20,000 shares authorized; 4,241 and 4,250 shares issued and outstanding at October 26, 2019 and July 27, 2019, respectively",us-gaap:CommonStocksIncludingAdditionalPaidInCapital,reported,
balance_sheet,us-gaap:RetainedEarningsAccumulatedDeficit,Accumulated deficit,4Q19,-5083.0,CSCO_SEC-XBRL-financials_as-presented_10-Q_2019-11-19_0000858877-19-000018.xlsx,Balance Sheet,"October 26, 2019",Accumulated deficit,us-gaap:RetainedEarningsAccumulatedDeficit,reported,
balance_sheet,us-gaap:AccumulatedOtherComprehensiveIncomeLossNetOfTax,Accumulated other comprehensive loss,4Q19,-815.0,CSCO_SEC-XBRL-financials_as-presented_10-Q_2019-11-19_0000858877-19-000018.xlsx,Balance Sheet,"October 26, 2019",Accumulated other comprehensive loss,us-gaap:AccumulatedOtherComprehensiveIncomeLossNetOfTax,reported,
balance_sheet,us-gaap:StockholdersEquity,Total equity,4Q19,34423.0,CSCO_SEC-XBRL-financials_as-presented_10-Q_2019-11-19_0000858877-19-000018.xlsx,Balance Sheet,"October 26, 2019",Total equity,us-gaap:StockholdersEquity,reported,
balance_sheet,us-gaap:LiabilitiesAndStockholdersEquity,TOTAL LIABILITIES AND EQUITY,4Q19,92492.0,CSCO_SEC-XBRL-financials_as-presented_10-Q_2019-11-19_0000858877-19-000018.xlsx,Balance Sheet,"October 26, 2019",TOTAL LIABILITIES AND EQUITY,us-gaap:LiabilitiesAndStockholdersEquity,reported,
cash_flow,html:net-income,Net income,4Q19,2926.0,CSCO_SEC-XBRL-financials_as-presented_10-Q_2019-11-19_0000858877-19-000018.xlsx,Cash Flow,"Three Months Ended October 26, 2019",Net income,us-gaap:NetIncomeLoss,reported,
cash_flow,html:depreciation-amortization-and-other,"Depreciation, amortization, and other",4Q19,461.0,CSCO_SEC-XBRL-financials_as-presented_10-Q_2019-11-19_0000858877-19-000018.xlsx,Cash Flow,"Three Months Ended October 26, 2019","Depreciation, amortization, and other",csco:DepreciationAmortizationAndOther,reported,
cash_flow,html:share-based-compensation-expense,Share-based compensation expense,4Q19,395.0,CSCO_SEC-XBRL-financials_as-presented_10-Q_2019-11-19_0000858877-19-000018.xlsx,Cash Flow,"Three Months Ended October 26, 2019",Share-based compensation expense,us-gaap:ShareBasedCompensation,reported,
cash_flow,html:provision-benefit-for-receivables,Provision (benefit) for receivables,4Q19,50.0,CSCO_SEC-XBRL-financials_as-presented_10-Q_2019-11-19_0000858877-19-000018.xlsx,Cash Flow,"Three Months Ended October 26, 2019",Provision for receivables,us-gaap:ProvisionForDoubtfulAccounts,reported,
cash_flow,html:deferred-income-taxes,Deferred income taxes,4Q19,81.0,CSCO_SEC-XBRL-financials_as-presented_10-Q_2019-11-19_0000858877-19-000018.xlsx,Cash Flow,"Three Months Ended October 26, 2019",Deferred income taxes,us-gaap:DeferredIncomeTaxesAndTaxCredits,reported,
cash_flow,html:gains-losses-on-divestitures-investments-and-other-net,"(Gains) losses on divestitures, investments and other, net",4Q19,-8.0,CSCO_SEC-XBRL-financials_as-presented_10-Q_2019-11-19_0000858877-19-000018.xlsx,Cash Flow,"Three Months Ended October 26, 2019","(Gains) losses on divestitures, investments and other, net",us-gaap:GainLossOnInvestments,reported,
cash_flow,html:accounts-receivable,Accounts receivable,4Q19,515.0,CSCO_SEC-XBRL-financials_as-presented_10-Q_2019-11-19_0000858877-19-000018.xlsx,Cash Flow,"Three Months Ended October 26, 2019",Accounts receivable,us-gaap:IncreaseDecreaseInAccountsReceivable,reported,
cash_flow,html:inventories,Inventories,4Q19,34.0,CSCO_SEC-XBRL-financials_as-presented_10-Q_2019-11-19_0000858877-19-000018.xlsx,Cash Flow,"Three Months Ended October 26, 2019",Inventories,us-gaap:IncreaseDecreaseInInventories,reported,
cash_flow,html:financing-receivables,Financing receivables,4Q19,146.0,CSCO_SEC-XBRL-financials_as-presented_10-Q_2019-11-19_0000858877-19-000018.xlsx,Cash Flow,"Three Months Ended October 26, 2019",Financing receivables,us-gaap:IncreaseDecreaseInFinanceReceivables,reported,
cash_flow,html:other-assets,Other assets,4Q19,59.0,CSCO_SEC-XBRL-financials_as-presented_10-Q_2019-11-19_0000858877-19-000018.xlsx,Cash Flow,"Three Months Ended October 26, 2019",Other assets,us-gaap:IncreaseDecreaseInOtherOperatingAssets,reported,
cash_flow,html:accounts-payable,Accounts payable,4Q19,-45.0,CSCO_SEC-XBRL-financials_as-presented_10-Q_2019-11-19_0000858877-19-000018.xlsx,Cash Flow,"Three Months Ended October 26, 2019",Accounts payable,us-gaap:IncreaseDecreaseInAccountsPayable,reported,
cash_flow,html:income-taxes-net,"Income taxes, net",4Q19,-330.0,CSCO_SEC-XBRL-financials_as-presented_10-Q_2019-11-19_0000858877-19-000018.xlsx,Cash Flow,"Three Months Ended October 26, 2019","Income taxes, net",us-gaap:IncreaseDecreaseInAccruedIncomeTaxesPayable,reported,
cash_flow,html:accrued-compensation,Accrued compensation,4Q19,-473.0,CSCO_SEC-XBRL-financials_as-presented_10-Q_2019-11-19_0000858877-19-000018.xlsx,Cash Flow,"Three Months Ended October 26, 2019",Accrued compensation,us-gaap:IncreaseDecreaseInEmployeeRelatedLiabilities,reported,
cash_flow,html:deferred-revenue,Deferred revenue,4Q19,158.0,CSCO_SEC-XBRL-financials_as-presented_10-Q_2019-11-19_0000858877-19-000018.xlsx,Cash Flow,"Three Months Ended October 26, 2019",Deferred revenue,us-gaap:IncreaseDecreaseInContractWithCustomerLiability,reported,
cash_flow,html:other-liabilities,Other liabilities,4Q19,-382.0,CSCO_SEC-XBRL-financials_as-presented_10-Q_2019-11-19_0000858877-19-000018.xlsx,Cash Flow,"Three Months Ended October 26, 2019",Other liabilities,us-gaap:IncreaseDecreaseInOtherOperatingLiabilities,reported,
cash_flow,html:net-cash-provided-by-operating-activities,Net cash provided by operating activities,4Q19,3587.0,CSCO_SEC-XBRL-financials_as-presented_10-Q_2019-11-19_0000858877-19-000018.xlsx,Cash Flow,"Three Months Ended October 26, 2019",Net cash provided by operating activities,us-gaap:NetCashProvidedByUsedInOperatingActivities,reported,
cash_flow,html:purchases-of-investments,Purchases of investments,4Q19,-2028.0,CSCO_SEC-XBRL-financials_as-presented_10-Q_2019-11-19_0000858877-19-000018.xlsx,Cash Flow,"Three Months Ended October 26, 2019",Purchases of investments,us-gaap:PaymentsToAcquireInvestments,reported,
cash_flow,html:proceeds-from-sales-of-investments,Proceeds from sales of investments,4Q19,2342.0,CSCO_SEC-XBRL-financials_as-presented_10-Q_2019-11-19_0000858877-19-000018.xlsx,Cash Flow,"Three Months Ended October 26, 2019",Proceeds from sales of investments,us-gaap:ProceedsFromSaleOfAvailableForSaleSecuritiesDebt,reported,
cash_flow,html:proceeds-from-maturities-of-investments,Proceeds from maturities of investments,4Q19,1966.0,CSCO_SEC-XBRL-financials_as-presented_10-Q_2019-11-19_0000858877-19-000018.xlsx,Cash Flow,"Three Months Ended October 26, 2019",Proceeds from maturities of investments,us-gaap:ProceedsFromMaturitiesPrepaymentsAndCallsOfAvailableForSaleSecurities,reported,
cash_flow,html:acquisitions-and-divestitures,Acquisitions and divestitures,4Q19,-163.0,CSCO_SEC-XBRL-financials_as-presented_10-Q_2019-11-19_0000858877-19-000018.xlsx,Cash Flow,"Three Months Ended October 26, 2019",Acquisitions and divestitures,csco:PaymentstoAcquireBusinessesNetofDivestitures,reported,
cash_flow,html:purchases-of-investments-in-privately-held-companies,Purchases of investments in privately held companies,4Q19,-54.0,CSCO_SEC-XBRL-financials_as-presented_10-Q_2019-11-19_0000858877-19-000018.xlsx,Cash Flow,"Three Months Ended October 26, 2019",Purchases of investments in privately held companies,csco:PaymentsForPurchaseOfInvestmentsInPrivatelyHeldCompanies,reported,
cash_flow,html:return-of-investments-in-privately-held-companies,Return of investments in privately held companies,4Q19,57.0,CSCO_SEC-XBRL-financials_as-presented_10-Q_2019-11-19_0000858877-19-000018.xlsx,Cash Flow,"Three Months Ended October 26, 2019",Return of investments in privately held companies,csco:ProceedsFromInvestmentsInPrivatelyHeldCompanies,reported,
cash_flow,html:acquisition-of-property-and-equipment,Acquisition of property and equipment,4Q19,-202.0,CSCO_SEC-XBRL-financials_as-presented_10-Q_2019-11-19_0000858877-19-000018.xlsx,Cash Flow,"Three Months Ended October 26, 2019",Acquisition of property and equipment,us-gaap:PaymentsToAcquirePropertyPlantAndEquipment,reported,
cash_flow,html:proceeds-from-sales-of-property-and-equipment,Proceeds from sales of property and equipment,4Q19,4.0,CSCO_SEC-XBRL-financials_as-presented_10-Q_2019-11-19_0000858877-19-000018.xlsx,Cash Flow,"Three Months Ended October 26, 2019",Proceeds from sales of property and equipment,us-gaap:ProceedsFromSaleOfPropertyPlantAndEquipment,reported,
cash_flow,html:net-cash-provided-by-used-in-investing-activities,Net cash provided by (used in) investing activities,4Q19,1922.0,CSCO_SEC-XBRL-financials_as-presented_10-Q_2019-11-19_0000858877-19-000018.xlsx,Cash Flow,"Three Months Ended October 26, 2019",Net cash provided by investing activities,us-gaap:NetCashProvidedByUsedInInvestingActivities,reported,
cash_flow,html:issuances-of-common-stock,Issuances of common stock,4Q19,2.0,CSCO_SEC-XBRL-financials_as-presented_10-Q_2019-11-19_0000858877-19-000018.xlsx,Cash Flow,"Three Months Ended October 26, 2019",Issuances of common stock,us-gaap:ProceedsFromIssuanceOfCommonStock,reported,
cash_flow,html:repurchases-of-common-stock-repurchase-program,Repurchases of common stock - repurchase program,4Q19,-784.0,CSCO_SEC-XBRL-financials_as-presented_10-Q_2019-11-19_0000858877-19-000018.xlsx,Cash Flow,"Three Months Ended October 26, 2019",Repurchases of common stock—repurchase program,us-gaap:PaymentsForRepurchaseOfCommonStock,reported,
cash_flow,html:shares-repurchased-for-tax-withholdings-on-vesting-of-restricted-stock-units,Shares repurchased for tax withholdings on vesting of restricted stock units,4Q19,-194.0,CSCO_SEC-XBRL-financials_as-presented_10-Q_2019-11-19_0000858877-19-000018.xlsx,Cash Flow,"Three Months Ended October 26, 2019",Shares repurchased for tax withholdings on vesting of restricted stock units,us-gaap:PaymentsRelatedToTaxWithholdingForShareBasedCompensation,reported,
cash_flow,html:short-term-borrowings-original-maturities-of-90-days-or-less-net,"Short-term borrowings, original maturities of 90 days or less, net",4Q19,-3470.0,CSCO_SEC-XBRL-financials_as-presented_10-Q_2019-11-19_0000858877-19-000018.xlsx,Cash Flow,"Three Months Ended October 26, 2019","Short-term borrowings, original maturities of 90 days or less, net",us-gaap:RepaymentsOfShortTermDebt,reported,
cash_flow,html:repayments-of-debt,Repayments of debt,4Q19,-2720.0,CSCO_SEC-XBRL-financials_as-presented_10-Q_2019-11-19_0000858877-19-000018.xlsx,Cash Flow,"Three Months Ended October 26, 2019",Repayments of debt,us-gaap:RepaymentsOfLongTermDebt,reported,
cash_flow,html:dividends-paid,Dividends paid,4Q19,-1486.0,CSCO_SEC-XBRL-financials_as-presented_10-Q_2019-11-19_0000858877-19-000018.xlsx,Cash Flow,"Three Months Ended October 26, 2019",Dividends paid,us-gaap:PaymentsOfDividends,reported,
cash_flow,html:other,Other,4Q19,-16.0,CSCO_SEC-XBRL-financials_as-presented_10-Q_2019-11-19_0000858877-19-000018.xlsx,Cash Flow,"Three Months Ended October 26, 2019",Other,us-gaap:ProceedsFromPaymentsForOtherFinancingActivities,reported,
cash_flow,html:net-cash-used-in-financing-activities,Net cash used in financing activities,4Q19,-8668.0,CSCO_SEC-XBRL-financials_as-presented_10-Q_2019-11-19_0000858877-19-000018.xlsx,Cash Flow,"Three Months Ended October 26, 2019",Net cash used in financing activities,us-gaap:NetCashProvidedByUsedInFinancingActivities,reported,
cash_flow,html:net-increase-decrease-in-cash-cash-equivalents-and-restricted-cash,"Net increase (decrease) in cash, cash equivalents, and restricted cash",4Q19,-3159.0,CSCO_SEC-XBRL-financials_as-presented_10-Q_2019-11-19_0000858877-19-000018.xlsx,Cash Flow,"Three Months Ended October 26, 2019","Net decrease in cash, cash equivalents, and restricted cash",us-gaap:CashCashEquivalentsRestrictedCashAndRestrictedCashEquivalentsPeriodIncreaseDecreaseIncludingExchangeRateEffect,reported,
cash_flow,html:cash-cash-equivalents-and-restricted-cash-beginning-of-fiscal-year,"Cash, cash equivalents, and restricted cash, beginning of fiscal year",4Q19,11772.0,CSCO_SEC-XBRL-financials_as-presented_10-Q_2019-11-19_0000858877-19-000018.xlsx,Cash Flow,"Three Months Ended October 26, 2019","Cash, cash equivalents, and restricted cash, beginning of period",us-gaap:CashCashEquivalentsRestrictedCashAndRestrictedCashEquivalents,reported,
cash_flow,html:cash-paid-for-interest,Cash paid for interest,4Q19,204.0,CSCO_SEC-XBRL-financials_as-presented_10-Q_2019-11-19_0000858877-19-000018.xlsx,Cash Flow,"Three Months Ended October 26, 2019",Cash paid for interest,us-gaap:InterestPaidNet,reported,
cash_flow,html:cash-paid-for-income-taxes-net,"Cash paid for income taxes, net",4Q19,1009.0,CSCO_SEC-XBRL-financials_as-presented_10-Q_2019-11-19_0000858877-19-000018.xlsx,Cash Flow,"Three Months Ended October 26, 2019","Cash paid for income taxes, net",us-gaap:IncomeTaxesPaidNet,reported,
income_statement,html:product,Product,1Q20,32492.0,CSCO_SEC-XBRL-financials_as-presented_10-Q_2020-02-18_0000858877-20-000004.xlsx,Income Statement,"Three Months Ended January 25, 2020",Product; Service; Total cost of sales; Total revenue,us-gaap:CostOfGoodsAndServicesSold + us-gaap:RevenueFromContractWithCustomerExcludingAssessedTax,summed_within_file,SUM(us-gaap:CostOfGoodsAndServicesSold + us-gaap:RevenueFromContractWithCustomerExcludingAssessedTax) in CSCO_SEC-XBRL-financials_as-presented_10-Q_2020-02-18_0000858877-20-000004.xlsx
income_statement,html:gross-margin,GROSS MARGIN,1Q20,7764.0,CSCO_SEC-XBRL-financials_as-presented_10-Q_2020-02-18_0000858877-20-000004.xlsx,Income Statement,"Three Months Ended January 25, 2020",GROSS MARGIN,us-gaap:GrossProfit,reported,
income_statement,html:research-and-development,Research and development,1Q20,1570.0,CSCO_SEC-XBRL-financials_as-presented_10-Q_2020-02-18_0000858877-20-000004.xlsx,Income Statement,"Three Months Ended January 25, 2020",Research and development,us-gaap:ResearchAndDevelopmentExpense,reported,
income_statement,html:sales-and-marketing,Sales and marketing,1Q20,2279.0,CSCO_SEC-XBRL-financials_as-presented_10-Q_2020-02-18_0000858877-20-000004.xlsx,Income Statement,"Three Months Ended January 25, 2020",Sales and marketing,us-gaap:SellingAndMarketingExpense,reported,
income_statement,html:general-and-administrative,General and administrative,1Q20,455.0,CSCO_SEC-XBRL-financials_as-presented_10-Q_2020-02-18_0000858877-20-000004.xlsx,Income Statement,"Three Months Ended January 25, 2020",General and administrative,us-gaap:GeneralAndAdministrativeExpense,reported,
income_statement,html:amortization-of-purchased-intangible-assets,Amortization of purchased intangible assets,1Q20,38.0,CSCO_SEC-XBRL-financials_as-presented_10-Q_2020-02-18_0000858877-20-000004.xlsx,Income Statement,"Three Months Ended January 25, 2020",Amortization of purchased intangible assets,us-gaap:AmortizationOfIntangibleAssets,reported,
income_statement,html:restructuring-and-other-charges,Restructuring and other charges,1Q20,42.0,CSCO_SEC-XBRL-financials_as-presented_10-Q_2020-02-18_0000858877-20-000004.xlsx,Income Statement,"Three Months Ended January 25, 2020",Restructuring and other charges,csco:RestructuringAndOtherCharges,reported,
income_statement,html:operating-expenses,OPERATING EXPENSES:,1Q20,4384.0,CSCO_SEC-XBRL-financials_as-presented_10-Q_2020-02-18_0000858877-20-000004.xlsx,Income Statement,"Three Months Ended January 25, 2020",Total operating expenses,us-gaap:OperatingExpenses,reported,
income_statement,html:operating-income,OPERATING INCOME,1Q20,3380.0,CSCO_SEC-XBRL-financials_as-presented_10-Q_2020-02-18_0000858877-20-000004.xlsx,Income Statement,"Three Months Ended January 25, 2020",OPERATING INCOME,us-gaap:OperatingIncomeLoss,reported,
income_statement,html:interest-and-other-income-loss-net,"Interest and other income (loss), net",1Q20,238.0,CSCO_SEC-XBRL-financials_as-presented_10-Q_2020-02-18_0000858877-20-000004.xlsx,Income Statement,"Three Months Ended January 25, 2020","Interest and other income (loss), net; Interest expense; Interest income",us-gaap:InterestExpense; us-gaap:InvestmentIncomeInterestAndDividend; us-gaap:NonoperatingIncomeExpense,interest_net,"interest_net: signed_sum=238.0 from values=[242.0, -158.0, 154.0]"
income_statement,html:other-income-loss-net,"Other income (loss), net",1Q20,70.0,CSCO_SEC-XBRL-financials_as-presented_10-Q_2020-02-18_0000858877-20-000004.xlsx,Income Statement,"Three Months Ended January 25, 2020","Other income (loss), net",us-gaap:OtherNonoperatingIncomeExpense,reported,
income_statement,html:income-before-provision-for-income-taxes,INCOME BEFORE PROVISION FOR INCOME TAXES,1Q20,3534.0,CSCO_SEC-XBRL-financials_as-presented_10-Q_2020-02-18_0000858877-20-000004.xlsx,Income Statement,"Three Months Ended January 25, 2020",INCOME BEFORE PROVISION FOR INCOME TAXES,us-gaap:IncomeLossFromContinuingOperationsBeforeIncomeTaxesExtraordinaryItemsNoncontrollingInterest,reported,
income_statement,html:provision-for-income-taxes,Provision for income taxes,1Q20,656.0,CSCO_SEC-XBRL-financials_as-presented_10-Q_2020-02-18_0000858877-20-000004.xlsx,Income Statement,"Three Months Ended January 25, 2020",Provision for income taxes,us-gaap:IncomeTaxExpenseBenefit,reported,
income_statement,html:net-income,NET INCOME,1Q20,2878.0,CSCO_SEC-XBRL-financials_as-presented_10-Q_2020-02-18_0000858877-20-000004.xlsx,Income Statement,"Three Months Ended January 25, 2020",NET INCOME,us-gaap:NetIncomeLoss,reported,
income_statement,html:basic,Basic,1Q20,4.922,CSCO_SEC-XBRL-financials_as-presented_10-Q_2020-02-18_0000858877-20-000004.xlsx,Income Statement,"Three Months Ended January 25, 2020",Basic,us-gaap:EarningsPerShareBasic + us-gaap:WeightedAverageNumberOfSharesOutstandingBasic,summed_within_file,SUM(us-gaap:EarningsPerShareBasic + us-gaap:WeightedAverageNumberOfSharesOutstandingBasic) in CSCO_SEC-XBRL-financials_as-presented_10-Q_2020-02-18_0000858877-20-000004.xlsx
income_statement,html:diluted,Diluted,1Q20,4.9399999999999995,CSCO_SEC-XBRL-financials_as-presented_10-Q_2020-02-18_0000858877-20-000004.xlsx,Income Statement,"Three Months Ended January 25, 2020",Diluted,us-gaap:EarningsPerShareDiluted + us-gaap:WeightedAverageNumberOfDilutedSharesOutstanding,summed_within_file,SUM(us-gaap:EarningsPerShareDiluted + us-gaap:WeightedAverageNumberOfDilutedSharesOutstanding) in CSCO_SEC-XBRL-financials_as-presented_10-Q_2020-02-18_0000858877-20-000004.xlsx
balance_sheet,us-gaap:CashAndCashEquivalentsAtCarryingValue,Cash and cash equivalents,1Q20,8475.0,CSCO_SEC-XBRL-financials_as-presented_10-Q_2020-02-18_0000858877-20-000004.xlsx,Balance Sheet,"January 25, 2020",Cash and cash equivalents,us-gaap:CashAndCashEquivalentsAtCarryingValue,reported,
balance_sheet,us-gaap:ShortTermInvestments,Investments,1Q20,18587.0,CSCO_SEC-XBRL-financials_as-presented_10-Q_2020-02-18_0000858877-20-000004.xlsx,Balance Sheet,"January 25, 2020",Investments,us-gaap:ShortTermInvestments,reported,
balance_sheet,us-gaap:AccountsReceivableNetCurrent,"Accounts receivable, net of allowance for doubtful accounts of $143 at July 25, 2020 and $136 at July 27, 2019",1Q20,4330.0,CSCO_SEC-XBRL-financials_as-presented_10-Q_2020-02-18_0000858877-20-000004.xlsx,Balance Sheet,"January 25, 2020","Accounts receivable, net of allowance for doubtful accounts of $112 at January 25, 2020 and $136 at July 27, 2019",us-gaap:AccountsReceivableNetCurrent,reported,
balance_sheet,us-gaap:InventoryNet,Inventories,1Q20,1353.0,CSCO_SEC-XBRL-financials_as-presented_10-Q_2020-02-18_0000858877-20-000004.xlsx,Balance Sheet,"January 25, 2020",Inventories,us-gaap:InventoryNet,reported,
balance_sheet,us-gaap:NotesAndLoansReceivableNetCurrent,"Financing receivables, net",1Q20,4827.0,CSCO_SEC-XBRL-financials_as-presented_10-Q_2020-02-18_0000858877-20-000004.xlsx,Balance Sheet,"January 25, 2020","Financing receivables, net",us-gaap:NotesAndLoansReceivableNetCurrent,reported,
balance_sheet,us-gaap:OtherAssetsCurrent,Other current assets,1Q20,2481.0,CSCO_SEC-XBRL-financials_as-presented_10-Q_2020-02-18_0000858877-20-000004.xlsx,Balance Sheet,"January 25, 2020",Other current assets,us-gaap:OtherAssetsCurrent,reported,
balance_sheet,us-gaap:AssetsCurrent,Total current assets,1Q20,40053.0,CSCO_SEC-XBRL-financials_as-presented_10-Q_2020-02-18_0000858877-20-000004.xlsx,Balance Sheet,"January 25, 2020",Total current assets,us-gaap:AssetsCurrent,reported,
balance_sheet,us-gaap:PropertyPlantAndEquipmentNet,"Property and equipment, net",1Q20,2621.0,CSCO_SEC-XBRL-financials_as-presented_10-Q_2020-02-18_0000858877-20-000004.xlsx,Balance Sheet,"January 25, 2020","Property and equipment, net",us-gaap:PropertyPlantAndEquipmentNet,reported,
balance_sheet,us-gaap:NotesAndLoansReceivableNetNoncurrent,"Financing receivables, net",1Q20,4757.0,CSCO_SEC-XBRL-financials_as-presented_10-Q_2020-02-18_0000858877-20-000004.xlsx,Balance Sheet,"January 25, 2020","Financing receivables, net",us-gaap:NotesAndLoansReceivableNetNoncurrent,reported,
balance_sheet,us-gaap:Goodwill,Goodwill,1Q20,33612.0,CSCO_SEC-XBRL-financials_as-presented_10-Q_2020-02-18_0000858877-20-000004.xlsx,Balance Sheet,"January 25, 2020",Goodwill,us-gaap:Goodwill,reported,
balance_sheet,us-gaap:IntangibleAssetsNetExcludingGoodwill,"Purchased intangible assets, net",1Q20,1906.0,CSCO_SEC-XBRL-financials_as-presented_10-Q_2020-02-18_0000858877-20-000004.xlsx,Balance Sheet,"January 25, 2020","Purchased intangible assets, net",us-gaap:IntangibleAssetsNetExcludingGoodwill,reported,
balance_sheet,us-gaap:DeferredIncomeTaxAssetsNet,Deferred tax assets,1Q20,3896.0,CSCO_SEC-XBRL-financials_as-presented_10-Q_2020-02-18_0000858877-20-000004.xlsx,Balance Sheet,"January 25, 2020",Deferred tax assets,us-gaap:DeferredIncomeTaxAssetsNet,reported,
balance_sheet,us-gaap:OtherAssetsNoncurrent,Other assets,1Q20,3581.0,CSCO_SEC-XBRL-financials_as-presented_10-Q_2020-02-18_0000858877-20-000004.xlsx,Balance Sheet,"January 25, 2020",Other assets,us-gaap:OtherAssetsNoncurrent,reported,
balance_sheet,us-gaap:Assets,TOTAL ASSETS,1Q20,90426.0,CSCO_SEC-XBRL-financials_as-presented_10-Q_2020-02-18_0000858877-20-000004.xlsx,Balance Sheet,"January 25, 2020",TOTAL ASSETS,us-gaap:Assets,reported,
balance_sheet,us-gaap:DebtCurrent,Short-term debt,1Q20,1499.0,CSCO_SEC-XBRL-financials_as-presented_10-Q_2020-02-18_0000858877-20-000004.xlsx,Balance Sheet,"January 25, 2020",Short-term debt,us-gaap:DebtCurrent,reported,
balance_sheet,us-gaap:AccountsPayableCurrent,Accounts payable,1Q20,1935.0,CSCO_SEC-XBRL-financials_as-presented_10-Q_2020-02-18_0000858877-20-000004.xlsx,Balance Sheet,"January 25, 2020",Accounts payable,us-gaap:AccountsPayableCurrent,reported,
balance_sheet,us-gaap:AccruedIncomeTaxesCurrent,Income taxes payable,1Q20,819.0,CSCO_SEC-XBRL-financials_as-presented_10-Q_2020-02-18_0000858877-20-000004.xlsx,Balance Sheet,"January 25, 2020",Income taxes payable,us-gaap:AccruedIncomeTaxesCurrent,reported,
balance_sheet,us-gaap:EmployeeRelatedLiabilitiesCurrent,Accrued compensation,1Q20,2690.0,CSCO_SEC-XBRL-financials_as-presented_10-Q_2020-02-18_0000858877-20-000004.xlsx,Balance Sheet,"January 25, 2020",Accrued compensation,us-gaap:EmployeeRelatedLiabilitiesCurrent,reported,
balance_sheet,us-gaap:ContractWithCustomerLiabilityCurrent,Deferred revenue,1Q20,10638.0,CSCO_SEC-XBRL-financials_as-presented_10-Q_2020-02-18_0000858877-20-000004.xlsx,Balance Sheet,"January 25, 2020",Deferred revenue,us-gaap:ContractWithCustomerLiabilityCurrent,reported,
balance_sheet,us-gaap:OtherLiabilitiesCurrent,Other current liabilities,1Q20,4507.0,CSCO_SEC-XBRL-financials_as-presented_10-Q_2020-02-18_0000858877-20-000004.xlsx,Balance Sheet,"January 25, 2020",Other current liabilities,us-gaap:OtherLiabilitiesCurrent,reported,
balance_sheet,us-gaap:LiabilitiesCurrent,Total current liabilities,1Q20,22088.0,CSCO_SEC-XBRL-financials_as-presented_10-Q_2020-02-18_0000858877-20-000004.xlsx,Balance Sheet,"January 25, 2020",Total current liabilities,us-gaap:LiabilitiesCurrent,reported,
balance_sheet,us-gaap:LongTermDebtNoncurrent,Long-term debt,1Q20,14494.0,CSCO_SEC-XBRL-financials_as-presented_10-Q_2020-02-18_0000858877-20-000004.xlsx,Balance Sheet,"January 25, 2020",Long-term debt,us-gaap:LongTermDebtNoncurrent,reported,
balance_sheet,us-gaap:AccruedIncomeTaxesNoncurrent,Income taxes payable,1Q20,8227.0,CSCO_SEC-XBRL-financials_as-presented_10-Q_2020-02-18_0000858877-20-000004.xlsx,Balance Sheet,"January 25, 2020",Income taxes payable,us-gaap:AccruedIncomeTaxesNoncurrent,reported,
balance_sheet,us-gaap:ContractWithCustomerLiabilityNoncurrent,Deferred revenue,1Q20,8048.0,CSCO_SEC-XBRL-financials_as-presented_10-Q_2020-02-18_0000858877-20-000004.xlsx,Balance Sheet,"January 25, 2020",Deferred revenue,us-gaap:ContractWithCustomerLiabilityNoncurrent,reported,
balance_sheet,us-gaap:OtherLiabilitiesNoncurrent,Other long-term liabilities,1Q20,2036.0,CSCO_SEC-XBRL-financials_as-presented_10-Q_2020-02-18_0000858877-20-000004.xlsx,Balance Sheet,"January 25, 2020",Other long-term liabilities,us-gaap:OtherLiabilitiesNoncurrent,reported,
balance_sheet,us-gaap:Liabilities,Total liabilities,1Q20,54893.0,CSCO_SEC-XBRL-financials_as-presented_10-Q_2020-02-18_0000858877-20-000004.xlsx,Balance Sheet,"January 25, 2020",Total liabilities,us-gaap:Liabilities,reported,
balance_sheet,us-gaap:CommonStocksIncludingAdditionalPaidInCapital,"Common stock and additional paid-in capital, $0.001 par value: 20,000 shares authorized; 4,237 and 4,250 shares issued and outstanding at July 25, 2020 and July 27, 2019, respectively",1Q20,40617.0,CSCO_SEC-XBRL-financials_as-presented_10-Q_2020-02-18_0000858877-20-000004.xlsx,Balance Sheet,"January 25, 2020","Common stock and additional paid-in capital, $0.001 par value: 20,000 shares authorized; 4,241 and 4,250 shares issued and outstanding at January 25, 2020 and July 27, 2019, respectively",us-gaap:CommonStocksIncludingAdditionalPaidInCapital,reported,
balance_sheet,us-gaap:RetainedEarningsAccumulatedDeficit,Accumulated deficit,1Q20,-4384.0,CSCO_SEC-XBRL-financials_as-presented_10-Q_2020-02-18_0000858877-20-000004.xlsx,Balance Sheet,"January 25, 2020",Accumulated deficit,us-gaap:RetainedEarningsAccumulatedDeficit,reported,
balance_sheet,us-gaap:AccumulatedOtherComprehensiveIncomeLossNetOfTax,Accumulated other comprehensive loss,1Q20,-700.0,CSCO_SEC-XBRL-financials_as-presented_10-Q_2020-02-18_0000858877-20-000004.xlsx,Balance Sheet,"January 25, 2020",Accumulated other comprehensive loss,us-gaap:AccumulatedOtherComprehensiveIncomeLossNetOfTax,reported,
balance_sheet,us-gaap:StockholdersEquity,Total equity,1Q20,35533.0,CSCO_SEC-XBRL-financials_as-presented_10-Q_2020-02-18_0000858877-20-000004.xlsx,Balance Sheet,"January 25, 2020",Total equity,us-gaap:StockholdersEquity,reported,
balance_sheet,us-gaap:LiabilitiesAndStockholdersEquity,TOTAL LIABILITIES AND EQUITY,1Q20,90426.0,CSCO_SEC-XBRL-financials_as-presented_10-Q_2020-02-18_0000858877-20-000004.xlsx,Balance Sheet,"January 25, 2020",TOTAL LIABILITIES AND EQUITY,us-gaap:LiabilitiesAndStockholdersEquity,reported,
income_statement,html:product,Product,2Q20,32390.0,CSCO_SEC-XBRL-financials_as-presented_10-Q_2020-05-18_0000858877-20-000006.xlsx,Income Statement,"Three Months Ended April 25, 2020",Product; Service; Total cost of sales; Total revenue,us-gaap:CostOfGoodsAndServicesSold + us-gaap:RevenueFromContractWithCustomerExcludingAssessedTax,summed_within_file,SUM(us-gaap:CostOfGoodsAndServicesSold + us-gaap:RevenueFromContractWithCustomerExcludingAssessedTax) in CSCO_SEC-XBRL-financials_as-presented_10-Q_2020-05-18_0000858877-20-000006.xlsx
income_statement,html:gross-margin,GROSS MARGIN,2Q20,7771.0,CSCO_SEC-XBRL-financials_as-presented_10-Q_2020-05-18_0000858877-20-000006.xlsx,Income Statement,"Three Months Ended April 25, 2020",GROSS MARGIN,us-gaap:GrossProfit,reported,
income_statement,html:research-and-development,Research and development,2Q20,1546.0,CSCO_SEC-XBRL-financials_as-presented_10-Q_2020-05-18_0000858877-20-000006.xlsx,Income Statement,"Three Months Ended April 25, 2020",Research and development,us-gaap:ResearchAndDevelopmentExpense,reported,
income_statement,html:sales-and-marketing,Sales and marketing,2Q20,2192.0,CSCO_SEC-XBRL-financials_as-presented_10-Q_2020-05-18_0000858877-20-000006.xlsx,Income Statement,"Three Months Ended April 25, 2020",Sales and marketing,us-gaap:SellingAndMarketingExpense,reported,
income_statement,html:general-and-administrative,General and administrative,2Q20,457.0,CSCO_SEC-XBRL-financials_as-presented_10-Q_2020-05-18_0000858877-20-000006.xlsx,Income Statement,"Three Months Ended April 25, 2020",General and administrative,us-gaap:GeneralAndAdministrativeExpense,reported,
income_statement,html:amortization-of-purchased-intangible-assets,Amortization of purchased intangible assets,2Q20,34.0,CSCO_SEC-XBRL-financials_as-presented_10-Q_2020-05-18_0000858877-20-000006.xlsx,Income Statement,"Three Months Ended April 25, 2020",Amortization of purchased intangible assets,us-gaap:AmortizationOfIntangibleAssets,reported,
income_statement,html:restructuring-and-other-charges,Restructuring and other charges,2Q20,128.0,CSCO_SEC-XBRL-financials_as-presented_10-Q_2020-05-18_0000858877-20-000006.xlsx,Income Statement,"Three Months Ended April 25, 2020",Restructuring and other charges,csco:RestructuringAndOtherCharges,reported,
income_statement,html:operating-expenses,OPERATING EXPENSES:,2Q20,4357.0,CSCO_SEC-XBRL-financials_as-presented_10-Q_2020-05-18_0000858877-20-000006.xlsx,Income Statement,"Three Months Ended April 25, 2020",Total operating expenses,us-gaap:OperatingExpenses,reported,
income_statement,html:operating-income,OPERATING INCOME,2Q20,3414.0,CSCO_SEC-XBRL-financials_as-presented_10-Q_2020-05-18_0000858877-20-000006.xlsx,Income Statement,"Three Months Ended April 25, 2020",OPERATING INCOME,us-gaap:OperatingIncomeLoss,reported,
income_statement,html:interest-and-other-income-loss-net,"Interest and other income (loss), net",2Q20,118.0,CSCO_SEC-XBRL-financials_as-presented_10-Q_2020-05-18_0000858877-20-000006.xlsx,Income Statement,"Three Months Ended April 25, 2020","Interest and other income (loss), net; Interest expense; Interest income",us-gaap:InterestExpense; us-gaap:InvestmentIncomeInterestAndDividend; us-gaap:NonoperatingIncomeExpense,interest_net,"interest_net: signed_sum=118.0 from values=[218.0, -130.0, 30.0]"
income_statement,html:other-income-loss-net,"Other income (loss), net",2Q20,-58.0,CSCO_SEC-XBRL-financials_as-presented_10-Q_2020-05-18_0000858877-20-000006.xlsx,Income Statement,"Three Months Ended April 25, 2020","Other income (loss), net",us-gaap:OtherNonoperatingIncomeExpense,reported,
income_statement,html:income-before-provision-for-income-taxes,INCOME BEFORE PROVISION FOR INCOME TAXES,2Q20,3444.0,CSCO_SEC-XBRL-financials_as-presented_10-Q_2020-05-18_0000858877-20-000006.xlsx,Income Statement,"Three Months Ended April 25, 2020",INCOME BEFORE PROVISION FOR INCOME TAXES,us-gaap:IncomeLossFromContinuingOperationsBeforeIncomeTaxesExtraordinaryItemsNoncontrollingInterest,reported,
income_statement,html:provision-for-income-taxes,Provision for income taxes,2Q20,670.0,CSCO_SEC-XBRL-financials_as-presented_10-Q_2020-05-18_0000858877-20-000006.xlsx,Income Statement,"Three Months Ended April 25, 2020",Provision for income taxes,us-gaap:IncomeTaxExpenseBenefit,reported,
income_statement,html:net-income,NET INCOME,2Q20,2774.0,CSCO_SEC-XBRL-financials_as-presented_10-Q_2020-05-18_0000858877-20-000006.xlsx,Income Statement,"Three Months Ended April 25, 2020",NET INCOME,us-gaap:NetIncomeLoss,reported,
income_statement,html:basic,Basic,2Q20,4.890000000000001,CSCO_SEC-XBRL-financials_as-presented_10-Q_2020-05-18_0000858877-20-000006.xlsx,Income Statement,"Three Months Ended April 25, 2020",Basic,us-gaap:EarningsPerShareBasic + us-gaap:WeightedAverageNumberOfSharesOutstandingBasic,summed_within_file,SUM(us-gaap:EarningsPerShareBasic + us-gaap:WeightedAverageNumberOfSharesOutstandingBasic) in CSCO_SEC-XBRL-financials_as-presented_10-Q_2020-05-18_0000858877-20-000006.xlsx
income_statement,html:diluted,Diluted,2Q20,4.893000000000001,CSCO_SEC-XBRL-financials_as-presented_10-Q_2020-05-18_0000858877-20-000006.xlsx,Income Statement,"Three Months Ended April 25, 2020",Diluted,us-gaap:EarningsPerShareDiluted + us-gaap:WeightedAverageNumberOfDilutedSharesOutstanding,summed_within_file,SUM(us-gaap:EarningsPerShareDiluted + us-gaap:WeightedAverageNumberOfDilutedSharesOutstanding) in CSCO_SEC-XBRL-financials_as-presented_10-Q_2020-05-18_0000858877-20-000006.xlsx
balance_sheet,us-gaap:CashAndCashEquivalentsAtCarryingValue,Cash and cash equivalents,2Q20,10366.0,CSCO_SEC-XBRL-financials_as-presented_10-Q_2020-05-18_0000858877-20-000006.xlsx,Balance Sheet,"April 25, 2020",Cash and cash equivalents,us-gaap:CashAndCashEquivalentsAtCarryingValue,reported,
balance_sheet,us-gaap:ShortTermInvestments,Investments,2Q20,18208.0,CSCO_SEC-XBRL-financials_as-presented_10-Q_2020-05-18_0000858877-20-000006.xlsx,Balance Sheet,"April 25, 2020",Investments,us-gaap:ShortTermInvestments,reported,
balance_sheet,us-gaap:AccountsReceivableNetCurrent,"Accounts receivable, net of allowance for doubtful accounts of $143 at July 25, 2020 and $136 at July 27, 2019",2Q20,4569.0,CSCO_SEC-XBRL-financials_as-presented_10-Q_2020-05-18_0000858877-20-000006.xlsx,Balance Sheet,"April 25, 2020","Accounts receivable, net of allowance for doubtful accounts of $130 at April 25, 2020 and $136 at July 27, 2019",us-gaap:AccountsReceivableNetCurrent,reported,
balance_sheet,us-gaap:InventoryNet,Inventories,2Q20,1212.0,CSCO_SEC-XBRL-financials_as-presented_10-Q_2020-05-18_0000858877-20-000006.xlsx,Balance Sheet,"April 25, 2020",Inventories,us-gaap:InventoryNet,reported,
balance_sheet,us-gaap:NotesAndLoansReceivableNetCurrent,"Financing receivables, net",2Q20,4703.0,CSCO_SEC-XBRL-financials_as-presented_10-Q_2020-05-18_0000858877-20-000006.xlsx,Balance Sheet,"April 25, 2020","Financing receivables, net",us-gaap:NotesAndLoansReceivableNetCurrent,reported,
balance_sheet,us-gaap:OtherAssetsCurrent,Other current assets,2Q20,2249.0,CSCO_SEC-XBRL-financials_as-presented_10-Q_2020-05-18_0000858877-20-000006.xlsx,Balance Sheet,"April 25, 2020",Other current assets,us-gaap:OtherAssetsCurrent,reported,
balance_sheet,us-gaap:AssetsCurrent,Total current assets,2Q20,41307.0,CSCO_SEC-XBRL-financials_as-presented_10-Q_2020-05-18_0000858877-20-000006.xlsx,Balance Sheet,"April 25, 2020",Total current assets,us-gaap:AssetsCurrent,reported,
balance_sheet,us-gaap:PropertyPlantAndEquipmentNet,"Property and equipment, net",2Q20,2535.0,CSCO_SEC-XBRL-financials_as-presented_10-Q_2020-05-18_0000858877-20-000006.xlsx,Balance Sheet,"April 25, 2020","Property and equipment, net",us-gaap:PropertyPlantAndEquipmentNet,reported,
balance_sheet,us-gaap:NotesAndLoansReceivableNetNoncurrent,"Financing receivables, net",2Q20,4770.0,CSCO_SEC-XBRL-financials_as-presented_10-Q_2020-05-18_0000858877-20-000006.xlsx,Balance Sheet,"April 25, 2020","Financing receivables, net",us-gaap:NotesAndLoansReceivableNetNoncurrent,reported,
balance_sheet,us-gaap:Goodwill,Goodwill,2Q20,33453.0,CSCO_SEC-XBRL-financials_as-presented_10-Q_2020-05-18_0000858877-20-000006.xlsx,Balance Sheet,"April 25, 2020",Goodwill,us-gaap:Goodwill,reported,
balance_sheet,us-gaap:IntangibleAssetsNetExcludingGoodwill,"Purchased intangible assets, net",2Q20,1744.0,CSCO_SEC-XBRL-financials_as-presented_10-Q_2020-05-18_0000858877-20-000006.xlsx,Balance Sheet,"April 25, 2020","Purchased intangible assets, net",us-gaap:IntangibleAssetsNetExcludingGoodwill,reported,
balance_sheet,us-gaap:DeferredIncomeTaxAssetsNet,Deferred tax assets,2Q20,3909.0,CSCO_SEC-XBRL-financials_as-presented_10-Q_2020-05-18_0000858877-20-000006.xlsx,Balance Sheet,"April 25, 2020",Deferred tax assets,us-gaap:DeferredIncomeTaxAssetsNet,reported,
balance_sheet,us-gaap:OtherAssetsNoncurrent,Other assets,2Q20,3676.0,CSCO_SEC-XBRL-financials_as-presented_10-Q_2020-05-18_0000858877-20-000006.xlsx,Balance Sheet,"April 25, 2020",Other assets,us-gaap:OtherAssetsNoncurrent,reported,
balance_sheet,us-gaap:Assets,TOTAL ASSETS,2Q20,91394.0,CSCO_SEC-XBRL-financials_as-presented_10-Q_2020-05-18_0000858877-20-000006.xlsx,Balance Sheet,"April 25, 2020",TOTAL ASSETS,us-gaap:Assets,reported,
balance_sheet,us-gaap:DebtCurrent,Short-term debt,2Q20,4506.0,CSCO_SEC-XBRL-financials_as-presented_10-Q_2020-05-18_0000858877-20-000006.xlsx,Balance Sheet,"April 25, 2020",Short-term debt,us-gaap:DebtCurrent,reported,
balance_sheet,us-gaap:AccountsPayableCurrent,Accounts payable,2Q20,2393.0,CSCO_SEC-XBRL-financials_as-presented_10-Q_2020-05-18_0000858877-20-000006.xlsx,Balance Sheet,"April 25, 2020",Accounts payable,us-gaap:AccountsPayableCurrent,reported,
balance_sheet,us-gaap:AccruedIncomeTaxesCurrent,Income taxes payable,2Q20,1047.0,CSCO_SEC-XBRL-financials_as-presented_10-Q_2020-05-18_0000858877-20-000006.xlsx,Balance Sheet,"April 25, 2020",Income taxes payable,us-gaap:AccruedIncomeTaxesCurrent,reported,
balance_sheet,us-gaap:EmployeeRelatedLiabilitiesCurrent,Accrued compensation,2Q20,2940.0,CSCO_SEC-XBRL-financials_as-presented_10-Q_2020-05-18_0000858877-20-000006.xlsx,Balance Sheet,"April 25, 2020",Accrued compensation,us-gaap:EmployeeRelatedLiabilitiesCurrent,reported,
balance_sheet,us-gaap:ContractWithCustomerLiabilityCurrent,Deferred revenue,2Q20,10710.0,CSCO_SEC-XBRL-financials_as-presented_10-Q_2020-05-18_0000858877-20-000006.xlsx,Balance Sheet,"April 25, 2020",Deferred revenue,us-gaap:ContractWithCustomerLiabilityCurrent,reported,
balance_sheet,us-gaap:OtherLiabilitiesCurrent,Other current liabilities,2Q20,4341.0,CSCO_SEC-XBRL-financials_as-presented_10-Q_2020-05-18_0000858877-20-000006.xlsx,Balance Sheet,"April 25, 2020",Other current liabilities,us-gaap:OtherLiabilitiesCurrent,reported,
balance_sheet,us-gaap:LiabilitiesCurrent,Total current liabilities,2Q20,25937.0,CSCO_SEC-XBRL-financials_as-presented_10-Q_2020-05-18_0000858877-20-000006.xlsx,Balance Sheet,"April 25, 2020",Total current liabilities,us-gaap:LiabilitiesCurrent,reported,
balance_sheet,us-gaap:LongTermDebtNoncurrent,Long-term debt,2Q20,11578.0,CSCO_SEC-XBRL-financials_as-presented_10-Q_2020-05-18_0000858877-20-000006.xlsx,Balance Sheet,"April 25, 2020",Long-term debt,us-gaap:LongTermDebtNoncurrent,reported,
balance_sheet,us-gaap:AccruedIncomeTaxesNoncurrent,Income taxes payable,2Q20,8285.0,CSCO_SEC-XBRL-financials_as-presented_10-Q_2020-05-18_0000858877-20-000006.xlsx,Balance Sheet,"April 25, 2020",Income taxes payable,us-gaap:AccruedIncomeTaxesNoncurrent,reported,
balance_sheet,us-gaap:ContractWithCustomerLiabilityNoncurrent,Deferred revenue,2Q20,7938.0,CSCO_SEC-XBRL-financials_as-presented_10-Q_2020-05-18_0000858877-20-000006.xlsx,Balance Sheet,"April 25, 2020",Deferred revenue,us-gaap:ContractWithCustomerLiabilityNoncurrent,reported,
balance_sheet,us-gaap:OtherLiabilitiesNoncurrent,Other long-term liabilities,2Q20,1948.0,CSCO_SEC-XBRL-financials_as-presented_10-Q_2020-05-18_0000858877-20-000006.xlsx,Balance Sheet,"April 25, 2020",Other long-term liabilities,us-gaap:OtherLiabilitiesNoncurrent,reported,
balance_sheet,us-gaap:Liabilities,Total liabilities,2Q20,55686.0,CSCO_SEC-XBRL-financials_as-presented_10-Q_2020-05-18_0000858877-20-000006.xlsx,Balance Sheet,"April 25, 2020",Total liabilities,us-gaap:Liabilities,reported,
balance_sheet,us-gaap:CommonStocksIncludingAdditionalPaidInCapital,"Common stock and additional paid-in capital, $0.001 par value: 20,000 shares authorized; 4,237 and 4,250 shares issued and outstanding at July 25, 2020 and July 27, 2019, respectively",2Q20,40691.0,CSCO_SEC-XBRL-financials_as-presented_10-Q_2020-05-18_0000858877-20-000006.xlsx,Balance Sheet,"April 25, 2020","Common stock and additional paid-in capital, $0.001 par value: 20,000 shares authorized; 4,220 and 4,250 shares issued and outstanding at April 25, 2020 and July 27, 2019, respectively",us-gaap:CommonStocksIncludingAdditionalPaidInCapital,reported,
balance_sheet,us-gaap:RetainedEarningsAccumulatedDeficit,Accumulated deficit,2Q20,-3874.0,CSCO_SEC-XBRL-financials_as-presented_10-Q_2020-05-18_0000858877-20-000006.xlsx,Balance Sheet,"April 25, 2020",Accumulated deficit,us-gaap:RetainedEarningsAccumulatedDeficit,reported,
balance_sheet,us-gaap:AccumulatedOtherComprehensiveIncomeLossNetOfTax,Accumulated other comprehensive loss,2Q20,-1109.0,CSCO_SEC-XBRL-financials_as-presented_10-Q_2020-05-18_0000858877-20-000006.xlsx,Balance Sheet,"April 25, 2020",Accumulated other comprehensive loss,us-gaap:AccumulatedOtherComprehensiveIncomeLossNetOfTax,reported,
balance_sheet,us-gaap:StockholdersEquity,Total equity,2Q20,35708.0,CSCO_SEC-XBRL-financials_as-presented_10-Q_2020-05-18_0000858877-20-000006.xlsx,Balance Sheet,"April 25, 2020",Total equity,us-gaap:StockholdersEquity,reported,
balance_sheet,us-gaap:LiabilitiesAndStockholdersEquity,TOTAL LIABILITIES AND EQUITY,2Q20,91394.0,CSCO_SEC-XBRL-financials_as-presented_10-Q_2020-05-18_0000858877-20-000006.xlsx,Balance Sheet,"April 25, 2020",TOTAL LIABILITIES AND EQUITY,us-gaap:LiabilitiesAndStockholdersEquity,reported,
income_statement,html:product,Product,4Q20,32554.0,CSCO_SEC-XBRL-financials_as-presented_10-Q_2020-11-17_0000858877-20-000015.xlsx,Income Statement,"Three Months Ended October 24, 2020",Product; Service; Total cost of sales; Total revenue,us-gaap:CostOfGoodsAndServicesSold + us-gaap:RevenueFromContractWithCustomerExcludingAssessedTax,summed_within_file,SUM(us-gaap:CostOfGoodsAndServicesSold + us-gaap:RevenueFromContractWithCustomerExcludingAssessedTax) in CSCO_SEC-XBRL-financials_as-presented_10-Q_2020-11-17_0000858877-20-000015.xlsx
income_statement,html:gross-margin,GROSS MARGIN,4Q20,7581.0,CSCO_SEC-XBRL-financials_as-presented_10-Q_2020-11-17_0000858877-20-000015.xlsx,Income Statement,"Three Months Ended October 24, 2020",GROSS MARGIN,us-gaap:GrossProfit,reported,
income_statement,html:research-and-development,Research and development,4Q20,1612.0,CSCO_SEC-XBRL-financials_as-presented_10-Q_2020-11-17_0000858877-20-000015.xlsx,Income Statement,"Three Months Ended October 24, 2020",Research and development,us-gaap:ResearchAndDevelopmentExpense,reported,
income_statement,html:sales-and-marketing,Sales and marketing,4Q20,2217.0,CSCO_SEC-XBRL-financials_as-presented_10-Q_2020-11-17_0000858877-20-000015.xlsx,Income Statement,"Three Months Ended October 24, 2020",Sales and marketing,us-gaap:SellingAndMarketingExpense,reported,
income_statement,html:general-and-administrative,General and administrative,4Q20,544.0,CSCO_SEC-XBRL-financials_as-presented_10-Q_2020-11-17_0000858877-20-000015.xlsx,Income Statement,"Three Months Ended October 24, 2020",General and administrative,us-gaap:GeneralAndAdministrativeExpense,reported,
income_statement,html:amortization-of-purchased-intangible-assets,Amortization of purchased intangible assets,4Q20,36.0,CSCO_SEC-XBRL-financials_as-presented_10-Q_2020-11-17_0000858877-20-000015.xlsx,Income Statement,"Three Months Ended October 24, 2020",Amortization of purchased intangible assets,us-gaap:AmortizationOfIntangibleAssets,reported,
income_statement,html:restructuring-and-other-charges,Restructuring and other charges,4Q20,602.0,CSCO_SEC-XBRL-financials_as-presented_10-Q_2020-11-17_0000858877-20-000015.xlsx,Income Statement,"Three Months Ended October 24, 2020",Restructuring and other charges,csco:RestructuringAndOtherCharges,reported,
income_statement,html:operating-expenses,OPERATING EXPENSES:,4Q20,5011.0,CSCO_SEC-XBRL-financials_as-presented_10-Q_2020-11-17_0000858877-20-000015.xlsx,Income Statement,"Three Months Ended October 24, 2020",Total operating expenses,us-gaap:OperatingExpenses,reported,
income_statement,html:operating-income,OPERATING INCOME,4Q20,2570.0,CSCO_SEC-XBRL-financials_as-presented_10-Q_2020-11-17_0000858877-20-000015.xlsx,Income Statement,"Three Months Ended October 24, 2020",OPERATING INCOME,us-gaap:OperatingIncomeLoss,reported,
income_statement,html:interest-and-other-income-loss-net,"Interest and other income (loss), net",4Q20,173.0,CSCO_SEC-XBRL-financials_as-presented_10-Q_2020-11-17_0000858877-20-000015.xlsx,Income Statement,"Three Months Ended October 24, 2020","Interest and other income (loss), net; Interest expense; Interest income",us-gaap:InterestExpense; us-gaap:InvestmentIncomeInterestAndDividend; us-gaap:NonoperatingIncomeExpense,interest_net,"interest_net: signed_sum=173.0 from values=[174.0, -112.0, 111.0]"
income_statement,html:other-income-loss-net,"Other income (loss), net",4Q20,49.0,CSCO_SEC-XBRL-financials_as-presented_10-Q_2020-11-17_0000858877-20-000015.xlsx,Income Statement,"Three Months Ended October 24, 2020","Other income (loss), net",us-gaap:OtherNonoperatingIncomeExpense,reported,
income_statement,html:income-before-provision-for-income-taxes,INCOME BEFORE PROVISION FOR INCOME TAXES,4Q20,2681.0,CSCO_SEC-XBRL-financials_as-presented_10-Q_2020-11-17_0000858877-20-000015.xlsx,Income Statement,"Three Months Ended October 24, 2020",INCOME BEFORE PROVISION FOR INCOME TAXES,us-gaap:IncomeLossFromContinuingOperationsBeforeIncomeTaxesExtraordinaryItemsNoncontrollingInterest,reported,
income_statement,html:provision-for-income-taxes,Provision for income taxes,4Q20,507.0,CSCO_SEC-XBRL-financials_as-presented_10-Q_2020-11-17_0000858877-20-000015.xlsx,Income Statement,"Three Months Ended October 24, 2020",Provision for income taxes,us-gaap:IncomeTaxExpenseBenefit,reported,
income_statement,html:net-income,NET INCOME,4Q20,2174.0,CSCO_SEC-XBRL-financials_as-presented_10-Q_2020-11-17_0000858877-20-000015.xlsx,Income Statement,"Three Months Ended October 24, 2020",NET INCOME,us-gaap:NetIncomeLoss,reported,
income_statement,html:basic,Basic,4Q20,4.74,CSCO_SEC-XBRL-financials_as-presented_10-Q_2020-11-17_0000858877-20-000015.xlsx,Income Statement,"Three Months Ended October 24, 2020",Basic,us-gaap:EarningsPerShareBasic + us-gaap:WeightedAverageNumberOfSharesOutstandingBasic,summed_within_file,SUM(us-gaap:EarningsPerShareBasic + us-gaap:WeightedAverageNumberOfSharesOutstandingBasic) in CSCO_SEC-XBRL-financials_as-presented_10-Q_2020-11-17_0000858877-20-000015.xlsx
income_statement,html:diluted,Diluted,4Q20,4.754,CSCO_SEC-XBRL-financials_as-presented_10-Q_2020-11-17_0000858877-20-000015.xlsx,Income Statement,"Three Months Ended October 24, 2020",Diluted,us-gaap:EarningsPerShareDiluted + us-gaap:WeightedAverageNumberOfDilutedSharesOutstanding,summed_within_file,SUM(us-gaap:EarningsPerShareDiluted + us-gaap:WeightedAverageNumberOfDilutedSharesOutstanding) in CSCO_SEC-XBRL-financials_as-presented_10-Q_2020-11-17_0000858877-20-000015.xlsx
balance_sheet,us-gaap:CashAndCashEquivalentsAtCarryingValue,Cash and cash equivalents,4Q20,10822.0,CSCO_SEC-XBRL-financials_as-presented_10-Q_2020-11-17_0000858877-20-000015.xlsx,Balance Sheet,"October 24, 2020",Cash and cash equivalents,us-gaap:CashAndCashEquivalentsAtCarryingValue,reported,
balance_sheet,us-gaap:ShortTermInvestments,Investments,4Q20,19190.0,CSCO_SEC-XBRL-financials_as-presented_10-Q_2020-11-17_0000858877-20-000015.xlsx,Balance Sheet,"October 24, 2020",Investments,us-gaap:ShortTermInvestments,reported,
balance_sheet,us-gaap:AllowanceForDoubtfulAccountsReceivableCurrent,"Accounts receivable, net of allowance of $109 at July 31, 2021 and $143 at July 25, 2020",4Q20,3980.0,CSCO_SEC-XBRL-financials_as-presented_10-Q_2020-11-17_0000858877-20-000015.xlsx,Balance Sheet,"October 24, 2020","Accounts receivable, net of allowance for doubtful accounts of $125 at October 24, 2020 and $143 at July 25, 2020",us-gaap:AllowanceForDoubtfulAccountsReceivableCurrent,reported,
balance_sheet,us-gaap:InventoryNet,Inventories,4Q20,1303.0,CSCO_SEC-XBRL-financials_as-presented_10-Q_2020-11-17_0000858877-20-000015.xlsx,Balance Sheet,"October 24, 2020",Inventories,us-gaap:InventoryNet,reported,
balance_sheet,us-gaap:NotesAndLoansReceivableNetCurrent,"Financing receivables, net",4Q20,5105.0,CSCO_SEC-XBRL-financials_as-presented_10-Q_2020-11-17_0000858877-20-000015.xlsx,Balance Sheet,"October 24, 2020","Financing receivables, net",us-gaap:NotesAndLoansReceivableNetCurrent,reported,
balance_sheet,us-gaap:OtherAssetsCurrent,Other current assets,4Q20,2589.0,CSCO_SEC-XBRL-financials_as-presented_10-Q_2020-11-17_0000858877-20-000015.xlsx,Balance Sheet,"October 24, 2020",Other current assets,us-gaap:OtherAssetsCurrent,reported,
balance_sheet,us-gaap:AssetsCurrent,Total current assets,4Q20,42989.0,CSCO_SEC-XBRL-financials_as-presented_10-Q_2020-11-17_0000858877-20-000015.xlsx,Balance Sheet,"October 24, 2020",Total current assets,us-gaap:AssetsCurrent,reported,
balance_sheet,us-gaap:PropertyPlantAndEquipmentNet,"Property and equipment, net",4Q20,2412.0,CSCO_SEC-XBRL-financials_as-presented_10-Q_2020-11-17_0000858877-20-000015.xlsx,Balance Sheet,"October 24, 2020","Property and equipment, net",us-gaap:PropertyPlantAndEquipmentNet,reported,
balance_sheet,us-gaap:NotesAndLoansReceivableNetNoncurrent,"Financing receivables, net",4Q20,5516.0,CSCO_SEC-XBRL-financials_as-presented_10-Q_2020-11-17_0000858877-20-000015.xlsx,Balance Sheet,"October 24, 2020","Financing receivables, net",us-gaap:NotesAndLoansReceivableNetNoncurrent,reported,
balance_sheet,us-gaap:Goodwill,Goodwill,4Q20,34535.0,CSCO_SEC-XBRL-financials_as-presented_10-Q_2020-11-17_0000858877-20-000015.xlsx,Balance Sheet,"October 24, 2020",Goodwill,us-gaap:Goodwill,reported,
balance_sheet,us-gaap:IntangibleAssetsNetExcludingGoodwill,"Purchased intangible assets, net",4Q20,1581.0,CSCO_SEC-XBRL-financials_as-presented_10-Q_2020-11-17_0000858877-20-000015.xlsx,Balance Sheet,"October 24, 2020","Purchased intangible assets, net",us-gaap:IntangibleAssetsNetExcludingGoodwill,reported,
balance_sheet,us-gaap:DeferredIncomeTaxAssetsNet,Deferred tax assets,4Q20,4138.0,CSCO_SEC-XBRL-financials_as-presented_10-Q_2020-11-17_0000858877-20-000015.xlsx,Balance Sheet,"October 24, 2020",Deferred tax assets,us-gaap:DeferredIncomeTaxAssetsNet,reported,
balance_sheet,us-gaap:OtherAssetsNoncurrent,Other assets,4Q20,3832.0,CSCO_SEC-XBRL-financials_as-presented_10-Q_2020-11-17_0000858877-20-000015.xlsx,Balance Sheet,"October 24, 2020",Other assets,us-gaap:OtherAssetsNoncurrent,reported,
balance_sheet,us-gaap:Assets,TOTAL ASSETS,4Q20,95003.0,CSCO_SEC-XBRL-financials_as-presented_10-Q_2020-11-17_0000858877-20-000015.xlsx,Balance Sheet,"October 24, 2020",TOTAL ASSETS,us-gaap:Assets,reported,
balance_sheet,us-gaap:LongTermDebtCurrent,Short-term debt,4Q20,5002.0,CSCO_SEC-XBRL-financials_as-presented_10-Q_2020-11-17_0000858877-20-000015.xlsx,Balance Sheet,"October 24, 2020",Short-term debt,us-gaap:LongTermDebtCurrent,reported,
balance_sheet,us-gaap:AccountsPayableCurrent,Accounts payable,4Q20,2294.0,CSCO_SEC-XBRL-financials_as-presented_10-Q_2020-11-17_0000858877-20-000015.xlsx,Balance Sheet,"October 24, 2020",Accounts payable,us-gaap:AccountsPayableCurrent,reported,
balance_sheet,us-gaap:AccruedIncomeTaxesCurrent,Income taxes payable,4Q20,810.0,CSCO_SEC-XBRL-financials_as-presented_10-Q_2020-11-17_0000858877-20-000015.xlsx,Balance Sheet,"October 24, 2020",Income taxes payable,us-gaap:AccruedIncomeTaxesCurrent,reported,
balance_sheet,us-gaap:EmployeeRelatedLiabilitiesCurrent,Accrued compensation,4Q20,2978.0,CSCO_SEC-XBRL-financials_as-presented_10-Q_2020-11-17_0000858877-20-000015.xlsx,Balance Sheet,"October 24, 2020",Accrued compensation,us-gaap:EmployeeRelatedLiabilitiesCurrent,reported,
balance_sheet,us-gaap:ContractWithCustomerLiabilityCurrent,Deferred revenue,4Q20,11271.0,CSCO_SEC-XBRL-financials_as-presented_10-Q_2020-11-17_0000858877-20-000015.xlsx,Balance Sheet,"October 24, 2020",Deferred revenue,us-gaap:ContractWithCustomerLiabilityCurrent,reported,
balance_sheet,us-gaap:OtherLiabilitiesCurrent,Other current liabilities,4Q20,4636.0,CSCO_SEC-XBRL-financials_as-presented_10-Q_2020-11-17_0000858877-20-000015.xlsx,Balance Sheet,"October 24, 2020",Other current liabilities,us-gaap:OtherLiabilitiesCurrent,reported,
balance_sheet,us-gaap:LiabilitiesCurrent,Total current liabilities,4Q20,26991.0,CSCO_SEC-XBRL-financials_as-presented_10-Q_2020-11-17_0000858877-20-000015.xlsx,Balance Sheet,"October 24, 2020",Total current liabilities,us-gaap:LiabilitiesCurrent,reported,
balance_sheet,us-gaap:LongTermDebtNoncurrent,Long-term debt,4Q20,9564.0,CSCO_SEC-XBRL-financials_as-presented_10-Q_2020-11-17_0000858877-20-000015.xlsx,Balance Sheet,"October 24, 2020",Long-term debt,us-gaap:LongTermDebtNoncurrent,reported,
balance_sheet,us-gaap:AccruedIncomeTaxesNoncurrent,Income taxes payable,4Q20,8786.0,CSCO_SEC-XBRL-financials_as-presented_10-Q_2020-11-17_0000858877-20-000015.xlsx,Balance Sheet,"October 24, 2020",Income taxes payable,us-gaap:AccruedIncomeTaxesNoncurrent,reported,
balance_sheet,us-gaap:ContractWithCustomerLiabilityNoncurrent,Deferred revenue,4Q20,9202.0,CSCO_SEC-XBRL-financials_as-presented_10-Q_2020-11-17_0000858877-20-000015.xlsx,Balance Sheet,"October 24, 2020",Deferred revenue,us-gaap:ContractWithCustomerLiabilityNoncurrent,reported,
balance_sheet,us-gaap:OtherLiabilitiesNoncurrent,Other long-term liabilities,4Q20,2303.0,CSCO_SEC-XBRL-financials_as-presented_10-Q_2020-11-17_0000858877-20-000015.xlsx,Balance Sheet,"October 24, 2020",Other long-term liabilities,us-gaap:OtherLiabilitiesNoncurrent,reported,
balance_sheet,us-gaap:Liabilities,Total liabilities,4Q20,56846.0,CSCO_SEC-XBRL-financials_as-presented_10-Q_2020-11-17_0000858877-20-000015.xlsx,Balance Sheet,"October 24, 2020",Total liabilities,us-gaap:Liabilities,reported,
balance_sheet,us-gaap:CommonStockParOrStatedValuePerShare,"Common stock and additional paid-in capital, $0.001 par value: 20,000 shares authorized; 4,217 and 4,237 shares issued and outstanding at July 31, 2021 and July 25, 2020, respectively",4Q20,41360.0,CSCO_SEC-XBRL-financials_as-presented_10-Q_2020-11-17_0000858877-20-000015.xlsx,Balance Sheet,"October 24, 2020","Common stock and additional paid-in capital, $0.001 par value: 20,000 shares authorized; 4,222 and 4,237 shares issued and outstanding at October 24, 2020 and July 25, 2020, respectively",us-gaap:CommonStockParOrStatedValuePerShare,reported,
balance_sheet,us-gaap:RetainedEarningsAccumulatedDeficit,Accumulated deficit,4Q20,-2756.0,CSCO_SEC-XBRL-financials_as-presented_10-Q_2020-11-17_0000858877-20-000015.xlsx,Balance Sheet,"October 24, 2020",Accumulated deficit,us-gaap:RetainedEarningsAccumulatedDeficit,reported,
balance_sheet,us-gaap:AccumulatedOtherComprehensiveIncomeLossNetOfTax,Accumulated other comprehensive loss,4Q20,-447.0,CSCO_SEC-XBRL-financials_as-presented_10-Q_2020-11-17_0000858877-20-000015.xlsx,Balance Sheet,"October 24, 2020",Accumulated other comprehensive loss,us-gaap:AccumulatedOtherComprehensiveIncomeLossNetOfTax,reported,
balance_sheet,us-gaap:StockholdersEquity,Total equity,4Q20,38157.0,CSCO_SEC-XBRL-financials_as-presented_10-Q_2020-11-17_0000858877-20-000015.xlsx,Balance Sheet,"October 24, 2020",Total equity,us-gaap:StockholdersEquity,reported,
balance_sheet,us-gaap:LiabilitiesAndStockholdersEquity,TOTAL LIABILITIES AND EQUITY,4Q20,95003.0,CSCO_SEC-XBRL-financials_as-presented_10-Q_2020-11-17_0000858877-20-000015.xlsx,Balance Sheet,"October 24, 2020",TOTAL LIABILITIES AND EQUITY,us-gaap:LiabilitiesAndStockholdersEquity,reported,
cash_flow,html:net-income,Net income,4Q20,2174.0,CSCO_SEC-XBRL-financials_as-presented_10-Q_2020-11-17_0000858877-20-000015.xlsx,Cash Flow,"Three Months Ended October 24, 2020",Net income,us-gaap:NetIncomeLoss,reported,
cash_flow,html:depreciation-amortization-and-other,"Depreciation, amortization, and other",4Q20,451.0,CSCO_SEC-XBRL-financials_as-presented_10-Q_2020-11-17_0000858877-20-000015.xlsx,Cash Flow,"Three Months Ended October 24, 2020","Depreciation, amortization, and other",csco:DepreciationAmortizationAndOther,reported,
cash_flow,html:share-based-compensation-expense,Share-based compensation expense,4Q20,438.0,CSCO_SEC-XBRL-financials_as-presented_10-Q_2020-11-17_0000858877-20-000015.xlsx,Cash Flow,"Three Months Ended October 24, 2020",Share-based compensation expense,us-gaap:ShareBasedCompensation,reported,
cash_flow,html:provision-benefit-for-receivables,Provision (benefit) for receivables,4Q20,13.0,CSCO_SEC-XBRL-financials_as-presented_10-Q_2020-11-17_0000858877-20-000015.xlsx,Cash Flow,"Three Months Ended October 24, 2020",Provision for receivables,us-gaap:ProvisionForDoubtfulAccounts,reported,
cash_flow,html:deferred-income-taxes,Deferred income taxes,4Q20,-120.0,CSCO_SEC-XBRL-financials_as-presented_10-Q_2020-11-17_0000858877-20-000015.xlsx,Cash Flow,"Three Months Ended October 24, 2020",Deferred income taxes,us-gaap:DeferredIncomeTaxesAndTaxCredits,reported,
cash_flow,html:gains-losses-on-divestitures-investments-and-other-net,"(Gains) losses on divestitures, investments and other, net",4Q20,-59.0,CSCO_SEC-XBRL-financials_as-presented_10-Q_2020-11-17_0000858877-20-000015.xlsx,Cash Flow,"Three Months Ended October 24, 2020","(Gains) losses on divestitures, investments and other, net",us-gaap:GainLossOnInvestments,reported,
cash_flow,html:accounts-receivable,Accounts receivable,4Q20,1526.0,CSCO_SEC-XBRL-financials_as-presented_10-Q_2020-11-17_0000858877-20-000015.xlsx,Cash Flow,"Three Months Ended October 24, 2020",Accounts receivable,us-gaap:IncreaseDecreaseInAccountsReceivable,reported,
cash_flow,html:inventories,Inventories,4Q20,-21.0,CSCO_SEC-XBRL-financials_as-presented_10-Q_2020-11-17_0000858877-20-000015.xlsx,Cash Flow,"Three Months Ended October 24, 2020",Inventories,us-gaap:IncreaseDecreaseInInventories,reported,
cash_flow,html:financing-receivables,Financing receivables,4Q20,167.0,CSCO_SEC-XBRL-financials_as-presented_10-Q_2020-11-17_0000858877-20-000015.xlsx,Cash Flow,"Three Months Ended October 24, 2020",Financing receivables,us-gaap:IncreaseDecreaseInFinanceReceivables,reported,
cash_flow,html:other-assets,Other assets,4Q20,-259.0,CSCO_SEC-XBRL-financials_as-presented_10-Q_2020-11-17_0000858877-20-000015.xlsx,Cash Flow,"Three Months Ended October 24, 2020",Other assets,us-gaap:IncreaseDecreaseInOtherOperatingAssets,reported,
cash_flow,html:accounts-payable,Accounts payable,4Q20,73.0,CSCO_SEC-XBRL-financials_as-presented_10-Q_2020-11-17_0000858877-20-000015.xlsx,Cash Flow,"Three Months Ended October 24, 2020",Accounts payable,us-gaap:IncreaseDecreaseInAccountsPayable,reported,
cash_flow,html:income-taxes-net,"Income taxes, net",4Q20,-84.0,CSCO_SEC-XBRL-financials_as-presented_10-Q_2020-11-17_0000858877-20-000015.xlsx,Cash Flow,"Three Months Ended October 24, 2020","Income taxes, net",us-gaap:IncreaseDecreaseInAccruedIncomeTaxesPayable,reported,
cash_flow,html:accrued-compensation,Accrued compensation,4Q20,-165.0,CSCO_SEC-XBRL-financials_as-presented_10-Q_2020-11-17_0000858877-20-000015.xlsx,Cash Flow,"Three Months Ended October 24, 2020",Accrued compensation,us-gaap:IncreaseDecreaseInEmployeeRelatedLiabilities,reported,
cash_flow,html:deferred-revenue,Deferred revenue,4Q20,-45.0,CSCO_SEC-XBRL-financials_as-presented_10-Q_2020-11-17_0000858877-20-000015.xlsx,Cash Flow,"Three Months Ended October 24, 2020",Deferred revenue,us-gaap:IncreaseDecreaseInContractWithCustomerLiability,reported,
cash_flow,html:other-liabilities,Other liabilities,4Q20,7.0,CSCO_SEC-XBRL-financials_as-presented_10-Q_2020-11-17_0000858877-20-000015.xlsx,Cash Flow,"Three Months Ended October 24, 2020",Other liabilities,us-gaap:IncreaseDecreaseInOtherOperatingLiabilities,reported,
cash_flow,html:net-cash-provided-by-operating-activities,Net cash provided by operating activities,4Q20,4096.0,CSCO_SEC-XBRL-financials_as-presented_10-Q_2020-11-17_0000858877-20-000015.xlsx,Cash Flow,"Three Months Ended October 24, 2020",Net cash provided by operating activities,us-gaap:NetCashProvidedByUsedInOperatingActivities,reported,
cash_flow,html:purchases-of-investments,Purchases of investments,4Q20,-3756.0,CSCO_SEC-XBRL-financials_as-presented_10-Q_2020-11-17_0000858877-20-000015.xlsx,Cash Flow,"Three Months Ended October 24, 2020",Purchases of investments,us-gaap:PaymentsToAcquireInvestments,reported,
cash_flow,html:proceeds-from-sales-of-investments,Proceeds from sales of investments,4Q20,657.0,CSCO_SEC-XBRL-financials_as-presented_10-Q_2020-11-17_0000858877-20-000015.xlsx,Cash Flow,"Three Months Ended October 24, 2020",Proceeds from sales of investments,us-gaap:ProceedsFromSaleOfAvailableForSaleSecuritiesDebt,reported,
cash_flow,html:proceeds-from-maturities-of-investments,Proceeds from maturities of investments,4Q20,1425.0,CSCO_SEC-XBRL-financials_as-presented_10-Q_2020-11-17_0000858877-20-000015.xlsx,Cash Flow,"Three Months Ended October 24, 2020",Proceeds from maturities of investments,us-gaap:ProceedsFromMaturitiesPrepaymentsAndCallsOfAvailableForSaleSecurities,reported,
cash_flow,html:acquisitions-and-divestitures,Acquisitions and divestitures,4Q20,-830.0,CSCO_SEC-XBRL-financials_as-presented_10-Q_2020-11-17_0000858877-20-000015.xlsx,Cash Flow,"Three Months Ended October 24, 2020",Acquisitions and divestitures,csco:PaymentsToAcquireBusinessesNetOfDivestitures,reported,
cash_flow,html:purchases-of-investments-in-privately-held-companies,Purchases of investments in privately held companies,4Q20,-68.0,CSCO_SEC-XBRL-financials_as-presented_10-Q_2020-11-17_0000858877-20-000015.xlsx,Cash Flow,"Three Months Ended October 24, 2020",Purchases of investments in privately held companies,csco:PaymentsForPurchaseOfInvestmentsInPrivatelyHeldCompanies,reported,
cash_flow,html:return-of-investments-in-privately-held-companies,Return of investments in privately held companies,4Q20,29.0,CSCO_SEC-XBRL-financials_as-presented_10-Q_2020-11-17_0000858877-20-000015.xlsx,Cash Flow,"Three Months Ended October 24, 2020",Return of investments in privately held companies,csco:ProceedsFromInvestmentsInPrivatelyHeldCompanies,reported,
cash_flow,html:acquisition-of-property-and-equipment,Acquisition of property and equipment,4Q20,-171.0,CSCO_SEC-XBRL-financials_as-presented_10-Q_2020-11-17_0000858877-20-000015.xlsx,Cash Flow,"Three Months Ended October 24, 2020",Acquisition of property and equipment,us-gaap:PaymentsToAcquirePropertyPlantAndEquipment,reported,
cash_flow,html:proceeds-from-sales-of-property-and-equipment,Proceeds from sales of property and equipment,4Q20,4.0,CSCO_SEC-XBRL-financials_as-presented_10-Q_2020-11-17_0000858877-20-000015.xlsx,Cash Flow,"Three Months Ended October 24, 2020",Proceeds from sales of property and equipment,us-gaap:ProceedsFromSaleOfPropertyPlantAndEquipment,reported,
cash_flow,html:net-cash-provided-by-used-in-investing-activities,Net cash provided by (used in) investing activities,4Q20,-2710.0,CSCO_SEC-XBRL-financials_as-presented_10-Q_2020-11-17_0000858877-20-000015.xlsx,Cash Flow,"Three Months Ended October 24, 2020",Net cash (used in) provided by investing activities,us-gaap:NetCashProvidedByUsedInInvestingActivities,reported,
cash_flow,html:issuances-of-common-stock,Issuances of common stock,4Q20,1.0,CSCO_SEC-XBRL-financials_as-presented_10-Q_2020-11-17_0000858877-20-000015.xlsx,Cash Flow,"Three Months Ended October 24, 2020",Issuances of common stock,us-gaap:ProceedsFromIssuanceOfCommonStock,reported,
cash_flow,html:repurchases-of-common-stock-repurchase-program,Repurchases of common stock - repurchase program,4Q20,-800.0,CSCO_SEC-XBRL-financials_as-presented_10-Q_2020-11-17_0000858877-20-000015.xlsx,Cash Flow,"Three Months Ended October 24, 2020",Repurchases of common stock—repurchase program,us-gaap:PaymentsForRepurchaseOfCommonStock,reported,
cash_flow,html:shares-repurchased-for-tax-withholdings-on-vesting-of-restricted-stock-units,Shares repurchased for tax withholdings on vesting of restricted stock units,4Q20,-89.0,CSCO_SEC-XBRL-financials_as-presented_10-Q_2020-11-17_0000858877-20-000015.xlsx,Cash Flow,"Three Months Ended October 24, 2020",Shares repurchased for tax withholdings on vesting of restricted stock units,us-gaap:PaymentsRelatedToTaxWithholdingForShareBasedCompensation,reported,
cash_flow,html:dividends-paid,Dividends paid,4Q20,-1520.0,CSCO_SEC-XBRL-financials_as-presented_10-Q_2020-11-17_0000858877-20-000015.xlsx,Cash Flow,"Three Months Ended October 24, 2020",Dividends paid,us-gaap:PaymentsOfDividends,reported,
cash_flow,html:other,Other,4Q20,35.0,CSCO_SEC-XBRL-financials_as-presented_10-Q_2020-11-17_0000858877-20-000015.xlsx,Cash Flow,"Three Months Ended October 24, 2020",Other,us-gaap:ProceedsFromPaymentsForOtherFinancingActivities,reported,
cash_flow,html:net-cash-used-in-financing-activities,Net cash used in financing activities,4Q20,-2373.0,CSCO_SEC-XBRL-financials_as-presented_10-Q_2020-11-17_0000858877-20-000015.xlsx,Cash Flow,"Three Months Ended October 24, 2020",Net cash used in financing activities,us-gaap:NetCashProvidedByUsedInFinancingActivities,reported,
cash_flow,html:net-increase-decrease-in-cash-cash-equivalents-and-restricted-cash,"Net increase (decrease) in cash, cash equivalents, and restricted cash",4Q20,-987.0,CSCO_SEC-XBRL-financials_as-presented_10-Q_2020-11-17_0000858877-20-000015.xlsx,Cash Flow,"Three Months Ended October 24, 2020","Net decrease in cash, cash equivalents, and restricted cash",us-gaap:CashCashEquivalentsRestrictedCashAndRestrictedCashEquivalentsPeriodIncreaseDecreaseIncludingExchangeRateEffect,reported,
cash_flow,html:cash-cash-equivalents-and-restricted-cash-beginning-of-fiscal-year,"Cash, cash equivalents, and restricted cash, beginning of fiscal year",4Q20,11812.0,CSCO_SEC-XBRL-financials_as-presented_10-Q_2020-11-17_0000858877-20-000015.xlsx,Cash Flow,"Three Months Ended October 24, 2020","Cash, cash equivalents, and restricted cash, beginning of period",us-gaap:CashCashEquivalentsRestrictedCashAndRestrictedCashEquivalents,reported,
cash_flow,html:cash-paid-for-interest,Cash paid for interest,4Q20,160.0,CSCO_SEC-XBRL-financials_as-presented_10-Q_2020-11-17_0000858877-20-000015.xlsx,Cash Flow,"Three Months Ended October 24, 2020",Cash paid for interest,us-gaap:InterestPaidNet,reported,
cash_flow,html:cash-paid-for-income-taxes-net,"Cash paid for income taxes, net",4Q20,710.0,CSCO_SEC-XBRL-financials_as-presented_10-Q_2020-11-17_0000858877-20-000015.xlsx,Cash Flow,"Three Months Ended October 24, 2020","Cash paid for income taxes, net",us-gaap:IncomeTaxesPaidNet,reported,
income_statement,html:product,Product,1Q21,32272.0,CSCO_SEC-XBRL-financials_as-presented_10-Q_2021-02-16_0000858877-21-000004.xlsx,Income Statement,"Three Months Ended January 23, 2021",Product; Service; Total cost of sales; Total revenue,us-gaap:CostOfGoodsAndServicesSold + us-gaap:RevenueFromContractWithCustomerExcludingAssessedTax,summed_within_file,SUM(us-gaap:CostOfGoodsAndServicesSold + us-gaap:RevenueFromContractWithCustomerExcludingAssessedTax) in CSCO_SEC-XBRL-financials_as-presented_10-Q_2021-02-16_0000858877-21-000004.xlsx
income_statement,html:gross-margin,GROSS MARGIN,1Q21,7784.0,CSCO_SEC-XBRL-financials_as-presented_10-Q_2021-02-16_0000858877-21-000004.xlsx,Income Statement,"Three Months Ended January 23, 2021",GROSS MARGIN,us-gaap:GrossProfit,reported,
income_statement,html:research-and-development,Research and development,1Q21,1527.0,CSCO_SEC-XBRL-financials_as-presented_10-Q_2021-02-16_0000858877-21-000004.xlsx,Income Statement,"Three Months Ended January 23, 2021",Research and development,us-gaap:ResearchAndDevelopmentExpense,reported,
income_statement,html:sales-and-marketing,Sales and marketing,1Q21,2277.0,CSCO_SEC-XBRL-financials_as-presented_10-Q_2021-02-16_0000858877-21-000004.xlsx,Income Statement,"Three Months Ended January 23, 2021",Sales and marketing,us-gaap:SellingAndMarketingExpense,reported,
income_statement,html:general-and-administrative,General and administrative,1Q21,484.0,CSCO_SEC-XBRL-financials_as-presented_10-Q_2021-02-16_0000858877-21-000004.xlsx,Income Statement,"Three Months Ended January 23, 2021",General and administrative,us-gaap:GeneralAndAdministrativeExpense,reported,
income_statement,html:amortization-of-purchased-intangible-assets,Amortization of purchased intangible assets,1Q21,39.0,CSCO_SEC-XBRL-financials_as-presented_10-Q_2021-02-16_0000858877-21-000004.xlsx,Income Statement,"Three Months Ended January 23, 2021",Amortization of purchased intangible assets,us-gaap:AmortizationOfIntangibleAssets,reported,
income_statement,html:restructuring-and-other-charges,Restructuring and other charges,1Q21,234.0,CSCO_SEC-XBRL-financials_as-presented_10-Q_2021-02-16_0000858877-21-000004.xlsx,Income Statement,"Three Months Ended January 23, 2021",Restructuring and other charges,csco:RestructuringAndOtherCharges,reported,
income_statement,html:operating-expenses,OPERATING EXPENSES:,1Q21,4561.0,CSCO_SEC-XBRL-financials_as-presented_10-Q_2021-02-16_0000858877-21-000004.xlsx,Income Statement,"Three Months Ended January 23, 2021",Total operating expenses,us-gaap:OperatingExpenses,reported,
income_statement,html:operating-income,OPERATING INCOME,1Q21,3223.0,CSCO_SEC-XBRL-financials_as-presented_10-Q_2021-02-16_0000858877-21-000004.xlsx,Income Statement,"Three Months Ended January 23, 2021",OPERATING INCOME,us-gaap:OperatingIncomeLoss,reported,
income_statement,html:interest-and-other-income-loss-net,"Interest and other income (loss), net",1Q21,80.0,CSCO_SEC-XBRL-financials_as-presented_10-Q_2021-02-16_0000858877-21-000004.xlsx,Income Statement,"Three Months Ended January 23, 2021","Interest and other income (loss), net; Interest expense; Interest income",us-gaap:InterestExpense; us-gaap:InvestmentIncomeInterestAndDividend; us-gaap:NonoperatingIncomeExpense,interest_net,"interest_net: signed_sum=80.0 from values=[161.0, -113.0, 32.0]"
income_statement,html:other-income-loss-net,"Other income (loss), net",1Q21,-16.0,CSCO_SEC-XBRL-financials_as-presented_10-Q_2021-02-16_0000858877-21-000004.xlsx,Income Statement,"Three Months Ended January 23, 2021","Other income (loss), net",us-gaap:OtherNonoperatingIncomeExpense,reported,
income_statement,html:income-before-provision-for-income-taxes,INCOME BEFORE PROVISION FOR INCOME TAXES,1Q21,3255.0,CSCO_SEC-XBRL-financials_as-presented_10-Q_2021-02-16_0000858877-21-000004.xlsx,Income Statement,"Three Months Ended January 23, 2021",INCOME BEFORE PROVISION FOR INCOME TAXES,us-gaap:IncomeLossFromContinuingOperationsBeforeIncomeTaxesExtraordinaryItemsNoncontrollingInterest,reported,
income_statement,html:provision-for-income-taxes,Provision for income taxes,1Q21,710.0,CSCO_SEC-XBRL-financials_as-presented_10-Q_2021-02-16_0000858877-21-000004.xlsx,Income Statement,"Three Months Ended January 23, 2021",Provision for income taxes,us-gaap:IncomeTaxExpenseBenefit,reported,
income_statement,html:net-income,NET INCOME,1Q21,2545.0,CSCO_SEC-XBRL-financials_as-presented_10-Q_2021-02-16_0000858877-21-000004.xlsx,Income Statement,"Three Months Ended January 23, 2021",NET INCOME,us-gaap:NetIncomeLoss,reported,
income_statement,html:basic,Basic,1Q21,4.8229999999999995,CSCO_SEC-XBRL-financials_as-presented_10-Q_2021-02-16_0000858877-21-000004.xlsx,Income Statement,"Three Months Ended January 23, 2021",Basic,us-gaap:EarningsPerShareBasic + us-gaap:WeightedAverageNumberOfSharesOutstandingBasic,summed_within_file,SUM(us-gaap:EarningsPerShareBasic + us-gaap:WeightedAverageNumberOfSharesOutstandingBasic) in CSCO_SEC-XBRL-financials_as-presented_10-Q_2021-02-16_0000858877-21-000004.xlsx
income_statement,html:diluted,Diluted,1Q21,4.834,CSCO_SEC-XBRL-financials_as-presented_10-Q_2021-02-16_0000858877-21-000004.xlsx,Income Statement,"Three Months Ended January 23, 2021",Diluted,us-gaap:EarningsPerShareDiluted + us-gaap:WeightedAverageNumberOfDilutedSharesOutstanding,summed_within_file,SUM(us-gaap:EarningsPerShareDiluted + us-gaap:WeightedAverageNumberOfDilutedSharesOutstanding) in CSCO_SEC-XBRL-financials_as-presented_10-Q_2021-02-16_0000858877-21-000004.xlsx
balance_sheet,us-gaap:CashAndCashEquivalentsAtCarryingValue,Cash and cash equivalents,1Q21,11793.0,CSCO_SEC-XBRL-financials_as-presented_10-Q_2021-02-16_0000858877-21-000004.xlsx,Balance Sheet,"January 23, 2021",Cash and cash equivalents,us-gaap:CashAndCashEquivalentsAtCarryingValue,reported,
balance_sheet,us-gaap:ShortTermInvestments,Investments,1Q21,18795.0,CSCO_SEC-XBRL-financials_as-presented_10-Q_2021-02-16_0000858877-21-000004.xlsx,Balance Sheet,"January 23, 2021",Investments,us-gaap:ShortTermInvestments,reported,
balance_sheet,us-gaap:AllowanceForDoubtfulAccountsReceivableCurrent,"Accounts receivable, net of allowance of $109 at July 31, 2021 and $143 at July 25, 2020",1Q21,4307.0,CSCO_SEC-XBRL-financials_as-presented_10-Q_2021-02-16_0000858877-21-000004.xlsx,Balance Sheet,"January 23, 2021","Accounts receivable, net of allowance for doubtful accounts of $102 at January 23, 2021 and $143 at July 25, 2020",us-gaap:AllowanceForDoubtfulAccountsReceivableCurrent,reported,
balance_sheet,us-gaap:InventoryNet,Inventories,1Q21,1436.0,CSCO_SEC-XBRL-financials_as-presented_10-Q_2021-02-16_0000858877-21-000004.xlsx,Balance Sheet,"January 23, 2021",Inventories,us-gaap:InventoryNet,reported,
balance_sheet,us-gaap:NotesAndLoansReceivableNetCurrent,"Financing receivables, net",1Q21,5027.0,CSCO_SEC-XBRL-financials_as-presented_10-Q_2021-02-16_0000858877-21-000004.xlsx,Balance Sheet,"January 23, 2021","Financing receivables, net",us-gaap:NotesAndLoansReceivableNetCurrent,reported,
balance_sheet,us-gaap:OtherAssetsCurrent,Other current assets,1Q21,2553.0,CSCO_SEC-XBRL-financials_as-presented_10-Q_2021-02-16_0000858877-21-000004.xlsx,Balance Sheet,"January 23, 2021",Other current assets,us-gaap:OtherAssetsCurrent,reported,
balance_sheet,us-gaap:AssetsCurrent,Total current assets,1Q21,43911.0,CSCO_SEC-XBRL-financials_as-presented_10-Q_2021-02-16_0000858877-21-000004.xlsx,Balance Sheet,"January 23, 2021",Total current assets,us-gaap:AssetsCurrent,reported,
balance_sheet,us-gaap:PropertyPlantAndEquipmentNet,"Property and equipment, net",1Q21,2386.0,CSCO_SEC-XBRL-financials_as-presented_10-Q_2021-02-16_0000858877-21-000004.xlsx,Balance Sheet,"January 23, 2021","Property and equipment, net",us-gaap:PropertyPlantAndEquipmentNet,reported,
balance_sheet,us-gaap:NotesAndLoansReceivableNetNoncurrent,"Financing receivables, net",1Q21,5100.0,CSCO_SEC-XBRL-financials_as-presented_10-Q_2021-02-16_0000858877-21-000004.xlsx,Balance Sheet,"January 23, 2021","Financing receivables, net",us-gaap:NotesAndLoansReceivableNetNoncurrent,reported,
balance_sheet,us-gaap:Goodwill,Goodwill,1Q21,34733.0,CSCO_SEC-XBRL-financials_as-presented_10-Q_2021-02-16_0000858877-21-000004.xlsx,Balance Sheet,"January 23, 2021",Goodwill,us-gaap:Goodwill,reported,
balance_sheet,us-gaap:IntangibleAssetsNetExcludingGoodwill,"Purchased intangible assets, net",1Q21,1462.0,CSCO_SEC-XBRL-financials_as-presented_10-Q_2021-02-16_0000858877-21-000004.xlsx,Balance Sheet,"January 23, 2021","Purchased intangible assets, net",us-gaap:IntangibleAssetsNetExcludingGoodwill,reported,
balance_sheet,us-gaap:DeferredIncomeTaxAssetsNet,Deferred tax assets,1Q21,4109.0,CSCO_SEC-XBRL-financials_as-presented_10-Q_2021-02-16_0000858877-21-000004.xlsx,Balance Sheet,"January 23, 2021",Deferred tax assets,us-gaap:DeferredIncomeTaxAssetsNet,reported,
balance_sheet,us-gaap:OtherAssetsNoncurrent,Other assets,1Q21,3900.0,CSCO_SEC-XBRL-financials_as-presented_10-Q_2021-02-16_0000858877-21-000004.xlsx,Balance Sheet,"January 23, 2021",Other assets,us-gaap:OtherAssetsNoncurrent,reported,
balance_sheet,us-gaap:Assets,TOTAL ASSETS,1Q21,95601.0,CSCO_SEC-XBRL-financials_as-presented_10-Q_2021-02-16_0000858877-21-000004.xlsx,Balance Sheet,"January 23, 2021",TOTAL ASSETS,us-gaap:Assets,reported,
balance_sheet,us-gaap:LongTermDebtCurrent,Short-term debt,1Q21,5000.0,CSCO_SEC-XBRL-financials_as-presented_10-Q_2021-02-16_0000858877-21-000004.xlsx,Balance Sheet,"January 23, 2021",Short-term debt,us-gaap:LongTermDebtCurrent,reported,
balance_sheet,us-gaap:AccountsPayableCurrent,Accounts payable,1Q21,1867.0,CSCO_SEC-XBRL-financials_as-presented_10-Q_2021-02-16_0000858877-21-000004.xlsx,Balance Sheet,"January 23, 2021",Accounts payable,us-gaap:AccountsPayableCurrent,reported,
balance_sheet,us-gaap:AccruedIncomeTaxesCurrent,Income taxes payable,1Q21,763.0,CSCO_SEC-XBRL-financials_as-presented_10-Q_2021-02-16_0000858877-21-000004.xlsx,Balance Sheet,"January 23, 2021",Income taxes payable,us-gaap:AccruedIncomeTaxesCurrent,reported,
balance_sheet,us-gaap:EmployeeRelatedLiabilitiesCurrent,Accrued compensation,1Q21,3295.0,CSCO_SEC-XBRL-financials_as-presented_10-Q_2021-02-16_0000858877-21-000004.xlsx,Balance Sheet,"January 23, 2021",Accrued compensation,us-gaap:EmployeeRelatedLiabilitiesCurrent,reported,
balance_sheet,us-gaap:ContractWithCustomerLiabilityCurrent,Deferred revenue,1Q21,11552.0,CSCO_SEC-XBRL-financials_as-presented_10-Q_2021-02-16_0000858877-21-000004.xlsx,Balance Sheet,"January 23, 2021",Deferred revenue,us-gaap:ContractWithCustomerLiabilityCurrent,reported,
balance_sheet,us-gaap:OtherLiabilitiesCurrent,Other current liabilities,1Q21,4791.0,CSCO_SEC-XBRL-financials_as-presented_10-Q_2021-02-16_0000858877-21-000004.xlsx,Balance Sheet,"January 23, 2021",Other current liabilities,us-gaap:OtherLiabilitiesCurrent,reported,
balance_sheet,us-gaap:LiabilitiesCurrent,Total current liabilities,1Q21,27268.0,CSCO_SEC-XBRL-financials_as-presented_10-Q_2021-02-16_0000858877-21-000004.xlsx,Balance Sheet,"January 23, 2021",Total current liabilities,us-gaap:LiabilitiesCurrent,reported,
balance_sheet,us-gaap:LongTermDebtNoncurrent,Long-term debt,1Q21,9554.0,CSCO_SEC-XBRL-financials_as-presented_10-Q_2021-02-16_0000858877-21-000004.xlsx,Balance Sheet,"January 23, 2021",Long-term debt,us-gaap:LongTermDebtNoncurrent,reported,
balance_sheet,us-gaap:AccruedIncomeTaxesNoncurrent,Income taxes payable,1Q21,8084.0,CSCO_SEC-XBRL-financials_as-presented_10-Q_2021-02-16_0000858877-21-000004.xlsx,Balance Sheet,"January 23, 2021",Income taxes payable,us-gaap:AccruedIncomeTaxesNoncurrent,reported,
balance_sheet,us-gaap:ContractWithCustomerLiabilityNoncurrent,Deferred revenue,1Q21,9294.0,CSCO_SEC-XBRL-financials_as-presented_10-Q_2021-02-16_0000858877-21-000004.xlsx,Balance Sheet,"January 23, 2021",Deferred revenue,us-gaap:ContractWithCustomerLiabilityNoncurrent,reported,
balance_sheet,us-gaap:OtherLiabilitiesNoncurrent,Other long-term liabilities,1Q21,2280.0,CSCO_SEC-XBRL-financials_as-presented_10-Q_2021-02-16_0000858877-21-000004.xlsx,Balance Sheet,"January 23, 2021",Other long-term liabilities,us-gaap:OtherLiabilitiesNoncurrent,reported,
balance_sheet,us-gaap:Liabilities,Total liabilities,1Q21,56480.0,CSCO_SEC-XBRL-financials_as-presented_10-Q_2021-02-16_0000858877-21-000004.xlsx,Balance Sheet,"January 23, 2021",Total liabilities,us-gaap:Liabilities,reported,
balance_sheet,us-gaap:CommonStockParOrStatedValuePerShare,"Common stock and additional paid-in capital, $0.001 par value: 20,000 shares authorized; 4,217 and 4,237 shares issued and outstanding at July 31, 2021 and July 25, 2020, respectively",1Q21,41690.0,CSCO_SEC-XBRL-financials_as-presented_10-Q_2021-02-16_0000858877-21-000004.xlsx,Balance Sheet,"January 23, 2021","Common stock and additional paid-in capital, $0.001 par value: 20,000 shares authorized; 4,221 and 4,237 shares issued and outstanding at January 23, 2021 and July 25, 2020, respectively",us-gaap:CommonStockParOrStatedValuePerShare,reported,
balance_sheet,us-gaap:RetainedEarningsAccumulatedDeficit,Accumulated deficit,1Q21,-2351.0,CSCO_SEC-XBRL-financials_as-presented_10-Q_2021-02-16_0000858877-21-000004.xlsx,Balance Sheet,"January 23, 2021",Accumulated deficit,us-gaap:RetainedEarningsAccumulatedDeficit,reported,
balance_sheet,us-gaap:AccumulatedOtherComprehensiveIncomeLossNetOfTax,Accumulated other comprehensive loss,1Q21,-218.0,CSCO_SEC-XBRL-financials_as-presented_10-Q_2021-02-16_0000858877-21-000004.xlsx,Balance Sheet,"January 23, 2021",Accumulated other comprehensive loss,us-gaap:AccumulatedOtherComprehensiveIncomeLossNetOfTax,reported,
balance_sheet,us-gaap:StockholdersEquity,Total equity,1Q21,39121.0,CSCO_SEC-XBRL-financials_as-presented_10-Q_2021-02-16_0000858877-21-000004.xlsx,Balance Sheet,"January 23, 2021",Total equity,us-gaap:StockholdersEquity,reported,
balance_sheet,us-gaap:LiabilitiesAndStockholdersEquity,TOTAL LIABILITIES AND EQUITY,1Q21,95601.0,CSCO_SEC-XBRL-financials_as-presented_10-Q_2021-02-16_0000858877-21-000004.xlsx,Balance Sheet,"January 23, 2021",TOTAL LIABILITIES AND EQUITY,us-gaap:LiabilitiesAndStockholdersEquity,reported,
income_statement,html:product,Product,2Q21,34842.0,CSCO_SEC-XBRL-financials_as-presented_10-Q_2021-05-25_0000858877-21-000008.xlsx,Income Statement,"Three Months Ended May 1, 2021",Product; Service; Total cost of sales; Total revenue,us-gaap:CostOfGoodsAndServicesSold + us-gaap:RevenueFromContractWithCustomerExcludingAssessedTax,summed_within_file,SUM(us-gaap:CostOfGoodsAndServicesSold + us-gaap:RevenueFromContractWithCustomerExcludingAssessedTax) in CSCO_SEC-XBRL-financials_as-presented_10-Q_2021-05-25_0000858877-21-000008.xlsx
income_statement,html:gross-margin,GROSS MARGIN,2Q21,8185.0,CSCO_SEC-XBRL-financials_as-presented_10-Q_2021-05-25_0000858877-21-000008.xlsx,Income Statement,"Three Months Ended May 1, 2021",GROSS MARGIN,us-gaap:GrossProfit,reported,
income_statement,html:research-and-development,Research and development,2Q21,1697.0,CSCO_SEC-XBRL-financials_as-presented_10-Q_2021-05-25_0000858877-21-000008.xlsx,Income Statement,"Three Months Ended May 1, 2021",Research and development,us-gaap:ResearchAndDevelopmentExpense,reported,
income_statement,html:sales-and-marketing,Sales and marketing,2Q21,2317.0,CSCO_SEC-XBRL-financials_as-presented_10-Q_2021-05-25_0000858877-21-000008.xlsx,Income Statement,"Three Months Ended May 1, 2021",Sales and marketing,us-gaap:SellingAndMarketingExpense,reported,
income_statement,html:general-and-administrative,General and administrative,2Q21,603.0,CSCO_SEC-XBRL-financials_as-presented_10-Q_2021-05-25_0000858877-21-000008.xlsx,Income Statement,"Three Months Ended May 1, 2021",General and administrative,us-gaap:GeneralAndAdministrativeExpense,reported,
income_statement,html:amortization-of-purchased-intangible-assets,Amortization of purchased intangible assets,2Q21,61.0,CSCO_SEC-XBRL-financials_as-presented_10-Q_2021-05-25_0000858877-21-000008.xlsx,Income Statement,"Three Months Ended May 1, 2021",Amortization of purchased intangible assets,us-gaap:AmortizationOfIntangibleAssets,reported,
income_statement,html:restructuring-and-other-charges,Restructuring and other charges,2Q21,42.0,CSCO_SEC-XBRL-financials_as-presented_10-Q_2021-05-25_0000858877-21-000008.xlsx,Income Statement,"Three Months Ended May 1, 2021",Restructuring and other charges,csco:RestructuringAndOtherCharges,reported,
income_statement,html:operating-expenses,OPERATING EXPENSES:,2Q21,4720.0,CSCO_SEC-XBRL-financials_as-presented_10-Q_2021-05-25_0000858877-21-000008.xlsx,Income Statement,"Three Months Ended May 1, 2021",Total operating expenses,us-gaap:OperatingExpenses,reported,
income_statement,html:operating-income,OPERATING INCOME,2Q21,3465.0,CSCO_SEC-XBRL-financials_as-presented_10-Q_2021-05-25_0000858877-21-000008.xlsx,Income Statement,"Three Months Ended May 1, 2021",OPERATING INCOME,us-gaap:OperatingIncomeLoss,reported,
income_statement,html:interest-and-other-income-loss-net,"Interest and other income (loss), net",2Q21,168.0,CSCO_SEC-XBRL-financials_as-presented_10-Q_2021-05-25_0000858877-21-000008.xlsx,Income Statement,"Three Months Ended May 1, 2021","Interest and other income (loss), net; Interest expense; Interest income",us-gaap:InterestExpense; us-gaap:InvestmentIncomeInterestAndDividend; us-gaap:NonoperatingIncomeExpense,interest_net,"interest_net: signed_sum=168.0 from values=[153.0, -111.0, 126.0]"
income_statement,html:other-income-loss-net,"Other income (loss), net",2Q21,84.0,CSCO_SEC-XBRL-financials_as-presented_10-Q_2021-05-25_0000858877-21-000008.xlsx,Income Statement,"Three Months Ended May 1, 2021","Other income (loss), net",us-gaap:OtherNonoperatingIncomeExpense,reported,
income_statement,html:income-before-provision-for-income-taxes,INCOME BEFORE PROVISION FOR INCOME TAXES,2Q21,3591.0,CSCO_SEC-XBRL-financials_as-presented_10-Q_2021-05-25_0000858877-21-000008.xlsx,Income Statement,"Three Months Ended May 1, 2021",INCOME BEFORE PROVISION FOR INCOME TAXES,us-gaap:IncomeLossFromContinuingOperationsBeforeIncomeTaxesExtraordinaryItemsNoncontrollingInterest,reported,
income_statement,html:provision-for-income-taxes,Provision for income taxes,2Q21,728.0,CSCO_SEC-XBRL-financials_as-presented_10-Q_2021-05-25_0000858877-21-000008.xlsx,Income Statement,"Three Months Ended May 1, 2021",Provision for income taxes,us-gaap:IncomeTaxExpenseBenefit,reported,
income_statement,html:net-income,NET INCOME,2Q21,2863.0,CSCO_SEC-XBRL-financials_as-presented_10-Q_2021-05-25_0000858877-21-000008.xlsx,Income Statement,"Three Months Ended May 1, 2021",NET INCOME,us-gaap:NetIncomeLoss,reported,
income_statement,html:basic,Basic,2Q21,4.899,CSCO_SEC-XBRL-financials_as-presented_10-Q_2021-05-25_0000858877-21-000008.xlsx,Income Statement,"Three Months Ended May 1, 2021",Basic,us-gaap:EarningsPerShareBasic + us-gaap:WeightedAverageNumberOfSharesOutstandingBasic,summed_within_file,SUM(us-gaap:EarningsPerShareBasic + us-gaap:WeightedAverageNumberOfSharesOutstandingBasic) in CSCO_SEC-XBRL-financials_as-presented_10-Q_2021-05-25_0000858877-21-000008.xlsx
income_statement,html:diluted,Diluted,2Q21,4.918,CSCO_SEC-XBRL-financials_as-presented_10-Q_2021-05-25_0000858877-21-000008.xlsx,Income Statement,"Three Months Ended May 1, 2021",Diluted,us-gaap:EarningsPerShareDiluted + us-gaap:WeightedAverageNumberOfDilutedSharesOutstanding,summed_within_file,SUM(us-gaap:EarningsPerShareDiluted + us-gaap:WeightedAverageNumberOfDilutedSharesOutstanding) in CSCO_SEC-XBRL-financials_as-presented_10-Q_2021-05-25_0000858877-21-000008.xlsx
balance_sheet,us-gaap:CashAndCashEquivalentsAtCarryingValue,Cash and cash equivalents,2Q21,7350.0,CSCO_SEC-XBRL-financials_as-presented_10-Q_2021-05-25_0000858877-21-000008.xlsx,Balance Sheet,"May 1, 2021",Cash and cash equivalents,us-gaap:CashAndCashEquivalentsAtCarryingValue,reported,
balance_sheet,us-gaap:ShortTermInvestments,Investments,2Q21,16229.0,CSCO_SEC-XBRL-financials_as-presented_10-Q_2021-05-25_0000858877-21-000008.xlsx,Balance Sheet,"May 1, 2021",Investments,us-gaap:ShortTermInvestments,reported,
balance_sheet,us-gaap:AllowanceForDoubtfulAccountsReceivableCurrent,"Accounts receivable, net of allowance of $109 at July 31, 2021 and $143 at July 25, 2020",2Q21,4425.0,CSCO_SEC-XBRL-financials_as-presented_10-Q_2021-05-25_0000858877-21-000008.xlsx,Balance Sheet,"May 1, 2021","Accounts receivable, net of allowance for doubtful accounts of $110 at May 1, 2021 and $143 at July 25, 2020",us-gaap:AllowanceForDoubtfulAccountsReceivableCurrent,reported,
balance_sheet,us-gaap:InventoryNet,Inventories,2Q21,1579.0,CSCO_SEC-XBRL-financials_as-presented_10-Q_2021-05-25_0000858877-21-000008.xlsx,Balance Sheet,"May 1, 2021",Inventories,us-gaap:InventoryNet,reported,
balance_sheet,us-gaap:NotesAndLoansReceivableNetCurrent,"Financing receivables, net",2Q21,4648.0,CSCO_SEC-XBRL-financials_as-presented_10-Q_2021-05-25_0000858877-21-000008.xlsx,Balance Sheet,"May 1, 2021","Financing receivables, net",us-gaap:NotesAndLoansReceivableNetCurrent,reported,
balance_sheet,us-gaap:OtherAssetsCurrent,Other current assets,2Q21,2829.0,CSCO_SEC-XBRL-financials_as-presented_10-Q_2021-05-25_0000858877-21-000008.xlsx,Balance Sheet,"May 1, 2021",Other current assets,us-gaap:OtherAssetsCurrent,reported,
balance_sheet,us-gaap:AssetsCurrent,Total current assets,2Q21,37060.0,CSCO_SEC-XBRL-financials_as-presented_10-Q_2021-05-25_0000858877-21-000008.xlsx,Balance Sheet,"May 1, 2021",Total current assets,us-gaap:AssetsCurrent,reported,
balance_sheet,us-gaap:PropertyPlantAndEquipmentNet,"Property and equipment, net",2Q21,2367.0,CSCO_SEC-XBRL-financials_as-presented_10-Q_2021-05-25_0000858877-21-000008.xlsx,Balance Sheet,"May 1, 2021","Property and equipment, net",us-gaap:PropertyPlantAndEquipmentNet,reported,
balance_sheet,us-gaap:NotesAndLoansReceivableNetNoncurrent,"Financing receivables, net",2Q21,5068.0,CSCO_SEC-XBRL-financials_as-presented_10-Q_2021-05-25_0000858877-21-000008.xlsx,Balance Sheet,"May 1, 2021","Financing receivables, net",us-gaap:NotesAndLoansReceivableNetNoncurrent,reported,
balance_sheet,us-gaap:Goodwill,Goodwill,2Q21,37690.0,CSCO_SEC-XBRL-financials_as-presented_10-Q_2021-05-25_0000858877-21-000008.xlsx,Balance Sheet,"May 1, 2021",Goodwill,us-gaap:Goodwill,reported,
balance_sheet,us-gaap:IntangibleAssetsNetExcludingGoodwill,"Purchased intangible assets, net",2Q21,3716.0,CSCO_SEC-XBRL-financials_as-presented_10-Q_2021-05-25_0000858877-21-000008.xlsx,Balance Sheet,"May 1, 2021","Purchased intangible assets, net",us-gaap:IntangibleAssetsNetExcludingGoodwill,reported,
balance_sheet,us-gaap:DeferredIncomeTaxAssetsNet,Deferred tax assets,2Q21,4070.0,CSCO_SEC-XBRL-financials_as-presented_10-Q_2021-05-25_0000858877-21-000008.xlsx,Balance Sheet,"May 1, 2021",Deferred tax assets,us-gaap:DeferredIncomeTaxAssetsNet,reported,
balance_sheet,us-gaap:OtherAssetsNoncurrent,Other assets,2Q21,3925.0,CSCO_SEC-XBRL-financials_as-presented_10-Q_2021-05-25_0000858877-21-000008.xlsx,Balance Sheet,"May 1, 2021",Other assets,us-gaap:OtherAssetsNoncurrent,reported,
balance_sheet,us-gaap:Assets,TOTAL ASSETS,2Q21,93896.0,CSCO_SEC-XBRL-financials_as-presented_10-Q_2021-05-25_0000858877-21-000008.xlsx,Balance Sheet,"May 1, 2021",TOTAL ASSETS,us-gaap:Assets,reported,
balance_sheet,us-gaap:LongTermDebtCurrent,Short-term debt,2Q21,2000.0,CSCO_SEC-XBRL-financials_as-presented_10-Q_2021-05-25_0000858877-21-000008.xlsx,Balance Sheet,"May 1, 2021",Short-term debt,us-gaap:LongTermDebtCurrent,reported,
balance_sheet,us-gaap:AccountsPayableCurrent,Accounts payable,2Q21,2440.0,CSCO_SEC-XBRL-financials_as-presented_10-Q_2021-05-25_0000858877-21-000008.xlsx,Balance Sheet,"May 1, 2021",Accounts payable,us-gaap:AccountsPayableCurrent,reported,
balance_sheet,us-gaap:AccruedIncomeTaxesCurrent,Income taxes payable,2Q21,753.0,CSCO_SEC-XBRL-financials_as-presented_10-Q_2021-05-25_0000858877-21-000008.xlsx,Balance Sheet,"May 1, 2021",Income taxes payable,us-gaap:AccruedIncomeTaxesCurrent,reported,
balance_sheet,us-gaap:EmployeeRelatedLiabilitiesCurrent,Accrued compensation,2Q21,3327.0,CSCO_SEC-XBRL-financials_as-presented_10-Q_2021-05-25_0000858877-21-000008.xlsx,Balance Sheet,"May 1, 2021",Accrued compensation,us-gaap:EmployeeRelatedLiabilitiesCurrent,reported,
balance_sheet,us-gaap:ContractWithCustomerLiabilityCurrent,Deferred revenue,2Q21,11492.0,CSCO_SEC-XBRL-financials_as-presented_10-Q_2021-05-25_0000858877-21-000008.xlsx,Balance Sheet,"May 1, 2021",Deferred revenue,us-gaap:ContractWithCustomerLiabilityCurrent,reported,
balance_sheet,us-gaap:OtherLiabilitiesCurrent,Other current liabilities,2Q21,4250.0,CSCO_SEC-XBRL-financials_as-presented_10-Q_2021-05-25_0000858877-21-000008.xlsx,Balance Sheet,"May 1, 2021",Other current liabilities,us-gaap:OtherLiabilitiesCurrent,reported,
balance_sheet,us-gaap:LiabilitiesCurrent,Total current liabilities,2Q21,24262.0,CSCO_SEC-XBRL-financials_as-presented_10-Q_2021-05-25_0000858877-21-000008.xlsx,Balance Sheet,"May 1, 2021",Total current liabilities,us-gaap:LiabilitiesCurrent,reported,
balance_sheet,us-gaap:LongTermDebtNoncurrent,Long-term debt,2Q21,9532.0,CSCO_SEC-XBRL-financials_as-presented_10-Q_2021-05-25_0000858877-21-000008.xlsx,Balance Sheet,"May 1, 2021",Long-term debt,us-gaap:LongTermDebtNoncurrent,reported,
balance_sheet,us-gaap:AccruedIncomeTaxesNoncurrent,Income taxes payable,2Q21,8247.0,CSCO_SEC-XBRL-financials_as-presented_10-Q_2021-05-25_0000858877-21-000008.xlsx,Balance Sheet,"May 1, 2021",Income taxes payable,us-gaap:AccruedIncomeTaxesNoncurrent,reported,
balance_sheet,us-gaap:ContractWithCustomerLiabilityNoncurrent,Deferred revenue,2Q21,9397.0,CSCO_SEC-XBRL-financials_as-presented_10-Q_2021-05-25_0000858877-21-000008.xlsx,Balance Sheet,"May 1, 2021",Deferred revenue,us-gaap:ContractWithCustomerLiabilityNoncurrent,reported,
balance_sheet,us-gaap:OtherLiabilitiesNoncurrent,Other long-term liabilities,2Q21,2253.0,CSCO_SEC-XBRL-financials_as-presented_10-Q_2021-05-25_0000858877-21-000008.xlsx,Balance Sheet,"May 1, 2021",Other long-term liabilities,us-gaap:OtherLiabilitiesNoncurrent,reported,
balance_sheet,us-gaap:Liabilities,Total liabilities,2Q21,53691.0,CSCO_SEC-XBRL-financials_as-presented_10-Q_2021-05-25_0000858877-21-000008.xlsx,Balance Sheet,"May 1, 2021",Total liabilities,us-gaap:Liabilities,reported,
balance_sheet,us-gaap:CommonStockParOrStatedValuePerShare,"Common stock and additional paid-in capital, $0.001 par value: 20,000 shares authorized; 4,217 and 4,237 shares issued and outstanding at July 31, 2021 and July 25, 2020, respectively",2Q21,41949.0,CSCO_SEC-XBRL-financials_as-presented_10-Q_2021-05-25_0000858877-21-000008.xlsx,Balance Sheet,"May 1, 2021","Common stock, $0.001 par value, and additional paid-in capital: 20,000 shares authorized; 4,215 and 4,237 shares issued and outstanding at May 1, 2021 and July 25, 2020, respectively",us-gaap:CommonStockParOrStatedValuePerShare,reported,
balance_sheet,us-gaap:RetainedEarningsAccumulatedDeficit,Accumulated deficit,2Q21,-1456.0,CSCO_SEC-XBRL-financials_as-presented_10-Q_2021-05-25_0000858877-21-000008.xlsx,Balance Sheet,"May 1, 2021",Accumulated deficit,us-gaap:RetainedEarningsAccumulatedDeficit,reported,
balance_sheet,us-gaap:AccumulatedOtherComprehensiveIncomeLossNetOfTax,Accumulated other comprehensive loss,2Q21,-288.0,CSCO_SEC-XBRL-financials_as-presented_10-Q_2021-05-25_0000858877-21-000008.xlsx,Balance Sheet,"May 1, 2021",Accumulated other comprehensive loss,us-gaap:AccumulatedOtherComprehensiveIncomeLossNetOfTax,reported,
balance_sheet,us-gaap:StockholdersEquity,Total equity,2Q21,40205.0,CSCO_SEC-XBRL-financials_as-presented_10-Q_2021-05-25_0000858877-21-000008.xlsx,Balance Sheet,"May 1, 2021",Total equity,us-gaap:StockholdersEquity,reported,
balance_sheet,us-gaap:LiabilitiesAndStockholdersEquity,TOTAL LIABILITIES AND EQUITY,2Q21,93896.0,CSCO_SEC-XBRL-financials_as-presented_10-Q_2021-05-25_0000858877-21-000008.xlsx,Balance Sheet,"May 1, 2021",TOTAL LIABILITIES AND EQUITY,us-gaap:LiabilitiesAndStockholdersEquity,reported,
income_statement,html:product,Product,4Q21,35494.0,CSCO_SEC-XBRL-financials_as-presented_10-Q_2021-11-23_0000858877-21-000018.xlsx,Income Statement,"Three Months Ended October 30, 2021",Product; Service; Total cost of sales; Total revenue,us-gaap:CostOfGoodsAndServicesSold + us-gaap:RevenueFromContractWithCustomerExcludingAssessedTax,summed_within_file,SUM(us-gaap:CostOfGoodsAndServicesSold + us-gaap:RevenueFromContractWithCustomerExcludingAssessedTax) in CSCO_SEC-XBRL-financials_as-presented_10-Q_2021-11-23_0000858877-21-000018.xlsx
income_statement,html:gross-margin,GROSS MARGIN,4Q21,8053.0,CSCO_SEC-XBRL-financials_as-presented_10-Q_2021-11-23_0000858877-21-000018.xlsx,Income Statement,"Three Months Ended October 30, 2021",GROSS MARGIN,us-gaap:GrossProfit,reported,
income_statement,html:research-and-development,Research and development,4Q21,1714.0,CSCO_SEC-XBRL-financials_as-presented_10-Q_2021-11-23_0000858877-21-000018.xlsx,Income Statement,"Three Months Ended October 30, 2021",Research and development,us-gaap:ResearchAndDevelopmentExpense,reported,
income_statement,html:sales-and-marketing,Sales and marketing,4Q21,2261.0,CSCO_SEC-XBRL-financials_as-presented_10-Q_2021-11-23_0000858877-21-000018.xlsx,Income Statement,"Three Months Ended October 30, 2021",Sales and marketing,us-gaap:SellingAndMarketingExpense,reported,
income_statement,html:general-and-administrative,General and administrative,4Q21,551.0,CSCO_SEC-XBRL-financials_as-presented_10-Q_2021-11-23_0000858877-21-000018.xlsx,Income Statement,"Three Months Ended October 30, 2021",General and administrative,us-gaap:GeneralAndAdministrativeExpense,reported,
income_statement,html:amortization-of-purchased-intangible-assets,Amortization of purchased intangible assets,4Q21,84.0,CSCO_SEC-XBRL-financials_as-presented_10-Q_2021-11-23_0000858877-21-000018.xlsx,Income Statement,"Three Months Ended October 30, 2021",Amortization of purchased intangible assets,us-gaap:AmortizationOfIntangibleAssets,reported,
income_statement,html:restructuring-and-other-charges,Restructuring and other charges,4Q21,5.0,CSCO_SEC-XBRL-financials_as-presented_10-Q_2021-11-23_0000858877-21-000018.xlsx,Income Statement,"Three Months Ended October 30, 2021",Restructuring and other charges,csco:RestructuringAndOtherCharges,reported,
income_statement,html:operating-expenses,OPERATING EXPENSES:,4Q21,4615.0,CSCO_SEC-XBRL-financials_as-presented_10-Q_2021-11-23_0000858877-21-000018.xlsx,Income Statement,"Three Months Ended October 30, 2021",Total operating expenses,us-gaap:OperatingExpenses,reported,
income_statement,html:operating-income,OPERATING INCOME,4Q21,3438.0,CSCO_SEC-XBRL-financials_as-presented_10-Q_2021-11-23_0000858877-21-000018.xlsx,Income Statement,"Three Months Ended October 30, 2021",OPERATING INCOME,us-gaap:OperatingIncomeLoss,reported,
income_statement,html:interest-and-other-income-loss-net,"Interest and other income (loss), net",4Q21,251.0,CSCO_SEC-XBRL-financials_as-presented_10-Q_2021-11-23_0000858877-21-000018.xlsx,Income Statement,"Three Months Ended October 30, 2021","Interest and other income (loss), net; Interest expense; Interest income",us-gaap:InterestExpense; us-gaap:InvestmentIncomeInterestAndDividend; us-gaap:NonoperatingIncomeExpense,interest_net,"interest_net: signed_sum=251.0 from values=[121.0, -89.0, 219.0]"
income_statement,html:other-income-loss-net,"Other income (loss), net",4Q21,187.0,CSCO_SEC-XBRL-financials_as-presented_10-Q_2021-11-23_0000858877-21-000018.xlsx,Income Statement,"Three Months Ended October 30, 2021","Other income (loss), net",us-gaap:OtherNonoperatingIncomeExpense,reported,
income_statement,html:income-before-provision-for-income-taxes,INCOME BEFORE PROVISION FOR INCOME TAXES,4Q21,3657.0,CSCO_SEC-XBRL-financials_as-presented_10-Q_2021-11-23_0000858877-21-000018.xlsx,Income Statement,"Three Months Ended October 30, 2021",INCOME BEFORE PROVISION FOR INCOME TAXES,us-gaap:IncomeLossFromContinuingOperationsBeforeIncomeTaxesExtraordinaryItemsNoncontrollingInterest,reported,
income_statement,html:provision-for-income-taxes,Provision for income taxes,4Q21,677.0,CSCO_SEC-XBRL-financials_as-presented_10-Q_2021-11-23_0000858877-21-000018.xlsx,Income Statement,"Three Months Ended October 30, 2021",Provision for income taxes,us-gaap:IncomeTaxExpenseBenefit,reported,
income_statement,html:net-income,NET INCOME,4Q21,2980.0,CSCO_SEC-XBRL-financials_as-presented_10-Q_2021-11-23_0000858877-21-000018.xlsx,Income Statement,"Three Months Ended October 30, 2021",NET INCOME,us-gaap:NetIncomeLoss,reported,
income_statement,html:basic,Basic,4Q21,4.928,CSCO_SEC-XBRL-financials_as-presented_10-Q_2021-11-23_0000858877-21-000018.xlsx,Income Statement,"Three Months Ended October 30, 2021",Basic,us-gaap:EarningsPerShareBasic + us-gaap:WeightedAverageNumberOfSharesOutstandingBasic,summed_within_file,SUM(us-gaap:EarningsPerShareBasic + us-gaap:WeightedAverageNumberOfSharesOutstandingBasic) in CSCO_SEC-XBRL-financials_as-presented_10-Q_2021-11-23_0000858877-21-000018.xlsx
income_statement,html:diluted,Diluted,4Q21,4.9430000000000005,CSCO_SEC-XBRL-financials_as-presented_10-Q_2021-11-23_0000858877-21-000018.xlsx,Income Statement,"Three Months Ended October 30, 2021",Diluted,us-gaap:EarningsPerShareDiluted + us-gaap:WeightedAverageNumberOfDilutedSharesOutstanding,summed_within_file,SUM(us-gaap:EarningsPerShareDiluted + us-gaap:WeightedAverageNumberOfDilutedSharesOutstanding) in CSCO_SEC-XBRL-financials_as-presented_10-Q_2021-11-23_0000858877-21-000018.xlsx
balance_sheet,us-gaap:CashAndCashEquivalentsAtCarryingValue,Cash and cash equivalents,4Q21,7619.0,CSCO_SEC-XBRL-financials_as-presented_10-Q_2021-11-23_0000858877-21-000018.xlsx,Balance Sheet,"October 30, 2021",Cash and cash equivalents,us-gaap:CashAndCashEquivalentsAtCarryingValue,reported,
balance_sheet,us-gaap:ShortTermInvestments,Investments,4Q21,15727.0,CSCO_SEC-XBRL-financials_as-presented_10-Q_2021-11-23_0000858877-21-000018.xlsx,Balance Sheet,"October 30, 2021",Investments,us-gaap:ShortTermInvestments,reported,
balance_sheet,us-gaap:AllowanceForDoubtfulAccountsReceivableCurrent,"Accounts receivable, net of allowance of $109 at July 31, 2021 and $143 at July 25, 2020",4Q21,5306.0,CSCO_SEC-XBRL-financials_as-presented_10-Q_2021-11-23_0000858877-21-000018.xlsx,Balance Sheet,"October 30, 2021","Accounts receivable, net of allowance of $114 at October 30, 2021 and $109 at July 31, 2021",us-gaap:AllowanceForDoubtfulAccountsReceivableCurrent,reported,
balance_sheet,us-gaap:InventoryNet,Inventories,4Q21,1832.0,CSCO_SEC-XBRL-financials_as-presented_10-Q_2021-11-23_0000858877-21-000018.xlsx,Balance Sheet,"October 30, 2021",Inventories,us-gaap:InventoryNet,reported,
balance_sheet,us-gaap:NotesAndLoansReceivableNetCurrent,"Financing receivables, net",4Q21,4070.0,CSCO_SEC-XBRL-financials_as-presented_10-Q_2021-11-23_0000858877-21-000018.xlsx,Balance Sheet,"October 30, 2021","Financing receivables, net",us-gaap:NotesAndLoansReceivableNetCurrent,reported,
balance_sheet,us-gaap:OtherAssetsCurrent,Other current assets,4Q21,3034.0,CSCO_SEC-XBRL-financials_as-presented_10-Q_2021-11-23_0000858877-21-000018.xlsx,Balance Sheet,"October 30, 2021",Other current assets,us-gaap:OtherAssetsCurrent,reported,
balance_sheet,us-gaap:AssetsCurrent,Total current assets,4Q21,37588.0,CSCO_SEC-XBRL-financials_as-presented_10-Q_2021-11-23_0000858877-21-000018.xlsx,Balance Sheet,"October 30, 2021",Total current assets,us-gaap:AssetsCurrent,reported,
balance_sheet,us-gaap:PropertyPlantAndEquipmentNet,"Property and equipment, net",4Q21,2238.0,CSCO_SEC-XBRL-financials_as-presented_10-Q_2021-11-23_0000858877-21-000018.xlsx,Balance Sheet,"October 30, 2021","Property and equipment, net",us-gaap:PropertyPlantAndEquipmentNet,reported,
balance_sheet,us-gaap:NotesAndLoansReceivableNetNoncurrent,"Financing receivables, net",4Q21,4546.0,CSCO_SEC-XBRL-financials_as-presented_10-Q_2021-11-23_0000858877-21-000018.xlsx,Balance Sheet,"October 30, 2021","Financing receivables, net",us-gaap:NotesAndLoansReceivableNetNoncurrent,reported,
balance_sheet,us-gaap:Goodwill,Goodwill,4Q21,38802.0,CSCO_SEC-XBRL-financials_as-presented_10-Q_2021-11-23_0000858877-21-000018.xlsx,Balance Sheet,"October 30, 2021",Goodwill,us-gaap:Goodwill,reported,
balance_sheet,us-gaap:IntangibleAssetsNetExcludingGoodwill,"Purchased intangible assets, net",4Q21,3350.0,CSCO_SEC-XBRL-financials_as-presented_10-Q_2021-11-23_0000858877-21-000018.xlsx,Balance Sheet,"October 30, 2021","Purchased intangible assets, net",us-gaap:IntangibleAssetsNetExcludingGoodwill,reported,
balance_sheet,us-gaap:DeferredIncomeTaxAssetsNet,Deferred tax assets,4Q21,4198.0,CSCO_SEC-XBRL-financials_as-presented_10-Q_2021-11-23_0000858877-21-000018.xlsx,Balance Sheet,"October 30, 2021",Deferred tax assets,us-gaap:DeferredIncomeTaxAssetsNet,reported,
balance_sheet,us-gaap:OtherAssetsNoncurrent,Other assets,4Q21,5259.0,CSCO_SEC-XBRL-financials_as-presented_10-Q_2021-11-23_0000858877-21-000018.xlsx,Balance Sheet,"October 30, 2021",Other assets,us-gaap:OtherAssetsNoncurrent,reported,
balance_sheet,us-gaap:Assets,TOTAL ASSETS,4Q21,95981.0,CSCO_SEC-XBRL-financials_as-presented_10-Q_2021-11-23_0000858877-21-000018.xlsx,Balance Sheet,"October 30, 2021",TOTAL ASSETS,us-gaap:Assets,reported,
balance_sheet,us-gaap:LongTermDebtCurrent,Short-term debt,4Q21,506.0,CSCO_SEC-XBRL-financials_as-presented_10-Q_2021-11-23_0000858877-21-000018.xlsx,Balance Sheet,"October 30, 2021",Short-term debt,us-gaap:LongTermDebtCurrent,reported,
balance_sheet,us-gaap:AccountsPayableCurrent,Accounts payable,4Q21,2261.0,CSCO_SEC-XBRL-financials_as-presented_10-Q_2021-11-23_0000858877-21-000018.xlsx,Balance Sheet,"October 30, 2021",Accounts payable,us-gaap:AccountsPayableCurrent,reported,
balance_sheet,us-gaap:AccruedIncomeTaxesCurrent,Income taxes payable,4Q21,816.0,CSCO_SEC-XBRL-financials_as-presented_10-Q_2021-11-23_0000858877-21-000018.xlsx,Balance Sheet,"October 30, 2021",Income taxes payable,us-gaap:AccruedIncomeTaxesCurrent,reported,
balance_sheet,us-gaap:EmployeeRelatedLiabilitiesCurrent,Accrued compensation,4Q21,3231.0,CSCO_SEC-XBRL-financials_as-presented_10-Q_2021-11-23_0000858877-21-000018.xlsx,Balance Sheet,"October 30, 2021",Accrued compensation,us-gaap:EmployeeRelatedLiabilitiesCurrent,reported,
balance_sheet,us-gaap:ContractWithCustomerLiabilityCurrent,Deferred revenue,4Q21,12017.0,CSCO_SEC-XBRL-financials_as-presented_10-Q_2021-11-23_0000858877-21-000018.xlsx,Balance Sheet,"October 30, 2021",Deferred revenue,us-gaap:ContractWithCustomerLiabilityCurrent,reported,
balance_sheet,us-gaap:OtherLiabilitiesCurrent,Other current liabilities,4Q21,4407.0,CSCO_SEC-XBRL-financials_as-presented_10-Q_2021-11-23_0000858877-21-000018.xlsx,Balance Sheet,"October 30, 2021",Other current liabilities,us-gaap:OtherLiabilitiesCurrent,reported,
balance_sheet,us-gaap:LiabilitiesCurrent,Total current liabilities,4Q21,23238.0,CSCO_SEC-XBRL-financials_as-presented_10-Q_2021-11-23_0000858877-21-000018.xlsx,Balance Sheet,"October 30, 2021",Total current liabilities,us-gaap:LiabilitiesCurrent,reported,
balance_sheet,us-gaap:LongTermDebtNoncurrent,Long-term debt,4Q21,8996.0,CSCO_SEC-XBRL-financials_as-presented_10-Q_2021-11-23_0000858877-21-000018.xlsx,Balance Sheet,"October 30, 2021",Long-term debt,us-gaap:LongTermDebtNoncurrent,reported,
balance_sheet,us-gaap:AccruedIncomeTaxesNoncurrent,Income taxes payable,4Q21,8553.0,CSCO_SEC-XBRL-financials_as-presented_10-Q_2021-11-23_0000858877-21-000018.xlsx,Balance Sheet,"October 30, 2021",Income taxes payable,us-gaap:AccruedIncomeTaxesNoncurrent,reported,
balance_sheet,us-gaap:ContractWithCustomerLiabilityNoncurrent,Deferred revenue,4Q21,10055.0,CSCO_SEC-XBRL-financials_as-presented_10-Q_2021-11-23_0000858877-21-000018.xlsx,Balance Sheet,"October 30, 2021",Deferred revenue,us-gaap:ContractWithCustomerLiabilityNoncurrent,reported,
balance_sheet,us-gaap:OtherLiabilitiesNoncurrent,Other long-term liabilities,4Q21,2438.0,CSCO_SEC-XBRL-financials_as-presented_10-Q_2021-11-23_0000858877-21-000018.xlsx,Balance Sheet,"October 30, 2021",Other long-term liabilities,us-gaap:OtherLiabilitiesNoncurrent,reported,
balance_sheet,us-gaap:Liabilities,Total liabilities,4Q21,53280.0,CSCO_SEC-XBRL-financials_as-presented_10-Q_2021-11-23_0000858877-21-000018.xlsx,Balance Sheet,"October 30, 2021",Total liabilities,us-gaap:Liabilities,reported,
balance_sheet,us-gaap:CommonStockParOrStatedValuePerShare,"Common stock and additional paid-in capital, $0.001 par value: 20,000 shares authorized; 4,217 and 4,237 shares issued and outstanding at July 31, 2021 and July 25, 2020, respectively",4Q21,42621.0,CSCO_SEC-XBRL-financials_as-presented_10-Q_2021-11-23_0000858877-21-000018.xlsx,Balance Sheet,"October 30, 2021","Common stock and additional paid-in capital, $0.001 par value: 20,000 shares authorized; 4,217 shares issued and outstanding as of each of October 30, 2021 and July 31, 2021",us-gaap:CommonStockParOrStatedValuePerShare,reported,
balance_sheet,us-gaap:RetainedEarningsAccumulatedDeficit,Accumulated deficit,4Q21,553.0,CSCO_SEC-XBRL-financials_as-presented_10-Q_2021-11-23_0000858877-21-000018.xlsx,Balance Sheet,"October 30, 2021",Retained earnings (Accumulated deficit),us-gaap:RetainedEarningsAccumulatedDeficit,reported,
balance_sheet,us-gaap:AccumulatedOtherComprehensiveIncomeLossNetOfTax,Accumulated other comprehensive loss,4Q21,-473.0,CSCO_SEC-XBRL-financials_as-presented_10-Q_2021-11-23_0000858877-21-000018.xlsx,Balance Sheet,"October 30, 2021",Accumulated other comprehensive loss,us-gaap:AccumulatedOtherComprehensiveIncomeLossNetOfTax,reported,
balance_sheet,us-gaap:StockholdersEquity,Total equity,4Q21,42701.0,CSCO_SEC-XBRL-financials_as-presented_10-Q_2021-11-23_0000858877-21-000018.xlsx,Balance Sheet,"October 30, 2021",Total equity,us-gaap:StockholdersEquity,reported,
balance_sheet,us-gaap:LiabilitiesAndStockholdersEquity,TOTAL LIABILITIES AND EQUITY,4Q21,95981.0,CSCO_SEC-XBRL-financials_as-presented_10-Q_2021-11-23_0000858877-21-000018.xlsx,Balance Sheet,"October 30, 2021",TOTAL LIABILITIES AND EQUITY,us-gaap:LiabilitiesAndStockholdersEquity,reported,
cash_flow,html:net-income,Net income,4Q21,2980.0,CSCO_SEC-XBRL-financials_as-presented_10-Q_2021-11-23_0000858877-21-000018.xlsx,Cash Flow,"Three Months Ended October 30, 2021",Net income,us-gaap:NetIncomeLoss,reported,
cash_flow,html:depreciation-amortization-and-other,"Depreciation, amortization, and other",4Q21,533.0,CSCO_SEC-XBRL-financials_as-presented_10-Q_2021-11-23_0000858877-21-000018.xlsx,Cash Flow,"Three Months Ended October 30, 2021","Depreciation, amortization, and other",csco:DepreciationAmortizationAndOther,reported,
cash_flow,html:share-based-compensation-expense,Share-based compensation expense,4Q21,453.0,CSCO_SEC-XBRL-financials_as-presented_10-Q_2021-11-23_0000858877-21-000018.xlsx,Cash Flow,"Three Months Ended October 30, 2021",Share-based compensation expense,us-gaap:ShareBasedCompensation,reported,
cash_flow,html:provision-benefit-for-receivables,Provision (benefit) for receivables,4Q21,1.0,CSCO_SEC-XBRL-financials_as-presented_10-Q_2021-11-23_0000858877-21-000018.xlsx,Cash Flow,"Three Months Ended October 30, 2021",Provision (benefit) for receivables,csco:AccountsReceivableAndFinancingReceivableCreditLossExpenseReversal,reported,
cash_flow,html:deferred-income-taxes,Deferred income taxes,4Q21,-98.0,CSCO_SEC-XBRL-financials_as-presented_10-Q_2021-11-23_0000858877-21-000018.xlsx,Cash Flow,"Three Months Ended October 30, 2021",Deferred income taxes,us-gaap:DeferredIncomeTaxesAndTaxCredits,reported,
cash_flow,html:gains-losses-on-divestitures-investments-and-other-net,"(Gains) losses on divestitures, investments and other, net",4Q21,-211.0,CSCO_SEC-XBRL-financials_as-presented_10-Q_2021-11-23_0000858877-21-000018.xlsx,Cash Flow,"Three Months Ended October 30, 2021","(Gains) losses on divestitures, investments and other, net",us-gaap:GainLossOnInvestments,reported,
cash_flow,html:accounts-receivable,Accounts receivable,4Q21,427.0,CSCO_SEC-XBRL-financials_as-presented_10-Q_2021-11-23_0000858877-21-000018.xlsx,Cash Flow,"Three Months Ended October 30, 2021",Accounts receivable,us-gaap:IncreaseDecreaseInAccountsReceivable,reported,
cash_flow,html:inventories,Inventories,4Q21,-275.0,CSCO_SEC-XBRL-financials_as-presented_10-Q_2021-11-23_0000858877-21-000018.xlsx,Cash Flow,"Three Months Ended October 30, 2021",Inventories,us-gaap:IncreaseDecreaseInInventories,reported,
cash_flow,html:financing-receivables,Financing receivables,4Q21,672.0,CSCO_SEC-XBRL-financials_as-presented_10-Q_2021-11-23_0000858877-21-000018.xlsx,Cash Flow,"Three Months Ended October 30, 2021",Financing receivables,us-gaap:IncreaseDecreaseInFinanceReceivables,reported,
cash_flow,html:other-assets,Other assets,4Q21,-170.0,CSCO_SEC-XBRL-financials_as-presented_10-Q_2021-11-23_0000858877-21-000018.xlsx,Cash Flow,"Three Months Ended October 30, 2021",Other assets,us-gaap:IncreaseDecreaseInOtherOperatingAssets,reported,
cash_flow,html:accounts-payable,Accounts payable,4Q21,-93.0,CSCO_SEC-XBRL-financials_as-presented_10-Q_2021-11-23_0000858877-21-000018.xlsx,Cash Flow,"Three Months Ended October 30, 2021",Accounts payable,us-gaap:IncreaseDecreaseInAccountsPayable,reported,
cash_flow,html:income-taxes-net,"Income taxes, net",4Q21,17.0,CSCO_SEC-XBRL-financials_as-presented_10-Q_2021-11-23_0000858877-21-000018.xlsx,Cash Flow,"Three Months Ended October 30, 2021","Income taxes, net",us-gaap:IncreaseDecreaseInAccruedIncomeTaxesPayable,reported,
cash_flow,html:accrued-compensation,Accrued compensation,4Q21,-585.0,CSCO_SEC-XBRL-financials_as-presented_10-Q_2021-11-23_0000858877-21-000018.xlsx,Cash Flow,"Three Months Ended October 30, 2021",Accrued compensation,us-gaap:IncreaseDecreaseInEmployeeRelatedLiabilities,reported,
cash_flow,html:deferred-revenue,Deferred revenue,4Q21,-95.0,CSCO_SEC-XBRL-financials_as-presented_10-Q_2021-11-23_0000858877-21-000018.xlsx,Cash Flow,"Three Months Ended October 30, 2021",Deferred revenue,us-gaap:IncreaseDecreaseInContractWithCustomerLiability,reported,
cash_flow,html:other-liabilities,Other liabilities,4Q21,-129.0,CSCO_SEC-XBRL-financials_as-presented_10-Q_2021-11-23_0000858877-21-000018.xlsx,Cash Flow,"Three Months Ended October 30, 2021",Other liabilities,us-gaap:IncreaseDecreaseInOtherOperatingLiabilities,reported,
cash_flow,html:net-cash-provided-by-operating-activities,Net cash provided by operating activities,4Q21,3427.0,CSCO_SEC-XBRL-financials_as-presented_10-Q_2021-11-23_0000858877-21-000018.xlsx,Cash Flow,"Three Months Ended October 30, 2021",Net cash provided by operating activities,us-gaap:NetCashProvidedByUsedInOperatingActivities,reported,
cash_flow,html:purchases-of-investments,Purchases of investments,4Q21,-2951.0,CSCO_SEC-XBRL-financials_as-presented_10-Q_2021-11-23_0000858877-21-000018.xlsx,Cash Flow,"Three Months Ended October 30, 2021",Purchases of investments,us-gaap:PaymentsToAcquireInvestments,reported,
cash_flow,html:proceeds-from-sales-of-investments,Proceeds from sales of investments,4Q21,580.0,CSCO_SEC-XBRL-financials_as-presented_10-Q_2021-11-23_0000858877-21-000018.xlsx,Cash Flow,"Three Months Ended October 30, 2021",Proceeds from sales of investments,us-gaap:ProceedsFromSaleOfAvailableForSaleSecuritiesDebt,reported,
cash_flow,html:proceeds-from-maturities-of-investments,Proceeds from maturities of investments,4Q21,1856.0,CSCO_SEC-XBRL-financials_as-presented_10-Q_2021-11-23_0000858877-21-000018.xlsx,Cash Flow,"Three Months Ended October 30, 2021",Proceeds from maturities of investments,us-gaap:ProceedsFromMaturitiesPrepaymentsAndCallsOfAvailableForSaleSecurities,reported,
cash_flow,html:acquisitions-and-divestitures,Acquisitions and divestitures,4Q21,-336.0,CSCO_SEC-XBRL-financials_as-presented_10-Q_2021-11-23_0000858877-21-000018.xlsx,Cash Flow,"Three Months Ended October 30, 2021","Acquisitions, net of cash and cash equivalents acquired and divestitures",csco:PaymentsToAcquireBusinessesNetOfCashAcquiredAndNetOfDivestitures,reported,
cash_flow,html:purchases-of-investments-in-privately-held-companies,Purchases of investments in privately held companies,4Q21,-101.0,CSCO_SEC-XBRL-financials_as-presented_10-Q_2021-11-23_0000858877-21-000018.xlsx,Cash Flow,"Three Months Ended October 30, 2021",Purchases of investments in privately held companies,csco:PaymentsForPurchaseOfInvestmentsInPrivatelyHeldCompanies,reported,
cash_flow,html:return-of-investments-in-privately-held-companies,Return of investments in privately held companies,4Q21,53.0,CSCO_SEC-XBRL-financials_as-presented_10-Q_2021-11-23_0000858877-21-000018.xlsx,Cash Flow,"Three Months Ended October 30, 2021",Return of investments in privately held companies,csco:ProceedsFromInvestmentsInPrivatelyHeldCompanies,reported,
cash_flow,html:acquisition-of-property-and-equipment,Acquisition of property and equipment,4Q21,-122.0,CSCO_SEC-XBRL-financials_as-presented_10-Q_2021-11-23_0000858877-21-000018.xlsx,Cash Flow,"Three Months Ended October 30, 2021",Acquisition of property and equipment,us-gaap:PaymentsToAcquirePropertyPlantAndEquipment,reported,
cash_flow,html:proceeds-from-sales-of-property-and-equipment,Proceeds from sales of property and equipment,4Q21,1.0,CSCO_SEC-XBRL-financials_as-presented_10-Q_2021-11-23_0000858877-21-000018.xlsx,Cash Flow,"Three Months Ended October 30, 2021",Proceeds from sales of property and equipment,us-gaap:ProceedsFromSaleOfPropertyPlantAndEquipment,reported,
cash_flow,html:net-cash-provided-by-used-in-investing-activities,Net cash provided by (used in) investing activities,4Q21,-1020.0,CSCO_SEC-XBRL-financials_as-presented_10-Q_2021-11-23_0000858877-21-000018.xlsx,Cash Flow,"Three Months Ended October 30, 2021",Net cash used in by investing activities,us-gaap:NetCashProvidedByUsedInInvestingActivities,reported,
cash_flow,html:repurchases-of-common-stock-repurchase-program,Repurchases of common stock - repurchase program,4Q21,-273.0,CSCO_SEC-XBRL-financials_as-presented_10-Q_2021-11-23_0000858877-21-000018.xlsx,Cash Flow,"Three Months Ended October 30, 2021",Repurchases of common stock—repurchase program,us-gaap:PaymentsForRepurchaseOfCommonStock,reported,
cash_flow,html:shares-repurchased-for-tax-withholdings-on-vesting-of-restricted-stock-units,Shares repurchased for tax withholdings on vesting of restricted stock units,4Q21,-133.0,CSCO_SEC-XBRL-financials_as-presented_10-Q_2021-11-23_0000858877-21-000018.xlsx,Cash Flow,"Three Months Ended October 30, 2021",Shares repurchased for tax withholdings on vesting of restricted stock units,us-gaap:PaymentsRelatedToTaxWithholdingForShareBasedCompensation,reported,
cash_flow,html:repayments-of-debt,Repayments of debt,4Q21,-2000.0,CSCO_SEC-XBRL-financials_as-presented_10-Q_2021-11-23_0000858877-21-000018.xlsx,Cash Flow,"Three Months Ended October 30, 2021",Repayments of debt,us-gaap:RepaymentsOfLongTermDebt,reported,
cash_flow,html:dividends-paid,Dividends paid,4Q21,-1561.0,CSCO_SEC-XBRL-financials_as-presented_10-Q_2021-11-23_0000858877-21-000018.xlsx,Cash Flow,"Three Months Ended October 30, 2021",Dividends paid,us-gaap:PaymentsOfDividends,reported,
cash_flow,html:other,Other,4Q21,-3.0,CSCO_SEC-XBRL-financials_as-presented_10-Q_2021-11-23_0000858877-21-000018.xlsx,Cash Flow,"Three Months Ended October 30, 2021",Other,us-gaap:ProceedsFromPaymentsForOtherFinancingActivities,reported,
cash_flow,html:net-cash-used-in-financing-activities,Net cash used in financing activities,4Q21,-3970.0,CSCO_SEC-XBRL-financials_as-presented_10-Q_2021-11-23_0000858877-21-000018.xlsx,Cash Flow,"Three Months Ended October 30, 2021",Net cash used in financing activities,us-gaap:NetCashProvidedByUsedInFinancingActivities,reported,
cash_flow,html:net-increase-decrease-in-cash-cash-equivalents-and-restricted-cash,"Net increase (decrease) in cash, cash equivalents, and restricted cash",4Q21,-1563.0,CSCO_SEC-XBRL-financials_as-presented_10-Q_2021-11-23_0000858877-21-000018.xlsx,Cash Flow,"Three Months Ended October 30, 2021","Net decrease in cash, cash equivalents, and restricted cash",us-gaap:CashCashEquivalentsRestrictedCashAndRestrictedCashEquivalentsPeriodIncreaseDecreaseIncludingExchangeRateEffect,reported,
cash_flow,html:cash-cash-equivalents-and-restricted-cash-beginning-of-fiscal-year,"Cash, cash equivalents, and restricted cash, beginning of fiscal year",4Q21,9942.0,CSCO_SEC-XBRL-financials_as-presented_10-Q_2021-11-23_0000858877-21-000018.xlsx,Cash Flow,"Three Months Ended October 30, 2021","Cash, cash equivalents, and restricted cash, beginning of period",us-gaap:CashCashEquivalentsRestrictedCashAndRestrictedCashEquivalents,reported,
cash_flow,html:cash-paid-for-interest,Cash paid for interest,4Q21,124.0,CSCO_SEC-XBRL-financials_as-presented_10-Q_2021-11-23_0000858877-21-000018.xlsx,Cash Flow,"Three Months Ended October 30, 2021",Cash paid for interest,us-gaap:InterestPaidNet,reported,
cash_flow,html:cash-paid-for-income-taxes-net,"Cash paid for income taxes, net",4Q21,758.0,CSCO_SEC-XBRL-financials_as-presented_10-Q_2021-11-23_0000858877-21-000018.xlsx,Cash Flow,"Three Months Ended October 30, 2021","Cash paid for income taxes, net",us-gaap:IncomeTaxesPaidNet,reported,
income_statement,html:product,Product,1Q22,34782.0,CSCO_SEC-XBRL-financials_as-presented_10-Q_2022-02-22_0000858877-22-000004.xlsx,Income Statement,"Three Months Ended January 29, 2022",Product; Service; Total cost of sales; Total revenue,us-gaap:CostOfGoodsAndServicesSold + us-gaap:RevenueFromContractWithCustomerExcludingAssessedTax,summed_within_file,SUM(us-gaap:CostOfGoodsAndServicesSold + us-gaap:RevenueFromContractWithCustomerExcludingAssessedTax) in CSCO_SEC-XBRL-financials_as-presented_10-Q_2022-02-22_0000858877-22-000004.xlsx
income_statement,html:gross-margin,GROSS MARGIN,1Q22,8049.0,CSCO_SEC-XBRL-financials_as-presented_10-Q_2022-02-22_0000858877-22-000004.xlsx,Income Statement,"Three Months Ended January 29, 2022",GROSS MARGIN,us-gaap:GrossProfit,reported,
income_statement,html:research-and-development,Research and development,1Q22,1670.0,CSCO_SEC-XBRL-financials_as-presented_10-Q_2022-02-22_0000858877-22-000004.xlsx,Income Statement,"Three Months Ended January 29, 2022",Research and development,us-gaap:ResearchAndDevelopmentExpense,reported,
income_statement,html:sales-and-marketing,Sales and marketing,1Q22,2266.0,CSCO_SEC-XBRL-financials_as-presented_10-Q_2022-02-22_0000858877-22-000004.xlsx,Income Statement,"Three Months Ended January 29, 2022",Sales and marketing,us-gaap:SellingAndMarketingExpense,reported,
income_statement,html:general-and-administrative,General and administrative,1Q22,544.0,CSCO_SEC-XBRL-financials_as-presented_10-Q_2022-02-22_0000858877-22-000004.xlsx,Income Statement,"Three Months Ended January 29, 2022",General and administrative,us-gaap:GeneralAndAdministrativeExpense,reported,
income_statement,html:amortization-of-purchased-intangible-assets,Amortization of purchased intangible assets,1Q22,79.0,CSCO_SEC-XBRL-financials_as-presented_10-Q_2022-02-22_0000858877-22-000004.xlsx,Income Statement,"Three Months Ended January 29, 2022",Amortization of purchased intangible assets,us-gaap:AmortizationOfIntangibleAssets,reported,
income_statement,html:restructuring-and-other-charges,Restructuring and other charges,1Q22,3.0,CSCO_SEC-XBRL-financials_as-presented_10-Q_2022-02-22_0000858877-22-000004.xlsx,Income Statement,"Three Months Ended January 29, 2022",Restructuring and other charges,csco:RestructuringAndOtherCharges,reported,
income_statement,html:operating-expenses,OPERATING EXPENSES:,1Q22,4562.0,CSCO_SEC-XBRL-financials_as-presented_10-Q_2022-02-22_0000858877-22-000004.xlsx,Income Statement,"Three Months Ended January 29, 2022",Total operating expenses,us-gaap:OperatingExpenses,reported,
income_statement,html:operating-income,OPERATING INCOME,1Q22,3487.0,CSCO_SEC-XBRL-financials_as-presented_10-Q_2022-02-22_0000858877-22-000004.xlsx,Income Statement,"Three Months Ended January 29, 2022",OPERATING INCOME,us-gaap:OperatingIncomeLoss,reported,
income_statement,html:interest-and-other-income-loss-net,"Interest and other income (loss), net",1Q22,139.0,CSCO_SEC-XBRL-financials_as-presented_10-Q_2022-02-22_0000858877-22-000004.xlsx,Income Statement,"Three Months Ended January 29, 2022","Interest and other income (loss), net; Interest expense; Interest income",us-gaap:InterestExpense; us-gaap:InvestmentIncomeInterestAndDividend; us-gaap:NonoperatingIncomeExpense,interest_net,"interest_net: signed_sum=139.0 from values=[111.0, -88.0, 116.0]"
income_statement,html:other-income-loss-net,"Other income (loss), net",1Q22,93.0,CSCO_SEC-XBRL-financials_as-presented_10-Q_2022-02-22_0000858877-22-000004.xlsx,Income Statement,"Three Months Ended January 29, 2022","Other income (loss), net",us-gaap:OtherNonoperatingIncomeExpense,reported,
income_statement,html:income-before-provision-for-income-taxes,INCOME BEFORE PROVISION FOR INCOME TAXES,1Q22,3603.0,CSCO_SEC-XBRL-financials_as-presented_10-Q_2022-02-22_0000858877-22-000004.xlsx,Income Statement,"Three Months Ended January 29, 2022",INCOME BEFORE PROVISION FOR INCOME TAXES,us-gaap:IncomeLossFromContinuingOperationsBeforeIncomeTaxesExtraordinaryItemsNoncontrollingInterest,reported,
income_statement,html:provision-for-income-taxes,Provision for income taxes,1Q22,630.0,CSCO_SEC-XBRL-financials_as-presented_10-Q_2022-02-22_0000858877-22-000004.xlsx,Income Statement,"Three Months Ended January 29, 2022",Provision for income taxes,us-gaap:IncomeTaxExpenseBenefit,reported,
income_statement,html:net-income,NET INCOME,1Q22,2973.0,CSCO_SEC-XBRL-financials_as-presented_10-Q_2022-02-22_0000858877-22-000004.xlsx,Income Statement,"Three Months Ended January 29, 2022",NET INCOME,us-gaap:NetIncomeLoss,reported,
income_statement,html:basic,Basic,1Q22,4.893,CSCO_SEC-XBRL-financials_as-presented_10-Q_2022-02-22_0000858877-22-000004.xlsx,Income Statement,"Three Months Ended January 29, 2022",Basic,us-gaap:EarningsPerShareBasic + us-gaap:WeightedAverageNumberOfSharesOutstandingBasic,summed_within_file,SUM(us-gaap:EarningsPerShareBasic + us-gaap:WeightedAverageNumberOfSharesOutstandingBasic) in CSCO_SEC-XBRL-financials_as-presented_10-Q_2022-02-22_0000858877-22-000004.xlsx
income_statement,html:diluted,Diluted,1Q22,4.915,CSCO_SEC-XBRL-financials_as-presented_10-Q_2022-02-22_0000858877-22-000004.xlsx,Income Statement,"Three Months Ended January 29, 2022",Diluted,us-gaap:EarningsPerShareDiluted + us-gaap:WeightedAverageNumberOfDilutedSharesOutstanding,summed_within_file,SUM(us-gaap:EarningsPerShareDiluted + us-gaap:WeightedAverageNumberOfDilutedSharesOutstanding) in CSCO_SEC-XBRL-financials_as-presented_10-Q_2022-02-22_0000858877-22-000004.xlsx
balance_sheet,us-gaap:CashAndCashEquivalentsAtCarryingValue,Cash and cash equivalents,1Q22,6731.0,CSCO_SEC-XBRL-financials_as-presented_10-Q_2022-02-22_0000858877-22-000004.xlsx,Balance Sheet,"January 29, 2022",Cash and cash equivalents,us-gaap:CashAndCashEquivalentsAtCarryingValue,reported,
balance_sheet,us-gaap:ShortTermInvestments,Investments,1Q22,14382.0,CSCO_SEC-XBRL-financials_as-presented_10-Q_2022-02-22_0000858877-22-000004.xlsx,Balance Sheet,"January 29, 2022",Investments,us-gaap:ShortTermInvestments,reported,
balance_sheet,us-gaap:AllowanceForDoubtfulAccountsReceivableCurrent,"Accounts receivable, net of allowance of $109 at July 31, 2021 and $143 at July 25, 2020",1Q22,6003.0,CSCO_SEC-XBRL-financials_as-presented_10-Q_2022-02-22_0000858877-22-000004.xlsx,Balance Sheet,"January 29, 2022","Accounts receivable, net of allowance of $70 at January 29, 2022 and $109 at July 31, 2021",us-gaap:AllowanceForDoubtfulAccountsReceivableCurrent,reported,
balance_sheet,us-gaap:InventoryNet,Inventories,1Q22,2059.0,CSCO_SEC-XBRL-financials_as-presented_10-Q_2022-02-22_0000858877-22-000004.xlsx,Balance Sheet,"January 29, 2022",Inventories,us-gaap:InventoryNet,reported,
balance_sheet,us-gaap:NotesAndLoansReceivableNetCurrent,"Financing receivables, net",1Q22,3997.0,CSCO_SEC-XBRL-financials_as-presented_10-Q_2022-02-22_0000858877-22-000004.xlsx,Balance Sheet,"January 29, 2022","Financing receivables, net",us-gaap:NotesAndLoansReceivableNetCurrent,reported,
balance_sheet,us-gaap:OtherAssetsCurrent,Other current assets,1Q22,3627.0,CSCO_SEC-XBRL-financials_as-presented_10-Q_2022-02-22_0000858877-22-000004.xlsx,Balance Sheet,"January 29, 2022",Other current assets,us-gaap:OtherAssetsCurrent,reported,
balance_sheet,us-gaap:AssetsCurrent,Total current assets,1Q22,36799.0,CSCO_SEC-XBRL-financials_as-presented_10-Q_2022-02-22_0000858877-22-000004.xlsx,Balance Sheet,"January 29, 2022",Total current assets,us-gaap:AssetsCurrent,reported,
balance_sheet,us-gaap:PropertyPlantAndEquipmentNet,"Property and equipment, net",1Q22,2140.0,CSCO_SEC-XBRL-financials_as-presented_10-Q_2022-02-22_0000858877-22-000004.xlsx,Balance Sheet,"January 29, 2022","Property and equipment, net",us-gaap:PropertyPlantAndEquipmentNet,reported,
balance_sheet,us-gaap:NotesAndLoansReceivableNetNoncurrent,"Financing receivables, net",1Q22,4024.0,CSCO_SEC-XBRL-financials_as-presented_10-Q_2022-02-22_0000858877-22-000004.xlsx,Balance Sheet,"January 29, 2022","Financing receivables, net",us-gaap:NotesAndLoansReceivableNetNoncurrent,reported,
balance_sheet,us-gaap:Goodwill,Goodwill,1Q22,38679.0,CSCO_SEC-XBRL-financials_as-presented_10-Q_2022-02-22_0000858877-22-000004.xlsx,Balance Sheet,"January 29, 2022",Goodwill,us-gaap:Goodwill,reported,
balance_sheet,us-gaap:IntangibleAssetsNetExcludingGoodwill,"Purchased intangible assets, net",1Q22,3079.0,CSCO_SEC-XBRL-financials_as-presented_10-Q_2022-02-22_0000858877-22-000004.xlsx,Balance Sheet,"January 29, 2022","Purchased intangible assets, net",us-gaap:IntangibleAssetsNetExcludingGoodwill,reported,
balance_sheet,us-gaap:DeferredIncomeTaxAssetsNet,Deferred tax assets,1Q22,4269.0,CSCO_SEC-XBRL-financials_as-presented_10-Q_2022-02-22_0000858877-22-000004.xlsx,Balance Sheet,"January 29, 2022",Deferred tax assets,us-gaap:DeferredIncomeTaxAssetsNet,reported,
balance_sheet,us-gaap:OtherAssetsNoncurrent,Other assets,1Q22,5272.0,CSCO_SEC-XBRL-financials_as-presented_10-Q_2022-02-22_0000858877-22-000004.xlsx,Balance Sheet,"January 29, 2022",Other assets,us-gaap:OtherAssetsNoncurrent,reported,
balance_sheet,us-gaap:Assets,TOTAL ASSETS,1Q22,94262.0,CSCO_SEC-XBRL-financials_as-presented_10-Q_2022-02-22_0000858877-22-000004.xlsx,Balance Sheet,"January 29, 2022",TOTAL ASSETS,us-gaap:Assets,reported,
balance_sheet,us-gaap:DebtCurrent,Short-term debt,1Q22,2502.0,CSCO_SEC-XBRL-financials_as-presented_10-Q_2022-02-22_0000858877-22-000004.xlsx,Balance Sheet,"January 29, 2022",Short-term debt,us-gaap:DebtCurrent,reported,
balance_sheet,us-gaap:AccountsPayableCurrent,Accounts payable,1Q22,2101.0,CSCO_SEC-XBRL-financials_as-presented_10-Q_2022-02-22_0000858877-22-000004.xlsx,Balance Sheet,"January 29, 2022",Accounts payable,us-gaap:AccountsPayableCurrent,reported,
balance_sheet,us-gaap:AccruedIncomeTaxesCurrent,Income taxes payable,1Q22,837.0,CSCO_SEC-XBRL-financials_as-presented_10-Q_2022-02-22_0000858877-22-000004.xlsx,Balance Sheet,"January 29, 2022",Income taxes payable,us-gaap:AccruedIncomeTaxesCurrent,reported,
balance_sheet,us-gaap:EmployeeRelatedLiabilitiesCurrent,Accrued compensation,1Q22,3364.0,CSCO_SEC-XBRL-financials_as-presented_10-Q_2022-02-22_0000858877-22-000004.xlsx,Balance Sheet,"January 29, 2022",Accrued compensation,us-gaap:EmployeeRelatedLiabilitiesCurrent,reported,
balance_sheet,us-gaap:ContractWithCustomerLiabilityCurrent,Deferred revenue,1Q22,12268.0,CSCO_SEC-XBRL-financials_as-presented_10-Q_2022-02-22_0000858877-22-000004.xlsx,Balance Sheet,"January 29, 2022",Deferred revenue,us-gaap:ContractWithCustomerLiabilityCurrent,reported,
balance_sheet,us-gaap:OtherLiabilitiesCurrent,Other current liabilities,1Q22,4843.0,CSCO_SEC-XBRL-financials_as-presented_10-Q_2022-02-22_0000858877-22-000004.xlsx,Balance Sheet,"January 29, 2022",Other current liabilities,us-gaap:OtherLiabilitiesCurrent,reported,
balance_sheet,us-gaap:LiabilitiesCurrent,Total current liabilities,1Q22,25915.0,CSCO_SEC-XBRL-financials_as-presented_10-Q_2022-02-22_0000858877-22-000004.xlsx,Balance Sheet,"January 29, 2022",Total current liabilities,us-gaap:LiabilitiesCurrent,reported,
balance_sheet,us-gaap:LongTermDebtNoncurrent,Long-term debt,1Q22,8969.0,CSCO_SEC-XBRL-financials_as-presented_10-Q_2022-02-22_0000858877-22-000004.xlsx,Balance Sheet,"January 29, 2022",Long-term debt,us-gaap:LongTermDebtNoncurrent,reported,
balance_sheet,us-gaap:AccruedIncomeTaxesNoncurrent,Income taxes payable,1Q22,7628.0,CSCO_SEC-XBRL-financials_as-presented_10-Q_2022-02-22_0000858877-22-000004.xlsx,Balance Sheet,"January 29, 2022",Income taxes payable,us-gaap:AccruedIncomeTaxesNoncurrent,reported,
balance_sheet,us-gaap:ContractWithCustomerLiabilityNoncurrent,Deferred revenue,1Q22,10045.0,CSCO_SEC-XBRL-financials_as-presented_10-Q_2022-02-22_0000858877-22-000004.xlsx,Balance Sheet,"January 29, 2022",Deferred revenue,us-gaap:ContractWithCustomerLiabilityNoncurrent,reported,
balance_sheet,us-gaap:OtherLiabilitiesNoncurrent,Other long-term liabilities,1Q22,2209.0,CSCO_SEC-XBRL-financials_as-presented_10-Q_2022-02-22_0000858877-22-000004.xlsx,Balance Sheet,"January 29, 2022",Other long-term liabilities,us-gaap:OtherLiabilitiesNoncurrent,reported,
balance_sheet,us-gaap:Liabilities,Total liabilities,1Q22,54766.0,CSCO_SEC-XBRL-financials_as-presented_10-Q_2022-02-22_0000858877-22-000004.xlsx,Balance Sheet,"January 29, 2022",Total liabilities,us-gaap:Liabilities,reported,
balance_sheet,us-gaap:CommonStockParOrStatedValuePerShare,"Common stock and additional paid-in capital, $0.001 par value: 20,000 shares authorized; 4,217 and 4,237 shares issued and outstanding at July 31, 2021 and July 25, 2020, respectively",1Q22,42291.0,CSCO_SEC-XBRL-financials_as-presented_10-Q_2022-02-22_0000858877-22-000004.xlsx,Balance Sheet,"January 29, 2022","Common stock and additional paid-in capital, $0.001 par value: 20,000 shares authorized; 4,151 and 4,217 shares issued and outstanding at January 29, 2022 and July 31, 2021, respectively",us-gaap:CommonStockParOrStatedValuePerShare,reported,
balance_sheet,us-gaap:RetainedEarningsAccumulatedDeficit,Accumulated deficit,1Q22,-2006.0,CSCO_SEC-XBRL-financials_as-presented_10-Q_2022-02-22_0000858877-22-000004.xlsx,Balance Sheet,"January 29, 2022",Accumulated deficit,us-gaap:RetainedEarningsAccumulatedDeficit,reported,
balance_sheet,us-gaap:AccumulatedOtherComprehensiveIncomeLossNetOfTax,Accumulated other comprehensive loss,1Q22,-789.0,CSCO_SEC-XBRL-financials_as-presented_10-Q_2022-02-22_0000858877-22-000004.xlsx,Balance Sheet,"January 29, 2022",Accumulated other comprehensive loss,us-gaap:AccumulatedOtherComprehensiveIncomeLossNetOfTax,reported,
balance_sheet,us-gaap:StockholdersEquity,Total equity,1Q22,39496.0,CSCO_SEC-XBRL-financials_as-presented_10-Q_2022-02-22_0000858877-22-000004.xlsx,Balance Sheet,"January 29, 2022",Total equity,us-gaap:StockholdersEquity,reported,
balance_sheet,us-gaap:LiabilitiesAndStockholdersEquity,TOTAL LIABILITIES AND EQUITY,1Q22,94262.0,CSCO_SEC-XBRL-financials_as-presented_10-Q_2022-02-22_0000858877-22-000004.xlsx,Balance Sheet,"January 29, 2022",TOTAL LIABILITIES AND EQUITY,us-gaap:LiabilitiesAndStockholdersEquity,reported,
income_statement,html:product,Product,2Q22,35098.0,CSCO_SEC-XBRL-financials_as-presented_10-Q_2022-05-25_0000858877-22-000009.xlsx,Income Statement,"Three Months Ended April 30, 2022",Product; Service; Total cost of sales; Total revenue,us-gaap:CostOfGoodsAndServicesSold + us-gaap:RevenueFromContractWithCustomerExcludingAssessedTax,summed_within_file,SUM(us-gaap:CostOfGoodsAndServicesSold + us-gaap:RevenueFromContractWithCustomerExcludingAssessedTax) in CSCO_SEC-XBRL-financials_as-presented_10-Q_2022-05-25_0000858877-22-000009.xlsx
income_statement,html:gross-margin,GROSS MARGIN,2Q22,8121.0,CSCO_SEC-XBRL-financials_as-presented_10-Q_2022-05-25_0000858877-22-000009.xlsx,Income Statement,"Three Months Ended April 30, 2022",GROSS MARGIN,us-gaap:GrossProfit,reported,
income_statement,html:research-and-development,Research and development,2Q22,1708.0,CSCO_SEC-XBRL-financials_as-presented_10-Q_2022-05-25_0000858877-22-000009.xlsx,Income Statement,"Three Months Ended April 30, 2022",Research and development,us-gaap:ResearchAndDevelopmentExpense,reported,
income_statement,html:sales-and-marketing,Sales and marketing,2Q22,2209.0,CSCO_SEC-XBRL-financials_as-presented_10-Q_2022-05-25_0000858877-22-000009.xlsx,Income Statement,"Three Months Ended April 30, 2022",Sales and marketing,us-gaap:SellingAndMarketingExpense,reported,
income_statement,html:general-and-administrative,General and administrative,2Q22,517.0,CSCO_SEC-XBRL-financials_as-presented_10-Q_2022-05-25_0000858877-22-000009.xlsx,Income Statement,"Three Months Ended April 30, 2022",General and administrative,us-gaap:GeneralAndAdministrativeExpense,reported,
income_statement,html:amortization-of-purchased-intangible-assets,Amortization of purchased intangible assets,2Q22,77.0,CSCO_SEC-XBRL-financials_as-presented_10-Q_2022-05-25_0000858877-22-000009.xlsx,Income Statement,"Three Months Ended April 30, 2022",Amortization of purchased intangible assets,us-gaap:AmortizationOfIntangibleAssets,reported,
income_statement,html:operating-expenses,OPERATING EXPENSES:,2Q22,4511.0,CSCO_SEC-XBRL-financials_as-presented_10-Q_2022-05-25_0000858877-22-000009.xlsx,Income Statement,"Three Months Ended April 30, 2022",Total operating expenses,us-gaap:OperatingExpenses,reported,
income_statement,html:operating-income,OPERATING INCOME,2Q22,3610.0,CSCO_SEC-XBRL-financials_as-presented_10-Q_2022-05-25_0000858877-22-000009.xlsx,Income Statement,"Three Months Ended April 30, 2022",OPERATING INCOME,us-gaap:OperatingIncomeLoss,reported,
income_statement,html:interest-and-other-income-loss-net,"Interest and other income (loss), net",2Q22,216.0,CSCO_SEC-XBRL-financials_as-presented_10-Q_2022-05-25_0000858877-22-000009.xlsx,Income Statement,"Three Months Ended April 30, 2022","Interest and other income (loss), net; Interest expense; Interest income",us-gaap:InterestExpense; us-gaap:InvestmentIncomeInterestAndDividend; us-gaap:NonoperatingIncomeExpense,interest_net,"interest_net: signed_sum=216.0 from values=[115.0, -90.0, 191.0]"
income_statement,html:other-income-loss-net,"Other income (loss), net",2Q22,166.0,CSCO_SEC-XBRL-financials_as-presented_10-Q_2022-05-25_0000858877-22-000009.xlsx,Income Statement,"Three Months Ended April 30, 2022","Other income (loss), net",us-gaap:OtherNonoperatingIncomeExpense,reported,
income_statement,html:income-before-provision-for-income-taxes,INCOME BEFORE PROVISION FOR INCOME TAXES,2Q22,3801.0,CSCO_SEC-XBRL-financials_as-presented_10-Q_2022-05-25_0000858877-22-000009.xlsx,Income Statement,"Three Months Ended April 30, 2022",INCOME BEFORE PROVISION FOR INCOME TAXES,us-gaap:IncomeLossFromContinuingOperationsBeforeIncomeTaxesExtraordinaryItemsNoncontrollingInterest,reported,
income_statement,html:provision-for-income-taxes,Provision for income taxes,2Q22,757.0,CSCO_SEC-XBRL-financials_as-presented_10-Q_2022-05-25_0000858877-22-000009.xlsx,Income Statement,"Three Months Ended April 30, 2022",Provision for income taxes,us-gaap:IncomeTaxExpenseBenefit,reported,
income_statement,html:net-income,NET INCOME,2Q22,3044.0,CSCO_SEC-XBRL-financials_as-presented_10-Q_2022-05-25_0000858877-22-000009.xlsx,Income Statement,"Three Months Ended April 30, 2022",NET INCOME,us-gaap:NetIncomeLoss,reported,
income_statement,html:basic,Basic,2Q22,4.882,CSCO_SEC-XBRL-financials_as-presented_10-Q_2022-05-25_0000858877-22-000009.xlsx,Income Statement,"Three Months Ended April 30, 2022",Basic,us-gaap:EarningsPerShareBasic + us-gaap:WeightedAverageNumberOfSharesOutstandingBasic,summed_within_file,SUM(us-gaap:EarningsPerShareBasic + us-gaap:WeightedAverageNumberOfSharesOutstandingBasic) in CSCO_SEC-XBRL-financials_as-presented_10-Q_2022-05-25_0000858877-22-000009.xlsx
income_statement,html:diluted,Diluted,2Q22,4.9,CSCO_SEC-XBRL-financials_as-presented_10-Q_2022-05-25_0000858877-22-000009.xlsx,Income Statement,"Three Months Ended April 30, 2022",Diluted,us-gaap:EarningsPerShareDiluted + us-gaap:WeightedAverageNumberOfDilutedSharesOutstanding,summed_within_file,SUM(us-gaap:EarningsPerShareDiluted + us-gaap:WeightedAverageNumberOfDilutedSharesOutstanding) in CSCO_SEC-XBRL-financials_as-presented_10-Q_2022-05-25_0000858877-22-000009.xlsx
balance_sheet,us-gaap:CashAndCashEquivalentsAtCarryingValue,Cash and cash equivalents,2Q22,6952.0,CSCO_SEC-XBRL-financials_as-presented_10-Q_2022-05-25_0000858877-22-000009.xlsx,Balance Sheet,"April 30, 2022",Cash and cash equivalents,us-gaap:CashAndCashEquivalentsAtCarryingValue,reported,
balance_sheet,us-gaap:ShortTermInvestments,Investments,2Q22,13156.0,CSCO_SEC-XBRL-financials_as-presented_10-Q_2022-05-25_0000858877-22-000009.xlsx,Balance Sheet,"April 30, 2022",Investments,us-gaap:ShortTermInvestments,reported,
balance_sheet,us-gaap:AllowanceForDoubtfulAccountsReceivableCurrent,"Accounts receivable, net of allowance of $109 at July 31, 2021 and $143 at July 25, 2020",2Q22,5783.0,CSCO_SEC-XBRL-financials_as-presented_10-Q_2022-05-25_0000858877-22-000009.xlsx,Balance Sheet,"April 30, 2022","Accounts receivable, net of allowance of $78 at April 30, 2022 and $109 at July 31, 2021",us-gaap:AllowanceForDoubtfulAccountsReceivableCurrent,reported,
balance_sheet,us-gaap:InventoryNet,Inventories,2Q22,2231.0,CSCO_SEC-XBRL-financials_as-presented_10-Q_2022-05-25_0000858877-22-000009.xlsx,Balance Sheet,"April 30, 2022",Inventories,us-gaap:InventoryNet,reported,
balance_sheet,us-gaap:NotesAndLoansReceivableNetCurrent,"Financing receivables, net",2Q22,3804.0,CSCO_SEC-XBRL-financials_as-presented_10-Q_2022-05-25_0000858877-22-000009.xlsx,Balance Sheet,"April 30, 2022","Financing receivables, net",us-gaap:NotesAndLoansReceivableNetCurrent,reported,
balance_sheet,us-gaap:OtherAssetsCurrent,Other current assets,2Q22,4055.0,CSCO_SEC-XBRL-financials_as-presented_10-Q_2022-05-25_0000858877-22-000009.xlsx,Balance Sheet,"April 30, 2022",Other current assets,us-gaap:OtherAssetsCurrent,reported,
balance_sheet,us-gaap:AssetsCurrent,Total current assets,2Q22,35981.0,CSCO_SEC-XBRL-financials_as-presented_10-Q_2022-05-25_0000858877-22-000009.xlsx,Balance Sheet,"April 30, 2022",Total current assets,us-gaap:AssetsCurrent,reported,
balance_sheet,us-gaap:PropertyPlantAndEquipmentNet,"Property and equipment, net",2Q22,2046.0,CSCO_SEC-XBRL-financials_as-presented_10-Q_2022-05-25_0000858877-22-000009.xlsx,Balance Sheet,"April 30, 2022","Property and equipment, net",us-gaap:PropertyPlantAndEquipmentNet,reported,
balance_sheet,us-gaap:NotesAndLoansReceivableNetNoncurrent,"Financing receivables, net",2Q22,3959.0,CSCO_SEC-XBRL-financials_as-presented_10-Q_2022-05-25_0000858877-22-000009.xlsx,Balance Sheet,"April 30, 2022","Financing receivables, net",us-gaap:NotesAndLoansReceivableNetNoncurrent,reported,
balance_sheet,us-gaap:Goodwill,Goodwill,2Q22,38452.0,CSCO_SEC-XBRL-financials_as-presented_10-Q_2022-05-25_0000858877-22-000009.xlsx,Balance Sheet,"April 30, 2022",Goodwill,us-gaap:Goodwill,reported,
balance_sheet,us-gaap:IntangibleAssetsNetExcludingGoodwill,"Purchased intangible assets, net",2Q22,2811.0,CSCO_SEC-XBRL-financials_as-presented_10-Q_2022-05-25_0000858877-22-000009.xlsx,Balance Sheet,"April 30, 2022","Purchased intangible assets, net",us-gaap:IntangibleAssetsNetExcludingGoodwill,reported,
balance_sheet,us-gaap:DeferredIncomeTaxAssetsNet,Deferred tax assets,2Q22,4276.0,CSCO_SEC-XBRL-financials_as-presented_10-Q_2022-05-25_0000858877-22-000009.xlsx,Balance Sheet,"April 30, 2022",Deferred tax assets,us-gaap:DeferredIncomeTaxAssetsNet,reported,
balance_sheet,us-gaap:OtherAssetsNoncurrent,Other assets,2Q22,5272.0,CSCO_SEC-XBRL-financials_as-presented_10-Q_2022-05-25_0000858877-22-000009.xlsx,Balance Sheet,"April 30, 2022",Other assets,us-gaap:OtherAssetsNoncurrent,reported,
balance_sheet,us-gaap:Assets,TOTAL ASSETS,2Q22,92797.0,CSCO_SEC-XBRL-financials_as-presented_10-Q_2022-05-25_0000858877-22-000009.xlsx,Balance Sheet,"April 30, 2022",TOTAL ASSETS,us-gaap:Assets,reported,
balance_sheet,us-gaap:DebtCurrent,Short-term debt,2Q22,1000.0,CSCO_SEC-XBRL-financials_as-presented_10-Q_2022-05-25_0000858877-22-000009.xlsx,Balance Sheet,"April 30, 2022",Short-term debt,us-gaap:DebtCurrent,reported,
balance_sheet,us-gaap:AccountsPayableCurrent,Accounts payable,2Q22,2289.0,CSCO_SEC-XBRL-financials_as-presented_10-Q_2022-05-25_0000858877-22-000009.xlsx,Balance Sheet,"April 30, 2022",Accounts payable,us-gaap:AccountsPayableCurrent,reported,
balance_sheet,us-gaap:AccruedIncomeTaxesCurrent,Income taxes payable,2Q22,852.0,CSCO_SEC-XBRL-financials_as-presented_10-Q_2022-05-25_0000858877-22-000009.xlsx,Balance Sheet,"April 30, 2022",Income taxes payable,us-gaap:AccruedIncomeTaxesCurrent,reported,
balance_sheet,us-gaap:EmployeeRelatedLiabilitiesCurrent,Accrued compensation,2Q22,3032.0,CSCO_SEC-XBRL-financials_as-presented_10-Q_2022-05-25_0000858877-22-000009.xlsx,Balance Sheet,"April 30, 2022",Accrued compensation,us-gaap:EmployeeRelatedLiabilitiesCurrent,reported,
balance_sheet,us-gaap:ContractWithCustomerLiabilityCurrent,Deferred revenue,2Q22,12249.0,CSCO_SEC-XBRL-financials_as-presented_10-Q_2022-05-25_0000858877-22-000009.xlsx,Balance Sheet,"April 30, 2022",Deferred revenue,us-gaap:ContractWithCustomerLiabilityCurrent,reported,
balance_sheet,us-gaap:OtherLiabilitiesCurrent,Other current liabilities,2Q22,4728.0,CSCO_SEC-XBRL-financials_as-presented_10-Q_2022-05-25_0000858877-22-000009.xlsx,Balance Sheet,"April 30, 2022",Other current liabilities,us-gaap:OtherLiabilitiesCurrent,reported,
balance_sheet,us-gaap:LiabilitiesCurrent,Total current liabilities,2Q22,24150.0,CSCO_SEC-XBRL-financials_as-presented_10-Q_2022-05-25_0000858877-22-000009.xlsx,Balance Sheet,"April 30, 2022",Total current liabilities,us-gaap:LiabilitiesCurrent,reported,
balance_sheet,us-gaap:LongTermDebtNoncurrent,Long-term debt,2Q22,8418.0,CSCO_SEC-XBRL-financials_as-presented_10-Q_2022-05-25_0000858877-22-000009.xlsx,Balance Sheet,"April 30, 2022",Long-term debt,us-gaap:LongTermDebtNoncurrent,reported,
balance_sheet,us-gaap:AccruedIncomeTaxesNoncurrent,Income taxes payable,2Q22,7689.0,CSCO_SEC-XBRL-financials_as-presented_10-Q_2022-05-25_0000858877-22-000009.xlsx,Balance Sheet,"April 30, 2022",Income taxes payable,us-gaap:AccruedIncomeTaxesNoncurrent,reported,
balance_sheet,us-gaap:ContractWithCustomerLiabilityNoncurrent,Deferred revenue,2Q22,10044.0,CSCO_SEC-XBRL-financials_as-presented_10-Q_2022-05-25_0000858877-22-000009.xlsx,Balance Sheet,"April 30, 2022",Deferred revenue,us-gaap:ContractWithCustomerLiabilityNoncurrent,reported,
balance_sheet,us-gaap:OtherLiabilitiesNoncurrent,Other long-term liabilities,2Q22,2096.0,CSCO_SEC-XBRL-financials_as-presented_10-Q_2022-05-25_0000858877-22-000009.xlsx,Balance Sheet,"April 30, 2022",Other long-term liabilities,us-gaap:OtherLiabilitiesNoncurrent,reported,
balance_sheet,us-gaap:Liabilities,Total liabilities,2Q22,52397.0,CSCO_SEC-XBRL-financials_as-presented_10-Q_2022-05-25_0000858877-22-000009.xlsx,Balance Sheet,"April 30, 2022",Total liabilities,us-gaap:Liabilities,reported,
balance_sheet,us-gaap:CommonStockParOrStatedValuePerShare,"Common stock and additional paid-in capital, $0.001 par value: 20,000 shares authorized; 4,217 and 4,237 shares issued and outstanding at July 31, 2021 and July 25, 2020, respectively",2Q22,42587.0,CSCO_SEC-XBRL-financials_as-presented_10-Q_2022-05-25_0000858877-22-000009.xlsx,Balance Sheet,"April 30, 2022","Common stock and additional paid-in capital, $0.001 par value: 20,000 shares authorized; 4,149 and 4,217 shares issued and outstanding at April 30, 2022 and July 31, 2021, respectively",us-gaap:CommonStockParOrStatedValuePerShare,reported,
balance_sheet,us-gaap:RetainedEarningsAccumulatedDeficit,Accumulated deficit,2Q22,-724.0,CSCO_SEC-XBRL-financials_as-presented_10-Q_2022-05-25_0000858877-22-000009.xlsx,Balance Sheet,"April 30, 2022",Accumulated deficit,us-gaap:RetainedEarningsAccumulatedDeficit,reported,
balance_sheet,us-gaap:AccumulatedOtherComprehensiveIncomeLossNetOfTax,Accumulated other comprehensive loss,2Q22,-1463.0,CSCO_SEC-XBRL-financials_as-presented_10-Q_2022-05-25_0000858877-22-000009.xlsx,Balance Sheet,"April 30, 2022",Accumulated other comprehensive loss,us-gaap:AccumulatedOtherComprehensiveIncomeLossNetOfTax,reported,
balance_sheet,us-gaap:StockholdersEquity,Total equity,2Q22,40400.0,CSCO_SEC-XBRL-financials_as-presented_10-Q_2022-05-25_0000858877-22-000009.xlsx,Balance Sheet,"April 30, 2022",Total equity,us-gaap:StockholdersEquity,reported,
balance_sheet,us-gaap:LiabilitiesAndStockholdersEquity,TOTAL LIABILITIES AND EQUITY,2Q22,92797.0,CSCO_SEC-XBRL-financials_as-presented_10-Q_2022-05-25_0000858877-22-000009.xlsx,Balance Sheet,"April 30, 2022",TOTAL LIABILITIES AND EQUITY,us-gaap:LiabilitiesAndStockholdersEquity,reported,
income_statement,html:product,Product,4Q22,37836.0,CSCO_SEC-XBRL-financials_as-presented_10-Q_2022-11-22_0000858877-22-000025.xlsx,Income Statement,"Three Months Ended October 29, 2022",Product; Service; Total cost of sales; Total revenue,us-gaap:CostOfGoodsAndServicesSold + us-gaap:RevenueFromContractWithCustomerExcludingAssessedTax,summed_within_file,SUM(us-gaap:CostOfGoodsAndServicesSold + us-gaap:RevenueFromContractWithCustomerExcludingAssessedTax) in CSCO_SEC-XBRL-financials_as-presented_10-Q_2022-11-22_0000858877-22-000025.xlsx
income_statement,html:gross-margin,GROSS MARGIN,4Q22,8346.0,CSCO_SEC-XBRL-financials_as-presented_10-Q_2022-11-22_0000858877-22-000025.xlsx,Income Statement,"Three Months Ended October 29, 2022",GROSS MARGIN,us-gaap:GrossProfit,reported,
income_statement,html:research-and-development,Research and development,4Q22,1781.0,CSCO_SEC-XBRL-financials_as-presented_10-Q_2022-11-22_0000858877-22-000025.xlsx,Income Statement,"Three Months Ended October 29, 2022",Research and development,us-gaap:ResearchAndDevelopmentExpense,reported,
income_statement,html:sales-and-marketing,Sales and marketing,4Q22,2391.0,CSCO_SEC-XBRL-financials_as-presented_10-Q_2022-11-22_0000858877-22-000025.xlsx,Income Statement,"Three Months Ended October 29, 2022",Sales and marketing,us-gaap:SellingAndMarketingExpense,reported,
income_statement,html:general-and-administrative,General and administrative,4Q22,565.0,CSCO_SEC-XBRL-financials_as-presented_10-Q_2022-11-22_0000858877-22-000025.xlsx,Income Statement,"Three Months Ended October 29, 2022",General and administrative,us-gaap:GeneralAndAdministrativeExpense,reported,
income_statement,html:amortization-of-purchased-intangible-assets,Amortization of purchased intangible assets,4Q22,71.0,CSCO_SEC-XBRL-financials_as-presented_10-Q_2022-11-22_0000858877-22-000025.xlsx,Income Statement,"Three Months Ended October 29, 2022",Amortization of purchased intangible assets,us-gaap:AmortizationOfIntangibleAssets,reported,
income_statement,html:restructuring-and-other-charges,Restructuring and other charges,4Q22,-2.0,CSCO_SEC-XBRL-financials_as-presented_10-Q_2022-11-22_0000858877-22-000025.xlsx,Income Statement,"Three Months Ended October 29, 2022",Restructuring and other charges,csco:RestructuringAndOtherCharges,reported,
income_statement,html:operating-expenses,OPERATING EXPENSES:,4Q22,4806.0,CSCO_SEC-XBRL-financials_as-presented_10-Q_2022-11-22_0000858877-22-000025.xlsx,Income Statement,"Three Months Ended October 29, 2022",Total operating expenses,us-gaap:OperatingExpenses,reported,
income_statement,html:operating-income,OPERATING INCOME,4Q22,3540.0,CSCO_SEC-XBRL-financials_as-presented_10-Q_2022-11-22_0000858877-22-000025.xlsx,Income Statement,"Three Months Ended October 29, 2022",OPERATING INCOME,us-gaap:OperatingIncomeLoss,reported,
income_statement,html:interest-and-other-income-loss-net,"Interest and other income (loss), net",4Q22,4.0,CSCO_SEC-XBRL-financials_as-presented_10-Q_2022-11-22_0000858877-22-000025.xlsx,Income Statement,"Three Months Ended October 29, 2022","Interest and other income (loss), net; Interest expense; Interest income",us-gaap:InterestExpense; us-gaap:InvestmentIncomeInterestAndDividend; us-gaap:NonoperatingIncomeExpense,interest_net,"interest_net: signed_sum=4.0 from values=[169.0, -100.0, -65.0]"
income_statement,html:other-income-loss-net,"Other income (loss), net",4Q22,-134.0,CSCO_SEC-XBRL-financials_as-presented_10-Q_2022-11-22_0000858877-22-000025.xlsx,Income Statement,"Three Months Ended October 29, 2022","Other income (loss), net",us-gaap:OtherNonoperatingIncomeExpense,reported,
income_statement,html:income-before-provision-for-income-taxes,INCOME BEFORE PROVISION FOR INCOME TAXES,4Q22,3475.0,CSCO_SEC-XBRL-financials_as-presented_10-Q_2022-11-22_0000858877-22-000025.xlsx,Income Statement,"Three Months Ended October 29, 2022",INCOME BEFORE PROVISION FOR INCOME TAXES,us-gaap:IncomeLossFromContinuingOperationsBeforeIncomeTaxesExtraordinaryItemsNoncontrollingInterest,reported,
income_statement,html:provision-for-income-taxes,Provision for income taxes,4Q22,805.0,CSCO_SEC-XBRL-financials_as-presented_10-Q_2022-11-22_0000858877-22-000025.xlsx,Income Statement,"Three Months Ended October 29, 2022",Provision for income taxes,us-gaap:IncomeTaxExpenseBenefit,reported,
income_statement,html:net-income,NET INCOME,4Q22,2670.0,CSCO_SEC-XBRL-financials_as-presented_10-Q_2022-11-22_0000858877-22-000025.xlsx,Income Statement,"Three Months Ended October 29, 2022",NET INCOME,us-gaap:NetIncomeLoss,reported,
income_statement,html:basic,Basic,4Q22,4.758,CSCO_SEC-XBRL-financials_as-presented_10-Q_2022-11-22_0000858877-22-000025.xlsx,Income Statement,"Three Months Ended October 29, 2022",Basic,us-gaap:EarningsPerShareBasic + us-gaap:WeightedAverageNumberOfSharesOutstandingBasic,summed_within_file,SUM(us-gaap:EarningsPerShareBasic + us-gaap:WeightedAverageNumberOfSharesOutstandingBasic) in CSCO_SEC-XBRL-financials_as-presented_10-Q_2022-11-22_0000858877-22-000025.xlsx
income_statement,html:diluted,Diluted,4Q22,4.766,CSCO_SEC-XBRL-financials_as-presented_10-Q_2022-11-22_0000858877-22-000025.xlsx,Income Statement,"Three Months Ended October 29, 2022",Diluted,us-gaap:EarningsPerShareDiluted + us-gaap:WeightedAverageNumberOfDilutedSharesOutstanding,summed_within_file,SUM(us-gaap:EarningsPerShareDiluted + us-gaap:WeightedAverageNumberOfDilutedSharesOutstanding) in CSCO_SEC-XBRL-financials_as-presented_10-Q_2022-11-22_0000858877-22-000025.xlsx
balance_sheet,us-gaap:CashAndCashEquivalentsAtCarryingValue,Cash and cash equivalents,4Q22,7292.0,CSCO_SEC-XBRL-financials_as-presented_10-Q_2022-11-22_0000858877-22-000025.xlsx,Balance Sheet,"October 29, 2022",Cash and cash equivalents,us-gaap:CashAndCashEquivalentsAtCarryingValue,reported,
balance_sheet,us-gaap:ShortTermInvestments,Investments,4Q22,12492.0,CSCO_SEC-XBRL-financials_as-presented_10-Q_2022-11-22_0000858877-22-000025.xlsx,Balance Sheet,"October 29, 2022",Investments,us-gaap:ShortTermInvestments,reported,
balance_sheet,us-gaap:AllowanceForDoubtfulAccountsReceivableCurrent,"Accounts receivable, net of allowance of $109 at July 31, 2021 and $143 at July 25, 2020",4Q22,5439.0,CSCO_SEC-XBRL-financials_as-presented_10-Q_2022-11-22_0000858877-22-000025.xlsx,Balance Sheet,"October 29, 2022","Accounts receivable, net of allowance of $88 at October 29, 2022 and $83 at July 30, 2022",us-gaap:AllowanceForDoubtfulAccountsReceivableCurrent,reported,
balance_sheet,us-gaap:InventoryNet,Inventories,4Q22,2664.0,CSCO_SEC-XBRL-financials_as-presented_10-Q_2022-11-22_0000858877-22-000025.xlsx,Balance Sheet,"October 29, 2022",Inventories,us-gaap:InventoryNet,reported,
balance_sheet,us-gaap:NotesAndLoansReceivableNetCurrent,"Financing receivables, net",4Q22,3683.0,CSCO_SEC-XBRL-financials_as-presented_10-Q_2022-11-22_0000858877-22-000025.xlsx,Balance Sheet,"October 29, 2022","Financing receivables, net",us-gaap:NotesAndLoansReceivableNetCurrent,reported,
balance_sheet,us-gaap:OtherAssetsCurrent,Other current assets,4Q22,4571.0,CSCO_SEC-XBRL-financials_as-presented_10-Q_2022-11-22_0000858877-22-000025.xlsx,Balance Sheet,"October 29, 2022",Other current assets,us-gaap:OtherAssetsCurrent,reported,
balance_sheet,us-gaap:AssetsCurrent,Total current assets,4Q22,36141.0,CSCO_SEC-XBRL-financials_as-presented_10-Q_2022-11-22_0000858877-22-000025.xlsx,Balance Sheet,"October 29, 2022",Total current assets,us-gaap:AssetsCurrent,reported,
balance_sheet,us-gaap:PropertyPlantAndEquipmentNet,"Property and equipment, net",4Q22,1972.0,CSCO_SEC-XBRL-financials_as-presented_10-Q_2022-11-22_0000858877-22-000025.xlsx,Balance Sheet,"October 29, 2022","Property and equipment, net",us-gaap:PropertyPlantAndEquipmentNet,reported,
balance_sheet,us-gaap:NotesAndLoansReceivableNetNoncurrent,"Financing receivables, net",4Q22,3618.0,CSCO_SEC-XBRL-financials_as-presented_10-Q_2022-11-22_0000858877-22-000025.xlsx,Balance Sheet,"October 29, 2022","Financing receivables, net",us-gaap:NotesAndLoansReceivableNetNoncurrent,reported,
balance_sheet,us-gaap:Goodwill,Goodwill,4Q22,38160.0,CSCO_SEC-XBRL-financials_as-presented_10-Q_2022-11-22_0000858877-22-000025.xlsx,Balance Sheet,"October 29, 2022",Goodwill,us-gaap:Goodwill,reported,
balance_sheet,us-gaap:IntangibleAssetsNetExcludingGoodwill,"Purchased intangible assets, net",4Q22,2360.0,CSCO_SEC-XBRL-financials_as-presented_10-Q_2022-11-22_0000858877-22-000025.xlsx,Balance Sheet,"October 29, 2022","Purchased intangible assets, net",us-gaap:IntangibleAssetsNetExcludingGoodwill,reported,
balance_sheet,us-gaap:DeferredIncomeTaxAssetsNet,Deferred tax assets,4Q22,4891.0,CSCO_SEC-XBRL-financials_as-presented_10-Q_2022-11-22_0000858877-22-000025.xlsx,Balance Sheet,"October 29, 2022",Deferred tax assets,us-gaap:DeferredIncomeTaxAssetsNet,reported,
balance_sheet,us-gaap:OtherAssetsNoncurrent,Other assets,4Q22,5912.0,CSCO_SEC-XBRL-financials_as-presented_10-Q_2022-11-22_0000858877-22-000025.xlsx,Balance Sheet,"October 29, 2022",Other assets,us-gaap:OtherAssetsNoncurrent,reported,
balance_sheet,us-gaap:Assets,TOTAL ASSETS,4Q22,93054.0,CSCO_SEC-XBRL-financials_as-presented_10-Q_2022-11-22_0000858877-22-000025.xlsx,Balance Sheet,"October 29, 2022",TOTAL ASSETS,us-gaap:Assets,reported,
balance_sheet,us-gaap:DebtCurrent,Short-term debt,4Q22,1249.0,CSCO_SEC-XBRL-financials_as-presented_10-Q_2022-11-22_0000858877-22-000025.xlsx,Balance Sheet,"October 29, 2022",Short-term debt,us-gaap:DebtCurrent,reported,
balance_sheet,us-gaap:AccountsPayableCurrent,Accounts payable,4Q22,2316.0,CSCO_SEC-XBRL-financials_as-presented_10-Q_2022-11-22_0000858877-22-000025.xlsx,Balance Sheet,"October 29, 2022",Accounts payable,us-gaap:AccountsPayableCurrent,reported,
balance_sheet,us-gaap:AccruedIncomeTaxesCurrent,Income taxes payable,4Q22,890.0,CSCO_SEC-XBRL-financials_as-presented_10-Q_2022-11-22_0000858877-22-000025.xlsx,Balance Sheet,"October 29, 2022",Income taxes payable,us-gaap:AccruedIncomeTaxesCurrent,reported,
balance_sheet,us-gaap:EmployeeRelatedLiabilitiesCurrent,Accrued compensation,4Q22,2907.0,CSCO_SEC-XBRL-financials_as-presented_10-Q_2022-11-22_0000858877-22-000025.xlsx,Balance Sheet,"October 29, 2022",Accrued compensation,us-gaap:EmployeeRelatedLiabilitiesCurrent,reported,
balance_sheet,us-gaap:ContractWithCustomerLiabilityCurrent,Deferred revenue,4Q22,12578.0,CSCO_SEC-XBRL-financials_as-presented_10-Q_2022-11-22_0000858877-22-000025.xlsx,Balance Sheet,"October 29, 2022",Deferred revenue,us-gaap:ContractWithCustomerLiabilityCurrent,reported,
balance_sheet,us-gaap:OtherLiabilitiesCurrent,Other current liabilities,4Q22,4956.0,CSCO_SEC-XBRL-financials_as-presented_10-Q_2022-11-22_0000858877-22-000025.xlsx,Balance Sheet,"October 29, 2022",Other current liabilities,us-gaap:OtherLiabilitiesCurrent,reported,
balance_sheet,us-gaap:LiabilitiesCurrent,Total current liabilities,4Q22,24896.0,CSCO_SEC-XBRL-financials_as-presented_10-Q_2022-11-22_0000858877-22-000025.xlsx,Balance Sheet,"October 29, 2022",Total current liabilities,us-gaap:LiabilitiesCurrent,reported,
balance_sheet,us-gaap:LongTermDebtNoncurrent,Long-term debt,4Q22,7629.0,CSCO_SEC-XBRL-financials_as-presented_10-Q_2022-11-22_0000858877-22-000025.xlsx,Balance Sheet,"October 29, 2022",Long-term debt,us-gaap:LongTermDebtNoncurrent,reported,
balance_sheet,us-gaap:AccruedIncomeTaxesNoncurrent,Income taxes payable,4Q22,7835.0,CSCO_SEC-XBRL-financials_as-presented_10-Q_2022-11-22_0000858877-22-000025.xlsx,Balance Sheet,"October 29, 2022",Income taxes payable,us-gaap:AccruedIncomeTaxesNoncurrent,reported,
balance_sheet,us-gaap:ContractWithCustomerLiabilityNoncurrent,Deferred revenue,4Q22,10441.0,CSCO_SEC-XBRL-financials_as-presented_10-Q_2022-11-22_0000858877-22-000025.xlsx,Balance Sheet,"October 29, 2022",Deferred revenue,us-gaap:ContractWithCustomerLiabilityNoncurrent,reported,
balance_sheet,us-gaap:OtherLiabilitiesNoncurrent,Other long-term liabilities,4Q22,1981.0,CSCO_SEC-XBRL-financials_as-presented_10-Q_2022-11-22_0000858877-22-000025.xlsx,Balance Sheet,"October 29, 2022",Other long-term liabilities,us-gaap:OtherLiabilitiesNoncurrent,reported,
balance_sheet,us-gaap:Liabilities,Total liabilities,4Q22,52782.0,CSCO_SEC-XBRL-financials_as-presented_10-Q_2022-11-22_0000858877-22-000025.xlsx,Balance Sheet,"October 29, 2022",Total liabilities,us-gaap:Liabilities,reported,
balance_sheet,us-gaap:CommonStockParOrStatedValuePerShare,"Common stock and additional paid-in capital, $0.001 par value: 20,000 shares authorized; 4,217 and 4,237 shares issued and outstanding at July 31, 2021 and July 25, 2020, respectively",4Q22,42984.0,CSCO_SEC-XBRL-financials_as-presented_10-Q_2022-11-22_0000858877-22-000025.xlsx,Balance Sheet,"October 29, 2022","Common stock and additional paid-in capital, $0.001 par value: 20,000 shares authorized; 4,103 and 4,110 shares issued and outstanding at October 29, 2022 and July 30, 2022, respectively",us-gaap:CommonStockParOrStatedValuePerShare,reported,
balance_sheet,us-gaap:RetainedEarningsAccumulatedDeficit,Accumulated deficit,4Q22,-594.0,CSCO_SEC-XBRL-financials_as-presented_10-Q_2022-11-22_0000858877-22-000025.xlsx,Balance Sheet,"October 29, 2022",Accumulated deficit,us-gaap:RetainedEarningsAccumulatedDeficit,reported,
balance_sheet,us-gaap:AccumulatedOtherComprehensiveIncomeLossNetOfTax,Accumulated other comprehensive loss,4Q22,-2118.0,CSCO_SEC-XBRL-financials_as-presented_10-Q_2022-11-22_0000858877-22-000025.xlsx,Balance Sheet,"October 29, 2022",Accumulated other comprehensive loss,us-gaap:AccumulatedOtherComprehensiveIncomeLossNetOfTax,reported,
balance_sheet,us-gaap:StockholdersEquity,Total equity,4Q22,40272.0,CSCO_SEC-XBRL-financials_as-presented_10-Q_2022-11-22_0000858877-22-000025.xlsx,Balance Sheet,"October 29, 2022",Total equity,us-gaap:StockholdersEquity,reported,
balance_sheet,us-gaap:LiabilitiesAndStockholdersEquity,TOTAL LIABILITIES AND EQUITY,4Q22,93054.0,CSCO_SEC-XBRL-financials_as-presented_10-Q_2022-11-22_0000858877-22-000025.xlsx,Balance Sheet,"October 29, 2022",TOTAL LIABILITIES AND EQUITY,us-gaap:LiabilitiesAndStockholdersEquity,reported,
cash_flow,html:net-income,Net income,4Q22,2670.0,CSCO_SEC-XBRL-financials_as-presented_10-Q_2022-11-22_0000858877-22-000025.xlsx,Cash Flow,"Three Months Ended October 29, 2022",Net income,us-gaap:NetIncomeLoss,reported,
cash_flow,html:depreciation-amortization-and-other,"Depreciation, amortization, and other",4Q22,415.0,CSCO_SEC-XBRL-financials_as-presented_10-Q_2022-11-22_0000858877-22-000025.xlsx,Cash Flow,"Three Months Ended October 29, 2022","Depreciation, amortization, and other",csco:DepreciationAmortizationAndOther,reported,
cash_flow,html:share-based-compensation-expense,Share-based compensation expense,4Q22,496.0,CSCO_SEC-XBRL-financials_as-presented_10-Q_2022-11-22_0000858877-22-000025.xlsx,Cash Flow,"Three Months Ended October 29, 2022",Share-based compensation expense,us-gaap:ShareBasedCompensation,reported,
cash_flow,html:provision-benefit-for-receivables,Provision (benefit) for receivables,4Q22,7.0,CSCO_SEC-XBRL-financials_as-presented_10-Q_2022-11-22_0000858877-22-000025.xlsx,Cash Flow,"Three Months Ended October 29, 2022",Provision (benefit) for receivables,csco:AccountsReceivableAndFinancingReceivableCreditLossExpenseReversal,reported,
cash_flow,html:deferred-income-taxes,Deferred income taxes,4Q22,-366.0,CSCO_SEC-XBRL-financials_as-presented_10-Q_2022-11-22_0000858877-22-000025.xlsx,Cash Flow,"Three Months Ended October 29, 2022",Deferred income taxes,us-gaap:DeferredIncomeTaxesAndTaxCredits,reported,
cash_flow,html:gains-losses-on-divestitures-investments-and-other-net,"(Gains) losses on divestitures, investments and other, net",4Q22,131.0,CSCO_SEC-XBRL-financials_as-presented_10-Q_2022-11-22_0000858877-22-000025.xlsx,Cash Flow,"Three Months Ended October 29, 2022","(Gains) losses on divestitures, investments and other, net",us-gaap:GainLossOnInvestments,reported,
cash_flow,html:accounts-receivable,Accounts receivable,4Q22,1119.0,CSCO_SEC-XBRL-financials_as-presented_10-Q_2022-11-22_0000858877-22-000025.xlsx,Cash Flow,"Three Months Ended October 29, 2022",Accounts receivable,us-gaap:IncreaseDecreaseInAccountsReceivable,reported,
cash_flow,html:inventories,Inventories,4Q22,-108.0,CSCO_SEC-XBRL-financials_as-presented_10-Q_2022-11-22_0000858877-22-000025.xlsx,Cash Flow,"Three Months Ended October 29, 2022",Inventories,us-gaap:IncreaseDecreaseInInventories,reported,
cash_flow,html:financing-receivables,Financing receivables,4Q22,556.0,CSCO_SEC-XBRL-financials_as-presented_10-Q_2022-11-22_0000858877-22-000025.xlsx,Cash Flow,"Three Months Ended October 29, 2022",Financing receivables,us-gaap:IncreaseDecreaseInFinanceReceivables,reported,
cash_flow,html:other-assets,Other assets,4Q22,-316.0,CSCO_SEC-XBRL-financials_as-presented_10-Q_2022-11-22_0000858877-22-000025.xlsx,Cash Flow,"Three Months Ended October 29, 2022",Other assets,us-gaap:IncreaseDecreaseInOtherOperatingAssets,reported,
cash_flow,html:accounts-payable,Accounts payable,4Q22,42.0,CSCO_SEC-XBRL-financials_as-presented_10-Q_2022-11-22_0000858877-22-000025.xlsx,Cash Flow,"Three Months Ended October 29, 2022",Accounts payable,us-gaap:IncreaseDecreaseInAccountsPayable,reported,
cash_flow,html:income-taxes-net,"Income taxes, net",4Q22,20.0,CSCO_SEC-XBRL-financials_as-presented_10-Q_2022-11-22_0000858877-22-000025.xlsx,Cash Flow,"Three Months Ended October 29, 2022","Income taxes, net",us-gaap:IncreaseDecreaseInAccruedIncomeTaxesPayable,reported,
cash_flow,html:accrued-compensation,Accrued compensation,4Q22,-384.0,CSCO_SEC-XBRL-financials_as-presented_10-Q_2022-11-22_0000858877-22-000025.xlsx,Cash Flow,"Three Months Ended October 29, 2022",Accrued compensation,us-gaap:IncreaseDecreaseInEmployeeRelatedLiabilities,reported,
cash_flow,html:deferred-revenue,Deferred revenue,4Q22,-78.0,CSCO_SEC-XBRL-financials_as-presented_10-Q_2022-11-22_0000858877-22-000025.xlsx,Cash Flow,"Three Months Ended October 29, 2022",Deferred revenue,us-gaap:IncreaseDecreaseInContractWithCustomerLiability,reported,
cash_flow,html:other-liabilities,Other liabilities,4Q22,-242.0,CSCO_SEC-XBRL-financials_as-presented_10-Q_2022-11-22_0000858877-22-000025.xlsx,Cash Flow,"Three Months Ended October 29, 2022",Other liabilities,us-gaap:IncreaseDecreaseInOtherOperatingLiabilities,reported,
cash_flow,html:net-cash-provided-by-operating-activities,Net cash provided by operating activities,4Q22,3962.0,CSCO_SEC-XBRL-financials_as-presented_10-Q_2022-11-22_0000858877-22-000025.xlsx,Cash Flow,"Three Months Ended October 29, 2022",Net cash provided by operating activities,us-gaap:NetCashProvidedByUsedInOperatingActivities,reported,
cash_flow,html:purchases-of-investments,Purchases of investments,4Q22,-1943.0,CSCO_SEC-XBRL-financials_as-presented_10-Q_2022-11-22_0000858877-22-000025.xlsx,Cash Flow,"Three Months Ended October 29, 2022",Purchases of investments,us-gaap:PaymentsToAcquireInvestments,reported,
cash_flow,html:proceeds-from-sales-of-investments,Proceeds from sales of investments,4Q22,407.0,CSCO_SEC-XBRL-financials_as-presented_10-Q_2022-11-22_0000858877-22-000025.xlsx,Cash Flow,"Three Months Ended October 29, 2022",Proceeds from sales of investments,us-gaap:ProceedsFromSaleOfAvailableForSaleSecuritiesDebt,reported,
cash_flow,html:proceeds-from-maturities-of-investments,Proceeds from maturities of investments,4Q22,971.0,CSCO_SEC-XBRL-financials_as-presented_10-Q_2022-11-22_0000858877-22-000025.xlsx,Cash Flow,"Three Months Ended October 29, 2022",Proceeds from maturities of investments,us-gaap:ProceedsFromMaturitiesPrepaymentsAndCallsOfAvailableForSaleSecurities,reported,
cash_flow,html:purchases-of-investments-in-privately-held-companies,Purchases of investments in privately held companies,4Q22,-48.0,CSCO_SEC-XBRL-financials_as-presented_10-Q_2022-11-22_0000858877-22-000025.xlsx,Cash Flow,"Three Months Ended October 29, 2022",Purchases of investments in privately held companies,csco:PaymentsForPurchaseOfInvestmentsInPrivatelyHeldCompanies,reported,
cash_flow,html:return-of-investments-in-privately-held-companies,Return of investments in privately held companies,4Q22,10.0,CSCO_SEC-XBRL-financials_as-presented_10-Q_2022-11-22_0000858877-22-000025.xlsx,Cash Flow,"Three Months Ended October 29, 2022",Return of investments in privately held companies,csco:ProceedsFromInvestmentsInPrivatelyHeldCompanies,reported,
cash_flow,html:acquisition-of-property-and-equipment,Acquisition of property and equipment,4Q22,-176.0,CSCO_SEC-XBRL-financials_as-presented_10-Q_2022-11-22_0000858877-22-000025.xlsx,Cash Flow,"Three Months Ended October 29, 2022",Acquisition of property and equipment,us-gaap:PaymentsToAcquirePropertyPlantAndEquipment,reported,
cash_flow,html:other,Other,4Q22,-49.0,CSCO_SEC-XBRL-financials_as-presented_10-Q_2022-11-22_0000858877-22-000025.xlsx,Cash Flow,"Three Months Ended October 29, 2022",Other,us-gaap:PaymentsForProceedsFromOtherInvestingActivities + us-gaap:ProceedsFromPaymentsForOtherFinancingActivities,summed_within_file,SUM(us-gaap:PaymentsForProceedsFromOtherInvestingActivities + us-gaap:ProceedsFromPaymentsForOtherFinancingActivities) in CSCO_SEC-XBRL-financials_as-presented_10-Q_2022-11-22_0000858877-22-000025.xlsx
cash_flow,html:net-cash-provided-by-used-in-investing-activities,Net cash provided by (used in) investing activities,4Q22,-799.0,CSCO_SEC-XBRL-financials_as-presented_10-Q_2022-11-22_0000858877-22-000025.xlsx,Cash Flow,"Three Months Ended October 29, 2022",Net cash used in investing activities,us-gaap:NetCashProvidedByUsedInInvestingActivities,reported,
cash_flow,html:repurchases-of-common-stock-repurchase-program,Repurchases of common stock - repurchase program,4Q22,-556.0,CSCO_SEC-XBRL-financials_as-presented_10-Q_2022-11-22_0000858877-22-000025.xlsx,Cash Flow,"Three Months Ended October 29, 2022",Repurchases of common stock—repurchase program,us-gaap:PaymentsForRepurchaseOfCommonStock,reported,
cash_flow,html:shares-repurchased-for-tax-withholdings-on-vesting-of-restricted-stock-units,Shares repurchased for tax withholdings on vesting of restricted stock units,4Q22,-108.0,CSCO_SEC-XBRL-financials_as-presented_10-Q_2022-11-22_0000858877-22-000025.xlsx,Cash Flow,"Three Months Ended October 29, 2022",Shares repurchased for tax withholdings on vesting of restricted stock units,us-gaap:PaymentsRelatedToTaxWithholdingForShareBasedCompensation,reported,
cash_flow,html:short-term-borrowings-original-maturities-of-90-days-or-less-net,"Short-term borrowings, original maturities of 90 days or less, net",4Q22,-602.0,CSCO_SEC-XBRL-financials_as-presented_10-Q_2022-11-22_0000858877-22-000025.xlsx,Cash Flow,"Three Months Ended October 29, 2022","Short-term borrowings, original maturities of 90 days or less, net",us-gaap:ProceedsFromRepaymentsOfShortTermDebtMaturingInThreeMonthsOrLess,reported,
cash_flow,html:dividends-paid,Dividends paid,4Q22,-1560.0,CSCO_SEC-XBRL-financials_as-presented_10-Q_2022-11-22_0000858877-22-000025.xlsx,Cash Flow,"Three Months Ended October 29, 2022",Dividends paid,us-gaap:PaymentsOfDividends,reported,
cash_flow,html:net-cash-used-in-financing-activities,Net cash used in financing activities,4Q22,-2855.0,CSCO_SEC-XBRL-financials_as-presented_10-Q_2022-11-22_0000858877-22-000025.xlsx,Cash Flow,"Three Months Ended October 29, 2022",Net cash used in financing activities,us-gaap:NetCashProvidedByUsedInFinancingActivities,reported,
cash_flow,us-gaap:EffectOfExchangeRateOnCashCashEquivalentsRestrictedCashAndRestrictedCashEquivalentsDisposalGroupIncludingDiscontinuedOperations,"Effect of foreign currency exchange rate changes on cash, cash equivalents, restricted cash and restricted cash equivalents",4Q22,-95.0,CSCO_SEC-XBRL-financials_as-presented_10-Q_2022-11-22_0000858877-22-000025.xlsx,Cash Flow,"Three Months Ended October 29, 2022","Effect of foreign currency exchange rate changes on cash, cash equivalents, restricted cash and restricted cash equivalents",us-gaap:EffectOfExchangeRateOnCashCashEquivalentsRestrictedCashAndRestrictedCashEquivalentsDisposalGroupIncludingDiscontinuedOperations,reported,
cash_flow,html:net-increase-decrease-in-cash-cash-equivalents-and-restricted-cash,"Net increase (decrease) in cash, cash equivalents, and restricted cash",4Q22,213.0,CSCO_SEC-XBRL-financials_as-presented_10-Q_2022-11-22_0000858877-22-000025.xlsx,Cash Flow,"Three Months Ended October 29, 2022","Net increase (decrease) in cash, cash equivalents, restricted cash and restricted cash equivalents",us-gaap:CashCashEquivalentsRestrictedCashAndRestrictedCashEquivalentsPeriodIncreaseDecreaseIncludingExchangeRateEffect,reported,
cash_flow,html:cash-cash-equivalents-and-restricted-cash-beginning-of-fiscal-year,"Cash, cash equivalents, and restricted cash, beginning of fiscal year",4Q22,8579.0,CSCO_SEC-XBRL-financials_as-presented_10-Q_2022-11-22_0000858877-22-000025.xlsx,Cash Flow,"Three Months Ended October 29, 2022","Cash, cash equivalents, restricted cash and restricted cash equivalents, beginning of period",us-gaap:CashCashEquivalentsRestrictedCashAndRestrictedCashEquivalents,reported,
cash_flow,html:cash-paid-for-interest,Cash paid for interest,4Q22,114.0,CSCO_SEC-XBRL-financials_as-presented_10-Q_2022-11-22_0000858877-22-000025.xlsx,Cash Flow,"Three Months Ended October 29, 2022",Cash paid for interest,us-gaap:InterestPaidNet,reported,
cash_flow,html:cash-paid-for-income-taxes-net,"Cash paid for income taxes, net",4Q22,1150.0,CSCO_SEC-XBRL-financials_as-presented_10-Q_2022-11-22_0000858877-22-000025.xlsx,Cash Flow,"Three Months Ended October 29, 2022","Cash paid for income taxes, net",us-gaap:IncomeTaxesPaidNet,reported,
income_statement,html:product,Product,1Q23,37514.0,CSCO_SEC-XBRL-financials_as-presented_10-Q_2023-02-21_0000858877-23-000005.xlsx,Income Statement,"Three Months Ended January 28, 2023",Product; Service; Total cost of sales; Total revenue,us-gaap:CostOfGoodsAndServicesSold + us-gaap:RevenueFromContractWithCustomerExcludingAssessedTax,summed_within_file,SUM(us-gaap:CostOfGoodsAndServicesSold + us-gaap:RevenueFromContractWithCustomerExcludingAssessedTax) in CSCO_SEC-XBRL-financials_as-presented_10-Q_2023-02-21_0000858877-23-000005.xlsx
income_statement,html:gross-margin,GROSS MARGIN,1Q23,8427.0,CSCO_SEC-XBRL-financials_as-presented_10-Q_2023-02-21_0000858877-23-000005.xlsx,Income Statement,"Three Months Ended January 28, 2023",GROSS MARGIN,us-gaap:GrossProfit,reported,
income_statement,html:research-and-development,Research and development,1Q23,1855.0,CSCO_SEC-XBRL-financials_as-presented_10-Q_2023-02-21_0000858877-23-000005.xlsx,Income Statement,"Three Months Ended January 28, 2023",Research and development,us-gaap:ResearchAndDevelopmentExpense,reported,
income_statement,html:sales-and-marketing,Sales and marketing,1Q23,2384.0,CSCO_SEC-XBRL-financials_as-presented_10-Q_2023-02-21_0000858877-23-000005.xlsx,Income Statement,"Three Months Ended January 28, 2023",Sales and marketing,us-gaap:SellingAndMarketingExpense,reported,
income_statement,html:general-and-administrative,General and administrative,1Q23,582.0,CSCO_SEC-XBRL-financials_as-presented_10-Q_2023-02-21_0000858877-23-000005.xlsx,Income Statement,"Three Months Ended January 28, 2023",General and administrative,us-gaap:GeneralAndAdministrativeExpense,reported,
income_statement,html:amortization-of-purchased-intangible-assets,Amortization of purchased intangible assets,1Q23,71.0,CSCO_SEC-XBRL-financials_as-presented_10-Q_2023-02-21_0000858877-23-000005.xlsx,Income Statement,"Three Months Ended January 28, 2023",Amortization of purchased intangible assets,us-gaap:AmortizationOfIntangibleAssets,reported,
income_statement,html:restructuring-and-other-charges,Restructuring and other charges,1Q23,243.0,CSCO_SEC-XBRL-financials_as-presented_10-Q_2023-02-21_0000858877-23-000005.xlsx,Income Statement,"Three Months Ended January 28, 2023",Restructuring and other charges,csco:RestructuringAndOtherCharges,reported,
income_statement,html:operating-expenses,OPERATING EXPENSES:,1Q23,5135.0,CSCO_SEC-XBRL-financials_as-presented_10-Q_2023-02-21_0000858877-23-000005.xlsx,Income Statement,"Three Months Ended January 28, 2023",Total operating expenses,us-gaap:OperatingExpenses,reported,
income_statement,html:operating-income,OPERATING INCOME,1Q23,3292.0,CSCO_SEC-XBRL-financials_as-presented_10-Q_2023-02-21_0000858877-23-000005.xlsx,Income Statement,"Three Months Ended January 28, 2023",OPERATING INCOME,us-gaap:OperatingIncomeLoss,reported,
income_statement,html:interest-and-other-income-loss-net,"Interest and other income (loss), net",1Q23,235.0,CSCO_SEC-XBRL-financials_as-presented_10-Q_2023-02-21_0000858877-23-000005.xlsx,Income Statement,"Three Months Ended January 28, 2023","Interest and other income (loss), net; Interest expense; Interest income",us-gaap:InterestExpense; us-gaap:InvestmentIncomeInterestAndDividend; us-gaap:NonoperatingIncomeExpense,interest_net,"interest_net: signed_sum=235.0 from values=[219.0, -107.0, 123.0]"
income_statement,html:other-income-loss-net,"Other income (loss), net",1Q23,11.0,CSCO_SEC-XBRL-financials_as-presented_10-Q_2023-02-21_0000858877-23-000005.xlsx,Income Statement,"Three Months Ended January 28, 2023","Other income (loss), net",us-gaap:OtherNonoperatingIncomeExpense,reported,
income_statement,html:income-before-provision-for-income-taxes,INCOME BEFORE PROVISION FOR INCOME TAXES,1Q23,3415.0,CSCO_SEC-XBRL-financials_as-presented_10-Q_2023-02-21_0000858877-23-000005.xlsx,Income Statement,"Three Months Ended January 28, 2023",INCOME BEFORE PROVISION FOR INCOME TAXES,us-gaap:IncomeLossFromContinuingOperationsBeforeIncomeTaxesExtraordinaryItemsNoncontrollingInterest,reported,
income_statement,html:provision-for-income-taxes,Provision for income taxes,1Q23,642.0,CSCO_SEC-XBRL-financials_as-presented_10-Q_2023-02-21_0000858877-23-000005.xlsx,Income Statement,"Three Months Ended January 28, 2023",Provision for income taxes,us-gaap:IncomeTaxExpenseBenefit,reported,
income_statement,html:net-income,NET INCOME,1Q23,2773.0,CSCO_SEC-XBRL-financials_as-presented_10-Q_2023-02-21_0000858877-23-000005.xlsx,Income Statement,"Three Months Ended January 28, 2023",NET INCOME,us-gaap:NetIncomeLoss,reported,
income_statement,html:basic,Basic,1Q23,4.7829999999999995,CSCO_SEC-XBRL-financials_as-presented_10-Q_2023-02-21_0000858877-23-000005.xlsx,Income Statement,"Three Months Ended January 28, 2023",Basic,us-gaap:EarningsPerShareBasic + us-gaap:WeightedAverageNumberOfSharesOutstandingBasic,summed_within_file,SUM(us-gaap:EarningsPerShareBasic + us-gaap:WeightedAverageNumberOfSharesOutstandingBasic) in CSCO_SEC-XBRL-financials_as-presented_10-Q_2023-02-21_0000858877-23-000005.xlsx
income_statement,html:diluted,Diluted,1Q23,4.786,CSCO_SEC-XBRL-financials_as-presented_10-Q_2023-02-21_0000858877-23-000005.xlsx,Income Statement,"Three Months Ended January 28, 2023",Diluted,us-gaap:EarningsPerShareDiluted + us-gaap:WeightedAverageNumberOfDilutedSharesOutstanding,summed_within_file,SUM(us-gaap:EarningsPerShareDiluted + us-gaap:WeightedAverageNumberOfDilutedSharesOutstanding) in CSCO_SEC-XBRL-financials_as-presented_10-Q_2023-02-21_0000858877-23-000005.xlsx
balance_sheet,us-gaap:CashAndCashEquivalentsAtCarryingValue,Cash and cash equivalents,1Q23,9009.0,CSCO_SEC-XBRL-financials_as-presented_10-Q_2023-02-21_0000858877-23-000005.xlsx,Balance Sheet,"January 28, 2023",Cash and cash equivalents,us-gaap:CashAndCashEquivalentsAtCarryingValue,reported,
balance_sheet,us-gaap:ShortTermInvestments,Investments,1Q23,13052.0,CSCO_SEC-XBRL-financials_as-presented_10-Q_2023-02-21_0000858877-23-000005.xlsx,Balance Sheet,"January 28, 2023",Investments,us-gaap:ShortTermInvestments,reported,
balance_sheet,us-gaap:AllowanceForDoubtfulAccountsReceivableCurrent,"Accounts receivable, net of allowance of $109 at July 31, 2021 and $143 at July 25, 2020",1Q23,5237.0,CSCO_SEC-XBRL-financials_as-presented_10-Q_2023-02-21_0000858877-23-000005.xlsx,Balance Sheet,"January 28, 2023","Accounts receivable, net of allowance of $86 at January 28, 2023 and $83 at July 30, 2022",us-gaap:AllowanceForDoubtfulAccountsReceivableCurrent,reported,
balance_sheet,us-gaap:InventoryNet,Inventories,1Q23,3140.0,CSCO_SEC-XBRL-financials_as-presented_10-Q_2023-02-21_0000858877-23-000005.xlsx,Balance Sheet,"January 28, 2023",Inventories,us-gaap:InventoryNet,reported,
balance_sheet,us-gaap:NotesAndLoansReceivableNetCurrent,"Financing receivables, net",1Q23,3557.0,CSCO_SEC-XBRL-financials_as-presented_10-Q_2023-02-21_0000858877-23-000005.xlsx,Balance Sheet,"January 28, 2023","Financing receivables, net",us-gaap:NotesAndLoansReceivableNetCurrent,reported,
balance_sheet,us-gaap:OtherAssetsCurrent,Other current assets,1Q23,4520.0,CSCO_SEC-XBRL-financials_as-presented_10-Q_2023-02-21_0000858877-23-000005.xlsx,Balance Sheet,"January 28, 2023",Other current assets,us-gaap:OtherAssetsCurrent,reported,
balance_sheet,us-gaap:AssetsCurrent,Total current assets,1Q23,38515.0,CSCO_SEC-XBRL-financials_as-presented_10-Q_2023-02-21_0000858877-23-000005.xlsx,Balance Sheet,"January 28, 2023",Total current assets,us-gaap:AssetsCurrent,reported,
balance_sheet,us-gaap:PropertyPlantAndEquipmentNet,"Property and equipment, net",1Q23,1964.0,CSCO_SEC-XBRL-financials_as-presented_10-Q_2023-02-21_0000858877-23-000005.xlsx,Balance Sheet,"January 28, 2023","Property and equipment, net",us-gaap:PropertyPlantAndEquipmentNet,reported,
balance_sheet,us-gaap:NotesAndLoansReceivableNetNoncurrent,"Financing receivables, net",1Q23,3554.0,CSCO_SEC-XBRL-financials_as-presented_10-Q_2023-02-21_0000858877-23-000005.xlsx,Balance Sheet,"January 28, 2023","Financing receivables, net",us-gaap:NotesAndLoansReceivableNetNoncurrent,reported,
balance_sheet,us-gaap:Goodwill,Goodwill,1Q23,38388.0,CSCO_SEC-XBRL-financials_as-presented_10-Q_2023-02-21_0000858877-23-000005.xlsx,Balance Sheet,"January 28, 2023",Goodwill,us-gaap:Goodwill,reported,
balance_sheet,us-gaap:IntangibleAssetsNetExcludingGoodwill,"Purchased intangible assets, net",1Q23,2134.0,CSCO_SEC-XBRL-financials_as-presented_10-Q_2023-02-21_0000858877-23-000005.xlsx,Balance Sheet,"January 28, 2023","Purchased intangible assets, net",us-gaap:IntangibleAssetsNetExcludingGoodwill,reported,
balance_sheet,us-gaap:DeferredIncomeTaxAssetsNet,Deferred tax assets,1Q23,5321.0,CSCO_SEC-XBRL-financials_as-presented_10-Q_2023-02-21_0000858877-23-000005.xlsx,Balance Sheet,"January 28, 2023",Deferred tax assets,us-gaap:DeferredIncomeTaxAssetsNet,reported,
balance_sheet,us-gaap:OtherAssetsNoncurrent,Other assets,1Q23,5964.0,CSCO_SEC-XBRL-financials_as-presented_10-Q_2023-02-21_0000858877-23-000005.xlsx,Balance Sheet,"January 28, 2023",Other assets,us-gaap:OtherAssetsNoncurrent,reported,
balance_sheet,us-gaap:Assets,TOTAL ASSETS,1Q23,95840.0,CSCO_SEC-XBRL-financials_as-presented_10-Q_2023-02-21_0000858877-23-000005.xlsx,Balance Sheet,"January 28, 2023",TOTAL ASSETS,us-gaap:Assets,reported,
balance_sheet,us-gaap:DebtCurrent,Short-term debt,1Q23,1250.0,CSCO_SEC-XBRL-financials_as-presented_10-Q_2023-02-21_0000858877-23-000005.xlsx,Balance Sheet,"January 28, 2023",Short-term debt,us-gaap:DebtCurrent,reported,
balance_sheet,us-gaap:AccountsPayableCurrent,Accounts payable,1Q23,2329.0,CSCO_SEC-XBRL-financials_as-presented_10-Q_2023-02-21_0000858877-23-000005.xlsx,Balance Sheet,"January 28, 2023",Accounts payable,us-gaap:AccountsPayableCurrent,reported,
balance_sheet,us-gaap:AccruedIncomeTaxesCurrent,Income taxes payable,1Q23,2200.0,CSCO_SEC-XBRL-financials_as-presented_10-Q_2023-02-21_0000858877-23-000005.xlsx,Balance Sheet,"January 28, 2023",Income taxes payable,us-gaap:AccruedIncomeTaxesCurrent,reported,
balance_sheet,us-gaap:EmployeeRelatedLiabilitiesCurrent,Accrued compensation,1Q23,3187.0,CSCO_SEC-XBRL-financials_as-presented_10-Q_2023-02-21_0000858877-23-000005.xlsx,Balance Sheet,"January 28, 2023",Accrued compensation,us-gaap:EmployeeRelatedLiabilitiesCurrent,reported,
balance_sheet,us-gaap:ContractWithCustomerLiabilityCurrent,Deferred revenue,1Q23,13109.0,CSCO_SEC-XBRL-financials_as-presented_10-Q_2023-02-21_0000858877-23-000005.xlsx,Balance Sheet,"January 28, 2023",Deferred revenue,us-gaap:ContractWithCustomerLiabilityCurrent,reported,
balance_sheet,us-gaap:OtherLiabilitiesCurrent,Other current liabilities,1Q23,5177.0,CSCO_SEC-XBRL-financials_as-presented_10-Q_2023-02-21_0000858877-23-000005.xlsx,Balance Sheet,"January 28, 2023",Other current liabilities,us-gaap:OtherLiabilitiesCurrent,reported,
balance_sheet,us-gaap:LiabilitiesCurrent,Total current liabilities,1Q23,27252.0,CSCO_SEC-XBRL-financials_as-presented_10-Q_2023-02-21_0000858877-23-000005.xlsx,Balance Sheet,"January 28, 2023",Total current liabilities,us-gaap:LiabilitiesCurrent,reported,
balance_sheet,us-gaap:LongTermDebtNoncurrent,Long-term debt,1Q23,7637.0,CSCO_SEC-XBRL-financials_as-presented_10-Q_2023-02-21_0000858877-23-000005.xlsx,Balance Sheet,"January 28, 2023",Long-term debt,us-gaap:LongTermDebtNoncurrent,reported,
balance_sheet,us-gaap:AccruedIncomeTaxesNoncurrent,Income taxes payable,1Q23,6609.0,CSCO_SEC-XBRL-financials_as-presented_10-Q_2023-02-21_0000858877-23-000005.xlsx,Balance Sheet,"January 28, 2023",Income taxes payable,us-gaap:AccruedIncomeTaxesNoncurrent,reported,
balance_sheet,us-gaap:ContractWithCustomerLiabilityNoncurrent,Deferred revenue,1Q23,10818.0,CSCO_SEC-XBRL-financials_as-presented_10-Q_2023-02-21_0000858877-23-000005.xlsx,Balance Sheet,"January 28, 2023",Deferred revenue,us-gaap:ContractWithCustomerLiabilityNoncurrent,reported,
balance_sheet,us-gaap:OtherLiabilitiesNoncurrent,Other long-term liabilities,1Q23,2050.0,CSCO_SEC-XBRL-financials_as-presented_10-Q_2023-02-21_0000858877-23-000005.xlsx,Balance Sheet,"January 28, 2023",Other long-term liabilities,us-gaap:OtherLiabilitiesNoncurrent,reported,
balance_sheet,us-gaap:Liabilities,Total liabilities,1Q23,54366.0,CSCO_SEC-XBRL-financials_as-presented_10-Q_2023-02-21_0000858877-23-000005.xlsx,Balance Sheet,"January 28, 2023",Total liabilities,us-gaap:Liabilities,reported,
balance_sheet,us-gaap:CommonStockParOrStatedValuePerShare,"Common stock and additional paid-in capital, $0.001 par value: 20,000 shares authorized; 4,217 and 4,237 shares issued and outstanding at July 31, 2021 and July 25, 2020, respectively",1Q23,43424.0,CSCO_SEC-XBRL-financials_as-presented_10-Q_2023-02-21_0000858877-23-000005.xlsx,Balance Sheet,"January 28, 2023","Common stock and additional paid-in capital, $0.001 par value: 20,000 shares authorized; 4,095 and 4,110 shares issued and outstanding at January 28, 2023 and July 30, 2022, respectively",us-gaap:CommonStockParOrStatedValuePerShare,reported,
balance_sheet,us-gaap:RetainedEarningsAccumulatedDeficit,Accumulated deficit,1Q23,-364.0,CSCO_SEC-XBRL-financials_as-presented_10-Q_2023-02-21_0000858877-23-000005.xlsx,Balance Sheet,"January 28, 2023",Accumulated deficit,us-gaap:RetainedEarningsAccumulatedDeficit,reported,
balance_sheet,us-gaap:AccumulatedOtherComprehensiveIncomeLossNetOfTax,Accumulated other comprehensive loss,1Q23,-1586.0,CSCO_SEC-XBRL-financials_as-presented_10-Q_2023-02-21_0000858877-23-000005.xlsx,Balance Sheet,"January 28, 2023",Accumulated other comprehensive loss,us-gaap:AccumulatedOtherComprehensiveIncomeLossNetOfTax,reported,
balance_sheet,us-gaap:StockholdersEquity,Total equity,1Q23,41474.0,CSCO_SEC-XBRL-financials_as-presented_10-Q_2023-02-21_0000858877-23-000005.xlsx,Balance Sheet,"January 28, 2023",Total equity,us-gaap:StockholdersEquity,reported,
balance_sheet,us-gaap:LiabilitiesAndStockholdersEquity,TOTAL LIABILITIES AND EQUITY,1Q23,95840.0,CSCO_SEC-XBRL-financials_as-presented_10-Q_2023-02-21_0000858877-23-000005.xlsx,Balance Sheet,"January 28, 2023",TOTAL LIABILITIES AND EQUITY,us-gaap:LiabilitiesAndStockholdersEquity,reported,
income_statement,html:product,Product,2Q23,39820.0,CSCO_SEC-XBRL-financials_as-presented_10-Q_2023-05-24_0000858877-23-000013.xlsx,Income Statement,"Three Months Ended April 29, 2023",Product; Service; Total cost of sales; Total revenue,us-gaap:CostOfGoodsAndServicesSold + us-gaap:RevenueFromContractWithCustomerExcludingAssessedTax,summed_within_file,SUM(us-gaap:CostOfGoodsAndServicesSold + us-gaap:RevenueFromContractWithCustomerExcludingAssessedTax) in CSCO_SEC-XBRL-financials_as-presented_10-Q_2023-05-24_0000858877-23-000013.xlsx
income_statement,html:gross-margin,GROSS MARGIN,2Q23,9232.0,CSCO_SEC-XBRL-financials_as-presented_10-Q_2023-05-24_0000858877-23-000013.xlsx,Income Statement,"Three Months Ended April 29, 2023",GROSS MARGIN,us-gaap:GrossProfit,reported,
income_statement,html:research-and-development,Research and development,2Q23,1962.0,CSCO_SEC-XBRL-financials_as-presented_10-Q_2023-05-24_0000858877-23-000013.xlsx,Income Statement,"Three Months Ended April 29, 2023",Research and development,us-gaap:ResearchAndDevelopmentExpense,reported,
income_statement,html:sales-and-marketing,Sales and marketing,2Q23,2526.0,CSCO_SEC-XBRL-financials_as-presented_10-Q_2023-05-24_0000858877-23-000013.xlsx,Income Statement,"Three Months Ended April 29, 2023",Sales and marketing,us-gaap:SellingAndMarketingExpense,reported,
income_statement,html:general-and-administrative,General and administrative,2Q23,641.0,CSCO_SEC-XBRL-financials_as-presented_10-Q_2023-05-24_0000858877-23-000013.xlsx,Income Statement,"Three Months Ended April 29, 2023",General and administrative,us-gaap:GeneralAndAdministrativeExpense,reported,
income_statement,html:amortization-of-purchased-intangible-assets,Amortization of purchased intangible assets,2Q23,70.0,CSCO_SEC-XBRL-financials_as-presented_10-Q_2023-05-24_0000858877-23-000013.xlsx,Income Statement,"Three Months Ended April 29, 2023",Amortization of purchased intangible assets,us-gaap:AmortizationOfIntangibleAssets,reported,
income_statement,html:restructuring-and-other-charges,Restructuring and other charges,2Q23,87.0,CSCO_SEC-XBRL-financials_as-presented_10-Q_2023-05-24_0000858877-23-000013.xlsx,Income Statement,"Three Months Ended April 29, 2023",Restructuring and other charges,csco:RestructuringAndOtherCharges,reported,
income_statement,html:operating-expenses,OPERATING EXPENSES:,2Q23,5286.0,CSCO_SEC-XBRL-financials_as-presented_10-Q_2023-05-24_0000858877-23-000013.xlsx,Income Statement,"Three Months Ended April 29, 2023",Total operating expenses,us-gaap:OperatingExpenses,reported,
income_statement,html:operating-income,OPERATING INCOME,2Q23,3946.0,CSCO_SEC-XBRL-financials_as-presented_10-Q_2023-05-24_0000858877-23-000013.xlsx,Income Statement,"Three Months Ended April 29, 2023",OPERATING INCOME,us-gaap:OperatingIncomeLoss,reported,
income_statement,html:interest-and-other-income-loss-net,"Interest and other income (loss), net",2Q23,164.0,CSCO_SEC-XBRL-financials_as-presented_10-Q_2023-05-24_0000858877-23-000013.xlsx,Income Statement,"Three Months Ended April 29, 2023","Interest and other income (loss), net; Interest expense; Interest income",us-gaap:InterestExpense; us-gaap:InvestmentIncomeInterestAndDividend; us-gaap:NonoperatingIncomeExpense,interest_net,"interest_net: signed_sum=164.0 from values=[262.0, -109.0, 11.0]"
income_statement,html:other-income-loss-net,"Other income (loss), net",2Q23,-142.0,CSCO_SEC-XBRL-financials_as-presented_10-Q_2023-05-24_0000858877-23-000013.xlsx,Income Statement,"Three Months Ended April 29, 2023","Other income (loss), net",us-gaap:OtherNonoperatingIncomeExpense,reported,
income_statement,html:income-before-provision-for-income-taxes,INCOME BEFORE PROVISION FOR INCOME TAXES,2Q23,3957.0,CSCO_SEC-XBRL-financials_as-presented_10-Q_2023-05-24_0000858877-23-000013.xlsx,Income Statement,"Three Months Ended April 29, 2023",INCOME BEFORE PROVISION FOR INCOME TAXES,us-gaap:IncomeLossFromContinuingOperationsBeforeIncomeTaxesExtraordinaryItemsNoncontrollingInterest,reported,
income_statement,html:provision-for-income-taxes,Provision for income taxes,2Q23,745.0,CSCO_SEC-XBRL-financials_as-presented_10-Q_2023-05-24_0000858877-23-000013.xlsx,Income Statement,"Three Months Ended April 29, 2023",Provision for income taxes,us-gaap:IncomeTaxExpenseBenefit,reported,
income_statement,html:net-income,NET INCOME,2Q23,3212.0,CSCO_SEC-XBRL-financials_as-presented_10-Q_2023-05-24_0000858877-23-000013.xlsx,Income Statement,"Three Months Ended April 29, 2023",NET INCOME,us-gaap:NetIncomeLoss,reported,
income_statement,html:basic,Basic,2Q23,4.8790000000000004,CSCO_SEC-XBRL-financials_as-presented_10-Q_2023-05-24_0000858877-23-000013.xlsx,Income Statement,"Three Months Ended April 29, 2023",Basic,us-gaap:EarningsPerShareBasic + us-gaap:WeightedAverageNumberOfSharesOutstandingBasic,summed_within_file,SUM(us-gaap:EarningsPerShareBasic + us-gaap:WeightedAverageNumberOfSharesOutstandingBasic) in CSCO_SEC-XBRL-financials_as-presented_10-Q_2023-05-24_0000858877-23-000013.xlsx
income_statement,html:diluted,Diluted,2Q23,4.890000000000001,CSCO_SEC-XBRL-financials_as-presented_10-Q_2023-05-24_0000858877-23-000013.xlsx,Income Statement,"Three Months Ended April 29, 2023",Diluted,us-gaap:EarningsPerShareDiluted + us-gaap:WeightedAverageNumberOfDilutedSharesOutstanding,summed_within_file,SUM(us-gaap:EarningsPerShareDiluted + us-gaap:WeightedAverageNumberOfDilutedSharesOutstanding) in CSCO_SEC-XBRL-financials_as-presented_10-Q_2023-05-24_0000858877-23-000013.xlsx
balance_sheet,us-gaap:CashAndCashEquivalentsAtCarryingValue,Cash and cash equivalents,2Q23,8044.0,CSCO_SEC-XBRL-financials_as-presented_10-Q_2023-05-24_0000858877-23-000013.xlsx,Balance Sheet,"April 29, 2023",Cash and cash equivalents,us-gaap:CashAndCashEquivalentsAtCarryingValue,reported,
balance_sheet,us-gaap:ShortTermInvestments,Investments,2Q23,15244.0,CSCO_SEC-XBRL-financials_as-presented_10-Q_2023-05-24_0000858877-23-000013.xlsx,Balance Sheet,"April 29, 2023",Investments,us-gaap:ShortTermInvestments,reported,
balance_sheet,us-gaap:AllowanceForDoubtfulAccountsReceivableCurrent,"Accounts receivable, net of allowance of $109 at July 31, 2021 and $143 at July 25, 2020",2Q23,5104.0,CSCO_SEC-XBRL-financials_as-presented_10-Q_2023-05-24_0000858877-23-000013.xlsx,Balance Sheet,"April 29, 2023","Accounts receivable, net of allowance of $83 as of each of April 29, 2023 and July 30, 2022",us-gaap:AllowanceForDoubtfulAccountsReceivableCurrent,reported,
balance_sheet,us-gaap:InventoryNet,Inventories,2Q23,3474.0,CSCO_SEC-XBRL-financials_as-presented_10-Q_2023-05-24_0000858877-23-000013.xlsx,Balance Sheet,"April 29, 2023",Inventories,us-gaap:InventoryNet,reported,
balance_sheet,us-gaap:NotesAndLoansReceivableNetCurrent,"Financing receivables, net",2Q23,3402.0,CSCO_SEC-XBRL-financials_as-presented_10-Q_2023-05-24_0000858877-23-000013.xlsx,Balance Sheet,"April 29, 2023","Financing receivables, net",us-gaap:NotesAndLoansReceivableNetCurrent,reported,
balance_sheet,us-gaap:OtherAssetsCurrent,Other current assets,2Q23,4682.0,CSCO_SEC-XBRL-financials_as-presented_10-Q_2023-05-24_0000858877-23-000013.xlsx,Balance Sheet,"April 29, 2023",Other current assets,us-gaap:OtherAssetsCurrent,reported,
balance_sheet,us-gaap:AssetsCurrent,Total current assets,2Q23,39950.0,CSCO_SEC-XBRL-financials_as-presented_10-Q_2023-05-24_0000858877-23-000013.xlsx,Balance Sheet,"April 29, 2023",Total current assets,us-gaap:AssetsCurrent,reported,
balance_sheet,us-gaap:PropertyPlantAndEquipmentNet,"Property and equipment, net",2Q23,2047.0,CSCO_SEC-XBRL-financials_as-presented_10-Q_2023-05-24_0000858877-23-000013.xlsx,Balance Sheet,"April 29, 2023","Property and equipment, net",us-gaap:PropertyPlantAndEquipmentNet,reported,
balance_sheet,us-gaap:NotesAndLoansReceivableNetNoncurrent,"Financing receivables, net",2Q23,3393.0,CSCO_SEC-XBRL-financials_as-presented_10-Q_2023-05-24_0000858877-23-000013.xlsx,Balance Sheet,"April 29, 2023","Financing receivables, net",us-gaap:NotesAndLoansReceivableNetNoncurrent,reported,
balance_sheet,us-gaap:Goodwill,Goodwill,2Q23,38369.0,CSCO_SEC-XBRL-financials_as-presented_10-Q_2023-05-24_0000858877-23-000013.xlsx,Balance Sheet,"April 29, 2023",Goodwill,us-gaap:Goodwill,reported,
balance_sheet,us-gaap:IntangibleAssetsNetExcludingGoodwill,"Purchased intangible assets, net",2Q23,1966.0,CSCO_SEC-XBRL-financials_as-presented_10-Q_2023-05-24_0000858877-23-000013.xlsx,Balance Sheet,"April 29, 2023","Purchased intangible assets, net",us-gaap:IntangibleAssetsNetExcludingGoodwill,reported,
balance_sheet,us-gaap:DeferredIncomeTaxAssetsNet,Deferred tax assets,2Q23,5817.0,CSCO_SEC-XBRL-financials_as-presented_10-Q_2023-05-24_0000858877-23-000013.xlsx,Balance Sheet,"April 29, 2023",Deferred tax assets,us-gaap:DeferredIncomeTaxAssetsNet,reported,
balance_sheet,us-gaap:OtherAssetsNoncurrent,Other assets,2Q23,5987.0,CSCO_SEC-XBRL-financials_as-presented_10-Q_2023-05-24_0000858877-23-000013.xlsx,Balance Sheet,"April 29, 2023",Other assets,us-gaap:OtherAssetsNoncurrent,reported,
balance_sheet,us-gaap:Assets,TOTAL ASSETS,2Q23,97529.0,CSCO_SEC-XBRL-financials_as-presented_10-Q_2023-05-24_0000858877-23-000013.xlsx,Balance Sheet,"April 29, 2023",TOTAL ASSETS,us-gaap:Assets,reported,
balance_sheet,us-gaap:DebtCurrent,Short-term debt,2Q23,1731.0,CSCO_SEC-XBRL-financials_as-presented_10-Q_2023-05-24_0000858877-23-000013.xlsx,Balance Sheet,"April 29, 2023",Short-term debt,us-gaap:DebtCurrent,reported,
balance_sheet,us-gaap:AccountsPayableCurrent,Accounts payable,2Q23,2442.0,CSCO_SEC-XBRL-financials_as-presented_10-Q_2023-05-24_0000858877-23-000013.xlsx,Balance Sheet,"April 29, 2023",Accounts payable,us-gaap:AccountsPayableCurrent,reported,
balance_sheet,us-gaap:AccruedIncomeTaxesCurrent,Income taxes payable,2Q23,3132.0,CSCO_SEC-XBRL-financials_as-presented_10-Q_2023-05-24_0000858877-23-000013.xlsx,Balance Sheet,"April 29, 2023",Income taxes payable,us-gaap:AccruedIncomeTaxesCurrent,reported,
balance_sheet,us-gaap:EmployeeRelatedLiabilitiesCurrent,Accrued compensation,2Q23,3352.0,CSCO_SEC-XBRL-financials_as-presented_10-Q_2023-05-24_0000858877-23-000013.xlsx,Balance Sheet,"April 29, 2023",Accrued compensation,us-gaap:EmployeeRelatedLiabilitiesCurrent,reported,
balance_sheet,us-gaap:ContractWithCustomerLiabilityCurrent,Deferred revenue,2Q23,13249.0,CSCO_SEC-XBRL-financials_as-presented_10-Q_2023-05-24_0000858877-23-000013.xlsx,Balance Sheet,"April 29, 2023",Deferred revenue,us-gaap:ContractWithCustomerLiabilityCurrent,reported,
balance_sheet,us-gaap:OtherLiabilitiesCurrent,Other current liabilities,2Q23,4813.0,CSCO_SEC-XBRL-financials_as-presented_10-Q_2023-05-24_0000858877-23-000013.xlsx,Balance Sheet,"April 29, 2023",Other current liabilities,us-gaap:OtherLiabilitiesCurrent,reported,
balance_sheet,us-gaap:LiabilitiesCurrent,Total current liabilities,2Q23,28719.0,CSCO_SEC-XBRL-financials_as-presented_10-Q_2023-05-24_0000858877-23-000013.xlsx,Balance Sheet,"April 29, 2023",Total current liabilities,us-gaap:LiabilitiesCurrent,reported,
balance_sheet,us-gaap:LongTermDebtNoncurrent,Long-term debt,2Q23,6663.0,CSCO_SEC-XBRL-financials_as-presented_10-Q_2023-05-24_0000858877-23-000013.xlsx,Balance Sheet,"April 29, 2023",Long-term debt,us-gaap:LongTermDebtNoncurrent,reported,
balance_sheet,us-gaap:AccruedIncomeTaxesNoncurrent,Income taxes payable,2Q23,6725.0,CSCO_SEC-XBRL-financials_as-presented_10-Q_2023-05-24_0000858877-23-000013.xlsx,Balance Sheet,"April 29, 2023",Income taxes payable,us-gaap:AccruedIncomeTaxesNoncurrent,reported,
balance_sheet,us-gaap:ContractWithCustomerLiabilityNoncurrent,Deferred revenue,2Q23,11011.0,CSCO_SEC-XBRL-financials_as-presented_10-Q_2023-05-24_0000858877-23-000013.xlsx,Balance Sheet,"April 29, 2023",Deferred revenue,us-gaap:ContractWithCustomerLiabilityNoncurrent,reported,
balance_sheet,us-gaap:OtherLiabilitiesNoncurrent,Other long-term liabilities,2Q23,2116.0,CSCO_SEC-XBRL-financials_as-presented_10-Q_2023-05-24_0000858877-23-000013.xlsx,Balance Sheet,"April 29, 2023",Other long-term liabilities,us-gaap:OtherLiabilitiesNoncurrent,reported,
balance_sheet,us-gaap:Liabilities,Total liabilities,2Q23,55234.0,CSCO_SEC-XBRL-financials_as-presented_10-Q_2023-05-24_0000858877-23-000013.xlsx,Balance Sheet,"April 29, 2023",Total liabilities,us-gaap:Liabilities,reported,
balance_sheet,us-gaap:CommonStockParOrStatedValuePerShare,"Common stock and additional paid-in capital, $0.001 par value: 20,000 shares authorized; 4,217 and 4,237 shares issued and outstanding at July 31, 2021 and July 25, 2020, respectively",2Q23,43639.0,CSCO_SEC-XBRL-financials_as-presented_10-Q_2023-05-24_0000858877-23-000013.xlsx,Balance Sheet,"April 29, 2023","Common stock and additional paid-in capital, $0.001 par value: 20,000 shares authorized; 4,075 and 4,110 shares issued and outstanding at April 29, 2023 and July 30, 2022, respectively",us-gaap:CommonStockParOrStatedValuePerShare,reported,
balance_sheet,us-gaap:RetainedEarningsAccumulatedDeficit,Accumulated deficit,2Q23,262.0,CSCO_SEC-XBRL-financials_as-presented_10-Q_2023-05-24_0000858877-23-000013.xlsx,Balance Sheet,"April 29, 2023",Retained earnings (Accumulated deficit),us-gaap:RetainedEarningsAccumulatedDeficit,reported,
balance_sheet,us-gaap:AccumulatedOtherComprehensiveIncomeLossNetOfTax,Accumulated other comprehensive loss,2Q23,-1606.0,CSCO_SEC-XBRL-financials_as-presented_10-Q_2023-05-24_0000858877-23-000013.xlsx,Balance Sheet,"April 29, 2023",Accumulated other comprehensive loss,us-gaap:AccumulatedOtherComprehensiveIncomeLossNetOfTax,reported,
balance_sheet,us-gaap:StockholdersEquity,Total equity,2Q23,42295.0,CSCO_SEC-XBRL-financials_as-presented_10-Q_2023-05-24_0000858877-23-000013.xlsx,Balance Sheet,"April 29, 2023",Total equity,us-gaap:StockholdersEquity,reported,
balance_sheet,us-gaap:LiabilitiesAndStockholdersEquity,TOTAL LIABILITIES AND EQUITY,2Q23,97529.0,CSCO_SEC-XBRL-financials_as-presented_10-Q_2023-05-24_0000858877-23-000013.xlsx,Balance Sheet,"April 29, 2023",TOTAL LIABILITIES AND EQUITY,us-gaap:LiabilitiesAndStockholdersEquity,reported,
income_statement,html:product,Product,4Q23,39558.0,CSCO_SEC-XBRL-financials_as-presented_10-Q_2023-11-21_0000858877-23-000031.xlsx,Income Statement,"Three Months Ended October 28, 2023",Product; Service; Total cost of sales; Total revenue,us-gaap:CostOfGoodsAndServicesSold + us-gaap:RevenueFromContractWithCustomerExcludingAssessedTax,summed_within_file,SUM(us-gaap:CostOfGoodsAndServicesSold + us-gaap:RevenueFromContractWithCustomerExcludingAssessedTax) in CSCO_SEC-XBRL-financials_as-presented_10-Q_2023-11-21_0000858877-23-000031.xlsx
income_statement,html:gross-margin,GROSS MARGIN,4Q23,9557.0,CSCO_SEC-XBRL-financials_as-presented_10-Q_2023-11-21_0000858877-23-000031.xlsx,Income Statement,"Three Months Ended October 28, 2023",GROSS MARGIN,us-gaap:GrossProfit,reported,
income_statement,html:research-and-development,Research and development,4Q23,1913.0,CSCO_SEC-XBRL-financials_as-presented_10-Q_2023-11-21_0000858877-23-000031.xlsx,Income Statement,"Three Months Ended October 28, 2023",Research and development,us-gaap:ResearchAndDevelopmentExpense,reported,
income_statement,html:sales-and-marketing,Sales and marketing,4Q23,2506.0,CSCO_SEC-XBRL-financials_as-presented_10-Q_2023-11-21_0000858877-23-000031.xlsx,Income Statement,"Three Months Ended October 28, 2023",Sales and marketing,us-gaap:SellingAndMarketingExpense,reported,
income_statement,html:general-and-administrative,General and administrative,4Q23,672.0,CSCO_SEC-XBRL-financials_as-presented_10-Q_2023-11-21_0000858877-23-000031.xlsx,Income Statement,"Three Months Ended October 28, 2023",General and administrative,us-gaap:GeneralAndAdministrativeExpense,reported,
income_statement,html:amortization-of-purchased-intangible-assets,Amortization of purchased intangible assets,4Q23,67.0,CSCO_SEC-XBRL-financials_as-presented_10-Q_2023-11-21_0000858877-23-000031.xlsx,Income Statement,"Three Months Ended October 28, 2023",Amortization of purchased intangible assets,us-gaap:AmortizationOfIntangibleAssets,reported,
income_statement,html:restructuring-and-other-charges,Restructuring and other charges,4Q23,123.0,CSCO_SEC-XBRL-financials_as-presented_10-Q_2023-11-21_0000858877-23-000031.xlsx,Income Statement,"Three Months Ended October 28, 2023",Restructuring and other charges,csco:RestructuringAndOtherCharges,reported,
income_statement,html:operating-expenses,OPERATING EXPENSES:,4Q23,5281.0,CSCO_SEC-XBRL-financials_as-presented_10-Q_2023-11-21_0000858877-23-000031.xlsx,Income Statement,"Three Months Ended October 28, 2023",Total operating expenses,us-gaap:OperatingExpenses,reported,
income_statement,html:operating-income,OPERATING INCOME,4Q23,4276.0,CSCO_SEC-XBRL-financials_as-presented_10-Q_2023-11-21_0000858877-23-000031.xlsx,Income Statement,"Three Months Ended October 28, 2023",OPERATING INCOME,us-gaap:OperatingIncomeLoss,reported,
income_statement,html:interest-and-other-income-loss-net,"Interest and other income (loss), net",4Q23,415.0,CSCO_SEC-XBRL-financials_as-presented_10-Q_2023-11-21_0000858877-23-000031.xlsx,Income Statement,"Three Months Ended October 28, 2023","Interest and other income (loss), net; Interest expense; Interest income",us-gaap:InterestExpense; us-gaap:InvestmentIncomeInterestAndDividend; us-gaap:NonoperatingIncomeExpense,interest_net,"interest_net: signed_sum=415.0 from values=[360.0, -111.0, 166.0]"
income_statement,html:other-income-loss-net,"Other income (loss), net",4Q23,-83.0,CSCO_SEC-XBRL-financials_as-presented_10-Q_2023-11-21_0000858877-23-000031.xlsx,Income Statement,"Three Months Ended October 28, 2023","Other income (loss), net",us-gaap:OtherNonoperatingIncomeExpense,reported,
income_statement,html:income-before-provision-for-income-taxes,INCOME BEFORE PROVISION FOR INCOME TAXES,4Q23,4442.0,CSCO_SEC-XBRL-financials_as-presented_10-Q_2023-11-21_0000858877-23-000031.xlsx,Income Statement,"Three Months Ended October 28, 2023",INCOME BEFORE PROVISION FOR INCOME TAXES,us-gaap:IncomeLossFromContinuingOperationsBeforeIncomeTaxesExtraordinaryItemsNoncontrollingInterest,reported,
income_statement,html:provision-for-income-taxes,Provision for income taxes,4Q23,804.0,CSCO_SEC-XBRL-financials_as-presented_10-Q_2023-11-21_0000858877-23-000031.xlsx,Income Statement,"Three Months Ended October 28, 2023",Provision for income taxes,us-gaap:IncomeTaxExpenseBenefit,reported,
income_statement,html:net-income,NET INCOME,4Q23,3638.0,CSCO_SEC-XBRL-financials_as-presented_10-Q_2023-11-21_0000858877-23-000031.xlsx,Income Statement,"Three Months Ended October 28, 2023",NET INCOME,us-gaap:NetIncomeLoss,reported,
income_statement,html:basic,Basic,4Q23,4.957000000000001,CSCO_SEC-XBRL-financials_as-presented_10-Q_2023-11-21_0000858877-23-000031.xlsx,Income Statement,"Three Months Ended October 28, 2023",Basic,us-gaap:EarningsPerShareBasic + us-gaap:WeightedAverageNumberOfSharesOutstandingBasic,summed_within_file,SUM(us-gaap:EarningsPerShareBasic + us-gaap:WeightedAverageNumberOfSharesOutstandingBasic) in CSCO_SEC-XBRL-financials_as-presented_10-Q_2023-11-21_0000858877-23-000031.xlsx
income_statement,html:diluted,Diluted,4Q23,4.976999999999999,CSCO_SEC-XBRL-financials_as-presented_10-Q_2023-11-21_0000858877-23-000031.xlsx,Income Statement,"Three Months Ended October 28, 2023",Diluted,us-gaap:EarningsPerShareDiluted + us-gaap:WeightedAverageNumberOfDilutedSharesOutstanding,summed_within_file,SUM(us-gaap:EarningsPerShareDiluted + us-gaap:WeightedAverageNumberOfDilutedSharesOutstanding) in CSCO_SEC-XBRL-financials_as-presented_10-Q_2023-11-21_0000858877-23-000031.xlsx
balance_sheet,us-gaap:CashAndCashEquivalentsAtCarryingValue,Cash and cash equivalents,4Q23,9602.0,CSCO_SEC-XBRL-financials_as-presented_10-Q_2023-11-21_0000858877-23-000031.xlsx,Balance Sheet,"October 28, 2023",Cash and cash equivalents,us-gaap:CashAndCashEquivalentsAtCarryingValue,reported,
balance_sheet,us-gaap:ShortTermInvestments,Investments,4Q23,13921.0,CSCO_SEC-XBRL-financials_as-presented_10-Q_2023-11-21_0000858877-23-000031.xlsx,Balance Sheet,"October 28, 2023",Investments,us-gaap:ShortTermInvestments,reported,
balance_sheet,us-gaap:AllowanceForDoubtfulAccountsReceivableCurrent,"Accounts receivable, net of allowance of $109 at July 31, 2021 and $143 at July 25, 2020",4Q23,4833.0,CSCO_SEC-XBRL-financials_as-presented_10-Q_2023-11-21_0000858877-23-000031.xlsx,Balance Sheet,"October 28, 2023","Accounts receivable, net of allowance of $82 at October 28, 2023 and $85 at July 29, 2023",us-gaap:AllowanceForDoubtfulAccountsReceivableCurrent,reported,
balance_sheet,us-gaap:InventoryNet,Inventories,4Q23,3342.0,CSCO_SEC-XBRL-financials_as-presented_10-Q_2023-11-21_0000858877-23-000031.xlsx,Balance Sheet,"October 28, 2023",Inventories,us-gaap:InventoryNet,reported,
balance_sheet,us-gaap:NotesAndLoansReceivableNetCurrent,"Financing receivables, net",4Q23,3414.0,CSCO_SEC-XBRL-financials_as-presented_10-Q_2023-11-21_0000858877-23-000031.xlsx,Balance Sheet,"October 28, 2023","Financing receivables, net",us-gaap:NotesAndLoansReceivableNetCurrent,reported,
balance_sheet,us-gaap:OtherAssetsCurrent,Other current assets,4Q23,4547.0,CSCO_SEC-XBRL-financials_as-presented_10-Q_2023-11-21_0000858877-23-000031.xlsx,Balance Sheet,"October 28, 2023",Other current assets,us-gaap:OtherAssetsCurrent,reported,
balance_sheet,us-gaap:AssetsCurrent,Total current assets,4Q23,39659.0,CSCO_SEC-XBRL-financials_as-presented_10-Q_2023-11-21_0000858877-23-000031.xlsx,Balance Sheet,"October 28, 2023",Total current assets,us-gaap:AssetsCurrent,reported,
balance_sheet,us-gaap:PropertyPlantAndEquipmentNet,"Property and equipment, net",4Q23,2004.0,CSCO_SEC-XBRL-financials_as-presented_10-Q_2023-11-21_0000858877-23-000031.xlsx,Balance Sheet,"October 28, 2023","Property and equipment, net",us-gaap:PropertyPlantAndEquipmentNet,reported,
balance_sheet,us-gaap:NotesAndLoansReceivableNetNoncurrent,"Financing receivables, net",4Q23,3324.0,CSCO_SEC-XBRL-financials_as-presented_10-Q_2023-11-21_0000858877-23-000031.xlsx,Balance Sheet,"October 28, 2023","Financing receivables, net",us-gaap:NotesAndLoansReceivableNetNoncurrent,reported,
balance_sheet,us-gaap:Goodwill,Goodwill,4Q23,38900.0,CSCO_SEC-XBRL-financials_as-presented_10-Q_2023-11-21_0000858877-23-000031.xlsx,Balance Sheet,"October 28, 2023",Goodwill,us-gaap:Goodwill,reported,
balance_sheet,us-gaap:IntangibleAssetsNetExcludingGoodwill,"Purchased intangible assets, net",4Q23,1914.0,CSCO_SEC-XBRL-financials_as-presented_10-Q_2023-11-21_0000858877-23-000031.xlsx,Balance Sheet,"October 28, 2023","Purchased intangible assets, net",us-gaap:IntangibleAssetsNetExcludingGoodwill,reported,
balance_sheet,us-gaap:DeferredIncomeTaxAssetsNet,Deferred tax assets,4Q23,7102.0,CSCO_SEC-XBRL-financials_as-presented_10-Q_2023-11-21_0000858877-23-000031.xlsx,Balance Sheet,"October 28, 2023",Deferred tax assets,us-gaap:DeferredIncomeTaxAssetsNet,reported,
balance_sheet,us-gaap:OtherAssetsNoncurrent,Other assets,4Q23,5879.0,CSCO_SEC-XBRL-financials_as-presented_10-Q_2023-11-21_0000858877-23-000031.xlsx,Balance Sheet,"October 28, 2023",Other assets,us-gaap:OtherAssetsNoncurrent,reported,
balance_sheet,us-gaap:Assets,TOTAL ASSETS,4Q23,98782.0,CSCO_SEC-XBRL-financials_as-presented_10-Q_2023-11-21_0000858877-23-000031.xlsx,Balance Sheet,"October 28, 2023",TOTAL ASSETS,us-gaap:Assets,reported,
balance_sheet,us-gaap:DebtCurrent,Short-term debt,4Q23,990.0,CSCO_SEC-XBRL-financials_as-presented_10-Q_2023-11-21_0000858877-23-000031.xlsx,Balance Sheet,"October 28, 2023",Short-term debt,us-gaap:DebtCurrent,reported,
balance_sheet,us-gaap:AccountsPayableCurrent,Accounts payable,4Q23,2084.0,CSCO_SEC-XBRL-financials_as-presented_10-Q_2023-11-21_0000858877-23-000031.xlsx,Balance Sheet,"October 28, 2023",Accounts payable,us-gaap:AccountsPayableCurrent,reported,
balance_sheet,us-gaap:AccruedIncomeTaxesCurrent,Income taxes payable,4Q23,2380.0,CSCO_SEC-XBRL-financials_as-presented_10-Q_2023-11-21_0000858877-23-000031.xlsx,Balance Sheet,"October 28, 2023",Income taxes payable,us-gaap:AccruedIncomeTaxesCurrent,reported,
balance_sheet,us-gaap:EmployeeRelatedLiabilitiesCurrent,Accrued compensation,4Q23,3039.0,CSCO_SEC-XBRL-financials_as-presented_10-Q_2023-11-21_0000858877-23-000031.xlsx,Balance Sheet,"October 28, 2023",Accrued compensation,us-gaap:EmployeeRelatedLiabilitiesCurrent,reported,
balance_sheet,us-gaap:ContractWithCustomerLiabilityCurrent,Deferred revenue,4Q23,13812.0,CSCO_SEC-XBRL-financials_as-presented_10-Q_2023-11-21_0000858877-23-000031.xlsx,Balance Sheet,"October 28, 2023",Deferred revenue,us-gaap:ContractWithCustomerLiabilityCurrent,reported,
balance_sheet,us-gaap:OtherLiabilitiesCurrent,Other current liabilities,4Q23,4730.0,CSCO_SEC-XBRL-financials_as-presented_10-Q_2023-11-21_0000858877-23-000031.xlsx,Balance Sheet,"October 28, 2023",Other current liabilities,us-gaap:OtherLiabilitiesCurrent,reported,
balance_sheet,us-gaap:LiabilitiesCurrent,Total current liabilities,4Q23,27035.0,CSCO_SEC-XBRL-financials_as-presented_10-Q_2023-11-21_0000858877-23-000031.xlsx,Balance Sheet,"October 28, 2023",Total current liabilities,us-gaap:LiabilitiesCurrent,reported,
balance_sheet,us-gaap:LongTermDebtNoncurrent,Long-term debt,4Q23,6660.0,CSCO_SEC-XBRL-financials_as-presented_10-Q_2023-11-21_0000858877-23-000031.xlsx,Balance Sheet,"October 28, 2023",Long-term debt,us-gaap:LongTermDebtNoncurrent,reported,
balance_sheet,us-gaap:AccruedIncomeTaxesNoncurrent,Income taxes payable,4Q23,5790.0,CSCO_SEC-XBRL-financials_as-presented_10-Q_2023-11-21_0000858877-23-000031.xlsx,Balance Sheet,"October 28, 2023",Income taxes payable,us-gaap:AccruedIncomeTaxesNoncurrent,reported,
balance_sheet,us-gaap:ContractWithCustomerLiabilityNoncurrent,Deferred revenue,4Q23,11847.0,CSCO_SEC-XBRL-financials_as-presented_10-Q_2023-11-21_0000858877-23-000031.xlsx,Balance Sheet,"October 28, 2023",Deferred revenue,us-gaap:ContractWithCustomerLiabilityNoncurrent,reported,
balance_sheet,us-gaap:OtherLiabilitiesNoncurrent,Other long-term liabilities,4Q23,2240.0,CSCO_SEC-XBRL-financials_as-presented_10-Q_2023-11-21_0000858877-23-000031.xlsx,Balance Sheet,"October 28, 2023",Other long-term liabilities,us-gaap:OtherLiabilitiesNoncurrent,reported,
balance_sheet,us-gaap:Liabilities,Total liabilities,4Q23,53572.0,CSCO_SEC-XBRL-financials_as-presented_10-Q_2023-11-21_0000858877-23-000031.xlsx,Balance Sheet,"October 28, 2023",Total liabilities,us-gaap:Liabilities,reported,
balance_sheet,us-gaap:CommonStockParOrStatedValuePerShare,"Common stock and additional paid-in capital, $0.001 par value: 20,000 shares authorized; 4,217 and 4,237 shares issued and outstanding at July 31, 2021 and July 25, 2020, respectively",4Q23,44546.0,CSCO_SEC-XBRL-financials_as-presented_10-Q_2023-11-21_0000858877-23-000031.xlsx,Balance Sheet,"October 28, 2023","Common stock and additional paid-in capital, $0.001 par value: 20,000 shares authorized; 4,049 and 4,066 shares issued and outstanding at October 28, 2023 and July 29, 2023, respectively",us-gaap:CommonStockParOrStatedValuePerShare,reported,
balance_sheet,us-gaap:RetainedEarningsAccumulatedDeficit,Accumulated deficit,4Q23,2689.0,CSCO_SEC-XBRL-financials_as-presented_10-Q_2023-11-21_0000858877-23-000031.xlsx,Balance Sheet,"October 28, 2023",Retained earnings,us-gaap:RetainedEarningsAccumulatedDeficit,reported,
balance_sheet,us-gaap:AccumulatedOtherComprehensiveIncomeLossNetOfTax,Accumulated other comprehensive loss,4Q23,-2025.0,CSCO_SEC-XBRL-financials_as-presented_10-Q_2023-11-21_0000858877-23-000031.xlsx,Balance Sheet,"October 28, 2023",Accumulated other comprehensive loss,us-gaap:AccumulatedOtherComprehensiveIncomeLossNetOfTax,reported,
balance_sheet,us-gaap:StockholdersEquity,Total equity,4Q23,45210.0,CSCO_SEC-XBRL-financials_as-presented_10-Q_2023-11-21_0000858877-23-000031.xlsx,Balance Sheet,"October 28, 2023",Total equity,us-gaap:StockholdersEquity,reported,
balance_sheet,us-gaap:LiabilitiesAndStockholdersEquity,TOTAL LIABILITIES AND EQUITY,4Q23,98782.0,CSCO_SEC-XBRL-financials_as-presented_10-Q_2023-11-21_0000858877-23-000031.xlsx,Balance Sheet,"October 28, 2023",TOTAL LIABILITIES AND EQUITY,us-gaap:LiabilitiesAndStockholdersEquity,reported,
cash_flow,html:net-income,Net income,4Q23,3638.0,CSCO_SEC-XBRL-financials_as-presented_10-Q_2023-11-21_0000858877-23-000031.xlsx,Cash Flow,"Three Months Ended October 28, 2023",Net income,us-gaap:NetIncomeLoss,reported,
cash_flow,html:depreciation-amortization-and-other,"Depreciation, amortization, and other",4Q23,401.0,CSCO_SEC-XBRL-financials_as-presented_10-Q_2023-11-21_0000858877-23-000031.xlsx,Cash Flow,"Three Months Ended October 28, 2023","Depreciation, amortization, and other",csco:DepreciationAmortizationAndOther,reported,
cash_flow,html:share-based-compensation-expense,Share-based compensation expense,4Q23,661.0,CSCO_SEC-XBRL-financials_as-presented_10-Q_2023-11-21_0000858877-23-000031.xlsx,Cash Flow,"Three Months Ended October 28, 2023",Share-based compensation expense,us-gaap:ShareBasedCompensation,reported,
cash_flow,html:provision-benefit-for-receivables,Provision (benefit) for receivables,4Q23,4.0,CSCO_SEC-XBRL-financials_as-presented_10-Q_2023-11-21_0000858877-23-000031.xlsx,Cash Flow,"Three Months Ended October 28, 2023",Provision (benefit) for receivables,csco:AccountsReceivableAndFinancingReceivableCreditLossExpenseReversal,reported,
cash_flow,html:deferred-income-taxes,Deferred income taxes,4Q23,-513.0,CSCO_SEC-XBRL-financials_as-presented_10-Q_2023-11-21_0000858877-23-000031.xlsx,Cash Flow,"Three Months Ended October 28, 2023",Deferred income taxes,us-gaap:DeferredIncomeTaxesAndTaxCredits,reported,
cash_flow,html:gains-losses-on-divestitures-investments-and-other-net,"(Gains) losses on divestitures, investments and other, net",4Q23,89.0,CSCO_SEC-XBRL-financials_as-presented_10-Q_2023-11-21_0000858877-23-000031.xlsx,Cash Flow,"Three Months Ended October 28, 2023","(Gains) losses on divestitures, investments and other, net",us-gaap:GainLossOnInvestments,reported,
cash_flow,html:accounts-receivable,Accounts receivable,4Q23,979.0,CSCO_SEC-XBRL-financials_as-presented_10-Q_2023-11-21_0000858877-23-000031.xlsx,Cash Flow,"Three Months Ended October 28, 2023",Accounts receivable,us-gaap:IncreaseDecreaseInAccountsReceivable,reported,
cash_flow,html:inventories,Inventories,4Q23,307.0,CSCO_SEC-XBRL-financials_as-presented_10-Q_2023-11-21_0000858877-23-000031.xlsx,Cash Flow,"Three Months Ended October 28, 2023",Inventories,us-gaap:IncreaseDecreaseInInventories,reported,
cash_flow,html:financing-receivables,Financing receivables,4Q23,25.0,CSCO_SEC-XBRL-financials_as-presented_10-Q_2023-11-21_0000858877-23-000031.xlsx,Cash Flow,"Three Months Ended October 28, 2023",Financing receivables,us-gaap:IncreaseDecreaseInFinanceReceivables,reported,
cash_flow,html:other-assets,Other assets,4Q23,-290.0,CSCO_SEC-XBRL-financials_as-presented_10-Q_2023-11-21_0000858877-23-000031.xlsx,Cash Flow,"Three Months Ended October 28, 2023",Other assets,us-gaap:IncreaseDecreaseInOtherOperatingAssets,reported,
cash_flow,html:accounts-payable,Accounts payable,4Q23,-235.0,CSCO_SEC-XBRL-financials_as-presented_10-Q_2023-11-21_0000858877-23-000031.xlsx,Cash Flow,"Three Months Ended October 28, 2023",Accounts payable,us-gaap:IncreaseDecreaseInAccountsPayable,reported,
cash_flow,html:income-taxes-net,"Income taxes, net",4Q23,-1773.0,CSCO_SEC-XBRL-financials_as-presented_10-Q_2023-11-21_0000858877-23-000031.xlsx,Cash Flow,"Three Months Ended October 28, 2023","Income taxes, net",us-gaap:IncreaseDecreaseInAccruedIncomeTaxesPayable,reported,
cash_flow,html:accrued-compensation,Accrued compensation,4Q23,-908.0,CSCO_SEC-XBRL-financials_as-presented_10-Q_2023-11-21_0000858877-23-000031.xlsx,Cash Flow,"Three Months Ended October 28, 2023",Accrued compensation,us-gaap:IncreaseDecreaseInEmployeeRelatedLiabilities,reported,
cash_flow,html:deferred-revenue,Deferred revenue,4Q23,259.0,CSCO_SEC-XBRL-financials_as-presented_10-Q_2023-11-21_0000858877-23-000031.xlsx,Cash Flow,"Three Months Ended October 28, 2023",Deferred revenue,us-gaap:IncreaseDecreaseInContractWithCustomerLiability,reported,
cash_flow,html:other-liabilities,Other liabilities,4Q23,-273.0,CSCO_SEC-XBRL-financials_as-presented_10-Q_2023-11-21_0000858877-23-000031.xlsx,Cash Flow,"Three Months Ended October 28, 2023",Other liabilities,us-gaap:IncreaseDecreaseInOtherOperatingLiabilities,reported,
cash_flow,html:net-cash-provided-by-operating-activities,Net cash provided by operating activities,4Q23,2371.0,CSCO_SEC-XBRL-financials_as-presented_10-Q_2023-11-21_0000858877-23-000031.xlsx,Cash Flow,"Three Months Ended October 28, 2023",Net cash provided by operating activities,us-gaap:NetCashProvidedByUsedInOperatingActivities,reported,
cash_flow,html:purchases-of-investments,Purchases of investments,4Q23,-1850.0,CSCO_SEC-XBRL-financials_as-presented_10-Q_2023-11-21_0000858877-23-000031.xlsx,Cash Flow,"Three Months Ended October 28, 2023",Purchases of investments,us-gaap:PaymentsToAcquireInvestments,reported,
cash_flow,html:proceeds-from-sales-of-investments,Proceeds from sales of investments,4Q23,1280.0,CSCO_SEC-XBRL-financials_as-presented_10-Q_2023-11-21_0000858877-23-000031.xlsx,Cash Flow,"Three Months Ended October 28, 2023",Proceeds from sales of investments,us-gaap:ProceedsFromSaleOfAvailableForSaleSecuritiesDebt,reported,
cash_flow,html:proceeds-from-maturities-of-investments,Proceeds from maturities of investments,4Q23,2497.0,CSCO_SEC-XBRL-financials_as-presented_10-Q_2023-11-21_0000858877-23-000031.xlsx,Cash Flow,"Three Months Ended October 28, 2023",Proceeds from maturities of investments,us-gaap:ProceedsFromMaturitiesPrepaymentsAndCallsOfAvailableForSaleSecurities,reported,
cash_flow,html:acquisitions-and-divestitures,Acquisitions and divestitures,4Q23,-876.0,CSCO_SEC-XBRL-financials_as-presented_10-Q_2023-11-21_0000858877-23-000031.xlsx,Cash Flow,"Three Months Ended October 28, 2023","Acquisitions, net of cash and cash equivalents acquired and divestitures",csco:PaymentsToAcquireBusinessesNetOfCashAcquiredAndNetOfDivestitures,reported,
cash_flow,html:purchases-of-investments-in-privately-held-companies,Purchases of investments in privately held companies,4Q23,-13.0,CSCO_SEC-XBRL-financials_as-presented_10-Q_2023-11-21_0000858877-23-000031.xlsx,Cash Flow,"Three Months Ended October 28, 2023",Purchases of investments in privately held companies,csco:PaymentsForPurchaseOfInvestmentsInPrivatelyHeldCompanies,reported,
cash_flow,html:return-of-investments-in-privately-held-companies,Return of investments in privately held companies,4Q23,47.0,CSCO_SEC-XBRL-financials_as-presented_10-Q_2023-11-21_0000858877-23-000031.xlsx,Cash Flow,"Three Months Ended October 28, 2023",Return of investments in privately held companies,csco:ProceedsFromInvestmentsInPrivatelyHeldCompanies,reported,
cash_flow,html:acquisition-of-property-and-equipment,Acquisition of property and equipment,4Q23,-134.0,CSCO_SEC-XBRL-financials_as-presented_10-Q_2023-11-21_0000858877-23-000031.xlsx,Cash Flow,"Three Months Ended October 28, 2023",Acquisition of property and equipment,us-gaap:PaymentsToAcquirePropertyPlantAndEquipment,reported,
cash_flow,html:other,Other,4Q23,-16.0,CSCO_SEC-XBRL-financials_as-presented_10-Q_2023-11-21_0000858877-23-000031.xlsx,Cash Flow,"Three Months Ended October 28, 2023",Other,us-gaap:PaymentsForProceedsFromOtherInvestingActivities + us-gaap:ProceedsFromPaymentsForOtherFinancingActivities,summed_within_file,SUM(us-gaap:PaymentsForProceedsFromOtherInvestingActivities + us-gaap:ProceedsFromPaymentsForOtherFinancingActivities) in CSCO_SEC-XBRL-financials_as-presented_10-Q_2023-11-21_0000858877-23-000031.xlsx
cash_flow,html:net-cash-provided-by-used-in-investing-activities,Net cash provided by (used in) investing activities,4Q23,952.0,CSCO_SEC-XBRL-financials_as-presented_10-Q_2023-11-21_0000858877-23-000031.xlsx,Cash Flow,"Three Months Ended October 28, 2023",Net cash provided by (used in) investing activities,us-gaap:NetCashProvidedByUsedInInvestingActivities,reported,
cash_flow,html:repurchases-of-common-stock-repurchase-program,Repurchases of common stock - repurchase program,4Q23,-1300.0,CSCO_SEC-XBRL-financials_as-presented_10-Q_2023-11-21_0000858877-23-000031.xlsx,Cash Flow,"Three Months Ended October 28, 2023",Repurchases of common stock—repurchase program,us-gaap:PaymentsForRepurchaseOfCommonStock,reported,
cash_flow,html:shares-repurchased-for-tax-withholdings-on-vesting-of-restricted-stock-units,Shares repurchased for tax withholdings on vesting of restricted stock units,4Q23,-153.0,CSCO_SEC-XBRL-financials_as-presented_10-Q_2023-11-21_0000858877-23-000031.xlsx,Cash Flow,"Three Months Ended October 28, 2023",Shares repurchased for tax withholdings on vesting of restricted stock units,us-gaap:PaymentsRelatedToTaxWithholdingForShareBasedCompensation,reported,
cash_flow,html:repayments-of-debt,Repayments of debt,4Q23,-750.0,CSCO_SEC-XBRL-financials_as-presented_10-Q_2023-11-21_0000858877-23-000031.xlsx,Cash Flow,"Three Months Ended October 28, 2023",Repayments of debt,us-gaap:RepaymentsOfLongTermDebt,reported,
cash_flow,html:dividends-paid,Dividends paid,4Q23,-1580.0,CSCO_SEC-XBRL-financials_as-presented_10-Q_2023-11-21_0000858877-23-000031.xlsx,Cash Flow,"Three Months Ended October 28, 2023",Dividends paid,us-gaap:PaymentsOfDividends,reported,
cash_flow,html:net-cash-used-in-financing-activities,Net cash used in financing activities,4Q23,-3800.0,CSCO_SEC-XBRL-financials_as-presented_10-Q_2023-11-21_0000858877-23-000031.xlsx,Cash Flow,"Three Months Ended October 28, 2023",Net cash used in financing activities,us-gaap:NetCashProvidedByUsedInFinancingActivities,reported,
cash_flow,us-gaap:EffectOfExchangeRateOnCashCashEquivalentsRestrictedCashAndRestrictedCashEquivalentsDisposalGroupIncludingDiscontinuedOperations,"Effect of foreign currency exchange rate changes on cash, cash equivalents, restricted cash and restricted cash equivalents",4Q23,-45.0,CSCO_SEC-XBRL-financials_as-presented_10-Q_2023-11-21_0000858877-23-000031.xlsx,Cash Flow,"Three Months Ended October 28, 2023","Effect of foreign currency exchange rate changes on cash, cash equivalents, restricted cash and restricted cash equivalents",us-gaap:EffectOfExchangeRateOnCashCashEquivalentsRestrictedCashAndRestrictedCashEquivalentsDisposalGroupIncludingDiscontinuedOperations,reported,
cash_flow,html:net-increase-decrease-in-cash-cash-equivalents-and-restricted-cash,"Net increase (decrease) in cash, cash equivalents, and restricted cash",4Q23,-522.0,CSCO_SEC-XBRL-financials_as-presented_10-Q_2023-11-21_0000858877-23-000031.xlsx,Cash Flow,"Three Months Ended October 28, 2023","Net increase (decrease) in cash, cash equivalents, restricted cash and restricted cash equivalents",us-gaap:CashCashEquivalentsRestrictedCashAndRestrictedCashEquivalentsPeriodIncreaseDecreaseIncludingExchangeRateEffect,reported,
cash_flow,html:cash-cash-equivalents-and-restricted-cash-beginning-of-fiscal-year,"Cash, cash equivalents, and restricted cash, beginning of fiscal year",4Q23,11627.0,CSCO_SEC-XBRL-financials_as-presented_10-Q_2023-11-21_0000858877-23-000031.xlsx,Cash Flow,"Three Months Ended October 28, 2023","Cash, cash equivalents, restricted cash and restricted cash equivalents, beginning of period",us-gaap:CashCashEquivalentsRestrictedCashAndRestrictedCashEquivalents,reported,
cash_flow,html:cash-paid-for-interest,Cash paid for interest,4Q23,128.0,CSCO_SEC-XBRL-financials_as-presented_10-Q_2023-11-21_0000858877-23-000031.xlsx,Cash Flow,"Three Months Ended October 28, 2023",Cash paid for interest,us-gaap:InterestPaidNet,reported,
cash_flow,html:cash-paid-for-income-taxes-net,"Cash paid for income taxes, net",4Q23,3090.0,CSCO_SEC-XBRL-financials_as-presented_10-Q_2023-11-21_0000858877-23-000031.xlsx,Cash Flow,"Three Months Ended October 28, 2023","Cash paid for income taxes, net",us-gaap:IncomeTaxesPaidNet,reported,
income_statement,html:product,Product,1Q24,34730.0,CSCO_SEC-XBRL-financials_as-presented_10-Q_2024-02-20_0000858877-24-000003.xlsx,Income Statement,"Three Months Ended January 27, 2024",Product; Service; Total cost of sales; Total revenue,us-gaap:CostOfGoodsAndServicesSold + us-gaap:RevenueFromContractWithCustomerExcludingAssessedTax,summed_within_file,SUM(us-gaap:CostOfGoodsAndServicesSold + us-gaap:RevenueFromContractWithCustomerExcludingAssessedTax) in CSCO_SEC-XBRL-financials_as-presented_10-Q_2024-02-20_0000858877-24-000003.xlsx
income_statement,html:gross-margin,GROSS MARGIN,1Q24,8217.0,CSCO_SEC-XBRL-financials_as-presented_10-Q_2024-02-20_0000858877-24-000003.xlsx,Income Statement,"Three Months Ended January 27, 2024",GROSS MARGIN,us-gaap:GrossProfit,reported,
income_statement,html:research-and-development,Research and development,1Q24,1943.0,CSCO_SEC-XBRL-financials_as-presented_10-Q_2024-02-20_0000858877-24-000003.xlsx,Income Statement,"Three Months Ended January 27, 2024",Research and development,us-gaap:ResearchAndDevelopmentExpense,reported,
income_statement,html:sales-and-marketing,Sales and marketing,1Q24,2458.0,CSCO_SEC-XBRL-financials_as-presented_10-Q_2024-02-20_0000858877-24-000003.xlsx,Income Statement,"Three Months Ended January 27, 2024",Sales and marketing,us-gaap:SellingAndMarketingExpense,reported,
income_statement,html:general-and-administrative,General and administrative,1Q24,642.0,CSCO_SEC-XBRL-financials_as-presented_10-Q_2024-02-20_0000858877-24-000003.xlsx,Income Statement,"Three Months Ended January 27, 2024",General and administrative,us-gaap:GeneralAndAdministrativeExpense,reported,
income_statement,html:amortization-of-purchased-intangible-assets,Amortization of purchased intangible assets,1Q24,66.0,CSCO_SEC-XBRL-financials_as-presented_10-Q_2024-02-20_0000858877-24-000003.xlsx,Income Statement,"Three Months Ended January 27, 2024",Amortization of purchased intangible assets,us-gaap:AmortizationOfIntangibleAssets,reported,
income_statement,html:restructuring-and-other-charges,Restructuring and other charges,1Q24,12.0,CSCO_SEC-XBRL-financials_as-presented_10-Q_2024-02-20_0000858877-24-000003.xlsx,Income Statement,"Three Months Ended January 27, 2024",Restructuring and other charges,csco:RestructuringAndOtherCharges,reported,
income_statement,html:operating-expenses,OPERATING EXPENSES:,1Q24,5121.0,CSCO_SEC-XBRL-financials_as-presented_10-Q_2024-02-20_0000858877-24-000003.xlsx,Income Statement,"Three Months Ended January 27, 2024",Total operating expenses,us-gaap:OperatingExpenses,reported,
income_statement,html:operating-income,OPERATING INCOME,1Q24,3096.0,CSCO_SEC-XBRL-financials_as-presented_10-Q_2024-02-20_0000858877-24-000003.xlsx,Income Statement,"Three Months Ended January 27, 2024",OPERATING INCOME,us-gaap:OperatingIncomeLoss,reported,
income_statement,html:interest-and-other-income-loss-net,"Interest and other income (loss), net",1Q24,269.0,CSCO_SEC-XBRL-financials_as-presented_10-Q_2024-02-20_0000858877-24-000003.xlsx,Income Statement,"Three Months Ended January 27, 2024","Interest and other income (loss), net; Interest expense; Interest income",us-gaap:InterestExpense; us-gaap:InvestmentIncomeInterestAndDividend; us-gaap:NonoperatingIncomeExpense,interest_net,"interest_net: signed_sum=269.0 from values=[324.0, -120.0, 65.0]"
income_statement,html:other-income-loss-net,"Other income (loss), net",1Q24,-139.0,CSCO_SEC-XBRL-financials_as-presented_10-Q_2024-02-20_0000858877-24-000003.xlsx,Income Statement,"Three Months Ended January 27, 2024","Other income (loss), net",us-gaap:OtherNonoperatingIncomeExpense,reported,
income_statement,html:income-before-provision-for-income-taxes,INCOME BEFORE PROVISION FOR INCOME TAXES,1Q24,3161.0,CSCO_SEC-XBRL-financials_as-presented_10-Q_2024-02-20_0000858877-24-000003.xlsx,Income Statement,"Three Months Ended January 27, 2024",INCOME BEFORE PROVISION FOR INCOME TAXES,us-gaap:IncomeLossFromContinuingOperationsBeforeIncomeTaxesExtraordinaryItemsNoncontrollingInterest,reported,
income_statement,html:provision-for-income-taxes,Provision for income taxes,1Q24,527.0,CSCO_SEC-XBRL-financials_as-presented_10-Q_2024-02-20_0000858877-24-000003.xlsx,Income Statement,"Three Months Ended January 27, 2024",Provision for income taxes,us-gaap:IncomeTaxExpenseBenefit,reported,
income_statement,html:net-income,NET INCOME,1Q24,2634.0,CSCO_SEC-XBRL-financials_as-presented_10-Q_2024-02-20_0000858877-24-000003.xlsx,Income Statement,"Three Months Ended January 27, 2024",NET INCOME,us-gaap:NetIncomeLoss,reported,
income_statement,html:basic,Basic,1Q24,4.705,CSCO_SEC-XBRL-financials_as-presented_10-Q_2024-02-20_0000858877-24-000003.xlsx,Income Statement,"Three Months Ended January 27, 2024",Basic,us-gaap:EarningsPerShareBasic + us-gaap:WeightedAverageNumberOfSharesOutstandingBasic,summed_within_file,SUM(us-gaap:EarningsPerShareBasic + us-gaap:WeightedAverageNumberOfSharesOutstandingBasic) in CSCO_SEC-XBRL-financials_as-presented_10-Q_2024-02-20_0000858877-24-000003.xlsx
income_statement,html:diluted,Diluted,1Q24,4.723000000000001,CSCO_SEC-XBRL-financials_as-presented_10-Q_2024-02-20_0000858877-24-000003.xlsx,Income Statement,"Three Months Ended January 27, 2024",Diluted,us-gaap:EarningsPerShareDiluted + us-gaap:WeightedAverageNumberOfDilutedSharesOutstanding,summed_within_file,SUM(us-gaap:EarningsPerShareDiluted + us-gaap:WeightedAverageNumberOfDilutedSharesOutstanding) in CSCO_SEC-XBRL-financials_as-presented_10-Q_2024-02-20_0000858877-24-000003.xlsx
balance_sheet,us-gaap:CashAndCashEquivalentsAtCarryingValue,Cash and cash equivalents,1Q24,13715.0,CSCO_SEC-XBRL-financials_as-presented_10-Q_2024-02-20_0000858877-24-000003.xlsx,Balance Sheet,"January 27, 2024",Cash and cash equivalents,us-gaap:CashAndCashEquivalentsAtCarryingValue,reported,
balance_sheet,us-gaap:ShortTermInvestments,Investments,1Q24,11956.0,CSCO_SEC-XBRL-financials_as-presented_10-Q_2024-02-20_0000858877-24-000003.xlsx,Balance Sheet,"January 27, 2024",Investments,us-gaap:ShortTermInvestments,reported,
balance_sheet,us-gaap:AllowanceForDoubtfulAccountsReceivableCurrent,"Accounts receivable, net of allowance of $109 at July 31, 2021 and $143 at July 25, 2020",1Q24,4884.0,CSCO_SEC-XBRL-financials_as-presented_10-Q_2024-02-20_0000858877-24-000003.xlsx,Balance Sheet,"January 27, 2024","Accounts receivable, net of allowance of $79 at January 27, 2024 and $85 at July 29, 2023",us-gaap:AllowanceForDoubtfulAccountsReceivableCurrent,reported,
balance_sheet,us-gaap:InventoryNet,Inventories,1Q24,3209.0,CSCO_SEC-XBRL-financials_as-presented_10-Q_2024-02-20_0000858877-24-000003.xlsx,Balance Sheet,"January 27, 2024",Inventories,us-gaap:InventoryNet,reported,
balance_sheet,us-gaap:NotesAndLoansReceivableNetCurrent,"Financing receivables, net",1Q24,3476.0,CSCO_SEC-XBRL-financials_as-presented_10-Q_2024-02-20_0000858877-24-000003.xlsx,Balance Sheet,"January 27, 2024","Financing receivables, net",us-gaap:NotesAndLoansReceivableNetCurrent,reported,
balance_sheet,us-gaap:OtherAssetsCurrent,Other current assets,1Q24,4887.0,CSCO_SEC-XBRL-financials_as-presented_10-Q_2024-02-20_0000858877-24-000003.xlsx,Balance Sheet,"January 27, 2024",Other current assets,us-gaap:OtherAssetsCurrent,reported,
balance_sheet,us-gaap:AssetsCurrent,Total current assets,1Q24,42127.0,CSCO_SEC-XBRL-financials_as-presented_10-Q_2024-02-20_0000858877-24-000003.xlsx,Balance Sheet,"January 27, 2024",Total current assets,us-gaap:AssetsCurrent,reported,
balance_sheet,us-gaap:PropertyPlantAndEquipmentNet,"Property and equipment, net",1Q24,2005.0,CSCO_SEC-XBRL-financials_as-presented_10-Q_2024-02-20_0000858877-24-000003.xlsx,Balance Sheet,"January 27, 2024","Property and equipment, net",us-gaap:PropertyPlantAndEquipmentNet,reported,
balance_sheet,us-gaap:NotesAndLoansReceivableNetNoncurrent,"Financing receivables, net",1Q24,3364.0,CSCO_SEC-XBRL-financials_as-presented_10-Q_2024-02-20_0000858877-24-000003.xlsx,Balance Sheet,"January 27, 2024","Financing receivables, net",us-gaap:NotesAndLoansReceivableNetNoncurrent,reported,
balance_sheet,us-gaap:Goodwill,Goodwill,1Q24,39087.0,CSCO_SEC-XBRL-financials_as-presented_10-Q_2024-02-20_0000858877-24-000003.xlsx,Balance Sheet,"January 27, 2024",Goodwill,us-gaap:Goodwill,reported,
balance_sheet,us-gaap:IntangibleAssetsNetExcludingGoodwill,"Purchased intangible assets, net",1Q24,1678.0,CSCO_SEC-XBRL-financials_as-presented_10-Q_2024-02-20_0000858877-24-000003.xlsx,Balance Sheet,"January 27, 2024","Purchased intangible assets, net",us-gaap:IntangibleAssetsNetExcludingGoodwill,reported,
balance_sheet,us-gaap:DeferredIncomeTaxAssetsNet,Deferred tax assets,1Q24,7338.0,CSCO_SEC-XBRL-financials_as-presented_10-Q_2024-02-20_0000858877-24-000003.xlsx,Balance Sheet,"January 27, 2024",Deferred tax assets,us-gaap:DeferredIncomeTaxAssetsNet,reported,
balance_sheet,us-gaap:OtherAssetsNoncurrent,Other assets,1Q24,5575.0,CSCO_SEC-XBRL-financials_as-presented_10-Q_2024-02-20_0000858877-24-000003.xlsx,Balance Sheet,"January 27, 2024",Other assets,us-gaap:OtherAssetsNoncurrent,reported,
balance_sheet,us-gaap:Assets,TOTAL ASSETS,1Q24,101174.0,CSCO_SEC-XBRL-financials_as-presented_10-Q_2024-02-20_0000858877-24-000003.xlsx,Balance Sheet,"January 27, 2024",TOTAL ASSETS,us-gaap:Assets,reported,
balance_sheet,us-gaap:DebtCurrent,Short-term debt,1Q24,4936.0,CSCO_SEC-XBRL-financials_as-presented_10-Q_2024-02-20_0000858877-24-000003.xlsx,Balance Sheet,"January 27, 2024",Short-term debt,us-gaap:DebtCurrent,reported,
balance_sheet,us-gaap:AccountsPayableCurrent,Accounts payable,1Q24,1848.0,CSCO_SEC-XBRL-financials_as-presented_10-Q_2024-02-20_0000858877-24-000003.xlsx,Balance Sheet,"January 27, 2024",Accounts payable,us-gaap:AccountsPayableCurrent,reported,
balance_sheet,us-gaap:AccruedIncomeTaxesCurrent,Income taxes payable,1Q24,1876.0,CSCO_SEC-XBRL-financials_as-presented_10-Q_2024-02-20_0000858877-24-000003.xlsx,Balance Sheet,"January 27, 2024",Income taxes payable,us-gaap:AccruedIncomeTaxesCurrent,reported,
balance_sheet,us-gaap:EmployeeRelatedLiabilitiesCurrent,Accrued compensation,1Q24,3216.0,CSCO_SEC-XBRL-financials_as-presented_10-Q_2024-02-20_0000858877-24-000003.xlsx,Balance Sheet,"January 27, 2024",Accrued compensation,us-gaap:EmployeeRelatedLiabilitiesCurrent,reported,
balance_sheet,us-gaap:ContractWithCustomerLiabilityCurrent,Deferred revenue,1Q24,14011.0,CSCO_SEC-XBRL-financials_as-presented_10-Q_2024-02-20_0000858877-24-000003.xlsx,Balance Sheet,"January 27, 2024",Deferred revenue,us-gaap:ContractWithCustomerLiabilityCurrent,reported,
balance_sheet,us-gaap:OtherLiabilitiesCurrent,Other current liabilities,1Q24,4964.0,CSCO_SEC-XBRL-financials_as-presented_10-Q_2024-02-20_0000858877-24-000003.xlsx,Balance Sheet,"January 27, 2024",Other current liabilities,us-gaap:OtherLiabilitiesCurrent,reported,
balance_sheet,us-gaap:LiabilitiesCurrent,Total current liabilities,1Q24,30851.0,CSCO_SEC-XBRL-financials_as-presented_10-Q_2024-02-20_0000858877-24-000003.xlsx,Balance Sheet,"January 27, 2024",Total current liabilities,us-gaap:LiabilitiesCurrent,reported,
balance_sheet,us-gaap:LongTermDebtNoncurrent,Long-term debt,1Q24,6669.0,CSCO_SEC-XBRL-financials_as-presented_10-Q_2024-02-20_0000858877-24-000003.xlsx,Balance Sheet,"January 27, 2024",Long-term debt,us-gaap:LongTermDebtNoncurrent,reported,
balance_sheet,us-gaap:AccruedIncomeTaxesNoncurrent,Income taxes payable,1Q24,3390.0,CSCO_SEC-XBRL-financials_as-presented_10-Q_2024-02-20_0000858877-24-000003.xlsx,Balance Sheet,"January 27, 2024",Income taxes payable,us-gaap:AccruedIncomeTaxesNoncurrent,reported,
balance_sheet,us-gaap:ContractWithCustomerLiabilityNoncurrent,Deferred revenue,1Q24,11760.0,CSCO_SEC-XBRL-financials_as-presented_10-Q_2024-02-20_0000858877-24-000003.xlsx,Balance Sheet,"January 27, 2024",Deferred revenue,us-gaap:ContractWithCustomerLiabilityNoncurrent,reported,
balance_sheet,us-gaap:OtherLiabilitiesNoncurrent,Other long-term liabilities,1Q24,2253.0,CSCO_SEC-XBRL-financials_as-presented_10-Q_2024-02-20_0000858877-24-000003.xlsx,Balance Sheet,"January 27, 2024",Other long-term liabilities,us-gaap:OtherLiabilitiesNoncurrent,reported,
balance_sheet,us-gaap:Liabilities,Total liabilities,1Q24,54923.0,CSCO_SEC-XBRL-financials_as-presented_10-Q_2024-02-20_0000858877-24-000003.xlsx,Balance Sheet,"January 27, 2024",Total liabilities,us-gaap:Liabilities,reported,
balance_sheet,us-gaap:CommonStockParOrStatedValuePerShare,"Common stock and additional paid-in capital, $0.001 par value: 20,000 shares authorized; 4,217 and 4,237 shares issued and outstanding at July 31, 2021 and July 25, 2020, respectively",1Q24,45002.0,CSCO_SEC-XBRL-financials_as-presented_10-Q_2024-02-20_0000858877-24-000003.xlsx,Balance Sheet,"January 27, 2024","Common stock and additional paid-in capital, $0.001 par value: 20,000 shares authorized; 4,050 and 4,066 shares issued and outstanding at January 27, 2024 and July 29, 2023, respectively",us-gaap:CommonStockParOrStatedValuePerShare,reported,
balance_sheet,us-gaap:RetainedEarningsAccumulatedDeficit,Accumulated deficit,1Q24,2761.0,CSCO_SEC-XBRL-financials_as-presented_10-Q_2024-02-20_0000858877-24-000003.xlsx,Balance Sheet,"January 27, 2024",Retained earnings,us-gaap:RetainedEarningsAccumulatedDeficit,reported,
balance_sheet,us-gaap:AccumulatedOtherComprehensiveIncomeLossNetOfTax,Accumulated other comprehensive loss,1Q24,-1512.0,CSCO_SEC-XBRL-financials_as-presented_10-Q_2024-02-20_0000858877-24-000003.xlsx,Balance Sheet,"January 27, 2024",Accumulated other comprehensive loss,us-gaap:AccumulatedOtherComprehensiveIncomeLossNetOfTax,reported,
balance_sheet,us-gaap:StockholdersEquity,Total equity,1Q24,46251.0,CSCO_SEC-XBRL-financials_as-presented_10-Q_2024-02-20_0000858877-24-000003.xlsx,Balance Sheet,"January 27, 2024",Total equity,us-gaap:StockholdersEquity,reported,
balance_sheet,us-gaap:LiabilitiesAndStockholdersEquity,TOTAL LIABILITIES AND EQUITY,1Q24,101174.0,CSCO_SEC-XBRL-financials_as-presented_10-Q_2024-02-20_0000858877-24-000003.xlsx,Balance Sheet,"January 27, 2024",TOTAL LIABILITIES AND EQUITY,us-gaap:LiabilitiesAndStockholdersEquity,reported,
income_statement,html:product,Product,2Q24,34262.0,CSCO_SEC-XBRL-financials_as-presented_10-Q_2024-05-21_0000858877-24-000007.xlsx,Income Statement,"Three Months Ended April 27, 2024",Product; Service; Total cost of sales; Total revenue,us-gaap:CostOfGoodsAndServicesSold + us-gaap:RevenueFromContractWithCustomerExcludingAssessedTax,summed_within_file,SUM(us-gaap:CostOfGoodsAndServicesSold + us-gaap:RevenueFromContractWithCustomerExcludingAssessedTax) in CSCO_SEC-XBRL-financials_as-presented_10-Q_2024-05-21_0000858877-24-000007.xlsx
income_statement,html:gross-margin,GROSS MARGIN,2Q24,8273.0,CSCO_SEC-XBRL-financials_as-presented_10-Q_2024-05-21_0000858877-24-000007.xlsx,Income Statement,"Three Months Ended April 27, 2024",GROSS MARGIN,us-gaap:GrossProfit,reported,
income_statement,html:research-and-development,Research and development,2Q24,1948.0,CSCO_SEC-XBRL-financials_as-presented_10-Q_2024-05-21_0000858877-24-000007.xlsx,Income Statement,"Three Months Ended April 27, 2024",Research and development,us-gaap:ResearchAndDevelopmentExpense,reported,
income_statement,html:sales-and-marketing,Sales and marketing,2Q24,2559.0,CSCO_SEC-XBRL-financials_as-presented_10-Q_2024-05-21_0000858877-24-000007.xlsx,Income Statement,"Three Months Ended April 27, 2024",Sales and marketing,us-gaap:SellingAndMarketingExpense,reported,
income_statement,html:general-and-administrative,General and administrative,2Q24,736.0,CSCO_SEC-XBRL-financials_as-presented_10-Q_2024-05-21_0000858877-24-000007.xlsx,Income Statement,"Three Months Ended April 27, 2024",General and administrative,us-gaap:GeneralAndAdministrativeExpense,reported,
income_statement,html:amortization-of-purchased-intangible-assets,Amortization of purchased intangible assets,2Q24,297.0,CSCO_SEC-XBRL-financials_as-presented_10-Q_2024-05-21_0000858877-24-000007.xlsx,Income Statement,"Three Months Ended April 27, 2024",Amortization of purchased intangible assets,us-gaap:AmortizationOfIntangibleAssets,reported,
income_statement,html:restructuring-and-other-charges,Restructuring and other charges,2Q24,542.0,CSCO_SEC-XBRL-financials_as-presented_10-Q_2024-05-21_0000858877-24-000007.xlsx,Income Statement,"Three Months Ended April 27, 2024",Restructuring and other charges,csco:RestructuringAndOtherCharges,reported,
income_statement,html:operating-expenses,OPERATING EXPENSES:,2Q24,6082.0,CSCO_SEC-XBRL-financials_as-presented_10-Q_2024-05-21_0000858877-24-000007.xlsx,Income Statement,"Three Months Ended April 27, 2024",Total operating expenses,us-gaap:OperatingExpenses,reported,
income_statement,html:operating-income,OPERATING INCOME,2Q24,2191.0,CSCO_SEC-XBRL-financials_as-presented_10-Q_2024-05-21_0000858877-24-000007.xlsx,Income Statement,"Three Months Ended April 27, 2024",OPERATING INCOME,us-gaap:OperatingIncomeLoss,reported,
income_statement,html:interest-and-other-income-loss-net,"Interest and other income (loss), net",2Q24,98.0,CSCO_SEC-XBRL-financials_as-presented_10-Q_2024-05-21_0000858877-24-000007.xlsx,Income Statement,"Three Months Ended April 27, 2024","Interest and other income (loss), net; Interest expense; Interest income",us-gaap:InterestExpense; us-gaap:InvestmentIncomeInterestAndDividend; us-gaap:NonoperatingIncomeExpense,interest_net,"interest_net: signed_sum=98.0 from values=[411.0, -357.0, 44.0]"
income_statement,html:other-income-loss-net,"Other income (loss), net",2Q24,-10.0,CSCO_SEC-XBRL-financials_as-presented_10-Q_2024-05-21_0000858877-24-000007.xlsx,Income Statement,"Three Months Ended April 27, 2024","Other income (loss), net",us-gaap:OtherNonoperatingIncomeExpense,reported,
income_statement,html:income-before-provision-for-income-taxes,INCOME BEFORE PROVISION FOR INCOME TAXES,2Q24,2235.0,CSCO_SEC-XBRL-financials_as-presented_10-Q_2024-05-21_0000858877-24-000007.xlsx,Income Statement,"Three Months Ended April 27, 2024",INCOME BEFORE PROVISION FOR INCOME TAXES,us-gaap:IncomeLossFromContinuingOperationsBeforeIncomeTaxesExtraordinaryItemsNoncontrollingInterest,reported,
income_statement,html:provision-for-income-taxes,Provision for income taxes,2Q24,349.0,CSCO_SEC-XBRL-financials_as-presented_10-Q_2024-05-21_0000858877-24-000007.xlsx,Income Statement,"Three Months Ended April 27, 2024",Provision for income taxes,us-gaap:IncomeTaxExpenseBenefit,reported,
income_statement,html:net-income,NET INCOME,2Q24,1886.0,CSCO_SEC-XBRL-financials_as-presented_10-Q_2024-05-21_0000858877-24-000007.xlsx,Income Statement,"Three Months Ended April 27, 2024",NET INCOME,us-gaap:NetIncomeLoss,reported,
income_statement,html:basic,Basic,2Q24,4.512,CSCO_SEC-XBRL-financials_as-presented_10-Q_2024-05-21_0000858877-24-000007.xlsx,Income Statement,"Three Months Ended April 27, 2024",Basic,us-gaap:EarningsPerShareBasic + us-gaap:WeightedAverageNumberOfSharesOutstandingBasic,summed_within_file,SUM(us-gaap:EarningsPerShareBasic + us-gaap:WeightedAverageNumberOfSharesOutstandingBasic) in CSCO_SEC-XBRL-financials_as-presented_10-Q_2024-05-21_0000858877-24-000007.xlsx
income_statement,html:diluted,Diluted,2Q24,4.52,CSCO_SEC-XBRL-financials_as-presented_10-Q_2024-05-21_0000858877-24-000007.xlsx,Income Statement,"Three Months Ended April 27, 2024",Diluted,us-gaap:EarningsPerShareDiluted + us-gaap:WeightedAverageNumberOfDilutedSharesOutstanding,summed_within_file,SUM(us-gaap:EarningsPerShareDiluted + us-gaap:WeightedAverageNumberOfDilutedSharesOutstanding) in CSCO_SEC-XBRL-financials_as-presented_10-Q_2024-05-21_0000858877-24-000007.xlsx
balance_sheet,us-gaap:CashAndCashEquivalentsAtCarryingValue,Cash and cash equivalents,2Q24,8913.0,CSCO_SEC-XBRL-financials_as-presented_10-Q_2024-05-21_0000858877-24-000007.xlsx,Balance Sheet,"April 27, 2024",Cash and cash equivalents,us-gaap:CashAndCashEquivalentsAtCarryingValue,reported,
balance_sheet,us-gaap:ShortTermInvestments,Investments,2Q24,9857.0,CSCO_SEC-XBRL-financials_as-presented_10-Q_2024-05-21_0000858877-24-000007.xlsx,Balance Sheet,"April 27, 2024",Investments,us-gaap:ShortTermInvestments,reported,
balance_sheet,us-gaap:AllowanceForDoubtfulAccountsReceivableCurrent,"Accounts receivable, net of allowance of $109 at July 31, 2021 and $143 at July 25, 2020",2Q24,5127.0,CSCO_SEC-XBRL-financials_as-presented_10-Q_2024-05-21_0000858877-24-000007.xlsx,Balance Sheet,"April 27, 2024","Accounts receivable, net of allowance of $81 at April 27, 2024 and $85 at July 29, 2023",us-gaap:AllowanceForDoubtfulAccountsReceivableCurrent,reported,
balance_sheet,us-gaap:InventoryNet,Inventories,2Q24,3118.0,CSCO_SEC-XBRL-financials_as-presented_10-Q_2024-05-21_0000858877-24-000007.xlsx,Balance Sheet,"April 27, 2024",Inventories,us-gaap:InventoryNet,reported,
balance_sheet,us-gaap:NotesAndLoansReceivableNetCurrent,"Financing receivables, net",2Q24,3443.0,CSCO_SEC-XBRL-financials_as-presented_10-Q_2024-05-21_0000858877-24-000007.xlsx,Balance Sheet,"April 27, 2024","Financing receivables, net",us-gaap:NotesAndLoansReceivableNetCurrent,reported,
balance_sheet,us-gaap:OtherAssetsCurrent,Other current assets,2Q24,5428.0,CSCO_SEC-XBRL-financials_as-presented_10-Q_2024-05-21_0000858877-24-000007.xlsx,Balance Sheet,"April 27, 2024",Other current assets,us-gaap:OtherAssetsCurrent,reported,
balance_sheet,us-gaap:AssetsCurrent,Total current assets,2Q24,35886.0,CSCO_SEC-XBRL-financials_as-presented_10-Q_2024-05-21_0000858877-24-000007.xlsx,Balance Sheet,"April 27, 2024",Total current assets,us-gaap:AssetsCurrent,reported,
balance_sheet,us-gaap:PropertyPlantAndEquipmentNet,"Property and equipment, net",2Q24,2000.0,CSCO_SEC-XBRL-financials_as-presented_10-Q_2024-05-21_0000858877-24-000007.xlsx,Balance Sheet,"April 27, 2024","Property and equipment, net",us-gaap:PropertyPlantAndEquipmentNet,reported,
balance_sheet,us-gaap:NotesAndLoansReceivableNetNoncurrent,"Financing receivables, net",2Q24,3251.0,CSCO_SEC-XBRL-financials_as-presented_10-Q_2024-05-21_0000858877-24-000007.xlsx,Balance Sheet,"April 27, 2024","Financing receivables, net",us-gaap:NotesAndLoansReceivableNetNoncurrent,reported,
balance_sheet,us-gaap:Goodwill,Goodwill,2Q24,58633.0,CSCO_SEC-XBRL-financials_as-presented_10-Q_2024-05-21_0000858877-24-000007.xlsx,Balance Sheet,"April 27, 2024",Goodwill,us-gaap:Goodwill,reported,
balance_sheet,us-gaap:IntangibleAssetsNetExcludingGoodwill,"Purchased intangible assets, net",2Q24,11819.0,CSCO_SEC-XBRL-financials_as-presented_10-Q_2024-05-21_0000858877-24-000007.xlsx,Balance Sheet,"April 27, 2024","Purchased intangible assets, net",us-gaap:IntangibleAssetsNetExcludingGoodwill,reported,
balance_sheet,us-gaap:DeferredIncomeTaxAssetsNet,Deferred tax assets,2Q24,5527.0,CSCO_SEC-XBRL-financials_as-presented_10-Q_2024-05-21_0000858877-24-000007.xlsx,Balance Sheet,"April 27, 2024",Deferred tax assets,us-gaap:DeferredIncomeTaxAssetsNet,reported,
balance_sheet,us-gaap:OtherAssetsNoncurrent,Other assets,2Q24,5882.0,CSCO_SEC-XBRL-financials_as-presented_10-Q_2024-05-21_0000858877-24-000007.xlsx,Balance Sheet,"April 27, 2024",Other assets,us-gaap:OtherAssetsNoncurrent,reported,
balance_sheet,us-gaap:Assets,TOTAL ASSETS,2Q24,122998.0,CSCO_SEC-XBRL-financials_as-presented_10-Q_2024-05-21_0000858877-24-000007.xlsx,Balance Sheet,"April 27, 2024",TOTAL ASSETS,us-gaap:Assets,reported,
balance_sheet,us-gaap:DebtCurrent,Short-term debt,2Q24,11891.0,CSCO_SEC-XBRL-financials_as-presented_10-Q_2024-05-21_0000858877-24-000007.xlsx,Balance Sheet,"April 27, 2024",Short-term debt,us-gaap:DebtCurrent,reported,
balance_sheet,us-gaap:AccountsPayableCurrent,Accounts payable,2Q24,2054.0,CSCO_SEC-XBRL-financials_as-presented_10-Q_2024-05-21_0000858877-24-000007.xlsx,Balance Sheet,"April 27, 2024",Accounts payable,us-gaap:AccountsPayableCurrent,reported,
balance_sheet,us-gaap:AccruedIncomeTaxesCurrent,Income taxes payable,2Q24,1867.0,CSCO_SEC-XBRL-financials_as-presented_10-Q_2024-05-21_0000858877-24-000007.xlsx,Balance Sheet,"April 27, 2024",Income taxes payable,us-gaap:AccruedIncomeTaxesCurrent,reported,
balance_sheet,us-gaap:EmployeeRelatedLiabilitiesCurrent,Accrued compensation,2Q24,3211.0,CSCO_SEC-XBRL-financials_as-presented_10-Q_2024-05-21_0000858877-24-000007.xlsx,Balance Sheet,"April 27, 2024",Accrued compensation,us-gaap:EmployeeRelatedLiabilitiesCurrent,reported,
balance_sheet,us-gaap:ContractWithCustomerLiabilityCurrent,Deferred revenue,2Q24,15751.0,CSCO_SEC-XBRL-financials_as-presented_10-Q_2024-05-21_0000858877-24-000007.xlsx,Balance Sheet,"April 27, 2024",Deferred revenue,us-gaap:ContractWithCustomerLiabilityCurrent,reported,
balance_sheet,us-gaap:OtherLiabilitiesCurrent,Other current liabilities,2Q24,5334.0,CSCO_SEC-XBRL-financials_as-presented_10-Q_2024-05-21_0000858877-24-000007.xlsx,Balance Sheet,"April 27, 2024",Other current liabilities,us-gaap:OtherLiabilitiesCurrent,reported,
balance_sheet,us-gaap:LiabilitiesCurrent,Total current liabilities,2Q24,40108.0,CSCO_SEC-XBRL-financials_as-presented_10-Q_2024-05-21_0000858877-24-000007.xlsx,Balance Sheet,"April 27, 2024",Total current liabilities,us-gaap:LiabilitiesCurrent,reported,
balance_sheet,us-gaap:LongTermDebtNoncurrent,Long-term debt,2Q24,20102.0,CSCO_SEC-XBRL-financials_as-presented_10-Q_2024-05-21_0000858877-24-000007.xlsx,Balance Sheet,"April 27, 2024",Long-term debt,us-gaap:LongTermDebtNoncurrent,reported,
balance_sheet,us-gaap:AccruedIncomeTaxesNoncurrent,Income taxes payable,2Q24,2869.0,CSCO_SEC-XBRL-financials_as-presented_10-Q_2024-05-21_0000858877-24-000007.xlsx,Balance Sheet,"April 27, 2024",Income taxes payable,us-gaap:AccruedIncomeTaxesNoncurrent,reported,
balance_sheet,us-gaap:ContractWithCustomerLiabilityNoncurrent,Deferred revenue,2Q24,11724.0,CSCO_SEC-XBRL-financials_as-presented_10-Q_2024-05-21_0000858877-24-000007.xlsx,Balance Sheet,"April 27, 2024",Deferred revenue,us-gaap:ContractWithCustomerLiabilityNoncurrent,reported,
balance_sheet,us-gaap:OtherLiabilitiesNoncurrent,Other long-term liabilities,2Q24,2427.0,CSCO_SEC-XBRL-financials_as-presented_10-Q_2024-05-21_0000858877-24-000007.xlsx,Balance Sheet,"April 27, 2024",Other long-term liabilities,us-gaap:OtherLiabilitiesNoncurrent,reported,
balance_sheet,us-gaap:Liabilities,Total liabilities,2Q24,77230.0,CSCO_SEC-XBRL-financials_as-presented_10-Q_2024-05-21_0000858877-24-000007.xlsx,Balance Sheet,"April 27, 2024",Total liabilities,us-gaap:Liabilities,reported,
balance_sheet,us-gaap:CommonStockParOrStatedValuePerShare,"Common stock and additional paid-in capital, $0.001 par value: 20,000 shares authorized; 4,217 and 4,237 shares issued and outstanding at July 31, 2021 and July 25, 2020, respectively",2Q24,45343.0,CSCO_SEC-XBRL-financials_as-presented_10-Q_2024-05-21_0000858877-24-000007.xlsx,Balance Sheet,"April 27, 2024","Common stock and additional paid-in capital, $0.001 par value: 20,000 shares authorized; 4,031 and 4,066 shares issued and outstanding at April 27, 2024 and July 29, 2023, respectively",us-gaap:CommonStockParOrStatedValuePerShare,reported,
balance_sheet,us-gaap:RetainedEarningsAccumulatedDeficit,Accumulated deficit,2Q24,2055.0,CSCO_SEC-XBRL-financials_as-presented_10-Q_2024-05-21_0000858877-24-000007.xlsx,Balance Sheet,"April 27, 2024",Retained earnings,us-gaap:RetainedEarningsAccumulatedDeficit,reported,
balance_sheet,us-gaap:AccumulatedOtherComprehensiveIncomeLossNetOfTax,Accumulated other comprehensive loss,2Q24,-1630.0,CSCO_SEC-XBRL-financials_as-presented_10-Q_2024-05-21_0000858877-24-000007.xlsx,Balance Sheet,"April 27, 2024",Accumulated other comprehensive loss,us-gaap:AccumulatedOtherComprehensiveIncomeLossNetOfTax,reported,
balance_sheet,us-gaap:StockholdersEquity,Total equity,2Q24,45768.0,CSCO_SEC-XBRL-financials_as-presented_10-Q_2024-05-21_0000858877-24-000007.xlsx,Balance Sheet,"April 27, 2024",Total equity,us-gaap:StockholdersEquity,reported,
balance_sheet,us-gaap:LiabilitiesAndStockholdersEquity,TOTAL LIABILITIES AND EQUITY,2Q24,122998.0,CSCO_SEC-XBRL-financials_as-presented_10-Q_2024-05-21_0000858877-24-000007.xlsx,Balance Sheet,"April 27, 2024",TOTAL LIABILITIES AND EQUITY,us-gaap:LiabilitiesAndStockholdersEquity,reported,
income_statement,html:product,Product,4Q24,37122.0,CSCO_SEC-XBRL-financials_as-presented_10-Q_2024-11-19_0000858877-24-000030.xlsx,Income Statement,"Three Months Ended October 26, 2024",Product; Services; Total cost of sales; Total revenue,us-gaap:CostOfGoodsAndServicesSold + us-gaap:RevenueFromContractWithCustomerExcludingAssessedTax,summed_within_file,SUM(us-gaap:CostOfGoodsAndServicesSold + us-gaap:RevenueFromContractWithCustomerExcludingAssessedTax) in CSCO_SEC-XBRL-financials_as-presented_10-Q_2024-11-19_0000858877-24-000030.xlsx
income_statement,html:gross-margin,GROSS MARGIN,4Q24,9121.0,CSCO_SEC-XBRL-financials_as-presented_10-Q_2024-11-19_0000858877-24-000030.xlsx,Income Statement,"Three Months Ended October 26, 2024",GROSS MARGIN,us-gaap:GrossProfit,reported,
income_statement,html:research-and-development,Research and development,4Q24,2286.0,CSCO_SEC-XBRL-financials_as-presented_10-Q_2024-11-19_0000858877-24-000030.xlsx,Income Statement,"Three Months Ended October 26, 2024",Research and development,us-gaap:ResearchAndDevelopmentExpense,reported,
income_statement,html:sales-and-marketing,Sales and marketing,4Q24,2752.0,CSCO_SEC-XBRL-financials_as-presented_10-Q_2024-11-19_0000858877-24-000030.xlsx,Income Statement,"Three Months Ended October 26, 2024",Sales and marketing,us-gaap:SellingAndMarketingExpense,reported,
income_statement,html:general-and-administrative,General and administrative,4Q24,795.0,CSCO_SEC-XBRL-financials_as-presented_10-Q_2024-11-19_0000858877-24-000030.xlsx,Income Statement,"Three Months Ended October 26, 2024",General and administrative,us-gaap:GeneralAndAdministrativeExpense,reported,
income_statement,html:amortization-of-purchased-intangible-assets,Amortization of purchased intangible assets,4Q24,265.0,CSCO_SEC-XBRL-financials_as-presented_10-Q_2024-11-19_0000858877-24-000030.xlsx,Income Statement,"Three Months Ended October 26, 2024",Amortization of purchased intangible assets,us-gaap:AmortizationOfIntangibleAssets,reported,
income_statement,html:restructuring-and-other-charges,Restructuring and other charges,4Q24,665.0,CSCO_SEC-XBRL-financials_as-presented_10-Q_2024-11-19_0000858877-24-000030.xlsx,Income Statement,"Three Months Ended October 26, 2024",Restructuring and other charges,csco:RestructuringAndOtherCharges,reported,
income_statement,html:operating-expenses,OPERATING EXPENSES:,4Q24,6763.0,CSCO_SEC-XBRL-financials_as-presented_10-Q_2024-11-19_0000858877-24-000030.xlsx,Income Statement,"Three Months Ended October 26, 2024",Total operating expenses,us-gaap:OperatingExpenses,reported,
income_statement,html:operating-income,OPERATING INCOME,4Q24,2358.0,CSCO_SEC-XBRL-financials_as-presented_10-Q_2024-11-19_0000858877-24-000030.xlsx,Income Statement,"Three Months Ended October 26, 2024",OPERATING INCOME,us-gaap:OperatingIncomeLoss,reported,
income_statement,html:interest-and-other-income-loss-net,"Interest and other income (loss), net",4Q24,-223.0,CSCO_SEC-XBRL-financials_as-presented_10-Q_2024-11-19_0000858877-24-000030.xlsx,Income Statement,"Three Months Ended October 26, 2024","Interest and other income (loss), net; Interest expense; Interest income",us-gaap:InterestExpenseNonoperating; us-gaap:InvestmentIncomeInterestAndDividend; us-gaap:NonoperatingIncomeExpense,interest_net,"interest_net: signed_sum=-223.0 from values=[286.0, -418.0, -91.0]"
income_statement,html:other-income-loss-net,"Other income (loss), net",4Q24,41.0,CSCO_SEC-XBRL-financials_as-presented_10-Q_2024-11-19_0000858877-24-000030.xlsx,Income Statement,"Three Months Ended October 26, 2024","Other income (loss), net",us-gaap:OtherNonoperatingIncomeExpense,reported,
income_statement,html:income-before-provision-for-income-taxes,INCOME BEFORE PROVISION FOR INCOME TAXES,4Q24,2267.0,CSCO_SEC-XBRL-financials_as-presented_10-Q_2024-11-19_0000858877-24-000030.xlsx,Income Statement,"Three Months Ended October 26, 2024",INCOME BEFORE PROVISION FOR INCOME TAXES,us-gaap:IncomeLossFromContinuingOperationsBeforeIncomeTaxesExtraordinaryItemsNoncontrollingInterest,reported,
income_statement,html:provision-for-income-taxes,Provision for income taxes,4Q24,-444.0,CSCO_SEC-XBRL-financials_as-presented_10-Q_2024-11-19_0000858877-24-000030.xlsx,Income Statement,"Three Months Ended October 26, 2024",Provision for (benefit from) income taxes,us-gaap:IncomeTaxExpenseBenefit,reported,
income_statement,html:net-income,NET INCOME,4Q24,2711.0,CSCO_SEC-XBRL-financials_as-presented_10-Q_2024-11-19_0000858877-24-000030.xlsx,Income Statement,"Three Months Ended October 26, 2024",NET INCOME,us-gaap:NetIncomeLoss,reported,
income_statement,html:basic,Basic,4Q24,4.67,CSCO_SEC-XBRL-financials_as-presented_10-Q_2024-11-19_0000858877-24-000030.xlsx,Income Statement,"Three Months Ended October 26, 2024",Basic,us-gaap:EarningsPerShareBasic + us-gaap:WeightedAverageNumberOfSharesOutstandingBasic,summed_within_file,SUM(us-gaap:EarningsPerShareBasic + us-gaap:WeightedAverageNumberOfSharesOutstandingBasic) in CSCO_SEC-XBRL-financials_as-presented_10-Q_2024-11-19_0000858877-24-000030.xlsx
income_statement,html:diluted,Diluted,4Q24,4.693,CSCO_SEC-XBRL-financials_as-presented_10-Q_2024-11-19_0000858877-24-000030.xlsx,Income Statement,"Three Months Ended October 26, 2024",Diluted,us-gaap:EarningsPerShareDiluted + us-gaap:WeightedAverageNumberOfDilutedSharesOutstanding,summed_within_file,SUM(us-gaap:EarningsPerShareDiluted + us-gaap:WeightedAverageNumberOfDilutedSharesOutstanding) in CSCO_SEC-XBRL-financials_as-presented_10-Q_2024-11-19_0000858877-24-000030.xlsx
balance_sheet,us-gaap:CashAndCashEquivalentsAtCarryingValue,Cash and cash equivalents,4Q24,9065.0,CSCO_SEC-XBRL-financials_as-presented_10-Q_2024-11-19_0000858877-24-000030.xlsx,Balance Sheet,"October 26, 2024",Cash and cash equivalents,us-gaap:CashAndCashEquivalentsAtCarryingValue,reported,
balance_sheet,us-gaap:ShortTermInvestments,Investments,4Q24,9606.0,CSCO_SEC-XBRL-financials_as-presented_10-Q_2024-11-19_0000858877-24-000030.xlsx,Balance Sheet,"October 26, 2024",Investments,us-gaap:ShortTermInvestments,reported,
balance_sheet,us-gaap:AllowanceForDoubtfulAccountsReceivableCurrent,"Accounts receivable, net of allowance of $109 at July 31, 2021 and $143 at July 25, 2020",4Q24,4457.0,CSCO_SEC-XBRL-financials_as-presented_10-Q_2024-11-19_0000858877-24-000030.xlsx,Balance Sheet,"October 26, 2024","Accounts receivable, net of allowance of $78 at October 26, 2024 and $87 at July 27, 2024",us-gaap:AllowanceForDoubtfulAccountsReceivableCurrent,reported,
balance_sheet,us-gaap:InventoryNet,Inventories,4Q24,3143.0,CSCO_SEC-XBRL-financials_as-presented_10-Q_2024-11-19_0000858877-24-000030.xlsx,Balance Sheet,"October 26, 2024",Inventories,us-gaap:InventoryNet,reported,
balance_sheet,us-gaap:NotesAndLoansReceivableNetCurrent,"Financing receivables, net",4Q24,3123.0,CSCO_SEC-XBRL-financials_as-presented_10-Q_2024-11-19_0000858877-24-000030.xlsx,Balance Sheet,"October 26, 2024","Financing receivables, net",us-gaap:NotesAndLoansReceivableNetCurrent,reported,
balance_sheet,us-gaap:OtherAssetsCurrent,Other current assets,4Q24,6358.0,CSCO_SEC-XBRL-financials_as-presented_10-Q_2024-11-19_0000858877-24-000030.xlsx,Balance Sheet,"October 26, 2024",Other current assets,us-gaap:OtherAssetsCurrent,reported,
balance_sheet,us-gaap:AssetsCurrent,Total current assets,4Q24,35752.0,CSCO_SEC-XBRL-financials_as-presented_10-Q_2024-11-19_0000858877-24-000030.xlsx,Balance Sheet,"October 26, 2024",Total current assets,us-gaap:AssetsCurrent,reported,
balance_sheet,us-gaap:PropertyPlantAndEquipmentNet,"Property and equipment, net",4Q24,2082.0,CSCO_SEC-XBRL-financials_as-presented_10-Q_2024-11-19_0000858877-24-000030.xlsx,Balance Sheet,"October 26, 2024","Property and equipment, net",us-gaap:PropertyPlantAndEquipmentNet,reported,
balance_sheet,us-gaap:NotesAndLoansReceivableNetNoncurrent,"Financing receivables, net",4Q24,3411.0,CSCO_SEC-XBRL-financials_as-presented_10-Q_2024-11-19_0000858877-24-000030.xlsx,Balance Sheet,"October 26, 2024","Financing receivables, net",us-gaap:NotesAndLoansReceivableNetNoncurrent,reported,
balance_sheet,us-gaap:Goodwill,Goodwill,4Q24,58774.0,CSCO_SEC-XBRL-financials_as-presented_10-Q_2024-11-19_0000858877-24-000030.xlsx,Balance Sheet,"October 26, 2024",Goodwill,us-gaap:Goodwill,reported,
balance_sheet,us-gaap:IntangibleAssetsNetExcludingGoodwill,"Purchased intangible assets, net",4Q24,10744.0,CSCO_SEC-XBRL-financials_as-presented_10-Q_2024-11-19_0000858877-24-000030.xlsx,Balance Sheet,"October 26, 2024","Purchased intangible assets, net",us-gaap:IntangibleAssetsNetExcludingGoodwill,reported,
balance_sheet,us-gaap:DeferredIncomeTaxAssetsNet,Deferred tax assets,4Q24,6514.0,CSCO_SEC-XBRL-financials_as-presented_10-Q_2024-11-19_0000858877-24-000030.xlsx,Balance Sheet,"October 26, 2024",Deferred tax assets,us-gaap:DeferredIncomeTaxAssetsNet,reported,
balance_sheet,us-gaap:OtherAssetsNoncurrent,Other assets,4Q24,6056.0,CSCO_SEC-XBRL-financials_as-presented_10-Q_2024-11-19_0000858877-24-000030.xlsx,Balance Sheet,"October 26, 2024",Other assets,us-gaap:OtherAssetsNoncurrent,reported,
balance_sheet,us-gaap:Assets,TOTAL ASSETS,4Q24,123333.0,CSCO_SEC-XBRL-financials_as-presented_10-Q_2024-11-19_0000858877-24-000030.xlsx,Balance Sheet,"October 26, 2024",TOTAL ASSETS,us-gaap:Assets,reported,
balance_sheet,us-gaap:DebtCurrent,Short-term debt,4Q24,12364.0,CSCO_SEC-XBRL-financials_as-presented_10-Q_2024-11-19_0000858877-24-000030.xlsx,Balance Sheet,"October 26, 2024",Short-term debt,us-gaap:DebtCurrent,reported,
balance_sheet,us-gaap:AccountsPayableCurrent,Accounts payable,4Q24,1996.0,CSCO_SEC-XBRL-financials_as-presented_10-Q_2024-11-19_0000858877-24-000030.xlsx,Balance Sheet,"October 26, 2024",Accounts payable,us-gaap:AccountsPayableCurrent,reported,
balance_sheet,us-gaap:AccruedIncomeTaxesCurrent,Income taxes payable,4Q24,2096.0,CSCO_SEC-XBRL-financials_as-presented_10-Q_2024-11-19_0000858877-24-000030.xlsx,Balance Sheet,"October 26, 2024",Income taxes payable,us-gaap:AccruedIncomeTaxesCurrent,reported,
balance_sheet,us-gaap:EmployeeRelatedLiabilitiesCurrent,Accrued compensation,4Q24,2861.0,CSCO_SEC-XBRL-financials_as-presented_10-Q_2024-11-19_0000858877-24-000030.xlsx,Balance Sheet,"October 26, 2024",Accrued compensation,us-gaap:EmployeeRelatedLiabilitiesCurrent,reported,
balance_sheet,us-gaap:ContractWithCustomerLiabilityCurrent,Deferred revenue,4Q24,15615.0,CSCO_SEC-XBRL-financials_as-presented_10-Q_2024-11-19_0000858877-24-000030.xlsx,Balance Sheet,"October 26, 2024",Deferred revenue,us-gaap:ContractWithCustomerLiabilityCurrent,reported,
balance_sheet,us-gaap:OtherLiabilitiesCurrent,Other current liabilities,4Q24,5610.0,CSCO_SEC-XBRL-financials_as-presented_10-Q_2024-11-19_0000858877-24-000030.xlsx,Balance Sheet,"October 26, 2024",Other current liabilities,us-gaap:OtherLiabilitiesCurrent,reported,
balance_sheet,us-gaap:LiabilitiesCurrent,Total current liabilities,4Q24,40542.0,CSCO_SEC-XBRL-financials_as-presented_10-Q_2024-11-19_0000858877-24-000030.xlsx,Balance Sheet,"October 26, 2024",Total current liabilities,us-gaap:LiabilitiesCurrent,reported,
balance_sheet,us-gaap:LongTermDebtNoncurrent,Long-term debt,4Q24,19623.0,CSCO_SEC-XBRL-financials_as-presented_10-Q_2024-11-19_0000858877-24-000030.xlsx,Balance Sheet,"October 26, 2024",Long-term debt,us-gaap:LongTermDebtNoncurrent,reported,
balance_sheet,us-gaap:AccruedIncomeTaxesNoncurrent,Income taxes payable,4Q24,3367.0,CSCO_SEC-XBRL-financials_as-presented_10-Q_2024-11-19_0000858877-24-000030.xlsx,Balance Sheet,"October 26, 2024",Income taxes payable,us-gaap:AccruedIncomeTaxesNoncurrent,reported,
balance_sheet,us-gaap:ContractWithCustomerLiabilityNoncurrent,Deferred revenue,4Q24,11887.0,CSCO_SEC-XBRL-financials_as-presented_10-Q_2024-11-19_0000858877-24-000030.xlsx,Balance Sheet,"October 26, 2024",Deferred revenue,us-gaap:ContractWithCustomerLiabilityNoncurrent,reported,
balance_sheet,us-gaap:OtherLiabilitiesNoncurrent,Other long-term liabilities,4Q24,2637.0,CSCO_SEC-XBRL-financials_as-presented_10-Q_2024-11-19_0000858877-24-000030.xlsx,Balance Sheet,"October 26, 2024",Other long-term liabilities,us-gaap:OtherLiabilitiesNoncurrent,reported,
balance_sheet,us-gaap:Liabilities,Total liabilities,4Q24,78056.0,CSCO_SEC-XBRL-financials_as-presented_10-Q_2024-11-19_0000858877-24-000030.xlsx,Balance Sheet,"October 26, 2024",Total liabilities,us-gaap:Liabilities,reported,
balance_sheet,us-gaap:CommonStockParOrStatedValuePerShare,"Common stock and additional paid-in capital, $0.001 par value: 20,000 shares authorized; 4,217 and 4,237 shares issued and outstanding at July 31, 2021 and July 25, 2020, respectively",4Q24,45991.0,CSCO_SEC-XBRL-financials_as-presented_10-Q_2024-11-19_0000858877-24-000030.xlsx,Balance Sheet,"October 26, 2024","Common stock and additional paid-in capital, $0.001 par value: 20,000 shares authorized; 3,974 and 4,007 shares issued and outstanding at October 26, 2024 and July 27, 2024, respectively",us-gaap:CommonStockParOrStatedValuePerShare,reported,
balance_sheet,us-gaap:RetainedEarningsAccumulatedDeficit,Accumulated deficit,4Q24,662.0,CSCO_SEC-XBRL-financials_as-presented_10-Q_2024-11-19_0000858877-24-000030.xlsx,Balance Sheet,"October 26, 2024",Retained earnings,us-gaap:RetainedEarningsAccumulatedDeficit,reported,
balance_sheet,us-gaap:AccumulatedOtherComprehensiveIncomeLossNetOfTax,Accumulated other comprehensive loss,4Q24,-1376.0,CSCO_SEC-XBRL-financials_as-presented_10-Q_2024-11-19_0000858877-24-000030.xlsx,Balance Sheet,"October 26, 2024",Accumulated other comprehensive loss,us-gaap:AccumulatedOtherComprehensiveIncomeLossNetOfTax,reported,
balance_sheet,us-gaap:StockholdersEquity,Total equity,4Q24,45277.0,CSCO_SEC-XBRL-financials_as-presented_10-Q_2024-11-19_0000858877-24-000030.xlsx,Balance Sheet,"October 26, 2024",Total equity,us-gaap:StockholdersEquity,reported,
balance_sheet,us-gaap:LiabilitiesAndStockholdersEquity,TOTAL LIABILITIES AND EQUITY,4Q24,123333.0,CSCO_SEC-XBRL-financials_as-presented_10-Q_2024-11-19_0000858877-24-000030.xlsx,Balance Sheet,"October 26, 2024",TOTAL LIABILITIES AND EQUITY,us-gaap:LiabilitiesAndStockholdersEquity,reported,
cash_flow,html:net-income,Net income,4Q24,2711.0,CSCO_SEC-XBRL-financials_as-presented_10-Q_2024-11-19_0000858877-24-000030.xlsx,Cash Flow,"Three Months Ended October 26, 2024",Net income,us-gaap:NetIncomeLoss,reported,
cash_flow,html:depreciation-amortization-and-other,"Depreciation, amortization, and other",4Q24,789.0,CSCO_SEC-XBRL-financials_as-presented_10-Q_2024-11-19_0000858877-24-000030.xlsx,Cash Flow,"Three Months Ended October 26, 2024","Depreciation, amortization, and other",csco:DepreciationAmortizationAndOther,reported,
cash_flow,html:share-based-compensation-expense,Share-based compensation expense,4Q24,827.0,CSCO_SEC-XBRL-financials_as-presented_10-Q_2024-11-19_0000858877-24-000030.xlsx,Cash Flow,"Three Months Ended October 26, 2024",Share-based compensation expense,us-gaap:ShareBasedCompensation,reported,
cash_flow,html:provision-benefit-for-receivables,Provision (benefit) for receivables,4Q24,-1.0,CSCO_SEC-XBRL-financials_as-presented_10-Q_2024-11-19_0000858877-24-000030.xlsx,Cash Flow,"Three Months Ended October 26, 2024",Provision (benefit) for receivables,csco:AccountsReceivableAndFinancingReceivableCreditLossExpenseReversal,reported,
cash_flow,html:deferred-income-taxes,Deferred income taxes,4Q24,-281.0,CSCO_SEC-XBRL-financials_as-presented_10-Q_2024-11-19_0000858877-24-000030.xlsx,Cash Flow,"Three Months Ended October 26, 2024",Deferred income taxes,us-gaap:DeferredIncomeTaxesAndTaxCredits,reported,
cash_flow,html:gains-losses-on-divestitures-investments-and-other-net,"(Gains) losses on divestitures, investments and other, net",4Q24,-60.0,CSCO_SEC-XBRL-financials_as-presented_10-Q_2024-11-19_0000858877-24-000030.xlsx,Cash Flow,"Three Months Ended October 26, 2024","(Gains) losses on divestitures, investments and other, net",us-gaap:GainLossOnInvestments,reported,
cash_flow,html:accounts-receivable,Accounts receivable,4Q24,2227.0,CSCO_SEC-XBRL-financials_as-presented_10-Q_2024-11-19_0000858877-24-000030.xlsx,Cash Flow,"Three Months Ended October 26, 2024",Accounts receivable,us-gaap:IncreaseDecreaseInAccountsReceivable,reported,
cash_flow,html:inventories,Inventories,4Q24,229.0,CSCO_SEC-XBRL-financials_as-presented_10-Q_2024-11-19_0000858877-24-000030.xlsx,Cash Flow,"Three Months Ended October 26, 2024",Inventories,us-gaap:IncreaseDecreaseInInventories,reported,
cash_flow,html:financing-receivables,Financing receivables,4Q24,173.0,CSCO_SEC-XBRL-financials_as-presented_10-Q_2024-11-19_0000858877-24-000030.xlsx,Cash Flow,"Three Months Ended October 26, 2024",Financing receivables,us-gaap:IncreaseDecreaseInFinanceReceivables,reported,
cash_flow,html:other-assets,Other assets,4Q24,-190.0,CSCO_SEC-XBRL-financials_as-presented_10-Q_2024-11-19_0000858877-24-000030.xlsx,Cash Flow,"Three Months Ended October 26, 2024",Other assets,us-gaap:IncreaseDecreaseInOtherOperatingAssets,reported,
cash_flow,html:accounts-payable,Accounts payable,4Q24,-269.0,CSCO_SEC-XBRL-financials_as-presented_10-Q_2024-11-19_0000858877-24-000030.xlsx,Cash Flow,"Three Months Ended October 26, 2024",Accounts payable,us-gaap:IncreaseDecreaseInAccountsPayable,reported,
cash_flow,html:income-taxes-net,"Income taxes, net",4Q24,-806.0,CSCO_SEC-XBRL-financials_as-presented_10-Q_2024-11-19_0000858877-24-000030.xlsx,Cash Flow,"Three Months Ended October 26, 2024","Income taxes, net",us-gaap:IncreaseDecreaseInAccruedIncomeTaxesPayable,reported,
cash_flow,html:accrued-compensation,Accrued compensation,4Q24,-754.0,CSCO_SEC-XBRL-financials_as-presented_10-Q_2024-11-19_0000858877-24-000030.xlsx,Cash Flow,"Three Months Ended October 26, 2024",Accrued compensation,us-gaap:IncreaseDecreaseInEmployeeRelatedLiabilities,reported,
cash_flow,html:deferred-revenue,Deferred revenue,4Q24,-971.0,CSCO_SEC-XBRL-financials_as-presented_10-Q_2024-11-19_0000858877-24-000030.xlsx,Cash Flow,"Three Months Ended October 26, 2024",Deferred revenue,us-gaap:IncreaseDecreaseInContractWithCustomerLiability,reported,
cash_flow,html:other-liabilities,Other liabilities,4Q24,37.0,CSCO_SEC-XBRL-financials_as-presented_10-Q_2024-11-19_0000858877-24-000030.xlsx,Cash Flow,"Three Months Ended October 26, 2024",Other liabilities,us-gaap:IncreaseDecreaseInOtherOperatingLiabilities,reported,
cash_flow,html:net-cash-provided-by-operating-activities,Net cash provided by operating activities,4Q24,3661.0,CSCO_SEC-XBRL-financials_as-presented_10-Q_2024-11-19_0000858877-24-000030.xlsx,Cash Flow,"Three Months Ended October 26, 2024",Net cash provided by operating activities,us-gaap:NetCashProvidedByUsedInOperatingActivities,reported,
cash_flow,html:purchases-of-investments,Purchases of investments,4Q24,-1775.0,CSCO_SEC-XBRL-financials_as-presented_10-Q_2024-11-19_0000858877-24-000030.xlsx,Cash Flow,"Three Months Ended October 26, 2024",Purchases of investments,us-gaap:PaymentsToAcquireInvestments,reported,
cash_flow,html:proceeds-from-sales-of-investments,Proceeds from sales of investments,4Q24,1490.0,CSCO_SEC-XBRL-financials_as-presented_10-Q_2024-11-19_0000858877-24-000030.xlsx,Cash Flow,"Three Months Ended October 26, 2024",Proceeds from sales of investments,us-gaap:ProceedsFromSaleOfAvailableForSaleSecuritiesDebt,reported,
cash_flow,html:proceeds-from-maturities-of-investments,Proceeds from maturities of investments,4Q24,1164.0,CSCO_SEC-XBRL-financials_as-presented_10-Q_2024-11-19_0000858877-24-000030.xlsx,Cash Flow,"Three Months Ended October 26, 2024",Proceeds from maturities of investments,us-gaap:ProceedsFromMaturitiesPrepaymentsAndCallsOfAvailableForSaleSecurities,reported,
cash_flow,us-gaap:PaymentsToAcquireBusinessesNetOfCashAcquired,"Acquisitions, net of cash and cash equivalents acquired",4Q24,-217.0,CSCO_SEC-XBRL-financials_as-presented_10-Q_2024-11-19_0000858877-24-000030.xlsx,Cash Flow,"Three Months Ended October 26, 2024","Acquisitions, net of cash and cash equivalents acquired and divestitures",us-gaap:PaymentsToAcquireBusinessesNetOfCashAcquired,reported,
cash_flow,html:purchases-of-investments-in-privately-held-companies,Purchases of investments in privately held companies,4Q24,-42.0,CSCO_SEC-XBRL-financials_as-presented_10-Q_2024-11-19_0000858877-24-000030.xlsx,Cash Flow,"Three Months Ended October 26, 2024",Purchases of investments in privately held companies,csco:PaymentsForPurchaseOfInvestmentsInPrivatelyHeldCompanies,reported,
cash_flow,html:return-of-investments-in-privately-held-companies,Return of investments in privately held companies,4Q24,77.0,CSCO_SEC-XBRL-financials_as-presented_10-Q_2024-11-19_0000858877-24-000030.xlsx,Cash Flow,"Three Months Ended October 26, 2024",Return of investments in privately held companies,csco:ProceedsFromInvestmentsInPrivatelyHeldCompanies,reported,
cash_flow,html:acquisition-of-property-and-equipment,Acquisition of property and equipment,4Q24,-217.0,CSCO_SEC-XBRL-financials_as-presented_10-Q_2024-11-19_0000858877-24-000030.xlsx,Cash Flow,"Three Months Ended October 26, 2024",Acquisition of property and equipment,us-gaap:PaymentsToAcquirePropertyPlantAndEquipment,reported,
cash_flow,html:other,Other,4Q24,-4.0,CSCO_SEC-XBRL-financials_as-presented_10-Q_2024-11-19_0000858877-24-000030.xlsx,Cash Flow,"Three Months Ended October 26, 2024",Other,us-gaap:PaymentsForProceedsFromOtherInvestingActivities + us-gaap:ProceedsFromPaymentsForOtherFinancingActivities,summed_within_file,SUM(us-gaap:PaymentsForProceedsFromOtherInvestingActivities + us-gaap:ProceedsFromPaymentsForOtherFinancingActivities) in CSCO_SEC-XBRL-financials_as-presented_10-Q_2024-11-19_0000858877-24-000030.xlsx
cash_flow,html:net-cash-provided-by-used-in-investing-activities,Net cash provided by (used in) investing activities,4Q24,479.0,CSCO_SEC-XBRL-financials_as-presented_10-Q_2024-11-19_0000858877-24-000030.xlsx,Cash Flow,"Three Months Ended October 26, 2024",Net cash provided by investing activities,us-gaap:NetCashProvidedByUsedInInvestingActivities,reported,
cash_flow,html:repurchases-of-common-stock-repurchase-program,Repurchases of common stock - repurchase program,4Q24,-2003.0,CSCO_SEC-XBRL-financials_as-presented_10-Q_2024-11-19_0000858877-24-000030.xlsx,Cash Flow,"Three Months Ended October 26, 2024",Repurchases of common stock—repurchase program,us-gaap:PaymentsForRepurchaseOfCommonStock,reported,
cash_flow,html:shares-repurchased-for-tax-withholdings-on-vesting-of-restricted-stock-units,Shares repurchased for tax withholdings on vesting of restricted stock units,4Q24,-165.0,CSCO_SEC-XBRL-financials_as-presented_10-Q_2024-11-19_0000858877-24-000030.xlsx,Cash Flow,"Three Months Ended October 26, 2024",Shares repurchased for tax withholdings on vesting of restricted stock units,us-gaap:PaymentsRelatedToTaxWithholdingForShareBasedCompensation,reported,
cash_flow,html:short-term-borrowings-original-maturities-of-90-days-or-less-net,"Short-term borrowings, original maturities of 90 days or less, net",4Q24,68.0,CSCO_SEC-XBRL-financials_as-presented_10-Q_2024-11-19_0000858877-24-000030.xlsx,Cash Flow,"Three Months Ended October 26, 2024","Short-term borrowings, original maturities of 90 days or less, net",us-gaap:ProceedsFromRepaymentsOfShortTermDebtMaturingInThreeMonthsOrLess,reported,
cash_flow,html:issuances-of-debt,Issuances of debt,4Q24,5732.0,CSCO_SEC-XBRL-financials_as-presented_10-Q_2024-11-19_0000858877-24-000030.xlsx,Cash Flow,"Three Months Ended October 26, 2024",Issuances of debt,us-gaap:ProceedsFromIssuanceOfLongTermDebt,reported,
cash_flow,html:repayments-of-debt,Repayments of debt,4Q24,-4821.0,CSCO_SEC-XBRL-financials_as-presented_10-Q_2024-11-19_0000858877-24-000030.xlsx,Cash Flow,"Three Months Ended October 26, 2024",Repayments of debt,us-gaap:RepaymentsOfDebt,reported,
cash_flow,html:dividends-paid,Dividends paid,4Q24,-1592.0,CSCO_SEC-XBRL-financials_as-presented_10-Q_2024-11-19_0000858877-24-000030.xlsx,Cash Flow,"Three Months Ended October 26, 2024",Dividends paid,us-gaap:PaymentsOfDividends,reported,
cash_flow,html:net-cash-used-in-financing-activities,Net cash used in financing activities,4Q24,-2784.0,CSCO_SEC-XBRL-financials_as-presented_10-Q_2024-11-19_0000858877-24-000030.xlsx,Cash Flow,"Three Months Ended October 26, 2024",Net cash used in financing activities,us-gaap:NetCashProvidedByUsedInFinancingActivities,reported,
cash_flow,us-gaap:EffectOfExchangeRateOnCashCashEquivalentsRestrictedCashAndRestrictedCashEquivalentsDisposalGroupIncludingDiscontinuedOperations,"Effect of foreign currency exchange rate changes on cash, cash equivalents, restricted cash and restricted cash equivalents",4Q24,10.0,CSCO_SEC-XBRL-financials_as-presented_10-Q_2024-11-19_0000858877-24-000030.xlsx,Cash Flow,"Three Months Ended October 26, 2024","Effect of foreign currency exchange rate changes on cash, cash equivalents, restricted cash and restricted cash equivalents",us-gaap:EffectOfExchangeRateOnCashCashEquivalentsRestrictedCashAndRestrictedCashEquivalentsDisposalGroupIncludingDiscontinuedOperations,reported,
cash_flow,html:net-increase-decrease-in-cash-cash-equivalents-and-restricted-cash,"Net increase (decrease) in cash, cash equivalents, and restricted cash",4Q24,1366.0,CSCO_SEC-XBRL-financials_as-presented_10-Q_2024-11-19_0000858877-24-000030.xlsx,Cash Flow,"Three Months Ended October 26, 2024","Net increase (decrease) in cash, cash equivalents, restricted cash and restricted cash equivalents",us-gaap:CashCashEquivalentsRestrictedCashAndRestrictedCashEquivalentsPeriodIncreaseDecreaseIncludingExchangeRateEffect,reported,
cash_flow,html:cash-cash-equivalents-and-restricted-cash-beginning-of-fiscal-year,"Cash, cash equivalents, and restricted cash, beginning of fiscal year",4Q24,8842.0,CSCO_SEC-XBRL-financials_as-presented_10-Q_2024-11-19_0000858877-24-000030.xlsx,Cash Flow,"Three Months Ended October 26, 2024","Cash, cash equivalents, restricted cash and restricted cash equivalents, beginning of period",us-gaap:CashCashEquivalentsRestrictedCashAndRestrictedCashEquivalents,reported,
cash_flow,html:cash-paid-for-interest,Cash paid for interest,4Q24,545.0,CSCO_SEC-XBRL-financials_as-presented_10-Q_2024-11-19_0000858877-24-000030.xlsx,Cash Flow,"Three Months Ended October 26, 2024",Cash paid for interest,us-gaap:InterestPaidNet,reported,
cash_flow,html:cash-paid-for-income-taxes-net,"Cash paid for income taxes, net",4Q24,643.0,CSCO_SEC-XBRL-financials_as-presented_10-Q_2024-11-19_0000858877-24-000030.xlsx,Cash Flow,"Three Months Ended October 26, 2024","Cash paid for income taxes, net",us-gaap:IncomeTaxesPaidNet,reported,
income_statement,html:product,Product,1Q25,37742.0,CSCO_SEC-XBRL-financials_as-presented_10-Q_2025-02-18_0000858877-25-000007.xlsx,Income Statement,"Three Months Ended January 25, 2025",Product; Services; Total cost of sales; Total revenue,us-gaap:CostOfGoodsAndServicesSold + us-gaap:RevenueFromContractWithCustomerExcludingAssessedTax,summed_within_file,SUM(us-gaap:CostOfGoodsAndServicesSold + us-gaap:RevenueFromContractWithCustomerExcludingAssessedTax) in CSCO_SEC-XBRL-financials_as-presented_10-Q_2025-02-18_0000858877-25-000007.xlsx
income_statement,html:gross-margin,GROSS MARGIN,1Q25,9111.0,CSCO_SEC-XBRL-financials_as-presented_10-Q_2025-02-18_0000858877-25-000007.xlsx,Income Statement,"Three Months Ended January 25, 2025",GROSS MARGIN,us-gaap:GrossProfit,reported,
income_statement,html:research-and-development,Research and development,1Q25,2299.0,CSCO_SEC-XBRL-financials_as-presented_10-Q_2025-02-18_0000858877-25-000007.xlsx,Income Statement,"Three Months Ended January 25, 2025",Research and development,us-gaap:ResearchAndDevelopmentExpense,reported,
income_statement,html:sales-and-marketing,Sales and marketing,1Q25,2672.0,CSCO_SEC-XBRL-financials_as-presented_10-Q_2025-02-18_0000858877-25-000007.xlsx,Income Statement,"Three Months Ended January 25, 2025",Sales and marketing,us-gaap:SellingAndMarketingExpense,reported,
income_statement,html:general-and-administrative,General and administrative,1Q25,752.0,CSCO_SEC-XBRL-financials_as-presented_10-Q_2025-02-18_0000858877-25-000007.xlsx,Income Statement,"Three Months Ended January 25, 2025",General and administrative,us-gaap:GeneralAndAdministrativeExpense,reported,
income_statement,html:amortization-of-purchased-intangible-assets,Amortization of purchased intangible assets,1Q25,265.0,CSCO_SEC-XBRL-financials_as-presented_10-Q_2025-02-18_0000858877-25-000007.xlsx,Income Statement,"Three Months Ended January 25, 2025",Amortization of purchased intangible assets,us-gaap:AmortizationOfIntangibleAssets,reported,
income_statement,html:restructuring-and-other-charges,Restructuring and other charges,1Q25,10.0,CSCO_SEC-XBRL-financials_as-presented_10-Q_2025-02-18_0000858877-25-000007.xlsx,Income Statement,"Three Months Ended January 25, 2025",Restructuring and other charges,csco:RestructuringAndOtherCharges,reported,
income_statement,html:operating-expenses,OPERATING EXPENSES:,1Q25,5998.0,CSCO_SEC-XBRL-financials_as-presented_10-Q_2025-02-18_0000858877-25-000007.xlsx,Income Statement,"Three Months Ended January 25, 2025",Total operating expenses,us-gaap:OperatingExpenses,reported,
income_statement,html:operating-income,OPERATING INCOME,1Q25,3113.0,CSCO_SEC-XBRL-financials_as-presented_10-Q_2025-02-18_0000858877-25-000007.xlsx,Income Statement,"Three Months Ended January 25, 2025",OPERATING INCOME,us-gaap:OperatingIncomeLoss,reported,
income_statement,html:interest-and-other-income-loss-net,"Interest and other income (loss), net",1Q25,-392.0,CSCO_SEC-XBRL-financials_as-presented_10-Q_2025-02-18_0000858877-25-000007.xlsx,Income Statement,"Three Months Ended January 25, 2025","Interest and other income (loss), net; Interest expense; Interest income",us-gaap:InterestExpenseNonoperating; us-gaap:InvestmentIncomeInterestAndDividend; us-gaap:NonoperatingIncomeExpense,interest_net,"interest_net: signed_sum=-392.0 from values=[238.0, -404.0, -226.0]"
income_statement,html:other-income-loss-net,"Other income (loss), net",1Q25,-60.0,CSCO_SEC-XBRL-financials_as-presented_10-Q_2025-02-18_0000858877-25-000007.xlsx,Income Statement,"Three Months Ended January 25, 2025","Other income (loss), net",us-gaap:OtherNonoperatingIncomeExpense,reported,
income_statement,html:income-before-provision-for-income-taxes,INCOME BEFORE PROVISION FOR INCOME TAXES,1Q25,2887.0,CSCO_SEC-XBRL-financials_as-presented_10-Q_2025-02-18_0000858877-25-000007.xlsx,Income Statement,"Three Months Ended January 25, 2025",INCOME BEFORE PROVISION FOR INCOME TAXES,us-gaap:IncomeLossFromContinuingOperationsBeforeIncomeTaxesExtraordinaryItemsNoncontrollingInterest,reported,
income_statement,html:provision-for-income-taxes,Provision for income taxes,1Q25,459.0,CSCO_SEC-XBRL-financials_as-presented_10-Q_2025-02-18_0000858877-25-000007.xlsx,Income Statement,"Three Months Ended January 25, 2025",Provision for income taxes,us-gaap:IncomeTaxExpenseBenefit,reported,
income_statement,html:net-income,NET INCOME,1Q25,2428.0,CSCO_SEC-XBRL-financials_as-presented_10-Q_2025-02-18_0000858877-25-000007.xlsx,Income Statement,"Three Months Ended January 25, 2025",NET INCOME,us-gaap:NetIncomeLoss,reported,
income_statement,html:basic,Basic,1Q25,4.591,CSCO_SEC-XBRL-financials_as-presented_10-Q_2025-02-18_0000858877-25-000007.xlsx,Income Statement,"Three Months Ended January 25, 2025",Basic,us-gaap:EarningsPerShareBasic + us-gaap:WeightedAverageNumberOfSharesOutstandingBasic,summed_within_file,SUM(us-gaap:EarningsPerShareBasic + us-gaap:WeightedAverageNumberOfSharesOutstandingBasic) in CSCO_SEC-XBRL-financials_as-presented_10-Q_2025-02-18_0000858877-25-000007.xlsx
income_statement,html:diluted,Diluted,1Q25,4.615,CSCO_SEC-XBRL-financials_as-presented_10-Q_2025-02-18_0000858877-25-000007.xlsx,Income Statement,"Three Months Ended January 25, 2025",Diluted,us-gaap:EarningsPerShareDiluted + us-gaap:WeightedAverageNumberOfDilutedSharesOutstanding,summed_within_file,SUM(us-gaap:EarningsPerShareDiluted + us-gaap:WeightedAverageNumberOfDilutedSharesOutstanding) in CSCO_SEC-XBRL-financials_as-presented_10-Q_2025-02-18_0000858877-25-000007.xlsx
balance_sheet,us-gaap:CashAndCashEquivalentsAtCarryingValue,Cash and cash equivalents,1Q25,8556.0,CSCO_SEC-XBRL-financials_as-presented_10-Q_2025-02-18_0000858877-25-000007.xlsx,Balance Sheet,"January 25, 2025",Cash and cash equivalents,us-gaap:CashAndCashEquivalentsAtCarryingValue,reported,
balance_sheet,us-gaap:ShortTermInvestments,Investments,1Q25,8297.0,CSCO_SEC-XBRL-financials_as-presented_10-Q_2025-02-18_0000858877-25-000007.xlsx,Balance Sheet,"January 25, 2025",Investments,us-gaap:ShortTermInvestments,reported,
balance_sheet,us-gaap:AllowanceForDoubtfulAccountsReceivableCurrent,"Accounts receivable, net of allowance of $109 at July 31, 2021 and $143 at July 25, 2020",1Q25,5669.0,CSCO_SEC-XBRL-financials_as-presented_10-Q_2025-02-18_0000858877-25-000007.xlsx,Balance Sheet,"January 25, 2025","Accounts receivable, net of allowance of $80 at January 25, 2025 and $87 at July 27, 2024",us-gaap:AllowanceForDoubtfulAccountsReceivableCurrent,reported,
balance_sheet,us-gaap:InventoryNet,Inventories,1Q25,2927.0,CSCO_SEC-XBRL-financials_as-presented_10-Q_2025-02-18_0000858877-25-000007.xlsx,Balance Sheet,"January 25, 2025",Inventories,us-gaap:InventoryNet,reported,
balance_sheet,us-gaap:NotesAndLoansReceivableNetCurrent,"Financing receivables, net",1Q25,3074.0,CSCO_SEC-XBRL-financials_as-presented_10-Q_2025-02-18_0000858877-25-000007.xlsx,Balance Sheet,"January 25, 2025","Financing receivables, net",us-gaap:NotesAndLoansReceivableNetCurrent,reported,
balance_sheet,us-gaap:OtherAssetsCurrent,Other current assets,1Q25,6158.0,CSCO_SEC-XBRL-financials_as-presented_10-Q_2025-02-18_0000858877-25-000007.xlsx,Balance Sheet,"January 25, 2025",Other current assets,us-gaap:OtherAssetsCurrent,reported,
balance_sheet,us-gaap:AssetsCurrent,Total current assets,1Q25,34681.0,CSCO_SEC-XBRL-financials_as-presented_10-Q_2025-02-18_0000858877-25-000007.xlsx,Balance Sheet,"January 25, 2025",Total current assets,us-gaap:AssetsCurrent,reported,
balance_sheet,us-gaap:PropertyPlantAndEquipmentNet,"Property and equipment, net",1Q25,1992.0,CSCO_SEC-XBRL-financials_as-presented_10-Q_2025-02-18_0000858877-25-000007.xlsx,Balance Sheet,"January 25, 2025","Property and equipment, net",us-gaap:PropertyPlantAndEquipmentNet,reported,
balance_sheet,us-gaap:NotesAndLoansReceivableNetNoncurrent,"Financing receivables, net",1Q25,3240.0,CSCO_SEC-XBRL-financials_as-presented_10-Q_2025-02-18_0000858877-25-000007.xlsx,Balance Sheet,"January 25, 2025","Financing receivables, net",us-gaap:NotesAndLoansReceivableNetNoncurrent,reported,
balance_sheet,us-gaap:Goodwill,Goodwill,1Q25,58719.0,CSCO_SEC-XBRL-financials_as-presented_10-Q_2025-02-18_0000858877-25-000007.xlsx,Balance Sheet,"January 25, 2025",Goodwill,us-gaap:Goodwill,reported,
balance_sheet,us-gaap:IntangibleAssetsNetExcludingGoodwill,"Purchased intangible assets, net",1Q25,10139.0,CSCO_SEC-XBRL-financials_as-presented_10-Q_2025-02-18_0000858877-25-000007.xlsx,Balance Sheet,"January 25, 2025","Purchased intangible assets, net",us-gaap:IntangibleAssetsNetExcludingGoodwill,reported,
balance_sheet,us-gaap:DeferredIncomeTaxAssetsNet,Deferred tax assets,1Q25,6591.0,CSCO_SEC-XBRL-financials_as-presented_10-Q_2025-02-18_0000858877-25-000007.xlsx,Balance Sheet,"January 25, 2025",Deferred tax assets,us-gaap:DeferredIncomeTaxAssetsNet,reported,
balance_sheet,us-gaap:OtherAssetsNoncurrent,Other assets,1Q25,6013.0,CSCO_SEC-XBRL-financials_as-presented_10-Q_2025-02-18_0000858877-25-000007.xlsx,Balance Sheet,"January 25, 2025",Other assets,us-gaap:OtherAssetsNoncurrent,reported,
balance_sheet,us-gaap:Assets,TOTAL ASSETS,1Q25,121375.0,CSCO_SEC-XBRL-financials_as-presented_10-Q_2025-02-18_0000858877-25-000007.xlsx,Balance Sheet,"January 25, 2025",TOTAL ASSETS,us-gaap:Assets,reported,
balance_sheet,us-gaap:DebtCurrent,Short-term debt,1Q25,11413.0,CSCO_SEC-XBRL-financials_as-presented_10-Q_2025-02-18_0000858877-25-000007.xlsx,Balance Sheet,"January 25, 2025",Short-term debt,us-gaap:DebtCurrent,reported,
balance_sheet,us-gaap:AccountsPayableCurrent,Accounts payable,1Q25,1902.0,CSCO_SEC-XBRL-financials_as-presented_10-Q_2025-02-18_0000858877-25-000007.xlsx,Balance Sheet,"January 25, 2025",Accounts payable,us-gaap:AccountsPayableCurrent,reported,
balance_sheet,us-gaap:AccruedIncomeTaxesCurrent,Income taxes payable,1Q25,1884.0,CSCO_SEC-XBRL-financials_as-presented_10-Q_2025-02-18_0000858877-25-000007.xlsx,Balance Sheet,"January 25, 2025",Income taxes payable,us-gaap:AccruedIncomeTaxesCurrent,reported,
balance_sheet,us-gaap:EmployeeRelatedLiabilitiesCurrent,Accrued compensation,1Q25,3299.0,CSCO_SEC-XBRL-financials_as-presented_10-Q_2025-02-18_0000858877-25-000007.xlsx,Balance Sheet,"January 25, 2025",Accrued compensation,us-gaap:EmployeeRelatedLiabilitiesCurrent,reported,
balance_sheet,us-gaap:ContractWithCustomerLiabilityCurrent,Deferred revenue,1Q25,15999.0,CSCO_SEC-XBRL-financials_as-presented_10-Q_2025-02-18_0000858877-25-000007.xlsx,Balance Sheet,"January 25, 2025",Deferred revenue,us-gaap:ContractWithCustomerLiabilityCurrent,reported,
balance_sheet,us-gaap:OtherLiabilitiesCurrent,Other current liabilities,1Q25,5522.0,CSCO_SEC-XBRL-financials_as-presented_10-Q_2025-02-18_0000858877-25-000007.xlsx,Balance Sheet,"January 25, 2025",Other current liabilities,us-gaap:OtherLiabilitiesCurrent,reported,
balance_sheet,us-gaap:LiabilitiesCurrent,Total current liabilities,1Q25,40019.0,CSCO_SEC-XBRL-financials_as-presented_10-Q_2025-02-18_0000858877-25-000007.xlsx,Balance Sheet,"January 25, 2025",Total current liabilities,us-gaap:LiabilitiesCurrent,reported,
balance_sheet,us-gaap:LongTermDebtNoncurrent,Long-term debt,1Q25,19625.0,CSCO_SEC-XBRL-financials_as-presented_10-Q_2025-02-18_0000858877-25-000007.xlsx,Balance Sheet,"January 25, 2025",Long-term debt,us-gaap:LongTermDebtNoncurrent,reported,
balance_sheet,us-gaap:AccruedIncomeTaxesNoncurrent,Income taxes payable,1Q25,1756.0,CSCO_SEC-XBRL-financials_as-presented_10-Q_2025-02-18_0000858877-25-000007.xlsx,Balance Sheet,"January 25, 2025",Income taxes payable,us-gaap:AccruedIncomeTaxesNoncurrent,reported,
balance_sheet,us-gaap:ContractWithCustomerLiabilityNoncurrent,Deferred revenue,1Q25,11796.0,CSCO_SEC-XBRL-financials_as-presented_10-Q_2025-02-18_0000858877-25-000007.xlsx,Balance Sheet,"January 25, 2025",Deferred revenue,us-gaap:ContractWithCustomerLiabilityNoncurrent,reported,
balance_sheet,us-gaap:OtherLiabilitiesNoncurrent,Other long-term liabilities,1Q25,2649.0,CSCO_SEC-XBRL-financials_as-presented_10-Q_2025-02-18_0000858877-25-000007.xlsx,Balance Sheet,"January 25, 2025",Other long-term liabilities,us-gaap:OtherLiabilitiesNoncurrent,reported,
balance_sheet,us-gaap:Liabilities,Total liabilities,1Q25,75845.0,CSCO_SEC-XBRL-financials_as-presented_10-Q_2025-02-18_0000858877-25-000007.xlsx,Balance Sheet,"January 25, 2025",Total liabilities,us-gaap:Liabilities,reported,
balance_sheet,us-gaap:CommonStockParOrStatedValuePerShare,"Common stock and additional paid-in capital, $0.001 par value: 20,000 shares authorized; 4,217 and 4,237 shares issued and outstanding at July 31, 2021 and July 25, 2020, respectively",1Q25,46521.0,CSCO_SEC-XBRL-financials_as-presented_10-Q_2025-02-18_0000858877-25-000007.xlsx,Balance Sheet,"January 25, 2025","Common stock and additional paid-in capital, $0.001 par value: 20,000 shares authorized; 3,977 and 4,007 shares issued and outstanding at January 25, 2025 and July 27, 2024, respectively",us-gaap:CommonStockParOrStatedValuePerShare,reported,
balance_sheet,us-gaap:RetainedEarningsAccumulatedDeficit,Accumulated deficit,1Q25,502.0,CSCO_SEC-XBRL-financials_as-presented_10-Q_2025-02-18_0000858877-25-000007.xlsx,Balance Sheet,"January 25, 2025",Retained earnings,us-gaap:RetainedEarningsAccumulatedDeficit,reported,
balance_sheet,us-gaap:AccumulatedOtherComprehensiveIncomeLossNetOfTax,Accumulated other comprehensive loss,1Q25,-1493.0,CSCO_SEC-XBRL-financials_as-presented_10-Q_2025-02-18_0000858877-25-000007.xlsx,Balance Sheet,"January 25, 2025",Accumulated other comprehensive loss,us-gaap:AccumulatedOtherComprehensiveIncomeLossNetOfTax,reported,
balance_sheet,us-gaap:StockholdersEquity,Total equity,1Q25,45530.0,CSCO_SEC-XBRL-financials_as-presented_10-Q_2025-02-18_0000858877-25-000007.xlsx,Balance Sheet,"January 25, 2025",Total equity,us-gaap:StockholdersEquity,reported,
balance_sheet,us-gaap:LiabilitiesAndStockholdersEquity,TOTAL LIABILITIES AND EQUITY,1Q25,121375.0,CSCO_SEC-XBRL-financials_as-presented_10-Q_2025-02-18_0000858877-25-000007.xlsx,Balance Sheet,"January 25, 2025",TOTAL LIABILITIES AND EQUITY,us-gaap:LiabilitiesAndStockholdersEquity,reported,
income_statement,html:product,Product,2Q25,38040.0,CSCO_SEC-XBRL-financials_as-presented_10-Q_2025-05-20_0000858877-25-000033.xlsx,Income Statement,"Three Months Ended April 26, 2025",Product; Services; Total cost of sales; Total revenue,us-gaap:CostOfGoodsAndServicesSold + us-gaap:RevenueFromContractWithCustomerExcludingAssessedTax,summed_within_file,SUM(us-gaap:CostOfGoodsAndServicesSold + us-gaap:RevenueFromContractWithCustomerExcludingAssessedTax) in CSCO_SEC-XBRL-financials_as-presented_10-Q_2025-05-20_0000858877-25-000033.xlsx
income_statement,html:gross-margin,GROSS MARGIN,2Q25,9278.0,CSCO_SEC-XBRL-financials_as-presented_10-Q_2025-05-20_0000858877-25-000033.xlsx,Income Statement,"Three Months Ended April 26, 2025",GROSS MARGIN,us-gaap:GrossProfit,reported,
income_statement,html:research-and-development,Research and development,2Q25,2335.0,CSCO_SEC-XBRL-financials_as-presented_10-Q_2025-05-20_0000858877-25-000033.xlsx,Income Statement,"Three Months Ended April 26, 2025",Research and development,us-gaap:ResearchAndDevelopmentExpense,reported,
income_statement,html:sales-and-marketing,Sales and marketing,2Q25,2724.0,CSCO_SEC-XBRL-financials_as-presented_10-Q_2025-05-20_0000858877-25-000033.xlsx,Income Statement,"Three Months Ended April 26, 2025",Sales and marketing,us-gaap:SellingAndMarketingExpense,reported,
income_statement,html:general-and-administrative,General and administrative,2Q25,739.0,CSCO_SEC-XBRL-financials_as-presented_10-Q_2025-05-20_0000858877-25-000033.xlsx,Income Statement,"Three Months Ended April 26, 2025",General and administrative,us-gaap:GeneralAndAdministrativeExpense,reported,
income_statement,html:amortization-of-purchased-intangible-assets,Amortization of purchased intangible assets,2Q25,244.0,CSCO_SEC-XBRL-financials_as-presented_10-Q_2025-05-20_0000858877-25-000033.xlsx,Income Statement,"Three Months Ended April 26, 2025",Amortization of purchased intangible assets,us-gaap:AmortizationOfIntangibleAssets,reported,
income_statement,html:restructuring-and-other-charges,Restructuring and other charges,2Q25,34.0,CSCO_SEC-XBRL-financials_as-presented_10-Q_2025-05-20_0000858877-25-000033.xlsx,Income Statement,"Three Months Ended April 26, 2025",Restructuring and other charges,csco:RestructuringAndOtherCharges,reported,
income_statement,html:operating-expenses,OPERATING EXPENSES:,2Q25,6076.0,CSCO_SEC-XBRL-financials_as-presented_10-Q_2025-05-20_0000858877-25-000033.xlsx,Income Statement,"Three Months Ended April 26, 2025",Total operating expenses,us-gaap:OperatingExpenses,reported,
income_statement,html:operating-income,OPERATING INCOME,2Q25,3202.0,CSCO_SEC-XBRL-financials_as-presented_10-Q_2025-05-20_0000858877-25-000033.xlsx,Income Statement,"Three Months Ended April 26, 2025",OPERATING INCOME,us-gaap:OperatingIncomeLoss,reported,
income_statement,html:interest-and-other-income-loss-net,"Interest and other income (loss), net",2Q25,-408.0,CSCO_SEC-XBRL-financials_as-presented_10-Q_2025-05-20_0000858877-25-000033.xlsx,Income Statement,"Three Months Ended April 26, 2025","Interest and other income (loss), net; Interest expense; Interest income",us-gaap:InterestExpenseNonoperating; us-gaap:InvestmentIncomeInterestAndDividend; us-gaap:NonoperatingIncomeExpense,interest_net,"interest_net: signed_sum=-408.0 from values=[250.0, -403.0, -255.0]"
income_statement,html:other-income-loss-net,"Other income (loss), net",2Q25,-102.0,CSCO_SEC-XBRL-financials_as-presented_10-Q_2025-05-20_0000858877-25-000033.xlsx,Income Statement,"Three Months Ended April 26, 2025","Other income (loss), net",us-gaap:OtherNonoperatingIncomeExpense,reported,
income_statement,html:income-before-provision-for-income-taxes,INCOME BEFORE PROVISION FOR INCOME TAXES,2Q25,2947.0,CSCO_SEC-XBRL-financials_as-presented_10-Q_2025-05-20_0000858877-25-000033.xlsx,Income Statement,"Three Months Ended April 26, 2025",INCOME BEFORE PROVISION FOR INCOME TAXES,us-gaap:IncomeLossFromContinuingOperationsBeforeIncomeTaxesExtraordinaryItemsNoncontrollingInterest,reported,
income_statement,html:provision-for-income-taxes,Provision for income taxes,2Q25,456.0,CSCO_SEC-XBRL-financials_as-presented_10-Q_2025-05-20_0000858877-25-000033.xlsx,Income Statement,"Three Months Ended April 26, 2025",Provision for income taxes,us-gaap:IncomeTaxExpenseBenefit,reported,
income_statement,html:net-income,NET INCOME,2Q25,2491.0,CSCO_SEC-XBRL-financials_as-presented_10-Q_2025-05-20_0000858877-25-000033.xlsx,Income Statement,"Three Months Ended April 26, 2025",NET INCOME,us-gaap:NetIncomeLoss,reported,
income_statement,html:basic,Basic,2Q25,4.602,CSCO_SEC-XBRL-financials_as-presented_10-Q_2025-05-20_0000858877-25-000033.xlsx,Income Statement,"Three Months Ended April 26, 2025",Basic,us-gaap:EarningsPerShareBasic + us-gaap:WeightedAverageNumberOfSharesOutstandingBasic,summed_within_file,SUM(us-gaap:EarningsPerShareBasic + us-gaap:WeightedAverageNumberOfSharesOutstandingBasic) in CSCO_SEC-XBRL-financials_as-presented_10-Q_2025-05-20_0000858877-25-000033.xlsx
income_statement,html:diluted,Diluted,2Q25,4.622,CSCO_SEC-XBRL-financials_as-presented_10-Q_2025-05-20_0000858877-25-000033.xlsx,Income Statement,"Three Months Ended April 26, 2025",Diluted,us-gaap:EarningsPerShareDiluted + us-gaap:WeightedAverageNumberOfDilutedSharesOutstanding,summed_within_file,SUM(us-gaap:EarningsPerShareDiluted + us-gaap:WeightedAverageNumberOfDilutedSharesOutstanding) in CSCO_SEC-XBRL-financials_as-presented_10-Q_2025-05-20_0000858877-25-000033.xlsx
balance_sheet,us-gaap:CashAndCashEquivalentsAtCarryingValue,Cash and cash equivalents,2Q25,8161.0,CSCO_SEC-XBRL-financials_as-presented_10-Q_2025-05-20_0000858877-25-000033.xlsx,Balance Sheet,"April 26, 2025",Cash and cash equivalents,us-gaap:CashAndCashEquivalentsAtCarryingValue,reported,
balance_sheet,us-gaap:ShortTermInvestments,Investments,2Q25,7481.0,CSCO_SEC-XBRL-financials_as-presented_10-Q_2025-05-20_0000858877-25-000033.xlsx,Balance Sheet,"April 26, 2025",Investments,us-gaap:ShortTermInvestments,reported,
balance_sheet,us-gaap:AllowanceForDoubtfulAccountsReceivableCurrent,"Accounts receivable, net of allowance of $109 at July 31, 2021 and $143 at July 25, 2020",2Q25,5277.0,CSCO_SEC-XBRL-financials_as-presented_10-Q_2025-05-20_0000858877-25-000033.xlsx,Balance Sheet,"April 26, 2025","Accounts receivable, net of allowance of $82 at April 26, 2025 and $87 at July 27, 2024",us-gaap:AllowanceForDoubtfulAccountsReceivableCurrent,reported,
balance_sheet,us-gaap:InventoryNet,Inventories,2Q25,2832.0,CSCO_SEC-XBRL-financials_as-presented_10-Q_2025-05-20_0000858877-25-000033.xlsx,Balance Sheet,"April 26, 2025",Inventories,us-gaap:InventoryNet,reported,
balance_sheet,us-gaap:NotesAndLoansReceivableNetCurrent,"Financing receivables, net",2Q25,2958.0,CSCO_SEC-XBRL-financials_as-presented_10-Q_2025-05-20_0000858877-25-000033.xlsx,Balance Sheet,"April 26, 2025","Financing receivables, net",us-gaap:NotesAndLoansReceivableNetCurrent,reported,
balance_sheet,us-gaap:OtherAssetsCurrent,Other current assets,2Q25,6107.0,CSCO_SEC-XBRL-financials_as-presented_10-Q_2025-05-20_0000858877-25-000033.xlsx,Balance Sheet,"April 26, 2025",Other current assets,us-gaap:OtherAssetsCurrent,reported,
balance_sheet,us-gaap:AssetsCurrent,Total current assets,2Q25,32816.0,CSCO_SEC-XBRL-financials_as-presented_10-Q_2025-05-20_0000858877-25-000033.xlsx,Balance Sheet,"April 26, 2025",Total current assets,us-gaap:AssetsCurrent,reported,
balance_sheet,us-gaap:PropertyPlantAndEquipmentNet,"Property and equipment, net",2Q25,2076.0,CSCO_SEC-XBRL-financials_as-presented_10-Q_2025-05-20_0000858877-25-000033.xlsx,Balance Sheet,"April 26, 2025","Property and equipment, net",us-gaap:PropertyPlantAndEquipmentNet,reported,
balance_sheet,us-gaap:NotesAndLoansReceivableNetNoncurrent,"Financing receivables, net",2Q25,3247.0,CSCO_SEC-XBRL-financials_as-presented_10-Q_2025-05-20_0000858877-25-000033.xlsx,Balance Sheet,"April 26, 2025","Financing receivables, net",us-gaap:NotesAndLoansReceivableNetNoncurrent,reported,
balance_sheet,us-gaap:Goodwill,Goodwill,2Q25,59024.0,CSCO_SEC-XBRL-financials_as-presented_10-Q_2025-05-20_0000858877-25-000033.xlsx,Balance Sheet,"April 26, 2025",Goodwill,us-gaap:Goodwill,reported,
balance_sheet,us-gaap:IntangibleAssetsNetExcludingGoodwill,"Purchased intangible assets, net",2Q25,9643.0,CSCO_SEC-XBRL-financials_as-presented_10-Q_2025-05-20_0000858877-25-000033.xlsx,Balance Sheet,"April 26, 2025","Purchased intangible assets, net",us-gaap:IntangibleAssetsNetExcludingGoodwill,reported,
balance_sheet,us-gaap:DeferredIncomeTaxAssetsNet,Deferred tax assets,2Q25,7016.0,CSCO_SEC-XBRL-financials_as-presented_10-Q_2025-05-20_0000858877-25-000033.xlsx,Balance Sheet,"April 26, 2025",Deferred tax assets,us-gaap:DeferredIncomeTaxAssetsNet,reported,
balance_sheet,us-gaap:OtherAssetsNoncurrent,Other assets,2Q25,5960.0,CSCO_SEC-XBRL-financials_as-presented_10-Q_2025-05-20_0000858877-25-000033.xlsx,Balance Sheet,"April 26, 2025",Other assets,us-gaap:OtherAssetsNoncurrent,reported,
balance_sheet,us-gaap:Assets,TOTAL ASSETS,2Q25,119782.0,CSCO_SEC-XBRL-financials_as-presented_10-Q_2025-05-20_0000858877-25-000033.xlsx,Balance Sheet,"April 26, 2025",TOTAL ASSETS,us-gaap:Assets,reported,
balance_sheet,us-gaap:DebtCurrent,Short-term debt,2Q25,6422.0,CSCO_SEC-XBRL-financials_as-presented_10-Q_2025-05-20_0000858877-25-000033.xlsx,Balance Sheet,"April 26, 2025",Short-term debt,us-gaap:DebtCurrent,reported,
balance_sheet,us-gaap:AccountsPayableCurrent,Accounts payable,2Q25,2260.0,CSCO_SEC-XBRL-financials_as-presented_10-Q_2025-05-20_0000858877-25-000033.xlsx,Balance Sheet,"April 26, 2025",Accounts payable,us-gaap:AccountsPayableCurrent,reported,
balance_sheet,us-gaap:AccruedIncomeTaxesCurrent,Income taxes payable,2Q25,1821.0,CSCO_SEC-XBRL-financials_as-presented_10-Q_2025-05-20_0000858877-25-000033.xlsx,Balance Sheet,"April 26, 2025",Income taxes payable,us-gaap:AccruedIncomeTaxesCurrent,reported,
balance_sheet,us-gaap:EmployeeRelatedLiabilitiesCurrent,Accrued compensation,2Q25,3210.0,CSCO_SEC-XBRL-financials_as-presented_10-Q_2025-05-20_0000858877-25-000033.xlsx,Balance Sheet,"April 26, 2025",Accrued compensation,us-gaap:EmployeeRelatedLiabilitiesCurrent,reported,
balance_sheet,us-gaap:ContractWithCustomerLiabilityCurrent,Deferred revenue,2Q25,16081.0,CSCO_SEC-XBRL-financials_as-presented_10-Q_2025-05-20_0000858877-25-000033.xlsx,Balance Sheet,"April 26, 2025",Deferred revenue,us-gaap:ContractWithCustomerLiabilityCurrent,reported,
balance_sheet,us-gaap:OtherLiabilitiesCurrent,Other current liabilities,2Q25,4701.0,CSCO_SEC-XBRL-financials_as-presented_10-Q_2025-05-20_0000858877-25-000033.xlsx,Balance Sheet,"April 26, 2025",Other current liabilities,us-gaap:OtherLiabilitiesCurrent,reported,
balance_sheet,us-gaap:LiabilitiesCurrent,Total current liabilities,2Q25,34495.0,CSCO_SEC-XBRL-financials_as-presented_10-Q_2025-05-20_0000858877-25-000033.xlsx,Balance Sheet,"April 26, 2025",Total current liabilities,us-gaap:LiabilitiesCurrent,reported,
balance_sheet,us-gaap:LongTermDebtNoncurrent,Long-term debt,2Q25,22857.0,CSCO_SEC-XBRL-financials_as-presented_10-Q_2025-05-20_0000858877-25-000033.xlsx,Balance Sheet,"April 26, 2025",Long-term debt,us-gaap:LongTermDebtNoncurrent,reported,
balance_sheet,us-gaap:AccruedIncomeTaxesNoncurrent,Income taxes payable,2Q25,1874.0,CSCO_SEC-XBRL-financials_as-presented_10-Q_2025-05-20_0000858877-25-000033.xlsx,Balance Sheet,"April 26, 2025",Income taxes payable,us-gaap:AccruedIncomeTaxesNoncurrent,reported,
balance_sheet,us-gaap:ContractWithCustomerLiabilityNoncurrent,Deferred revenue,2Q25,11910.0,CSCO_SEC-XBRL-financials_as-presented_10-Q_2025-05-20_0000858877-25-000033.xlsx,Balance Sheet,"April 26, 2025",Deferred revenue,us-gaap:ContractWithCustomerLiabilityNoncurrent,reported,
balance_sheet,us-gaap:OtherLiabilitiesNoncurrent,Other long-term liabilities,2Q25,2711.0,CSCO_SEC-XBRL-financials_as-presented_10-Q_2025-05-20_0000858877-25-000033.xlsx,Balance Sheet,"April 26, 2025",Other long-term liabilities,us-gaap:OtherLiabilitiesNoncurrent,reported,
balance_sheet,us-gaap:Liabilities,Total liabilities,2Q25,73847.0,CSCO_SEC-XBRL-financials_as-presented_10-Q_2025-05-20_0000858877-25-000033.xlsx,Balance Sheet,"April 26, 2025",Total liabilities,us-gaap:Liabilities,reported,
balance_sheet,us-gaap:CommonStockParOrStatedValuePerShare,"Common stock and additional paid-in capital, $0.001 par value: 20,000 shares authorized; 4,217 and 4,237 shares issued and outstanding at July 31, 2021 and July 25, 2020, respectively",2Q25,46916.0,CSCO_SEC-XBRL-financials_as-presented_10-Q_2025-05-20_0000858877-25-000033.xlsx,Balance Sheet,"April 26, 2025","Common stock and additional paid-in capital, $0.001 par value: 20,000 shares authorized; 3,960 and 4,007 shares issued and outstanding at April 26, 2025 and July 27, 2024, respectively",us-gaap:CommonStockParOrStatedValuePerShare,reported,
balance_sheet,us-gaap:RetainedEarningsAccumulatedDeficit,Accumulated deficit,2Q25,152.0,CSCO_SEC-XBRL-financials_as-presented_10-Q_2025-05-20_0000858877-25-000033.xlsx,Balance Sheet,"April 26, 2025",Retained earnings,us-gaap:RetainedEarningsAccumulatedDeficit,reported,
balance_sheet,us-gaap:AccumulatedOtherComprehensiveIncomeLossNetOfTax,Accumulated other comprehensive loss,2Q25,-1133.0,CSCO_SEC-XBRL-financials_as-presented_10-Q_2025-05-20_0000858877-25-000033.xlsx,Balance Sheet,"April 26, 2025",Accumulated other comprehensive loss,us-gaap:AccumulatedOtherComprehensiveIncomeLossNetOfTax,reported,
balance_sheet,us-gaap:StockholdersEquity,Total equity,2Q25,45935.0,CSCO_SEC-XBRL-financials_as-presented_10-Q_2025-05-20_0000858877-25-000033.xlsx,Balance Sheet,"April 26, 2025",Total equity,us-gaap:StockholdersEquity,reported,
balance_sheet,us-gaap:LiabilitiesAndStockholdersEquity,TOTAL LIABILITIES AND EQUITY,2Q25,119782.0,CSCO_SEC-XBRL-financials_as-presented_10-Q_2025-05-20_0000858877-25-000033.xlsx,Balance Sheet,"April 26, 2025",TOTAL LIABILITIES AND EQUITY,us-gaap:LiabilitiesAndStockholdersEquity,reported,
income_statement,html:product,Product,4Q25,40042.0,CSCO_SEC-XBRL-financials_as-presented_10-Q_2025-11-18_0000858877-25-000171.xlsx,Income Statement,"Three Months Ended October 25, 2025",Product; Services; Total cost of sales; Total revenue,us-gaap:CostOfGoodsAndServicesSold + us-gaap:RevenueFromContractWithCustomerExcludingAssessedTax,summed_within_file,SUM(us-gaap:CostOfGoodsAndServicesSold + us-gaap:RevenueFromContractWithCustomerExcludingAssessedTax) in CSCO_SEC-XBRL-financials_as-presented_10-Q_2025-11-18_0000858877-25-000171.xlsx
income_statement,html:gross-margin,GROSS MARGIN,4Q25,9745.0,CSCO_SEC-XBRL-financials_as-presented_10-Q_2025-11-18_0000858877-25-000171.xlsx,Income Statement,"Three Months Ended October 25, 2025",GROSS MARGIN,us-gaap:GrossProfit,reported,
income_statement,html:research-and-development,Research and development,4Q25,2400.0,CSCO_SEC-XBRL-financials_as-presented_10-Q_2025-11-18_0000858877-25-000171.xlsx,Income Statement,"Three Months Ended October 25, 2025",Research and development,us-gaap:ResearchAndDevelopmentExpense,reported,
income_statement,html:sales-and-marketing,Sales and marketing,4Q25,2871.0,CSCO_SEC-XBRL-financials_as-presented_10-Q_2025-11-18_0000858877-25-000171.xlsx,Income Statement,"Three Months Ended October 25, 2025",Sales and marketing,us-gaap:SellingAndMarketingExpense,reported,
income_statement,html:general-and-administrative,General and administrative,4Q25,733.0,CSCO_SEC-XBRL-financials_as-presented_10-Q_2025-11-18_0000858877-25-000171.xlsx,Income Statement,"Three Months Ended October 25, 2025",General and administrative,us-gaap:GeneralAndAdministrativeExpense,reported,
income_statement,html:amortization-of-purchased-intangible-assets,Amortization of purchased intangible assets,4Q25,231.0,CSCO_SEC-XBRL-financials_as-presented_10-Q_2025-11-18_0000858877-25-000171.xlsx,Income Statement,"Three Months Ended October 25, 2025",Amortization of purchased intangible assets,us-gaap:AmortizationOfIntangibleAssets,reported,
income_statement,html:restructuring-and-other-charges,Restructuring and other charges,4Q25,147.0,CSCO_SEC-XBRL-financials_as-presented_10-Q_2025-11-18_0000858877-25-000171.xlsx,Income Statement,"Three Months Ended October 25, 2025",Restructuring and other charges,csco:RestructuringAndOtherCharges,reported,
income_statement,html:operating-expenses,OPERATING EXPENSES:,4Q25,6382.0,CSCO_SEC-XBRL-financials_as-presented_10-Q_2025-11-18_0000858877-25-000171.xlsx,Income Statement,"Three Months Ended October 25, 2025",Total operating expenses,us-gaap:OperatingExpenses,reported,
income_statement,html:operating-income,OPERATING INCOME,4Q25,3363.0,CSCO_SEC-XBRL-financials_as-presented_10-Q_2025-11-18_0000858877-25-000171.xlsx,Income Statement,"Three Months Ended October 25, 2025",OPERATING INCOME,us-gaap:OperatingIncomeLoss,reported,
income_statement,html:interest-and-other-income-loss-net,"Interest and other income (loss), net",4Q25,-100.0,CSCO_SEC-XBRL-financials_as-presented_10-Q_2025-11-18_0000858877-25-000171.xlsx,Income Statement,"Three Months Ended October 25, 2025","Interest and other income (loss), net; Interest expense; Interest income",us-gaap:InterestExpenseNonoperating; us-gaap:InvestmentIncomeInterestAndDividend; us-gaap:NonoperatingIncomeExpense,interest_net,"interest_net: signed_sum=-100.0 from values=[222.0, -350.0, 28.0]"
income_statement,html:other-income-loss-net,"Other income (loss), net",4Q25,156.0,CSCO_SEC-XBRL-financials_as-presented_10-Q_2025-11-18_0000858877-25-000171.xlsx,Income Statement,"Three Months Ended October 25, 2025","Other income (loss), net",us-gaap:OtherNonoperatingIncomeExpense,reported,
income_statement,html:income-before-provision-for-income-taxes,INCOME BEFORE PROVISION FOR INCOME TAXES,4Q25,3391.0,CSCO_SEC-XBRL-financials_as-presented_10-Q_2025-11-18_0000858877-25-000171.xlsx,Income Statement,"Three Months Ended October 25, 2025",INCOME BEFORE PROVISION FOR INCOME TAXES,us-gaap:IncomeLossFromContinuingOperationsBeforeIncomeTaxesExtraordinaryItemsNoncontrollingInterest,reported,
income_statement,html:provision-for-income-taxes,Provision for income taxes,4Q25,531.0,CSCO_SEC-XBRL-financials_as-presented_10-Q_2025-11-18_0000858877-25-000171.xlsx,Income Statement,"Three Months Ended October 25, 2025",Provision for (benefit from) income taxes,us-gaap:IncomeTaxExpenseBenefit,reported,
income_statement,html:net-income,NET INCOME,4Q25,2860.0,CSCO_SEC-XBRL-financials_as-presented_10-Q_2025-11-18_0000858877-25-000171.xlsx,Income Statement,"Three Months Ended October 25, 2025",NET INCOME,us-gaap:NetIncomeLoss,reported,
income_statement,html:basic,Basic,4Q25,4.676,CSCO_SEC-XBRL-financials_as-presented_10-Q_2025-11-18_0000858877-25-000171.xlsx,Income Statement,"Three Months Ended October 25, 2025",Basic,us-gaap:EarningsPerShareBasic + us-gaap:WeightedAverageNumberOfSharesOutstandingBasic,summed_within_file,SUM(us-gaap:EarningsPerShareBasic + us-gaap:WeightedAverageNumberOfSharesOutstandingBasic) in CSCO_SEC-XBRL-financials_as-presented_10-Q_2025-11-18_0000858877-25-000171.xlsx
income_statement,html:diluted,Diluted,4Q25,4.713,CSCO_SEC-XBRL-financials_as-presented_10-Q_2025-11-18_0000858877-25-000171.xlsx,Income Statement,"Three Months Ended October 25, 2025",Diluted,us-gaap:EarningsPerShareDiluted + us-gaap:WeightedAverageNumberOfDilutedSharesOutstanding,summed_within_file,SUM(us-gaap:EarningsPerShareDiluted + us-gaap:WeightedAverageNumberOfDilutedSharesOutstanding) in CSCO_SEC-XBRL-financials_as-presented_10-Q_2025-11-18_0000858877-25-000171.xlsx
balance_sheet,us-gaap:CashAndCashEquivalentsAtCarryingValue,Cash and cash equivalents,4Q25,8400.0,CSCO_SEC-XBRL-financials_as-presented_10-Q_2025-11-18_0000858877-25-000171.xlsx,Balance Sheet,"October 25, 2025",Cash and cash equivalents,us-gaap:CashAndCashEquivalentsAtCarryingValue,reported,
balance_sheet,us-gaap:ShortTermInvestments,Investments,4Q25,7336.0,CSCO_SEC-XBRL-financials_as-presented_10-Q_2025-11-18_0000858877-25-000171.xlsx,Balance Sheet,"October 25, 2025",Investments,us-gaap:ShortTermInvestments,reported,
balance_sheet,us-gaap:AllowanceForDoubtfulAccountsReceivableCurrent,"Accounts receivable, net of allowance of $109 at July 31, 2021 and $143 at July 25, 2020",4Q25,4827.0,CSCO_SEC-XBRL-financials_as-presented_10-Q_2025-11-18_0000858877-25-000171.xlsx,Balance Sheet,"October 25, 2025","Accounts receivable, net of allowance of $62 at October 25, 2025 and $69 at July 26, 2025",us-gaap:AllowanceForDoubtfulAccountsReceivableCurrent,reported,
balance_sheet,us-gaap:InventoryNet,Inventories,4Q25,3395.0,CSCO_SEC-XBRL-financials_as-presented_10-Q_2025-11-18_0000858877-25-000171.xlsx,Balance Sheet,"October 25, 2025",Inventories,us-gaap:InventoryNet,reported,
balance_sheet,us-gaap:NotesAndLoansReceivableNetCurrent,"Financing receivables, net",4Q25,3085.0,CSCO_SEC-XBRL-financials_as-presented_10-Q_2025-11-18_0000858877-25-000171.xlsx,Balance Sheet,"October 25, 2025","Financing receivables, net",us-gaap:NotesAndLoansReceivableNetCurrent,reported,
balance_sheet,us-gaap:OtherAssetsCurrent,Other current assets,4Q25,5833.0,CSCO_SEC-XBRL-financials_as-presented_10-Q_2025-11-18_0000858877-25-000171.xlsx,Balance Sheet,"October 25, 2025",Other current assets,us-gaap:OtherAssetsCurrent,reported,
balance_sheet,us-gaap:AssetsCurrent,Total current assets,4Q25,32876.0,CSCO_SEC-XBRL-financials_as-presented_10-Q_2025-11-18_0000858877-25-000171.xlsx,Balance Sheet,"October 25, 2025",Total current assets,us-gaap:AssetsCurrent,reported,
balance_sheet,us-gaap:PropertyPlantAndEquipmentNet,"Property and equipment, net",4Q25,2248.0,CSCO_SEC-XBRL-financials_as-presented_10-Q_2025-11-18_0000858877-25-000171.xlsx,Balance Sheet,"October 25, 2025","Property and equipment, net",us-gaap:PropertyPlantAndEquipmentNet,reported,
balance_sheet,us-gaap:NotesAndLoansReceivableNetNoncurrent,"Financing receivables, net",4Q25,3719.0,CSCO_SEC-XBRL-financials_as-presented_10-Q_2025-11-18_0000858877-25-000171.xlsx,Balance Sheet,"October 25, 2025","Financing receivables, net",us-gaap:NotesAndLoansReceivableNetNoncurrent,reported,
balance_sheet,us-gaap:Goodwill,Goodwill,4Q25,59119.0,CSCO_SEC-XBRL-financials_as-presented_10-Q_2025-11-18_0000858877-25-000171.xlsx,Balance Sheet,"October 25, 2025",Goodwill,us-gaap:Goodwill,reported,
balance_sheet,us-gaap:IntangibleAssetsNetExcludingGoodwill,"Purchased intangible assets, net",4Q25,8713.0,CSCO_SEC-XBRL-financials_as-presented_10-Q_2025-11-18_0000858877-25-000171.xlsx,Balance Sheet,"October 25, 2025","Purchased intangible assets, net",us-gaap:IntangibleAssetsNetExcludingGoodwill,reported,
balance_sheet,us-gaap:DeferredIncomeTaxAssetsNet,Deferred tax assets,4Q25,7314.0,CSCO_SEC-XBRL-financials_as-presented_10-Q_2025-11-18_0000858877-25-000171.xlsx,Balance Sheet,"October 25, 2025",Deferred tax assets,us-gaap:DeferredIncomeTaxAssetsNet,reported,
balance_sheet,us-gaap:OtherAssetsNoncurrent,Other assets,4Q25,7113.0,CSCO_SEC-XBRL-financials_as-presented_10-Q_2025-11-18_0000858877-25-000171.xlsx,Balance Sheet,"October 25, 2025",Other assets,us-gaap:OtherAssetsNoncurrent,reported,
balance_sheet,us-gaap:Assets,TOTAL ASSETS,4Q25,121102.0,CSCO_SEC-XBRL-financials_as-presented_10-Q_2025-11-18_0000858877-25-000171.xlsx,Balance Sheet,"October 25, 2025",TOTAL ASSETS,us-gaap:Assets,reported,
balance_sheet,us-gaap:DebtCurrent,Short-term debt,4Q25,6725.0,CSCO_SEC-XBRL-financials_as-presented_10-Q_2025-11-18_0000858877-25-000171.xlsx,Balance Sheet,"October 25, 2025",Short-term debt,us-gaap:DebtCurrent,reported,
balance_sheet,us-gaap:AccountsPayableCurrent,Accounts payable,4Q25,2418.0,CSCO_SEC-XBRL-financials_as-presented_10-Q_2025-11-18_0000858877-25-000171.xlsx,Balance Sheet,"October 25, 2025",Accounts payable,us-gaap:AccountsPayableCurrent,reported,
balance_sheet,us-gaap:AccruedIncomeTaxesCurrent,Income taxes payable,4Q25,2471.0,CSCO_SEC-XBRL-financials_as-presented_10-Q_2025-11-18_0000858877-25-000171.xlsx,Balance Sheet,"October 25, 2025",Income taxes payable,us-gaap:AccruedIncomeTaxesCurrent,reported,
balance_sheet,us-gaap:EmployeeRelatedLiabilitiesCurrent,Accrued compensation,4Q25,3064.0,CSCO_SEC-XBRL-financials_as-presented_10-Q_2025-11-18_0000858877-25-000171.xlsx,Balance Sheet,"October 25, 2025",Accrued compensation,us-gaap:EmployeeRelatedLiabilitiesCurrent,reported,
balance_sheet,us-gaap:ContractWithCustomerLiabilityCurrent,Deferred revenue,4Q25,15801.0,CSCO_SEC-XBRL-financials_as-presented_10-Q_2025-11-18_0000858877-25-000171.xlsx,Balance Sheet,"October 25, 2025",Deferred revenue,us-gaap:ContractWithCustomerLiabilityCurrent,reported,
balance_sheet,us-gaap:OtherLiabilitiesCurrent,Other current liabilities,4Q25,4972.0,CSCO_SEC-XBRL-financials_as-presented_10-Q_2025-11-18_0000858877-25-000171.xlsx,Balance Sheet,"October 25, 2025",Other current liabilities,us-gaap:OtherLiabilitiesCurrent,reported,
balance_sheet,us-gaap:LiabilitiesCurrent,Total current liabilities,4Q25,35451.0,CSCO_SEC-XBRL-financials_as-presented_10-Q_2025-11-18_0000858877-25-000171.xlsx,Balance Sheet,"October 25, 2025",Total current liabilities,us-gaap:LiabilitiesCurrent,reported,
balance_sheet,us-gaap:LongTermDebtNoncurrent,Long-term debt,4Q25,21364.0,CSCO_SEC-XBRL-financials_as-presented_10-Q_2025-11-18_0000858877-25-000171.xlsx,Balance Sheet,"October 25, 2025",Long-term debt,us-gaap:LongTermDebtNoncurrent,reported,
balance_sheet,us-gaap:AccruedIncomeTaxesNoncurrent,Income taxes payable,4Q25,2172.0,CSCO_SEC-XBRL-financials_as-presented_10-Q_2025-11-18_0000858877-25-000171.xlsx,Balance Sheet,"October 25, 2025",Income taxes payable,us-gaap:AccruedIncomeTaxesNoncurrent,reported,
balance_sheet,us-gaap:ContractWithCustomerLiabilityNoncurrent,Deferred revenue,4Q25,12168.0,CSCO_SEC-XBRL-financials_as-presented_10-Q_2025-11-18_0000858877-25-000171.xlsx,Balance Sheet,"October 25, 2025",Deferred revenue,us-gaap:ContractWithCustomerLiabilityNoncurrent,reported,
balance_sheet,us-gaap:OtherLiabilitiesNoncurrent,Other long-term liabilities,4Q25,3074.0,CSCO_SEC-XBRL-financials_as-presented_10-Q_2025-11-18_0000858877-25-000171.xlsx,Balance Sheet,"October 25, 2025",Other long-term liabilities,us-gaap:OtherLiabilitiesNoncurrent,reported,
balance_sheet,us-gaap:Liabilities,Total liabilities,4Q25,74229.0,CSCO_SEC-XBRL-financials_as-presented_10-Q_2025-11-18_0000858877-25-000171.xlsx,Balance Sheet,"October 25, 2025",Total liabilities,us-gaap:Liabilities,reported,
balance_sheet,us-gaap:CommonStockParOrStatedValuePerShare,"Common stock and additional paid-in capital, $0.001 par value: 20,000 shares authorized; 4,217 and 4,237 shares issued and outstanding at July 31, 2021 and July 25, 2020, respectively",4Q25,48167.0,CSCO_SEC-XBRL-financials_as-presented_10-Q_2025-11-18_0000858877-25-000171.xlsx,Balance Sheet,"October 25, 2025","Common stock and additional paid-in capital, $0.001 par value: 20,000 shares authorized; 3,938 and 3,960 shares issued and outstanding at October 25, 2025 and July 26, 2025, respectively",us-gaap:CommonStockParOrStatedValuePerShare,reported,
balance_sheet,us-gaap:RetainedEarningsAccumulatedDeficit,Accumulated deficit,4Q25,-364.0,CSCO_SEC-XBRL-financials_as-presented_10-Q_2025-11-18_0000858877-25-000171.xlsx,Balance Sheet,"October 25, 2025",Retained earnings (Accumulated deficit),us-gaap:RetainedEarningsAccumulatedDeficit,reported,
balance_sheet,us-gaap:AccumulatedOtherComprehensiveIncomeLossNetOfTax,Accumulated other comprehensive loss,4Q25,-930.0,CSCO_SEC-XBRL-financials_as-presented_10-Q_2025-11-18_0000858877-25-000171.xlsx,Balance Sheet,"October 25, 2025",Accumulated other comprehensive loss,us-gaap:AccumulatedOtherComprehensiveIncomeLossNetOfTax,reported,
balance_sheet,us-gaap:StockholdersEquity,Total equity,4Q25,46873.0,CSCO_SEC-XBRL-financials_as-presented_10-Q_2025-11-18_0000858877-25-000171.xlsx,Balance Sheet,"October 25, 2025",Total equity,us-gaap:StockholdersEquity,reported,
balance_sheet,us-gaap:LiabilitiesAndStockholdersEquity,TOTAL LIABILITIES AND EQUITY,4Q25,121102.0,CSCO_SEC-XBRL-financials_as-presented_10-Q_2025-11-18_0000858877-25-000171.xlsx,Balance Sheet,"October 25, 2025",TOTAL LIABILITIES AND EQUITY,us-gaap:LiabilitiesAndStockholdersEquity,reported,
cash_flow,html:net-income,Net income,4Q25,2860.0,CSCO_SEC-XBRL-financials_as-presented_10-Q_2025-11-18_0000858877-25-000171.xlsx,Cash Flow,"Three Months Ended October 25, 2025",Net income,us-gaap:NetIncomeLoss,reported,
cash_flow,html:depreciation-amortization-and-other,"Depreciation, amortization, and other",4Q25,606.0,CSCO_SEC-XBRL-financials_as-presented_10-Q_2025-11-18_0000858877-25-000171.xlsx,Cash Flow,"Three Months Ended October 25, 2025","Depreciation, amortization, and other",csco:DepreciationAmortizationAndOther,reported,
cash_flow,html:share-based-compensation-expense,Share-based compensation expense,4Q25,1055.0,CSCO_SEC-XBRL-financials_as-presented_10-Q_2025-11-18_0000858877-25-000171.xlsx,Cash Flow,"Three Months Ended October 25, 2025",Share-based compensation expense,us-gaap:ShareBasedCompensation,reported,
cash_flow,html:provision-benefit-for-receivables,Provision (benefit) for receivables,4Q25,-3.0,CSCO_SEC-XBRL-financials_as-presented_10-Q_2025-11-18_0000858877-25-000171.xlsx,Cash Flow,"Three Months Ended October 25, 2025",Benefit from receivables,csco:AccountsReceivableAndFinancingReceivableCreditLossExpenseReversal,reported,
cash_flow,html:deferred-income-taxes,Deferred income taxes,4Q25,25.0,CSCO_SEC-XBRL-financials_as-presented_10-Q_2025-11-18_0000858877-25-000171.xlsx,Cash Flow,"Three Months Ended October 25, 2025",Deferred income taxes,us-gaap:DeferredIncomeTaxesAndTaxCredits,reported,
cash_flow,html:gains-losses-on-divestitures-investments-and-other-net,"(Gains) losses on divestitures, investments and other, net",4Q25,-178.0,CSCO_SEC-XBRL-financials_as-presented_10-Q_2025-11-18_0000858877-25-000171.xlsx,Cash Flow,"Three Months Ended October 25, 2025","(Gains) losses on divestitures, investments and other, net",us-gaap:GainLossOnInvestments,reported,
cash_flow,html:accounts-receivable,Accounts receivable,4Q25,1857.0,CSCO_SEC-XBRL-financials_as-presented_10-Q_2025-11-18_0000858877-25-000171.xlsx,Cash Flow,"Three Months Ended October 25, 2025",Accounts receivable,us-gaap:IncreaseDecreaseInAccountsReceivable,reported,
cash_flow,html:inventories,Inventories,4Q25,-234.0,CSCO_SEC-XBRL-financials_as-presented_10-Q_2025-11-18_0000858877-25-000171.xlsx,Cash Flow,"Three Months Ended October 25, 2025",Inventories,us-gaap:IncreaseDecreaseInInventories,reported,
cash_flow,html:financing-receivables,Financing receivables,4Q25,-312.0,CSCO_SEC-XBRL-financials_as-presented_10-Q_2025-11-18_0000858877-25-000171.xlsx,Cash Flow,"Three Months Ended October 25, 2025",Financing receivables,us-gaap:IncreaseDecreaseInFinanceReceivables,reported,
cash_flow,html:other-assets,Other assets,4Q25,-592.0,CSCO_SEC-XBRL-financials_as-presented_10-Q_2025-11-18_0000858877-25-000171.xlsx,Cash Flow,"Three Months Ended October 25, 2025",Other assets,us-gaap:IncreaseDecreaseInOtherOperatingAssets,reported,
cash_flow,html:accounts-payable,Accounts payable,4Q25,-108.0,CSCO_SEC-XBRL-financials_as-presented_10-Q_2025-11-18_0000858877-25-000171.xlsx,Cash Flow,"Three Months Ended October 25, 2025",Accounts payable,us-gaap:IncreaseDecreaseInAccountsPayable,reported,
cash_flow,html:income-taxes-net,"Income taxes, net",4Q25,-128.0,CSCO_SEC-XBRL-financials_as-presented_10-Q_2025-11-18_0000858877-25-000171.xlsx,Cash Flow,"Three Months Ended October 25, 2025","Income taxes, net",us-gaap:IncreaseDecreaseInAccruedIncomeTaxesPayable,reported,
cash_flow,html:accrued-compensation,Accrued compensation,4Q25,-539.0,CSCO_SEC-XBRL-financials_as-presented_10-Q_2025-11-18_0000858877-25-000171.xlsx,Cash Flow,"Three Months Ended October 25, 2025",Accrued compensation,us-gaap:IncreaseDecreaseInEmployeeRelatedLiabilities,reported,
cash_flow,html:deferred-revenue,Deferred revenue,4Q25,-723.0,CSCO_SEC-XBRL-financials_as-presented_10-Q_2025-11-18_0000858877-25-000171.xlsx,Cash Flow,"Three Months Ended October 25, 2025",Deferred revenue,us-gaap:IncreaseDecreaseInContractWithCustomerLiability,reported,
cash_flow,html:other-liabilities,Other liabilities,4Q25,-374.0,CSCO_SEC-XBRL-financials_as-presented_10-Q_2025-11-18_0000858877-25-000171.xlsx,Cash Flow,"Three Months Ended October 25, 2025",Other liabilities,us-gaap:IncreaseDecreaseInOtherOperatingLiabilities,reported,
cash_flow,html:net-cash-provided-by-operating-activities,Net cash provided by operating activities,4Q25,3212.0,CSCO_SEC-XBRL-financials_as-presented_10-Q_2025-11-18_0000858877-25-000171.xlsx,Cash Flow,"Three Months Ended October 25, 2025",Net cash provided by operating activities,us-gaap:NetCashProvidedByUsedInOperatingActivities,reported,
cash_flow,html:purchases-of-investments,Purchases of investments,4Q25,-1984.0,CSCO_SEC-XBRL-financials_as-presented_10-Q_2025-11-18_0000858877-25-000171.xlsx,Cash Flow,"Three Months Ended October 25, 2025",Purchases of investments,us-gaap:PaymentsToAcquireInvestments,reported,
cash_flow,html:proceeds-from-sales-of-investments,Proceeds from sales of investments,4Q25,1269.0,CSCO_SEC-XBRL-financials_as-presented_10-Q_2025-11-18_0000858877-25-000171.xlsx,Cash Flow,"Three Months Ended October 25, 2025",Proceeds from sales of investments,us-gaap:ProceedsFromSaleOfAvailableForSaleSecuritiesDebt,reported,
cash_flow,html:proceeds-from-maturities-of-investments,Proceeds from maturities of investments,4Q25,1222.0,CSCO_SEC-XBRL-financials_as-presented_10-Q_2025-11-18_0000858877-25-000171.xlsx,Cash Flow,"Three Months Ended October 25, 2025",Proceeds from maturities of investments,us-gaap:ProceedsFromMaturitiesPrepaymentsAndCallsOfAvailableForSaleSecurities,reported,
cash_flow,us-gaap:PaymentsToAcquireBusinessesNetOfCashAcquired,"Acquisitions, net of cash and cash equivalents acquired",4Q25,-7.0,CSCO_SEC-XBRL-financials_as-presented_10-Q_2025-11-18_0000858877-25-000171.xlsx,Cash Flow,"Three Months Ended October 25, 2025","Acquisitions, net of cash and cash equivalents acquired and divestitures",us-gaap:PaymentsToAcquireBusinessesNetOfCashAcquired,reported,
cash_flow,html:purchases-of-investments-in-privately-held-companies,Purchases of investments in privately held companies,4Q25,-18.0,CSCO_SEC-XBRL-financials_as-presented_10-Q_2025-11-18_0000858877-25-000171.xlsx,Cash Flow,"Three Months Ended October 25, 2025",Purchases of investments in privately held companies,csco:PaymentsForPurchaseOfInvestmentsInPrivatelyHeldCompanies,reported,
cash_flow,html:return-of-investments-in-privately-held-companies,Return of investments in privately held companies,4Q25,19.0,CSCO_SEC-XBRL-financials_as-presented_10-Q_2025-11-18_0000858877-25-000171.xlsx,Cash Flow,"Three Months Ended October 25, 2025",Return of investments in privately held companies,csco:ProceedsFromInvestmentsInPrivatelyHeldCompanies,reported,
cash_flow,html:acquisition-of-property-and-equipment,Acquisition of property and equipment,4Q25,-323.0,CSCO_SEC-XBRL-financials_as-presented_10-Q_2025-11-18_0000858877-25-000171.xlsx,Cash Flow,"Three Months Ended October 25, 2025",Acquisition of property and equipment,us-gaap:PaymentsToAcquirePropertyPlantAndEquipment,reported,
cash_flow,html:other,Other,4Q25,-23.0,CSCO_SEC-XBRL-financials_as-presented_10-Q_2025-11-18_0000858877-25-000171.xlsx,Cash Flow,"Three Months Ended October 25, 2025",Other,us-gaap:PaymentsForProceedsFromOtherInvestingActivities + us-gaap:ProceedsFromPaymentsForOtherFinancingActivities,summed_within_file,SUM(us-gaap:PaymentsForProceedsFromOtherInvestingActivities + us-gaap:ProceedsFromPaymentsForOtherFinancingActivities) in CSCO_SEC-XBRL-financials_as-presented_10-Q_2025-11-18_0000858877-25-000171.xlsx
cash_flow,html:net-cash-provided-by-used-in-investing-activities,Net cash provided by (used in) investing activities,4Q25,156.0,CSCO_SEC-XBRL-financials_as-presented_10-Q_2025-11-18_0000858877-25-000171.xlsx,Cash Flow,"Three Months Ended October 25, 2025",Net cash provided by investing activities,us-gaap:NetCashProvidedByUsedInInvestingActivities,reported,
cash_flow,html:repurchases-of-common-stock-repurchase-program,Repurchases of common stock - repurchase program,4Q25,-1992.0,CSCO_SEC-XBRL-financials_as-presented_10-Q_2025-11-18_0000858877-25-000171.xlsx,Cash Flow,"Three Months Ended October 25, 2025",Repurchases of common stock—repurchase program,us-gaap:PaymentsForRepurchaseOfCommonStock,reported,
cash_flow,html:shares-repurchased-for-tax-withholdings-on-vesting-of-restricted-stock-units,Shares repurchased for tax withholdings on vesting of restricted stock units,4Q25,-284.0,CSCO_SEC-XBRL-financials_as-presented_10-Q_2025-11-18_0000858877-25-000171.xlsx,Cash Flow,"Three Months Ended October 25, 2025",Shares repurchased for tax withholdings on vesting of restricted stock units,us-gaap:PaymentsRelatedToTaxWithholdingForShareBasedCompensation,reported,
cash_flow,html:short-term-borrowings-original-maturities-of-90-days-or-less-net,"Short-term borrowings, original maturities of 90 days or less, net",4Q25,1260.0,CSCO_SEC-XBRL-financials_as-presented_10-Q_2025-11-18_0000858877-25-000171.xlsx,Cash Flow,"Three Months Ended October 25, 2025","Short-term borrowings, original maturities of 90 days or less, net",us-gaap:ProceedsFromRepaymentsOfShortTermDebtMaturingInThreeMonthsOrLess,reported,
cash_flow,html:issuances-of-debt,Issuances of debt,4Q25,1559.0,CSCO_SEC-XBRL-financials_as-presented_10-Q_2025-11-18_0000858877-25-000171.xlsx,Cash Flow,"Three Months Ended October 25, 2025",Issuances of debt,us-gaap:ProceedsFromIssuanceOfLongTermDebt,reported,
cash_flow,html:repayments-of-debt,Repayments of debt,4Q25,-2788.0,CSCO_SEC-XBRL-financials_as-presented_10-Q_2025-11-18_0000858877-25-000171.xlsx,Cash Flow,"Three Months Ended October 25, 2025",Repayments of debt,us-gaap:RepaymentsOfDebt,reported,
cash_flow,html:dividends-paid,Dividends paid,4Q25,-1617.0,CSCO_SEC-XBRL-financials_as-presented_10-Q_2025-11-18_0000858877-25-000171.xlsx,Cash Flow,"Three Months Ended October 25, 2025",Dividends paid,us-gaap:PaymentsOfDividends,reported,
cash_flow,html:net-cash-used-in-financing-activities,Net cash used in financing activities,4Q25,-3863.0,CSCO_SEC-XBRL-financials_as-presented_10-Q_2025-11-18_0000858877-25-000171.xlsx,Cash Flow,"Three Months Ended October 25, 2025",Net cash used in financing activities,us-gaap:NetCashProvidedByUsedInFinancingActivities,reported,
cash_flow,us-gaap:EffectOfExchangeRateOnCashCashEquivalentsRestrictedCashAndRestrictedCashEquivalentsDisposalGroupIncludingDiscontinuedOperations,"Effect of foreign currency exchange rate changes on cash, cash equivalents, restricted cash and restricted cash equivalents",4Q25,-14.0,CSCO_SEC-XBRL-financials_as-presented_10-Q_2025-11-18_0000858877-25-000171.xlsx,Cash Flow,"Three Months Ended October 25, 2025","Effect of foreign currency exchange rate changes on cash, cash equivalents, restricted cash and restricted cash equivalents",us-gaap:EffectOfExchangeRateOnCashCashEquivalentsRestrictedCashAndRestrictedCashEquivalentsDisposalGroupIncludingDiscontinuedOperations,reported,
cash_flow,html:net-increase-decrease-in-cash-cash-equivalents-and-restricted-cash,"Net increase (decrease) in cash, cash equivalents, and restricted cash",4Q25,-509.0,CSCO_SEC-XBRL-financials_as-presented_10-Q_2025-11-18_0000858877-25-000171.xlsx,Cash Flow,"Three Months Ended October 25, 2025","Net increase (decrease) in cash, cash equivalents, restricted cash and restricted cash equivalents",us-gaap:CashCashEquivalentsRestrictedCashAndRestrictedCashEquivalentsPeriodIncreaseDecreaseIncludingExchangeRateEffect,reported,
cash_flow,html:cash-cash-equivalents-and-restricted-cash-beginning-of-fiscal-year,"Cash, cash equivalents, and restricted cash, beginning of fiscal year",4Q25,8910.0,CSCO_SEC-XBRL-financials_as-presented_10-Q_2025-11-18_0000858877-25-000171.xlsx,Cash Flow,"Three Months Ended October 25, 2025","Cash, cash equivalents, restricted cash and restricted cash equivalents, beginning of period",us-gaap:CashCashEquivalentsRestrictedCashAndRestrictedCashEquivalents,reported,
cash_flow,html:cash-paid-for-interest,Cash paid for interest,4Q25,616.0,CSCO_SEC-XBRL-financials_as-presented_10-Q_2025-11-18_0000858877-25-000171.xlsx,Cash Flow,"Three Months Ended October 25, 2025",Cash paid for interest,us-gaap:InterestPaidNet,reported,
cash_flow,html:cash-paid-for-income-taxes-net,"Cash paid for income taxes, net",4Q25,634.0,CSCO_SEC-XBRL-financials_as-presented_10-Q_2025-11-18_0000858877-25-000171.xlsx,Cash Flow,"Three Months Ended October 25, 2025","Cash paid for income taxes, net",us-gaap:IncomeTaxesPaidNet,reported,
income_statement,html:product,Product,1Q26,41452.0,CSCO_SEC-XBRL-financials_as-presented_10-Q_2026-02-17_0000858877-26-000021.xlsx,Income Statement,"Three Months Ended January 24, 2026",Product; Services; Total cost of sales; Total revenue,us-gaap:CostOfGoodsAndServicesSold + us-gaap:RevenueFromContractWithCustomerExcludingAssessedTax,summed_within_file,SUM(us-gaap:CostOfGoodsAndServicesSold + us-gaap:RevenueFromContractWithCustomerExcludingAssessedTax) in CSCO_SEC-XBRL-financials_as-presented_10-Q_2026-02-17_0000858877-26-000021.xlsx
income_statement,html:gross-margin,GROSS MARGIN,1Q26,9972.0,CSCO_SEC-XBRL-financials_as-presented_10-Q_2026-02-17_0000858877-26-000021.xlsx,Income Statement,"Three Months Ended January 24, 2026",GROSS MARGIN,us-gaap:GrossProfit,reported,
income_statement,html:research-and-development,Research and development,1Q26,2355.0,CSCO_SEC-XBRL-financials_as-presented_10-Q_2026-02-17_0000858877-26-000021.xlsx,Income Statement,"Three Months Ended January 24, 2026",Research and development,us-gaap:ResearchAndDevelopmentExpense,reported,
income_statement,html:sales-and-marketing,Sales and marketing,1Q26,2881.0,CSCO_SEC-XBRL-financials_as-presented_10-Q_2026-02-17_0000858877-26-000021.xlsx,Income Statement,"Three Months Ended January 24, 2026",Sales and marketing,us-gaap:SellingAndMarketingExpense,reported,
income_statement,html:general-and-administrative,General and administrative,1Q26,688.0,CSCO_SEC-XBRL-financials_as-presented_10-Q_2026-02-17_0000858877-26-000021.xlsx,Income Statement,"Three Months Ended January 24, 2026",General and administrative,us-gaap:GeneralAndAdministrativeExpense,reported,
income_statement,html:amortization-of-purchased-intangible-assets,Amortization of purchased intangible assets,1Q26,231.0,CSCO_SEC-XBRL-financials_as-presented_10-Q_2026-02-17_0000858877-26-000021.xlsx,Income Statement,"Three Months Ended January 24, 2026",Amortization of purchased intangible assets,us-gaap:AmortizationOfIntangibleAssets,reported,
income_statement,html:restructuring-and-other-charges,Restructuring and other charges,1Q26,36.0,CSCO_SEC-XBRL-financials_as-presented_10-Q_2026-02-17_0000858877-26-000021.xlsx,Income Statement,"Three Months Ended January 24, 2026",Restructuring and other charges,csco:RestructuringAndOtherCharges,reported,
income_statement,html:operating-expenses,OPERATING EXPENSES:,1Q26,6191.0,CSCO_SEC-XBRL-financials_as-presented_10-Q_2026-02-17_0000858877-26-000021.xlsx,Income Statement,"Three Months Ended January 24, 2026",Total operating expenses,us-gaap:OperatingExpenses,reported,
income_statement,html:operating-income,OPERATING INCOME,1Q26,3781.0,CSCO_SEC-XBRL-financials_as-presented_10-Q_2026-02-17_0000858877-26-000021.xlsx,Income Statement,"Three Months Ended January 24, 2026",OPERATING INCOME,us-gaap:OperatingIncomeLoss,reported,
income_statement,html:interest-and-other-income-loss-net,"Interest and other income (loss), net",1Q26,-295.0,CSCO_SEC-XBRL-financials_as-presented_10-Q_2026-02-17_0000858877-26-000021.xlsx,Income Statement,"Three Months Ended January 24, 2026","Interest and other income (loss), net; Interest expense; Interest income",us-gaap:InterestExpenseNonoperating; us-gaap:InvestmentIncomeInterestAndDividend; us-gaap:NonoperatingIncomeExpense,interest_net,"interest_net: signed_sum=-295.0 from values=[210.0, -370.0, -135.0]"
income_statement,html:other-income-loss-net,"Other income (loss), net",1Q26,25.0,CSCO_SEC-XBRL-financials_as-presented_10-Q_2026-02-17_0000858877-26-000021.xlsx,Income Statement,"Three Months Ended January 24, 2026","Other income (loss), net",us-gaap:OtherNonoperatingIncomeExpense,reported,
income_statement,html:income-before-provision-for-income-taxes,INCOME BEFORE PROVISION FOR INCOME TAXES,1Q26,3646.0,CSCO_SEC-XBRL-financials_as-presented_10-Q_2026-02-17_0000858877-26-000021.xlsx,Income Statement,"Three Months Ended January 24, 2026",INCOME BEFORE PROVISION FOR INCOME TAXES,us-gaap:IncomeLossFromContinuingOperationsBeforeIncomeTaxesExtraordinaryItemsNoncontrollingInterest,reported,
income_statement,html:provision-for-income-taxes,Provision for income taxes,1Q26,471.0,CSCO_SEC-XBRL-financials_as-presented_10-Q_2026-02-17_0000858877-26-000021.xlsx,Income Statement,"Three Months Ended January 24, 2026",Provision for income taxes,us-gaap:IncomeTaxExpenseBenefit,reported,
income_statement,html:net-income,NET INCOME,1Q26,3175.0,CSCO_SEC-XBRL-financials_as-presented_10-Q_2026-02-17_0000858877-26-000021.xlsx,Income Statement,"Three Months Ended January 24, 2026",NET INCOME,us-gaap:NetIncomeLoss,reported,
income_statement,html:basic,Basic,1Q26,4.755,CSCO_SEC-XBRL-financials_as-presented_10-Q_2026-02-17_0000858877-26-000021.xlsx,Income Statement,"Three Months Ended January 24, 2026",Basic,us-gaap:EarningsPerShareBasic + us-gaap:WeightedAverageNumberOfSharesOutstandingBasic,summed_within_file,SUM(us-gaap:EarningsPerShareBasic + us-gaap:WeightedAverageNumberOfSharesOutstandingBasic) in CSCO_SEC-XBRL-financials_as-presented_10-Q_2026-02-17_0000858877-26-000021.xlsx
income_statement,html:diluted,Diluted,1Q26,4.784,CSCO_SEC-XBRL-financials_as-presented_10-Q_2026-02-17_0000858877-26-000021.xlsx,Income Statement,"Three Months Ended January 24, 2026",Diluted,us-gaap:EarningsPerShareDiluted + us-gaap:WeightedAverageNumberOfDilutedSharesOutstanding,summed_within_file,SUM(us-gaap:EarningsPerShareDiluted + us-gaap:WeightedAverageNumberOfDilutedSharesOutstanding) in CSCO_SEC-XBRL-financials_as-presented_10-Q_2026-02-17_0000858877-26-000021.xlsx
balance_sheet,us-gaap:CashAndCashEquivalentsAtCarryingValue,Cash and cash equivalents,1Q26,7458.0,CSCO_SEC-XBRL-financials_as-presented_10-Q_2026-02-17_0000858877-26-000021.xlsx,Balance Sheet,"January 24, 2026",Cash and cash equivalents,us-gaap:CashAndCashEquivalentsAtCarryingValue,reported,
balance_sheet,us-gaap:ShortTermInvestments,Investments,1Q26,8319.0,CSCO_SEC-XBRL-financials_as-presented_10-Q_2026-02-17_0000858877-26-000021.xlsx,Balance Sheet,"January 24, 2026",Investments,us-gaap:ShortTermInvestments,reported,
balance_sheet,us-gaap:AllowanceForDoubtfulAccountsReceivableCurrent,"Accounts receivable, net of allowance of $109 at July 31, 2021 and $143 at July 25, 2020",1Q26,6606.0,CSCO_SEC-XBRL-financials_as-presented_10-Q_2026-02-17_0000858877-26-000021.xlsx,Balance Sheet,"January 24, 2026","Accounts receivable, net of allowance of $76 at January 24, 2026 and $69 at July 26, 2025",us-gaap:AllowanceForDoubtfulAccountsReceivableCurrent,reported,
balance_sheet,us-gaap:InventoryNet,Inventories,1Q26,3920.0,CSCO_SEC-XBRL-financials_as-presented_10-Q_2026-02-17_0000858877-26-000021.xlsx,Balance Sheet,"January 24, 2026",Inventories,us-gaap:InventoryNet,reported,
balance_sheet,us-gaap:NotesAndLoansReceivableNetCurrent,"Financing receivables, net",1Q26,2944.0,CSCO_SEC-XBRL-financials_as-presented_10-Q_2026-02-17_0000858877-26-000021.xlsx,Balance Sheet,"January 24, 2026","Financing receivables, net",us-gaap:NotesAndLoansReceivableNetCurrent,reported,
balance_sheet,us-gaap:OtherAssetsCurrent,Other current assets,1Q26,5884.0,CSCO_SEC-XBRL-financials_as-presented_10-Q_2026-02-17_0000858877-26-000021.xlsx,Balance Sheet,"January 24, 2026",Other current assets,us-gaap:OtherAssetsCurrent,reported,
balance_sheet,us-gaap:AssetsCurrent,Total current assets,1Q26,35131.0,CSCO_SEC-XBRL-financials_as-presented_10-Q_2026-02-17_0000858877-26-000021.xlsx,Balance Sheet,"January 24, 2026",Total current assets,us-gaap:AssetsCurrent,reported,
balance_sheet,us-gaap:PropertyPlantAndEquipmentNet,"Property and equipment, net",1Q26,2351.0,CSCO_SEC-XBRL-financials_as-presented_10-Q_2026-02-17_0000858877-26-000021.xlsx,Balance Sheet,"January 24, 2026","Property and equipment, net",us-gaap:PropertyPlantAndEquipmentNet,reported,
balance_sheet,us-gaap:NotesAndLoansReceivableNetNoncurrent,"Financing receivables, net",1Q26,3698.0,CSCO_SEC-XBRL-financials_as-presented_10-Q_2026-02-17_0000858877-26-000021.xlsx,Balance Sheet,"January 24, 2026","Financing receivables, net",us-gaap:NotesAndLoansReceivableNetNoncurrent,reported,
balance_sheet,us-gaap:Goodwill,Goodwill,1Q26,59234.0,CSCO_SEC-XBRL-financials_as-presented_10-Q_2026-02-17_0000858877-26-000021.xlsx,Balance Sheet,"January 24, 2026",Goodwill,us-gaap:Goodwill,reported,
balance_sheet,us-gaap:IntangibleAssetsNetExcludingGoodwill,"Purchased intangible assets, net",1Q26,8307.0,CSCO_SEC-XBRL-financials_as-presented_10-Q_2026-02-17_0000858877-26-000021.xlsx,Balance Sheet,"January 24, 2026","Purchased intangible assets, net",us-gaap:IntangibleAssetsNetExcludingGoodwill,reported,
balance_sheet,us-gaap:DeferredIncomeTaxAssetsNet,Deferred tax assets,1Q26,7399.0,CSCO_SEC-XBRL-financials_as-presented_10-Q_2026-02-17_0000858877-26-000021.xlsx,Balance Sheet,"January 24, 2026",Deferred tax assets,us-gaap:DeferredIncomeTaxAssetsNet,reported,
balance_sheet,us-gaap:OtherAssetsNoncurrent,Other assets,1Q26,7251.0,CSCO_SEC-XBRL-financials_as-presented_10-Q_2026-02-17_0000858877-26-000021.xlsx,Balance Sheet,"January 24, 2026",Other assets,us-gaap:OtherAssetsNoncurrent,reported,
balance_sheet,us-gaap:Assets,TOTAL ASSETS,1Q26,123371.0,CSCO_SEC-XBRL-financials_as-presented_10-Q_2026-02-17_0000858877-26-000021.xlsx,Balance Sheet,"January 24, 2026",TOTAL ASSETS,us-gaap:Assets,reported,
balance_sheet,us-gaap:DebtCurrent,Short-term debt,1Q26,8719.0,CSCO_SEC-XBRL-financials_as-presented_10-Q_2026-02-17_0000858877-26-000021.xlsx,Balance Sheet,"January 24, 2026",Short-term debt,us-gaap:DebtCurrent,reported,
balance_sheet,us-gaap:AccountsPayableCurrent,Accounts payable,1Q26,2762.0,CSCO_SEC-XBRL-financials_as-presented_10-Q_2026-02-17_0000858877-26-000021.xlsx,Balance Sheet,"January 24, 2026",Accounts payable,us-gaap:AccountsPayableCurrent,reported,
balance_sheet,us-gaap:AccruedIncomeTaxesCurrent,Income taxes payable,1Q26,195.0,CSCO_SEC-XBRL-financials_as-presented_10-Q_2026-02-17_0000858877-26-000021.xlsx,Balance Sheet,"January 24, 2026",Income taxes payable,us-gaap:AccruedIncomeTaxesCurrent,reported,
balance_sheet,us-gaap:EmployeeRelatedLiabilitiesCurrent,Accrued compensation,1Q26,3494.0,CSCO_SEC-XBRL-financials_as-presented_10-Q_2026-02-17_0000858877-26-000021.xlsx,Balance Sheet,"January 24, 2026",Accrued compensation,us-gaap:EmployeeRelatedLiabilitiesCurrent,reported,
balance_sheet,us-gaap:ContractWithCustomerLiabilityCurrent,Deferred revenue,1Q26,16199.0,CSCO_SEC-XBRL-financials_as-presented_10-Q_2026-02-17_0000858877-26-000021.xlsx,Balance Sheet,"January 24, 2026",Deferred revenue,us-gaap:ContractWithCustomerLiabilityCurrent,reported,
balance_sheet,us-gaap:OtherLiabilitiesCurrent,Other current liabilities,1Q26,5417.0,CSCO_SEC-XBRL-financials_as-presented_10-Q_2026-02-17_0000858877-26-000021.xlsx,Balance Sheet,"January 24, 2026",Other current liabilities,us-gaap:OtherLiabilitiesCurrent,reported,
balance_sheet,us-gaap:LiabilitiesCurrent,Total current liabilities,1Q26,36786.0,CSCO_SEC-XBRL-financials_as-presented_10-Q_2026-02-17_0000858877-26-000021.xlsx,Balance Sheet,"January 24, 2026",Total current liabilities,us-gaap:LiabilitiesCurrent,reported,
balance_sheet,us-gaap:LongTermDebtNoncurrent,Long-term debt,1Q26,21367.0,CSCO_SEC-XBRL-financials_as-presented_10-Q_2026-02-17_0000858877-26-000021.xlsx,Balance Sheet,"January 24, 2026",Long-term debt,us-gaap:LongTermDebtNoncurrent,reported,
balance_sheet,us-gaap:AccruedIncomeTaxesNoncurrent,Income taxes payable,1Q26,2124.0,CSCO_SEC-XBRL-financials_as-presented_10-Q_2026-02-17_0000858877-26-000021.xlsx,Balance Sheet,"January 24, 2026",Income taxes payable,us-gaap:AccruedIncomeTaxesNoncurrent,reported,
balance_sheet,us-gaap:ContractWithCustomerLiabilityNoncurrent,Deferred revenue,1Q26,12204.0,CSCO_SEC-XBRL-financials_as-presented_10-Q_2026-02-17_0000858877-26-000021.xlsx,Balance Sheet,"January 24, 2026",Deferred revenue,us-gaap:ContractWithCustomerLiabilityNoncurrent,reported,
balance_sheet,us-gaap:OtherLiabilitiesNoncurrent,Other long-term liabilities,1Q26,3167.0,CSCO_SEC-XBRL-financials_as-presented_10-Q_2026-02-17_0000858877-26-000021.xlsx,Balance Sheet,"January 24, 2026",Other long-term liabilities,us-gaap:OtherLiabilitiesNoncurrent,reported,
balance_sheet,us-gaap:Liabilities,Total liabilities,1Q26,75648.0,CSCO_SEC-XBRL-financials_as-presented_10-Q_2026-02-17_0000858877-26-000021.xlsx,Balance Sheet,"January 24, 2026",Total liabilities,us-gaap:Liabilities,reported,
balance_sheet,us-gaap:CommonStockParOrStatedValuePerShare,"Common stock and additional paid-in capital, $0.001 par value: 20,000 shares authorized; 4,217 and 4,237 shares issued and outstanding at July 31, 2021 and July 25, 2020, respectively",1Q26,48493.0,CSCO_SEC-XBRL-financials_as-presented_10-Q_2026-02-17_0000858877-26-000021.xlsx,Balance Sheet,"January 24, 2026","Common stock and additional paid-in capital, $0.001 par value: 20,000 shares authorized; 3,949 and 3,960 shares issued and outstanding at January 24, 2026 and July 26, 2025, respectively",us-gaap:CommonStockParOrStatedValuePerShare,reported,
balance_sheet,us-gaap:RetainedEarningsAccumulatedDeficit,Accumulated deficit,1Q26,66.0,CSCO_SEC-XBRL-financials_as-presented_10-Q_2026-02-17_0000858877-26-000021.xlsx,Balance Sheet,"January 24, 2026",Retained earnings,us-gaap:RetainedEarningsAccumulatedDeficit,reported,
balance_sheet,us-gaap:AccumulatedOtherComprehensiveIncomeLossNetOfTax,Accumulated other comprehensive loss,1Q26,-836.0,CSCO_SEC-XBRL-financials_as-presented_10-Q_2026-02-17_0000858877-26-000021.xlsx,Balance Sheet,"January 24, 2026",Accumulated other comprehensive loss,us-gaap:AccumulatedOtherComprehensiveIncomeLossNetOfTax,reported,
balance_sheet,us-gaap:StockholdersEquity,Total equity,1Q26,47723.0,CSCO_SEC-XBRL-financials_as-presented_10-Q_2026-02-17_0000858877-26-000021.xlsx,Balance Sheet,"January 24, 2026",Total equity,us-gaap:StockholdersEquity,reported,
balance_sheet,us-gaap:LiabilitiesAndStockholdersEquity,TOTAL LIABILITIES AND EQUITY,1Q26,123371.0,CSCO_SEC-XBRL-financials_as-presented_10-Q_2026-02-17_0000858877-26-000021.xlsx,Balance Sheet,"January 24, 2026",TOTAL LIABILITIES AND EQUITY,us-gaap:LiabilitiesAndStockholdersEquity,reported,
income_statement,html:product,Product,2Q26,43204.0,CSCO_SEC-XBRL-financials_as-presented_10-Q_2026-05-19_0000858877-26-000078.xlsx,Income Statement,"Three Months Ended April 25, 2026",Product; Services; Total cost of sales; Total revenue,us-gaap:CostOfGoodsAndServicesSold + us-gaap:RevenueFromContractWithCustomerExcludingAssessedTax,summed_within_file,SUM(us-gaap:CostOfGoodsAndServicesSold + us-gaap:RevenueFromContractWithCustomerExcludingAssessedTax) in CSCO_SEC-XBRL-financials_as-presented_10-Q_2026-05-19_0000858877-26-000078.xlsx
income_statement,html:gross-margin,GROSS MARGIN,2Q26,10080.0,CSCO_SEC-XBRL-financials_as-presented_10-Q_2026-05-19_0000858877-26-000078.xlsx,Income Statement,"Three Months Ended April 25, 2026",GROSS MARGIN,us-gaap:GrossProfit,reported,
income_statement,html:research-and-development,Research and development,2Q26,2377.0,CSCO_SEC-XBRL-financials_as-presented_10-Q_2026-05-19_0000858877-26-000078.xlsx,Income Statement,"Three Months Ended April 25, 2026",Research and development,us-gaap:ResearchAndDevelopmentExpense,reported,
income_statement,html:sales-and-marketing,Sales and marketing,2Q26,2855.0,CSCO_SEC-XBRL-financials_as-presented_10-Q_2026-05-19_0000858877-26-000078.xlsx,Income Statement,"Three Months Ended April 25, 2026",Sales and marketing,us-gaap:SellingAndMarketingExpense,reported,
income_statement,html:general-and-administrative,General and administrative,2Q26,661.0,CSCO_SEC-XBRL-financials_as-presented_10-Q_2026-05-19_0000858877-26-000078.xlsx,Income Statement,"Three Months Ended April 25, 2026",General and administrative,us-gaap:GeneralAndAdministrativeExpense,reported,
income_statement,html:amortization-of-purchased-intangible-assets,Amortization of purchased intangible assets,2Q26,228.0,CSCO_SEC-XBRL-financials_as-presented_10-Q_2026-05-19_0000858877-26-000078.xlsx,Income Statement,"Three Months Ended April 25, 2026",Amortization of purchased intangible assets,us-gaap:AmortizationOfIntangibleAssets,reported,
income_statement,html:restructuring-and-other-charges,Restructuring and other charges,2Q26,-1.0,CSCO_SEC-XBRL-financials_as-presented_10-Q_2026-05-19_0000858877-26-000078.xlsx,Income Statement,"Three Months Ended April 25, 2026",Restructuring and other charges,csco:RestructuringAndOtherCharges,reported,
income_statement,html:operating-expenses,OPERATING EXPENSES:,2Q26,6120.0,CSCO_SEC-XBRL-financials_as-presented_10-Q_2026-05-19_0000858877-26-000078.xlsx,Income Statement,"Three Months Ended April 25, 2026",Total operating expenses,us-gaap:OperatingExpenses,reported,
income_statement,html:operating-income,OPERATING INCOME,2Q26,3960.0,CSCO_SEC-XBRL-financials_as-presented_10-Q_2026-05-19_0000858877-26-000078.xlsx,Income Statement,"Three Months Ended April 25, 2026",OPERATING INCOME,us-gaap:OperatingIncomeLoss,reported,
income_statement,html:interest-and-other-income-loss-net,"Interest and other income (loss), net",2Q26,-84.0,CSCO_SEC-XBRL-financials_as-presented_10-Q_2026-05-19_0000858877-26-000078.xlsx,Income Statement,"Three Months Ended April 25, 2026","Interest and other income (loss), net; Interest expense; Interest income",us-gaap:InterestExpenseNonoperating; us-gaap:InvestmentIncomeInterestAndDividend; us-gaap:NonoperatingIncomeExpense,interest_net,"interest_net: signed_sum=-84.0 from values=[214.0, -377.0, 79.0]"
income_statement,html:other-income-loss-net,"Other income (loss), net",2Q26,242.0,CSCO_SEC-XBRL-financials_as-presented_10-Q_2026-05-19_0000858877-26-000078.xlsx,Income Statement,"Three Months Ended April 25, 2026","Other income (loss), net",us-gaap:OtherNonoperatingIncomeExpense,reported,
income_statement,html:income-before-provision-for-income-taxes,INCOME BEFORE PROVISION FOR INCOME TAXES,2Q26,4039.0,CSCO_SEC-XBRL-financials_as-presented_10-Q_2026-05-19_0000858877-26-000078.xlsx,Income Statement,"Three Months Ended April 25, 2026",INCOME BEFORE PROVISION FOR INCOME TAXES,us-gaap:IncomeLossFromContinuingOperationsBeforeIncomeTaxesExtraordinaryItemsNoncontrollingInterest,reported,
income_statement,html:provision-for-income-taxes,Provision for income taxes,2Q26,666.0,CSCO_SEC-XBRL-financials_as-presented_10-Q_2026-05-19_0000858877-26-000078.xlsx,Income Statement,"Three Months Ended April 25, 2026",Provision for income taxes,us-gaap:IncomeTaxExpenseBenefit,reported,
income_statement,html:net-income,NET INCOME,2Q26,3373.0,CSCO_SEC-XBRL-financials_as-presented_10-Q_2026-05-19_0000858877-26-000078.xlsx,Income Statement,"Three Months Ended April 25, 2026",NET INCOME,us-gaap:NetIncomeLoss,reported,
income_statement,html:basic,Basic,2Q26,4.802,CSCO_SEC-XBRL-financials_as-presented_10-Q_2026-05-19_0000858877-26-000078.xlsx,Income Statement,"Three Months Ended April 25, 2026",Basic,us-gaap:EarningsPerShareBasic + us-gaap:WeightedAverageNumberOfSharesOutstandingBasic,summed_within_file,SUM(us-gaap:EarningsPerShareBasic + us-gaap:WeightedAverageNumberOfSharesOutstandingBasic) in CSCO_SEC-XBRL-financials_as-presented_10-Q_2026-05-19_0000858877-26-000078.xlsx
income_statement,html:diluted,Diluted,2Q26,4.832,CSCO_SEC-XBRL-financials_as-presented_10-Q_2026-05-19_0000858877-26-000078.xlsx,Income Statement,"Three Months Ended April 25, 2026",Diluted,us-gaap:EarningsPerShareDiluted + us-gaap:WeightedAverageNumberOfDilutedSharesOutstanding,summed_within_file,SUM(us-gaap:EarningsPerShareDiluted + us-gaap:WeightedAverageNumberOfDilutedSharesOutstanding) in CSCO_SEC-XBRL-financials_as-presented_10-Q_2026-05-19_0000858877-26-000078.xlsx
balance_sheet,us-gaap:CashAndCashEquivalentsAtCarryingValue,Cash and cash equivalents,2Q26,7083.0,CSCO_SEC-XBRL-financials_as-presented_10-Q_2026-05-19_0000858877-26-000078.xlsx,Balance Sheet,"April 25, 2026",Cash and cash equivalents,us-gaap:CashAndCashEquivalentsAtCarryingValue,reported,
balance_sheet,us-gaap:ShortTermInvestments,Investments,2Q26,9557.0,CSCO_SEC-XBRL-financials_as-presented_10-Q_2026-05-19_0000858877-26-000078.xlsx,Balance Sheet,"April 25, 2026",Investments,us-gaap:ShortTermInvestments,reported,
balance_sheet,us-gaap:AllowanceForDoubtfulAccountsReceivableCurrent,"Accounts receivable, net of allowance of $109 at July 31, 2021 and $143 at July 25, 2020",2Q26,6480.0,CSCO_SEC-XBRL-financials_as-presented_10-Q_2026-05-19_0000858877-26-000078.xlsx,Balance Sheet,"April 25, 2026","Accounts receivable, net of allowance of $73 at April 25, 2026 and $69 at July 26, 2025",us-gaap:AllowanceForDoubtfulAccountsReceivableCurrent,reported,
balance_sheet,us-gaap:InventoryNet,Inventories,2Q26,4708.0,CSCO_SEC-XBRL-financials_as-presented_10-Q_2026-05-19_0000858877-26-000078.xlsx,Balance Sheet,"April 25, 2026",Inventories,us-gaap:InventoryNet,reported,
balance_sheet,us-gaap:NotesAndLoansReceivableNetCurrent,"Financing receivables, net",2Q26,2936.0,CSCO_SEC-XBRL-financials_as-presented_10-Q_2026-05-19_0000858877-26-000078.xlsx,Balance Sheet,"April 25, 2026","Financing receivables, net",us-gaap:NotesAndLoansReceivableNetCurrent,reported,
balance_sheet,us-gaap:OtherAssetsCurrent,Other current assets,2Q26,5795.0,CSCO_SEC-XBRL-financials_as-presented_10-Q_2026-05-19_0000858877-26-000078.xlsx,Balance Sheet,"April 25, 2026",Other current assets,us-gaap:OtherAssetsCurrent,reported,
balance_sheet,us-gaap:AssetsCurrent,Total current assets,2Q26,36559.0,CSCO_SEC-XBRL-financials_as-presented_10-Q_2026-05-19_0000858877-26-000078.xlsx,Balance Sheet,"April 25, 2026",Total current assets,us-gaap:AssetsCurrent,reported,
balance_sheet,us-gaap:PropertyPlantAndEquipmentNet,"Property and equipment, net",2Q26,2577.0,CSCO_SEC-XBRL-financials_as-presented_10-Q_2026-05-19_0000858877-26-000078.xlsx,Balance Sheet,"April 25, 2026","Property and equipment, net",us-gaap:PropertyPlantAndEquipmentNet,reported,
balance_sheet,us-gaap:NotesAndLoansReceivableNetNoncurrent,"Financing receivables, net",2Q26,3642.0,CSCO_SEC-XBRL-financials_as-presented_10-Q_2026-05-19_0000858877-26-000078.xlsx,Balance Sheet,"April 25, 2026","Financing receivables, net",us-gaap:NotesAndLoansReceivableNetNoncurrent,reported,
balance_sheet,us-gaap:Goodwill,Goodwill,2Q26,59292.0,CSCO_SEC-XBRL-financials_as-presented_10-Q_2026-05-19_0000858877-26-000078.xlsx,Balance Sheet,"April 25, 2026",Goodwill,us-gaap:Goodwill,reported,
balance_sheet,us-gaap:IntangibleAssetsNetExcludingGoodwill,"Purchased intangible assets, net",2Q26,7850.0,CSCO_SEC-XBRL-financials_as-presented_10-Q_2026-05-19_0000858877-26-000078.xlsx,Balance Sheet,"April 25, 2026","Purchased intangible assets, net",us-gaap:IntangibleAssetsNetExcludingGoodwill,reported,
balance_sheet,us-gaap:DeferredIncomeTaxAssetsNet,Deferred tax assets,2Q26,7558.0,CSCO_SEC-XBRL-financials_as-presented_10-Q_2026-05-19_0000858877-26-000078.xlsx,Balance Sheet,"April 25, 2026",Deferred tax assets,us-gaap:DeferredIncomeTaxAssetsNet,reported,
balance_sheet,us-gaap:OtherAssetsNoncurrent,Other assets,2Q26,8068.0,CSCO_SEC-XBRL-financials_as-presented_10-Q_2026-05-19_0000858877-26-000078.xlsx,Balance Sheet,"April 25, 2026",Other assets,us-gaap:OtherAssetsNoncurrent,reported,
balance_sheet,us-gaap:Assets,TOTAL ASSETS,2Q26,125546.0,CSCO_SEC-XBRL-financials_as-presented_10-Q_2026-05-19_0000858877-26-000078.xlsx,Balance Sheet,"April 25, 2026",TOTAL ASSETS,us-gaap:Assets,reported,
balance_sheet,us-gaap:DebtCurrent,Short-term debt,2Q26,11932.0,CSCO_SEC-XBRL-financials_as-presented_10-Q_2026-05-19_0000858877-26-000078.xlsx,Balance Sheet,"April 25, 2026",Short-term debt,us-gaap:DebtCurrent,reported,
balance_sheet,us-gaap:AccountsPayableCurrent,Accounts payable,2Q26,2970.0,CSCO_SEC-XBRL-financials_as-presented_10-Q_2026-05-19_0000858877-26-000078.xlsx,Balance Sheet,"April 25, 2026",Accounts payable,us-gaap:AccountsPayableCurrent,reported,
balance_sheet,us-gaap:AccruedIncomeTaxesCurrent,Income taxes payable,2Q26,173.0,CSCO_SEC-XBRL-financials_as-presented_10-Q_2026-05-19_0000858877-26-000078.xlsx,Balance Sheet,"April 25, 2026",Income taxes payable,us-gaap:AccruedIncomeTaxesCurrent,reported,
balance_sheet,us-gaap:EmployeeRelatedLiabilitiesCurrent,Accrued compensation,2Q26,3290.0,CSCO_SEC-XBRL-financials_as-presented_10-Q_2026-05-19_0000858877-26-000078.xlsx,Balance Sheet,"April 25, 2026",Accrued compensation,us-gaap:EmployeeRelatedLiabilitiesCurrent,reported,
balance_sheet,us-gaap:ContractWithCustomerLiabilityCurrent,Deferred revenue,2Q26,16446.0,CSCO_SEC-XBRL-financials_as-presented_10-Q_2026-05-19_0000858877-26-000078.xlsx,Balance Sheet,"April 25, 2026",Deferred revenue,us-gaap:ContractWithCustomerLiabilityCurrent,reported,
balance_sheet,us-gaap:OtherLiabilitiesCurrent,Other current liabilities,2Q26,4730.0,CSCO_SEC-XBRL-financials_as-presented_10-Q_2026-05-19_0000858877-26-000078.xlsx,Balance Sheet,"April 25, 2026",Other current liabilities,us-gaap:OtherLiabilitiesCurrent,reported,
balance_sheet,us-gaap:LiabilitiesCurrent,Total current liabilities,2Q26,39541.0,CSCO_SEC-XBRL-financials_as-presented_10-Q_2026-05-19_0000858877-26-000078.xlsx,Balance Sheet,"April 25, 2026",Total current liabilities,us-gaap:LiabilitiesCurrent,reported,
balance_sheet,us-gaap:LongTermDebtNoncurrent,Long-term debt,2Q26,19371.0,CSCO_SEC-XBRL-financials_as-presented_10-Q_2026-05-19_0000858877-26-000078.xlsx,Balance Sheet,"April 25, 2026",Long-term debt,us-gaap:LongTermDebtNoncurrent,reported,
balance_sheet,us-gaap:AccruedIncomeTaxesNoncurrent,Income taxes payable,2Q26,2304.0,CSCO_SEC-XBRL-financials_as-presented_10-Q_2026-05-19_0000858877-26-000078.xlsx,Balance Sheet,"April 25, 2026",Income taxes payable,us-gaap:AccruedIncomeTaxesNoncurrent,reported,
balance_sheet,us-gaap:ContractWithCustomerLiabilityNoncurrent,Deferred revenue,2Q26,12153.0,CSCO_SEC-XBRL-financials_as-presented_10-Q_2026-05-19_0000858877-26-000078.xlsx,Balance Sheet,"April 25, 2026",Deferred revenue,us-gaap:ContractWithCustomerLiabilityNoncurrent,reported,
balance_sheet,us-gaap:OtherLiabilitiesNoncurrent,Other long-term liabilities,2Q26,3316.0,CSCO_SEC-XBRL-financials_as-presented_10-Q_2026-05-19_0000858877-26-000078.xlsx,Balance Sheet,"April 25, 2026",Other long-term liabilities,us-gaap:OtherLiabilitiesNoncurrent,reported,
balance_sheet,us-gaap:Liabilities,Total liabilities,2Q26,76685.0,CSCO_SEC-XBRL-financials_as-presented_10-Q_2026-05-19_0000858877-26-000078.xlsx,Balance Sheet,"April 25, 2026",Total liabilities,us-gaap:Liabilities,reported,
balance_sheet,us-gaap:CommonStockParOrStatedValuePerShare,"Common stock and additional paid-in capital, $0.001 par value: 20,000 shares authorized; 4,217 and 4,237 shares issued and outstanding at July 31, 2021 and July 25, 2020, respectively",2Q26,48950.0,CSCO_SEC-XBRL-financials_as-presented_10-Q_2026-05-19_0000858877-26-000078.xlsx,Balance Sheet,"April 25, 2026","Common stock and additional paid-in capital, $0.001 par value: 20,000 shares authorized; 3,940 and 3,960 shares issued and outstanding at April 25, 2026 and July 26, 2025, respectively",us-gaap:CommonStockParOrStatedValuePerShare,reported,
balance_sheet,us-gaap:RetainedEarningsAccumulatedDeficit,Accumulated deficit,2Q26,704.0,CSCO_SEC-XBRL-financials_as-presented_10-Q_2026-05-19_0000858877-26-000078.xlsx,Balance Sheet,"April 25, 2026",Retained earnings,us-gaap:RetainedEarningsAccumulatedDeficit,reported,
balance_sheet,us-gaap:AccumulatedOtherComprehensiveIncomeLossNetOfTax,Accumulated other comprehensive loss,2Q26,-793.0,CSCO_SEC-XBRL-financials_as-presented_10-Q_2026-05-19_0000858877-26-000078.xlsx,Balance Sheet,"April 25, 2026",Accumulated other comprehensive loss,us-gaap:AccumulatedOtherComprehensiveIncomeLossNetOfTax,reported,
balance_sheet,us-gaap:StockholdersEquity,Total equity,2Q26,48861.0,CSCO_SEC-XBRL-financials_as-presented_10-Q_2026-05-19_0000858877-26-000078.xlsx,Balance Sheet,"April 25, 2026",Total equity,us-gaap:StockholdersEquity,reported,
balance_sheet,us-gaap:LiabilitiesAndStockholdersEquity,TOTAL LIABILITIES AND EQUITY,2Q26,125546.0,CSCO_SEC-XBRL-financials_as-presented_10-Q_2026-05-19_0000858877-26-000078.xlsx,Balance Sheet,"April 25, 2026",TOTAL LIABILITIES AND EQUITY,us-gaap:LiabilitiesAndStockholdersEquity,reported,
income_statement,html:total-cost-of-sales,Total cost of sales,,,,,,,html:cost-of-sales,row_deduplication,Merged duplicate canonical row html:cost-of-sales → html:total-cost-of-sales (similar_label_sparse)
cash_flow,html:acquisitions-and-divestitures,Acquisitions and divestitures,,,,,,,html:change-in-operating-assets-and-liabilities-net-of-effects-of-acquisitions-and-divestitures,row_deduplication,Merged duplicate canonical row html:change-in-operating-assets-and-liabilities-net-of-effects-of-acquisitions-and-divestitures → html:acquisitions-and-divestitures (similar_label_sparse)
cash_flow,html:net-cash-provided-by-operating-activities,Net cash provided by operating activities,,,,,,,html:adjustments-to-reconcile-net-income-to-net-cash-provided-by-operating-activities,row_deduplication,Merged duplicate canonical row html:adjustments-to-reconcile-net-income-to-net-cash-provided-by-operating-activities → html:net-cash-provided-by-operating-activities (similar_label_sparse)
cash_flow,html:cash-cash-equivalents-and-restricted-cash-beginning-of-fiscal-year,"Cash, cash equivalents, and restricted cash, beginning of fiscal year",,,,,,,html:cash-cash-equivalents-and-restricted-cash-end-of-fiscal-year,row_deduplication,Merged duplicate canonical row html:cash-cash-equivalents-and-restricted-cash-end-of-fiscal-year → html:cash-cash-equivalents-and-restricted-cash-beginning-of-fiscal-year (similar_label_sparse)
cash_flow,html:cash-flows-from-investing-activities,Cash flows from investing activities:,,,,,,,html:cash-flows-from-financing-activities,row_deduplication,Merged duplicate canonical row html:cash-flows-from-financing-activities → html:cash-flows-from-investing-activities (similar_label_empty)
