statement_type,canonical_row_id,master_display_label,output_period,value,source_file,source_sheet,source_column,raw_line_label,raw_concept,source_method,derivation_formula
income_statement,us-gaap:Revenues,Net product sales,FY19,25174.0,BMY_SEC-XBRL-financials_as-presented_10-K_2020-02-24_0000014272-20-000082.xlsx,Income Statement,"Year Ended December 31, 2019",Net product sales,us-gaap:Revenues,reported,
income_statement,us-gaap:CostOfGoodsAndServicesSold,Cost of products sold(a),FY19,8078.0,BMY_SEC-XBRL-financials_as-presented_10-K_2020-02-24_0000014272-20-000082.xlsx,Income Statement,"Year Ended December 31, 2019",Cost of products sold(a),us-gaap:CostOfGoodsAndServicesSold,reported,
income_statement,us-gaap:SellingGeneralAndAdministrativeExpense,"Selling, general and administrative",FY19,4871.0,BMY_SEC-XBRL-financials_as-presented_10-K_2020-02-24_0000014272-20-000082.xlsx,Income Statement,"Year Ended December 31, 2019","Marketing, selling and administrative",us-gaap:SellingGeneralAndAdministrativeExpense,reported,
income_statement,us-gaap:ResearchAndDevelopmentExpense,Research and development,FY19,6148.0,BMY_SEC-XBRL-financials_as-presented_10-K_2020-02-24_0000014272-20-000082.xlsx,Income Statement,"Year Ended December 31, 2019",Research and development,us-gaap:ResearchAndDevelopmentExpense,reported,
income_statement,bmy:AmortizationofAcquiredIntangibleAssets,Amortization of acquired intangible assets,FY19,1135.0,BMY_SEC-XBRL-financials_as-presented_10-K_2020-02-24_0000014272-20-000082.xlsx,Income Statement,"Year Ended December 31, 2019",Amortization of acquired intangible assets,bmy:AmortizationofAcquiredIntangibleAssets,reported,
income_statement,us-gaap:OtherNonoperatingIncomeExpense,"Other (income)/expense, net",FY19,938.0,BMY_SEC-XBRL-financials_as-presented_10-K_2020-02-24_0000014272-20-000082.xlsx,Income Statement,"Year Ended December 31, 2019","Other (income)/expense, net",us-gaap:OtherNonoperatingIncomeExpense,reported,
income_statement,us-gaap:CostsAndExpenses,Total Expenses,FY19,21170.0,BMY_SEC-XBRL-financials_as-presented_10-K_2020-02-24_0000014272-20-000082.xlsx,Income Statement,"Year Ended December 31, 2019",Total Expenses,us-gaap:CostsAndExpenses,reported,
income_statement,us-gaap:IncomeLossFromContinuingOperationsBeforeIncomeTaxesExtraordinaryItemsNoncontrollingInterest,Earnings/(Loss) before income taxes,FY19,4975.0,BMY_SEC-XBRL-financials_as-presented_10-K_2020-02-24_0000014272-20-000082.xlsx,Income Statement,"Year Ended December 31, 2019",Earnings Before Income Taxes,us-gaap:IncomeLossFromContinuingOperationsBeforeIncomeTaxesMinorityInterestAndIncomeLossFromEquityMethodInvestments,reported,
income_statement,us-gaap:IncomeTaxExpenseBenefit,Income tax provision,FY19,1515.0,BMY_SEC-XBRL-financials_as-presented_10-K_2020-02-24_0000014272-20-000082.xlsx,Income Statement,"Year Ended December 31, 2019",Provision for Income Taxes,us-gaap:IncomeTaxExpenseBenefit,reported,
income_statement,us-gaap:ProfitLoss,Net earnings/(loss),FY19,3460.0,BMY_SEC-XBRL-financials_as-presented_10-K_2020-02-24_0000014272-20-000082.xlsx,Income Statement,"Year Ended December 31, 2019",Net Earnings,us-gaap:ProfitLoss,reported,
income_statement,us-gaap:ComprehensiveIncomeNetOfTaxAttributableToNoncontrollingInterest,Noncontrolling Interest,FY19,21.0,BMY_SEC-XBRL-financials_as-presented_10-K_2020-02-24_0000014272-20-000082.xlsx,Income Statement,"Year Ended December 31, 2019",Noncontrolling Interest,us-gaap:NetIncomeLossAttributableToNoncontrollingInterest,reported,
income_statement,us-gaap:NetIncomeLoss,Net earnings/(loss) attributable to BMS,FY19,3439.0,BMY_SEC-XBRL-financials_as-presented_10-K_2020-02-24_0000014272-20-000082.xlsx,Income Statement,"Year Ended December 31, 2019",Net Earnings Attributable to BMS,us-gaap:NetIncomeLoss,reported,
income_statement,us-gaap:EarningsPerShareBasic,Basic,FY19,2.02,BMY_SEC-XBRL-financials_as-presented_10-K_2020-02-24_0000014272-20-000082.xlsx,Income Statement,"Year Ended December 31, 2019",Basic,us-gaap:EarningsPerShareBasic,reported,
income_statement,us-gaap:EarningsPerShareDiluted,Diluted,FY19,2.01,BMY_SEC-XBRL-financials_as-presented_10-K_2020-02-24_0000014272-20-000082.xlsx,Income Statement,"Year Ended December 31, 2019",Diluted,us-gaap:EarningsPerShareDiluted,reported,
balance_sheet,us-gaap:CashAndCashEquivalentsAtCarryingValue,Cash and cash equivalents,FY19,12346.0,BMY_SEC-XBRL-financials_as-presented_10-K_2020-02-24_0000014272-20-000082.xlsx,Balance Sheet,"December 31, 2019",Cash and cash equivalents,us-gaap:CashAndCashEquivalentsAtCarryingValue,reported,
balance_sheet,us-gaap:MarketableSecuritiesCurrent,Marketable debt securities,FY19,3047.0,BMY_SEC-XBRL-financials_as-presented_10-K_2020-02-24_0000014272-20-000082.xlsx,Balance Sheet,"December 31, 2019",Marketable debt securities,us-gaap:MarketableSecuritiesCurrent,reported,
balance_sheet,us-gaap:ReceivablesNetCurrent,Receivables,FY19,7685.0,BMY_SEC-XBRL-financials_as-presented_10-K_2020-02-24_0000014272-20-000082.xlsx,Balance Sheet,"December 31, 2019",Receivables,us-gaap:ReceivablesNetCurrent,reported,
balance_sheet,us-gaap:InventoryNet,Inventories,FY19,4293.0,BMY_SEC-XBRL-financials_as-presented_10-K_2020-02-24_0000014272-20-000082.xlsx,Balance Sheet,"December 31, 2019",Inventories,us-gaap:InventoryNet,reported,
balance_sheet,us-gaap:OtherAssetsCurrent,Other current assets,FY19,1983.0,BMY_SEC-XBRL-financials_as-presented_10-K_2020-02-24_0000014272-20-000082.xlsx,Balance Sheet,"December 31, 2019",Other current assets,us-gaap:OtherAssetsCurrent,reported,
balance_sheet,us-gaap:AssetsCurrent,Total Current assets,FY19,29354.0,BMY_SEC-XBRL-financials_as-presented_10-K_2020-02-24_0000014272-20-000082.xlsx,Balance Sheet,"December 31, 2019",Total Current Assets,us-gaap:AssetsCurrent,reported,
balance_sheet,us-gaap:PropertyPlantAndEquipmentNet,"Property, plant and equipment",FY19,6252.0,BMY_SEC-XBRL-financials_as-presented_10-K_2020-02-24_0000014272-20-000082.xlsx,Balance Sheet,"December 31, 2019","Property, plant and equipment",us-gaap:PropertyPlantAndEquipmentNet,reported,
balance_sheet,us-gaap:Goodwill,Goodwill,FY19,22488.0,BMY_SEC-XBRL-financials_as-presented_10-K_2020-02-24_0000014272-20-000082.xlsx,Balance Sheet,"December 31, 2019",Goodwill,us-gaap:Goodwill,reported,
balance_sheet,us-gaap:IntangibleAssetsNetExcludingGoodwill,Other intangible assets,FY19,63969.0,BMY_SEC-XBRL-financials_as-presented_10-K_2020-02-24_0000014272-20-000082.xlsx,Balance Sheet,"December 31, 2019",Other intangible assets,us-gaap:IntangibleAssetsNetExcludingGoodwill,reported,
balance_sheet,us-gaap:DeferredTaxAssetsNetNoncurrent,Deferred income taxes,FY19,510.0,BMY_SEC-XBRL-financials_as-presented_10-K_2020-02-24_0000014272-20-000082.xlsx,Balance Sheet,"December 31, 2019",Deferred income taxes,us-gaap:DeferredTaxAssetsNetNoncurrent,reported,
balance_sheet,us-gaap:MarketableSecuritiesNoncurrent,Marketable debt securities,FY19,767.0,BMY_SEC-XBRL-financials_as-presented_10-K_2020-02-24_0000014272-20-000082.xlsx,Balance Sheet,"December 31, 2019",Marketable debt securities,us-gaap:MarketableSecuritiesNoncurrent,reported,
balance_sheet,us-gaap:OtherAssetsNoncurrent,Other non-current assets,FY19,6604.0,BMY_SEC-XBRL-financials_as-presented_10-K_2020-02-24_0000014272-20-000082.xlsx,Balance Sheet,"December 31, 2019",Other non-current assets,us-gaap:OtherAssetsNoncurrent,reported,
balance_sheet,us-gaap:Assets,Total Assets,FY19,129944.0,BMY_SEC-XBRL-financials_as-presented_10-K_2020-02-24_0000014272-20-000082.xlsx,Balance Sheet,"December 31, 2019",Total Assets,us-gaap:Assets,reported,
balance_sheet,us-gaap:DebtCurrent,Short-term debt obligations,FY19,3346.0,BMY_SEC-XBRL-financials_as-presented_10-K_2020-02-24_0000014272-20-000082.xlsx,Balance Sheet,"December 31, 2019",Short-term debt obligations,us-gaap:DebtCurrent,reported,
balance_sheet,us-gaap:AccountsPayableCurrent,Accounts payable,FY19,2445.0,BMY_SEC-XBRL-financials_as-presented_10-K_2020-02-24_0000014272-20-000082.xlsx,Balance Sheet,"December 31, 2019",Accounts payable,us-gaap:AccountsPayableCurrent,reported,
balance_sheet,us-gaap:OtherLiabilitiesCurrent,Other current liabilities,FY19,12513.0,BMY_SEC-XBRL-financials_as-presented_10-K_2020-02-24_0000014272-20-000082.xlsx,Balance Sheet,"December 31, 2019",Other current liabilities,us-gaap:OtherLiabilitiesCurrent,reported,
balance_sheet,us-gaap:LiabilitiesCurrent,Total Current liabilities,FY19,18304.0,BMY_SEC-XBRL-financials_as-presented_10-K_2020-02-24_0000014272-20-000082.xlsx,Balance Sheet,"December 31, 2019",Total Current Liabilities,us-gaap:LiabilitiesCurrent,reported,
balance_sheet,us-gaap:DeferredIncomeTaxLiabilitiesNet,Deferred income taxes,FY19,6454.0,BMY_SEC-XBRL-financials_as-presented_10-K_2020-02-24_0000014272-20-000082.xlsx,Balance Sheet,"December 31, 2019",Deferred income taxes,us-gaap:DeferredIncomeTaxLiabilitiesNet,reported,
balance_sheet,us-gaap:LongTermDebtNoncurrent,Long-term debt,FY19,43387.0,BMY_SEC-XBRL-financials_as-presented_10-K_2020-02-24_0000014272-20-000082.xlsx,Balance Sheet,"December 31, 2019",Long-term debt,us-gaap:LongTermDebtNoncurrent,reported,
balance_sheet,us-gaap:OtherLiabilitiesNoncurrent,Other non-current liabilities,FY19,10101.0,BMY_SEC-XBRL-financials_as-presented_10-K_2020-02-24_0000014272-20-000082.xlsx,Balance Sheet,"December 31, 2019",Other non-current liabilities,us-gaap:OtherLiabilitiesNoncurrent,reported,
balance_sheet,us-gaap:Liabilities,Total Liabilities,FY19,78246.0,BMY_SEC-XBRL-financials_as-presented_10-K_2020-02-24_0000014272-20-000082.xlsx,Balance Sheet,"December 31, 2019",Total Liabilities,us-gaap:Liabilities,reported,
balance_sheet,us-gaap:CommonStockValue,"Common stock, par value of $0.10 per share: Authorized 4.5 billion shares; 2.9 billion issued in 2019 and 2.2 billion issued in 2018",FY19,292.0,BMY_SEC-XBRL-financials_as-presented_10-K_2020-02-24_0000014272-20-000082.xlsx,Balance Sheet,"December 31, 2019","Common stock, par value of $0.10 per share: Authorized 4.5 billion shares; 2.9 billion issued in 2019 and 2.2 billion issued in 2018",us-gaap:CommonStockValue,reported,
balance_sheet,us-gaap:AdditionalPaidInCapital,Capital in excess of par value of stock,FY19,43709.0,BMY_SEC-XBRL-financials_as-presented_10-K_2020-02-24_0000014272-20-000082.xlsx,Balance Sheet,"December 31, 2019",Capital in excess of par value of stock,us-gaap:AdditionalPaidInCapital,reported,
balance_sheet,us-gaap:AccumulatedOtherComprehensiveIncomeLossNetOfTax,Accumulated other comprehensive loss,FY19,-1520.0,BMY_SEC-XBRL-financials_as-presented_10-K_2020-02-24_0000014272-20-000082.xlsx,Balance Sheet,"December 31, 2019",Accumulated other comprehensive loss,us-gaap:AccumulatedOtherComprehensiveIncomeLossNetOfTax,reported,
balance_sheet,us-gaap:RetainedEarningsAccumulatedDeficit,Retained earnings,FY19,34474.0,BMY_SEC-XBRL-financials_as-presented_10-K_2020-02-24_0000014272-20-000082.xlsx,Balance Sheet,"December 31, 2019",Retained earnings,us-gaap:RetainedEarningsAccumulatedDeficit,reported,
balance_sheet,us-gaap:TreasuryStockValue,Less cost of treasury stock — 672 million common shares in 2019 and 576 million common shares in 2018,FY19,-25357.0,BMY_SEC-XBRL-financials_as-presented_10-K_2020-02-24_0000014272-20-000082.xlsx,Balance Sheet,"December 31, 2019",Less cost of treasury stock — 672 million common shares in 2019 and 576 million common shares in 2018,us-gaap:TreasuryStockValue,reported,
balance_sheet,us-gaap:StockholdersEquity,Total BMS Shareholders’ Equity,FY19,51598.0,BMY_SEC-XBRL-financials_as-presented_10-K_2020-02-24_0000014272-20-000082.xlsx,Balance Sheet,"December 31, 2019",Total Bristol-Myers Squibb Company Shareholders' Equity,us-gaap:StockholdersEquity,reported,
balance_sheet,us-gaap:MinorityInterest,Noncontrolling interest,FY19,100.0,BMY_SEC-XBRL-financials_as-presented_10-K_2020-02-24_0000014272-20-000082.xlsx,Balance Sheet,"December 31, 2019",Noncontrolling interest,us-gaap:MinorityInterest,reported,
balance_sheet,us-gaap:StockholdersEquityIncludingPortionAttributableToNoncontrollingInterest,Total Equity,FY19,51698.0,BMY_SEC-XBRL-financials_as-presented_10-K_2020-02-24_0000014272-20-000082.xlsx,Balance Sheet,"December 31, 2019",Total Equity,us-gaap:StockholdersEquityIncludingPortionAttributableToNoncontrollingInterest,reported,
balance_sheet,us-gaap:LiabilitiesAndStockholdersEquity,Total Liabilities and Equity,FY19,129944.0,BMY_SEC-XBRL-financials_as-presented_10-K_2020-02-24_0000014272-20-000082.xlsx,Balance Sheet,"December 31, 2019",Total Liabilities and Equity,us-gaap:LiabilitiesAndStockholdersEquity,reported,
cash_flow,us-gaap:ProfitLoss,Net earnings/(loss),FY19,3460.0,BMY_SEC-XBRL-financials_as-presented_10-K_2020-02-24_0000014272-20-000082.xlsx,Cash Flow,"Year Ended December 31, 2019",Net earnings,us-gaap:ProfitLoss,reported,
cash_flow,us-gaap:DepreciationDepletionAndAmortization,"Depreciation and amortization, net",FY19,1746.0,BMY_SEC-XBRL-financials_as-presented_10-K_2020-02-24_0000014272-20-000082.xlsx,Cash Flow,"Year Ended December 31, 2019","Depreciation and amortization, net",us-gaap:DepreciationDepletionAndAmortization,reported,
cash_flow,us-gaap:DeferredIncomeTaxExpenseBenefit,Deferred income taxes,FY19,-924.0,BMY_SEC-XBRL-financials_as-presented_10-K_2020-02-24_0000014272-20-000082.xlsx,Cash Flow,"Year Ended December 31, 2019",Deferred income taxes,us-gaap:DeferredIncomeTaxExpenseBenefit,reported,
cash_flow,us-gaap:ShareBasedCompensation,Stock-based compensation,FY19,441.0,BMY_SEC-XBRL-financials_as-presented_10-K_2020-02-24_0000014272-20-000082.xlsx,Cash Flow,"Year Ended December 31, 2019",Stock-based compensation,us-gaap:ShareBasedCompensation,reported,
cash_flow,us-gaap:ImpairmentOfLongLivedAssetsToBeDisposedOf,Impairment charges,FY19,199.0,BMY_SEC-XBRL-financials_as-presented_10-K_2020-02-24_0000014272-20-000082.xlsx,Cash Flow,"Year Ended December 31, 2019",Impairment charges,us-gaap:ImpairmentOfLongLivedAssetsToBeDisposedOf,reported,
cash_flow,bmy:Pensionsettlementsandamortization,Pension settlements and amortization,FY19,1688.0,BMY_SEC-XBRL-financials_as-presented_10-K_2020-02-24_0000014272-20-000082.xlsx,Cash Flow,"Year Ended December 31, 2019",Pension settlements and amortization,bmy:Pensionsettlementsandamortization,reported,
cash_flow,bmy:DivestitureGainsAndRoyalties,Divestiture gains and royalties,FY19,-1855.0,BMY_SEC-XBRL-financials_as-presented_10-K_2020-02-24_0000014272-20-000082.xlsx,Cash Flow,"Year Ended December 31, 2019",Divestiture gains and royalties,bmy:Divestituregainsandroyalties,reported,
cash_flow,bmy:Assetacquisitioncharge,Asset acquisition charges,FY19,25.0,BMY_SEC-XBRL-financials_as-presented_10-K_2020-02-24_0000014272-20-000082.xlsx,Cash Flow,"Year Ended December 31, 2019",Asset acquisition charges,bmy:Assetacquisitioncharge,reported,
cash_flow,us-gaap:EquityMethodInvestmentRealizedGainLossOnDisposal,"Equity investment (gains)/losses, net",FY19,-279.0,BMY_SEC-XBRL-financials_as-presented_10-K_2020-02-24_0000014272-20-000082.xlsx,Cash Flow,"Year Ended December 31, 2019",Equity investment (gains)/losses,us-gaap:MarketableSecuritiesGainLoss,reported,
cash_flow,us-gaap:BusinessCombinationContingentConsiderationArrangementsChangeInAmountOfContingentConsiderationLiability1,Contingent consideration fair value adjustments,FY19,523.0,BMY_SEC-XBRL-financials_as-presented_10-K_2020-02-24_0000014272-20-000082.xlsx,Cash Flow,"Year Ended December 31, 2019",Contingent consideration fair value adjustments,us-gaap:BusinessCombinationContingentConsiderationArrangementsChangeInAmountOfContingentConsiderationLiability1,reported,
cash_flow,us-gaap:OtherNoncashIncomeExpense,Other adjustments,FY19,-22.0,BMY_SEC-XBRL-financials_as-presented_10-K_2020-02-24_0000014272-20-000082.xlsx,Cash Flow,"Year Ended December 31, 2019",Other adjustments,us-gaap:OtherNoncashIncomeExpense,reported,
cash_flow,us-gaap:IncreaseDecreaseInReceivables,Receivables,FY19,752.0,BMY_SEC-XBRL-financials_as-presented_10-K_2020-02-24_0000014272-20-000082.xlsx,Cash Flow,"Year Ended December 31, 2019",Receivables,us-gaap:IncreaseDecreaseInReceivables,reported,
cash_flow,us-gaap:IncreaseDecreaseInInventories,Inventories,FY19,463.0,BMY_SEC-XBRL-financials_as-presented_10-K_2020-02-24_0000014272-20-000082.xlsx,Cash Flow,"Year Ended December 31, 2019",Inventories,us-gaap:IncreaseDecreaseInInventories,reported,
cash_flow,us-gaap:IncreaseDecreaseInAccountsPayable,Accounts payable,FY19,229.0,BMY_SEC-XBRL-financials_as-presented_10-K_2020-02-24_0000014272-20-000082.xlsx,Cash Flow,"Year Ended December 31, 2019",Accounts payable,us-gaap:IncreaseDecreaseInAccountsPayable,reported,
cash_flow,us-gaap:IncreaseDecreaseInAccruedIncomeTaxesPayable,Income taxes payable,FY19,907.0,BMY_SEC-XBRL-financials_as-presented_10-K_2020-02-24_0000014272-20-000082.xlsx,Cash Flow,"Year Ended December 31, 2019",Income taxes payable,us-gaap:IncreaseDecreaseInAccruedIncomeTaxesPayable,reported,
cash_flow,us-gaap:IncreaseDecreaseInOtherOperatingCapitalNet,Other,FY19,702.0,BMY_SEC-XBRL-financials_as-presented_10-K_2020-02-24_0000014272-20-000082.xlsx,Cash Flow,"Year Ended December 31, 2019",Other,us-gaap:IncreaseDecreaseInOtherOperatingCapitalNet,reported,
cash_flow,us-gaap:NetCashProvidedByUsedInOperatingActivities,Net cash provided by operating activities,FY19,8067.0,BMY_SEC-XBRL-financials_as-presented_10-K_2020-02-24_0000014272-20-000082.xlsx,Cash Flow,"Year Ended December 31, 2019",Net Cash Provided by Operating Activities,us-gaap:NetCashProvidedByUsedInOperatingActivities,reported,
cash_flow,us-gaap:ProceedsFromSaleAndMaturityOfAvailableForSaleSecurities,Sale and maturities of marketable debt securities,FY19,3809.0,BMY_SEC-XBRL-financials_as-presented_10-K_2020-02-24_0000014272-20-000082.xlsx,Cash Flow,"Year Ended December 31, 2019",Sale and maturities of marketable debt securities,us-gaap:ProceedsFromSaleAndMaturityOfAvailableForSaleSecurities,reported,
cash_flow,us-gaap:PaymentsToAcquireMarketableSecurities,Purchase of marketable debt securities,FY19,-3961.0,BMY_SEC-XBRL-financials_as-presented_10-K_2020-02-24_0000014272-20-000082.xlsx,Cash Flow,"Year Ended December 31, 2019",Purchase of marketable debt securities,us-gaap:PaymentsToAcquireMarketableSecurities,reported,
cash_flow,us-gaap:PaymentsToAcquirePropertyPlantAndEquipment,Capital expenditures,FY19,-836.0,BMY_SEC-XBRL-financials_as-presented_10-K_2020-02-24_0000014272-20-000082.xlsx,Cash Flow,"Year Ended December 31, 2019",Capital expenditures,us-gaap:PaymentsToAcquirePropertyPlantAndEquipment,reported,
cash_flow,bmy:DivestitureAndOtherProceeds,Divestiture and other proceeds,FY19,15852.0,BMY_SEC-XBRL-financials_as-presented_10-K_2020-02-24_0000014272-20-000082.xlsx,Cash Flow,"Year Ended December 31, 2019",Divestiture and other proceeds,bmy:Divestitureandotherproceeds,reported,
cash_flow,us-gaap:PaymentsToAcquireBusinessesNetOfCashAcquired,"Acquisition and other payments, net of cash acquired",FY19,-24634.0,BMY_SEC-XBRL-financials_as-presented_10-K_2020-02-24_0000014272-20-000082.xlsx,Cash Flow,"Year Ended December 31, 2019","Acquisition and other payments, net of cash acquired",us-gaap:PaymentsToAcquireBusinessesNetOfCashAcquired,reported,
cash_flow,us-gaap:NetCashProvidedByUsedInInvestingActivities,Net cash provided by/(used in) investing activities,FY19,-9770.0,BMY_SEC-XBRL-financials_as-presented_10-K_2020-02-24_0000014272-20-000082.xlsx,Cash Flow,"Year Ended December 31, 2019",Net Cash Used in Investing Activities,us-gaap:NetCashProvidedByUsedInInvestingActivities,reported,
cash_flow,us-gaap:ProceedsFromRepaymentsOfShortTermDebt,"Short-term debt obligations, net",FY19,131.0,BMY_SEC-XBRL-financials_as-presented_10-K_2020-02-24_0000014272-20-000082.xlsx,Cash Flow,"Year Ended December 31, 2019","Short-term debt obligations, net",us-gaap:ProceedsFromRepaymentsOfShortTermDebt,reported,
cash_flow,us-gaap:ProceedsFromIssuanceOfLongTermDebt,Proceeds from issuance of long-term debt,FY19,26778.0,BMY_SEC-XBRL-financials_as-presented_10-K_2020-02-24_0000014272-20-000082.xlsx,Cash Flow,"Year Ended December 31, 2019",Issuance of long-term debt,us-gaap:ProceedsFromIssuanceOfLongTermDebt,reported,
cash_flow,us-gaap:RepaymentsOfLongTermDebt,Repayments of long-term debt,FY19,-9256.0,BMY_SEC-XBRL-financials_as-presented_10-K_2020-02-24_0000014272-20-000082.xlsx,Cash Flow,"Year Ended December 31, 2019",Repayment of long-term debt,us-gaap:RepaymentsOfLongTermDebt,reported,
cash_flow,us-gaap:PaymentsForRepurchaseOfCommonStock,Repurchase of common stock,FY19,-7300.0,BMY_SEC-XBRL-financials_as-presented_10-K_2020-02-24_0000014272-20-000082.xlsx,Cash Flow,"Year Ended December 31, 2019",Repurchase of common stock,us-gaap:PaymentsForRepurchaseOfCommonStock,reported,
cash_flow,us-gaap:PaymentsOfDividends,Dividends,FY19,-2679.0,BMY_SEC-XBRL-financials_as-presented_10-K_2020-02-24_0000014272-20-000082.xlsx,Cash Flow,"Year Ended December 31, 2019",Dividends,us-gaap:PaymentsOfDividends,reported,
cash_flow,us-gaap:NetCashProvidedByUsedInFinancingActivities,Net cash provided by/(used in) financing activities,FY19,7621.0,BMY_SEC-XBRL-financials_as-presented_10-K_2020-02-24_0000014272-20-000082.xlsx,Cash Flow,"Year Ended December 31, 2019",Net Cash Provided by/(Used in) Financing Activities,us-gaap:NetCashProvidedByUsedInFinancingActivities,reported,
cash_flow,us-gaap:EffectOfExchangeRateOnCashCashEquivalentsRestrictedCashAndRestrictedCashEquivalents,"Effect of exchange rates on cash, cash equivalents and restricted cash",FY19,-9.0,BMY_SEC-XBRL-financials_as-presented_10-K_2020-02-24_0000014272-20-000082.xlsx,Cash Flow,"Year Ended December 31, 2019","Effect of Exchange Rates on Cash, Cash Equivalents and Restricted Cash",us-gaap:EffectOfExchangeRateOnCashCashEquivalentsRestrictedCashAndRestrictedCashEquivalents,reported,
cash_flow,us-gaap:CashCashEquivalentsRestrictedCashAndRestrictedCashEquivalentsPeriodIncreaseDecreaseIncludingExchangeRateEffect,"Increase/(decrease) in cash, cash equivalents and restricted cash",FY19,5909.0,BMY_SEC-XBRL-financials_as-presented_10-K_2020-02-24_0000014272-20-000082.xlsx,Cash Flow,"Year Ended December 31, 2019","Increase in Cash, Cash Equivalents and Restricted Cash",us-gaap:CashCashEquivalentsRestrictedCashAndRestrictedCashEquivalentsPeriodIncreaseDecreaseIncludingExchangeRateEffect,reported,
cash_flow,us-gaap:CashCashEquivalentsRestrictedCashAndRestrictedCashEquivalents,"Cash, cash equivalents and restricted cash at beginning of period",FY19,6911.0,BMY_SEC-XBRL-financials_as-presented_10-K_2020-02-24_0000014272-20-000082.xlsx,Cash Flow,"Year Ended December 31, 2019","Cash, Cash Equivalents and Restricted Cash at Beginning of Year",us-gaap:CashCashEquivalentsRestrictedCashAndRestrictedCashEquivalents,reported,
income_statement,us-gaap:Revenues,Net product sales,FY20,41321.0,BMY_SEC-XBRL-financials_as-presented_10-K_2021-02-10_0000014272-21-000066.xlsx,Income Statement,"Year Ended December 31, 2020",Net product sales,us-gaap:Revenues,reported,
income_statement,us-gaap:CostOfGoodsAndServicesSold,Cost of products sold(a),FY20,11773.0,BMY_SEC-XBRL-financials_as-presented_10-K_2021-02-10_0000014272-21-000066.xlsx,Income Statement,"Year Ended December 31, 2020",Cost of products sold(a),us-gaap:CostOfGoodsAndServicesSold,reported,
income_statement,us-gaap:SellingGeneralAndAdministrativeExpense,"Selling, general and administrative",FY20,7661.0,BMY_SEC-XBRL-financials_as-presented_10-K_2021-02-10_0000014272-21-000066.xlsx,Income Statement,"Year Ended December 31, 2020","Marketing, selling and administrative",us-gaap:SellingGeneralAndAdministrativeExpense,reported,
income_statement,us-gaap:ResearchAndDevelopmentExpense,Research and development,FY20,11143.0,BMY_SEC-XBRL-financials_as-presented_10-K_2021-02-10_0000014272-21-000066.xlsx,Income Statement,"Year Ended December 31, 2020",Research and development,us-gaap:ResearchAndDevelopmentExpense,reported,
income_statement,bmy:MyoKardiaAssetAcquisitionIPRDCharge,IPRD charge - MyoKardia acquisition,FY20,11438.0,BMY_SEC-XBRL-financials_as-presented_10-K_2021-02-10_0000014272-21-000066.xlsx,Income Statement,"Year Ended December 31, 2020",IPRD charge - MyoKardia acquisition,bmy:MyoKardiaAssetAcquisitionIPRDCharge,reported,
income_statement,bmy:AmortizationofAcquiredIntangibleAssets,Amortization of acquired intangible assets,FY20,9688.0,BMY_SEC-XBRL-financials_as-presented_10-K_2021-02-10_0000014272-21-000066.xlsx,Income Statement,"Year Ended December 31, 2020",Amortization of acquired intangible assets,bmy:AmortizationofAcquiredIntangibleAssets,reported,
income_statement,us-gaap:OtherNonoperatingIncomeExpense,"Other (income)/expense, net",FY20,-2314.0,BMY_SEC-XBRL-financials_as-presented_10-K_2021-02-10_0000014272-21-000066.xlsx,Income Statement,"Year Ended December 31, 2020","Other (income)/expense, net",us-gaap:OtherNonoperatingIncomeExpense,reported,
income_statement,us-gaap:CostsAndExpenses,Total Expenses,FY20,49389.0,BMY_SEC-XBRL-financials_as-presented_10-K_2021-02-10_0000014272-21-000066.xlsx,Income Statement,"Year Ended December 31, 2020",Total Expenses,us-gaap:CostsAndExpenses,reported,
income_statement,us-gaap:IncomeLossFromContinuingOperationsBeforeIncomeTaxesExtraordinaryItemsNoncontrollingInterest,Earnings/(Loss) before income taxes,FY20,-6871.0,BMY_SEC-XBRL-financials_as-presented_10-K_2021-02-10_0000014272-21-000066.xlsx,Income Statement,"Year Ended December 31, 2020",(Loss)/Earnings Before Income Taxes,us-gaap:IncomeLossFromContinuingOperationsBeforeIncomeTaxesMinorityInterestAndIncomeLossFromEquityMethodInvestments,reported,
income_statement,us-gaap:IncomeTaxExpenseBenefit,Income tax provision,FY20,2124.0,BMY_SEC-XBRL-financials_as-presented_10-K_2021-02-10_0000014272-21-000066.xlsx,Income Statement,"Year Ended December 31, 2020",Provision for Income Taxes,us-gaap:IncomeTaxExpenseBenefit,reported,
income_statement,us-gaap:ProfitLoss,Net earnings/(loss),FY20,-8995.0,BMY_SEC-XBRL-financials_as-presented_10-K_2021-02-10_0000014272-21-000066.xlsx,Income Statement,"Year Ended December 31, 2020",Net (Loss)/Earnings,us-gaap:ProfitLoss,reported,
income_statement,us-gaap:ComprehensiveIncomeNetOfTaxAttributableToNoncontrollingInterest,Noncontrolling Interest,FY20,20.0,BMY_SEC-XBRL-financials_as-presented_10-K_2021-02-10_0000014272-21-000066.xlsx,Income Statement,"Year Ended December 31, 2020",Noncontrolling Interest,us-gaap:NetIncomeLossAttributableToNoncontrollingInterest,reported,
income_statement,us-gaap:NetIncomeLoss,Net earnings/(loss) attributable to BMS,FY20,-9015.0,BMY_SEC-XBRL-financials_as-presented_10-K_2021-02-10_0000014272-21-000066.xlsx,Income Statement,"Year Ended December 31, 2020",Net (Loss)/Earnings Attributable to BMS,us-gaap:NetIncomeLoss,reported,
income_statement,us-gaap:EarningsPerShareBasic,Basic,FY20,-3.99,BMY_SEC-XBRL-financials_as-presented_10-K_2021-02-10_0000014272-21-000066.xlsx,Income Statement,"Year Ended December 31, 2020",Basic,us-gaap:EarningsPerShareBasic,reported,
income_statement,us-gaap:EarningsPerShareDiluted,Diluted,FY20,-3.99,BMY_SEC-XBRL-financials_as-presented_10-K_2021-02-10_0000014272-21-000066.xlsx,Income Statement,"Year Ended December 31, 2020",Diluted,us-gaap:EarningsPerShareDiluted,reported,
balance_sheet,us-gaap:CashAndCashEquivalentsAtCarryingValue,Cash and cash equivalents,FY20,14546.0,BMY_SEC-XBRL-financials_as-presented_10-K_2021-02-10_0000014272-21-000066.xlsx,Balance Sheet,"December 31, 2020",Cash and cash equivalents,us-gaap:CashAndCashEquivalentsAtCarryingValue,reported,
balance_sheet,us-gaap:MarketableSecuritiesCurrent,Marketable debt securities,FY20,1285.0,BMY_SEC-XBRL-financials_as-presented_10-K_2021-02-10_0000014272-21-000066.xlsx,Balance Sheet,"December 31, 2020",Marketable debt securities,us-gaap:MarketableSecuritiesCurrent,reported,
balance_sheet,us-gaap:ReceivablesNetCurrent,Receivables,FY20,8501.0,BMY_SEC-XBRL-financials_as-presented_10-K_2021-02-10_0000014272-21-000066.xlsx,Balance Sheet,"December 31, 2020",Receivables,us-gaap:ReceivablesNetCurrent,reported,
balance_sheet,us-gaap:InventoryNet,Inventories,FY20,2074.0,BMY_SEC-XBRL-financials_as-presented_10-K_2021-02-10_0000014272-21-000066.xlsx,Balance Sheet,"December 31, 2020",Inventories,us-gaap:InventoryNet,reported,
balance_sheet,us-gaap:OtherAssetsCurrent,Other current assets,FY20,3786.0,BMY_SEC-XBRL-financials_as-presented_10-K_2021-02-10_0000014272-21-000066.xlsx,Balance Sheet,"December 31, 2020",Other current assets,us-gaap:OtherAssetsCurrent,reported,
balance_sheet,us-gaap:AssetsCurrent,Total Current assets,FY20,30192.0,BMY_SEC-XBRL-financials_as-presented_10-K_2021-02-10_0000014272-21-000066.xlsx,Balance Sheet,"December 31, 2020",Total Current Assets,us-gaap:AssetsCurrent,reported,
balance_sheet,us-gaap:PropertyPlantAndEquipmentNet,"Property, plant and equipment",FY20,5886.0,BMY_SEC-XBRL-financials_as-presented_10-K_2021-02-10_0000014272-21-000066.xlsx,Balance Sheet,"December 31, 2020","Property, plant and equipment",us-gaap:PropertyPlantAndEquipmentNet,reported,
balance_sheet,us-gaap:Goodwill,Goodwill,FY20,20547.0,BMY_SEC-XBRL-financials_as-presented_10-K_2021-02-10_0000014272-21-000066.xlsx,Balance Sheet,"December 31, 2020",Goodwill,us-gaap:Goodwill,reported,
balance_sheet,us-gaap:IntangibleAssetsNetExcludingGoodwill,Other intangible assets,FY20,53243.0,BMY_SEC-XBRL-financials_as-presented_10-K_2021-02-10_0000014272-21-000066.xlsx,Balance Sheet,"December 31, 2020",Other intangible assets,us-gaap:IntangibleAssetsNetExcludingGoodwill,reported,
balance_sheet,us-gaap:DeferredIncomeTaxAssetsNet,Deferred income taxes,FY20,1161.0,BMY_SEC-XBRL-financials_as-presented_10-K_2021-02-10_0000014272-21-000066.xlsx,Balance Sheet,"December 31, 2020",Deferred income taxes,us-gaap:DeferredIncomeTaxAssetsNet,reported,
balance_sheet,us-gaap:MarketableSecuritiesNoncurrent,Marketable debt securities,FY20,433.0,BMY_SEC-XBRL-financials_as-presented_10-K_2021-02-10_0000014272-21-000066.xlsx,Balance Sheet,"December 31, 2020",Marketable debt securities,us-gaap:MarketableSecuritiesNoncurrent,reported,
balance_sheet,us-gaap:OtherAssetsNoncurrent,Other non-current assets,FY20,7019.0,BMY_SEC-XBRL-financials_as-presented_10-K_2021-02-10_0000014272-21-000066.xlsx,Balance Sheet,"December 31, 2020",Other non-current assets,us-gaap:OtherAssetsNoncurrent,reported,
balance_sheet,us-gaap:Assets,Total Assets,FY20,118481.0,BMY_SEC-XBRL-financials_as-presented_10-K_2021-02-10_0000014272-21-000066.xlsx,Balance Sheet,"December 31, 2020",Total Assets,us-gaap:Assets,reported,
balance_sheet,us-gaap:DebtCurrent,Short-term debt obligations,FY20,2340.0,BMY_SEC-XBRL-financials_as-presented_10-K_2021-02-10_0000014272-21-000066.xlsx,Balance Sheet,"December 31, 2020",Short-term debt obligations,us-gaap:DebtCurrent,reported,
balance_sheet,us-gaap:AccountsPayableCurrent,Accounts payable,FY20,2713.0,BMY_SEC-XBRL-financials_as-presented_10-K_2021-02-10_0000014272-21-000066.xlsx,Balance Sheet,"December 31, 2020",Accounts payable,us-gaap:AccountsPayableCurrent,reported,
balance_sheet,us-gaap:OtherLiabilitiesCurrent,Other current liabilities,FY20,14027.0,BMY_SEC-XBRL-financials_as-presented_10-K_2021-02-10_0000014272-21-000066.xlsx,Balance Sheet,"December 31, 2020",Other current liabilities,us-gaap:OtherLiabilitiesCurrent,reported,
balance_sheet,us-gaap:LiabilitiesCurrent,Total Current liabilities,FY20,19080.0,BMY_SEC-XBRL-financials_as-presented_10-K_2021-02-10_0000014272-21-000066.xlsx,Balance Sheet,"December 31, 2020",Total Current Liabilities,us-gaap:LiabilitiesCurrent,reported,
balance_sheet,us-gaap:DeferredIncomeTaxLiabilitiesNet,Deferred income taxes,FY20,5407.0,BMY_SEC-XBRL-financials_as-presented_10-K_2021-02-10_0000014272-21-000066.xlsx,Balance Sheet,"December 31, 2020",Deferred income taxes,us-gaap:DeferredIncomeTaxLiabilitiesNet,reported,
balance_sheet,us-gaap:LongTermDebtNoncurrent,Long-term debt,FY20,48336.0,BMY_SEC-XBRL-financials_as-presented_10-K_2021-02-10_0000014272-21-000066.xlsx,Balance Sheet,"December 31, 2020",Long-term debt,us-gaap:LongTermDebtNoncurrent,reported,
balance_sheet,us-gaap:OtherLiabilitiesNoncurrent,Other non-current liabilities,FY20,7776.0,BMY_SEC-XBRL-financials_as-presented_10-K_2021-02-10_0000014272-21-000066.xlsx,Balance Sheet,"December 31, 2020",Other non-current liabilities,us-gaap:OtherLiabilitiesNoncurrent,reported,
balance_sheet,us-gaap:Liabilities,Total Liabilities,FY20,80599.0,BMY_SEC-XBRL-financials_as-presented_10-K_2021-02-10_0000014272-21-000066.xlsx,Balance Sheet,"December 31, 2020",Total Liabilities,us-gaap:Liabilities,reported,
balance_sheet,us-gaap:CommonStockParOrStatedValuePerShare,"Common stock, par value of $0.10 per share: Authorized 4.5 billion shares; 2.9 billion issued in 2025 and 2024",FY20,292.0,BMY_SEC-XBRL-financials_as-presented_10-K_2021-02-10_0000014272-21-000066.xlsx,Balance Sheet,"December 31, 2020","Common stock, par value of $0.10 per share: Authorized 4.5 billion shares; 2.9 billion issued in 2020 and 2019",us-gaap:CommonStockParOrStatedValuePerShare,reported,
balance_sheet,us-gaap:AdditionalPaidInCapital,Capital in excess of par value of stock,FY20,44325.0,BMY_SEC-XBRL-financials_as-presented_10-K_2021-02-10_0000014272-21-000066.xlsx,Balance Sheet,"December 31, 2020",Capital in excess of par value of stock,us-gaap:AdditionalPaidInCapital,reported,
balance_sheet,us-gaap:AccumulatedOtherComprehensiveIncomeLossNetOfTax,Accumulated other comprehensive loss,FY20,-1839.0,BMY_SEC-XBRL-financials_as-presented_10-K_2021-02-10_0000014272-21-000066.xlsx,Balance Sheet,"December 31, 2020",Accumulated other comprehensive loss,us-gaap:AccumulatedOtherComprehensiveIncomeLossNetOfTax,reported,
balance_sheet,us-gaap:RetainedEarningsAccumulatedDeficit,Retained earnings,FY20,21281.0,BMY_SEC-XBRL-financials_as-presented_10-K_2021-02-10_0000014272-21-000066.xlsx,Balance Sheet,"December 31, 2020",Retained earnings,us-gaap:RetainedEarningsAccumulatedDeficit,reported,
balance_sheet,us-gaap:TreasuryStockShares,Less cost of treasury stock — 679 million common shares in 2020 and 672 million common shares in 2019,FY20,-26237.0,BMY_SEC-XBRL-financials_as-presented_10-K_2021-02-10_0000014272-21-000066.xlsx,Balance Sheet,"December 31, 2020",Less cost of treasury stock — 679 million common shares in 2020 and 672 million common shares in 2019,us-gaap:TreasuryStockShares,reported,
balance_sheet,us-gaap:StockholdersEquity,Total BMS Shareholders’ Equity,FY20,37822.0,BMY_SEC-XBRL-financials_as-presented_10-K_2021-02-10_0000014272-21-000066.xlsx,Balance Sheet,"December 31, 2020",Total Bristol-Myers Squibb Company Shareholders’ Equity,us-gaap:StockholdersEquity,reported,
balance_sheet,us-gaap:MinorityInterest,Noncontrolling interest,FY20,60.0,BMY_SEC-XBRL-financials_as-presented_10-K_2021-02-10_0000014272-21-000066.xlsx,Balance Sheet,"December 31, 2020",Noncontrolling interest,us-gaap:MinorityInterest,reported,
balance_sheet,us-gaap:StockholdersEquityIncludingPortionAttributableToNoncontrollingInterest,Total Equity,FY20,37882.0,BMY_SEC-XBRL-financials_as-presented_10-K_2021-02-10_0000014272-21-000066.xlsx,Balance Sheet,"December 31, 2020",Total Equity,us-gaap:StockholdersEquityIncludingPortionAttributableToNoncontrollingInterest,reported,
balance_sheet,us-gaap:LiabilitiesAndStockholdersEquity,Total Liabilities and Equity,FY20,118481.0,BMY_SEC-XBRL-financials_as-presented_10-K_2021-02-10_0000014272-21-000066.xlsx,Balance Sheet,"December 31, 2020",Total Liabilities and Equity,us-gaap:LiabilitiesAndStockholdersEquity,reported,
cash_flow,us-gaap:ProfitLoss,Net earnings/(loss),FY20,-8995.0,BMY_SEC-XBRL-financials_as-presented_10-K_2021-02-10_0000014272-21-000066.xlsx,Cash Flow,"Year Ended December 31, 2020",Net (loss)/earnings,us-gaap:ProfitLoss,reported,
cash_flow,us-gaap:DepreciationDepletionAndAmortization,"Depreciation and amortization, net",FY20,10380.0,BMY_SEC-XBRL-financials_as-presented_10-K_2021-02-10_0000014272-21-000066.xlsx,Cash Flow,"Year Ended December 31, 2020","Depreciation and amortization, net",us-gaap:DepreciationDepletionAndAmortization,reported,
cash_flow,us-gaap:DeferredIncomeTaxExpenseBenefit,Deferred income taxes,FY20,983.0,BMY_SEC-XBRL-financials_as-presented_10-K_2021-02-10_0000014272-21-000066.xlsx,Cash Flow,"Year Ended December 31, 2020",Deferred income taxes,us-gaap:DeferredIncomeTaxExpenseBenefit,reported,
cash_flow,us-gaap:ShareBasedCompensation,Stock-based compensation,FY20,779.0,BMY_SEC-XBRL-financials_as-presented_10-K_2021-02-10_0000014272-21-000066.xlsx,Cash Flow,"Year Ended December 31, 2020",Stock-based compensation,us-gaap:ShareBasedCompensation,reported,
cash_flow,us-gaap:ImpairmentOfLongLivedAssetsToBeDisposedOf,Impairment charges,FY20,1203.0,BMY_SEC-XBRL-financials_as-presented_10-K_2021-02-10_0000014272-21-000066.xlsx,Cash Flow,"Year Ended December 31, 2020",Impairment charges,us-gaap:ImpairmentOfLongLivedAssetsToBeDisposedOf,reported,
cash_flow,bmy:Pensionsettlementsandamortization,Pension settlements and amortization,FY20,43.0,BMY_SEC-XBRL-financials_as-presented_10-K_2021-02-10_0000014272-21-000066.xlsx,Cash Flow,"Year Ended December 31, 2020",Pension settlements and amortization,bmy:Pensionsettlementsandamortization,reported,
cash_flow,bmy:DivestitureGainsAndRoyalties,Divestiture gains and royalties,FY20,-699.0,BMY_SEC-XBRL-financials_as-presented_10-K_2021-02-10_0000014272-21-000066.xlsx,Cash Flow,"Year Ended December 31, 2020",Divestiture gains and royalties,bmy:Divestituregainsandroyalties,reported,
cash_flow,bmy:MyoKardiaAssetAcquisitionIPRDCharge,IPRD charge - MyoKardia acquisition,FY20,11438.0,BMY_SEC-XBRL-financials_as-presented_10-K_2021-02-10_0000014272-21-000066.xlsx,Cash Flow,"Year Ended December 31, 2020",IPRD charge - MyoKardia acquisition,bmy:MyoKardiaAssetAcquisitionIPRDCharge,reported,
cash_flow,bmy:Assetacquisitioncharge,Asset acquisition charges,FY20,1099.0,BMY_SEC-XBRL-financials_as-presented_10-K_2021-02-10_0000014272-21-000066.xlsx,Cash Flow,"Year Ended December 31, 2020",Asset acquisition charges,bmy:Assetacquisitioncharge,reported,
cash_flow,us-gaap:EquityMethodInvestmentRealizedGainLossOnDisposal,"Equity investment (gains)/losses, net",FY20,-1228.0,BMY_SEC-XBRL-financials_as-presented_10-K_2021-02-10_0000014272-21-000066.xlsx,Cash Flow,"Year Ended December 31, 2020",Equity investment (gains)/losses,us-gaap:GainLossOnInvestmentsExcludingOtherThanTemporaryImpairments,reported,
cash_flow,us-gaap:BusinessCombinationContingentConsiderationArrangementsChangeInAmountOfContingentConsiderationLiability1,Contingent consideration fair value adjustments,FY20,-1757.0,BMY_SEC-XBRL-financials_as-presented_10-K_2021-02-10_0000014272-21-000066.xlsx,Cash Flow,"Year Ended December 31, 2020",Contingent consideration fair value adjustments,us-gaap:BusinessCombinationContingentConsiderationArrangementsChangeInAmountOfContingentConsiderationLiability1,reported,
cash_flow,us-gaap:OtherNoncashIncomeExpense,Other adjustments,FY20,-177.0,BMY_SEC-XBRL-financials_as-presented_10-K_2021-02-10_0000014272-21-000066.xlsx,Cash Flow,"Year Ended December 31, 2020",Other adjustments,us-gaap:OtherNoncashIncomeExpense,reported,
cash_flow,us-gaap:IncreaseDecreaseInReceivables,Receivables,FY20,-646.0,BMY_SEC-XBRL-financials_as-presented_10-K_2021-02-10_0000014272-21-000066.xlsx,Cash Flow,"Year Ended December 31, 2020",Receivables,us-gaap:IncreaseDecreaseInReceivables,reported,
cash_flow,us-gaap:IncreaseDecreaseInInventories,Inventories,FY20,2672.0,BMY_SEC-XBRL-financials_as-presented_10-K_2021-02-10_0000014272-21-000066.xlsx,Cash Flow,"Year Ended December 31, 2020",Inventories,us-gaap:IncreaseDecreaseInInventories,reported,
cash_flow,us-gaap:IncreaseDecreaseInAccountsPayable,Accounts payable,FY20,188.0,BMY_SEC-XBRL-financials_as-presented_10-K_2021-02-10_0000014272-21-000066.xlsx,Cash Flow,"Year Ended December 31, 2020",Accounts payable,us-gaap:IncreaseDecreaseInAccountsPayable,reported,
cash_flow,us-gaap:IncreaseDecreaseInAccruedIncomeTaxesPayable,Income taxes payable,FY20,-2305.0,BMY_SEC-XBRL-financials_as-presented_10-K_2021-02-10_0000014272-21-000066.xlsx,Cash Flow,"Year Ended December 31, 2020",Income taxes payable,us-gaap:IncreaseDecreaseInAccruedIncomeTaxesPayable,reported,
cash_flow,us-gaap:IncreaseDecreaseInOtherOperatingCapitalNet,Other,FY20,1074.0,BMY_SEC-XBRL-financials_as-presented_10-K_2021-02-10_0000014272-21-000066.xlsx,Cash Flow,"Year Ended December 31, 2020",Other,us-gaap:IncreaseDecreaseInOtherOperatingCapitalNet,reported,
cash_flow,us-gaap:NetCashProvidedByUsedInOperatingActivities,Net cash provided by operating activities,FY20,14052.0,BMY_SEC-XBRL-financials_as-presented_10-K_2021-02-10_0000014272-21-000066.xlsx,Cash Flow,"Year Ended December 31, 2020",Net Cash Provided by Operating Activities,us-gaap:NetCashProvidedByUsedInOperatingActivities,reported,
cash_flow,us-gaap:ProceedsFromSaleAndMaturityOfAvailableForSaleSecurities,Sale and maturities of marketable debt securities,FY20,6280.0,BMY_SEC-XBRL-financials_as-presented_10-K_2021-02-10_0000014272-21-000066.xlsx,Cash Flow,"Year Ended December 31, 2020",Sale and maturities of marketable debt securities,us-gaap:ProceedsFromSaleAndMaturityOfAvailableForSaleSecurities,reported,
cash_flow,us-gaap:PaymentsToAcquireMarketableSecurities,Purchase of marketable debt securities,FY20,-4172.0,BMY_SEC-XBRL-financials_as-presented_10-K_2021-02-10_0000014272-21-000066.xlsx,Cash Flow,"Year Ended December 31, 2020",Purchase of marketable debt securities,us-gaap:PaymentsToAcquireMarketableSecurities,reported,
cash_flow,us-gaap:PaymentsToAcquirePropertyPlantAndEquipment,Capital expenditures,FY20,-753.0,BMY_SEC-XBRL-financials_as-presented_10-K_2021-02-10_0000014272-21-000066.xlsx,Cash Flow,"Year Ended December 31, 2020",Capital expenditures,us-gaap:PaymentsToAcquirePropertyPlantAndEquipment,reported,
cash_flow,bmy:DivestitureAndOtherProceeds,Divestiture and other proceeds,FY20,870.0,BMY_SEC-XBRL-financials_as-presented_10-K_2021-02-10_0000014272-21-000066.xlsx,Cash Flow,"Year Ended December 31, 2020",Divestiture and other proceeds,bmy:Divestitureandotherproceeds,reported,
cash_flow,us-gaap:PaymentsToAcquireBusinessesNetOfCashAcquired,"Acquisition and other payments, net of cash acquired",FY20,-13084.0,BMY_SEC-XBRL-financials_as-presented_10-K_2021-02-10_0000014272-21-000066.xlsx,Cash Flow,"Year Ended December 31, 2020","Acquisition and other payments, net of cash acquired",us-gaap:PaymentsToAcquireBusinessesNetOfCashAcquired,reported,
cash_flow,us-gaap:NetCashProvidedByUsedInInvestingActivities,Net cash provided by/(used in) investing activities,FY20,-10859.0,BMY_SEC-XBRL-financials_as-presented_10-K_2021-02-10_0000014272-21-000066.xlsx,Cash Flow,"Year Ended December 31, 2020",Net Cash Used in Investing Activities,us-gaap:NetCashProvidedByUsedInInvestingActivities,reported,
cash_flow,us-gaap:ProceedsFromRepaymentsOfShortTermDebt,"Short-term debt obligations, net",FY20,-267.0,BMY_SEC-XBRL-financials_as-presented_10-K_2021-02-10_0000014272-21-000066.xlsx,Cash Flow,"Year Ended December 31, 2020","Short-term debt obligations, net",us-gaap:ProceedsFromRepaymentsOfShortTermDebt,reported,
cash_flow,us-gaap:ProceedsFromIssuanceOfLongTermDebt,Proceeds from issuance of long-term debt,FY20,6945.0,BMY_SEC-XBRL-financials_as-presented_10-K_2021-02-10_0000014272-21-000066.xlsx,Cash Flow,"Year Ended December 31, 2020",Issuance of long-term debt,us-gaap:ProceedsFromIssuanceOfLongTermDebt,reported,
cash_flow,us-gaap:RepaymentsOfLongTermDebt,Repayments of long-term debt,FY20,-2750.0,BMY_SEC-XBRL-financials_as-presented_10-K_2021-02-10_0000014272-21-000066.xlsx,Cash Flow,"Year Ended December 31, 2020",Repayment of long-term debt,us-gaap:RepaymentsOfLongTermDebt,reported,
cash_flow,us-gaap:PaymentsForRepurchaseOfCommonStock,Repurchase of common stock,FY20,-1546.0,BMY_SEC-XBRL-financials_as-presented_10-K_2021-02-10_0000014272-21-000066.xlsx,Cash Flow,"Year Ended December 31, 2020",Repurchase of common stock,us-gaap:PaymentsForRepurchaseOfCommonStock,reported,
cash_flow,us-gaap:PaymentsOfDividends,Dividends,FY20,-4075.0,BMY_SEC-XBRL-financials_as-presented_10-K_2021-02-10_0000014272-21-000066.xlsx,Cash Flow,"Year Ended December 31, 2020",Dividends,us-gaap:PaymentsOfDividends,reported,
cash_flow,us-gaap:NetCashProvidedByUsedInFinancingActivities,Net cash provided by/(used in) financing activities,FY20,-1151.0,BMY_SEC-XBRL-financials_as-presented_10-K_2021-02-10_0000014272-21-000066.xlsx,Cash Flow,"Year Ended December 31, 2020",Net Cash (Used in)/Provided by Financing Activities,us-gaap:NetCashProvidedByUsedInFinancingActivities,reported,
cash_flow,us-gaap:EffectOfExchangeRateOnCashCashEquivalentsRestrictedCashAndRestrictedCashEquivalents,"Effect of exchange rates on cash, cash equivalents and restricted cash",FY20,111.0,BMY_SEC-XBRL-financials_as-presented_10-K_2021-02-10_0000014272-21-000066.xlsx,Cash Flow,"Year Ended December 31, 2020","Effect of Exchange Rates on Cash, Cash Equivalents and Restricted Cash",us-gaap:EffectOfExchangeRateOnCashCashEquivalentsRestrictedCashAndRestrictedCashEquivalents,reported,
cash_flow,us-gaap:CashCashEquivalentsRestrictedCashAndRestrictedCashEquivalentsPeriodIncreaseDecreaseIncludingExchangeRateEffect,"Increase/(decrease) in cash, cash equivalents and restricted cash",FY20,2153.0,BMY_SEC-XBRL-financials_as-presented_10-K_2021-02-10_0000014272-21-000066.xlsx,Cash Flow,"Year Ended December 31, 2020","Increase in Cash, Cash Equivalents and Restricted Cash",us-gaap:CashCashEquivalentsRestrictedCashAndRestrictedCashEquivalentsPeriodIncreaseDecreaseIncludingExchangeRateEffect,reported,
cash_flow,us-gaap:CashCashEquivalentsRestrictedCashAndRestrictedCashEquivalents,"Cash, cash equivalents and restricted cash at beginning of period",FY20,12820.0,BMY_SEC-XBRL-financials_as-presented_10-K_2021-02-10_0000014272-21-000066.xlsx,Cash Flow,"Year Ended December 31, 2020","Cash, Cash Equivalents and Restricted Cash at Beginning of Year",us-gaap:CashCashEquivalentsRestrictedCashAndRestrictedCashEquivalents,reported,
income_statement,us-gaap:Revenues,Net product sales,FY21,45055.0,BMY_SEC-XBRL-financials_as-presented_10-K_2022-02-09_0000014272-22-000051.xlsx,Income Statement,"Year Ended December 31, 2021",Net product sales,us-gaap:Revenues,reported,
income_statement,us-gaap:CostOfGoodsAndServicesSold,Cost of products sold(a),FY21,9940.0,BMY_SEC-XBRL-financials_as-presented_10-K_2022-02-09_0000014272-22-000051.xlsx,Income Statement,"Year Ended December 31, 2021",Cost of products sold(a),us-gaap:CostOfGoodsAndServicesSold,reported,
income_statement,us-gaap:SellingGeneralAndAdministrativeExpense,"Selling, general and administrative",FY21,7690.0,BMY_SEC-XBRL-financials_as-presented_10-K_2022-02-09_0000014272-22-000051.xlsx,Income Statement,"Year Ended December 31, 2021","Marketing, selling and administrative",us-gaap:SellingGeneralAndAdministrativeExpense,reported,
income_statement,us-gaap:ResearchAndDevelopmentExpense,Research and development,FY21,11354.0,BMY_SEC-XBRL-financials_as-presented_10-K_2022-02-09_0000014272-22-000051.xlsx,Income Statement,"Year Ended December 31, 2021",Research and development,us-gaap:ResearchAndDevelopmentExpense,reported,
income_statement,bmy:AmortizationofAcquiredIntangibleAssets,Amortization of acquired intangible assets,FY21,10023.0,BMY_SEC-XBRL-financials_as-presented_10-K_2022-02-09_0000014272-22-000051.xlsx,Income Statement,"Year Ended December 31, 2021",Amortization of acquired intangible assets,bmy:AmortizationofAcquiredIntangibleAssets,reported,
income_statement,us-gaap:OtherNonoperatingIncomeExpense,"Other (income)/expense, net",FY21,-720.0,BMY_SEC-XBRL-financials_as-presented_10-K_2022-02-09_0000014272-22-000051.xlsx,Income Statement,"Year Ended December 31, 2021","Other (income)/expense, net",us-gaap:OtherNonoperatingIncomeExpense,reported,
income_statement,us-gaap:CostsAndExpenses,Total Expenses,FY21,38287.0,BMY_SEC-XBRL-financials_as-presented_10-K_2022-02-09_0000014272-22-000051.xlsx,Income Statement,"Year Ended December 31, 2021",Total Expenses,us-gaap:CostsAndExpenses,reported,
income_statement,us-gaap:IncomeLossFromContinuingOperationsBeforeIncomeTaxesExtraordinaryItemsNoncontrollingInterest,Earnings/(Loss) before income taxes,FY21,8098.0,BMY_SEC-XBRL-financials_as-presented_10-K_2022-02-09_0000014272-22-000051.xlsx,Income Statement,"Year Ended December 31, 2021",Earnings/(Loss) Before Income Taxes,us-gaap:IncomeLossFromContinuingOperationsBeforeIncomeTaxesExtraordinaryItemsNoncontrollingInterest,reported,
income_statement,us-gaap:IncomeTaxExpenseBenefit,Income tax provision,FY21,1084.0,BMY_SEC-XBRL-financials_as-presented_10-K_2022-02-09_0000014272-22-000051.xlsx,Income Statement,"Year Ended December 31, 2021",Provision for Income Taxes,us-gaap:IncomeTaxExpenseBenefit,reported,
income_statement,us-gaap:ProfitLoss,Net earnings/(loss),FY21,7014.0,BMY_SEC-XBRL-financials_as-presented_10-K_2022-02-09_0000014272-22-000051.xlsx,Income Statement,"Year Ended December 31, 2021",Net Earnings/(Loss),us-gaap:ProfitLoss,reported,
income_statement,us-gaap:ComprehensiveIncomeNetOfTaxAttributableToNoncontrollingInterest,Noncontrolling Interest,FY21,20.0,BMY_SEC-XBRL-financials_as-presented_10-K_2022-02-09_0000014272-22-000051.xlsx,Income Statement,"Year Ended December 31, 2021",Noncontrolling Interest,us-gaap:NetIncomeLossAttributableToNoncontrollingInterest,reported,
income_statement,us-gaap:NetIncomeLoss,Net earnings/(loss) attributable to BMS,FY21,6994.0,BMY_SEC-XBRL-financials_as-presented_10-K_2022-02-09_0000014272-22-000051.xlsx,Income Statement,"Year Ended December 31, 2021",Net Earnings(Loss) Attributable to BMS,us-gaap:NetIncomeLoss,reported,
income_statement,us-gaap:EarningsPerShareBasic,Basic,FY21,3.15,BMY_SEC-XBRL-financials_as-presented_10-K_2022-02-09_0000014272-22-000051.xlsx,Income Statement,"Year Ended December 31, 2021",Basic,us-gaap:EarningsPerShareBasic,reported,
income_statement,us-gaap:EarningsPerShareDiluted,Diluted,FY21,3.12,BMY_SEC-XBRL-financials_as-presented_10-K_2022-02-09_0000014272-22-000051.xlsx,Income Statement,"Year Ended December 31, 2021",Diluted,us-gaap:EarningsPerShareDiluted,reported,
balance_sheet,us-gaap:CashAndCashEquivalentsAtCarryingValue,Cash and cash equivalents,FY21,13979.0,BMY_SEC-XBRL-financials_as-presented_10-K_2022-02-09_0000014272-22-000051.xlsx,Balance Sheet,"December 31, 2021",Cash and cash equivalents,us-gaap:CashAndCashEquivalentsAtCarryingValue,reported,
balance_sheet,us-gaap:MarketableSecuritiesCurrent,Marketable debt securities,FY21,2987.0,BMY_SEC-XBRL-financials_as-presented_10-K_2022-02-09_0000014272-22-000051.xlsx,Balance Sheet,"December 31, 2021",Marketable debt securities,us-gaap:MarketableSecuritiesCurrent,reported,
balance_sheet,us-gaap:ReceivablesNetCurrent,Receivables,FY21,9369.0,BMY_SEC-XBRL-financials_as-presented_10-K_2022-02-09_0000014272-22-000051.xlsx,Balance Sheet,"December 31, 2021",Receivables,us-gaap:ReceivablesNetCurrent,reported,
balance_sheet,us-gaap:InventoryNet,Inventories,FY21,2095.0,BMY_SEC-XBRL-financials_as-presented_10-K_2022-02-09_0000014272-22-000051.xlsx,Balance Sheet,"December 31, 2021",Inventories,us-gaap:InventoryNet,reported,
balance_sheet,us-gaap:OtherAssetsCurrent,Other current assets,FY21,4832.0,BMY_SEC-XBRL-financials_as-presented_10-K_2022-02-09_0000014272-22-000051.xlsx,Balance Sheet,"December 31, 2021",Other current assets,us-gaap:OtherAssetsCurrent,reported,
balance_sheet,us-gaap:AssetsCurrent,Total Current assets,FY21,33262.0,BMY_SEC-XBRL-financials_as-presented_10-K_2022-02-09_0000014272-22-000051.xlsx,Balance Sheet,"December 31, 2021",Total Current Assets,us-gaap:AssetsCurrent,reported,
balance_sheet,us-gaap:PropertyPlantAndEquipmentNet,"Property, plant and equipment",FY21,6049.0,BMY_SEC-XBRL-financials_as-presented_10-K_2022-02-09_0000014272-22-000051.xlsx,Balance Sheet,"December 31, 2021","Property, plant and equipment",us-gaap:PropertyPlantAndEquipmentNet,reported,
balance_sheet,us-gaap:Goodwill,Goodwill,FY21,20502.0,BMY_SEC-XBRL-financials_as-presented_10-K_2022-02-09_0000014272-22-000051.xlsx,Balance Sheet,"December 31, 2021",Goodwill,us-gaap:Goodwill,reported,
balance_sheet,us-gaap:IntangibleAssetsNetExcludingGoodwill,Other intangible assets,FY21,42527.0,BMY_SEC-XBRL-financials_as-presented_10-K_2022-02-09_0000014272-22-000051.xlsx,Balance Sheet,"December 31, 2021",Other intangible assets,us-gaap:IntangibleAssetsNetExcludingGoodwill,reported,
balance_sheet,us-gaap:DeferredIncomeTaxAssetsNet,Deferred income taxes,FY21,1439.0,BMY_SEC-XBRL-financials_as-presented_10-K_2022-02-09_0000014272-22-000051.xlsx,Balance Sheet,"December 31, 2021",Deferred income taxes,us-gaap:DeferredIncomeTaxAssetsNet,reported,
balance_sheet,us-gaap:OtherAssetsNoncurrent,Other non-current assets,FY21,5535.0,BMY_SEC-XBRL-financials_as-presented_10-K_2022-02-09_0000014272-22-000051.xlsx,Balance Sheet,"December 31, 2021",Other non-current assets,us-gaap:OtherAssetsNoncurrent,reported,
balance_sheet,us-gaap:Assets,Total Assets,FY21,109314.0,BMY_SEC-XBRL-financials_as-presented_10-K_2022-02-09_0000014272-22-000051.xlsx,Balance Sheet,"December 31, 2021",Total Assets,us-gaap:Assets,reported,
balance_sheet,us-gaap:DebtCurrent,Short-term debt obligations,FY21,4948.0,BMY_SEC-XBRL-financials_as-presented_10-K_2022-02-09_0000014272-22-000051.xlsx,Balance Sheet,"December 31, 2021",Short-term debt obligations,us-gaap:DebtCurrent,reported,
balance_sheet,us-gaap:AccountsPayableCurrent,Accounts payable,FY21,2949.0,BMY_SEC-XBRL-financials_as-presented_10-K_2022-02-09_0000014272-22-000051.xlsx,Balance Sheet,"December 31, 2021",Accounts payable,us-gaap:AccountsPayableCurrent,reported,
balance_sheet,us-gaap:OtherLiabilitiesCurrent,Other current liabilities,FY21,13971.0,BMY_SEC-XBRL-financials_as-presented_10-K_2022-02-09_0000014272-22-000051.xlsx,Balance Sheet,"December 31, 2021",Other current liabilities,us-gaap:OtherLiabilitiesCurrent,reported,
balance_sheet,us-gaap:LiabilitiesCurrent,Total Current liabilities,FY21,21868.0,BMY_SEC-XBRL-financials_as-presented_10-K_2022-02-09_0000014272-22-000051.xlsx,Balance Sheet,"December 31, 2021",Total Current Liabilities,us-gaap:LiabilitiesCurrent,reported,
balance_sheet,us-gaap:DeferredIncomeTaxLiabilitiesNet,Deferred income taxes,FY21,4501.0,BMY_SEC-XBRL-financials_as-presented_10-K_2022-02-09_0000014272-22-000051.xlsx,Balance Sheet,"December 31, 2021",Deferred income taxes,us-gaap:DeferredIncomeTaxLiabilitiesNet,reported,
balance_sheet,us-gaap:LongTermDebtNoncurrent,Long-term debt,FY21,39605.0,BMY_SEC-XBRL-financials_as-presented_10-K_2022-02-09_0000014272-22-000051.xlsx,Balance Sheet,"December 31, 2021",Long-term debt,us-gaap:LongTermDebtNoncurrent,reported,
balance_sheet,us-gaap:OtherLiabilitiesNoncurrent,Other non-current liabilities,FY21,7334.0,BMY_SEC-XBRL-financials_as-presented_10-K_2022-02-09_0000014272-22-000051.xlsx,Balance Sheet,"December 31, 2021",Other non-current liabilities,us-gaap:OtherLiabilitiesNoncurrent,reported,
balance_sheet,us-gaap:Liabilities,Total Liabilities,FY21,73308.0,BMY_SEC-XBRL-financials_as-presented_10-K_2022-02-09_0000014272-22-000051.xlsx,Balance Sheet,"December 31, 2021",Total Liabilities,us-gaap:Liabilities,reported,
balance_sheet,us-gaap:CommonStockParOrStatedValuePerShare,"Common stock, par value of $0.10 per share: Authorized 4.5 billion shares; 2.9 billion issued in 2025 and 2024",FY21,292.0,BMY_SEC-XBRL-financials_as-presented_10-K_2022-02-09_0000014272-22-000051.xlsx,Balance Sheet,"December 31, 2021","Common stock, par value of $0.10 per share: Authorized 4.5 billion shares; 2.9 billion issued in 2021 and 2020",us-gaap:CommonStockParOrStatedValuePerShare,reported,
balance_sheet,us-gaap:AdditionalPaidInCapital,Capital in excess of par value of stock,FY21,44361.0,BMY_SEC-XBRL-financials_as-presented_10-K_2022-02-09_0000014272-22-000051.xlsx,Balance Sheet,"December 31, 2021",Capital in excess of par value of stock,us-gaap:AdditionalPaidInCapital,reported,
balance_sheet,us-gaap:AccumulatedOtherComprehensiveIncomeLossNetOfTax,Accumulated other comprehensive loss,FY21,-1268.0,BMY_SEC-XBRL-financials_as-presented_10-K_2022-02-09_0000014272-22-000051.xlsx,Balance Sheet,"December 31, 2021",Accumulated other comprehensive loss,us-gaap:AccumulatedOtherComprehensiveIncomeLossNetOfTax,reported,
balance_sheet,us-gaap:RetainedEarningsAccumulatedDeficit,Retained earnings,FY21,23820.0,BMY_SEC-XBRL-financials_as-presented_10-K_2022-02-09_0000014272-22-000051.xlsx,Balance Sheet,"December 31, 2021",Retained earnings,us-gaap:RetainedEarningsAccumulatedDeficit,reported,
balance_sheet,us-gaap:TreasuryStockShares,Less cost of treasury stock — 679 million common shares in 2020 and 672 million common shares in 2019,FY21,-31259.0,BMY_SEC-XBRL-financials_as-presented_10-K_2022-02-09_0000014272-22-000051.xlsx,Balance Sheet,"December 31, 2021",Less cost of treasury stock — 747 million common shares in 2021 and 679 million common shares in 2020,us-gaap:TreasuryStockShares,reported,
balance_sheet,us-gaap:StockholdersEquity,Total BMS Shareholders’ Equity,FY21,35946.0,BMY_SEC-XBRL-financials_as-presented_10-K_2022-02-09_0000014272-22-000051.xlsx,Balance Sheet,"December 31, 2021",Total Bristol-Myers Squibb Company Shareholders’ Equity,us-gaap:StockholdersEquity,reported,
balance_sheet,us-gaap:MinorityInterest,Noncontrolling interest,FY21,60.0,BMY_SEC-XBRL-financials_as-presented_10-K_2022-02-09_0000014272-22-000051.xlsx,Balance Sheet,"December 31, 2021",Noncontrolling interest,us-gaap:MinorityInterest,reported,
balance_sheet,us-gaap:StockholdersEquityIncludingPortionAttributableToNoncontrollingInterest,Total Equity,FY21,36006.0,BMY_SEC-XBRL-financials_as-presented_10-K_2022-02-09_0000014272-22-000051.xlsx,Balance Sheet,"December 31, 2021",Total Equity,us-gaap:StockholdersEquityIncludingPortionAttributableToNoncontrollingInterest,reported,
balance_sheet,us-gaap:LiabilitiesAndStockholdersEquity,Total Liabilities and Equity,FY21,109314.0,BMY_SEC-XBRL-financials_as-presented_10-K_2022-02-09_0000014272-22-000051.xlsx,Balance Sheet,"December 31, 2021",Total Liabilities and Equity,us-gaap:LiabilitiesAndStockholdersEquity,reported,
cash_flow,us-gaap:ProfitLoss,Net earnings/(loss),FY21,7014.0,BMY_SEC-XBRL-financials_as-presented_10-K_2022-02-09_0000014272-22-000051.xlsx,Cash Flow,"Year Ended December 31, 2021",Net earnings/(loss),us-gaap:ProfitLoss,reported,
cash_flow,us-gaap:DepreciationDepletionAndAmortization,"Depreciation and amortization, net",FY21,10686.0,BMY_SEC-XBRL-financials_as-presented_10-K_2022-02-09_0000014272-22-000051.xlsx,Cash Flow,"Year Ended December 31, 2021","Depreciation and amortization, net",us-gaap:DepreciationDepletionAndAmortization,reported,
cash_flow,us-gaap:DeferredIncomeTaxExpenseBenefit,Deferred income taxes,FY21,-1393.0,BMY_SEC-XBRL-financials_as-presented_10-K_2022-02-09_0000014272-22-000051.xlsx,Cash Flow,"Year Ended December 31, 2021",Deferred income taxes,us-gaap:DeferredIncomeTaxExpenseBenefit,reported,
cash_flow,us-gaap:ShareBasedCompensation,Stock-based compensation,FY21,583.0,BMY_SEC-XBRL-financials_as-presented_10-K_2022-02-09_0000014272-22-000051.xlsx,Cash Flow,"Year Ended December 31, 2021",Stock-based compensation,us-gaap:ShareBasedCompensation,reported,
cash_flow,us-gaap:ImpairmentOfLongLivedAssetsToBeDisposedOf,Impairment charges,FY21,1207.0,BMY_SEC-XBRL-financials_as-presented_10-K_2022-02-09_0000014272-22-000051.xlsx,Cash Flow,"Year Ended December 31, 2021",Impairment charges,us-gaap:ImpairmentOfLongLivedAssetsToBeDisposedOf,reported,
cash_flow,bmy:Pensionsettlementsandamortization,Pension settlements and amortization,FY21,35.0,BMY_SEC-XBRL-financials_as-presented_10-K_2022-02-09_0000014272-22-000051.xlsx,Cash Flow,"Year Ended December 31, 2021",Pension settlements and amortization,bmy:Pensionsettlementsandamortization,reported,
cash_flow,bmy:DivestitureGainsAndRoyalties,Divestiture gains and royalties,FY21,-684.0,BMY_SEC-XBRL-financials_as-presented_10-K_2022-02-09_0000014272-22-000051.xlsx,Cash Flow,"Year Ended December 31, 2021",Divestiture gains and royalties,bmy:Divestituregainsandroyalties,reported,
cash_flow,bmy:Assetacquisitioncharge,Asset acquisition charges,FY21,1157.0,BMY_SEC-XBRL-financials_as-presented_10-K_2022-02-09_0000014272-22-000051.xlsx,Cash Flow,"Year Ended December 31, 2021",Asset acquisition charges,bmy:Assetacquisitioncharge,reported,
cash_flow,us-gaap:EquityMethodInvestmentRealizedGainLossOnDisposal,"Equity investment (gains)/losses, net",FY21,-745.0,BMY_SEC-XBRL-financials_as-presented_10-K_2022-02-09_0000014272-22-000051.xlsx,Cash Flow,"Year Ended December 31, 2021","Equity investment gains, net",us-gaap:EquityMethodInvestmentRealizedGainLossOnDisposal,reported,
cash_flow,us-gaap:BusinessCombinationContingentConsiderationArrangementsChangeInAmountOfContingentConsiderationLiability1,Contingent consideration fair value adjustments,FY21,-542.0,BMY_SEC-XBRL-financials_as-presented_10-K_2022-02-09_0000014272-22-000051.xlsx,Cash Flow,"Year Ended December 31, 2021",Contingent consideration fair value adjustments,us-gaap:BusinessCombinationContingentConsiderationArrangementsChangeInAmountOfContingentConsiderationLiability1,reported,
cash_flow,us-gaap:OtherNoncashIncomeExpense,Other adjustments,FY21,142.0,BMY_SEC-XBRL-financials_as-presented_10-K_2022-02-09_0000014272-22-000051.xlsx,Cash Flow,"Year Ended December 31, 2021",Other adjustments,us-gaap:OtherNoncashIncomeExpense,reported,
cash_flow,us-gaap:IncreaseDecreaseInReceivables,Receivables,FY21,-1054.0,BMY_SEC-XBRL-financials_as-presented_10-K_2022-02-09_0000014272-22-000051.xlsx,Cash Flow,"Year Ended December 31, 2021",Receivables,us-gaap:IncreaseDecreaseInReceivables,reported,
cash_flow,us-gaap:IncreaseDecreaseInInventories,Inventories,FY21,13.0,BMY_SEC-XBRL-financials_as-presented_10-K_2022-02-09_0000014272-22-000051.xlsx,Cash Flow,"Year Ended December 31, 2021",Inventories,us-gaap:IncreaseDecreaseInInventories,reported,
cash_flow,us-gaap:IncreaseDecreaseInAccountsPayable,Accounts payable,FY21,245.0,BMY_SEC-XBRL-financials_as-presented_10-K_2022-02-09_0000014272-22-000051.xlsx,Cash Flow,"Year Ended December 31, 2021",Accounts payable,us-gaap:IncreaseDecreaseInAccountsPayable,reported,
cash_flow,us-gaap:IncreaseDecreaseInOtherAccruedLiabilities,Rebates and discounts,FY21,863.0,BMY_SEC-XBRL-financials_as-presented_10-K_2022-02-09_0000014272-22-000051.xlsx,Cash Flow,"Year Ended December 31, 2021",Rebates and discounts,us-gaap:IncreaseDecreaseInOtherAccruedLiabilities,reported,
cash_flow,us-gaap:IncreaseDecreaseInAccruedIncomeTaxesPayable,Income taxes payable,FY21,-1063.0,BMY_SEC-XBRL-financials_as-presented_10-K_2022-02-09_0000014272-22-000051.xlsx,Cash Flow,"Year Ended December 31, 2021",Income taxes payable,us-gaap:IncreaseDecreaseInAccruedIncomeTaxesPayable,reported,
cash_flow,us-gaap:IncreaseDecreaseInOtherOperatingCapitalNet,Other,FY21,-257.0,BMY_SEC-XBRL-financials_as-presented_10-K_2022-02-09_0000014272-22-000051.xlsx,Cash Flow,"Year Ended December 31, 2021",Other,us-gaap:IncreaseDecreaseInOtherOperatingCapitalNet,reported,
cash_flow,us-gaap:NetCashProvidedByUsedInOperatingActivities,Net cash provided by operating activities,FY21,16207.0,BMY_SEC-XBRL-financials_as-presented_10-K_2022-02-09_0000014272-22-000051.xlsx,Cash Flow,"Year Ended December 31, 2021",Net Cash Provided by Operating Activities,us-gaap:NetCashProvidedByUsedInOperatingActivities,reported,
cash_flow,us-gaap:ProceedsFromSaleAndMaturityOfAvailableForSaleSecurities,Sale and maturities of marketable debt securities,FY21,4196.0,BMY_SEC-XBRL-financials_as-presented_10-K_2022-02-09_0000014272-22-000051.xlsx,Cash Flow,"Year Ended December 31, 2021",Sale and maturities of marketable debt securities,us-gaap:ProceedsFromSaleAndMaturityOfAvailableForSaleSecurities,reported,
cash_flow,us-gaap:PaymentsToAcquireMarketableSecurities,Purchase of marketable debt securities,FY21,-5478.0,BMY_SEC-XBRL-financials_as-presented_10-K_2022-02-09_0000014272-22-000051.xlsx,Cash Flow,"Year Ended December 31, 2021",Purchase of marketable debt securities,us-gaap:PaymentsToAcquireMarketableSecurities,reported,
cash_flow,us-gaap:ProceedsFromSaleOfEquitySecuritiesFvNi,Proceeds from sales of equity investments,FY21,2579.0,BMY_SEC-XBRL-financials_as-presented_10-K_2022-02-09_0000014272-22-000051.xlsx,Cash Flow,"Year Ended December 31, 2021",Proceeds from sales of equity investment securities,us-gaap:ProceedsFromSaleOfEquityMethodInvestments,reported,
cash_flow,us-gaap:PaymentsToAcquirePropertyPlantAndEquipment,Capital expenditures,FY21,-973.0,BMY_SEC-XBRL-financials_as-presented_10-K_2022-02-09_0000014272-22-000051.xlsx,Cash Flow,"Year Ended December 31, 2021",Capital expenditures,us-gaap:PaymentsToAcquirePropertyPlantAndEquipment,reported,
cash_flow,bmy:DivestitureAndOtherProceeds,Divestiture and other proceeds,FY21,748.0,BMY_SEC-XBRL-financials_as-presented_10-K_2022-02-09_0000014272-22-000051.xlsx,Cash Flow,"Year Ended December 31, 2021",Divestiture and other proceeds,bmy:Divestitureandotherproceeds,reported,
cash_flow,us-gaap:PaymentsToAcquireBusinessesNetOfCashAcquired,"Acquisition and other payments, net of cash acquired",FY21,-1610.0,BMY_SEC-XBRL-financials_as-presented_10-K_2022-02-09_0000014272-22-000051.xlsx,Cash Flow,"Year Ended December 31, 2021","Acquisition and other payments, net of cash acquired",us-gaap:PaymentsToAcquireBusinessesNetOfCashAcquired,reported,
cash_flow,us-gaap:NetCashProvidedByUsedInInvestingActivities,Net cash provided by/(used in) investing activities,FY21,-538.0,BMY_SEC-XBRL-financials_as-presented_10-K_2022-02-09_0000014272-22-000051.xlsx,Cash Flow,"Year Ended December 31, 2021",Net Cash Used in Investing Activities,us-gaap:NetCashProvidedByUsedInInvestingActivities,reported,
cash_flow,us-gaap:ProceedsFromRepaymentsOfShortTermDebt,"Short-term debt obligations, net",FY21,-160.0,BMY_SEC-XBRL-financials_as-presented_10-K_2022-02-09_0000014272-22-000051.xlsx,Cash Flow,"Year Ended December 31, 2021","Short-term debt obligations, net",us-gaap:ProceedsFromRepaymentsOfShortTermDebt,reported,
cash_flow,us-gaap:RepaymentsOfLongTermDebt,Repayments of long-term debt,FY21,-6022.0,BMY_SEC-XBRL-financials_as-presented_10-K_2022-02-09_0000014272-22-000051.xlsx,Cash Flow,"Year Ended December 31, 2021",Repayment of long-term debt,us-gaap:RepaymentsOfLongTermDebt,reported,
cash_flow,us-gaap:PaymentsForRepurchaseOfCommonStock,Repurchase of common stock,FY21,-6287.0,BMY_SEC-XBRL-financials_as-presented_10-K_2022-02-09_0000014272-22-000051.xlsx,Cash Flow,"Year Ended December 31, 2021",Repurchase of common stock,us-gaap:PaymentsForRepurchaseOfCommonStock,reported,
cash_flow,us-gaap:PaymentsOfDividends,Dividends,FY21,-4396.0,BMY_SEC-XBRL-financials_as-presented_10-K_2022-02-09_0000014272-22-000051.xlsx,Cash Flow,"Year Ended December 31, 2021",Dividends,us-gaap:PaymentsOfDividends,reported,
cash_flow,us-gaap:NetCashProvidedByUsedInFinancingActivities,Net cash provided by/(used in) financing activities,FY21,-16224.0,BMY_SEC-XBRL-financials_as-presented_10-K_2022-02-09_0000014272-22-000051.xlsx,Cash Flow,"Year Ended December 31, 2021",Net Cash (Used in)/Provided by Financing Activities,us-gaap:NetCashProvidedByUsedInFinancingActivities,reported,
cash_flow,us-gaap:EffectOfExchangeRateOnCashCashEquivalentsRestrictedCashAndRestrictedCashEquivalents,"Effect of exchange rates on cash, cash equivalents and restricted cash",FY21,-102.0,BMY_SEC-XBRL-financials_as-presented_10-K_2022-02-09_0000014272-22-000051.xlsx,Cash Flow,"Year Ended December 31, 2021","Effect of Exchange Rates on Cash, Cash Equivalents and Restricted Cash",us-gaap:EffectOfExchangeRateOnCashCashEquivalentsRestrictedCashAndRestrictedCashEquivalents,reported,
cash_flow,us-gaap:CashCashEquivalentsRestrictedCashAndRestrictedCashEquivalentsPeriodIncreaseDecreaseIncludingExchangeRateEffect,"Increase/(decrease) in cash, cash equivalents and restricted cash",FY21,-657.0,BMY_SEC-XBRL-financials_as-presented_10-K_2022-02-09_0000014272-22-000051.xlsx,Cash Flow,"Year Ended December 31, 2021","Increase in Cash, Cash Equivalents and Restricted Cash",us-gaap:CashCashEquivalentsRestrictedCashAndRestrictedCashEquivalentsPeriodIncreaseDecreaseIncludingExchangeRateEffect,reported,
cash_flow,us-gaap:CashCashEquivalentsRestrictedCashAndRestrictedCashEquivalents,"Cash, cash equivalents and restricted cash at beginning of period",FY21,14973.0,BMY_SEC-XBRL-financials_as-presented_10-K_2022-02-09_0000014272-22-000051.xlsx,Cash Flow,"Year Ended December 31, 2021","Cash, Cash Equivalents and Restricted Cash at Beginning of Year",us-gaap:CashCashEquivalentsRestrictedCashAndRestrictedCashEquivalents,reported,
income_statement,us-gaap:Revenues,Net product sales,FY22,44671.0,BMY_SEC-XBRL-financials_as-presented_10-K_2023-02-14_0000014272-23-000046.xlsx,Income Statement,"Year Ended December 31, 2022",Net product sales,us-gaap:Revenues,reported,
income_statement,us-gaap:CostOfGoodsAndServicesSold,Cost of products sold(a),FY22,10137.0,BMY_SEC-XBRL-financials_as-presented_10-K_2023-02-14_0000014272-23-000046.xlsx,Income Statement,"Year Ended December 31, 2022",Cost of products sold(a),us-gaap:CostOfGoodsAndServicesSold,reported,
income_statement,us-gaap:SellingGeneralAndAdministrativeExpense,"Selling, general and administrative",FY22,7814.0,BMY_SEC-XBRL-financials_as-presented_10-K_2023-02-14_0000014272-23-000046.xlsx,Income Statement,"Year Ended December 31, 2022","Marketing, selling and administrative",us-gaap:SellingGeneralAndAdministrativeExpense,reported,
income_statement,us-gaap:ResearchAndDevelopmentExpense,Research and development,FY22,9509.0,BMY_SEC-XBRL-financials_as-presented_10-K_2023-02-14_0000014272-23-000046.xlsx,Income Statement,"Year Ended December 31, 2022",Research and development,us-gaap:ResearchAndDevelopmentExpense,reported,
income_statement,bmy:MyoKardiaAssetAcquisitionIPRDCharge,IPRD charge - MyoKardia acquisition,FY22,815.0,BMY_SEC-XBRL-financials_as-presented_10-K_2023-02-14_0000014272-23-000046.xlsx,Income Statement,"Year Ended December 31, 2022",Acquired IPRD,bmy:MyoKardiaAssetAcquisitionIPRDCharge,reported,
income_statement,bmy:AmortizationofAcquiredIntangibleAssets,Amortization of acquired intangible assets,FY22,9595.0,BMY_SEC-XBRL-financials_as-presented_10-K_2023-02-14_0000014272-23-000046.xlsx,Income Statement,"Year Ended December 31, 2022",Amortization of acquired intangible assets,bmy:AmortizationofAcquiredIntangibleAssets,reported,
income_statement,us-gaap:OtherNonoperatingIncomeExpense,"Other (income)/expense, net",FY22,576.0,BMY_SEC-XBRL-financials_as-presented_10-K_2023-02-14_0000014272-23-000046.xlsx,Income Statement,"Year Ended December 31, 2022","Other (income)/expense, net",us-gaap:OtherNonoperatingIncomeExpense,reported,
income_statement,us-gaap:CostsAndExpenses,Total Expenses,FY22,38446.0,BMY_SEC-XBRL-financials_as-presented_10-K_2023-02-14_0000014272-23-000046.xlsx,Income Statement,"Year Ended December 31, 2022",Total Expenses,us-gaap:CostsAndExpenses,reported,
income_statement,us-gaap:IncomeLossFromContinuingOperationsBeforeIncomeTaxesExtraordinaryItemsNoncontrollingInterest,Earnings/(Loss) before income taxes,FY22,7713.0,BMY_SEC-XBRL-financials_as-presented_10-K_2023-02-14_0000014272-23-000046.xlsx,Income Statement,"Year Ended December 31, 2022",Earnings/(Loss) Before Income Taxes,us-gaap:IncomeLossFromContinuingOperationsBeforeIncomeTaxesExtraordinaryItemsNoncontrollingInterest,reported,
income_statement,us-gaap:IncomeTaxExpenseBenefit,Income tax provision,FY22,1368.0,BMY_SEC-XBRL-financials_as-presented_10-K_2023-02-14_0000014272-23-000046.xlsx,Income Statement,"Year Ended December 31, 2022",Provision for Income Taxes,us-gaap:IncomeTaxExpenseBenefit,reported,
income_statement,us-gaap:ProfitLoss,Net earnings/(loss),FY22,6345.0,BMY_SEC-XBRL-financials_as-presented_10-K_2023-02-14_0000014272-23-000046.xlsx,Income Statement,"Year Ended December 31, 2022",Net Earnings/(Loss),us-gaap:ProfitLoss,reported,
income_statement,us-gaap:ComprehensiveIncomeNetOfTaxAttributableToNoncontrollingInterest,Noncontrolling Interest,FY22,18.0,BMY_SEC-XBRL-financials_as-presented_10-K_2023-02-14_0000014272-23-000046.xlsx,Income Statement,"Year Ended December 31, 2022",Noncontrolling Interest,us-gaap:NetIncomeLossAttributableToNoncontrollingInterest,reported,
income_statement,us-gaap:NetIncomeLoss,Net earnings/(loss) attributable to BMS,FY22,6327.0,BMY_SEC-XBRL-financials_as-presented_10-K_2023-02-14_0000014272-23-000046.xlsx,Income Statement,"Year Ended December 31, 2022",Net Earnings(Loss) Attributable to BMS,us-gaap:NetIncomeLoss,reported,
income_statement,us-gaap:EarningsPerShareBasic,Basic,FY22,2.97,BMY_SEC-XBRL-financials_as-presented_10-K_2023-02-14_0000014272-23-000046.xlsx,Income Statement,"Year Ended December 31, 2022",Basic,us-gaap:EarningsPerShareBasic,reported,
income_statement,us-gaap:EarningsPerShareDiluted,Diluted,FY22,2.95,BMY_SEC-XBRL-financials_as-presented_10-K_2023-02-14_0000014272-23-000046.xlsx,Income Statement,"Year Ended December 31, 2022",Diluted,us-gaap:EarningsPerShareDiluted,reported,
balance_sheet,us-gaap:CashAndCashEquivalentsAtCarryingValue,Cash and cash equivalents,FY22,9123.0,BMY_SEC-XBRL-financials_as-presented_10-K_2023-02-14_0000014272-23-000046.xlsx,Balance Sheet,"December 31, 2022",Cash and cash equivalents,us-gaap:CashAndCashEquivalentsAtCarryingValue,reported,
balance_sheet,us-gaap:MarketableSecuritiesCurrent,Marketable debt securities,FY22,130.0,BMY_SEC-XBRL-financials_as-presented_10-K_2023-02-14_0000014272-23-000046.xlsx,Balance Sheet,"December 31, 2022",Marketable debt securities,us-gaap:MarketableSecuritiesCurrent,reported,
balance_sheet,us-gaap:ReceivablesNetCurrent,Receivables,FY22,9886.0,BMY_SEC-XBRL-financials_as-presented_10-K_2023-02-14_0000014272-23-000046.xlsx,Balance Sheet,"December 31, 2022",Receivables,us-gaap:ReceivablesNetCurrent,reported,
balance_sheet,us-gaap:InventoryNet,Inventories,FY22,2339.0,BMY_SEC-XBRL-financials_as-presented_10-K_2023-02-14_0000014272-23-000046.xlsx,Balance Sheet,"December 31, 2022",Inventories,us-gaap:InventoryNet,reported,
balance_sheet,us-gaap:OtherAssetsCurrent,Other current assets,FY22,5795.0,BMY_SEC-XBRL-financials_as-presented_10-K_2023-02-14_0000014272-23-000046.xlsx,Balance Sheet,"December 31, 2022",Other current assets,us-gaap:OtherAssetsCurrent,reported,
balance_sheet,us-gaap:AssetsCurrent,Total Current assets,FY22,27273.0,BMY_SEC-XBRL-financials_as-presented_10-K_2023-02-14_0000014272-23-000046.xlsx,Balance Sheet,"December 31, 2022",Total Current Assets,us-gaap:AssetsCurrent,reported,
balance_sheet,us-gaap:PropertyPlantAndEquipmentNet,"Property, plant and equipment",FY22,6255.0,BMY_SEC-XBRL-financials_as-presented_10-K_2023-02-14_0000014272-23-000046.xlsx,Balance Sheet,"December 31, 2022","Property, plant and equipment",us-gaap:PropertyPlantAndEquipmentNet,reported,
balance_sheet,us-gaap:Goodwill,Goodwill,FY22,21149.0,BMY_SEC-XBRL-financials_as-presented_10-K_2023-02-14_0000014272-23-000046.xlsx,Balance Sheet,"December 31, 2022",Goodwill,us-gaap:Goodwill,reported,
balance_sheet,us-gaap:IntangibleAssetsNetExcludingGoodwill,Other intangible assets,FY22,35859.0,BMY_SEC-XBRL-financials_as-presented_10-K_2023-02-14_0000014272-23-000046.xlsx,Balance Sheet,"December 31, 2022",Other intangible assets,us-gaap:IntangibleAssetsNetExcludingGoodwill,reported,
balance_sheet,us-gaap:DeferredIncomeTaxAssetsNet,Deferred income taxes,FY22,1344.0,BMY_SEC-XBRL-financials_as-presented_10-K_2023-02-14_0000014272-23-000046.xlsx,Balance Sheet,"December 31, 2022",Deferred income taxes,us-gaap:DeferredIncomeTaxAssetsNet,reported,
balance_sheet,us-gaap:OtherAssetsNoncurrent,Other non-current assets,FY22,4940.0,BMY_SEC-XBRL-financials_as-presented_10-K_2023-02-14_0000014272-23-000046.xlsx,Balance Sheet,"December 31, 2022",Other non-current assets,us-gaap:OtherAssetsNoncurrent,reported,
balance_sheet,us-gaap:Assets,Total Assets,FY22,96820.0,BMY_SEC-XBRL-financials_as-presented_10-K_2023-02-14_0000014272-23-000046.xlsx,Balance Sheet,"December 31, 2022",Total Assets,us-gaap:Assets,reported,
balance_sheet,us-gaap:DebtCurrent,Short-term debt obligations,FY22,4264.0,BMY_SEC-XBRL-financials_as-presented_10-K_2023-02-14_0000014272-23-000046.xlsx,Balance Sheet,"December 31, 2022",Short-term debt obligations,us-gaap:DebtCurrent,reported,
balance_sheet,us-gaap:AccountsPayableCurrent,Accounts payable,FY22,3040.0,BMY_SEC-XBRL-financials_as-presented_10-K_2023-02-14_0000014272-23-000046.xlsx,Balance Sheet,"December 31, 2022",Accounts payable,us-gaap:AccountsPayableCurrent,reported,
balance_sheet,us-gaap:OtherLiabilitiesCurrent,Other current liabilities,FY22,14586.0,BMY_SEC-XBRL-financials_as-presented_10-K_2023-02-14_0000014272-23-000046.xlsx,Balance Sheet,"December 31, 2022",Other current liabilities,us-gaap:OtherLiabilitiesCurrent,reported,
balance_sheet,us-gaap:LiabilitiesCurrent,Total Current liabilities,FY22,21890.0,BMY_SEC-XBRL-financials_as-presented_10-K_2023-02-14_0000014272-23-000046.xlsx,Balance Sheet,"December 31, 2022",Total Current Liabilities,us-gaap:LiabilitiesCurrent,reported,
balance_sheet,us-gaap:DeferredIncomeTaxLiabilitiesNet,Deferred income taxes,FY22,2166.0,BMY_SEC-XBRL-financials_as-presented_10-K_2023-02-14_0000014272-23-000046.xlsx,Balance Sheet,"December 31, 2022",Deferred income taxes,us-gaap:DeferredIncomeTaxLiabilitiesNet,reported,
balance_sheet,us-gaap:LongTermDebtNoncurrent,Long-term debt,FY22,35056.0,BMY_SEC-XBRL-financials_as-presented_10-K_2023-02-14_0000014272-23-000046.xlsx,Balance Sheet,"December 31, 2022",Long-term debt,us-gaap:LongTermDebtNoncurrent,reported,
balance_sheet,us-gaap:OtherLiabilitiesNoncurrent,Other non-current liabilities,FY22,6590.0,BMY_SEC-XBRL-financials_as-presented_10-K_2023-02-14_0000014272-23-000046.xlsx,Balance Sheet,"December 31, 2022",Other non-current liabilities,us-gaap:OtherLiabilitiesNoncurrent,reported,
balance_sheet,us-gaap:Liabilities,Total Liabilities,FY22,65702.0,BMY_SEC-XBRL-financials_as-presented_10-K_2023-02-14_0000014272-23-000046.xlsx,Balance Sheet,"December 31, 2022",Total Liabilities,us-gaap:Liabilities,reported,
balance_sheet,us-gaap:CommonStockParOrStatedValuePerShare,"Common stock, par value of $0.10 per share: Authorized 4.5 billion shares; 2.9 billion issued in 2025 and 2024",FY22,292.0,BMY_SEC-XBRL-financials_as-presented_10-K_2023-02-14_0000014272-23-000046.xlsx,Balance Sheet,"December 31, 2022","Common stock, par value of $0.10 per share: Authorized 4.5 billion shares; 2.9 billion issued in 2022 and 2021",us-gaap:CommonStockParOrStatedValuePerShare,reported,
balance_sheet,us-gaap:AdditionalPaidInCapital,Capital in excess of par value of stock,FY22,45165.0,BMY_SEC-XBRL-financials_as-presented_10-K_2023-02-14_0000014272-23-000046.xlsx,Balance Sheet,"December 31, 2022",Capital in excess of par value of stock,us-gaap:AdditionalPaidInCapital,reported,
balance_sheet,us-gaap:AccumulatedOtherComprehensiveIncomeLossNetOfTax,Accumulated other comprehensive loss,FY22,-1281.0,BMY_SEC-XBRL-financials_as-presented_10-K_2023-02-14_0000014272-23-000046.xlsx,Balance Sheet,"December 31, 2022",Accumulated other comprehensive loss,us-gaap:AccumulatedOtherComprehensiveIncomeLossNetOfTax,reported,
balance_sheet,us-gaap:RetainedEarningsAccumulatedDeficit,Retained earnings,FY22,25503.0,BMY_SEC-XBRL-financials_as-presented_10-K_2023-02-14_0000014272-23-000046.xlsx,Balance Sheet,"December 31, 2022",Retained earnings,us-gaap:RetainedEarningsAccumulatedDeficit,reported,
balance_sheet,us-gaap:TreasuryStockCommonShares,Less cost of treasury stock — 887 million common shares in 2025 and 894 million common shares in 2024,FY22,-38618.0,BMY_SEC-XBRL-financials_as-presented_10-K_2023-02-14_0000014272-23-000046.xlsx,Balance Sheet,"December 31, 2022",Less cost of treasury stock — 825 million common shares in 2022 and 747 million common shares in 2021,us-gaap:TreasuryStockCommonShares,reported,
balance_sheet,us-gaap:StockholdersEquity,Total BMS Shareholders’ Equity,FY22,31061.0,BMY_SEC-XBRL-financials_as-presented_10-K_2023-02-14_0000014272-23-000046.xlsx,Balance Sheet,"December 31, 2022",Total Bristol-Myers Squibb Company Shareholders’ Equity,us-gaap:StockholdersEquity,reported,
balance_sheet,us-gaap:MinorityInterest,Noncontrolling interest,FY22,57.0,BMY_SEC-XBRL-financials_as-presented_10-K_2023-02-14_0000014272-23-000046.xlsx,Balance Sheet,"December 31, 2022",Noncontrolling interest,us-gaap:MinorityInterest,reported,
balance_sheet,us-gaap:StockholdersEquityIncludingPortionAttributableToNoncontrollingInterest,Total Equity,FY22,31118.0,BMY_SEC-XBRL-financials_as-presented_10-K_2023-02-14_0000014272-23-000046.xlsx,Balance Sheet,"December 31, 2022",Total Equity,us-gaap:StockholdersEquityIncludingPortionAttributableToNoncontrollingInterest,reported,
balance_sheet,us-gaap:LiabilitiesAndStockholdersEquity,Total Liabilities and Equity,FY22,96820.0,BMY_SEC-XBRL-financials_as-presented_10-K_2023-02-14_0000014272-23-000046.xlsx,Balance Sheet,"December 31, 2022",Total Liabilities and Equity,us-gaap:LiabilitiesAndStockholdersEquity,reported,
cash_flow,us-gaap:ProfitLoss,Net earnings/(loss),FY22,6345.0,BMY_SEC-XBRL-financials_as-presented_10-K_2023-02-14_0000014272-23-000046.xlsx,Cash Flow,"Year Ended December 31, 2022",Net earnings/(loss),us-gaap:ProfitLoss,reported,
cash_flow,us-gaap:DepreciationDepletionAndAmortization,"Depreciation and amortization, net",FY22,10276.0,BMY_SEC-XBRL-financials_as-presented_10-K_2023-02-14_0000014272-23-000046.xlsx,Cash Flow,"Year Ended December 31, 2022","Depreciation and amortization, net",us-gaap:DepreciationDepletionAndAmortization,reported,
cash_flow,us-gaap:DeferredIncomeTaxExpenseBenefit,Deferred income taxes,FY22,-2738.0,BMY_SEC-XBRL-financials_as-presented_10-K_2023-02-14_0000014272-23-000046.xlsx,Cash Flow,"Year Ended December 31, 2022",Deferred income taxes,us-gaap:DeferredIncomeTaxExpenseBenefit,reported,
cash_flow,us-gaap:ShareBasedCompensation,Stock-based compensation,FY22,457.0,BMY_SEC-XBRL-financials_as-presented_10-K_2023-02-14_0000014272-23-000046.xlsx,Cash Flow,"Year Ended December 31, 2022",Stock-based compensation,us-gaap:ShareBasedCompensation,reported,
cash_flow,us-gaap:ImpairmentOfLongLivedAssetsToBeDisposedOf,Impairment charges,FY22,179.0,BMY_SEC-XBRL-financials_as-presented_10-K_2023-02-14_0000014272-23-000046.xlsx,Cash Flow,"Year Ended December 31, 2022",Impairment charges,us-gaap:ImpairmentOfLongLivedAssetsToBeDisposedOf,reported,
cash_flow,bmy:DivestitureGainsAndRoyalties,Divestiture gains and royalties,FY22,-1063.0,BMY_SEC-XBRL-financials_as-presented_10-K_2023-02-14_0000014272-23-000046.xlsx,Cash Flow,"Year Ended December 31, 2022",Divestiture gains and royalties,bmy:DivestitureGainsAndRoyalties,reported,
cash_flow,bmy:Assetacquisitioncharge,Asset acquisition charges,FY22,815.0,BMY_SEC-XBRL-financials_as-presented_10-K_2023-02-14_0000014272-23-000046.xlsx,Cash Flow,"Year Ended December 31, 2022",Acquired IPRD,bmy:Assetacquisitioncharge,reported,
cash_flow,us-gaap:EquityMethodInvestmentRealizedGainLossOnDisposal,"Equity investment (gains)/losses, net",FY22,801.0,BMY_SEC-XBRL-financials_as-presented_10-K_2023-02-14_0000014272-23-000046.xlsx,Cash Flow,"Year Ended December 31, 2022","Equity investment losses/(gains), net",us-gaap:EquityMethodInvestmentRealizedGainLossOnDisposal,reported,
cash_flow,us-gaap:BusinessCombinationContingentConsiderationArrangementsChangeInAmountOfContingentConsiderationLiability1,Contingent consideration fair value adjustments,FY22,-9.0,BMY_SEC-XBRL-financials_as-presented_10-K_2023-02-14_0000014272-23-000046.xlsx,Cash Flow,"Year Ended December 31, 2022",Contingent consideration fair value adjustments,us-gaap:BusinessCombinationContingentConsiderationArrangementsChangeInAmountOfContingentConsiderationLiability1,reported,
cash_flow,us-gaap:OtherNoncashIncomeExpense,Other adjustments,FY22,232.0,BMY_SEC-XBRL-financials_as-presented_10-K_2023-02-14_0000014272-23-000046.xlsx,Cash Flow,"Year Ended December 31, 2022",Other adjustments,us-gaap:OtherNoncashIncomeExpense,reported,
cash_flow,us-gaap:IncreaseDecreaseInReceivables,Receivables,FY22,-663.0,BMY_SEC-XBRL-financials_as-presented_10-K_2023-02-14_0000014272-23-000046.xlsx,Cash Flow,"Year Ended December 31, 2022",Receivables,us-gaap:IncreaseDecreaseInReceivables,reported,
cash_flow,us-gaap:IncreaseDecreaseInInventories,Inventories,FY22,-69.0,BMY_SEC-XBRL-financials_as-presented_10-K_2023-02-14_0000014272-23-000046.xlsx,Cash Flow,"Year Ended December 31, 2022",Inventories,us-gaap:IncreaseDecreaseInInventories,reported,
cash_flow,us-gaap:IncreaseDecreaseInAccountsPayable,Accounts payable,FY22,109.0,BMY_SEC-XBRL-financials_as-presented_10-K_2023-02-14_0000014272-23-000046.xlsx,Cash Flow,"Year Ended December 31, 2022",Accounts payable,us-gaap:IncreaseDecreaseInAccountsPayable,reported,
cash_flow,us-gaap:IncreaseDecreaseInOtherAccruedLiabilities,Rebates and discounts,FY22,427.0,BMY_SEC-XBRL-financials_as-presented_10-K_2023-02-14_0000014272-23-000046.xlsx,Cash Flow,"Year Ended December 31, 2022",Rebates and discounts,us-gaap:IncreaseDecreaseInOtherAccruedLiabilities,reported,
cash_flow,us-gaap:IncreaseDecreaseInAccruedIncomeTaxesPayable,Income taxes payable,FY22,-1423.0,BMY_SEC-XBRL-financials_as-presented_10-K_2023-02-14_0000014272-23-000046.xlsx,Cash Flow,"Year Ended December 31, 2022",Income taxes payable,us-gaap:IncreaseDecreaseInAccruedIncomeTaxesPayable,reported,
cash_flow,us-gaap:IncreaseDecreaseInOtherOperatingCapitalNet,Other,FY22,-610.0,BMY_SEC-XBRL-financials_as-presented_10-K_2023-02-14_0000014272-23-000046.xlsx,Cash Flow,"Year Ended December 31, 2022",Other,us-gaap:IncreaseDecreaseInOtherOperatingCapitalNet,reported,
cash_flow,us-gaap:NetCashProvidedByUsedInOperatingActivities,Net cash provided by operating activities,FY22,13066.0,BMY_SEC-XBRL-financials_as-presented_10-K_2023-02-14_0000014272-23-000046.xlsx,Cash Flow,"Year Ended December 31, 2022",Net Cash Provided by Operating Activities,us-gaap:NetCashProvidedByUsedInOperatingActivities,reported,
cash_flow,us-gaap:ProceedsFromSaleAndMaturityOfAvailableForSaleSecurities,Sale and maturities of marketable debt securities,FY22,6411.0,BMY_SEC-XBRL-financials_as-presented_10-K_2023-02-14_0000014272-23-000046.xlsx,Cash Flow,"Year Ended December 31, 2022",Sale and maturities of marketable debt securities,us-gaap:ProceedsFromSaleAndMaturityOfAvailableForSaleSecurities,reported,
cash_flow,us-gaap:PaymentsToAcquireMarketableSecurities,Purchase of marketable debt securities,FY22,-3592.0,BMY_SEC-XBRL-financials_as-presented_10-K_2023-02-14_0000014272-23-000046.xlsx,Cash Flow,"Year Ended December 31, 2022",Purchase of marketable debt securities,us-gaap:PaymentsToAcquireMarketableSecurities,reported,
cash_flow,us-gaap:ProceedsFromSaleOfEquitySecuritiesFvNi,Proceeds from sales of equity investments,FY22,218.0,BMY_SEC-XBRL-financials_as-presented_10-K_2023-02-14_0000014272-23-000046.xlsx,Cash Flow,"Year Ended December 31, 2022",Proceeds from sales of equity investment securities,us-gaap:ProceedsFromSaleOfEquityMethodInvestments,reported,
cash_flow,us-gaap:PaymentsToAcquirePropertyPlantAndEquipment,Capital expenditures,FY22,-1118.0,BMY_SEC-XBRL-financials_as-presented_10-K_2023-02-14_0000014272-23-000046.xlsx,Cash Flow,"Year Ended December 31, 2022",Capital expenditures,us-gaap:PaymentsToAcquirePropertyPlantAndEquipment,reported,
cash_flow,bmy:DivestitureAndOtherProceeds,Divestiture and other proceeds,FY22,1305.0,BMY_SEC-XBRL-financials_as-presented_10-K_2023-02-14_0000014272-23-000046.xlsx,Cash Flow,"Year Ended December 31, 2022",Divestiture and other proceeds,bmy:DivestitureAndOtherProceeds,reported,
cash_flow,us-gaap:PaymentsToAcquireBusinessesNetOfCashAcquired,"Acquisition and other payments, net of cash acquired",FY22,-4286.0,BMY_SEC-XBRL-financials_as-presented_10-K_2023-02-14_0000014272-23-000046.xlsx,Cash Flow,"Year Ended December 31, 2022","Acquisition and other payments, net of cash acquired",us-gaap:PaymentsToAcquireBusinessesNetOfCashAcquired,reported,
cash_flow,us-gaap:NetCashProvidedByUsedInInvestingActivities,Net cash provided by/(used in) investing activities,FY22,-1062.0,BMY_SEC-XBRL-financials_as-presented_10-K_2023-02-14_0000014272-23-000046.xlsx,Cash Flow,"Year Ended December 31, 2022",Net Cash Used in Investing Activities,us-gaap:NetCashProvidedByUsedInInvestingActivities,reported,
cash_flow,us-gaap:ProceedsFromRepaymentsOfShortTermDebt,"Short-term debt obligations, net",FY22,194.0,BMY_SEC-XBRL-financials_as-presented_10-K_2023-02-14_0000014272-23-000046.xlsx,Cash Flow,"Year Ended December 31, 2022","Short-term debt obligations, net",us-gaap:ProceedsFromRepaymentsOfShortTermDebt,reported,
cash_flow,us-gaap:ProceedsFromIssuanceOfLongTermDebt,Proceeds from issuance of long-term debt,FY22,5926.0,BMY_SEC-XBRL-financials_as-presented_10-K_2023-02-14_0000014272-23-000046.xlsx,Cash Flow,"Year Ended December 31, 2022",Issuance of long-term debt,us-gaap:ProceedsFromIssuanceOfLongTermDebt,reported,
cash_flow,us-gaap:RepaymentsOfLongTermDebt,Repayments of long-term debt,FY22,-11431.0,BMY_SEC-XBRL-financials_as-presented_10-K_2023-02-14_0000014272-23-000046.xlsx,Cash Flow,"Year Ended December 31, 2022",Repayment of long-term debt,us-gaap:RepaymentsOfLongTermDebt,reported,
cash_flow,us-gaap:PaymentsForRepurchaseOfCommonStock,Repurchase of common stock,FY22,-8001.0,BMY_SEC-XBRL-financials_as-presented_10-K_2023-02-14_0000014272-23-000046.xlsx,Cash Flow,"Year Ended December 31, 2022",Repurchase of common stock,us-gaap:PaymentsForRepurchaseOfCommonStock,reported,
cash_flow,us-gaap:PaymentsOfDividends,Dividends,FY22,-4634.0,BMY_SEC-XBRL-financials_as-presented_10-K_2023-02-14_0000014272-23-000046.xlsx,Cash Flow,"Year Ended December 31, 2022",Dividends,us-gaap:PaymentsOfDividends,reported,
cash_flow,us-gaap:NetCashProvidedByUsedInFinancingActivities,Net cash provided by/(used in) financing activities,FY22,-16962.0,BMY_SEC-XBRL-financials_as-presented_10-K_2023-02-14_0000014272-23-000046.xlsx,Cash Flow,"Year Ended December 31, 2022",Net Cash Used in Financing Activities,us-gaap:NetCashProvidedByUsedInFinancingActivities,reported,
cash_flow,us-gaap:EffectOfExchangeRateOnCashCashEquivalentsRestrictedCashAndRestrictedCashEquivalents,"Effect of exchange rates on cash, cash equivalents and restricted cash",FY22,-33.0,BMY_SEC-XBRL-financials_as-presented_10-K_2023-02-14_0000014272-23-000046.xlsx,Cash Flow,"Year Ended December 31, 2022","Effect of Exchange Rates on Cash, Cash Equivalents and Restricted Cash",us-gaap:EffectOfExchangeRateOnCashCashEquivalentsRestrictedCashAndRestrictedCashEquivalents,reported,
cash_flow,us-gaap:CashCashEquivalentsRestrictedCashAndRestrictedCashEquivalentsPeriodIncreaseDecreaseIncludingExchangeRateEffect,"Increase/(decrease) in cash, cash equivalents and restricted cash",FY22,-4991.0,BMY_SEC-XBRL-financials_as-presented_10-K_2023-02-14_0000014272-23-000046.xlsx,Cash Flow,"Year Ended December 31, 2022","(Decrease)/Increase in Cash, Cash Equivalents and Restricted Cash",us-gaap:CashCashEquivalentsRestrictedCashAndRestrictedCashEquivalentsPeriodIncreaseDecreaseIncludingExchangeRateEffect,reported,
cash_flow,us-gaap:CashCashEquivalentsRestrictedCashAndRestrictedCashEquivalents,"Cash, cash equivalents and restricted cash at beginning of period",FY22,14316.0,BMY_SEC-XBRL-financials_as-presented_10-K_2023-02-14_0000014272-23-000046.xlsx,Cash Flow,"Year Ended December 31, 2022","Cash, Cash Equivalents and Restricted Cash at Beginning of Year",us-gaap:CashCashEquivalentsRestrictedCashAndRestrictedCashEquivalents,reported,
income_statement,us-gaap:Revenues,Net product sales,FY23,43778.0,BMY_SEC-XBRL-financials_as-presented_10-K_2024-02-13_0000014272-24-000044.xlsx,Income Statement,"Year Ended December 31, 2023",Net product sales,us-gaap:Revenues,reported,
income_statement,us-gaap:CostOfGoodsAndServicesSold,Cost of products sold(a),FY23,10693.0,BMY_SEC-XBRL-financials_as-presented_10-K_2024-02-13_0000014272-24-000044.xlsx,Income Statement,"Year Ended December 31, 2023",Cost of products sold(a),us-gaap:CostOfGoodsAndServicesSold,reported,
income_statement,us-gaap:SellingGeneralAndAdministrativeExpense,"Selling, general and administrative",FY23,7772.0,BMY_SEC-XBRL-financials_as-presented_10-K_2024-02-13_0000014272-24-000044.xlsx,Income Statement,"Year Ended December 31, 2023","Marketing, selling and administrative",us-gaap:SellingGeneralAndAdministrativeExpense,reported,
income_statement,us-gaap:ResearchAndDevelopmentExpense,Research and development,FY23,9299.0,BMY_SEC-XBRL-financials_as-presented_10-K_2024-02-13_0000014272-24-000044.xlsx,Income Statement,"Year Ended December 31, 2023",Research and development,us-gaap:ResearchAndDevelopmentExpense,reported,
income_statement,bmy:AcquiredIPRD,Acquired IPRD,FY23,913.0,BMY_SEC-XBRL-financials_as-presented_10-K_2024-02-13_0000014272-24-000044.xlsx,Income Statement,"Year Ended December 31, 2023",Acquired IPRD,bmy:AcquiredIPRD,reported,
income_statement,bmy:AmortizationofAcquiredIntangibleAssets,Amortization of acquired intangible assets,FY23,9047.0,BMY_SEC-XBRL-financials_as-presented_10-K_2024-02-13_0000014272-24-000044.xlsx,Income Statement,"Year Ended December 31, 2023",Amortization of acquired intangible assets,bmy:AmortizationofAcquiredIntangibleAssets,reported,
income_statement,us-gaap:OtherNonoperatingIncomeExpense,"Other (income)/expense, net",FY23,-1158.0,BMY_SEC-XBRL-financials_as-presented_10-K_2024-02-13_0000014272-24-000044.xlsx,Income Statement,"Year Ended December 31, 2023","Other (income)/expense, net",us-gaap:OtherNonoperatingIncomeExpense,reported,
income_statement,us-gaap:CostsAndExpenses,Total Expenses,FY23,36566.0,BMY_SEC-XBRL-financials_as-presented_10-K_2024-02-13_0000014272-24-000044.xlsx,Income Statement,"Year Ended December 31, 2023",Total Expenses,us-gaap:CostsAndExpenses,reported,
income_statement,us-gaap:IncomeLossFromContinuingOperationsBeforeIncomeTaxesExtraordinaryItemsNoncontrollingInterest,Earnings/(Loss) before income taxes,FY23,8440.0,BMY_SEC-XBRL-financials_as-presented_10-K_2024-02-13_0000014272-24-000044.xlsx,Income Statement,"Year Ended December 31, 2023",Earnings Before Income Taxes,us-gaap:IncomeLossFromContinuingOperationsBeforeIncomeTaxesExtraordinaryItemsNoncontrollingInterest,reported,
income_statement,us-gaap:IncomeTaxExpenseBenefit,Income tax provision,FY23,400.0,BMY_SEC-XBRL-financials_as-presented_10-K_2024-02-13_0000014272-24-000044.xlsx,Income Statement,"Year Ended December 31, 2023",Provision for Income Taxes,us-gaap:IncomeTaxExpenseBenefit,reported,
income_statement,us-gaap:ProfitLoss,Net earnings/(loss),FY23,8040.0,BMY_SEC-XBRL-financials_as-presented_10-K_2024-02-13_0000014272-24-000044.xlsx,Income Statement,"Year Ended December 31, 2023",Net Earnings,us-gaap:ProfitLoss,reported,
income_statement,us-gaap:ComprehensiveIncomeNetOfTaxAttributableToNoncontrollingInterest,Noncontrolling Interest,FY23,15.0,BMY_SEC-XBRL-financials_as-presented_10-K_2024-02-13_0000014272-24-000044.xlsx,Income Statement,"Year Ended December 31, 2023",Noncontrolling Interest,us-gaap:ComprehensiveIncomeNetOfTaxAttributableToNoncontrollingInterest,reported,
income_statement,us-gaap:NetIncomeLoss,Net earnings/(loss) attributable to BMS,FY23,8025.0,BMY_SEC-XBRL-financials_as-presented_10-K_2024-02-13_0000014272-24-000044.xlsx,Income Statement,"Year Ended December 31, 2023",Net Earnings Attributable to BMS,us-gaap:NetIncomeLoss,reported,
income_statement,us-gaap:EarningsPerShareBasic,Basic,FY23,3.88,BMY_SEC-XBRL-financials_as-presented_10-K_2024-02-13_0000014272-24-000044.xlsx,Income Statement,"Year Ended December 31, 2023",Basic,us-gaap:EarningsPerShareBasic,reported,
income_statement,us-gaap:EarningsPerShareDiluted,Diluted,FY23,3.86,BMY_SEC-XBRL-financials_as-presented_10-K_2024-02-13_0000014272-24-000044.xlsx,Income Statement,"Year Ended December 31, 2023",Diluted,us-gaap:EarningsPerShareDiluted,reported,
balance_sheet,us-gaap:CashAndCashEquivalentsAtCarryingValue,Cash and cash equivalents,FY23,11464.0,BMY_SEC-XBRL-financials_as-presented_10-K_2024-02-13_0000014272-24-000044.xlsx,Balance Sheet,"December 31, 2023",Cash and cash equivalents,us-gaap:CashAndCashEquivalentsAtCarryingValue,reported,
balance_sheet,us-gaap:AvailableForSaleSecuritiesDebtSecuritiesCurrent,Marketable debt securities,FY23,816.0,BMY_SEC-XBRL-financials_as-presented_10-K_2024-02-13_0000014272-24-000044.xlsx,Balance Sheet,"December 31, 2023",Marketable debt securities,us-gaap:AvailableForSaleSecuritiesDebtSecuritiesCurrent,reported,
balance_sheet,us-gaap:ReceivablesNetCurrent,Receivables,FY23,10921.0,BMY_SEC-XBRL-financials_as-presented_10-K_2024-02-13_0000014272-24-000044.xlsx,Balance Sheet,"December 31, 2023",Receivables,us-gaap:ReceivablesNetCurrent,reported,
balance_sheet,us-gaap:InventoryNet,Inventories,FY23,2662.0,BMY_SEC-XBRL-financials_as-presented_10-K_2024-02-13_0000014272-24-000044.xlsx,Balance Sheet,"December 31, 2023",Inventories,us-gaap:InventoryNet,reported,
balance_sheet,us-gaap:OtherAssetsCurrent,Other current assets,FY23,5907.0,BMY_SEC-XBRL-financials_as-presented_10-K_2024-02-13_0000014272-24-000044.xlsx,Balance Sheet,"December 31, 2023",Other current assets,us-gaap:OtherAssetsCurrent,reported,
balance_sheet,us-gaap:AssetsCurrent,Total Current assets,FY23,31770.0,BMY_SEC-XBRL-financials_as-presented_10-K_2024-02-13_0000014272-24-000044.xlsx,Balance Sheet,"December 31, 2023",Total Current assets,us-gaap:AssetsCurrent,reported,
balance_sheet,us-gaap:PropertyPlantAndEquipmentNet,"Property, plant and equipment",FY23,6646.0,BMY_SEC-XBRL-financials_as-presented_10-K_2024-02-13_0000014272-24-000044.xlsx,Balance Sheet,"December 31, 2023","Property, plant and equipment",us-gaap:PropertyPlantAndEquipmentNet,reported,
balance_sheet,us-gaap:Goodwill,Goodwill,FY23,21169.0,BMY_SEC-XBRL-financials_as-presented_10-K_2024-02-13_0000014272-24-000044.xlsx,Balance Sheet,"December 31, 2023",Goodwill,us-gaap:Goodwill,reported,
balance_sheet,us-gaap:IntangibleAssetsNetExcludingGoodwill,Other intangible assets,FY23,27072.0,BMY_SEC-XBRL-financials_as-presented_10-K_2024-02-13_0000014272-24-000044.xlsx,Balance Sheet,"December 31, 2023",Other intangible assets,us-gaap:IntangibleAssetsNetExcludingGoodwill,reported,
balance_sheet,us-gaap:DeferredIncomeTaxAssetsNet,Deferred income taxes,FY23,2768.0,BMY_SEC-XBRL-financials_as-presented_10-K_2024-02-13_0000014272-24-000044.xlsx,Balance Sheet,"December 31, 2023",Deferred income taxes,us-gaap:DeferredIncomeTaxAssetsNet,reported,
balance_sheet,us-gaap:AvailableForSaleSecuritiesDebtSecuritiesNoncurrent,Marketable debt securities,FY23,364.0,BMY_SEC-XBRL-financials_as-presented_10-K_2024-02-13_0000014272-24-000044.xlsx,Balance Sheet,"December 31, 2023",Marketable debt securities,us-gaap:AvailableForSaleSecuritiesDebtSecuritiesNoncurrent,reported,
balance_sheet,us-gaap:OtherAssetsNoncurrent,Other non-current assets,FY23,5370.0,BMY_SEC-XBRL-financials_as-presented_10-K_2024-02-13_0000014272-24-000044.xlsx,Balance Sheet,"December 31, 2023",Other non-current assets,us-gaap:OtherAssetsNoncurrent,reported,
balance_sheet,us-gaap:Assets,Total Assets,FY23,95159.0,BMY_SEC-XBRL-financials_as-presented_10-K_2024-02-13_0000014272-24-000044.xlsx,Balance Sheet,"December 31, 2023",Total Assets,us-gaap:Assets,reported,
balance_sheet,us-gaap:DebtCurrent,Short-term debt obligations,FY23,3119.0,BMY_SEC-XBRL-financials_as-presented_10-K_2024-02-13_0000014272-24-000044.xlsx,Balance Sheet,"December 31, 2023",Short-term debt obligations,us-gaap:DebtCurrent,reported,
balance_sheet,us-gaap:AccountsPayableCurrent,Accounts payable,FY23,3259.0,BMY_SEC-XBRL-financials_as-presented_10-K_2024-02-13_0000014272-24-000044.xlsx,Balance Sheet,"December 31, 2023",Accounts payable,us-gaap:AccountsPayableCurrent,reported,
balance_sheet,us-gaap:OtherLiabilitiesCurrent,Other current liabilities,FY23,15884.0,BMY_SEC-XBRL-financials_as-presented_10-K_2024-02-13_0000014272-24-000044.xlsx,Balance Sheet,"December 31, 2023",Other current liabilities,us-gaap:OtherLiabilitiesCurrent,reported,
balance_sheet,us-gaap:LiabilitiesCurrent,Total Current liabilities,FY23,22262.0,BMY_SEC-XBRL-financials_as-presented_10-K_2024-02-13_0000014272-24-000044.xlsx,Balance Sheet,"December 31, 2023",Total Current liabilities,us-gaap:LiabilitiesCurrent,reported,
balance_sheet,us-gaap:DeferredIncomeTaxLiabilitiesNet,Deferred income taxes,FY23,338.0,BMY_SEC-XBRL-financials_as-presented_10-K_2024-02-13_0000014272-24-000044.xlsx,Balance Sheet,"December 31, 2023",Deferred income taxes,us-gaap:DeferredIncomeTaxLiabilitiesNet,reported,
balance_sheet,us-gaap:LongTermDebtNoncurrent,Long-term debt,FY23,36653.0,BMY_SEC-XBRL-financials_as-presented_10-K_2024-02-13_0000014272-24-000044.xlsx,Balance Sheet,"December 31, 2023",Long-term debt,us-gaap:LongTermDebtNoncurrent,reported,
balance_sheet,us-gaap:OtherLiabilitiesNoncurrent,Other non-current liabilities,FY23,6421.0,BMY_SEC-XBRL-financials_as-presented_10-K_2024-02-13_0000014272-24-000044.xlsx,Balance Sheet,"December 31, 2023",Other non-current liabilities,us-gaap:OtherLiabilitiesNoncurrent,reported,
balance_sheet,us-gaap:Liabilities,Total Liabilities,FY23,65674.0,BMY_SEC-XBRL-financials_as-presented_10-K_2024-02-13_0000014272-24-000044.xlsx,Balance Sheet,"December 31, 2023",Total Liabilities,us-gaap:Liabilities,reported,
balance_sheet,us-gaap:CommonStockParOrStatedValuePerShare,"Common stock, par value of $0.10 per share: Authorized 4.5 billion shares; 2.9 billion issued in 2025 and 2024",FY23,292.0,BMY_SEC-XBRL-financials_as-presented_10-K_2024-02-13_0000014272-24-000044.xlsx,Balance Sheet,"December 31, 2023","Common stock, par value of $0.10 per share: Authorized 4.5 billion shares; 2.9 billion issued in 2023 and 2022",us-gaap:CommonStockParOrStatedValuePerShare,reported,
balance_sheet,us-gaap:AdditionalPaidInCapital,Capital in excess of par value of stock,FY23,45684.0,BMY_SEC-XBRL-financials_as-presented_10-K_2024-02-13_0000014272-24-000044.xlsx,Balance Sheet,"December 31, 2023",Capital in excess of par value of stock,us-gaap:AdditionalPaidInCapital,reported,
balance_sheet,us-gaap:AccumulatedOtherComprehensiveIncomeLossNetOfTax,Accumulated other comprehensive loss,FY23,-1546.0,BMY_SEC-XBRL-financials_as-presented_10-K_2024-02-13_0000014272-24-000044.xlsx,Balance Sheet,"December 31, 2023",Accumulated other comprehensive loss,us-gaap:AccumulatedOtherComprehensiveIncomeLossNetOfTax,reported,
balance_sheet,us-gaap:RetainedEarningsAccumulatedDeficit,Retained earnings,FY23,28766.0,BMY_SEC-XBRL-financials_as-presented_10-K_2024-02-13_0000014272-24-000044.xlsx,Balance Sheet,"December 31, 2023",Retained earnings,us-gaap:RetainedEarningsAccumulatedDeficit,reported,
balance_sheet,us-gaap:TreasuryStockCommonShares,Less cost of treasury stock — 887 million common shares in 2025 and 894 million common shares in 2024,FY23,-43766.0,BMY_SEC-XBRL-financials_as-presented_10-K_2024-02-13_0000014272-24-000044.xlsx,Balance Sheet,"December 31, 2023",Less cost of treasury stock — 902 million common shares in 2023 and 825 million common shares in 2022,us-gaap:TreasuryStockCommonShares,reported,
balance_sheet,us-gaap:StockholdersEquity,Total BMS Shareholders’ Equity,FY23,29430.0,BMY_SEC-XBRL-financials_as-presented_10-K_2024-02-13_0000014272-24-000044.xlsx,Balance Sheet,"December 31, 2023",Total BMS Shareholders’ Equity,us-gaap:StockholdersEquity,reported,
balance_sheet,us-gaap:MinorityInterest,Noncontrolling interest,FY23,55.0,BMY_SEC-XBRL-financials_as-presented_10-K_2024-02-13_0000014272-24-000044.xlsx,Balance Sheet,"December 31, 2023",Noncontrolling interest,us-gaap:MinorityInterest,reported,
balance_sheet,us-gaap:StockholdersEquityIncludingPortionAttributableToNoncontrollingInterest,Total Equity,FY23,29485.0,BMY_SEC-XBRL-financials_as-presented_10-K_2024-02-13_0000014272-24-000044.xlsx,Balance Sheet,"December 31, 2023",Total Equity,us-gaap:StockholdersEquityIncludingPortionAttributableToNoncontrollingInterest,reported,
balance_sheet,us-gaap:LiabilitiesAndStockholdersEquity,Total Liabilities and Equity,FY23,95159.0,BMY_SEC-XBRL-financials_as-presented_10-K_2024-02-13_0000014272-24-000044.xlsx,Balance Sheet,"December 31, 2023",Total Liabilities and Equity,us-gaap:LiabilitiesAndStockholdersEquity,reported,
cash_flow,us-gaap:ProfitLoss,Net earnings/(loss),FY23,8040.0,BMY_SEC-XBRL-financials_as-presented_10-K_2024-02-13_0000014272-24-000044.xlsx,Cash Flow,"Year Ended December 31, 2023",Net earnings,us-gaap:ProfitLoss,reported,
cash_flow,us-gaap:DepreciationDepletionAndAmortization,"Depreciation and amortization, net",FY23,9760.0,BMY_SEC-XBRL-financials_as-presented_10-K_2024-02-13_0000014272-24-000044.xlsx,Cash Flow,"Year Ended December 31, 2023","Depreciation and amortization, net",us-gaap:DepreciationDepletionAndAmortization,reported,
cash_flow,us-gaap:DeferredIncomeTaxExpenseBenefit,Deferred income taxes,FY23,-3288.0,BMY_SEC-XBRL-financials_as-presented_10-K_2024-02-13_0000014272-24-000044.xlsx,Cash Flow,"Year Ended December 31, 2023",Deferred income taxes,us-gaap:DeferredIncomeTaxExpenseBenefit,reported,
cash_flow,us-gaap:ShareBasedCompensation,Stock-based compensation,FY23,518.0,BMY_SEC-XBRL-financials_as-presented_10-K_2024-02-13_0000014272-24-000044.xlsx,Cash Flow,"Year Ended December 31, 2023",Stock-based compensation,us-gaap:ShareBasedCompensation,reported,
cash_flow,us-gaap:ImpairmentOfLongLivedAssetsToBeDisposedOf,Impairment charges,FY23,255.0,BMY_SEC-XBRL-financials_as-presented_10-K_2024-02-13_0000014272-24-000044.xlsx,Cash Flow,"Year Ended December 31, 2023",Impairment charges,us-gaap:ImpairmentOfLongLivedAssetsToBeDisposedOf,reported,
cash_flow,bmy:DivestitureGainsAndRoyalties,Divestiture gains and royalties,FY23,-884.0,BMY_SEC-XBRL-financials_as-presented_10-K_2024-02-13_0000014272-24-000044.xlsx,Cash Flow,"Year Ended December 31, 2023",Divestiture gains and royalties,bmy:DivestitureGainsAndRoyalties,reported,
cash_flow,bmy:AcquiredIPRD,Acquired IPRD,FY23,913.0,BMY_SEC-XBRL-financials_as-presented_10-K_2024-02-13_0000014272-24-000044.xlsx,Cash Flow,"Year Ended December 31, 2023",Acquired IPRD,bmy:AcquiredIPRD,reported,
cash_flow,us-gaap:EquityMethodInvestmentRealizedGainLossOnDisposal,"Equity investment (gains)/losses, net",FY23,160.0,BMY_SEC-XBRL-financials_as-presented_10-K_2024-02-13_0000014272-24-000044.xlsx,Cash Flow,"Year Ended December 31, 2023","Equity investment losses/(gains), net",us-gaap:EquityMethodInvestmentRealizedGainLossOnDisposal,reported,
cash_flow,us-gaap:BusinessCombinationContingentConsiderationArrangementsChangeInAmountOfContingentConsiderationLiability1,Contingent consideration fair value adjustments,FY23,-8.0,BMY_SEC-XBRL-financials_as-presented_10-K_2024-02-13_0000014272-24-000044.xlsx,Cash Flow,"Year Ended December 31, 2023",Contingent consideration fair value adjustments,us-gaap:BusinessCombinationContingentConsiderationArrangementsChangeInAmountOfContingentConsiderationLiability1,reported,
cash_flow,us-gaap:OtherNoncashIncomeExpense,Other adjustments,FY23,308.0,BMY_SEC-XBRL-financials_as-presented_10-K_2024-02-13_0000014272-24-000044.xlsx,Cash Flow,"Year Ended December 31, 2023",Other adjustments,us-gaap:OtherNoncashIncomeExpense,reported,
cash_flow,us-gaap:IncreaseDecreaseInReceivables,Receivables,FY23,-995.0,BMY_SEC-XBRL-financials_as-presented_10-K_2024-02-13_0000014272-24-000044.xlsx,Cash Flow,"Year Ended December 31, 2023",Receivables,us-gaap:IncreaseDecreaseInReceivables,reported,
cash_flow,us-gaap:IncreaseDecreaseInInventories,Inventories,FY23,-751.0,BMY_SEC-XBRL-financials_as-presented_10-K_2024-02-13_0000014272-24-000044.xlsx,Cash Flow,"Year Ended December 31, 2023",Inventories,us-gaap:IncreaseDecreaseInInventories,reported,
cash_flow,us-gaap:IncreaseDecreaseInAccountsPayable,Accounts payable,FY23,198.0,BMY_SEC-XBRL-financials_as-presented_10-K_2024-02-13_0000014272-24-000044.xlsx,Cash Flow,"Year Ended December 31, 2023",Accounts payable,us-gaap:IncreaseDecreaseInAccountsPayable,reported,
cash_flow,us-gaap:IncreaseDecreaseInOtherAccruedLiabilities,Rebates and discounts,FY23,904.0,BMY_SEC-XBRL-financials_as-presented_10-K_2024-02-13_0000014272-24-000044.xlsx,Cash Flow,"Year Ended December 31, 2023",Rebates and discounts,us-gaap:IncreaseDecreaseInOtherAccruedLiabilities,reported,
cash_flow,us-gaap:IncreaseDecreaseInAccruedIncomeTaxesPayable,Income taxes payable,FY23,-603.0,BMY_SEC-XBRL-financials_as-presented_10-K_2024-02-13_0000014272-24-000044.xlsx,Cash Flow,"Year Ended December 31, 2023",Income taxes payable,us-gaap:IncreaseDecreaseInAccruedIncomeTaxesPayable,reported,
cash_flow,us-gaap:IncreaseDecreaseInOtherOperatingCapitalNet,Other,FY23,-667.0,BMY_SEC-XBRL-financials_as-presented_10-K_2024-02-13_0000014272-24-000044.xlsx,Cash Flow,"Year Ended December 31, 2023",Other,us-gaap:IncreaseDecreaseInOtherOperatingCapitalNet,reported,
cash_flow,us-gaap:NetCashProvidedByUsedInOperatingActivities,Net cash provided by operating activities,FY23,13860.0,BMY_SEC-XBRL-financials_as-presented_10-K_2024-02-13_0000014272-24-000044.xlsx,Cash Flow,"Year Ended December 31, 2023",Net Cash Provided by Operating Activities,us-gaap:NetCashProvidedByUsedInOperatingActivities,reported,
cash_flow,us-gaap:ProceedsFromSaleAndMaturityOfAvailableForSaleSecurities,Sale and maturities of marketable debt securities,FY23,733.0,BMY_SEC-XBRL-financials_as-presented_10-K_2024-02-13_0000014272-24-000044.xlsx,Cash Flow,"Year Ended December 31, 2023",Sale and maturities of marketable debt securities,us-gaap:ProceedsFromSaleAndMaturityOfAvailableForSaleSecurities,reported,
cash_flow,us-gaap:PaymentsToAcquireMarketableSecurities,Purchase of marketable debt securities,FY23,-1774.0,BMY_SEC-XBRL-financials_as-presented_10-K_2024-02-13_0000014272-24-000044.xlsx,Cash Flow,"Year Ended December 31, 2023",Purchase of marketable debt securities,us-gaap:PaymentsToAcquireMarketableSecurities,reported,
cash_flow,us-gaap:ProceedsFromSaleOfEquitySecuritiesFvNi,Proceeds from sales of equity investments,FY23,215.0,BMY_SEC-XBRL-financials_as-presented_10-K_2024-02-13_0000014272-24-000044.xlsx,Cash Flow,"Year Ended December 31, 2023",Proceeds from sales of equity investment securities,us-gaap:ProceedsFromSaleOfEquitySecuritiesFvNi,reported,
cash_flow,us-gaap:PaymentsToAcquirePropertyPlantAndEquipment,Capital expenditures,FY23,-1209.0,BMY_SEC-XBRL-financials_as-presented_10-K_2024-02-13_0000014272-24-000044.xlsx,Cash Flow,"Year Ended December 31, 2023",Capital expenditures,us-gaap:PaymentsToAcquirePropertyPlantAndEquipment,reported,
cash_flow,bmy:DivestitureAndOtherProceeds,Divestiture and other proceeds,FY23,909.0,BMY_SEC-XBRL-financials_as-presented_10-K_2024-02-13_0000014272-24-000044.xlsx,Cash Flow,"Year Ended December 31, 2023",Divestiture and other proceeds,bmy:DivestitureAndOtherProceeds,reported,
cash_flow,us-gaap:PaymentsToAcquireBusinessesNetOfCashAcquired,"Acquisition and other payments, net of cash acquired",FY23,-1169.0,BMY_SEC-XBRL-financials_as-presented_10-K_2024-02-13_0000014272-24-000044.xlsx,Cash Flow,"Year Ended December 31, 2023","Acquisition and other payments, net of cash acquired",us-gaap:PaymentsToAcquireBusinessesNetOfCashAcquired,reported,
cash_flow,us-gaap:NetCashProvidedByUsedInInvestingActivities,Net cash provided by/(used in) investing activities,FY23,-2295.0,BMY_SEC-XBRL-financials_as-presented_10-K_2024-02-13_0000014272-24-000044.xlsx,Cash Flow,"Year Ended December 31, 2023",Net Cash Used in Investing Activities,us-gaap:NetCashProvidedByUsedInInvestingActivities,reported,
cash_flow,us-gaap:ProceedsFromRepaymentsOfShortTermDebt,"Short-term debt obligations, net",FY23,-120.0,BMY_SEC-XBRL-financials_as-presented_10-K_2024-02-13_0000014272-24-000044.xlsx,Cash Flow,"Year Ended December 31, 2023","Short-term debt obligations, net",us-gaap:ProceedsFromRepaymentsOfShortTermDebt,reported,
cash_flow,us-gaap:ProceedsFromIssuanceOfLongTermDebt,Proceeds from issuance of long-term debt,FY23,4455.0,BMY_SEC-XBRL-financials_as-presented_10-K_2024-02-13_0000014272-24-000044.xlsx,Cash Flow,"Year Ended December 31, 2023",Issuance of long-term debt,us-gaap:ProceedsFromIssuanceOfLongTermDebt,reported,
cash_flow,us-gaap:RepaymentsOfLongTermDebt,Repayments of long-term debt,FY23,-3879.0,BMY_SEC-XBRL-financials_as-presented_10-K_2024-02-13_0000014272-24-000044.xlsx,Cash Flow,"Year Ended December 31, 2023",Repayment of long-term debt,us-gaap:RepaymentsOfLongTermDebt,reported,
cash_flow,us-gaap:PaymentsForRepurchaseOfCommonStock,Repurchase of common stock,FY23,-5155.0,BMY_SEC-XBRL-financials_as-presented_10-K_2024-02-13_0000014272-24-000044.xlsx,Cash Flow,"Year Ended December 31, 2023",Repurchase of common stock,us-gaap:PaymentsForRepurchaseOfCommonStock,reported,
cash_flow,us-gaap:PaymentsOfDividends,Dividends,FY23,-4744.0,BMY_SEC-XBRL-financials_as-presented_10-K_2024-02-13_0000014272-24-000044.xlsx,Cash Flow,"Year Ended December 31, 2023",Dividends,us-gaap:PaymentsOfDividends,reported,
cash_flow,us-gaap:NetCashProvidedByUsedInFinancingActivities,Net cash provided by/(used in) financing activities,FY23,-9416.0,BMY_SEC-XBRL-financials_as-presented_10-K_2024-02-13_0000014272-24-000044.xlsx,Cash Flow,"Year Ended December 31, 2023",Net Cash Used in Financing Activities,us-gaap:NetCashProvidedByUsedInFinancingActivities,reported,
cash_flow,us-gaap:EffectOfExchangeRateOnCashCashEquivalentsRestrictedCashAndRestrictedCashEquivalents,"Effect of exchange rates on cash, cash equivalents and restricted cash",FY23,45.0,BMY_SEC-XBRL-financials_as-presented_10-K_2024-02-13_0000014272-24-000044.xlsx,Cash Flow,"Year Ended December 31, 2023","Effect of Exchange Rates on Cash, Cash Equivalents and Restricted Cash",us-gaap:EffectOfExchangeRateOnCashCashEquivalentsRestrictedCashAndRestrictedCashEquivalents,reported,
cash_flow,us-gaap:CashCashEquivalentsRestrictedCashAndRestrictedCashEquivalentsPeriodIncreaseDecreaseIncludingExchangeRateEffect,"Increase/(decrease) in cash, cash equivalents and restricted cash",FY23,2194.0,BMY_SEC-XBRL-financials_as-presented_10-K_2024-02-13_0000014272-24-000044.xlsx,Cash Flow,"Year Ended December 31, 2023","Increase/(Decrease) in Cash, Cash Equivalents and Restricted Cash",us-gaap:CashCashEquivalentsRestrictedCashAndRestrictedCashEquivalentsPeriodIncreaseDecreaseIncludingExchangeRateEffect,reported,
cash_flow,us-gaap:CashCashEquivalentsRestrictedCashAndRestrictedCashEquivalents,"Cash, cash equivalents and restricted cash at beginning of period",FY23,9325.0,BMY_SEC-XBRL-financials_as-presented_10-K_2024-02-13_0000014272-24-000044.xlsx,Cash Flow,"Year Ended December 31, 2023","Cash, Cash Equivalents and Restricted Cash at Beginning of Year",us-gaap:CashCashEquivalentsRestrictedCashAndRestrictedCashEquivalents,reported,
income_statement,us-gaap:Revenues,Net product sales,FY24,46778.0,BMY_SEC-XBRL-financials_as-presented_10-K_2025-02-12_0000014272-25-000039.xlsx,Income Statement,"Year Ended December 31, 2024",Net product sales,us-gaap:Revenues,reported,
income_statement,us-gaap:CostOfGoodsAndServicesSold,Cost of products sold(a),FY24,13968.0,BMY_SEC-XBRL-financials_as-presented_10-K_2025-02-12_0000014272-25-000039.xlsx,Income Statement,"Year Ended December 31, 2024",Cost of products sold(a),us-gaap:CostOfGoodsAndServicesSold,reported,
income_statement,us-gaap:SellingGeneralAndAdministrativeExpense,"Selling, general and administrative",FY24,8414.0,BMY_SEC-XBRL-financials_as-presented_10-K_2025-02-12_0000014272-25-000039.xlsx,Income Statement,"Year Ended December 31, 2024","Marketing, selling and administrative",us-gaap:SellingGeneralAndAdministrativeExpense,reported,
income_statement,us-gaap:ResearchAndDevelopmentExpense,Research and development,FY24,11159.0,BMY_SEC-XBRL-financials_as-presented_10-K_2025-02-12_0000014272-25-000039.xlsx,Income Statement,"Year Ended December 31, 2024",Research and development,us-gaap:ResearchAndDevelopmentExpense,reported,
income_statement,bmy:AcquiredIPRD,Acquired IPRD,FY24,13373.0,BMY_SEC-XBRL-financials_as-presented_10-K_2025-02-12_0000014272-25-000039.xlsx,Income Statement,"Year Ended December 31, 2024",Acquired IPRD,bmy:AcquiredIPRD,reported,
income_statement,bmy:AmortizationofAcquiredIntangibleAssets,Amortization of acquired intangible assets,FY24,8872.0,BMY_SEC-XBRL-financials_as-presented_10-K_2025-02-12_0000014272-25-000039.xlsx,Income Statement,"Year Ended December 31, 2024",Amortization of acquired intangible assets,bmy:AmortizationofAcquiredIntangibleAssets,reported,
income_statement,us-gaap:OtherNonoperatingIncomeExpense,"Other (income)/expense, net",FY24,893.0,BMY_SEC-XBRL-financials_as-presented_10-K_2025-02-12_0000014272-25-000039.xlsx,Income Statement,"Year Ended December 31, 2024","Other (income)/expense, net",us-gaap:OtherNonoperatingIncomeExpense,reported,
income_statement,us-gaap:CostsAndExpenses,Total Expenses,FY24,56679.0,BMY_SEC-XBRL-financials_as-presented_10-K_2025-02-12_0000014272-25-000039.xlsx,Income Statement,"Year Ended December 31, 2024",Total Expenses,us-gaap:CostsAndExpenses,reported,
income_statement,us-gaap:IncomeLossFromContinuingOperationsBeforeIncomeTaxesExtraordinaryItemsNoncontrollingInterest,Earnings/(Loss) before income taxes,FY24,-8379.0,BMY_SEC-XBRL-financials_as-presented_10-K_2025-02-12_0000014272-25-000039.xlsx,Income Statement,"Year Ended December 31, 2024",(Loss)/earnings before income taxes,us-gaap:IncomeLossFromContinuingOperationsBeforeIncomeTaxesExtraordinaryItemsNoncontrollingInterest,reported,
income_statement,us-gaap:IncomeTaxExpenseBenefit,Income tax provision,FY24,554.0,BMY_SEC-XBRL-financials_as-presented_10-K_2025-02-12_0000014272-25-000039.xlsx,Income Statement,"Year Ended December 31, 2024",Income tax provision,us-gaap:IncomeTaxExpenseBenefit,reported,
income_statement,us-gaap:ProfitLoss,Net earnings/(loss),FY24,-8933.0,BMY_SEC-XBRL-financials_as-presented_10-K_2025-02-12_0000014272-25-000039.xlsx,Income Statement,"Year Ended December 31, 2024",Net (loss)/earnings,us-gaap:ProfitLoss,reported,
income_statement,us-gaap:ComprehensiveIncomeNetOfTaxAttributableToNoncontrollingInterest,Noncontrolling Interest,FY24,15.0,BMY_SEC-XBRL-financials_as-presented_10-K_2025-02-12_0000014272-25-000039.xlsx,Income Statement,"Year Ended December 31, 2024",Noncontrolling Interest,us-gaap:ComprehensiveIncomeNetOfTaxAttributableToNoncontrollingInterest,reported,
income_statement,us-gaap:NetIncomeLoss,Net earnings/(loss) attributable to BMS,FY24,-8948.0,BMY_SEC-XBRL-financials_as-presented_10-K_2025-02-12_0000014272-25-000039.xlsx,Income Statement,"Year Ended December 31, 2024",Net (loss)/earnings attributable to BMS,us-gaap:NetIncomeLoss,reported,
income_statement,us-gaap:EarningsPerShareBasic,Basic,FY24,-4.41,BMY_SEC-XBRL-financials_as-presented_10-K_2025-02-12_0000014272-25-000039.xlsx,Income Statement,"Year Ended December 31, 2024",Basic,us-gaap:EarningsPerShareBasic,reported,
income_statement,us-gaap:EarningsPerShareDiluted,Diluted,FY24,-4.41,BMY_SEC-XBRL-financials_as-presented_10-K_2025-02-12_0000014272-25-000039.xlsx,Income Statement,"Year Ended December 31, 2024",Diluted,us-gaap:EarningsPerShareDiluted,reported,
balance_sheet,us-gaap:CashAndCashEquivalentsAtCarryingValue,Cash and cash equivalents,FY24,10346.0,BMY_SEC-XBRL-financials_as-presented_10-K_2025-02-12_0000014272-25-000039.xlsx,Balance Sheet,"December 31, 2024",Cash and cash equivalents,us-gaap:CashAndCashEquivalentsAtCarryingValue,reported,
balance_sheet,us-gaap:AvailableForSaleSecuritiesDebtSecuritiesCurrent,Marketable debt securities,FY24,513.0,BMY_SEC-XBRL-financials_as-presented_10-K_2025-02-12_0000014272-25-000039.xlsx,Balance Sheet,"December 31, 2024",Marketable debt securities,us-gaap:AvailableForSaleSecuritiesDebtSecuritiesCurrent,reported,
balance_sheet,us-gaap:ReceivablesNetCurrent,Receivables,FY24,10747.0,BMY_SEC-XBRL-financials_as-presented_10-K_2025-02-12_0000014272-25-000039.xlsx,Balance Sheet,"December 31, 2024",Receivables,us-gaap:ReceivablesNetCurrent,reported,
balance_sheet,us-gaap:InventoryNet,Inventories,FY24,2557.0,BMY_SEC-XBRL-financials_as-presented_10-K_2025-02-12_0000014272-25-000039.xlsx,Balance Sheet,"December 31, 2024",Inventories,us-gaap:InventoryNet,reported,
balance_sheet,us-gaap:OtherAssetsCurrent,Other current assets,FY24,5617.0,BMY_SEC-XBRL-financials_as-presented_10-K_2025-02-12_0000014272-25-000039.xlsx,Balance Sheet,"December 31, 2024",Other current assets,us-gaap:OtherAssetsCurrent,reported,
balance_sheet,us-gaap:AssetsCurrent,Total Current assets,FY24,29780.0,BMY_SEC-XBRL-financials_as-presented_10-K_2025-02-12_0000014272-25-000039.xlsx,Balance Sheet,"December 31, 2024",Total Current assets,us-gaap:AssetsCurrent,reported,
balance_sheet,us-gaap:PropertyPlantAndEquipmentNet,"Property, plant and equipment",FY24,7136.0,BMY_SEC-XBRL-financials_as-presented_10-K_2025-02-12_0000014272-25-000039.xlsx,Balance Sheet,"December 31, 2024","Property, plant and equipment",us-gaap:PropertyPlantAndEquipmentNet,reported,
balance_sheet,us-gaap:Goodwill,Goodwill,FY24,21719.0,BMY_SEC-XBRL-financials_as-presented_10-K_2025-02-12_0000014272-25-000039.xlsx,Balance Sheet,"December 31, 2024",Goodwill,us-gaap:Goodwill,reported,
balance_sheet,us-gaap:IntangibleAssetsNetExcludingGoodwill,Other intangible assets,FY24,23307.0,BMY_SEC-XBRL-financials_as-presented_10-K_2025-02-12_0000014272-25-000039.xlsx,Balance Sheet,"December 31, 2024",Other intangible assets,us-gaap:IntangibleAssetsNetExcludingGoodwill,reported,
balance_sheet,us-gaap:DeferredIncomeTaxAssetsNet,Deferred income taxes,FY24,4236.0,BMY_SEC-XBRL-financials_as-presented_10-K_2025-02-12_0000014272-25-000039.xlsx,Balance Sheet,"December 31, 2024",Deferred income taxes,us-gaap:DeferredIncomeTaxAssetsNet,reported,
balance_sheet,us-gaap:AvailableForSaleSecuritiesDebtSecuritiesNoncurrent,Marketable debt securities,FY24,320.0,BMY_SEC-XBRL-financials_as-presented_10-K_2025-02-12_0000014272-25-000039.xlsx,Balance Sheet,"December 31, 2024",Marketable debt securities,us-gaap:AvailableForSaleSecuritiesDebtSecuritiesNoncurrent,reported,
balance_sheet,us-gaap:OtherAssetsNoncurrent,Other non-current assets,FY24,6105.0,BMY_SEC-XBRL-financials_as-presented_10-K_2025-02-12_0000014272-25-000039.xlsx,Balance Sheet,"December 31, 2024",Other non-current assets,us-gaap:OtherAssetsNoncurrent,reported,
balance_sheet,us-gaap:Assets,Total Assets,FY24,92603.0,BMY_SEC-XBRL-financials_as-presented_10-K_2025-02-12_0000014272-25-000039.xlsx,Balance Sheet,"December 31, 2024",Total Assets,us-gaap:Assets,reported,
balance_sheet,us-gaap:DebtCurrent,Short-term debt obligations,FY24,2046.0,BMY_SEC-XBRL-financials_as-presented_10-K_2025-02-12_0000014272-25-000039.xlsx,Balance Sheet,"December 31, 2024",Short-term debt obligations,us-gaap:DebtCurrent,reported,
balance_sheet,us-gaap:AccountsPayableCurrent,Accounts payable,FY24,3602.0,BMY_SEC-XBRL-financials_as-presented_10-K_2025-02-12_0000014272-25-000039.xlsx,Balance Sheet,"December 31, 2024",Accounts payable,us-gaap:AccountsPayableCurrent,reported,
balance_sheet,us-gaap:OtherLiabilitiesCurrent,Other current liabilities,FY24,18126.0,BMY_SEC-XBRL-financials_as-presented_10-K_2025-02-12_0000014272-25-000039.xlsx,Balance Sheet,"December 31, 2024",Other current liabilities,us-gaap:OtherLiabilitiesCurrent,reported,
balance_sheet,us-gaap:LiabilitiesCurrent,Total Current liabilities,FY24,23774.0,BMY_SEC-XBRL-financials_as-presented_10-K_2025-02-12_0000014272-25-000039.xlsx,Balance Sheet,"December 31, 2024",Total Current liabilities,us-gaap:LiabilitiesCurrent,reported,
balance_sheet,us-gaap:DeferredIncomeTaxLiabilitiesNet,Deferred income taxes,FY24,369.0,BMY_SEC-XBRL-financials_as-presented_10-K_2025-02-12_0000014272-25-000039.xlsx,Balance Sheet,"December 31, 2024",Deferred income taxes,us-gaap:DeferredIncomeTaxLiabilitiesNet,reported,
balance_sheet,us-gaap:LongTermDebtNoncurrent,Long-term debt,FY24,47603.0,BMY_SEC-XBRL-financials_as-presented_10-K_2025-02-12_0000014272-25-000039.xlsx,Balance Sheet,"December 31, 2024",Long-term debt,us-gaap:LongTermDebtNoncurrent,reported,
balance_sheet,us-gaap:OtherLiabilitiesNoncurrent,Other non-current liabilities,FY24,4469.0,BMY_SEC-XBRL-financials_as-presented_10-K_2025-02-12_0000014272-25-000039.xlsx,Balance Sheet,"December 31, 2024",Other non-current liabilities,us-gaap:OtherLiabilitiesNoncurrent,reported,
balance_sheet,us-gaap:Liabilities,Total Liabilities,FY24,76215.0,BMY_SEC-XBRL-financials_as-presented_10-K_2025-02-12_0000014272-25-000039.xlsx,Balance Sheet,"December 31, 2024",Total Liabilities,us-gaap:Liabilities,reported,
balance_sheet,us-gaap:CommonStockParOrStatedValuePerShare,"Common stock, par value of $0.10 per share: Authorized 4.5 billion shares; 2.9 billion issued in 2025 and 2024",FY24,292.0,BMY_SEC-XBRL-financials_as-presented_10-K_2025-02-12_0000014272-25-000039.xlsx,Balance Sheet,"December 31, 2024","Common stock, par value of $0.10 per share: Authorized 4.5 billion shares; 2.9 billion issued in 2024 and 2023",us-gaap:CommonStockParOrStatedValuePerShare,reported,
balance_sheet,us-gaap:AdditionalPaidInCapital,Capital in excess of par value of stock,FY24,46024.0,BMY_SEC-XBRL-financials_as-presented_10-K_2025-02-12_0000014272-25-000039.xlsx,Balance Sheet,"December 31, 2024",Capital in excess of par value of stock,us-gaap:AdditionalPaidInCapital,reported,
balance_sheet,us-gaap:AccumulatedOtherComprehensiveIncomeLossNetOfTax,Accumulated other comprehensive loss,FY24,-1238.0,BMY_SEC-XBRL-financials_as-presented_10-K_2025-02-12_0000014272-25-000039.xlsx,Balance Sheet,"December 31, 2024",Accumulated other comprehensive loss,us-gaap:AccumulatedOtherComprehensiveIncomeLossNetOfTax,reported,
balance_sheet,us-gaap:RetainedEarningsAccumulatedDeficit,Retained earnings,FY24,14912.0,BMY_SEC-XBRL-financials_as-presented_10-K_2025-02-12_0000014272-25-000039.xlsx,Balance Sheet,"December 31, 2024",Retained earnings,us-gaap:RetainedEarningsAccumulatedDeficit,reported,
balance_sheet,us-gaap:TreasuryStockCommonShares,Less cost of treasury stock — 887 million common shares in 2025 and 894 million common shares in 2024,FY24,-43655.0,BMY_SEC-XBRL-financials_as-presented_10-K_2025-02-12_0000014272-25-000039.xlsx,Balance Sheet,"December 31, 2024",Less cost of treasury stock — 894 million common shares in 2024 and 902 million common shares in 2023,us-gaap:TreasuryStockCommonShares,reported,
balance_sheet,us-gaap:StockholdersEquity,Total BMS Shareholders’ Equity,FY24,16335.0,BMY_SEC-XBRL-financials_as-presented_10-K_2025-02-12_0000014272-25-000039.xlsx,Balance Sheet,"December 31, 2024",Total BMS Shareholders’ Equity,us-gaap:StockholdersEquity,reported,
balance_sheet,us-gaap:MinorityInterest,Noncontrolling interest,FY24,53.0,BMY_SEC-XBRL-financials_as-presented_10-K_2025-02-12_0000014272-25-000039.xlsx,Balance Sheet,"December 31, 2024",Noncontrolling interest,us-gaap:MinorityInterest,reported,
balance_sheet,us-gaap:StockholdersEquityIncludingPortionAttributableToNoncontrollingInterest,Total Equity,FY24,16388.0,BMY_SEC-XBRL-financials_as-presented_10-K_2025-02-12_0000014272-25-000039.xlsx,Balance Sheet,"December 31, 2024",Total Equity,us-gaap:StockholdersEquityIncludingPortionAttributableToNoncontrollingInterest,reported,
balance_sheet,us-gaap:LiabilitiesAndStockholdersEquity,Total Liabilities and Equity,FY24,92603.0,BMY_SEC-XBRL-financials_as-presented_10-K_2025-02-12_0000014272-25-000039.xlsx,Balance Sheet,"December 31, 2024",Total Liabilities and Equity,us-gaap:LiabilitiesAndStockholdersEquity,reported,
cash_flow,us-gaap:ProfitLoss,Net earnings/(loss),FY24,-8933.0,BMY_SEC-XBRL-financials_as-presented_10-K_2025-02-12_0000014272-25-000039.xlsx,Cash Flow,"Year Ended December 31, 2024",Net (loss)/earnings,us-gaap:ProfitLoss,reported,
cash_flow,us-gaap:DepreciationDepletionAndAmortization,"Depreciation and amortization, net",FY24,9600.0,BMY_SEC-XBRL-financials_as-presented_10-K_2025-02-12_0000014272-25-000039.xlsx,Cash Flow,"Year Ended December 31, 2024","Depreciation and amortization, net",us-gaap:DepreciationDepletionAndAmortization,reported,
cash_flow,us-gaap:DeferredIncomeTaxExpenseBenefit,Deferred income taxes,FY24,-2089.0,BMY_SEC-XBRL-financials_as-presented_10-K_2025-02-12_0000014272-25-000039.xlsx,Cash Flow,"Year Ended December 31, 2024",Deferred income taxes,us-gaap:DeferredIncomeTaxExpenseBenefit,reported,
cash_flow,us-gaap:ShareBasedCompensation,Stock-based compensation,FY24,507.0,BMY_SEC-XBRL-financials_as-presented_10-K_2025-02-12_0000014272-25-000039.xlsx,Cash Flow,"Year Ended December 31, 2024",Stock-based compensation,us-gaap:ShareBasedCompensation,reported,
cash_flow,us-gaap:ImpairmentOfLongLivedAssetsToBeDisposedOf,Impairment charges,FY24,2963.0,BMY_SEC-XBRL-financials_as-presented_10-K_2025-02-12_0000014272-25-000039.xlsx,Cash Flow,"Year Ended December 31, 2024",Impairment charges,us-gaap:ImpairmentOfLongLivedAssetsToBeDisposedOf,reported,
cash_flow,bmy:DivestitureGainsAndRoyalties,Divestiture gains and royalties,FY24,-1119.0,BMY_SEC-XBRL-financials_as-presented_10-K_2025-02-12_0000014272-25-000039.xlsx,Cash Flow,"Year Ended December 31, 2024",Divestiture gains and royalties,bmy:DivestitureGainsAndRoyalties,reported,
cash_flow,bmy:AcquiredIPRD,Acquired IPRD,FY24,13373.0,BMY_SEC-XBRL-financials_as-presented_10-K_2025-02-12_0000014272-25-000039.xlsx,Cash Flow,"Year Ended December 31, 2024",Acquired IPRD,bmy:AcquiredIPRD,reported,
cash_flow,us-gaap:EquityMethodInvestmentRealizedGainLossOnDisposal,"Equity investment (gains)/losses, net",FY24,-16.0,BMY_SEC-XBRL-financials_as-presented_10-K_2025-02-12_0000014272-25-000039.xlsx,Cash Flow,"Year Ended December 31, 2024","Equity investment (gains)/losses, net",us-gaap:EquityMethodInvestmentRealizedGainLossOnDisposal,reported,
cash_flow,us-gaap:OtherNoncashIncomeExpense,Other adjustments,FY24,94.0,BMY_SEC-XBRL-financials_as-presented_10-K_2025-02-12_0000014272-25-000039.xlsx,Cash Flow,"Year Ended December 31, 2024",Other adjustments,us-gaap:OtherNoncashIncomeExpense,reported,
cash_flow,us-gaap:IncreaseDecreaseInReceivables,Receivables,FY24,264.0,BMY_SEC-XBRL-financials_as-presented_10-K_2025-02-12_0000014272-25-000039.xlsx,Cash Flow,"Year Ended December 31, 2024",Receivables,us-gaap:IncreaseDecreaseInReceivables,reported,
cash_flow,us-gaap:IncreaseDecreaseInInventories,Inventories,FY24,-486.0,BMY_SEC-XBRL-financials_as-presented_10-K_2025-02-12_0000014272-25-000039.xlsx,Cash Flow,"Year Ended December 31, 2024",Inventories,us-gaap:IncreaseDecreaseInInventories,reported,
cash_flow,us-gaap:IncreaseDecreaseInAccountsPayable,Accounts payable,FY24,184.0,BMY_SEC-XBRL-financials_as-presented_10-K_2025-02-12_0000014272-25-000039.xlsx,Cash Flow,"Year Ended December 31, 2024",Accounts payable,us-gaap:IncreaseDecreaseInAccountsPayable,reported,
cash_flow,us-gaap:IncreaseDecreaseInOtherAccruedLiabilities,Rebates and discounts,FY24,1484.0,BMY_SEC-XBRL-financials_as-presented_10-K_2025-02-12_0000014272-25-000039.xlsx,Cash Flow,"Year Ended December 31, 2024",Rebates and discounts,us-gaap:IncreaseDecreaseInOtherAccruedLiabilities,reported,
cash_flow,us-gaap:IncreaseDecreaseInAccruedIncomeTaxesPayable,Income taxes payable,FY24,-1260.0,BMY_SEC-XBRL-financials_as-presented_10-K_2025-02-12_0000014272-25-000039.xlsx,Cash Flow,"Year Ended December 31, 2024",Income taxes payable,us-gaap:IncreaseDecreaseInAccruedIncomeTaxesPayable,reported,
cash_flow,us-gaap:IncreaseDecreaseInOtherOperatingCapitalNet,Other,FY24,624.0,BMY_SEC-XBRL-financials_as-presented_10-K_2025-02-12_0000014272-25-000039.xlsx,Cash Flow,"Year Ended December 31, 2024",Other,us-gaap:IncreaseDecreaseInOtherOperatingCapitalNet,reported,
cash_flow,us-gaap:NetCashProvidedByUsedInOperatingActivities,Net cash provided by operating activities,FY24,15190.0,BMY_SEC-XBRL-financials_as-presented_10-K_2025-02-12_0000014272-25-000039.xlsx,Cash Flow,"Year Ended December 31, 2024",Net cash provided by operating activities,us-gaap:NetCashProvidedByUsedInOperatingActivities,reported,
cash_flow,us-gaap:ProceedsFromSaleAndMaturityOfAvailableForSaleSecurities,Sale and maturities of marketable debt securities,FY24,1122.0,BMY_SEC-XBRL-financials_as-presented_10-K_2025-02-12_0000014272-25-000039.xlsx,Cash Flow,"Year Ended December 31, 2024",Sale and maturities of marketable debt securities,us-gaap:ProceedsFromSaleAndMaturityOfAvailableForSaleSecurities,reported,
cash_flow,us-gaap:PaymentsToAcquireMarketableSecurities,Purchase of marketable debt securities,FY24,-769.0,BMY_SEC-XBRL-financials_as-presented_10-K_2025-02-12_0000014272-25-000039.xlsx,Cash Flow,"Year Ended December 31, 2024",Purchase of marketable debt securities,us-gaap:PaymentsToAcquireMarketableSecurities,reported,
cash_flow,us-gaap:ProceedsFromSaleOfEquitySecuritiesFvNi,Proceeds from sales of equity investments,FY24,265.0,BMY_SEC-XBRL-financials_as-presented_10-K_2025-02-12_0000014272-25-000039.xlsx,Cash Flow,"Year Ended December 31, 2024",Proceeds from sales of equity investments,us-gaap:ProceedsFromSaleOfEquitySecuritiesFvNi,reported,
cash_flow,us-gaap:PaymentsToAcquirePropertyPlantAndEquipment,Capital expenditures,FY24,-1248.0,BMY_SEC-XBRL-financials_as-presented_10-K_2025-02-12_0000014272-25-000039.xlsx,Cash Flow,"Year Ended December 31, 2024",Capital expenditures,us-gaap:PaymentsToAcquirePropertyPlantAndEquipment,reported,
cash_flow,bmy:DivestitureAndOtherProceeds,Divestiture and other proceeds,FY24,1099.0,BMY_SEC-XBRL-financials_as-presented_10-K_2025-02-12_0000014272-25-000039.xlsx,Cash Flow,"Year Ended December 31, 2024",Divestiture and other proceeds,bmy:DivestitureAndOtherProceeds,reported,
cash_flow,us-gaap:PaymentsToAcquireBusinessesNetOfCashAcquired,"Acquisition and other payments, net of cash acquired",FY24,-21821.0,BMY_SEC-XBRL-financials_as-presented_10-K_2025-02-12_0000014272-25-000039.xlsx,Cash Flow,"Year Ended December 31, 2024","Acquisition and other payments, net of cash acquired",us-gaap:PaymentsToAcquireBusinessesNetOfCashAcquired,reported,
cash_flow,us-gaap:NetCashProvidedByUsedInInvestingActivities,Net cash provided by/(used in) investing activities,FY24,-21352.0,BMY_SEC-XBRL-financials_as-presented_10-K_2025-02-12_0000014272-25-000039.xlsx,Cash Flow,"Year Ended December 31, 2024",Net cash used in investing activities,us-gaap:NetCashProvidedByUsedInInvestingActivities,reported,
cash_flow,us-gaap:ProceedsFromIssuanceOfCommercialPaper,Proceeds from issuance of short-term debt obligations,FY24,2987.0,BMY_SEC-XBRL-financials_as-presented_10-K_2025-02-12_0000014272-25-000039.xlsx,Cash Flow,"Year Ended December 31, 2024",Proceeds from issuance of short-term debt obligations,us-gaap:ProceedsFromIssuanceOfCommercialPaper,reported,
cash_flow,us-gaap:RepaymentsOfCommercialPaper,Repayments of short-term debt obligations,FY24,-3000.0,BMY_SEC-XBRL-financials_as-presented_10-K_2025-02-12_0000014272-25-000039.xlsx,Cash Flow,"Year Ended December 31, 2024",Repayments of short-term debt obligations,us-gaap:RepaymentsOfCommercialPaper,reported,
cash_flow,us-gaap:ProceedsFromOtherShortTermDebt,"Other short-term financing obligations, net",FY24,99.0,BMY_SEC-XBRL-financials_as-presented_10-K_2025-02-12_0000014272-25-000039.xlsx,Cash Flow,"Year Ended December 31, 2024","Other short-term financing obligations, net",us-gaap:ProceedsFromOtherShortTermDebt,reported,
cash_flow,us-gaap:ProceedsFromIssuanceOfLongTermDebt,Proceeds from issuance of long-term debt,FY24,12883.0,BMY_SEC-XBRL-financials_as-presented_10-K_2025-02-12_0000014272-25-000039.xlsx,Cash Flow,"Year Ended December 31, 2024",Proceeds from issuance of long-term debt,us-gaap:ProceedsFromIssuanceOfLongTermDebt,reported,
cash_flow,us-gaap:RepaymentsOfLongTermDebt,Repayments of long-term debt,FY24,-2873.0,BMY_SEC-XBRL-financials_as-presented_10-K_2025-02-12_0000014272-25-000039.xlsx,Cash Flow,"Year Ended December 31, 2024",Repayments of long-term debt,us-gaap:RepaymentsOfLongTermDebt,reported,
cash_flow,us-gaap:PaymentsOfDividends,Dividends,FY24,-4863.0,BMY_SEC-XBRL-financials_as-presented_10-K_2025-02-12_0000014272-25-000039.xlsx,Cash Flow,"Year Ended December 31, 2024",Dividends,us-gaap:PaymentsOfDividends,reported,
cash_flow,bmy:PaymentsForProceedsFromStockOptionExercisesAndOtherAdjustments,"Stock option proceeds and other, net",FY24,-106.0,BMY_SEC-XBRL-financials_as-presented_10-K_2025-02-12_0000014272-25-000039.xlsx,Cash Flow,"Year Ended December 31, 2024","Stock option proceeds and other, net",bmy:PaymentsForProceedsFromStockOptionExercisesAndOtherAdjustments,reported,
cash_flow,us-gaap:NetCashProvidedByUsedInFinancingActivities,Net cash provided by/(used in) financing activities,FY24,5127.0,BMY_SEC-XBRL-financials_as-presented_10-K_2025-02-12_0000014272-25-000039.xlsx,Cash Flow,"Year Ended December 31, 2024",Net cash provided by/(used in) financing activities,us-gaap:NetCashProvidedByUsedInFinancingActivities,reported,
cash_flow,us-gaap:EffectOfExchangeRateOnCashCashEquivalentsRestrictedCashAndRestrictedCashEquivalents,"Effect of exchange rates on cash, cash equivalents and restricted cash",FY24,-137.0,BMY_SEC-XBRL-financials_as-presented_10-K_2025-02-12_0000014272-25-000039.xlsx,Cash Flow,"Year Ended December 31, 2024","Effect of exchange rates on cash, cash equivalents and restricted cash",us-gaap:EffectOfExchangeRateOnCashCashEquivalentsRestrictedCashAndRestrictedCashEquivalents,reported,
cash_flow,us-gaap:CashCashEquivalentsRestrictedCashAndRestrictedCashEquivalentsPeriodIncreaseDecreaseIncludingExchangeRateEffect,"Increase/(decrease) in cash, cash equivalents and restricted cash",FY24,-1172.0,BMY_SEC-XBRL-financials_as-presented_10-K_2025-02-12_0000014272-25-000039.xlsx,Cash Flow,"Year Ended December 31, 2024","(Decrease)/increase in cash, cash equivalents and restricted cash",us-gaap:CashCashEquivalentsRestrictedCashAndRestrictedCashEquivalentsPeriodIncreaseDecreaseIncludingExchangeRateEffect,reported,
cash_flow,us-gaap:CashCashEquivalentsRestrictedCashAndRestrictedCashEquivalents,"Cash, cash equivalents and restricted cash at beginning of period",FY24,11519.0,BMY_SEC-XBRL-financials_as-presented_10-K_2025-02-12_0000014272-25-000039.xlsx,Cash Flow,"Year Ended December 31, 2024","Cash, cash equivalents and restricted cash at beginning of period",us-gaap:CashCashEquivalentsRestrictedCashAndRestrictedCashEquivalents,reported,
income_statement,us-gaap:Revenues,Net product sales,FY25,46756.0,BMY_SEC-XBRL-financials_as-presented_10-K_2026-02-11_0000014272-26-000004.xlsx,Income Statement,"Year Ended December 31, 2025",Net product sales,us-gaap:Revenues,reported,
income_statement,us-gaap:CostOfGoodsAndServicesSold,Cost of products sold(a),FY25,13936.0,BMY_SEC-XBRL-financials_as-presented_10-K_2026-02-11_0000014272-26-000004.xlsx,Income Statement,"Year Ended December 31, 2025",Cost of products sold(a),us-gaap:CostOfGoodsAndServicesSold,reported,
income_statement,us-gaap:SellingGeneralAndAdministrativeExpense,"Selling, general and administrative",FY25,7267.0,BMY_SEC-XBRL-financials_as-presented_10-K_2026-02-11_0000014272-26-000004.xlsx,Income Statement,"Year Ended December 31, 2025","Selling, general and administrative",us-gaap:SellingGeneralAndAdministrativeExpense,reported,
income_statement,us-gaap:ResearchAndDevelopmentExpense,Research and development,FY25,9951.0,BMY_SEC-XBRL-financials_as-presented_10-K_2026-02-11_0000014272-26-000004.xlsx,Income Statement,"Year Ended December 31, 2025",Research and development,us-gaap:ResearchAndDevelopmentExpense,reported,
income_statement,bmy:AcquiredIPRD,Acquired IPRD,FY25,3721.0,BMY_SEC-XBRL-financials_as-presented_10-K_2026-02-11_0000014272-26-000004.xlsx,Income Statement,"Year Ended December 31, 2025",Acquired IPRD,bmy:AcquiredIPRD,reported,
income_statement,bmy:AmortizationofAcquiredIntangibleAssets,Amortization of acquired intangible assets,FY25,3317.0,BMY_SEC-XBRL-financials_as-presented_10-K_2026-02-11_0000014272-26-000004.xlsx,Income Statement,"Year Ended December 31, 2025",Amortization of acquired intangible assets,bmy:AmortizationofAcquiredIntangibleAssets,reported,
income_statement,us-gaap:OtherNonoperatingIncomeExpense,"Other (income)/expense, net",FY25,674.0,BMY_SEC-XBRL-financials_as-presented_10-K_2026-02-11_0000014272-26-000004.xlsx,Income Statement,"Year Ended December 31, 2025","Other (income)/expense, net",us-gaap:OtherNonoperatingIncomeExpense,reported,
income_statement,us-gaap:CostsAndExpenses,Total Expenses,FY25,38866.0,BMY_SEC-XBRL-financials_as-presented_10-K_2026-02-11_0000014272-26-000004.xlsx,Income Statement,"Year Ended December 31, 2025",Total Expenses,us-gaap:CostsAndExpenses,reported,
income_statement,us-gaap:IncomeLossFromContinuingOperationsBeforeIncomeTaxesExtraordinaryItemsNoncontrollingInterest,Earnings/(Loss) before income taxes,FY25,9328.0,BMY_SEC-XBRL-financials_as-presented_10-K_2026-02-11_0000014272-26-000004.xlsx,Income Statement,"Year Ended December 31, 2025",Earnings/(Loss) before income taxes,us-gaap:IncomeLossFromContinuingOperationsBeforeIncomeTaxesExtraordinaryItemsNoncontrollingInterest,reported,
income_statement,us-gaap:IncomeTaxExpenseBenefit,Income tax provision,FY25,2272.0,BMY_SEC-XBRL-financials_as-presented_10-K_2026-02-11_0000014272-26-000004.xlsx,Income Statement,"Year Ended December 31, 2025",Income tax provision,us-gaap:IncomeTaxExpenseBenefit,reported,
income_statement,us-gaap:ProfitLoss,Net earnings/(loss),FY25,7055.0,BMY_SEC-XBRL-financials_as-presented_10-K_2026-02-11_0000014272-26-000004.xlsx,Income Statement,"Year Ended December 31, 2025",Net earnings/(loss),us-gaap:ProfitLoss,reported,
income_statement,us-gaap:ComprehensiveIncomeNetOfTaxAttributableToNoncontrollingInterest,Noncontrolling Interest,FY25,2.0,BMY_SEC-XBRL-financials_as-presented_10-K_2026-02-11_0000014272-26-000004.xlsx,Income Statement,"Year Ended December 31, 2025",Noncontrolling Interest,us-gaap:ComprehensiveIncomeNetOfTaxAttributableToNoncontrollingInterest,reported,
income_statement,us-gaap:NetIncomeLoss,Net earnings/(loss) attributable to BMS,FY25,7054.0,BMY_SEC-XBRL-financials_as-presented_10-K_2026-02-11_0000014272-26-000004.xlsx,Income Statement,"Year Ended December 31, 2025",Net earnings/(loss) attributable to BMS,us-gaap:NetIncomeLoss,reported,
income_statement,us-gaap:EarningsPerShareBasic,Basic,FY25,3.47,BMY_SEC-XBRL-financials_as-presented_10-K_2026-02-11_0000014272-26-000004.xlsx,Income Statement,"Year Ended December 31, 2025",Basic,us-gaap:EarningsPerShareBasic,reported,
income_statement,us-gaap:EarningsPerShareDiluted,Diluted,FY25,3.46,BMY_SEC-XBRL-financials_as-presented_10-K_2026-02-11_0000014272-26-000004.xlsx,Income Statement,"Year Ended December 31, 2025",Diluted,us-gaap:EarningsPerShareDiluted,reported,
balance_sheet,us-gaap:CashAndCashEquivalentsAtCarryingValue,Cash and cash equivalents,FY25,10209.0,BMY_SEC-XBRL-financials_as-presented_10-K_2026-02-11_0000014272-26-000004.xlsx,Balance Sheet,"December 31, 2025",Cash and cash equivalents,us-gaap:CashAndCashEquivalentsAtCarryingValue,reported,
balance_sheet,us-gaap:AvailableForSaleSecuritiesDebtSecuritiesCurrent,Marketable debt securities,FY25,464.0,BMY_SEC-XBRL-financials_as-presented_10-K_2026-02-11_0000014272-26-000004.xlsx,Balance Sheet,"December 31, 2025",Marketable debt securities,us-gaap:AvailableForSaleSecuritiesDebtSecuritiesCurrent,reported,
balance_sheet,us-gaap:ReceivablesNetCurrent,Receivables,FY25,11414.0,BMY_SEC-XBRL-financials_as-presented_10-K_2026-02-11_0000014272-26-000004.xlsx,Balance Sheet,"December 31, 2025",Receivables,us-gaap:ReceivablesNetCurrent,reported,
balance_sheet,us-gaap:InventoryNet,Inventories,FY25,2690.0,BMY_SEC-XBRL-financials_as-presented_10-K_2026-02-11_0000014272-26-000004.xlsx,Balance Sheet,"December 31, 2025",Inventories,us-gaap:InventoryNet,reported,
balance_sheet,us-gaap:OtherAssetsCurrent,Other current assets,FY25,4613.0,BMY_SEC-XBRL-financials_as-presented_10-K_2026-02-11_0000014272-26-000004.xlsx,Balance Sheet,"December 31, 2025",Other current assets,us-gaap:OtherAssetsCurrent,reported,
balance_sheet,us-gaap:AssetsCurrent,Total Current assets,FY25,29390.0,BMY_SEC-XBRL-financials_as-presented_10-K_2026-02-11_0000014272-26-000004.xlsx,Balance Sheet,"December 31, 2025",Total Current assets,us-gaap:AssetsCurrent,reported,
balance_sheet,us-gaap:PropertyPlantAndEquipmentNet,"Property, plant and equipment",FY25,7543.0,BMY_SEC-XBRL-financials_as-presented_10-K_2026-02-11_0000014272-26-000004.xlsx,Balance Sheet,"December 31, 2025","Property, plant and equipment",us-gaap:PropertyPlantAndEquipmentNet,reported,
balance_sheet,us-gaap:Goodwill,Goodwill,FY25,21754.0,BMY_SEC-XBRL-financials_as-presented_10-K_2026-02-11_0000014272-26-000004.xlsx,Balance Sheet,"December 31, 2025",Goodwill,us-gaap:Goodwill,reported,
balance_sheet,us-gaap:IntangibleAssetsNetExcludingGoodwill,Other intangible assets,FY25,19103.0,BMY_SEC-XBRL-financials_as-presented_10-K_2026-02-11_0000014272-26-000004.xlsx,Balance Sheet,"December 31, 2025",Other intangible assets,us-gaap:IntangibleAssetsNetExcludingGoodwill,reported,
balance_sheet,us-gaap:DeferredIncomeTaxAssetsNet,Deferred income taxes,FY25,5378.0,BMY_SEC-XBRL-financials_as-presented_10-K_2026-02-11_0000014272-26-000004.xlsx,Balance Sheet,"December 31, 2025",Deferred income taxes,us-gaap:DeferredIncomeTaxAssetsNet,reported,
balance_sheet,us-gaap:AvailableForSaleSecuritiesDebtSecuritiesNoncurrent,Marketable debt securities,FY25,396.0,BMY_SEC-XBRL-financials_as-presented_10-K_2026-02-11_0000014272-26-000004.xlsx,Balance Sheet,"December 31, 2025",Marketable debt securities,us-gaap:AvailableForSaleSecuritiesDebtSecuritiesNoncurrent,reported,
balance_sheet,us-gaap:OtherAssetsNoncurrent,Other non-current assets,FY25,6474.0,BMY_SEC-XBRL-financials_as-presented_10-K_2026-02-11_0000014272-26-000004.xlsx,Balance Sheet,"December 31, 2025",Other non-current assets,us-gaap:OtherAssetsNoncurrent,reported,
balance_sheet,us-gaap:Assets,Total Assets,FY25,90038.0,BMY_SEC-XBRL-financials_as-presented_10-K_2026-02-11_0000014272-26-000004.xlsx,Balance Sheet,"December 31, 2025",Total Assets,us-gaap:Assets,reported,
balance_sheet,us-gaap:DebtCurrent,Short-term debt obligations,FY25,2261.0,BMY_SEC-XBRL-financials_as-presented_10-K_2026-02-11_0000014272-26-000004.xlsx,Balance Sheet,"December 31, 2025",Short-term debt obligations,us-gaap:DebtCurrent,reported,
balance_sheet,us-gaap:AccountsPayableCurrent,Accounts payable,FY25,3575.0,BMY_SEC-XBRL-financials_as-presented_10-K_2026-02-11_0000014272-26-000004.xlsx,Balance Sheet,"December 31, 2025",Accounts payable,us-gaap:AccountsPayableCurrent,reported,
balance_sheet,us-gaap:OtherLiabilitiesCurrent,Other current liabilities,FY25,17581.0,BMY_SEC-XBRL-financials_as-presented_10-K_2026-02-11_0000014272-26-000004.xlsx,Balance Sheet,"December 31, 2025",Other current liabilities,us-gaap:OtherLiabilitiesCurrent,reported,
balance_sheet,us-gaap:LiabilitiesCurrent,Total Current liabilities,FY25,23417.0,BMY_SEC-XBRL-financials_as-presented_10-K_2026-02-11_0000014272-26-000004.xlsx,Balance Sheet,"December 31, 2025",Total Current liabilities,us-gaap:LiabilitiesCurrent,reported,
balance_sheet,us-gaap:DeferredIncomeTaxLiabilitiesNet,Deferred income taxes,FY25,222.0,BMY_SEC-XBRL-financials_as-presented_10-K_2026-02-11_0000014272-26-000004.xlsx,Balance Sheet,"December 31, 2025",Deferred income taxes,us-gaap:DeferredIncomeTaxLiabilitiesNet,reported,
balance_sheet,us-gaap:LongTermDebtNoncurrent,Long-term debt,FY25,42850.0,BMY_SEC-XBRL-financials_as-presented_10-K_2026-02-11_0000014272-26-000004.xlsx,Balance Sheet,"December 31, 2025",Long-term debt,us-gaap:LongTermDebtNoncurrent,reported,
balance_sheet,us-gaap:OtherLiabilitiesNoncurrent,Other non-current liabilities,FY25,5043.0,BMY_SEC-XBRL-financials_as-presented_10-K_2026-02-11_0000014272-26-000004.xlsx,Balance Sheet,"December 31, 2025",Other non-current liabilities,us-gaap:OtherLiabilitiesNoncurrent,reported,
balance_sheet,us-gaap:Liabilities,Total Liabilities,FY25,71533.0,BMY_SEC-XBRL-financials_as-presented_10-K_2026-02-11_0000014272-26-000004.xlsx,Balance Sheet,"December 31, 2025",Total Liabilities,us-gaap:Liabilities,reported,
balance_sheet,us-gaap:CommonStockParOrStatedValuePerShare,"Common stock, par value of $0.10 per share: Authorized 4.5 billion shares; 2.9 billion issued in 2025 and 2024",FY25,292.0,BMY_SEC-XBRL-financials_as-presented_10-K_2026-02-11_0000014272-26-000004.xlsx,Balance Sheet,"December 31, 2025","Common stock, par value of $0.10 per share: Authorized 4.5 billion shares; 2.9 billion issued in 2025 and 2024",us-gaap:CommonStockParOrStatedValuePerShare,reported,
balance_sheet,us-gaap:AdditionalPaidInCapital,Capital in excess of par value of stock,FY25,46387.0,BMY_SEC-XBRL-financials_as-presented_10-K_2026-02-11_0000014272-26-000004.xlsx,Balance Sheet,"December 31, 2025",Capital in excess of par value of stock,us-gaap:AdditionalPaidInCapital,reported,
balance_sheet,us-gaap:AccumulatedOtherComprehensiveIncomeLossNetOfTax,Accumulated other comprehensive loss,FY25,-1524.0,BMY_SEC-XBRL-financials_as-presented_10-K_2026-02-11_0000014272-26-000004.xlsx,Balance Sheet,"December 31, 2025",Accumulated other comprehensive loss,us-gaap:AccumulatedOtherComprehensiveIncomeLossNetOfTax,reported,
balance_sheet,us-gaap:RetainedEarningsAccumulatedDeficit,Retained earnings,FY25,16896.0,BMY_SEC-XBRL-financials_as-presented_10-K_2026-02-11_0000014272-26-000004.xlsx,Balance Sheet,"December 31, 2025",Retained earnings,us-gaap:RetainedEarningsAccumulatedDeficit,reported,
balance_sheet,us-gaap:TreasuryStockCommonShares,Less cost of treasury stock — 887 million common shares in 2025 and 894 million common shares in 2024,FY25,-43579.0,BMY_SEC-XBRL-financials_as-presented_10-K_2026-02-11_0000014272-26-000004.xlsx,Balance Sheet,"December 31, 2025",Less cost of treasury stock — 887 million common shares in 2025 and 894 million common shares in 2024,us-gaap:TreasuryStockCommonShares,reported,
balance_sheet,us-gaap:StockholdersEquity,Total BMS Shareholders’ Equity,FY25,18473.0,BMY_SEC-XBRL-financials_as-presented_10-K_2026-02-11_0000014272-26-000004.xlsx,Balance Sheet,"December 31, 2025",Total BMS Shareholders’ Equity,us-gaap:StockholdersEquity,reported,
balance_sheet,us-gaap:MinorityInterest,Noncontrolling interest,FY25,33.0,BMY_SEC-XBRL-financials_as-presented_10-K_2026-02-11_0000014272-26-000004.xlsx,Balance Sheet,"December 31, 2025",Noncontrolling interest,us-gaap:MinorityInterest,reported,
balance_sheet,us-gaap:StockholdersEquityIncludingPortionAttributableToNoncontrollingInterest,Total Equity,FY25,18506.0,BMY_SEC-XBRL-financials_as-presented_10-K_2026-02-11_0000014272-26-000004.xlsx,Balance Sheet,"December 31, 2025",Total Equity,us-gaap:StockholdersEquityIncludingPortionAttributableToNoncontrollingInterest,reported,
balance_sheet,us-gaap:LiabilitiesAndStockholdersEquity,Total Liabilities and Equity,FY25,90038.0,BMY_SEC-XBRL-financials_as-presented_10-K_2026-02-11_0000014272-26-000004.xlsx,Balance Sheet,"December 31, 2025",Total Liabilities and Equity,us-gaap:LiabilitiesAndStockholdersEquity,reported,
cash_flow,us-gaap:ProfitLoss,Net earnings/(loss),FY25,7055.0,BMY_SEC-XBRL-financials_as-presented_10-K_2026-02-11_0000014272-26-000004.xlsx,Cash Flow,"Year Ended December 31, 2025",Net earnings/(loss),us-gaap:ProfitLoss,reported,
cash_flow,us-gaap:DepreciationDepletionAndAmortization,"Depreciation and amortization, net",FY25,4011.0,BMY_SEC-XBRL-financials_as-presented_10-K_2026-02-11_0000014272-26-000004.xlsx,Cash Flow,"Year Ended December 31, 2025","Depreciation and amortization, net",us-gaap:DepreciationDepletionAndAmortization,reported,
cash_flow,us-gaap:DeferredIncomeTaxExpenseBenefit,Deferred income taxes,FY25,-965.0,BMY_SEC-XBRL-financials_as-presented_10-K_2026-02-11_0000014272-26-000004.xlsx,Cash Flow,"Year Ended December 31, 2025",Deferred income taxes,us-gaap:DeferredIncomeTaxExpenseBenefit,reported,
cash_flow,us-gaap:ShareBasedCompensation,Stock-based compensation,FY25,553.0,BMY_SEC-XBRL-financials_as-presented_10-K_2026-02-11_0000014272-26-000004.xlsx,Cash Flow,"Year Ended December 31, 2025",Stock-based compensation,us-gaap:ShareBasedCompensation,reported,
cash_flow,us-gaap:ImpairmentOfLongLivedAssetsToBeDisposedOf,Impairment charges,FY25,1098.0,BMY_SEC-XBRL-financials_as-presented_10-K_2026-02-11_0000014272-26-000004.xlsx,Cash Flow,"Year Ended December 31, 2025",Impairment charges,us-gaap:ImpairmentOfLongLivedAssetsToBeDisposedOf,reported,
cash_flow,bmy:DivestitureGainsAndRoyalties,Divestiture gains and royalties,FY25,-1165.0,BMY_SEC-XBRL-financials_as-presented_10-K_2026-02-11_0000014272-26-000004.xlsx,Cash Flow,"Year Ended December 31, 2025",Divestiture gains and royalties,bmy:DivestitureGainsAndRoyalties,reported,
cash_flow,bmy:AcquiredIPRD,Acquired IPRD,FY25,3721.0,BMY_SEC-XBRL-financials_as-presented_10-K_2026-02-11_0000014272-26-000004.xlsx,Cash Flow,"Year Ended December 31, 2025",Acquired IPRD,bmy:AcquiredIPRD,reported,
cash_flow,us-gaap:EquityMethodInvestmentRealizedGainLossOnDisposal,"Equity investment (gains)/losses, net",FY25,-280.0,BMY_SEC-XBRL-financials_as-presented_10-K_2026-02-11_0000014272-26-000004.xlsx,Cash Flow,"Year Ended December 31, 2025","Equity investment (gains)/losses, net",us-gaap:EquityMethodInvestmentRealizedGainLossOnDisposal,reported,
cash_flow,us-gaap:BusinessCombinationContingentConsiderationArrangementsChangeInAmountOfContingentConsiderationLiability1,Contingent consideration fair value adjustments,FY25,351.0,BMY_SEC-XBRL-financials_as-presented_10-K_2026-02-11_0000014272-26-000004.xlsx,Cash Flow,"Year Ended December 31, 2025",Contingent consideration fair value adjustments,us-gaap:BusinessCombinationContingentConsiderationArrangementsChangeInAmountOfContingentConsiderationLiability1,reported,
cash_flow,us-gaap:OtherNoncashIncomeExpense,Other adjustments,FY25,232.0,BMY_SEC-XBRL-financials_as-presented_10-K_2026-02-11_0000014272-26-000004.xlsx,Cash Flow,"Year Ended December 31, 2025",Other adjustments,us-gaap:OtherNoncashIncomeExpense,reported,
cash_flow,us-gaap:IncreaseDecreaseInReceivables,Receivables,FY25,-295.0,BMY_SEC-XBRL-financials_as-presented_10-K_2026-02-11_0000014272-26-000004.xlsx,Cash Flow,"Year Ended December 31, 2025",Receivables,us-gaap:IncreaseDecreaseInReceivables,reported,
cash_flow,us-gaap:IncreaseDecreaseInInventories,Inventories,FY25,-184.0,BMY_SEC-XBRL-financials_as-presented_10-K_2026-02-11_0000014272-26-000004.xlsx,Cash Flow,"Year Ended December 31, 2025",Inventories,us-gaap:IncreaseDecreaseInInventories,reported,
cash_flow,us-gaap:IncreaseDecreaseInAccountsPayable,Accounts payable,FY25,-2.0,BMY_SEC-XBRL-financials_as-presented_10-K_2026-02-11_0000014272-26-000004.xlsx,Cash Flow,"Year Ended December 31, 2025",Accounts payable,us-gaap:IncreaseDecreaseInAccountsPayable,reported,
cash_flow,us-gaap:IncreaseDecreaseInOtherAccruedLiabilities,Rebates and discounts,FY25,-441.0,BMY_SEC-XBRL-financials_as-presented_10-K_2026-02-11_0000014272-26-000004.xlsx,Cash Flow,"Year Ended December 31, 2025",Rebates and discounts,us-gaap:IncreaseDecreaseInOtherAccruedLiabilities,reported,
cash_flow,us-gaap:IncreaseDecreaseInAccruedIncomeTaxesPayable,Income taxes payable,FY25,-4.0,BMY_SEC-XBRL-financials_as-presented_10-K_2026-02-11_0000014272-26-000004.xlsx,Cash Flow,"Year Ended December 31, 2025",Income taxes payable,us-gaap:IncreaseDecreaseInAccruedIncomeTaxesPayable,reported,
cash_flow,us-gaap:IncreaseDecreaseInOtherOperatingCapitalNet,Other,FY25,471.0,BMY_SEC-XBRL-financials_as-presented_10-K_2026-02-11_0000014272-26-000004.xlsx,Cash Flow,"Year Ended December 31, 2025",Other,us-gaap:IncreaseDecreaseInOtherOperatingCapitalNet,reported,
cash_flow,us-gaap:NetCashProvidedByUsedInOperatingActivities,Net cash provided by operating activities,FY25,14156.0,BMY_SEC-XBRL-financials_as-presented_10-K_2026-02-11_0000014272-26-000004.xlsx,Cash Flow,"Year Ended December 31, 2025",Net cash provided by operating activities,us-gaap:NetCashProvidedByUsedInOperatingActivities,reported,
cash_flow,us-gaap:ProceedsFromSaleAndMaturityOfAvailableForSaleSecurities,Sale and maturities of marketable debt securities,FY25,1975.0,BMY_SEC-XBRL-financials_as-presented_10-K_2026-02-11_0000014272-26-000004.xlsx,Cash Flow,"Year Ended December 31, 2025",Sale and maturities of marketable debt securities,us-gaap:ProceedsFromSaleAndMaturityOfAvailableForSaleSecurities,reported,
cash_flow,us-gaap:PaymentsToAcquireMarketableSecurities,Purchase of marketable debt securities,FY25,-2000.0,BMY_SEC-XBRL-financials_as-presented_10-K_2026-02-11_0000014272-26-000004.xlsx,Cash Flow,"Year Ended December 31, 2025",Purchase of marketable debt securities,us-gaap:PaymentsToAcquireMarketableSecurities,reported,
cash_flow,us-gaap:ProceedsFromSaleOfEquitySecuritiesFvNi,Proceeds from sales of equity investments,FY25,77.0,BMY_SEC-XBRL-financials_as-presented_10-K_2026-02-11_0000014272-26-000004.xlsx,Cash Flow,"Year Ended December 31, 2025",Proceeds from sales of equity investments,us-gaap:ProceedsFromSaleOfEquitySecuritiesFvNi,reported,
cash_flow,us-gaap:PaymentsToAcquirePropertyPlantAndEquipment,Capital expenditures,FY25,-1311.0,BMY_SEC-XBRL-financials_as-presented_10-K_2026-02-11_0000014272-26-000004.xlsx,Cash Flow,"Year Ended December 31, 2025",Capital expenditures,us-gaap:PaymentsToAcquirePropertyPlantAndEquipment,reported,
cash_flow,bmy:DivestitureAndOtherProceeds,Divestiture and other proceeds,FY25,1071.0,BMY_SEC-XBRL-financials_as-presented_10-K_2026-02-11_0000014272-26-000004.xlsx,Cash Flow,"Year Ended December 31, 2025",Divestiture and other proceeds,bmy:DivestitureAndOtherProceeds,reported,
cash_flow,us-gaap:PaymentsToAcquireBusinessesNetOfCashAcquired,"Acquisition and other payments, net of cash acquired",FY25,-3944.0,BMY_SEC-XBRL-financials_as-presented_10-K_2026-02-11_0000014272-26-000004.xlsx,Cash Flow,"Year Ended December 31, 2025","Acquisition and other payments, net of cash acquired",us-gaap:PaymentsToAcquireBusinessesNetOfCashAcquired,reported,
cash_flow,us-gaap:NetCashProvidedByUsedInInvestingActivities,Net cash provided by/(used in) investing activities,FY25,-4132.0,BMY_SEC-XBRL-financials_as-presented_10-K_2026-02-11_0000014272-26-000004.xlsx,Cash Flow,"Year Ended December 31, 2025",Net cash provided by/(used in) investing activities,us-gaap:NetCashProvidedByUsedInInvestingActivities,reported,
cash_flow,us-gaap:ProceedsFromOtherShortTermDebt,"Other short-term financing obligations, net",FY25,25.0,BMY_SEC-XBRL-financials_as-presented_10-K_2026-02-11_0000014272-26-000004.xlsx,Cash Flow,"Year Ended December 31, 2025","Other short-term financing obligations, net",us-gaap:ProceedsFromOtherShortTermDebt,reported,
cash_flow,us-gaap:ProceedsFromIssuanceOfLongTermDebt,Proceeds from issuance of long-term debt,FY25,5740.0,BMY_SEC-XBRL-financials_as-presented_10-K_2026-02-11_0000014272-26-000004.xlsx,Cash Flow,"Year Ended December 31, 2025",Proceeds from issuance of long-term debt,us-gaap:ProceedsFromIssuanceOfLongTermDebt,reported,
cash_flow,us-gaap:RepaymentsOfLongTermDebt,Repayments of long-term debt,FY25,-10940.0,BMY_SEC-XBRL-financials_as-presented_10-K_2026-02-11_0000014272-26-000004.xlsx,Cash Flow,"Year Ended December 31, 2025",Repayments of long-term debt,us-gaap:RepaymentsOfLongTermDebt,reported,
cash_flow,us-gaap:PaymentsOfDividends,Dividends,FY25,-5045.0,BMY_SEC-XBRL-financials_as-presented_10-K_2026-02-11_0000014272-26-000004.xlsx,Cash Flow,"Year Ended December 31, 2025",Dividends,us-gaap:PaymentsOfDividends,reported,
cash_flow,bmy:PaymentsForProceedsFromStockOptionExercisesAndOtherAdjustments,"Stock option proceeds and other, net",FY25,-128.0,BMY_SEC-XBRL-financials_as-presented_10-K_2026-02-11_0000014272-26-000004.xlsx,Cash Flow,"Year Ended December 31, 2025","Stock option proceeds and other, net",bmy:PaymentsForProceedsFromStockOptionExercisesAndOtherAdjustments,reported,
cash_flow,us-gaap:NetCashProvidedByUsedInFinancingActivities,Net cash provided by/(used in) financing activities,FY25,-10348.0,BMY_SEC-XBRL-financials_as-presented_10-K_2026-02-11_0000014272-26-000004.xlsx,Cash Flow,"Year Ended December 31, 2025",Net cash provided by/(used in) financing activities,us-gaap:NetCashProvidedByUsedInFinancingActivities,reported,
cash_flow,us-gaap:EffectOfExchangeRateOnCashCashEquivalentsRestrictedCashAndRestrictedCashEquivalents,"Effect of exchange rates on cash, cash equivalents and restricted cash",FY25,195.0,BMY_SEC-XBRL-financials_as-presented_10-K_2026-02-11_0000014272-26-000004.xlsx,Cash Flow,"Year Ended December 31, 2025","Effect of exchange rates on cash, cash equivalents and restricted cash",us-gaap:EffectOfExchangeRateOnCashCashEquivalentsRestrictedCashAndRestrictedCashEquivalents,reported,
cash_flow,us-gaap:CashCashEquivalentsRestrictedCashAndRestrictedCashEquivalentsPeriodIncreaseDecreaseIncludingExchangeRateEffect,"Increase/(decrease) in cash, cash equivalents and restricted cash",FY25,-129.0,BMY_SEC-XBRL-financials_as-presented_10-K_2026-02-11_0000014272-26-000004.xlsx,Cash Flow,"Year Ended December 31, 2025","Increase/(decrease) in cash, cash equivalents and restricted cash",us-gaap:CashCashEquivalentsRestrictedCashAndRestrictedCashEquivalentsPeriodIncreaseDecreaseIncludingExchangeRateEffect,reported,
cash_flow,us-gaap:CashCashEquivalentsRestrictedCashAndRestrictedCashEquivalents,"Cash, cash equivalents and restricted cash at beginning of period",FY25,10347.0,BMY_SEC-XBRL-financials_as-presented_10-K_2026-02-11_0000014272-26-000004.xlsx,Cash Flow,"Year Ended December 31, 2025","Cash, cash equivalents and restricted cash at beginning of period",us-gaap:CashCashEquivalentsRestrictedCashAndRestrictedCashEquivalents,reported,
income_statement,us-gaap:Revenues,Net product sales,1Q19,5713.0,BMY_SEC-XBRL-financials_as-presented_10-Q_2019-04-25_0000014272-19-000107.xlsx,Income Statement,"Three Months Ended March 31, 2019",Net product sales,html:net-product-sales,reported,
income_statement,html:alliance-and-other-revenues,Alliance and other revenues,1Q19,207.0,BMY_SEC-XBRL-financials_as-presented_10-Q_2019-04-25_0000014272-19-000107.xlsx,Income Statement,"Three Months Ended March 31, 2019",Alliance and other revenues,html:alliance-and-other-revenues,reported,
income_statement,html:total-revenues,Total Revenues,1Q19,5920.0,BMY_SEC-XBRL-financials_as-presented_10-Q_2019-04-25_0000014272-19-000107.xlsx,Income Statement,"Three Months Ended March 31, 2019",Total Revenues,html:total-revenues,reported,
income_statement,us-gaap:CostOfGoodsAndServicesSold,Cost of products sold(a),1Q19,1844.0,BMY_SEC-XBRL-financials_as-presented_10-Q_2019-04-25_0000014272-19-000107.xlsx,Income Statement,"Three Months Ended March 31, 2019",Cost of products sold,html:cost-of-products-sold,reported,
income_statement,us-gaap:SellingGeneralAndAdministrativeExpense,"Selling, general and administrative",1Q19,1006.0,BMY_SEC-XBRL-financials_as-presented_10-Q_2019-04-25_0000014272-19-000107.xlsx,Income Statement,"Three Months Ended March 31, 2019","Marketing, selling and administrative",html:marketing-selling-and-administrative,reported,
income_statement,us-gaap:ResearchAndDevelopmentExpense,Research and development,1Q19,1351.0,BMY_SEC-XBRL-financials_as-presented_10-Q_2019-04-25_0000014272-19-000107.xlsx,Income Statement,"Three Months Ended March 31, 2019",Research and development,html:research-and-development,reported,
income_statement,html:other-income-net,Other income (net),1Q19,-260.0,BMY_SEC-XBRL-financials_as-presented_10-Q_2019-04-25_0000014272-19-000107.xlsx,Income Statement,"Three Months Ended March 31, 2019",Other income (net),html:other-income-net,reported,
income_statement,us-gaap:CostsAndExpenses,Total Expenses,1Q19,3941.0,BMY_SEC-XBRL-financials_as-presented_10-Q_2019-04-25_0000014272-19-000107.xlsx,Income Statement,"Three Months Ended March 31, 2019",Total Expenses,html:total-expenses,reported,
income_statement,us-gaap:IncomeLossFromContinuingOperationsBeforeIncomeTaxesExtraordinaryItemsNoncontrollingInterest,Earnings/(Loss) before income taxes,1Q19,1979.0,BMY_SEC-XBRL-financials_as-presented_10-Q_2019-04-25_0000014272-19-000107.xlsx,Income Statement,"Three Months Ended March 31, 2019",Earnings Before Income Taxes,html:earnings-before-income-taxes,reported,
income_statement,us-gaap:IncomeTaxExpenseBenefit,Income tax provision,1Q19,264.0,BMY_SEC-XBRL-financials_as-presented_10-Q_2019-04-25_0000014272-19-000107.xlsx,Income Statement,"Three Months Ended March 31, 2019",Provision for Income Taxes,html:provision-for-income-taxes,reported,
income_statement,us-gaap:ProfitLoss,Net earnings/(loss),1Q19,1715.0,BMY_SEC-XBRL-financials_as-presented_10-Q_2019-04-25_0000014272-19-000107.xlsx,Income Statement,"Three Months Ended March 31, 2019",Net Earnings,html:net-earnings,reported,
income_statement,us-gaap:ComprehensiveIncomeNetOfTaxAttributableToNoncontrollingInterest,Noncontrolling Interest,1Q19,5.0,BMY_SEC-XBRL-financials_as-presented_10-Q_2019-04-25_0000014272-19-000107.xlsx,Income Statement,"Three Months Ended March 31, 2019",Noncontrolling Interest,html:noncontrolling-interest,reported,
income_statement,us-gaap:NetIncomeLoss,Net earnings/(loss) attributable to BMS,1Q19,1710.0,BMY_SEC-XBRL-financials_as-presented_10-Q_2019-04-25_0000014272-19-000107.xlsx,Income Statement,"Three Months Ended March 31, 2019",Net Earnings Attributable to BMS,html:net-earnings-attributable-to-bms,reported,
income_statement,us-gaap:EarningsPerShareBasic,Basic,1Q19,1.05,BMY_SEC-XBRL-financials_as-presented_10-Q_2019-04-25_0000014272-19-000107.xlsx,Income Statement,"Three Months Ended March 31, 2019",Basic,html:basic,reported,
income_statement,us-gaap:EarningsPerShareDiluted,Diluted,1Q19,1.04,BMY_SEC-XBRL-financials_as-presented_10-Q_2019-04-25_0000014272-19-000107.xlsx,Income Statement,"Three Months Ended March 31, 2019",Diluted,html:diluted,reported,
balance_sheet,html:cash-and-cash-equivalents,Cash and cash equivalents,1Q19,7335.0,BMY_SEC-XBRL-financials_as-presented_10-Q_2019-04-25_0000014272-19-000107.xlsx,Balance Sheet,"March 31, 2019",Cash and cash equivalents,html:cash-and-cash-equivalents,reported,
balance_sheet,html:marketable-securities,Marketable securities,1Q19,1429.0,BMY_SEC-XBRL-financials_as-presented_10-Q_2019-04-25_0000014272-19-000107.xlsx,Balance Sheet,"March 31, 2019",Marketable securities,html:marketable-securities,reported,
balance_sheet,html:receivables,Receivables,1Q19,5704.0,BMY_SEC-XBRL-financials_as-presented_10-Q_2019-04-25_0000014272-19-000107.xlsx,Balance Sheet,"March 31, 2019",Receivables,html:receivables,reported,
balance_sheet,html:inventories,Inventories,1Q19,1283.0,BMY_SEC-XBRL-financials_as-presented_10-Q_2019-04-25_0000014272-19-000107.xlsx,Balance Sheet,"March 31, 2019",Inventories,html:inventories,reported,
balance_sheet,html:prepaid-expenses-and-other,Prepaid expenses and other,1Q19,1342.0,BMY_SEC-XBRL-financials_as-presented_10-Q_2019-04-25_0000014272-19-000107.xlsx,Balance Sheet,"March 31, 2019",Prepaid expenses and other,html:prepaid-expenses-and-other,reported,
balance_sheet,html:total-current-assets,Total Current Assets,1Q19,17093.0,BMY_SEC-XBRL-financials_as-presented_10-Q_2019-04-25_0000014272-19-000107.xlsx,Balance Sheet,"March 31, 2019",Total Current Assets,html:total-current-assets,reported,
balance_sheet,html:property-plant-and-equipment,"Property, plant and equipment",1Q19,4985.0,BMY_SEC-XBRL-financials_as-presented_10-Q_2019-04-25_0000014272-19-000107.xlsx,Balance Sheet,"March 31, 2019","Property, plant and equipment",html:property-plant-and-equipment,reported,
balance_sheet,html:goodwill,Goodwill,1Q19,6536.0,BMY_SEC-XBRL-financials_as-presented_10-Q_2019-04-25_0000014272-19-000107.xlsx,Balance Sheet,"March 31, 2019",Goodwill,html:goodwill,reported,
balance_sheet,html:other-intangible-assets,Other intangible assets,1Q19,1026.0,BMY_SEC-XBRL-financials_as-presented_10-Q_2019-04-25_0000014272-19-000107.xlsx,Balance Sheet,"March 31, 2019",Other intangible assets,html:other-intangible-assets,reported,
balance_sheet,html:deferred-income-taxes,Deferred income taxes,1Q19,1380.0,BMY_SEC-XBRL-financials_as-presented_10-Q_2019-04-25_0000014272-19-000107.xlsx,Balance Sheet,"March 31, 2019",Deferred income taxes,html:deferred-income-taxes,reported,
balance_sheet,html:other-assets,Other assets,1Q19,2581.0,BMY_SEC-XBRL-financials_as-presented_10-Q_2019-04-25_0000014272-19-000107.xlsx,Balance Sheet,"March 31, 2019",Other assets,html:other-assets,reported,
balance_sheet,html:total-assets,Total Assets,1Q19,34834.0,BMY_SEC-XBRL-financials_as-presented_10-Q_2019-04-25_0000014272-19-000107.xlsx,Balance Sheet,"March 31, 2019",Total Assets,html:total-assets,reported,
balance_sheet,html:short-term-debt-obligations,Short-term debt obligations,1Q19,381.0,BMY_SEC-XBRL-financials_as-presented_10-Q_2019-04-25_0000014272-19-000107.xlsx,Balance Sheet,"March 31, 2019",Short-term debt obligations,html:short-term-debt-obligations,reported,
balance_sheet,html:accounts-payable,Accounts payable,1Q19,1976.0,BMY_SEC-XBRL-financials_as-presented_10-Q_2019-04-25_0000014272-19-000107.xlsx,Balance Sheet,"March 31, 2019",Accounts payable,html:accounts-payable,reported,
balance_sheet,html:accrued-liabilities,Accrued liabilities,1Q19,5856.0,BMY_SEC-XBRL-financials_as-presented_10-Q_2019-04-25_0000014272-19-000107.xlsx,Balance Sheet,"March 31, 2019",Accrued liabilities,html:accrued-liabilities,reported,
balance_sheet,html:deferred-income,Deferred income,1Q19,103.0,BMY_SEC-XBRL-financials_as-presented_10-Q_2019-04-25_0000014272-19-000107.xlsx,Balance Sheet,"March 31, 2019",Deferred income,html:deferred-income,reported,
balance_sheet,html:income-taxes-payable,Income taxes payable,1Q19,525.0,BMY_SEC-XBRL-financials_as-presented_10-Q_2019-04-25_0000014272-19-000107.xlsx,Balance Sheet,"March 31, 2019",Income taxes payable,html:income-taxes-payable,reported,
balance_sheet,html:total-current-liabilities,Total Current Liabilities,1Q19,8841.0,BMY_SEC-XBRL-financials_as-presented_10-Q_2019-04-25_0000014272-19-000107.xlsx,Balance Sheet,"March 31, 2019",Total Current Liabilities,html:total-current-liabilities,reported,
balance_sheet,html:pension-and-other-liabilities,Pension and other liabilities,1Q19,1509.0,BMY_SEC-XBRL-financials_as-presented_10-Q_2019-04-25_0000014272-19-000107.xlsx,Balance Sheet,"March 31, 2019",Pension and other liabilities,html:pension-and-other-liabilities,reported,
balance_sheet,html:long-term-debt,Long-term debt,1Q19,5635.0,BMY_SEC-XBRL-financials_as-presented_10-Q_2019-04-25_0000014272-19-000107.xlsx,Balance Sheet,"March 31, 2019",Long-term debt,html:long-term-debt,reported,
balance_sheet,html:total-liabilities,Total Liabilities,1Q19,19517.0,BMY_SEC-XBRL-financials_as-presented_10-Q_2019-04-25_0000014272-19-000107.xlsx,Balance Sheet,"March 31, 2019",Total Liabilities,html:total-liabilities,reported,
balance_sheet,html:common-stock,Common stock,1Q19,221.0,BMY_SEC-XBRL-financials_as-presented_10-Q_2019-04-25_0000014272-19-000107.xlsx,Balance Sheet,"March 31, 2019",Common stock,html:common-stock,reported,
balance_sheet,html:capital-in-excess-of-par-value-of-stock,Capital in excess of par value of stock,1Q19,2103.0,BMY_SEC-XBRL-financials_as-presented_10-Q_2019-04-25_0000014272-19-000107.xlsx,Balance Sheet,"March 31, 2019",Capital in excess of par value of stock,html:capital-in-excess-of-par-value-of-stock,reported,
balance_sheet,html:accumulated-other-comprehensive-loss,Accumulated other comprehensive loss,1Q19,-2644.0,BMY_SEC-XBRL-financials_as-presented_10-Q_2019-04-25_0000014272-19-000107.xlsx,Balance Sheet,"March 31, 2019",Accumulated other comprehensive loss,html:accumulated-other-comprehensive-loss,reported,
balance_sheet,html:retained-earnings,Retained earnings,1Q19,35109.0,BMY_SEC-XBRL-financials_as-presented_10-Q_2019-04-25_0000014272-19-000107.xlsx,Balance Sheet,"March 31, 2019",Retained earnings,html:retained-earnings,reported,
balance_sheet,html:less-cost-of-treasury-stock,Less cost of treasury stock,1Q19,-19571.0,BMY_SEC-XBRL-financials_as-presented_10-Q_2019-04-25_0000014272-19-000107.xlsx,Balance Sheet,"March 31, 2019",Less cost of treasury stock,html:less-cost-of-treasury-stock,reported,
balance_sheet,html:total-bristol-myers-squibb-company-shareholders-equity,Total Bristol-Myers Squibb Company Shareholders' Equity,1Q19,15218.0,BMY_SEC-XBRL-financials_as-presented_10-Q_2019-04-25_0000014272-19-000107.xlsx,Balance Sheet,"March 31, 2019",Total Bristol-Myers Squibb Company Shareholders’ Equity,html:total-bristol-myers-squibb-company-shareholders-equity,reported,
balance_sheet,html:noncontrolling-interest,Noncontrolling interest,1Q19,99.0,BMY_SEC-XBRL-financials_as-presented_10-Q_2019-04-25_0000014272-19-000107.xlsx,Balance Sheet,"March 31, 2019",Noncontrolling interest,html:noncontrolling-interest,reported,
balance_sheet,html:total-equity,Total Equity,1Q19,15317.0,BMY_SEC-XBRL-financials_as-presented_10-Q_2019-04-25_0000014272-19-000107.xlsx,Balance Sheet,"March 31, 2019",Total Equity,html:total-equity,reported,
balance_sheet,html:total-liabilities-and-equity,Total Liabilities and Equity,1Q19,34834.0,BMY_SEC-XBRL-financials_as-presented_10-Q_2019-04-25_0000014272-19-000107.xlsx,Balance Sheet,"March 31, 2019",Total Liabilities and Equity,html:total-liabilities-and-equity,reported,
cash_flow,us-gaap:ProfitLoss,Net earnings/(loss),1Q19,1715.0,BMY_SEC-XBRL-financials_as-presented_10-Q_2019-04-25_0000014272-19-000107.xlsx,Cash Flow,"Three Months Ended March 31, 2019",Net earnings,html:net-earnings,reported,
cash_flow,us-gaap:DepreciationDepletionAndAmortization,"Depreciation and amortization, net",1Q19,170.0,BMY_SEC-XBRL-financials_as-presented_10-Q_2019-04-25_0000014272-19-000107.xlsx,Cash Flow,"Three Months Ended March 31, 2019","Depreciation and amortization, net",html:depreciation-and-amortization-net,reported,
cash_flow,us-gaap:DeferredIncomeTaxExpenseBenefit,Deferred income taxes,1Q19,17.0,BMY_SEC-XBRL-financials_as-presented_10-Q_2019-04-25_0000014272-19-000107.xlsx,Cash Flow,"Three Months Ended March 31, 2019",Deferred income; Deferred income taxes,html:deferred-income + html:deferred-income-taxes,summed_within_file,SUM(html:deferred-income + html:deferred-income-taxes) in BMY_SEC-XBRL-financials_as-presented_10-Q_2019-04-25_0000014272-19-000107.xlsx
cash_flow,us-gaap:ShareBasedCompensation,Stock-based compensation,1Q19,53.0,BMY_SEC-XBRL-financials_as-presented_10-Q_2019-04-25_0000014272-19-000107.xlsx,Cash Flow,"Three Months Ended March 31, 2019",Stock-based compensation,html:stock-based-compensation,reported,
cash_flow,us-gaap:ImpairmentOfLongLivedAssetsToBeDisposedOf,Impairment charges,1Q19,45.0,BMY_SEC-XBRL-financials_as-presented_10-Q_2019-04-25_0000014272-19-000107.xlsx,Cash Flow,"Three Months Ended March 31, 2019",Impairment charges,html:impairment-charges,reported,
cash_flow,html:pension-settlements-and-amortization,Pension settlements and amortization,1Q19,66.0,BMY_SEC-XBRL-financials_as-presented_10-Q_2019-04-25_0000014272-19-000107.xlsx,Cash Flow,"Three Months Ended March 31, 2019",Pension settlements and amortization,html:pension-settlements-and-amortization,reported,
cash_flow,bmy:DivestitureGainsAndRoyalties,Divestiture gains and royalties,1Q19,-166.0,BMY_SEC-XBRL-financials_as-presented_10-Q_2019-04-25_0000014272-19-000107.xlsx,Cash Flow,"Three Months Ended March 31, 2019",Divestiture gains and royalties,html:divestiture-gains-and-royalties,reported,
cash_flow,html:equity-investment-gains,Equity investment gains,1Q19,-175.0,BMY_SEC-XBRL-financials_as-presented_10-Q_2019-04-25_0000014272-19-000107.xlsx,Cash Flow,"Three Months Ended March 31, 2019",Equity investment gains,html:equity-investment-gains,reported,
cash_flow,us-gaap:OtherNoncashIncomeExpense,Other adjustments,1Q19,-6.0,BMY_SEC-XBRL-financials_as-presented_10-Q_2019-04-25_0000014272-19-000107.xlsx,Cash Flow,"Three Months Ended March 31, 2019",Other adjustments,html:other-adjustments,reported,
cash_flow,us-gaap:IncreaseDecreaseInReceivables,Receivables,1Q19,236.0,BMY_SEC-XBRL-financials_as-presented_10-Q_2019-04-25_0000014272-19-000107.xlsx,Cash Flow,"Three Months Ended March 31, 2019",Receivables,html:receivables,reported,
cash_flow,us-gaap:IncreaseDecreaseInInventories,Inventories,1Q19,35.0,BMY_SEC-XBRL-financials_as-presented_10-Q_2019-04-25_0000014272-19-000107.xlsx,Cash Flow,"Three Months Ended March 31, 2019",Inventories,html:inventories,reported,
cash_flow,us-gaap:IncreaseDecreaseInAccountsPayable,Accounts payable,1Q19,136.0,BMY_SEC-XBRL-financials_as-presented_10-Q_2019-04-25_0000014272-19-000107.xlsx,Cash Flow,"Three Months Ended March 31, 2019",Accounts payable,html:accounts-payable,reported,
cash_flow,us-gaap:IncreaseDecreaseInAccruedIncomeTaxesPayable,Income taxes payable,1Q19,196.0,BMY_SEC-XBRL-financials_as-presented_10-Q_2019-04-25_0000014272-19-000107.xlsx,Cash Flow,"Three Months Ended March 31, 2019",Income taxes payable,html:income-taxes-payable,reported,
cash_flow,us-gaap:IncreaseDecreaseInOtherOperatingCapitalNet,Other,1Q19,-984.0,BMY_SEC-XBRL-financials_as-presented_10-Q_2019-04-25_0000014272-19-000107.xlsx,Cash Flow,"Three Months Ended March 31, 2019",Acquisition and other payments; Other,html:acquisition-and-other-payments + html:other,summed_within_file,SUM(html:acquisition-and-other-payments + html:other) in BMY_SEC-XBRL-financials_as-presented_10-Q_2019-04-25_0000014272-19-000107.xlsx
cash_flow,us-gaap:NetCashProvidedByUsedInOperatingActivities,Net cash provided by operating activities,1Q19,1390.0,BMY_SEC-XBRL-financials_as-presented_10-Q_2019-04-25_0000014272-19-000107.xlsx,Cash Flow,"Three Months Ended March 31, 2019",Net Cash Provided by Operating Activities,html:net-cash-provided-by-operating-activities,reported,
cash_flow,us-gaap:ProceedsFromSaleAndMaturityOfAvailableForSaleSecurities,Sale and maturities of marketable debt securities,1Q19,1350.0,BMY_SEC-XBRL-financials_as-presented_10-Q_2019-04-25_0000014272-19-000107.xlsx,Cash Flow,"Three Months Ended March 31, 2019",Sale and maturities of marketable securities,html:sale-and-maturities-of-marketable-securities,reported,
cash_flow,us-gaap:PaymentsToAcquireMarketableSecurities,Purchase of marketable debt securities,1Q19,-242.0,BMY_SEC-XBRL-financials_as-presented_10-Q_2019-04-25_0000014272-19-000107.xlsx,Cash Flow,"Three Months Ended March 31, 2019",Purchase of marketable securities,html:purchase-of-marketable-securities,reported,
cash_flow,us-gaap:PaymentsToAcquirePropertyPlantAndEquipment,Capital expenditures,1Q19,-204.0,BMY_SEC-XBRL-financials_as-presented_10-Q_2019-04-25_0000014272-19-000107.xlsx,Cash Flow,"Three Months Ended March 31, 2019",Capital expenditures,html:capital-expenditures,reported,
cash_flow,bmy:DivestitureAndOtherProceeds,Divestiture and other proceeds,1Q19,171.0,BMY_SEC-XBRL-financials_as-presented_10-Q_2019-04-25_0000014272-19-000107.xlsx,Cash Flow,"Three Months Ended March 31, 2019",Divestiture and other proceeds,html:divestiture-and-other-proceeds,reported,
cash_flow,us-gaap:NetCashProvidedByUsedInInvestingActivities,Net cash provided by/(used in) investing activities,1Q19,1060.0,BMY_SEC-XBRL-financials_as-presented_10-Q_2019-04-25_0000014272-19-000107.xlsx,Cash Flow,"Three Months Ended March 31, 2019",Net Cash Provided by/(Used in) Investing Activities,html:net-cash-provided-by-used-in-investing-activities,reported,
cash_flow,html:short-term-debt-obligations-net,"Short-term debt obligations, net",1Q19,-73.0,BMY_SEC-XBRL-financials_as-presented_10-Q_2019-04-25_0000014272-19-000107.xlsx,Cash Flow,"Three Months Ended March 31, 2019","Short-term debt obligations, net",html:short-term-debt-obligations-net,reported,
cash_flow,us-gaap:RepaymentsOfLongTermDebt,Repayments of long-term debt,1Q19,-1250.0,BMY_SEC-XBRL-financials_as-presented_10-Q_2019-04-25_0000014272-19-000107.xlsx,Cash Flow,"Three Months Ended March 31, 2019",Repayment of long-term debt,html:repayment-of-long-term-debt,reported,
cash_flow,us-gaap:PaymentsOfDividends,Dividends,1Q19,-669.0,BMY_SEC-XBRL-financials_as-presented_10-Q_2019-04-25_0000014272-19-000107.xlsx,Cash Flow,"Three Months Ended March 31, 2019",Dividends,html:dividends,reported,
cash_flow,html:net-cash-used-in-financing-activities,Net Cash Used in Financing Activities,1Q19,-2029.0,BMY_SEC-XBRL-financials_as-presented_10-Q_2019-04-25_0000014272-19-000107.xlsx,Cash Flow,"Three Months Ended March 31, 2019",Net Cash Used in Financing Activities,html:net-cash-used-in-financing-activities,reported,
cash_flow,us-gaap:EffectOfExchangeRateOnCashCashEquivalentsRestrictedCashAndRestrictedCashEquivalents,"Effect of exchange rates on cash, cash equivalents and restricted cash",1Q19,3.0,BMY_SEC-XBRL-financials_as-presented_10-Q_2019-04-25_0000014272-19-000107.xlsx,Cash Flow,"Three Months Ended March 31, 2019",Effect of Exchange Rates on Cash and Cash Equivalents,html:effect-of-exchange-rates-on-cash-and-cash-equivalents,reported,
cash_flow,us-gaap:CashCashEquivalentsRestrictedCashAndRestrictedCashEquivalentsPeriodIncreaseDecreaseIncludingExchangeRateEffect,"Increase/(decrease) in cash, cash equivalents and restricted cash",1Q19,424.0,BMY_SEC-XBRL-financials_as-presented_10-Q_2019-04-25_0000014272-19-000107.xlsx,Cash Flow,"Three Months Ended March 31, 2019",Net Increase/(Decrease) in Cash and Cash Equivalents,html:net-increase-decrease-in-cash-and-cash-equivalents,reported,
cash_flow,us-gaap:CashCashEquivalentsRestrictedCashAndRestrictedCashEquivalents,"Cash, cash equivalents and restricted cash at beginning of period",1Q19,14246.0,BMY_SEC-XBRL-financials_as-presented_10-Q_2019-04-25_0000014272-19-000107.xlsx,Cash Flow,"Three Months Ended March 31, 2019",Cash and Cash Equivalents at Beginning of Period; Cash and Cash Equivalents at End of Period,html:cash-and-cash-equivalents-at-beginning-of-period + html:cash-and-cash-equivalents-at-end-of-period,summed_within_file,SUM(html:cash-and-cash-equivalents-at-beginning-of-period + html:cash-and-cash-equivalents-at-end-of-period) in BMY_SEC-XBRL-financials_as-presented_10-Q_2019-04-25_0000014272-19-000107.xlsx
income_statement,us-gaap:Revenues,Net product sales,2Q19,6031.0,BMY_SEC-XBRL-financials_as-presented_10-Q_2019-07-25_0000014272-19-000160.xlsx,Income Statement,"Three Months Ended June 30, 2019",Net product sales,us-gaap:Revenues,reported,
income_statement,us-gaap:Revenues,Net product sales,6M19,11744.0,BMY_SEC-XBRL-financials_as-presented_10-Q_2019-07-25_0000014272-19-000160.xlsx,Income Statement,"Six Months Ended June 30, 2019",Net product sales,us-gaap:Revenues,reported,
income_statement,us-gaap:CostOfGoodsAndServicesSold,Cost of products sold(a),2Q19,1992.0,BMY_SEC-XBRL-financials_as-presented_10-Q_2019-07-25_0000014272-19-000160.xlsx,Income Statement,"Three Months Ended June 30, 2019",Cost of products sold,us-gaap:CostOfGoodsAndServicesSold,reported,
income_statement,us-gaap:CostOfGoodsAndServicesSold,Cost of products sold(a),6M19,3836.0,BMY_SEC-XBRL-financials_as-presented_10-Q_2019-07-25_0000014272-19-000160.xlsx,Income Statement,"Six Months Ended June 30, 2019",Cost of products sold,us-gaap:CostOfGoodsAndServicesSold,reported,
income_statement,us-gaap:SellingGeneralAndAdministrativeExpense,"Selling, general and administrative",2Q19,1076.0,BMY_SEC-XBRL-financials_as-presented_10-Q_2019-07-25_0000014272-19-000160.xlsx,Income Statement,"Three Months Ended June 30, 2019","Marketing, selling and administrative",us-gaap:SellingGeneralAndAdministrativeExpense,reported,
income_statement,us-gaap:SellingGeneralAndAdministrativeExpense,"Selling, general and administrative",6M19,2082.0,BMY_SEC-XBRL-financials_as-presented_10-Q_2019-07-25_0000014272-19-000160.xlsx,Income Statement,"Six Months Ended June 30, 2019","Marketing, selling and administrative",us-gaap:SellingGeneralAndAdministrativeExpense,reported,
income_statement,us-gaap:ResearchAndDevelopmentExpense,Research and development,2Q19,1328.0,BMY_SEC-XBRL-financials_as-presented_10-Q_2019-07-25_0000014272-19-000160.xlsx,Income Statement,"Three Months Ended June 30, 2019",Research and development,us-gaap:ResearchAndDevelopmentExpense,reported,
income_statement,us-gaap:ResearchAndDevelopmentExpense,Research and development,6M19,2679.0,BMY_SEC-XBRL-financials_as-presented_10-Q_2019-07-25_0000014272-19-000160.xlsx,Income Statement,"Six Months Ended June 30, 2019",Research and development,us-gaap:ResearchAndDevelopmentExpense,reported,
income_statement,us-gaap:OtherNonoperatingIncomeExpense,"Other (income)/expense, net",2Q19,101.0,BMY_SEC-XBRL-financials_as-presented_10-Q_2019-07-25_0000014272-19-000160.xlsx,Income Statement,"Three Months Ended June 30, 2019",Other income (net),us-gaap:OtherNonoperatingIncomeExpense,reported,
income_statement,us-gaap:OtherNonoperatingIncomeExpense,"Other (income)/expense, net",6M19,-159.0,BMY_SEC-XBRL-financials_as-presented_10-Q_2019-07-25_0000014272-19-000160.xlsx,Income Statement,"Six Months Ended June 30, 2019",Other income (net),us-gaap:OtherNonoperatingIncomeExpense,reported,
income_statement,us-gaap:CostsAndExpenses,Total Expenses,2Q19,4497.0,BMY_SEC-XBRL-financials_as-presented_10-Q_2019-07-25_0000014272-19-000160.xlsx,Income Statement,"Three Months Ended June 30, 2019",Total Expenses,us-gaap:CostsAndExpenses,reported,
income_statement,us-gaap:CostsAndExpenses,Total Expenses,6M19,8438.0,BMY_SEC-XBRL-financials_as-presented_10-Q_2019-07-25_0000014272-19-000160.xlsx,Income Statement,"Six Months Ended June 30, 2019",Total Expenses,us-gaap:CostsAndExpenses,reported,
income_statement,us-gaap:IncomeLossFromContinuingOperationsBeforeIncomeTaxesExtraordinaryItemsNoncontrollingInterest,Earnings/(Loss) before income taxes,2Q19,1776.0,BMY_SEC-XBRL-financials_as-presented_10-Q_2019-07-25_0000014272-19-000160.xlsx,Income Statement,"Three Months Ended June 30, 2019",Earnings Before Income Taxes,us-gaap:IncomeLossFromContinuingOperationsBeforeIncomeTaxesMinorityInterestAndIncomeLossFromEquityMethodInvestments,reported,
income_statement,us-gaap:IncomeLossFromContinuingOperationsBeforeIncomeTaxesExtraordinaryItemsNoncontrollingInterest,Earnings/(Loss) before income taxes,6M19,3755.0,BMY_SEC-XBRL-financials_as-presented_10-Q_2019-07-25_0000014272-19-000160.xlsx,Income Statement,"Six Months Ended June 30, 2019",Earnings Before Income Taxes,us-gaap:IncomeLossFromContinuingOperationsBeforeIncomeTaxesMinorityInterestAndIncomeLossFromEquityMethodInvestments,reported,
income_statement,us-gaap:IncomeTaxExpenseBenefit,Income tax provision,2Q19,337.0,BMY_SEC-XBRL-financials_as-presented_10-Q_2019-07-25_0000014272-19-000160.xlsx,Income Statement,"Three Months Ended June 30, 2019",Provision for Income Taxes,us-gaap:IncomeTaxExpenseBenefit,reported,
income_statement,us-gaap:IncomeTaxExpenseBenefit,Income tax provision,6M19,601.0,BMY_SEC-XBRL-financials_as-presented_10-Q_2019-07-25_0000014272-19-000160.xlsx,Income Statement,"Six Months Ended June 30, 2019",Provision for Income Taxes,us-gaap:IncomeTaxExpenseBenefit,reported,
income_statement,us-gaap:ProfitLoss,Net earnings/(loss),2Q19,1439.0,BMY_SEC-XBRL-financials_as-presented_10-Q_2019-07-25_0000014272-19-000160.xlsx,Income Statement,"Three Months Ended June 30, 2019",Net Earnings,us-gaap:ProfitLoss,reported,
income_statement,us-gaap:ProfitLoss,Net earnings/(loss),6M19,3154.0,BMY_SEC-XBRL-financials_as-presented_10-Q_2019-07-25_0000014272-19-000160.xlsx,Income Statement,"Six Months Ended June 30, 2019",Net Earnings,us-gaap:ProfitLoss,reported,
income_statement,us-gaap:ComprehensiveIncomeNetOfTaxAttributableToNoncontrollingInterest,Noncontrolling Interest,2Q19,7.0,BMY_SEC-XBRL-financials_as-presented_10-Q_2019-07-25_0000014272-19-000160.xlsx,Income Statement,"Three Months Ended June 30, 2019",Noncontrolling Interest,us-gaap:NetIncomeLossAttributableToNoncontrollingInterest,reported,
income_statement,us-gaap:ComprehensiveIncomeNetOfTaxAttributableToNoncontrollingInterest,Noncontrolling Interest,6M19,12.0,BMY_SEC-XBRL-financials_as-presented_10-Q_2019-07-25_0000014272-19-000160.xlsx,Income Statement,"Six Months Ended June 30, 2019",Noncontrolling Interest,us-gaap:NetIncomeLossAttributableToNoncontrollingInterest,reported,
income_statement,us-gaap:NetIncomeLoss,Net earnings/(loss) attributable to BMS,2Q19,1432.0,BMY_SEC-XBRL-financials_as-presented_10-Q_2019-07-25_0000014272-19-000160.xlsx,Income Statement,"Three Months Ended June 30, 2019",Net Earnings Attributable to BMS,us-gaap:NetIncomeLoss,reported,
income_statement,us-gaap:NetIncomeLoss,Net earnings/(loss) attributable to BMS,6M19,3142.0,BMY_SEC-XBRL-financials_as-presented_10-Q_2019-07-25_0000014272-19-000160.xlsx,Income Statement,"Six Months Ended June 30, 2019",Net Earnings Attributable to BMS,us-gaap:NetIncomeLoss,reported,
income_statement,us-gaap:EarningsPerShareBasic,Basic,2Q19,0.88,BMY_SEC-XBRL-financials_as-presented_10-Q_2019-07-25_0000014272-19-000160.xlsx,Income Statement,"Three Months Ended June 30, 2019",Basic,us-gaap:EarningsPerShareBasic,reported,
income_statement,us-gaap:EarningsPerShareBasic,Basic,6M19,1.92,BMY_SEC-XBRL-financials_as-presented_10-Q_2019-07-25_0000014272-19-000160.xlsx,Income Statement,"Six Months Ended June 30, 2019",Basic,us-gaap:EarningsPerShareBasic,reported,
income_statement,us-gaap:EarningsPerShareDiluted,Diluted,2Q19,0.87,BMY_SEC-XBRL-financials_as-presented_10-Q_2019-07-25_0000014272-19-000160.xlsx,Income Statement,"Three Months Ended June 30, 2019",Diluted,us-gaap:EarningsPerShareDiluted,reported,
income_statement,us-gaap:EarningsPerShareDiluted,Diluted,6M19,1.92,BMY_SEC-XBRL-financials_as-presented_10-Q_2019-07-25_0000014272-19-000160.xlsx,Income Statement,"Six Months Ended June 30, 2019",Diluted,us-gaap:EarningsPerShareDiluted,reported,
balance_sheet,us-gaap:CashAndCashEquivalentsAtCarryingValue,Cash and cash equivalents,2Q19,28404.0,BMY_SEC-XBRL-financials_as-presented_10-Q_2019-07-25_0000014272-19-000160.xlsx,Balance Sheet,"June 30, 2019",Cash and cash equivalents,us-gaap:CashAndCashEquivalentsAtCarryingValue,reported,
balance_sheet,us-gaap:MarketableSecuritiesCurrent,Marketable debt securities,2Q19,953.0,BMY_SEC-XBRL-financials_as-presented_10-Q_2019-07-25_0000014272-19-000160.xlsx,Balance Sheet,"June 30, 2019",Marketable securities,us-gaap:MarketableSecuritiesCurrent,reported,
balance_sheet,us-gaap:ReceivablesNetCurrent,Receivables,2Q19,5667.0,BMY_SEC-XBRL-financials_as-presented_10-Q_2019-07-25_0000014272-19-000160.xlsx,Balance Sheet,"June 30, 2019",Receivables,us-gaap:ReceivablesNetCurrent,reported,
balance_sheet,us-gaap:InventoryNet,Inventories,2Q19,1308.0,BMY_SEC-XBRL-financials_as-presented_10-Q_2019-07-25_0000014272-19-000160.xlsx,Balance Sheet,"June 30, 2019",Inventories,us-gaap:InventoryNet,reported,
balance_sheet,us-gaap:OtherAssetsCurrent,Other current assets,2Q19,1384.0,BMY_SEC-XBRL-financials_as-presented_10-Q_2019-07-25_0000014272-19-000160.xlsx,Balance Sheet,"June 30, 2019",Prepaid expenses and other,us-gaap:OtherAssetsCurrent,reported,
balance_sheet,us-gaap:AssetsCurrent,Total Current assets,2Q19,37716.0,BMY_SEC-XBRL-financials_as-presented_10-Q_2019-07-25_0000014272-19-000160.xlsx,Balance Sheet,"June 30, 2019",Total Current Assets,us-gaap:AssetsCurrent,reported,
balance_sheet,us-gaap:PropertyPlantAndEquipmentNet,"Property, plant and equipment",2Q19,4849.0,BMY_SEC-XBRL-financials_as-presented_10-Q_2019-07-25_0000014272-19-000160.xlsx,Balance Sheet,"June 30, 2019","Property, plant and equipment",us-gaap:PropertyPlantAndEquipmentNet,reported,
balance_sheet,us-gaap:Goodwill,Goodwill,2Q19,6533.0,BMY_SEC-XBRL-financials_as-presented_10-Q_2019-07-25_0000014272-19-000160.xlsx,Balance Sheet,"June 30, 2019",Goodwill,us-gaap:Goodwill,reported,
balance_sheet,us-gaap:IntangibleAssetsNetExcludingGoodwill,Other intangible assets,2Q19,995.0,BMY_SEC-XBRL-financials_as-presented_10-Q_2019-07-25_0000014272-19-000160.xlsx,Balance Sheet,"June 30, 2019",Other intangible assets,us-gaap:IntangibleAssetsNetExcludingGoodwill,reported,
balance_sheet,us-gaap:DeferredTaxAssetsNetNoncurrent,Deferred income taxes,2Q19,1442.0,BMY_SEC-XBRL-financials_as-presented_10-Q_2019-07-25_0000014272-19-000160.xlsx,Balance Sheet,"June 30, 2019",Deferred income taxes,us-gaap:DeferredTaxAssetsNetNoncurrent,reported,
balance_sheet,us-gaap:MarketableSecuritiesNoncurrent,Marketable debt securities,2Q19,994.0,BMY_SEC-XBRL-financials_as-presented_10-Q_2019-07-25_0000014272-19-000160.xlsx,Balance Sheet,"June 30, 2019",Marketable securities,us-gaap:MarketableSecuritiesNoncurrent,reported,
balance_sheet,us-gaap:OtherAssetsNoncurrent,Other non-current assets,2Q19,2634.0,BMY_SEC-XBRL-financials_as-presented_10-Q_2019-07-25_0000014272-19-000160.xlsx,Balance Sheet,"June 30, 2019",Other assets,us-gaap:OtherAssetsNoncurrent,reported,
balance_sheet,us-gaap:Assets,Total Assets,2Q19,55163.0,BMY_SEC-XBRL-financials_as-presented_10-Q_2019-07-25_0000014272-19-000160.xlsx,Balance Sheet,"June 30, 2019",Total Assets,us-gaap:Assets,reported,
balance_sheet,us-gaap:DebtCurrent,Short-term debt obligations,2Q19,545.0,BMY_SEC-XBRL-financials_as-presented_10-Q_2019-07-25_0000014272-19-000160.xlsx,Balance Sheet,"June 30, 2019",Short-term debt obligations,us-gaap:DebtCurrent,reported,
balance_sheet,us-gaap:AccountsPayableCurrent,Accounts payable,2Q19,2005.0,BMY_SEC-XBRL-financials_as-presented_10-Q_2019-07-25_0000014272-19-000160.xlsx,Balance Sheet,"June 30, 2019",Accounts payable,us-gaap:AccountsPayableCurrent,reported,
balance_sheet,us-gaap:OtherLiabilitiesCurrent,Other current liabilities,2Q19,7161.0,BMY_SEC-XBRL-financials_as-presented_10-Q_2019-07-25_0000014272-19-000160.xlsx,Balance Sheet,"June 30, 2019",Accrued and other current liabilities,us-gaap:OtherLiabilitiesCurrent,reported,
balance_sheet,us-gaap:LiabilitiesCurrent,Total Current liabilities,2Q19,9711.0,BMY_SEC-XBRL-financials_as-presented_10-Q_2019-07-25_0000014272-19-000160.xlsx,Balance Sheet,"June 30, 2019",Total Current Liabilities,us-gaap:LiabilitiesCurrent,reported,
balance_sheet,us-gaap:AccruedIncomeTaxesNoncurrent,Income taxes payable,2Q19,2971.0,BMY_SEC-XBRL-financials_as-presented_10-Q_2019-07-25_0000014272-19-000160.xlsx,Balance Sheet,"June 30, 2019",Income taxes payable,us-gaap:AccruedIncomeTaxesNoncurrent,reported,
balance_sheet,us-gaap:OtherLiabilitiesNoncurrent,Other non-current liabilities,2Q19,1897.0,BMY_SEC-XBRL-financials_as-presented_10-Q_2019-07-25_0000014272-19-000160.xlsx,Balance Sheet,"June 30, 2019",Other non-current liabilities,us-gaap:OtherLiabilitiesNoncurrent,reported,
balance_sheet,us-gaap:LongTermDebtNoncurrent,Long-term debt,2Q19,24433.0,BMY_SEC-XBRL-financials_as-presented_10-Q_2019-07-25_0000014272-19-000160.xlsx,Balance Sheet,"June 30, 2019",Long-term debt,us-gaap:LongTermDebtNoncurrent,reported,
balance_sheet,us-gaap:Liabilities,Total Liabilities,2Q19,39012.0,BMY_SEC-XBRL-financials_as-presented_10-Q_2019-07-25_0000014272-19-000160.xlsx,Balance Sheet,"June 30, 2019",Total Liabilities,us-gaap:Liabilities,reported,
balance_sheet,us-gaap:CommonStockValue,"Common stock, par value of $0.10 per share: Authorized 4.5 billion shares; 2.9 billion issued in 2019 and 2.2 billion issued in 2018",2Q19,221.0,BMY_SEC-XBRL-financials_as-presented_10-Q_2019-07-25_0000014272-19-000160.xlsx,Balance Sheet,"June 30, 2019",Common stock,us-gaap:CommonStockValue,reported,
balance_sheet,us-gaap:AdditionalPaidInCapital,Capital in excess of par value of stock,2Q19,2150.0,BMY_SEC-XBRL-financials_as-presented_10-Q_2019-07-25_0000014272-19-000160.xlsx,Balance Sheet,"June 30, 2019",Capital in excess of par value of stock,us-gaap:AdditionalPaidInCapital,reported,
balance_sheet,us-gaap:AccumulatedOtherComprehensiveIncomeLossNetOfTax,Accumulated other comprehensive loss,2Q19,-2621.0,BMY_SEC-XBRL-financials_as-presented_10-Q_2019-07-25_0000014272-19-000160.xlsx,Balance Sheet,"June 30, 2019",Accumulated other comprehensive loss,us-gaap:AccumulatedOtherComprehensiveIncomeLossNetOfTax,reported,
balance_sheet,us-gaap:RetainedEarningsAccumulatedDeficit,Retained earnings,2Q19,35870.0,BMY_SEC-XBRL-financials_as-presented_10-Q_2019-07-25_0000014272-19-000160.xlsx,Balance Sheet,"June 30, 2019",Retained earnings,us-gaap:RetainedEarningsAccumulatedDeficit,reported,
balance_sheet,us-gaap:TreasuryStockValue,Less cost of treasury stock — 672 million common shares in 2019 and 576 million common shares in 2018,2Q19,-19571.0,BMY_SEC-XBRL-financials_as-presented_10-Q_2019-07-25_0000014272-19-000160.xlsx,Balance Sheet,"June 30, 2019",Less cost of treasury stock,us-gaap:TreasuryStockValue,reported,
balance_sheet,us-gaap:StockholdersEquity,Total BMS Shareholders’ Equity,2Q19,16049.0,BMY_SEC-XBRL-financials_as-presented_10-Q_2019-07-25_0000014272-19-000160.xlsx,Balance Sheet,"June 30, 2019",Total Bristol-Myers Squibb Company Shareholders’ Equity,us-gaap:StockholdersEquity,reported,
balance_sheet,us-gaap:MinorityInterest,Noncontrolling interest,2Q19,102.0,BMY_SEC-XBRL-financials_as-presented_10-Q_2019-07-25_0000014272-19-000160.xlsx,Balance Sheet,"June 30, 2019",Noncontrolling interest,us-gaap:MinorityInterest,reported,
balance_sheet,us-gaap:StockholdersEquityIncludingPortionAttributableToNoncontrollingInterest,Total Equity,2Q19,16151.0,BMY_SEC-XBRL-financials_as-presented_10-Q_2019-07-25_0000014272-19-000160.xlsx,Balance Sheet,"June 30, 2019",Total Equity,us-gaap:StockholdersEquityIncludingPortionAttributableToNoncontrollingInterest,reported,
balance_sheet,us-gaap:LiabilitiesAndStockholdersEquity,Total Liabilities and Equity,2Q19,55163.0,BMY_SEC-XBRL-financials_as-presented_10-Q_2019-07-25_0000014272-19-000160.xlsx,Balance Sheet,"June 30, 2019",Total Liabilities and Equity,us-gaap:LiabilitiesAndStockholdersEquity,reported,
cash_flow,us-gaap:ProfitLoss,Net earnings/(loss),6M19,3154.0,BMY_SEC-XBRL-financials_as-presented_10-Q_2019-07-25_0000014272-19-000160.xlsx,Cash Flow,"Six Months Ended June 30, 2019",Net earnings,us-gaap:ProfitLoss,reported,
cash_flow,us-gaap:DepreciationDepletionAndAmortization,"Depreciation and amortization, net",6M19,339.0,BMY_SEC-XBRL-financials_as-presented_10-Q_2019-07-25_0000014272-19-000160.xlsx,Cash Flow,"Six Months Ended June 30, 2019","Depreciation and amortization, net",us-gaap:DepreciationDepletionAndAmortization,reported,
cash_flow,us-gaap:DeferredIncomeTaxExpenseBenefit,Deferred income taxes,6M19,-87.0,BMY_SEC-XBRL-financials_as-presented_10-Q_2019-07-25_0000014272-19-000160.xlsx,Cash Flow,"Six Months Ended June 30, 2019",Deferred income taxes,us-gaap:DeferredIncomeTaxExpenseBenefit,reported,
cash_flow,us-gaap:ShareBasedCompensation,Stock-based compensation,6M19,101.0,BMY_SEC-XBRL-financials_as-presented_10-Q_2019-07-25_0000014272-19-000160.xlsx,Cash Flow,"Six Months Ended June 30, 2019",Stock-based compensation,us-gaap:ShareBasedCompensation,reported,
cash_flow,us-gaap:ImpairmentOfLongLivedAssetsToBeDisposedOf,Impairment charges,6M19,174.0,BMY_SEC-XBRL-financials_as-presented_10-Q_2019-07-25_0000014272-19-000160.xlsx,Cash Flow,"Six Months Ended June 30, 2019",Impairment charges,us-gaap:ImpairmentOfLongLivedAssetsToBeDisposedOf,reported,
cash_flow,bmy:Pensionsettlementsandamortization,Pension settlements and amortization,6M19,126.0,BMY_SEC-XBRL-financials_as-presented_10-Q_2019-07-25_0000014272-19-000160.xlsx,Cash Flow,"Six Months Ended June 30, 2019",Pension settlements and amortization,bmy:Pensionsettlementsandamortization,reported,
cash_flow,bmy:DivestitureGainsAndRoyalties,Divestiture gains and royalties,6M19,-320.0,BMY_SEC-XBRL-financials_as-presented_10-Q_2019-07-25_0000014272-19-000160.xlsx,Cash Flow,"Six Months Ended June 30, 2019",Divestiture gains and royalties,bmy:Divestituregainsandroyalties,reported,
cash_flow,bmy:Assetacquisitioncharge,Asset acquisition charges,6M19,25.0,BMY_SEC-XBRL-financials_as-presented_10-Q_2019-07-25_0000014272-19-000160.xlsx,Cash Flow,"Six Months Ended June 30, 2019",Asset acquisition charges,bmy:Assetacquisitioncharge,reported,
cash_flow,us-gaap:EquityMethodInvestmentRealizedGainLossOnDisposal,"Equity investment (gains)/losses, net",6M19,-246.0,BMY_SEC-XBRL-financials_as-presented_10-Q_2019-07-25_0000014272-19-000160.xlsx,Cash Flow,"Six Months Ended June 30, 2019",Equity investment (gains)/losses,us-gaap:MarketableSecuritiesGainLoss,reported,
cash_flow,us-gaap:OtherNoncashIncomeExpense,Other adjustments,6M19,-14.0,BMY_SEC-XBRL-financials_as-presented_10-Q_2019-07-25_0000014272-19-000160.xlsx,Cash Flow,"Six Months Ended June 30, 2019",Other adjustments,us-gaap:OtherNoncashIncomeExpense,reported,
cash_flow,us-gaap:IncreaseDecreaseInReceivables,Receivables,6M19,307.0,BMY_SEC-XBRL-financials_as-presented_10-Q_2019-07-25_0000014272-19-000160.xlsx,Cash Flow,"Six Months Ended June 30, 2019",Receivables,us-gaap:IncreaseDecreaseInReceivables,reported,
cash_flow,us-gaap:IncreaseDecreaseInInventories,Inventories,6M19,28.0,BMY_SEC-XBRL-financials_as-presented_10-Q_2019-07-25_0000014272-19-000160.xlsx,Cash Flow,"Six Months Ended June 30, 2019",Inventories,us-gaap:IncreaseDecreaseInInventories,reported,
cash_flow,us-gaap:IncreaseDecreaseInAccountsPayable,Accounts payable,6M19,156.0,BMY_SEC-XBRL-financials_as-presented_10-Q_2019-07-25_0000014272-19-000160.xlsx,Cash Flow,"Six Months Ended June 30, 2019",Accounts payable,us-gaap:IncreaseDecreaseInAccountsPayable,reported,
cash_flow,us-gaap:IncreaseDecreaseInAccruedIncomeTaxesPayable,Income taxes payable,6M19,-65.0,BMY_SEC-XBRL-financials_as-presented_10-Q_2019-07-25_0000014272-19-000160.xlsx,Cash Flow,"Six Months Ended June 30, 2019",Income taxes payable,us-gaap:IncreaseDecreaseInAccruedIncomeTaxesPayable,reported,
cash_flow,us-gaap:IncreaseDecreaseInOtherOperatingCapitalNet,Other,6M19,-214.0,BMY_SEC-XBRL-financials_as-presented_10-Q_2019-07-25_0000014272-19-000160.xlsx,Cash Flow,"Six Months Ended June 30, 2019",Other,us-gaap:IncreaseDecreaseInOtherOperatingCapitalNet,reported,
cash_flow,us-gaap:NetCashProvidedByUsedInOperatingActivities,Net cash provided by operating activities,6M19,3473.0,BMY_SEC-XBRL-financials_as-presented_10-Q_2019-07-25_0000014272-19-000160.xlsx,Cash Flow,"Six Months Ended June 30, 2019",Net Cash Provided by Operating Activities,us-gaap:NetCashProvidedByUsedInOperatingActivities,reported,
cash_flow,us-gaap:ProceedsFromSaleAndMaturityOfAvailableForSaleSecurities,Sale and maturities of marketable debt securities,6M19,2288.0,BMY_SEC-XBRL-financials_as-presented_10-Q_2019-07-25_0000014272-19-000160.xlsx,Cash Flow,"Six Months Ended June 30, 2019",Sale and maturities of marketable securities,us-gaap:ProceedsFromSaleAndMaturityOfAvailableForSaleSecurities,reported,
cash_flow,us-gaap:PaymentsToAcquireMarketableSecurities,Purchase of marketable debt securities,6M19,-437.0,BMY_SEC-XBRL-financials_as-presented_10-Q_2019-07-25_0000014272-19-000160.xlsx,Cash Flow,"Six Months Ended June 30, 2019",Purchase of marketable securities,us-gaap:PaymentsToAcquireMarketableSecurities,reported,
cash_flow,us-gaap:PaymentsToAcquirePropertyPlantAndEquipment,Capital expenditures,6M19,-395.0,BMY_SEC-XBRL-financials_as-presented_10-Q_2019-07-25_0000014272-19-000160.xlsx,Cash Flow,"Six Months Ended June 30, 2019",Capital expenditures,us-gaap:PaymentsToAcquirePropertyPlantAndEquipment,reported,
cash_flow,bmy:DivestitureAndOtherProceeds,Divestiture and other proceeds,6M19,368.0,BMY_SEC-XBRL-financials_as-presented_10-Q_2019-07-25_0000014272-19-000160.xlsx,Cash Flow,"Six Months Ended June 30, 2019",Divestiture and other proceeds,bmy:Divestitureandotherproceeds,reported,
cash_flow,us-gaap:PaymentsToAcquireBusinessesNetOfCashAcquired,"Acquisition and other payments, net of cash acquired",6M19,-49.0,BMY_SEC-XBRL-financials_as-presented_10-Q_2019-07-25_0000014272-19-000160.xlsx,Cash Flow,"Six Months Ended June 30, 2019",Acquisition and other payments,us-gaap:PaymentsToAcquireBusinessesNetOfCashAcquired,reported,
cash_flow,us-gaap:NetCashProvidedByUsedInInvestingActivities,Net cash provided by/(used in) investing activities,6M19,1775.0,BMY_SEC-XBRL-financials_as-presented_10-Q_2019-07-25_0000014272-19-000160.xlsx,Cash Flow,"Six Months Ended June 30, 2019",Net Cash Provided by/(Used in) Investing Activities,us-gaap:NetCashProvidedByUsedInInvestingActivities,reported,
cash_flow,us-gaap:ProceedsFromRepaymentsOfShortTermDebt,"Short-term debt obligations, net",6M19,84.0,BMY_SEC-XBRL-financials_as-presented_10-Q_2019-07-25_0000014272-19-000160.xlsx,Cash Flow,"Six Months Ended June 30, 2019","Short-term debt obligations, net",us-gaap:ProceedsFromRepaymentsOfShortTermDebt,reported,
cash_flow,us-gaap:ProceedsFromIssuanceOfLongTermDebt,Proceeds from issuance of long-term debt,6M19,18790.0,BMY_SEC-XBRL-financials_as-presented_10-Q_2019-07-25_0000014272-19-000160.xlsx,Cash Flow,"Six Months Ended June 30, 2019",Issuance of long-term debt,us-gaap:ProceedsFromIssuanceOfLongTermDebt,reported,
cash_flow,us-gaap:RepaymentsOfLongTermDebt,Repayments of long-term debt,6M19,-1256.0,BMY_SEC-XBRL-financials_as-presented_10-Q_2019-07-25_0000014272-19-000160.xlsx,Cash Flow,"Six Months Ended June 30, 2019",Repayment of long-term debt,us-gaap:RepaymentsOfLongTermDebt,reported,
cash_flow,us-gaap:PaymentsOfDividends,Dividends,6M19,-1340.0,BMY_SEC-XBRL-financials_as-presented_10-Q_2019-07-25_0000014272-19-000160.xlsx,Cash Flow,"Six Months Ended June 30, 2019",Dividends,us-gaap:PaymentsOfDividends,reported,
cash_flow,us-gaap:NetCashProvidedByUsedInFinancingActivities,Net cash provided by/(used in) financing activities,6M19,16239.0,BMY_SEC-XBRL-financials_as-presented_10-Q_2019-07-25_0000014272-19-000160.xlsx,Cash Flow,"Six Months Ended June 30, 2019",Net Cash Provided by/(Used in) Financing Activities,us-gaap:NetCashProvidedByUsedInFinancingActivities,reported,
cash_flow,us-gaap:EffectOfExchangeRateOnCashCashEquivalentsRestrictedCashAndRestrictedCashEquivalents,"Effect of exchange rates on cash, cash equivalents and restricted cash",6M19,6.0,BMY_SEC-XBRL-financials_as-presented_10-Q_2019-07-25_0000014272-19-000160.xlsx,Cash Flow,"Six Months Ended June 30, 2019",Effect of Exchange Rates on Cash and Cash Equivalents,us-gaap:EffectOfExchangeRateOnCashAndCashEquivalents,reported,
cash_flow,us-gaap:CashCashEquivalentsRestrictedCashAndRestrictedCashEquivalentsPeriodIncreaseDecreaseIncludingExchangeRateEffect,"Increase/(decrease) in cash, cash equivalents and restricted cash",6M19,21493.0,BMY_SEC-XBRL-financials_as-presented_10-Q_2019-07-25_0000014272-19-000160.xlsx,Cash Flow,"Six Months Ended June 30, 2019",Net Increase/(Decrease) in Cash and Cash Equivalents,us-gaap:CashAndCashEquivalentsPeriodIncreaseDecrease,reported,
cash_flow,us-gaap:CashCashEquivalentsRestrictedCashAndRestrictedCashEquivalents,"Cash, cash equivalents and restricted cash at beginning of period",6M19,6911.0,BMY_SEC-XBRL-financials_as-presented_10-Q_2019-07-25_0000014272-19-000160.xlsx,Cash Flow,"Six Months Ended June 30, 2019",Cash and Cash Equivalents at Beginning of Period,us-gaap:CashAndCashEquivalentsAtCarryingValue,reported,
income_statement,us-gaap:Revenues,Net product sales,3Q19,5768.0,BMY_SEC-XBRL-financials_as-presented_10-Q_2019-10-31_0000014272-19-000194.xlsx,Income Statement,"Three Months Ended September 30, 2019",Net product sales,us-gaap:Revenues,reported,
income_statement,us-gaap:Revenues,Net product sales,9M19,17512.0,BMY_SEC-XBRL-financials_as-presented_10-Q_2019-10-31_0000014272-19-000194.xlsx,Income Statement,"Nine Months Ended September 30, 2019",Net product sales,us-gaap:Revenues,reported,
income_statement,us-gaap:CostOfGoodsAndServicesSold,Cost of products sold(a),3Q19,1810.0,BMY_SEC-XBRL-financials_as-presented_10-Q_2019-10-31_0000014272-19-000194.xlsx,Income Statement,"Three Months Ended September 30, 2019",Cost of products sold,us-gaap:CostOfGoodsAndServicesSold,reported,
income_statement,us-gaap:CostOfGoodsAndServicesSold,Cost of products sold(a),9M19,5646.0,BMY_SEC-XBRL-financials_as-presented_10-Q_2019-10-31_0000014272-19-000194.xlsx,Income Statement,"Nine Months Ended September 30, 2019",Cost of products sold,us-gaap:CostOfGoodsAndServicesSold,reported,
income_statement,us-gaap:SellingGeneralAndAdministrativeExpense,"Selling, general and administrative",3Q19,1055.0,BMY_SEC-XBRL-financials_as-presented_10-Q_2019-10-31_0000014272-19-000194.xlsx,Income Statement,"Three Months Ended September 30, 2019","Marketing, selling and administrative",us-gaap:SellingGeneralAndAdministrativeExpense,reported,
income_statement,us-gaap:SellingGeneralAndAdministrativeExpense,"Selling, general and administrative",9M19,3137.0,BMY_SEC-XBRL-financials_as-presented_10-Q_2019-10-31_0000014272-19-000194.xlsx,Income Statement,"Nine Months Ended September 30, 2019","Marketing, selling and administrative",us-gaap:SellingGeneralAndAdministrativeExpense,reported,
income_statement,us-gaap:ResearchAndDevelopmentExpense,Research and development,3Q19,1382.0,BMY_SEC-XBRL-financials_as-presented_10-Q_2019-10-31_0000014272-19-000194.xlsx,Income Statement,"Three Months Ended September 30, 2019",Research and development,us-gaap:ResearchAndDevelopmentExpense,reported,
income_statement,us-gaap:ResearchAndDevelopmentExpense,Research and development,9M19,4061.0,BMY_SEC-XBRL-financials_as-presented_10-Q_2019-10-31_0000014272-19-000194.xlsx,Income Statement,"Nine Months Ended September 30, 2019",Research and development,us-gaap:ResearchAndDevelopmentExpense,reported,
income_statement,us-gaap:OtherNonoperatingIncomeExpense,"Other (income)/expense, net",3Q19,411.0,BMY_SEC-XBRL-financials_as-presented_10-Q_2019-10-31_0000014272-19-000194.xlsx,Income Statement,"Three Months Ended September 30, 2019",Other income (net),us-gaap:OtherNonoperatingIncomeExpense,reported,
income_statement,us-gaap:OtherNonoperatingIncomeExpense,"Other (income)/expense, net",9M19,252.0,BMY_SEC-XBRL-financials_as-presented_10-Q_2019-10-31_0000014272-19-000194.xlsx,Income Statement,"Nine Months Ended September 30, 2019",Other income (net),us-gaap:OtherNonoperatingIncomeExpense,reported,
income_statement,us-gaap:CostsAndExpenses,Total Expenses,3Q19,4658.0,BMY_SEC-XBRL-financials_as-presented_10-Q_2019-10-31_0000014272-19-000194.xlsx,Income Statement,"Three Months Ended September 30, 2019",Total Expenses,us-gaap:CostsAndExpenses,reported,
income_statement,us-gaap:CostsAndExpenses,Total Expenses,9M19,13096.0,BMY_SEC-XBRL-financials_as-presented_10-Q_2019-10-31_0000014272-19-000194.xlsx,Income Statement,"Nine Months Ended September 30, 2019",Total Expenses,us-gaap:CostsAndExpenses,reported,
income_statement,us-gaap:IncomeLossFromContinuingOperationsBeforeIncomeTaxesExtraordinaryItemsNoncontrollingInterest,Earnings/(Loss) before income taxes,3Q19,1349.0,BMY_SEC-XBRL-financials_as-presented_10-Q_2019-10-31_0000014272-19-000194.xlsx,Income Statement,"Three Months Ended September 30, 2019",Earnings Before Income Taxes,us-gaap:IncomeLossFromContinuingOperationsBeforeIncomeTaxesMinorityInterestAndIncomeLossFromEquityMethodInvestments,reported,
income_statement,us-gaap:IncomeLossFromContinuingOperationsBeforeIncomeTaxesExtraordinaryItemsNoncontrollingInterest,Earnings/(Loss) before income taxes,9M19,5104.0,BMY_SEC-XBRL-financials_as-presented_10-Q_2019-10-31_0000014272-19-000194.xlsx,Income Statement,"Nine Months Ended September 30, 2019",Earnings Before Income Taxes,us-gaap:IncomeLossFromContinuingOperationsBeforeIncomeTaxesMinorityInterestAndIncomeLossFromEquityMethodInvestments,reported,
income_statement,us-gaap:IncomeTaxExpenseBenefit,Income tax provision,3Q19,-17.0,BMY_SEC-XBRL-financials_as-presented_10-Q_2019-10-31_0000014272-19-000194.xlsx,Income Statement,"Three Months Ended September 30, 2019",Provision for Income Taxes,us-gaap:IncomeTaxExpenseBenefit,reported,
income_statement,us-gaap:IncomeTaxExpenseBenefit,Income tax provision,9M19,584.0,BMY_SEC-XBRL-financials_as-presented_10-Q_2019-10-31_0000014272-19-000194.xlsx,Income Statement,"Nine Months Ended September 30, 2019",Provision for Income Taxes,us-gaap:IncomeTaxExpenseBenefit,reported,
income_statement,us-gaap:ProfitLoss,Net earnings/(loss),3Q19,1366.0,BMY_SEC-XBRL-financials_as-presented_10-Q_2019-10-31_0000014272-19-000194.xlsx,Income Statement,"Three Months Ended September 30, 2019",Net Earnings,us-gaap:ProfitLoss,reported,
income_statement,us-gaap:ProfitLoss,Net earnings/(loss),9M19,4520.0,BMY_SEC-XBRL-financials_as-presented_10-Q_2019-10-31_0000014272-19-000194.xlsx,Income Statement,"Nine Months Ended September 30, 2019",Net Earnings,us-gaap:ProfitLoss,reported,
income_statement,us-gaap:ComprehensiveIncomeNetOfTaxAttributableToNoncontrollingInterest,Noncontrolling Interest,3Q19,13.0,BMY_SEC-XBRL-financials_as-presented_10-Q_2019-10-31_0000014272-19-000194.xlsx,Income Statement,"Three Months Ended September 30, 2019",Noncontrolling Interest,us-gaap:NetIncomeLossAttributableToNoncontrollingInterest,reported,
income_statement,us-gaap:ComprehensiveIncomeNetOfTaxAttributableToNoncontrollingInterest,Noncontrolling Interest,9M19,25.0,BMY_SEC-XBRL-financials_as-presented_10-Q_2019-10-31_0000014272-19-000194.xlsx,Income Statement,"Nine Months Ended September 30, 2019",Noncontrolling Interest,us-gaap:NetIncomeLossAttributableToNoncontrollingInterest,reported,
income_statement,us-gaap:NetIncomeLoss,Net earnings/(loss) attributable to BMS,3Q19,1353.0,BMY_SEC-XBRL-financials_as-presented_10-Q_2019-10-31_0000014272-19-000194.xlsx,Income Statement,"Three Months Ended September 30, 2019",Net Earnings Attributable to BMS,us-gaap:NetIncomeLoss,reported,
income_statement,us-gaap:NetIncomeLoss,Net earnings/(loss) attributable to BMS,9M19,4495.0,BMY_SEC-XBRL-financials_as-presented_10-Q_2019-10-31_0000014272-19-000194.xlsx,Income Statement,"Nine Months Ended September 30, 2019",Net Earnings Attributable to BMS,us-gaap:NetIncomeLoss,reported,
income_statement,us-gaap:EarningsPerShareBasic,Basic,3Q19,0.83,BMY_SEC-XBRL-financials_as-presented_10-Q_2019-10-31_0000014272-19-000194.xlsx,Income Statement,"Three Months Ended September 30, 2019",Basic,us-gaap:EarningsPerShareBasic,reported,
income_statement,us-gaap:EarningsPerShareBasic,Basic,9M19,2.75,BMY_SEC-XBRL-financials_as-presented_10-Q_2019-10-31_0000014272-19-000194.xlsx,Income Statement,"Nine Months Ended September 30, 2019",Basic,us-gaap:EarningsPerShareBasic,reported,
income_statement,us-gaap:EarningsPerShareDiluted,Diluted,3Q19,0.83,BMY_SEC-XBRL-financials_as-presented_10-Q_2019-10-31_0000014272-19-000194.xlsx,Income Statement,"Three Months Ended September 30, 2019",Diluted,us-gaap:EarningsPerShareDiluted,reported,
income_statement,us-gaap:EarningsPerShareDiluted,Diluted,9M19,2.75,BMY_SEC-XBRL-financials_as-presented_10-Q_2019-10-31_0000014272-19-000194.xlsx,Income Statement,"Nine Months Ended September 30, 2019",Diluted,us-gaap:EarningsPerShareDiluted,reported,
balance_sheet,us-gaap:CashAndCashEquivalentsAtCarryingValue,Cash and cash equivalents,3Q19,30489.0,BMY_SEC-XBRL-financials_as-presented_10-Q_2019-10-31_0000014272-19-000194.xlsx,Balance Sheet,"September 30, 2019",Cash and cash equivalents,us-gaap:CashAndCashEquivalentsAtCarryingValue,reported,
balance_sheet,us-gaap:MarketableSecuritiesCurrent,Marketable debt securities,3Q19,2053.0,BMY_SEC-XBRL-financials_as-presented_10-Q_2019-10-31_0000014272-19-000194.xlsx,Balance Sheet,"September 30, 2019",Marketable securities,us-gaap:MarketableSecuritiesCurrent,reported,
balance_sheet,us-gaap:ReceivablesNetCurrent,Receivables,3Q19,5510.0,BMY_SEC-XBRL-financials_as-presented_10-Q_2019-10-31_0000014272-19-000194.xlsx,Balance Sheet,"September 30, 2019",Receivables,us-gaap:ReceivablesNetCurrent,reported,
balance_sheet,us-gaap:InventoryNet,Inventories,3Q19,1192.0,BMY_SEC-XBRL-financials_as-presented_10-Q_2019-10-31_0000014272-19-000194.xlsx,Balance Sheet,"September 30, 2019",Inventories,us-gaap:InventoryNet,reported,
balance_sheet,us-gaap:OtherAssetsCurrent,Other current assets,3Q19,947.0,BMY_SEC-XBRL-financials_as-presented_10-Q_2019-10-31_0000014272-19-000194.xlsx,Balance Sheet,"September 30, 2019",Prepaid expenses and other,us-gaap:OtherAssetsCurrent,reported,
balance_sheet,us-gaap:AssetsCurrent,Total Current assets,3Q19,40191.0,BMY_SEC-XBRL-financials_as-presented_10-Q_2019-10-31_0000014272-19-000194.xlsx,Balance Sheet,"September 30, 2019",Total Current Assets,us-gaap:AssetsCurrent,reported,
balance_sheet,us-gaap:PropertyPlantAndEquipmentNet,"Property, plant and equipment",3Q19,4830.0,BMY_SEC-XBRL-financials_as-presented_10-Q_2019-10-31_0000014272-19-000194.xlsx,Balance Sheet,"September 30, 2019","Property, plant and equipment",us-gaap:PropertyPlantAndEquipmentNet,reported,
balance_sheet,us-gaap:Goodwill,Goodwill,3Q19,6513.0,BMY_SEC-XBRL-financials_as-presented_10-Q_2019-10-31_0000014272-19-000194.xlsx,Balance Sheet,"September 30, 2019",Goodwill,us-gaap:Goodwill,reported,
balance_sheet,us-gaap:IntangibleAssetsNetExcludingGoodwill,Other intangible assets,3Q19,1002.0,BMY_SEC-XBRL-financials_as-presented_10-Q_2019-10-31_0000014272-19-000194.xlsx,Balance Sheet,"September 30, 2019",Other intangible assets,us-gaap:IntangibleAssetsNetExcludingGoodwill,reported,
balance_sheet,us-gaap:DeferredTaxAssetsNetNoncurrent,Deferred income taxes,3Q19,1624.0,BMY_SEC-XBRL-financials_as-presented_10-Q_2019-10-31_0000014272-19-000194.xlsx,Balance Sheet,"September 30, 2019",Deferred income taxes,us-gaap:DeferredTaxAssetsNetNoncurrent,reported,
balance_sheet,us-gaap:MarketableSecuritiesNoncurrent,Marketable debt securities,3Q19,925.0,BMY_SEC-XBRL-financials_as-presented_10-Q_2019-10-31_0000014272-19-000194.xlsx,Balance Sheet,"September 30, 2019",Marketable securities,us-gaap:MarketableSecuritiesNoncurrent,reported,
balance_sheet,us-gaap:OtherAssetsNoncurrent,Other non-current assets,3Q19,2348.0,BMY_SEC-XBRL-financials_as-presented_10-Q_2019-10-31_0000014272-19-000194.xlsx,Balance Sheet,"September 30, 2019",Other assets,us-gaap:OtherAssetsNoncurrent,reported,
balance_sheet,us-gaap:Assets,Total Assets,3Q19,57433.0,BMY_SEC-XBRL-financials_as-presented_10-Q_2019-10-31_0000014272-19-000194.xlsx,Balance Sheet,"September 30, 2019",Total Assets,us-gaap:Assets,reported,
balance_sheet,us-gaap:DebtCurrent,Short-term debt obligations,3Q19,569.0,BMY_SEC-XBRL-financials_as-presented_10-Q_2019-10-31_0000014272-19-000194.xlsx,Balance Sheet,"September 30, 2019",Short-term debt obligations,us-gaap:DebtCurrent,reported,
balance_sheet,us-gaap:AccountsPayableCurrent,Accounts payable,3Q19,1888.0,BMY_SEC-XBRL-financials_as-presented_10-Q_2019-10-31_0000014272-19-000194.xlsx,Balance Sheet,"September 30, 2019",Accounts payable,us-gaap:AccountsPayableCurrent,reported,
balance_sheet,us-gaap:OtherLiabilitiesCurrent,Other current liabilities,3Q19,8032.0,BMY_SEC-XBRL-financials_as-presented_10-Q_2019-10-31_0000014272-19-000194.xlsx,Balance Sheet,"September 30, 2019",Accrued and other current liabilities,us-gaap:OtherLiabilitiesCurrent,reported,
balance_sheet,us-gaap:LiabilitiesCurrent,Total Current liabilities,3Q19,10489.0,BMY_SEC-XBRL-financials_as-presented_10-Q_2019-10-31_0000014272-19-000194.xlsx,Balance Sheet,"September 30, 2019",Total Current Liabilities,us-gaap:LiabilitiesCurrent,reported,
balance_sheet,us-gaap:AccruedIncomeTaxesNoncurrent,Income taxes payable,3Q19,2919.0,BMY_SEC-XBRL-financials_as-presented_10-Q_2019-10-31_0000014272-19-000194.xlsx,Balance Sheet,"September 30, 2019",Income taxes payable,us-gaap:AccruedIncomeTaxesNoncurrent,reported,
balance_sheet,us-gaap:OtherLiabilitiesNoncurrent,Other non-current liabilities,3Q19,1881.0,BMY_SEC-XBRL-financials_as-presented_10-Q_2019-10-31_0000014272-19-000194.xlsx,Balance Sheet,"September 30, 2019",Other non-current liabilities,us-gaap:OtherLiabilitiesNoncurrent,reported,
balance_sheet,us-gaap:LongTermDebtNoncurrent,Long-term debt,3Q19,24390.0,BMY_SEC-XBRL-financials_as-presented_10-Q_2019-10-31_0000014272-19-000194.xlsx,Balance Sheet,"September 30, 2019",Long-term debt,us-gaap:LongTermDebtNoncurrent,reported,
balance_sheet,us-gaap:Liabilities,Total Liabilities,3Q19,39679.0,BMY_SEC-XBRL-financials_as-presented_10-Q_2019-10-31_0000014272-19-000194.xlsx,Balance Sheet,"September 30, 2019",Total Liabilities,us-gaap:Liabilities,reported,
balance_sheet,us-gaap:CommonStockValue,"Common stock, par value of $0.10 per share: Authorized 4.5 billion shares; 2.9 billion issued in 2019 and 2.2 billion issued in 2018",3Q19,221.0,BMY_SEC-XBRL-financials_as-presented_10-Q_2019-10-31_0000014272-19-000194.xlsx,Balance Sheet,"September 30, 2019",Common stock,us-gaap:CommonStockValue,reported,
balance_sheet,us-gaap:AdditionalPaidInCapital,Capital in excess of par value of stock,3Q19,2206.0,BMY_SEC-XBRL-financials_as-presented_10-Q_2019-10-31_0000014272-19-000194.xlsx,Balance Sheet,"September 30, 2019",Capital in excess of par value of stock,us-gaap:AdditionalPaidInCapital,reported,
balance_sheet,us-gaap:AccumulatedOtherComprehensiveIncomeLossNetOfTax,Accumulated other comprehensive loss,3Q19,-1463.0,BMY_SEC-XBRL-financials_as-presented_10-Q_2019-10-31_0000014272-19-000194.xlsx,Balance Sheet,"September 30, 2019",Accumulated other comprehensive loss,us-gaap:AccumulatedOtherComprehensiveIncomeLossNetOfTax,reported,
balance_sheet,us-gaap:RetainedEarningsAccumulatedDeficit,Retained earnings,3Q19,36555.0,BMY_SEC-XBRL-financials_as-presented_10-Q_2019-10-31_0000014272-19-000194.xlsx,Balance Sheet,"September 30, 2019",Retained earnings,us-gaap:RetainedEarningsAccumulatedDeficit,reported,
balance_sheet,us-gaap:TreasuryStockValue,Less cost of treasury stock — 672 million common shares in 2019 and 576 million common shares in 2018,3Q19,-19871.0,BMY_SEC-XBRL-financials_as-presented_10-Q_2019-10-31_0000014272-19-000194.xlsx,Balance Sheet,"September 30, 2019",Less cost of treasury stock,us-gaap:TreasuryStockValue,reported,
balance_sheet,us-gaap:StockholdersEquity,Total BMS Shareholders’ Equity,3Q19,17648.0,BMY_SEC-XBRL-financials_as-presented_10-Q_2019-10-31_0000014272-19-000194.xlsx,Balance Sheet,"September 30, 2019",Total Bristol-Myers Squibb Company Shareholders’ Equity,us-gaap:StockholdersEquity,reported,
balance_sheet,us-gaap:MinorityInterest,Noncontrolling interest,3Q19,106.0,BMY_SEC-XBRL-financials_as-presented_10-Q_2019-10-31_0000014272-19-000194.xlsx,Balance Sheet,"September 30, 2019",Noncontrolling interest,us-gaap:MinorityInterest,reported,
balance_sheet,us-gaap:StockholdersEquityIncludingPortionAttributableToNoncontrollingInterest,Total Equity,3Q19,17754.0,BMY_SEC-XBRL-financials_as-presented_10-Q_2019-10-31_0000014272-19-000194.xlsx,Balance Sheet,"September 30, 2019",Total Equity,us-gaap:StockholdersEquityIncludingPortionAttributableToNoncontrollingInterest,reported,
balance_sheet,us-gaap:LiabilitiesAndStockholdersEquity,Total Liabilities and Equity,3Q19,57433.0,BMY_SEC-XBRL-financials_as-presented_10-Q_2019-10-31_0000014272-19-000194.xlsx,Balance Sheet,"September 30, 2019",Total Liabilities and Equity,us-gaap:LiabilitiesAndStockholdersEquity,reported,
cash_flow,us-gaap:ProfitLoss,Net earnings/(loss),9M19,4520.0,BMY_SEC-XBRL-financials_as-presented_10-Q_2019-10-31_0000014272-19-000194.xlsx,Cash Flow,"Nine Months Ended September 30, 2019",Net earnings,us-gaap:ProfitLoss,reported,
cash_flow,us-gaap:DepreciationDepletionAndAmortization,"Depreciation and amortization, net",9M19,510.0,BMY_SEC-XBRL-financials_as-presented_10-Q_2019-10-31_0000014272-19-000194.xlsx,Cash Flow,"Nine Months Ended September 30, 2019","Depreciation and amortization, net",us-gaap:DepreciationDepletionAndAmortization,reported,
cash_flow,us-gaap:DeferredIncomeTaxExpenseBenefit,Deferred income taxes,9M19,-587.0,BMY_SEC-XBRL-financials_as-presented_10-Q_2019-10-31_0000014272-19-000194.xlsx,Cash Flow,"Nine Months Ended September 30, 2019",Deferred income taxes,us-gaap:DeferredIncomeTaxExpenseBenefit,reported,
cash_flow,us-gaap:ShareBasedCompensation,Stock-based compensation,9M19,157.0,BMY_SEC-XBRL-financials_as-presented_10-Q_2019-10-31_0000014272-19-000194.xlsx,Cash Flow,"Nine Months Ended September 30, 2019",Stock-based compensation,us-gaap:ShareBasedCompensation,reported,
cash_flow,us-gaap:ImpairmentOfLongLivedAssetsToBeDisposedOf,Impairment charges,9M19,183.0,BMY_SEC-XBRL-financials_as-presented_10-Q_2019-10-31_0000014272-19-000194.xlsx,Cash Flow,"Nine Months Ended September 30, 2019",Impairment charges,us-gaap:ImpairmentOfLongLivedAssetsToBeDisposedOf,reported,
cash_flow,bmy:Pensionsettlementsandamortization,Pension settlements and amortization,9M19,1683.0,BMY_SEC-XBRL-financials_as-presented_10-Q_2019-10-31_0000014272-19-000194.xlsx,Cash Flow,"Nine Months Ended September 30, 2019",Pension settlements and amortization,bmy:Pensionsettlementsandamortization,reported,
cash_flow,bmy:DivestitureGainsAndRoyalties,Divestiture gains and royalties,9M19,-1676.0,BMY_SEC-XBRL-financials_as-presented_10-Q_2019-10-31_0000014272-19-000194.xlsx,Cash Flow,"Nine Months Ended September 30, 2019",Divestiture gains and royalties,bmy:Divestituregainsandroyalties,reported,
cash_flow,bmy:Assetacquisitioncharge,Asset acquisition charges,9M19,25.0,BMY_SEC-XBRL-financials_as-presented_10-Q_2019-10-31_0000014272-19-000194.xlsx,Cash Flow,"Nine Months Ended September 30, 2019",Asset acquisition charges,bmy:Assetacquisitioncharge,reported,
cash_flow,us-gaap:EquityMethodInvestmentRealizedGainLossOnDisposal,"Equity investment (gains)/losses, net",9M19,15.0,BMY_SEC-XBRL-financials_as-presented_10-Q_2019-10-31_0000014272-19-000194.xlsx,Cash Flow,"Nine Months Ended September 30, 2019",Equity investment losses,us-gaap:MarketableSecuritiesGainLoss,reported,
cash_flow,us-gaap:OtherNoncashIncomeExpense,Other adjustments,9M19,-21.0,BMY_SEC-XBRL-financials_as-presented_10-Q_2019-10-31_0000014272-19-000194.xlsx,Cash Flow,"Nine Months Ended September 30, 2019",Other adjustments,us-gaap:OtherNoncashIncomeExpense,reported,
cash_flow,us-gaap:IncreaseDecreaseInReceivables,Receivables,9M19,434.0,BMY_SEC-XBRL-financials_as-presented_10-Q_2019-10-31_0000014272-19-000194.xlsx,Cash Flow,"Nine Months Ended September 30, 2019",Receivables,us-gaap:IncreaseDecreaseInReceivables,reported,
cash_flow,us-gaap:IncreaseDecreaseInInventories,Inventories,9M19,-7.0,BMY_SEC-XBRL-financials_as-presented_10-Q_2019-10-31_0000014272-19-000194.xlsx,Cash Flow,"Nine Months Ended September 30, 2019",Inventories,us-gaap:IncreaseDecreaseInInventories,reported,
cash_flow,us-gaap:IncreaseDecreaseInAccountsPayable,Accounts payable,9M19,48.0,BMY_SEC-XBRL-financials_as-presented_10-Q_2019-10-31_0000014272-19-000194.xlsx,Cash Flow,"Nine Months Ended September 30, 2019",Accounts payable,us-gaap:IncreaseDecreaseInAccountsPayable,reported,
cash_flow,us-gaap:IncreaseDecreaseInAccruedIncomeTaxesPayable,Income taxes payable,9M19,47.0,BMY_SEC-XBRL-financials_as-presented_10-Q_2019-10-31_0000014272-19-000194.xlsx,Cash Flow,"Nine Months Ended September 30, 2019",Income taxes payable,us-gaap:IncreaseDecreaseInAccruedIncomeTaxesPayable,reported,
cash_flow,us-gaap:IncreaseDecreaseInOtherOperatingCapitalNet,Other,9M19,685.0,BMY_SEC-XBRL-financials_as-presented_10-Q_2019-10-31_0000014272-19-000194.xlsx,Cash Flow,"Nine Months Ended September 30, 2019",Other,us-gaap:IncreaseDecreaseInOtherOperatingCapitalNet,reported,
cash_flow,us-gaap:NetCashProvidedByUsedInOperatingActivities,Net cash provided by operating activities,9M19,6029.0,BMY_SEC-XBRL-financials_as-presented_10-Q_2019-10-31_0000014272-19-000194.xlsx,Cash Flow,"Nine Months Ended September 30, 2019",Net Cash Provided by Operating Activities,us-gaap:NetCashProvidedByUsedInOperatingActivities,reported,
cash_flow,us-gaap:ProceedsFromSaleAndMaturityOfAvailableForSaleSecurities,Sale and maturities of marketable debt securities,9M19,2464.0,BMY_SEC-XBRL-financials_as-presented_10-Q_2019-10-31_0000014272-19-000194.xlsx,Cash Flow,"Nine Months Ended September 30, 2019",Sale and maturities of marketable securities,us-gaap:ProceedsFromSaleAndMaturityOfAvailableForSaleSecurities,reported,
cash_flow,us-gaap:PaymentsToAcquireMarketableSecurities,Purchase of marketable debt securities,9M19,-1642.0,BMY_SEC-XBRL-financials_as-presented_10-Q_2019-10-31_0000014272-19-000194.xlsx,Cash Flow,"Nine Months Ended September 30, 2019",Purchase of marketable securities,us-gaap:PaymentsToAcquireMarketableSecurities,reported,
cash_flow,us-gaap:PaymentsToAcquirePropertyPlantAndEquipment,Capital expenditures,9M19,-585.0,BMY_SEC-XBRL-financials_as-presented_10-Q_2019-10-31_0000014272-19-000194.xlsx,Cash Flow,"Nine Months Ended September 30, 2019",Capital expenditures,us-gaap:PaymentsToAcquirePropertyPlantAndEquipment,reported,
cash_flow,bmy:DivestitureAndOtherProceeds,Divestiture and other proceeds,9M19,2087.0,BMY_SEC-XBRL-financials_as-presented_10-Q_2019-10-31_0000014272-19-000194.xlsx,Cash Flow,"Nine Months Ended September 30, 2019",Divestiture and other proceeds,bmy:Divestitureandotherproceeds,reported,
cash_flow,us-gaap:PaymentsToAcquireBusinessesNetOfCashAcquired,"Acquisition and other payments, net of cash acquired",9M19,-58.0,BMY_SEC-XBRL-financials_as-presented_10-Q_2019-10-31_0000014272-19-000194.xlsx,Cash Flow,"Nine Months Ended September 30, 2019",Acquisition and other payments,us-gaap:PaymentsToAcquireBusinessesNetOfCashAcquired,reported,
cash_flow,us-gaap:NetCashProvidedByUsedInInvestingActivities,Net cash provided by/(used in) investing activities,9M19,2266.0,BMY_SEC-XBRL-financials_as-presented_10-Q_2019-10-31_0000014272-19-000194.xlsx,Cash Flow,"Nine Months Ended September 30, 2019",Net Cash Provided by/(Used in) Investing Activities,us-gaap:NetCashProvidedByUsedInInvestingActivities,reported,
cash_flow,us-gaap:ProceedsFromRepaymentsOfShortTermDebt,"Short-term debt obligations, net",9M19,115.0,BMY_SEC-XBRL-financials_as-presented_10-Q_2019-10-31_0000014272-19-000194.xlsx,Cash Flow,"Nine Months Ended September 30, 2019","Short-term debt obligations, net",us-gaap:ProceedsFromRepaymentsOfShortTermDebt,reported,
cash_flow,us-gaap:ProceedsFromIssuanceOfLongTermDebt,Proceeds from issuance of long-term debt,9M19,18790.0,BMY_SEC-XBRL-financials_as-presented_10-Q_2019-10-31_0000014272-19-000194.xlsx,Cash Flow,"Nine Months Ended September 30, 2019",Issuance of long-term debt,us-gaap:ProceedsFromIssuanceOfLongTermDebt,reported,
cash_flow,us-gaap:RepaymentsOfLongTermDebt,Repayments of long-term debt,9M19,-1256.0,BMY_SEC-XBRL-financials_as-presented_10-Q_2019-10-31_0000014272-19-000194.xlsx,Cash Flow,"Nine Months Ended September 30, 2019",Repayment of long-term debt,us-gaap:RepaymentsOfLongTermDebt,reported,
cash_flow,us-gaap:PaymentsForRepurchaseOfCommonStock,Repurchase of common stock,9M19,-300.0,BMY_SEC-XBRL-financials_as-presented_10-Q_2019-10-31_0000014272-19-000194.xlsx,Cash Flow,"Nine Months Ended September 30, 2019",Repurchase of common stock,us-gaap:PaymentsForRepurchaseOfCommonStock,reported,
cash_flow,us-gaap:PaymentsOfDividends,Dividends,9M19,-2011.0,BMY_SEC-XBRL-financials_as-presented_10-Q_2019-10-31_0000014272-19-000194.xlsx,Cash Flow,"Nine Months Ended September 30, 2019",Dividends,us-gaap:PaymentsOfDividends,reported,
cash_flow,us-gaap:NetCashProvidedByUsedInFinancingActivities,Net cash provided by/(used in) financing activities,9M19,15298.0,BMY_SEC-XBRL-financials_as-presented_10-Q_2019-10-31_0000014272-19-000194.xlsx,Cash Flow,"Nine Months Ended September 30, 2019",Net Cash Provided by/(Used in) Financing Activities,us-gaap:NetCashProvidedByUsedInFinancingActivities,reported,
cash_flow,us-gaap:EffectOfExchangeRateOnCashCashEquivalentsRestrictedCashAndRestrictedCashEquivalents,"Effect of exchange rates on cash, cash equivalents and restricted cash",9M19,-15.0,BMY_SEC-XBRL-financials_as-presented_10-Q_2019-10-31_0000014272-19-000194.xlsx,Cash Flow,"Nine Months Ended September 30, 2019",Effect of Exchange Rates on Cash and Cash Equivalents,us-gaap:EffectOfExchangeRateOnCashAndCashEquivalents,reported,
cash_flow,us-gaap:CashCashEquivalentsRestrictedCashAndRestrictedCashEquivalentsPeriodIncreaseDecreaseIncludingExchangeRateEffect,"Increase/(decrease) in cash, cash equivalents and restricted cash",9M19,23578.0,BMY_SEC-XBRL-financials_as-presented_10-Q_2019-10-31_0000014272-19-000194.xlsx,Cash Flow,"Nine Months Ended September 30, 2019",Net Increase/(Decrease) in Cash and Cash Equivalents,us-gaap:CashAndCashEquivalentsPeriodIncreaseDecrease,reported,
cash_flow,us-gaap:CashCashEquivalentsRestrictedCashAndRestrictedCashEquivalents,"Cash, cash equivalents and restricted cash at beginning of period",9M19,6911.0,BMY_SEC-XBRL-financials_as-presented_10-Q_2019-10-31_0000014272-19-000194.xlsx,Cash Flow,"Nine Months Ended September 30, 2019",Cash and Cash Equivalents at Beginning of Period,us-gaap:CashAndCashEquivalentsAtCarryingValue,reported,
income_statement,us-gaap:Revenues,Net product sales,1Q20,10541.0,BMY_SEC-XBRL-financials_as-presented_10-Q_2020-05-07_0000014272-20-000168.xlsx,Income Statement,"Three Months Ended March 31, 2020",Net product sales,us-gaap:Revenues,reported,
income_statement,us-gaap:CostOfGoodsAndServicesSold,Cost of products sold(a),1Q20,3662.0,BMY_SEC-XBRL-financials_as-presented_10-Q_2020-05-07_0000014272-20-000168.xlsx,Income Statement,"Three Months Ended March 31, 2020",Cost of products sold(a),us-gaap:CostOfGoodsAndServicesSold,reported,
income_statement,us-gaap:SellingGeneralAndAdministrativeExpense,"Selling, general and administrative",1Q20,1606.0,BMY_SEC-XBRL-financials_as-presented_10-Q_2020-05-07_0000014272-20-000168.xlsx,Income Statement,"Three Months Ended March 31, 2020","Marketing, selling and administrative",us-gaap:SellingGeneralAndAdministrativeExpense,reported,
income_statement,us-gaap:ResearchAndDevelopmentExpense,Research and development,1Q20,2372.0,BMY_SEC-XBRL-financials_as-presented_10-Q_2020-05-07_0000014272-20-000168.xlsx,Income Statement,"Three Months Ended March 31, 2020",Research and development,us-gaap:ResearchAndDevelopmentExpense,reported,
income_statement,bmy:AmortizationofAcquiredIntangibleAssets,Amortization of acquired intangible assets,1Q20,2282.0,BMY_SEC-XBRL-financials_as-presented_10-Q_2020-05-07_0000014272-20-000168.xlsx,Income Statement,"Three Months Ended March 31, 2020",Amortization of acquired intangible assets,bmy:AmortizationofAcquiredIntangibleAssets,reported,
income_statement,us-gaap:OtherNonoperatingIncomeExpense,"Other (income)/expense, net",1Q20,1163.0,BMY_SEC-XBRL-financials_as-presented_10-Q_2020-05-07_0000014272-20-000168.xlsx,Income Statement,"Three Months Ended March 31, 2020","Other expense/(income), net",us-gaap:OtherNonoperatingIncomeExpense,reported,
income_statement,us-gaap:CostsAndExpenses,Total Expenses,1Q20,11085.0,BMY_SEC-XBRL-financials_as-presented_10-Q_2020-05-07_0000014272-20-000168.xlsx,Income Statement,"Three Months Ended March 31, 2020",Total Expenses,us-gaap:CostsAndExpenses,reported,
income_statement,us-gaap:IncomeLossFromContinuingOperationsBeforeIncomeTaxesExtraordinaryItemsNoncontrollingInterest,Earnings/(Loss) before income taxes,1Q20,-304.0,BMY_SEC-XBRL-financials_as-presented_10-Q_2020-05-07_0000014272-20-000168.xlsx,Income Statement,"Three Months Ended March 31, 2020",(Loss)/Earnings Before Income Taxes,us-gaap:IncomeLossFromContinuingOperationsBeforeIncomeTaxesMinorityInterestAndIncomeLossFromEquityMethodInvestments,reported,
income_statement,us-gaap:IncomeTaxExpenseBenefit,Income tax provision,1Q20,462.0,BMY_SEC-XBRL-financials_as-presented_10-Q_2020-05-07_0000014272-20-000168.xlsx,Income Statement,"Three Months Ended March 31, 2020",Provision for Income Taxes,us-gaap:IncomeTaxExpenseBenefit,reported,
income_statement,us-gaap:ProfitLoss,Net earnings/(loss),1Q20,-766.0,BMY_SEC-XBRL-financials_as-presented_10-Q_2020-05-07_0000014272-20-000168.xlsx,Income Statement,"Three Months Ended March 31, 2020",Net (Loss)/Earnings,us-gaap:ProfitLoss,reported,
income_statement,us-gaap:ComprehensiveIncomeNetOfTaxAttributableToNoncontrollingInterest,Noncontrolling Interest,1Q20,9.0,BMY_SEC-XBRL-financials_as-presented_10-Q_2020-05-07_0000014272-20-000168.xlsx,Income Statement,"Three Months Ended March 31, 2020",Noncontrolling Interest,us-gaap:NetIncomeLossAttributableToNoncontrollingInterest,reported,
income_statement,us-gaap:NetIncomeLoss,Net earnings/(loss) attributable to BMS,1Q20,-775.0,BMY_SEC-XBRL-financials_as-presented_10-Q_2020-05-07_0000014272-20-000168.xlsx,Income Statement,"Three Months Ended March 31, 2020",Net (Loss)/Earnings Attributable to BMS,us-gaap:NetIncomeLoss,reported,
income_statement,us-gaap:EarningsPerShareBasic,Basic,1Q20,0.34,BMY_SEC-XBRL-financials_as-presented_10-Q_2020-05-07_0000014272-20-000168.xlsx,Income Statement,"Three Months Ended March 31, 2020",Basic,us-gaap:EarningsPerShareBasic,reported,
income_statement,us-gaap:EarningsPerShareDiluted,Diluted,1Q20,-0.34,BMY_SEC-XBRL-financials_as-presented_10-Q_2020-05-07_0000014272-20-000168.xlsx,Income Statement,"Three Months Ended March 31, 2020",Diluted,us-gaap:EarningsPerShareDiluted,reported,
balance_sheet,us-gaap:CashAndCashEquivalentsAtCarryingValue,Cash and cash equivalents,1Q20,15817.0,BMY_SEC-XBRL-financials_as-presented_10-Q_2020-05-07_0000014272-20-000168.xlsx,Balance Sheet,"March 31, 2020",Cash and cash equivalents,us-gaap:CashAndCashEquivalentsAtCarryingValue,reported,
balance_sheet,us-gaap:MarketableSecuritiesCurrent,Marketable debt securities,1Q20,2505.0,BMY_SEC-XBRL-financials_as-presented_10-Q_2020-05-07_0000014272-20-000168.xlsx,Balance Sheet,"March 31, 2020",Marketable debt securities,us-gaap:MarketableSecuritiesCurrent,reported,
balance_sheet,us-gaap:ReceivablesNetCurrent,Receivables,1Q20,8290.0,BMY_SEC-XBRL-financials_as-presented_10-Q_2020-05-07_0000014272-20-000168.xlsx,Balance Sheet,"March 31, 2020",Receivables,us-gaap:ReceivablesNetCurrent,reported,
balance_sheet,us-gaap:InventoryNet,Inventories,1Q20,2836.0,BMY_SEC-XBRL-financials_as-presented_10-Q_2020-05-07_0000014272-20-000168.xlsx,Balance Sheet,"March 31, 2020",Inventories,us-gaap:InventoryNet,reported,
balance_sheet,us-gaap:OtherAssetsCurrent,Other current assets,1Q20,2405.0,BMY_SEC-XBRL-financials_as-presented_10-Q_2020-05-07_0000014272-20-000168.xlsx,Balance Sheet,"March 31, 2020",Other current assets,us-gaap:OtherAssetsCurrent,reported,
balance_sheet,us-gaap:AssetsCurrent,Total Current assets,1Q20,31853.0,BMY_SEC-XBRL-financials_as-presented_10-Q_2020-05-07_0000014272-20-000168.xlsx,Balance Sheet,"March 31, 2020",Total Current Assets,us-gaap:AssetsCurrent,reported,
balance_sheet,us-gaap:PropertyPlantAndEquipmentNet,"Property, plant and equipment",1Q20,6112.0,BMY_SEC-XBRL-financials_as-presented_10-Q_2020-05-07_0000014272-20-000168.xlsx,Balance Sheet,"March 31, 2020","Property, plant and equipment",us-gaap:PropertyPlantAndEquipmentNet,reported,
balance_sheet,us-gaap:Goodwill,Goodwill,1Q20,22452.0,BMY_SEC-XBRL-financials_as-presented_10-Q_2020-05-07_0000014272-20-000168.xlsx,Balance Sheet,"March 31, 2020",Goodwill,us-gaap:Goodwill,reported,
balance_sheet,us-gaap:IntangibleAssetsNetExcludingGoodwill,Other intangible assets,1Q20,61666.0,BMY_SEC-XBRL-financials_as-presented_10-Q_2020-05-07_0000014272-20-000168.xlsx,Balance Sheet,"March 31, 2020",Other intangible assets,us-gaap:IntangibleAssetsNetExcludingGoodwill,reported,
balance_sheet,us-gaap:DeferredIncomeTaxAssetsNet,Deferred income taxes,1Q20,605.0,BMY_SEC-XBRL-financials_as-presented_10-Q_2020-05-07_0000014272-20-000168.xlsx,Balance Sheet,"March 31, 2020",Deferred income taxes,us-gaap:DeferredIncomeTaxAssetsNet,reported,
balance_sheet,us-gaap:MarketableSecuritiesNoncurrent,Marketable debt securities,1Q20,651.0,BMY_SEC-XBRL-financials_as-presented_10-Q_2020-05-07_0000014272-20-000168.xlsx,Balance Sheet,"March 31, 2020",Marketable debt securities,us-gaap:MarketableSecuritiesNoncurrent,reported,
balance_sheet,us-gaap:OtherAssetsNoncurrent,Other non-current assets,1Q20,5946.0,BMY_SEC-XBRL-financials_as-presented_10-Q_2020-05-07_0000014272-20-000168.xlsx,Balance Sheet,"March 31, 2020",Other non-current assets,us-gaap:OtherAssetsNoncurrent,reported,
balance_sheet,us-gaap:Assets,Total Assets,1Q20,129285.0,BMY_SEC-XBRL-financials_as-presented_10-Q_2020-05-07_0000014272-20-000168.xlsx,Balance Sheet,"March 31, 2020",Total Assets,us-gaap:Assets,reported,
balance_sheet,us-gaap:DebtCurrent,Short-term debt obligations,1Q20,3862.0,BMY_SEC-XBRL-financials_as-presented_10-Q_2020-05-07_0000014272-20-000168.xlsx,Balance Sheet,"March 31, 2020",Short-term debt obligations,us-gaap:DebtCurrent,reported,
balance_sheet,us-gaap:AccountsPayableCurrent,Accounts payable,1Q20,3069.0,BMY_SEC-XBRL-financials_as-presented_10-Q_2020-05-07_0000014272-20-000168.xlsx,Balance Sheet,"March 31, 2020",Accounts payable,us-gaap:AccountsPayableCurrent,reported,
balance_sheet,us-gaap:OtherLiabilitiesCurrent,Other current liabilities,1Q20,12301.0,BMY_SEC-XBRL-financials_as-presented_10-Q_2020-05-07_0000014272-20-000168.xlsx,Balance Sheet,"March 31, 2020",Other current liabilities,us-gaap:OtherLiabilitiesCurrent,reported,
balance_sheet,us-gaap:LiabilitiesCurrent,Total Current liabilities,1Q20,19232.0,BMY_SEC-XBRL-financials_as-presented_10-Q_2020-05-07_0000014272-20-000168.xlsx,Balance Sheet,"March 31, 2020",Total Current Liabilities,us-gaap:LiabilitiesCurrent,reported,
balance_sheet,us-gaap:DeferredIncomeTaxLiabilitiesNet,Deferred income taxes,1Q20,6531.0,BMY_SEC-XBRL-financials_as-presented_10-Q_2020-05-07_0000014272-20-000168.xlsx,Balance Sheet,"March 31, 2020",Deferred income taxes,us-gaap:DeferredIncomeTaxLiabilitiesNet,reported,
balance_sheet,us-gaap:LongTermDebtNoncurrent,Long-term debt,1Q20,42844.0,BMY_SEC-XBRL-financials_as-presented_10-Q_2020-05-07_0000014272-20-000168.xlsx,Balance Sheet,"March 31, 2020",Long-term debt,us-gaap:LongTermDebtNoncurrent,reported,
balance_sheet,us-gaap:OtherLiabilitiesNoncurrent,Other non-current liabilities,1Q20,10701.0,BMY_SEC-XBRL-financials_as-presented_10-Q_2020-05-07_0000014272-20-000168.xlsx,Balance Sheet,"March 31, 2020",Other non-current liabilities,us-gaap:OtherLiabilitiesNoncurrent,reported,
balance_sheet,us-gaap:Liabilities,Total Liabilities,1Q20,79308.0,BMY_SEC-XBRL-financials_as-presented_10-Q_2020-05-07_0000014272-20-000168.xlsx,Balance Sheet,"March 31, 2020",Total Liabilities,us-gaap:Liabilities,reported,
balance_sheet,us-gaap:CommonStockValue,"Common stock, par value of $0.10 per share: Authorized 4.5 billion shares; 2.9 billion issued in 2019 and 2.2 billion issued in 2018",1Q20,292.0,BMY_SEC-XBRL-financials_as-presented_10-Q_2020-05-07_0000014272-20-000168.xlsx,Balance Sheet,"March 31, 2020",Common stock,us-gaap:CommonStockValue,reported,
balance_sheet,us-gaap:AdditionalPaidInCapital,Capital in excess of par value of stock,1Q20,43254.0,BMY_SEC-XBRL-financials_as-presented_10-Q_2020-05-07_0000014272-20-000168.xlsx,Balance Sheet,"March 31, 2020",Capital in excess of par value of stock,us-gaap:AdditionalPaidInCapital,reported,
balance_sheet,us-gaap:AccumulatedOtherComprehensiveIncomeLossNetOfTax,Accumulated other comprehensive loss,1Q20,-1549.0,BMY_SEC-XBRL-financials_as-presented_10-Q_2020-05-07_0000014272-20-000168.xlsx,Balance Sheet,"March 31, 2020",Accumulated other comprehensive loss,us-gaap:AccumulatedOtherComprehensiveIncomeLossNetOfTax,reported,
balance_sheet,us-gaap:RetainedEarningsAccumulatedDeficit,Retained earnings,1Q20,32671.0,BMY_SEC-XBRL-financials_as-presented_10-Q_2020-05-07_0000014272-20-000168.xlsx,Balance Sheet,"March 31, 2020",Retained earnings,us-gaap:RetainedEarningsAccumulatedDeficit,reported,
balance_sheet,us-gaap:TreasuryStockValue,Less cost of treasury stock — 672 million common shares in 2019 and 576 million common shares in 2018,1Q20,-24757.0,BMY_SEC-XBRL-financials_as-presented_10-Q_2020-05-07_0000014272-20-000168.xlsx,Balance Sheet,"March 31, 2020",Less cost of treasury stock,us-gaap:TreasuryStockValue,reported,
balance_sheet,us-gaap:StockholdersEquity,Total BMS Shareholders’ Equity,1Q20,49911.0,BMY_SEC-XBRL-financials_as-presented_10-Q_2020-05-07_0000014272-20-000168.xlsx,Balance Sheet,"March 31, 2020",Total Bristol-Myers Squibb Company Shareholders’ Equity,us-gaap:StockholdersEquity,reported,
balance_sheet,us-gaap:MinorityInterest,Noncontrolling interest,1Q20,66.0,BMY_SEC-XBRL-financials_as-presented_10-Q_2020-05-07_0000014272-20-000168.xlsx,Balance Sheet,"March 31, 2020",Noncontrolling interest,us-gaap:MinorityInterest,reported,
balance_sheet,us-gaap:StockholdersEquityIncludingPortionAttributableToNoncontrollingInterest,Total Equity,1Q20,49977.0,BMY_SEC-XBRL-financials_as-presented_10-Q_2020-05-07_0000014272-20-000168.xlsx,Balance Sheet,"March 31, 2020",Total Equity,us-gaap:StockholdersEquityIncludingPortionAttributableToNoncontrollingInterest,reported,
balance_sheet,us-gaap:LiabilitiesAndStockholdersEquity,Total Liabilities and Equity,1Q20,129285.0,BMY_SEC-XBRL-financials_as-presented_10-Q_2020-05-07_0000014272-20-000168.xlsx,Balance Sheet,"March 31, 2020",Total Liabilities and Equity,us-gaap:LiabilitiesAndStockholdersEquity,reported,
cash_flow,us-gaap:ProfitLoss,Net earnings/(loss),1Q20,-766.0,BMY_SEC-XBRL-financials_as-presented_10-Q_2020-05-07_0000014272-20-000168.xlsx,Cash Flow,"Three Months Ended March 31, 2020",Net (loss)/earnings,us-gaap:ProfitLoss,reported,
cash_flow,us-gaap:DepreciationDepletionAndAmortization,"Depreciation and amortization, net",1Q20,2477.0,BMY_SEC-XBRL-financials_as-presented_10-Q_2020-05-07_0000014272-20-000168.xlsx,Cash Flow,"Three Months Ended March 31, 2020","Depreciation and amortization, net",us-gaap:DepreciationDepletionAndAmortization,reported,
cash_flow,us-gaap:DeferredIncomeTaxExpenseBenefit,Deferred income taxes,1Q20,-53.0,BMY_SEC-XBRL-financials_as-presented_10-Q_2020-05-07_0000014272-20-000168.xlsx,Cash Flow,"Three Months Ended March 31, 2020",Deferred income taxes,us-gaap:DeferredIncomeTaxExpenseBenefit,reported,
cash_flow,us-gaap:ShareBasedCompensation,Stock-based compensation,1Q20,210.0,BMY_SEC-XBRL-financials_as-presented_10-Q_2020-05-07_0000014272-20-000168.xlsx,Cash Flow,"Three Months Ended March 31, 2020",Stock-based compensation,us-gaap:ShareBasedCompensation,reported,
cash_flow,us-gaap:ImpairmentOfLongLivedAssetsToBeDisposedOf,Impairment charges,1Q20,53.0,BMY_SEC-XBRL-financials_as-presented_10-Q_2020-05-07_0000014272-20-000168.xlsx,Cash Flow,"Three Months Ended March 31, 2020",Impairment charges,us-gaap:ImpairmentOfLongLivedAssetsToBeDisposedOf,reported,
cash_flow,bmy:Pensionsettlementsandamortization,Pension settlements and amortization,1Q20,11.0,BMY_SEC-XBRL-financials_as-presented_10-Q_2020-05-07_0000014272-20-000168.xlsx,Cash Flow,"Three Months Ended March 31, 2020",Pension settlements and amortization,bmy:Pensionsettlementsandamortization,reported,
cash_flow,bmy:DivestitureGainsAndRoyalties,Divestiture gains and royalties,1Q20,-173.0,BMY_SEC-XBRL-financials_as-presented_10-Q_2020-05-07_0000014272-20-000168.xlsx,Cash Flow,"Three Months Ended March 31, 2020",Divestiture gains and royalties,bmy:Divestituregainsandroyalties,reported,
cash_flow,us-gaap:EquityMethodInvestmentRealizedGainLossOnDisposal,"Equity investment (gains)/losses, net",1Q20,339.0,BMY_SEC-XBRL-financials_as-presented_10-Q_2020-05-07_0000014272-20-000168.xlsx,Cash Flow,"Three Months Ended March 31, 2020",Equity investment losses/(gains),us-gaap:MarketableSecuritiesGainLoss,reported,
cash_flow,us-gaap:BusinessCombinationContingentConsiderationArrangementsChangeInAmountOfContingentConsiderationLiability1,Contingent consideration fair value adjustments,1Q20,556.0,BMY_SEC-XBRL-financials_as-presented_10-Q_2020-05-07_0000014272-20-000168.xlsx,Cash Flow,"Three Months Ended March 31, 2020",Contingent consideration fair value adjustments,us-gaap:BusinessCombinationContingentConsiderationArrangementsChangeInAmountOfContingentConsiderationLiability1,reported,
cash_flow,us-gaap:OtherNoncashIncomeExpense,Other adjustments,1Q20,-42.0,BMY_SEC-XBRL-financials_as-presented_10-Q_2020-05-07_0000014272-20-000168.xlsx,Cash Flow,"Three Months Ended March 31, 2020",Other adjustments,us-gaap:OtherNoncashIncomeExpense,reported,
cash_flow,us-gaap:IncreaseDecreaseInReceivables,Receivables,1Q20,-743.0,BMY_SEC-XBRL-financials_as-presented_10-Q_2020-05-07_0000014272-20-000168.xlsx,Cash Flow,"Three Months Ended March 31, 2020",Receivables,us-gaap:IncreaseDecreaseInReceivables,reported,
cash_flow,us-gaap:IncreaseDecreaseInInventories,Inventories,1Q20,1448.0,BMY_SEC-XBRL-financials_as-presented_10-Q_2020-05-07_0000014272-20-000168.xlsx,Cash Flow,"Three Months Ended March 31, 2020",Inventories,us-gaap:IncreaseDecreaseInInventories,reported,
cash_flow,us-gaap:IncreaseDecreaseInAccountsPayable,Accounts payable,1Q20,703.0,BMY_SEC-XBRL-financials_as-presented_10-Q_2020-05-07_0000014272-20-000168.xlsx,Cash Flow,"Three Months Ended March 31, 2020",Accounts payable,us-gaap:IncreaseDecreaseInAccountsPayable,reported,
cash_flow,us-gaap:IncreaseDecreaseInAccruedIncomeTaxesPayable,Income taxes payable,1Q20,229.0,BMY_SEC-XBRL-financials_as-presented_10-Q_2020-05-07_0000014272-20-000168.xlsx,Cash Flow,"Three Months Ended March 31, 2020",Income taxes payable,us-gaap:IncreaseDecreaseInAccruedIncomeTaxesPayable,reported,
cash_flow,us-gaap:IncreaseDecreaseInOtherOperatingCapitalNet,Other,1Q20,-355.0,BMY_SEC-XBRL-financials_as-presented_10-Q_2020-05-07_0000014272-20-000168.xlsx,Cash Flow,"Three Months Ended March 31, 2020",Other,us-gaap:IncreaseDecreaseInOtherOperatingCapitalNet,reported,
cash_flow,us-gaap:NetCashProvidedByUsedInOperatingActivities,Net cash provided by operating activities,1Q20,3894.0,BMY_SEC-XBRL-financials_as-presented_10-Q_2020-05-07_0000014272-20-000168.xlsx,Cash Flow,"Three Months Ended March 31, 2020",Net Cash Provided by Operating Activities,us-gaap:NetCashProvidedByUsedInOperatingActivities,reported,
cash_flow,us-gaap:ProceedsFromSaleAndMaturityOfAvailableForSaleSecurities,Sale and maturities of marketable debt securities,1Q20,1394.0,BMY_SEC-XBRL-financials_as-presented_10-Q_2020-05-07_0000014272-20-000168.xlsx,Cash Flow,"Three Months Ended March 31, 2020",Sale and maturities of marketable debt securities,us-gaap:ProceedsFromSaleAndMaturityOfAvailableForSaleSecurities,reported,
cash_flow,us-gaap:PaymentsToAcquireMarketableSecurities,Purchase of marketable debt securities,1Q20,-735.0,BMY_SEC-XBRL-financials_as-presented_10-Q_2020-05-07_0000014272-20-000168.xlsx,Cash Flow,"Three Months Ended March 31, 2020",Purchase of marketable debt securities,us-gaap:PaymentsToAcquireMarketableSecurities,reported,
cash_flow,us-gaap:PaymentsToAcquirePropertyPlantAndEquipment,Capital expenditures,1Q20,-186.0,BMY_SEC-XBRL-financials_as-presented_10-Q_2020-05-07_0000014272-20-000168.xlsx,Cash Flow,"Three Months Ended March 31, 2020",Capital expenditures,us-gaap:PaymentsToAcquirePropertyPlantAndEquipment,reported,
cash_flow,bmy:DivestitureAndOtherProceeds,Divestiture and other proceeds,1Q20,205.0,BMY_SEC-XBRL-financials_as-presented_10-Q_2020-05-07_0000014272-20-000168.xlsx,Cash Flow,"Three Months Ended March 31, 2020",Divestiture and other proceeds,bmy:Divestitureandotherproceeds,reported,
cash_flow,us-gaap:PaymentsToAcquireBusinessesNetOfCashAcquired,"Acquisition and other payments, net of cash acquired",1Q20,-25.0,BMY_SEC-XBRL-financials_as-presented_10-Q_2020-05-07_0000014272-20-000168.xlsx,Cash Flow,"Three Months Ended March 31, 2020","Acquisition and other payments, net of cash acquired",us-gaap:PaymentsToAcquireBusinessesNetOfCashAcquired,reported,
cash_flow,us-gaap:NetCashProvidedByUsedInInvestingActivities,Net cash provided by/(used in) investing activities,1Q20,653.0,BMY_SEC-XBRL-financials_as-presented_10-Q_2020-05-07_0000014272-20-000168.xlsx,Cash Flow,"Three Months Ended March 31, 2020",Net Cash Provided by Investing Activities,us-gaap:NetCashProvidedByUsedInInvestingActivities,reported,
cash_flow,us-gaap:ProceedsFromRepaymentsOfShortTermDebt,"Short-term debt obligations, net",1Q20,26.0,BMY_SEC-XBRL-financials_as-presented_10-Q_2020-05-07_0000014272-20-000168.xlsx,Cash Flow,"Three Months Ended March 31, 2020","Short-term debt obligations, net",us-gaap:ProceedsFromRepaymentsOfShortTermDebt,reported,
cash_flow,us-gaap:PaymentsForRepurchaseOfCommonStock,Repurchase of common stock,1Q20,-81.0,BMY_SEC-XBRL-financials_as-presented_10-Q_2020-05-07_0000014272-20-000168.xlsx,Cash Flow,"Three Months Ended March 31, 2020",Repurchase of common stock,us-gaap:PaymentsForRepurchaseOfCommonStock,reported,
cash_flow,us-gaap:PaymentsOfDividends,Dividends,1Q20,-1017.0,BMY_SEC-XBRL-financials_as-presented_10-Q_2020-05-07_0000014272-20-000168.xlsx,Cash Flow,"Three Months Ended March 31, 2020",Dividends,us-gaap:PaymentsOfDividends,reported,
cash_flow,us-gaap:NetCashProvidedByUsedInFinancingActivities,Net cash provided by/(used in) financing activities,1Q20,-1054.0,BMY_SEC-XBRL-financials_as-presented_10-Q_2020-05-07_0000014272-20-000168.xlsx,Cash Flow,"Three Months Ended March 31, 2020",Net Cash Used in Financing Activities,us-gaap:NetCashProvidedByUsedInFinancingActivities,reported,
cash_flow,us-gaap:EffectOfExchangeRateOnCashCashEquivalentsRestrictedCashAndRestrictedCashEquivalents,"Effect of exchange rates on cash, cash equivalents and restricted cash",1Q20,-67.0,BMY_SEC-XBRL-financials_as-presented_10-Q_2020-05-07_0000014272-20-000168.xlsx,Cash Flow,"Three Months Ended March 31, 2020","Effect of Exchange Rates on Cash, Cash Equivalents and Restricted Cash",us-gaap:EffectOfExchangeRateOnCashCashEquivalentsRestrictedCashAndRestrictedCashEquivalents,reported,
cash_flow,us-gaap:CashCashEquivalentsRestrictedCashAndRestrictedCashEquivalentsPeriodIncreaseDecreaseIncludingExchangeRateEffect,"Increase/(decrease) in cash, cash equivalents and restricted cash",1Q20,3426.0,BMY_SEC-XBRL-financials_as-presented_10-Q_2020-05-07_0000014272-20-000168.xlsx,Cash Flow,"Three Months Ended March 31, 2020","Increase in Cash, Cash Equivalents and Restricted Cash",us-gaap:CashCashEquivalentsRestrictedCashAndRestrictedCashEquivalentsPeriodIncreaseDecreaseIncludingExchangeRateEffect,reported,
cash_flow,us-gaap:CashCashEquivalentsRestrictedCashAndRestrictedCashEquivalents,"Cash, cash equivalents and restricted cash at beginning of period",1Q20,12820.0,BMY_SEC-XBRL-financials_as-presented_10-Q_2020-05-07_0000014272-20-000168.xlsx,Cash Flow,"Three Months Ended March 31, 2020","Cash, Cash Equivalents and Restricted Cash at Beginning of Period",us-gaap:CashCashEquivalentsRestrictedCashAndRestrictedCashEquivalents,reported,
income_statement,us-gaap:Revenues,Net product sales,2Q20,9817.0,BMY_SEC-XBRL-financials_as-presented_10-Q_2020-08-06_0000014272-20-000229.xlsx,Income Statement,"Three Months Ended June 30, 2020",Net product sales,us-gaap:Revenues,reported,
income_statement,us-gaap:CostOfGoodsAndServicesSold,Cost of products sold(a),2Q20,2699.0,BMY_SEC-XBRL-financials_as-presented_10-Q_2020-08-06_0000014272-20-000229.xlsx,Income Statement,"Three Months Ended June 30, 2020",Cost of products sold(a),us-gaap:CostOfGoodsAndServicesSold,reported,
income_statement,us-gaap:SellingGeneralAndAdministrativeExpense,"Selling, general and administrative",2Q20,1628.0,BMY_SEC-XBRL-financials_as-presented_10-Q_2020-08-06_0000014272-20-000229.xlsx,Income Statement,"Three Months Ended June 30, 2020","Marketing, selling and administrative",us-gaap:SellingGeneralAndAdministrativeExpense,reported,
income_statement,us-gaap:ResearchAndDevelopmentExpense,Research and development,2Q20,2522.0,BMY_SEC-XBRL-financials_as-presented_10-Q_2020-08-06_0000014272-20-000229.xlsx,Income Statement,"Three Months Ended June 30, 2020",Research and development,us-gaap:ResearchAndDevelopmentExpense,reported,
income_statement,bmy:AmortizationofAcquiredIntangibleAssets,Amortization of acquired intangible assets,2Q20,2389.0,BMY_SEC-XBRL-financials_as-presented_10-Q_2020-08-06_0000014272-20-000229.xlsx,Income Statement,"Three Months Ended June 30, 2020",Amortization of acquired intangible assets,bmy:AmortizationofAcquiredIntangibleAssets,reported,
income_statement,us-gaap:OtherNonoperatingIncomeExpense,"Other (income)/expense, net",2Q20,-736.0,BMY_SEC-XBRL-financials_as-presented_10-Q_2020-08-06_0000014272-20-000229.xlsx,Income Statement,"Three Months Ended June 30, 2020","Other (income)/expense, net",us-gaap:OtherNonoperatingIncomeExpense,reported,
income_statement,us-gaap:CostsAndExpenses,Total Expenses,2Q20,8502.0,BMY_SEC-XBRL-financials_as-presented_10-Q_2020-08-06_0000014272-20-000229.xlsx,Income Statement,"Three Months Ended June 30, 2020",Total Expenses,us-gaap:CostsAndExpenses,reported,
income_statement,us-gaap:IncomeLossFromContinuingOperationsBeforeIncomeTaxesExtraordinaryItemsNoncontrollingInterest,Earnings/(Loss) before income taxes,2Q20,1627.0,BMY_SEC-XBRL-financials_as-presented_10-Q_2020-08-06_0000014272-20-000229.xlsx,Income Statement,"Three Months Ended June 30, 2020",Earnings Before Income Taxes,us-gaap:IncomeLossFromContinuingOperationsBeforeIncomeTaxesMinorityInterestAndIncomeLossFromEquityMethodInvestments,reported,
income_statement,us-gaap:IncomeTaxExpenseBenefit,Income tax provision,2Q20,1707.0,BMY_SEC-XBRL-financials_as-presented_10-Q_2020-08-06_0000014272-20-000229.xlsx,Income Statement,"Three Months Ended June 30, 2020",Provision for Income Taxes,us-gaap:IncomeTaxExpenseBenefit,reported,
income_statement,us-gaap:ProfitLoss,Net earnings/(loss),2Q20,-80.0,BMY_SEC-XBRL-financials_as-presented_10-Q_2020-08-06_0000014272-20-000229.xlsx,Income Statement,"Three Months Ended June 30, 2020",Net (Loss)/Earnings,us-gaap:ProfitLoss,reported,
income_statement,us-gaap:ComprehensiveIncomeNetOfTaxAttributableToNoncontrollingInterest,Noncontrolling Interest,2Q20,5.0,BMY_SEC-XBRL-financials_as-presented_10-Q_2020-08-06_0000014272-20-000229.xlsx,Income Statement,"Three Months Ended June 30, 2020",Noncontrolling Interest,us-gaap:NetIncomeLossAttributableToNoncontrollingInterest,reported,
income_statement,us-gaap:NetIncomeLoss,Net earnings/(loss) attributable to BMS,2Q20,-85.0,BMY_SEC-XBRL-financials_as-presented_10-Q_2020-08-06_0000014272-20-000229.xlsx,Income Statement,"Three Months Ended June 30, 2020",Net (Loss)/Earnings Attributable to BMS,us-gaap:NetIncomeLoss,reported,
income_statement,us-gaap:EarningsPerShareBasic,Basic,2Q20,-0.04,BMY_SEC-XBRL-financials_as-presented_10-Q_2020-08-06_0000014272-20-000229.xlsx,Income Statement,"Three Months Ended June 30, 2020",Basic,us-gaap:EarningsPerShareBasic,reported,
income_statement,us-gaap:EarningsPerShareDiluted,Diluted,2Q20,-0.04,BMY_SEC-XBRL-financials_as-presented_10-Q_2020-08-06_0000014272-20-000229.xlsx,Income Statement,"Three Months Ended June 30, 2020",Diluted,us-gaap:EarningsPerShareDiluted,reported,
balance_sheet,us-gaap:CashAndCashEquivalentsAtCarryingValue,Cash and cash equivalents,2Q20,19934.0,BMY_SEC-XBRL-financials_as-presented_10-Q_2020-08-06_0000014272-20-000229.xlsx,Balance Sheet,"June 30,2020",Cash and cash equivalents,us-gaap:CashAndCashEquivalentsAtCarryingValue,reported,
balance_sheet,us-gaap:MarketableSecuritiesCurrent,Marketable debt securities,2Q20,1724.0,BMY_SEC-XBRL-financials_as-presented_10-Q_2020-08-06_0000014272-20-000229.xlsx,Balance Sheet,"June 30,2020",Marketable debt securities,us-gaap:MarketableSecuritiesCurrent,reported,
balance_sheet,us-gaap:ReceivablesNetCurrent,Receivables,2Q20,7855.0,BMY_SEC-XBRL-financials_as-presented_10-Q_2020-08-06_0000014272-20-000229.xlsx,Balance Sheet,"June 30,2020",Receivables,us-gaap:ReceivablesNetCurrent,reported,
balance_sheet,us-gaap:InventoryNet,Inventories,2Q20,2384.0,BMY_SEC-XBRL-financials_as-presented_10-Q_2020-08-06_0000014272-20-000229.xlsx,Balance Sheet,"June 30,2020",Inventories,us-gaap:InventoryNet,reported,
balance_sheet,us-gaap:OtherAssetsCurrent,Other current assets,2Q20,2446.0,BMY_SEC-XBRL-financials_as-presented_10-Q_2020-08-06_0000014272-20-000229.xlsx,Balance Sheet,"June 30,2020",Other current assets,us-gaap:OtherAssetsCurrent,reported,
balance_sheet,us-gaap:AssetsCurrent,Total Current assets,2Q20,34343.0,BMY_SEC-XBRL-financials_as-presented_10-Q_2020-08-06_0000014272-20-000229.xlsx,Balance Sheet,"June 30,2020",Total Current Assets,us-gaap:AssetsCurrent,reported,
balance_sheet,us-gaap:PropertyPlantAndEquipmentNet,"Property, plant and equipment",2Q20,5777.0,BMY_SEC-XBRL-financials_as-presented_10-Q_2020-08-06_0000014272-20-000229.xlsx,Balance Sheet,"June 30,2020","Property, plant and equipment",us-gaap:PropertyPlantAndEquipmentNet,reported,
balance_sheet,us-gaap:Goodwill,Goodwill,2Q20,20578.0,BMY_SEC-XBRL-financials_as-presented_10-Q_2020-08-06_0000014272-20-000229.xlsx,Balance Sheet,"June 30,2020",Goodwill,us-gaap:Goodwill,reported,
balance_sheet,us-gaap:IntangibleAssetsNetExcludingGoodwill,Other intangible assets,2Q20,59171.0,BMY_SEC-XBRL-financials_as-presented_10-Q_2020-08-06_0000014272-20-000229.xlsx,Balance Sheet,"June 30,2020",Other intangible assets,us-gaap:IntangibleAssetsNetExcludingGoodwill,reported,
balance_sheet,us-gaap:DeferredIncomeTaxAssetsNet,Deferred income taxes,2Q20,1088.0,BMY_SEC-XBRL-financials_as-presented_10-Q_2020-08-06_0000014272-20-000229.xlsx,Balance Sheet,"June 30,2020",Deferred income taxes,us-gaap:DeferredIncomeTaxAssetsNet,reported,
balance_sheet,us-gaap:MarketableSecuritiesNoncurrent,Marketable debt securities,2Q20,523.0,BMY_SEC-XBRL-financials_as-presented_10-Q_2020-08-06_0000014272-20-000229.xlsx,Balance Sheet,"June 30,2020",Marketable debt securities,us-gaap:MarketableSecuritiesNoncurrent,reported,
balance_sheet,us-gaap:OtherAssetsNoncurrent,Other non-current assets,2Q20,6596.0,BMY_SEC-XBRL-financials_as-presented_10-Q_2020-08-06_0000014272-20-000229.xlsx,Balance Sheet,"June 30,2020",Other non-current assets,us-gaap:OtherAssetsNoncurrent,reported,
balance_sheet,us-gaap:Assets,Total Assets,2Q20,128076.0,BMY_SEC-XBRL-financials_as-presented_10-Q_2020-08-06_0000014272-20-000229.xlsx,Balance Sheet,"June 30,2020",Total Assets,us-gaap:Assets,reported,
balance_sheet,us-gaap:DebtCurrent,Short-term debt obligations,2Q20,4819.0,BMY_SEC-XBRL-financials_as-presented_10-Q_2020-08-06_0000014272-20-000229.xlsx,Balance Sheet,"June 30,2020",Short-term debt obligations,us-gaap:DebtCurrent,reported,
balance_sheet,us-gaap:AccountsPayableCurrent,Accounts payable,2Q20,2852.0,BMY_SEC-XBRL-financials_as-presented_10-Q_2020-08-06_0000014272-20-000229.xlsx,Balance Sheet,"June 30,2020",Accounts payable,us-gaap:AccountsPayableCurrent,reported,
balance_sheet,us-gaap:OtherLiabilitiesCurrent,Other current liabilities,2Q20,15750.0,BMY_SEC-XBRL-financials_as-presented_10-Q_2020-08-06_0000014272-20-000229.xlsx,Balance Sheet,"June 30,2020",Other current liabilities,us-gaap:OtherLiabilitiesCurrent,reported,
balance_sheet,us-gaap:LiabilitiesCurrent,Total Current liabilities,2Q20,23421.0,BMY_SEC-XBRL-financials_as-presented_10-Q_2020-08-06_0000014272-20-000229.xlsx,Balance Sheet,"June 30,2020",Total Current Liabilities,us-gaap:LiabilitiesCurrent,reported,
balance_sheet,us-gaap:DeferredIncomeTaxLiabilitiesNet,Deferred income taxes,2Q20,6157.0,BMY_SEC-XBRL-financials_as-presented_10-Q_2020-08-06_0000014272-20-000229.xlsx,Balance Sheet,"June 30,2020",Deferred income taxes,us-gaap:DeferredIncomeTaxLiabilitiesNet,reported,
balance_sheet,us-gaap:LongTermDebtNoncurrent,Long-term debt,2Q20,41853.0,BMY_SEC-XBRL-financials_as-presented_10-Q_2020-08-06_0000014272-20-000229.xlsx,Balance Sheet,"June 30,2020",Long-term debt,us-gaap:LongTermDebtNoncurrent,reported,
balance_sheet,us-gaap:OtherLiabilitiesNoncurrent,Other non-current liabilities,2Q20,7485.0,BMY_SEC-XBRL-financials_as-presented_10-Q_2020-08-06_0000014272-20-000229.xlsx,Balance Sheet,"June 30,2020",Other non-current liabilities,us-gaap:OtherLiabilitiesNoncurrent,reported,
balance_sheet,us-gaap:Liabilities,Total Liabilities,2Q20,78916.0,BMY_SEC-XBRL-financials_as-presented_10-Q_2020-08-06_0000014272-20-000229.xlsx,Balance Sheet,"June 30,2020",Total Liabilities,us-gaap:Liabilities,reported,
balance_sheet,us-gaap:CommonStockValue,"Common stock, par value of $0.10 per share: Authorized 4.5 billion shares; 2.9 billion issued in 2019 and 2.2 billion issued in 2018",2Q20,292.0,BMY_SEC-XBRL-financials_as-presented_10-Q_2020-08-06_0000014272-20-000229.xlsx,Balance Sheet,"June 30,2020",Common stock,us-gaap:CommonStockValue,reported,
balance_sheet,us-gaap:AdditionalPaidInCapital,Capital in excess of par value of stock,2Q20,44444.0,BMY_SEC-XBRL-financials_as-presented_10-Q_2020-08-06_0000014272-20-000229.xlsx,Balance Sheet,"June 30,2020",Capital in excess of par value of stock,us-gaap:AdditionalPaidInCapital,reported,
balance_sheet,us-gaap:AccumulatedOtherComprehensiveIncomeLossNetOfTax,Accumulated other comprehensive loss,2Q20,-1556.0,BMY_SEC-XBRL-financials_as-presented_10-Q_2020-08-06_0000014272-20-000229.xlsx,Balance Sheet,"June 30,2020",Accumulated other comprehensive loss,us-gaap:AccumulatedOtherComprehensiveIncomeLossNetOfTax,reported,
balance_sheet,us-gaap:RetainedEarningsAccumulatedDeficit,Retained earnings,2Q20,31565.0,BMY_SEC-XBRL-financials_as-presented_10-Q_2020-08-06_0000014272-20-000229.xlsx,Balance Sheet,"June 30,2020",Retained earnings,us-gaap:RetainedEarningsAccumulatedDeficit,reported,
balance_sheet,us-gaap:TreasuryStockValue,Less cost of treasury stock — 672 million common shares in 2019 and 576 million common shares in 2018,2Q20,-25651.0,BMY_SEC-XBRL-financials_as-presented_10-Q_2020-08-06_0000014272-20-000229.xlsx,Balance Sheet,"June 30,2020",Less cost of treasury stock,us-gaap:TreasuryStockValue,reported,
balance_sheet,us-gaap:StockholdersEquity,Total BMS Shareholders’ Equity,2Q20,49094.0,BMY_SEC-XBRL-financials_as-presented_10-Q_2020-08-06_0000014272-20-000229.xlsx,Balance Sheet,"June 30,2020",Total Bristol-Myers Squibb Company Shareholders’ Equity,us-gaap:StockholdersEquity,reported,
balance_sheet,us-gaap:MinorityInterest,Noncontrolling interest,2Q20,66.0,BMY_SEC-XBRL-financials_as-presented_10-Q_2020-08-06_0000014272-20-000229.xlsx,Balance Sheet,"June 30,2020",Noncontrolling interest,us-gaap:MinorityInterest,reported,
balance_sheet,us-gaap:StockholdersEquityIncludingPortionAttributableToNoncontrollingInterest,Total Equity,2Q20,49160.0,BMY_SEC-XBRL-financials_as-presented_10-Q_2020-08-06_0000014272-20-000229.xlsx,Balance Sheet,"June 30,2020",Total Equity,us-gaap:StockholdersEquityIncludingPortionAttributableToNoncontrollingInterest,reported,
balance_sheet,us-gaap:LiabilitiesAndStockholdersEquity,Total Liabilities and Equity,2Q20,128076.0,BMY_SEC-XBRL-financials_as-presented_10-Q_2020-08-06_0000014272-20-000229.xlsx,Balance Sheet,"June 30,2020",Total Liabilities and Equity,us-gaap:LiabilitiesAndStockholdersEquity,reported,
cash_flow,us-gaap:ProfitLoss,Net earnings/(loss),6M20,-846.0,BMY_SEC-XBRL-financials_as-presented_10-Q_2020-08-06_0000014272-20-000229.xlsx,Cash Flow,"Six Months Ended June 30, 2020",Net (loss)/earnings,us-gaap:ProfitLoss,reported,
cash_flow,us-gaap:DepreciationDepletionAndAmortization,"Depreciation and amortization, net",6M20,5035.0,BMY_SEC-XBRL-financials_as-presented_10-Q_2020-08-06_0000014272-20-000229.xlsx,Cash Flow,"Six Months Ended June 30, 2020","Depreciation and amortization, net",us-gaap:DepreciationDepletionAndAmortization,reported,
cash_flow,us-gaap:DeferredIncomeTaxExpenseBenefit,Deferred income taxes,6M20,1365.0,BMY_SEC-XBRL-financials_as-presented_10-Q_2020-08-06_0000014272-20-000229.xlsx,Cash Flow,"Six Months Ended June 30, 2020",Deferred income taxes,us-gaap:DeferredIncomeTaxExpenseBenefit,reported,
cash_flow,us-gaap:ShareBasedCompensation,Stock-based compensation,6M20,423.0,BMY_SEC-XBRL-financials_as-presented_10-Q_2020-08-06_0000014272-20-000229.xlsx,Cash Flow,"Six Months Ended June 30, 2020",Stock-based compensation,us-gaap:ShareBasedCompensation,reported,
cash_flow,us-gaap:ImpairmentOfLongLivedAssetsToBeDisposedOf,Impairment charges,6M20,116.0,BMY_SEC-XBRL-financials_as-presented_10-Q_2020-08-06_0000014272-20-000229.xlsx,Cash Flow,"Six Months Ended June 30, 2020",Impairment charges,us-gaap:ImpairmentOfLongLivedAssetsToBeDisposedOf,reported,
cash_flow,bmy:Pensionsettlementsandamortization,Pension settlements and amortization,6M20,22.0,BMY_SEC-XBRL-financials_as-presented_10-Q_2020-08-06_0000014272-20-000229.xlsx,Cash Flow,"Six Months Ended June 30, 2020",Pension settlements and amortization,bmy:Pensionsettlementsandamortization,reported,
cash_flow,bmy:DivestitureGainsAndRoyalties,Divestiture gains and royalties,6M20,-295.0,BMY_SEC-XBRL-financials_as-presented_10-Q_2020-08-06_0000014272-20-000229.xlsx,Cash Flow,"Six Months Ended June 30, 2020",Divestiture gains and royalties,bmy:Divestituregainsandroyalties,reported,
cash_flow,bmy:MilestonePaymentRelatedToAnAssetAcquisition,Asset acquisition charges,6M20,100.0,BMY_SEC-XBRL-financials_as-presented_10-Q_2020-08-06_0000014272-20-000229.xlsx,Cash Flow,"Six Months Ended June 30, 2020",Asset acquisition charges,bmy:MilestonePaymentRelatedToAnAssetAcquisition,reported,
cash_flow,us-gaap:EquityMethodInvestmentRealizedGainLossOnDisposal,"Equity investment (gains)/losses, net",6M20,-479.0,BMY_SEC-XBRL-financials_as-presented_10-Q_2020-08-06_0000014272-20-000229.xlsx,Cash Flow,"Six Months Ended June 30, 2020",Equity investment gains,us-gaap:MarketableSecuritiesGainLoss,reported,
cash_flow,us-gaap:BusinessCombinationContingentConsiderationArrangementsChangeInAmountOfContingentConsiderationLiability1,Contingent consideration fair value adjustments,6M20,391.0,BMY_SEC-XBRL-financials_as-presented_10-Q_2020-08-06_0000014272-20-000229.xlsx,Cash Flow,"Six Months Ended June 30, 2020",Contingent consideration fair value adjustments,us-gaap:BusinessCombinationContingentConsiderationArrangementsChangeInAmountOfContingentConsiderationLiability1,reported,
cash_flow,us-gaap:OtherNoncashIncomeExpense,Other adjustments,6M20,-92.0,BMY_SEC-XBRL-financials_as-presented_10-Q_2020-08-06_0000014272-20-000229.xlsx,Cash Flow,"Six Months Ended June 30, 2020",Other adjustments,us-gaap:OtherNoncashIncomeExpense,reported,
cash_flow,us-gaap:IncreaseDecreaseInReceivables,Receivables,6M20,-197.0,BMY_SEC-XBRL-financials_as-presented_10-Q_2020-08-06_0000014272-20-000229.xlsx,Cash Flow,"Six Months Ended June 30, 2020",Receivables,us-gaap:IncreaseDecreaseInReceivables,reported,
cash_flow,us-gaap:IncreaseDecreaseInInventories,Inventories,6M20,2090.0,BMY_SEC-XBRL-financials_as-presented_10-Q_2020-08-06_0000014272-20-000229.xlsx,Cash Flow,"Six Months Ended June 30, 2020",Inventories,us-gaap:IncreaseDecreaseInInventories,reported,
cash_flow,us-gaap:IncreaseDecreaseInAccountsPayable,Accounts payable,6M20,480.0,BMY_SEC-XBRL-financials_as-presented_10-Q_2020-08-06_0000014272-20-000229.xlsx,Cash Flow,"Six Months Ended June 30, 2020",Accounts payable,us-gaap:IncreaseDecreaseInAccountsPayable,reported,
cash_flow,us-gaap:IncreaseDecreaseInAccruedIncomeTaxesPayable,Income taxes payable,6M20,185.0,BMY_SEC-XBRL-financials_as-presented_10-Q_2020-08-06_0000014272-20-000229.xlsx,Cash Flow,"Six Months Ended June 30, 2020",Income taxes payable,us-gaap:IncreaseDecreaseInAccruedIncomeTaxesPayable,reported,
cash_flow,us-gaap:IncreaseDecreaseInOtherOperatingCapitalNet,Other,6M20,-135.0,BMY_SEC-XBRL-financials_as-presented_10-Q_2020-08-06_0000014272-20-000229.xlsx,Cash Flow,"Six Months Ended June 30, 2020",Other,us-gaap:IncreaseDecreaseInOtherOperatingCapitalNet,reported,
cash_flow,us-gaap:NetCashProvidedByUsedInOperatingActivities,Net cash provided by operating activities,6M20,8163.0,BMY_SEC-XBRL-financials_as-presented_10-Q_2020-08-06_0000014272-20-000229.xlsx,Cash Flow,"Six Months Ended June 30, 2020",Net Cash Provided by Operating Activities,us-gaap:NetCashProvidedByUsedInOperatingActivities,reported,
cash_flow,us-gaap:ProceedsFromSaleAndMaturityOfAvailableForSaleSecurities,Sale and maturities of marketable debt securities,6M20,3537.0,BMY_SEC-XBRL-financials_as-presented_10-Q_2020-08-06_0000014272-20-000229.xlsx,Cash Flow,"Six Months Ended June 30, 2020",Sale and maturities of marketable debt securities,us-gaap:ProceedsFromSaleAndMaturityOfAvailableForSaleSecurities,reported,
cash_flow,us-gaap:PaymentsToAcquireMarketableSecurities,Purchase of marketable debt securities,6M20,-1957.0,BMY_SEC-XBRL-financials_as-presented_10-Q_2020-08-06_0000014272-20-000229.xlsx,Cash Flow,"Six Months Ended June 30, 2020",Purchase of marketable debt securities,us-gaap:PaymentsToAcquireMarketableSecurities,reported,
cash_flow,us-gaap:PaymentsToAcquirePropertyPlantAndEquipment,Capital expenditures,6M20,-317.0,BMY_SEC-XBRL-financials_as-presented_10-Q_2020-08-06_0000014272-20-000229.xlsx,Cash Flow,"Six Months Ended June 30, 2020",Capital expenditures,us-gaap:PaymentsToAcquirePropertyPlantAndEquipment,reported,
cash_flow,bmy:DivestitureAndOtherProceeds,Divestiture and other proceeds,6M20,348.0,BMY_SEC-XBRL-financials_as-presented_10-Q_2020-08-06_0000014272-20-000229.xlsx,Cash Flow,"Six Months Ended June 30, 2020",Divestiture and other proceeds,bmy:Divestitureandotherproceeds,reported,
cash_flow,us-gaap:PaymentsToAcquireBusinessesNetOfCashAcquired,"Acquisition and other payments, net of cash acquired",6M20,-178.0,BMY_SEC-XBRL-financials_as-presented_10-Q_2020-08-06_0000014272-20-000229.xlsx,Cash Flow,"Six Months Ended June 30, 2020","Acquisition and other payments, net of cash acquired",us-gaap:PaymentsToAcquireBusinessesNetOfCashAcquired,reported,
cash_flow,us-gaap:NetCashProvidedByUsedInInvestingActivities,Net cash provided by/(used in) investing activities,6M20,1433.0,BMY_SEC-XBRL-financials_as-presented_10-Q_2020-08-06_0000014272-20-000229.xlsx,Cash Flow,"Six Months Ended June 30, 2020",Net Cash Provided by Investing Activities,us-gaap:NetCashProvidedByUsedInInvestingActivities,reported,
cash_flow,us-gaap:ProceedsFromRepaymentsOfShortTermDebt,"Short-term debt obligations, net",6M20,-22.0,BMY_SEC-XBRL-financials_as-presented_10-Q_2020-08-06_0000014272-20-000229.xlsx,Cash Flow,"Six Months Ended June 30, 2020","Short-term debt obligations, net",us-gaap:ProceedsFromRepaymentsOfShortTermDebt,reported,
cash_flow,us-gaap:PaymentsForRepurchaseOfCommonStock,Repurchase of common stock,6M20,-81.0,BMY_SEC-XBRL-financials_as-presented_10-Q_2020-08-06_0000014272-20-000229.xlsx,Cash Flow,"Six Months Ended June 30, 2020",Repurchase of common stock,us-gaap:PaymentsForRepurchaseOfCommonStock,reported,
cash_flow,us-gaap:PaymentsOfDividends,Dividends,6M20,-2038.0,BMY_SEC-XBRL-financials_as-presented_10-Q_2020-08-06_0000014272-20-000229.xlsx,Cash Flow,"Six Months Ended June 30, 2020",Dividends,us-gaap:PaymentsOfDividends,reported,
cash_flow,us-gaap:NetCashProvidedByUsedInFinancingActivities,Net cash provided by/(used in) financing activities,6M20,-2047.0,BMY_SEC-XBRL-financials_as-presented_10-Q_2020-08-06_0000014272-20-000229.xlsx,Cash Flow,"Six Months Ended June 30, 2020",Net Cash (Used in)/Provided by Financing Activities,us-gaap:NetCashProvidedByUsedInFinancingActivities,reported,
cash_flow,us-gaap:EffectOfExchangeRateOnCashCashEquivalentsRestrictedCashAndRestrictedCashEquivalents,"Effect of exchange rates on cash, cash equivalents and restricted cash",6M20,-7.0,BMY_SEC-XBRL-financials_as-presented_10-Q_2020-08-06_0000014272-20-000229.xlsx,Cash Flow,"Six Months Ended June 30, 2020","Effect of Exchange Rates on Cash, Cash Equivalents and Restricted Cash",us-gaap:EffectOfExchangeRateOnCashCashEquivalentsRestrictedCashAndRestrictedCashEquivalents,reported,
cash_flow,us-gaap:CashCashEquivalentsRestrictedCashAndRestrictedCashEquivalentsPeriodIncreaseDecreaseIncludingExchangeRateEffect,"Increase/(decrease) in cash, cash equivalents and restricted cash",6M20,7542.0,BMY_SEC-XBRL-financials_as-presented_10-Q_2020-08-06_0000014272-20-000229.xlsx,Cash Flow,"Six Months Ended June 30, 2020","Increase in Cash, Cash Equivalents and Restricted Cash",us-gaap:CashCashEquivalentsRestrictedCashAndRestrictedCashEquivalentsPeriodIncreaseDecreaseIncludingExchangeRateEffect,reported,
cash_flow,us-gaap:CashCashEquivalentsRestrictedCashAndRestrictedCashEquivalents,"Cash, cash equivalents and restricted cash at beginning of period",6M20,12820.0,BMY_SEC-XBRL-financials_as-presented_10-Q_2020-08-06_0000014272-20-000229.xlsx,Cash Flow,"Six Months Ended June 30, 2020","Cash, Cash Equivalents and Restricted Cash at Beginning of Period",us-gaap:CashCashEquivalentsRestrictedCashAndRestrictedCashEquivalents,reported,
income_statement,us-gaap:Revenues,Net product sales,3Q20,10197.0,BMY_SEC-XBRL-financials_as-presented_10-Q_2020-11-05_0000014272-20-000279.xlsx,Income Statement,"Three Months Ended September 30, 2020",Net product sales,us-gaap:Revenues,reported,
income_statement,us-gaap:Revenues,Net product sales,9M20,30555.0,BMY_SEC-XBRL-financials_as-presented_10-Q_2020-11-05_0000014272-20-000279.xlsx,Income Statement,"Nine Months Ended September 30, 2020",Net product sales,us-gaap:Revenues,reported,
income_statement,us-gaap:CostOfGoodsAndServicesSold,Cost of products sold(a),3Q20,2502.0,BMY_SEC-XBRL-financials_as-presented_10-Q_2020-11-05_0000014272-20-000279.xlsx,Income Statement,"Three Months Ended September 30, 2020",Cost of products sold(a),us-gaap:CostOfGoodsAndServicesSold,reported,
income_statement,us-gaap:CostOfGoodsAndServicesSold,Cost of products sold(a),9M20,8863.0,BMY_SEC-XBRL-financials_as-presented_10-Q_2020-11-05_0000014272-20-000279.xlsx,Income Statement,"Nine Months Ended September 30, 2020",Cost of products sold(a),us-gaap:CostOfGoodsAndServicesSold,reported,
income_statement,us-gaap:SellingGeneralAndAdministrativeExpense,"Selling, general and administrative",3Q20,1706.0,BMY_SEC-XBRL-financials_as-presented_10-Q_2020-11-05_0000014272-20-000279.xlsx,Income Statement,"Three Months Ended September 30, 2020","Marketing, selling and administrative",us-gaap:SellingGeneralAndAdministrativeExpense,reported,
income_statement,us-gaap:SellingGeneralAndAdministrativeExpense,"Selling, general and administrative",9M20,4940.0,BMY_SEC-XBRL-financials_as-presented_10-Q_2020-11-05_0000014272-20-000279.xlsx,Income Statement,"Nine Months Ended September 30, 2020","Marketing, selling and administrative",us-gaap:SellingGeneralAndAdministrativeExpense,reported,
income_statement,us-gaap:ResearchAndDevelopmentExpense,Research and development,3Q20,2499.0,BMY_SEC-XBRL-financials_as-presented_10-Q_2020-11-05_0000014272-20-000279.xlsx,Income Statement,"Three Months Ended September 30, 2020",Research and development,us-gaap:ResearchAndDevelopmentExpense,reported,
income_statement,us-gaap:ResearchAndDevelopmentExpense,Research and development,9M20,7393.0,BMY_SEC-XBRL-financials_as-presented_10-Q_2020-11-05_0000014272-20-000279.xlsx,Income Statement,"Nine Months Ended September 30, 2020",Research and development,us-gaap:ResearchAndDevelopmentExpense,reported,
income_statement,bmy:AmortizationofAcquiredIntangibleAssets,Amortization of acquired intangible assets,3Q20,2491.0,BMY_SEC-XBRL-financials_as-presented_10-Q_2020-11-05_0000014272-20-000279.xlsx,Income Statement,"Three Months Ended September 30, 2020",Amortization of acquired intangible assets,bmy:AmortizationofAcquiredIntangibleAssets,reported,
income_statement,bmy:AmortizationofAcquiredIntangibleAssets,Amortization of acquired intangible assets,9M20,7162.0,BMY_SEC-XBRL-financials_as-presented_10-Q_2020-11-05_0000014272-20-000279.xlsx,Income Statement,"Nine Months Ended September 30, 2020",Amortization of acquired intangible assets,bmy:AmortizationofAcquiredIntangibleAssets,reported,
income_statement,us-gaap:OtherNonoperatingIncomeExpense,"Other (income)/expense, net",3Q20,-915.0,BMY_SEC-XBRL-financials_as-presented_10-Q_2020-11-05_0000014272-20-000279.xlsx,Income Statement,"Three Months Ended September 30, 2020","Other (income)/expense, net",us-gaap:OtherNonoperatingIncomeExpense,reported,
income_statement,us-gaap:OtherNonoperatingIncomeExpense,"Other (income)/expense, net",9M20,-488.0,BMY_SEC-XBRL-financials_as-presented_10-Q_2020-11-05_0000014272-20-000279.xlsx,Income Statement,"Nine Months Ended September 30, 2020","Other (income)/expense, net",us-gaap:OtherNonoperatingIncomeExpense,reported,
income_statement,us-gaap:CostsAndExpenses,Total Expenses,3Q20,8283.0,BMY_SEC-XBRL-financials_as-presented_10-Q_2020-11-05_0000014272-20-000279.xlsx,Income Statement,"Three Months Ended September 30, 2020",Total Expenses,us-gaap:CostsAndExpenses,reported,
income_statement,us-gaap:CostsAndExpenses,Total Expenses,9M20,27870.0,BMY_SEC-XBRL-financials_as-presented_10-Q_2020-11-05_0000014272-20-000279.xlsx,Income Statement,"Nine Months Ended September 30, 2020",Total Expenses,us-gaap:CostsAndExpenses,reported,
income_statement,us-gaap:IncomeLossFromContinuingOperationsBeforeIncomeTaxesExtraordinaryItemsNoncontrollingInterest,Earnings/(Loss) before income taxes,3Q20,2257.0,BMY_SEC-XBRL-financials_as-presented_10-Q_2020-11-05_0000014272-20-000279.xlsx,Income Statement,"Three Months Ended September 30, 2020",Earnings Before Income Taxes,us-gaap:IncomeLossFromContinuingOperationsBeforeIncomeTaxesMinorityInterestAndIncomeLossFromEquityMethodInvestments,reported,
income_statement,us-gaap:IncomeLossFromContinuingOperationsBeforeIncomeTaxesExtraordinaryItemsNoncontrollingInterest,Earnings/(Loss) before income taxes,9M20,3580.0,BMY_SEC-XBRL-financials_as-presented_10-Q_2020-11-05_0000014272-20-000279.xlsx,Income Statement,"Nine Months Ended September 30, 2020",Earnings Before Income Taxes,us-gaap:IncomeLossFromContinuingOperationsBeforeIncomeTaxesMinorityInterestAndIncomeLossFromEquityMethodInvestments,reported,
income_statement,us-gaap:IncomeTaxExpenseBenefit,Income tax provision,3Q20,379.0,BMY_SEC-XBRL-financials_as-presented_10-Q_2020-11-05_0000014272-20-000279.xlsx,Income Statement,"Three Months Ended September 30, 2020",Provision/(Benefit) for Income Taxes,us-gaap:IncomeTaxExpenseBenefit,reported,
income_statement,us-gaap:IncomeTaxExpenseBenefit,Income tax provision,9M20,2548.0,BMY_SEC-XBRL-financials_as-presented_10-Q_2020-11-05_0000014272-20-000279.xlsx,Income Statement,"Nine Months Ended September 30, 2020",Provision/(Benefit) for Income Taxes,us-gaap:IncomeTaxExpenseBenefit,reported,
income_statement,us-gaap:ProfitLoss,Net earnings/(loss),3Q20,1878.0,BMY_SEC-XBRL-financials_as-presented_10-Q_2020-11-05_0000014272-20-000279.xlsx,Income Statement,"Three Months Ended September 30, 2020",Net Earnings,us-gaap:ProfitLoss,reported,
income_statement,us-gaap:ProfitLoss,Net earnings/(loss),9M20,1032.0,BMY_SEC-XBRL-financials_as-presented_10-Q_2020-11-05_0000014272-20-000279.xlsx,Income Statement,"Nine Months Ended September 30, 2020",Net Earnings,us-gaap:ProfitLoss,reported,
income_statement,us-gaap:ComprehensiveIncomeNetOfTaxAttributableToNoncontrollingInterest,Noncontrolling Interest,3Q20,6.0,BMY_SEC-XBRL-financials_as-presented_10-Q_2020-11-05_0000014272-20-000279.xlsx,Income Statement,"Three Months Ended September 30, 2020",Noncontrolling Interest,us-gaap:NetIncomeLossAttributableToNoncontrollingInterest,reported,
income_statement,us-gaap:ComprehensiveIncomeNetOfTaxAttributableToNoncontrollingInterest,Noncontrolling Interest,9M20,20.0,BMY_SEC-XBRL-financials_as-presented_10-Q_2020-11-05_0000014272-20-000279.xlsx,Income Statement,"Nine Months Ended September 30, 2020",Noncontrolling Interest,us-gaap:NetIncomeLossAttributableToNoncontrollingInterest,reported,
income_statement,us-gaap:NetIncomeLoss,Net earnings/(loss) attributable to BMS,3Q20,1872.0,BMY_SEC-XBRL-financials_as-presented_10-Q_2020-11-05_0000014272-20-000279.xlsx,Income Statement,"Three Months Ended September 30, 2020",Net Earnings Attributable to BMS,us-gaap:NetIncomeLoss,reported,
income_statement,us-gaap:NetIncomeLoss,Net earnings/(loss) attributable to BMS,9M20,1012.0,BMY_SEC-XBRL-financials_as-presented_10-Q_2020-11-05_0000014272-20-000279.xlsx,Income Statement,"Nine Months Ended September 30, 2020",Net Earnings Attributable to BMS,us-gaap:NetIncomeLoss,reported,
income_statement,us-gaap:EarningsPerShareBasic,Basic,3Q20,0.83,BMY_SEC-XBRL-financials_as-presented_10-Q_2020-11-05_0000014272-20-000279.xlsx,Income Statement,"Three Months Ended September 30, 2020",Basic,us-gaap:EarningsPerShareBasic,reported,
income_statement,us-gaap:EarningsPerShareBasic,Basic,9M20,0.45,BMY_SEC-XBRL-financials_as-presented_10-Q_2020-11-05_0000014272-20-000279.xlsx,Income Statement,"Nine Months Ended September 30, 2020",Basic,us-gaap:EarningsPerShareBasic,reported,
income_statement,us-gaap:EarningsPerShareDiluted,Diluted,3Q20,0.82,BMY_SEC-XBRL-financials_as-presented_10-Q_2020-11-05_0000014272-20-000279.xlsx,Income Statement,"Three Months Ended September 30, 2020",Diluted,us-gaap:EarningsPerShareDiluted,reported,
income_statement,us-gaap:EarningsPerShareDiluted,Diluted,9M20,0.44,BMY_SEC-XBRL-financials_as-presented_10-Q_2020-11-05_0000014272-20-000279.xlsx,Income Statement,"Nine Months Ended September 30, 2020",Diluted,us-gaap:EarningsPerShareDiluted,reported,
balance_sheet,us-gaap:CashAndCashEquivalentsAtCarryingValue,Cash and cash equivalents,3Q20,19435.0,BMY_SEC-XBRL-financials_as-presented_10-Q_2020-11-05_0000014272-20-000279.xlsx,Balance Sheet,"September 30,2020",Cash and cash equivalents,us-gaap:CashAndCashEquivalentsAtCarryingValue,reported,
balance_sheet,us-gaap:MarketableSecuritiesCurrent,Marketable debt securities,3Q20,1720.0,BMY_SEC-XBRL-financials_as-presented_10-Q_2020-11-05_0000014272-20-000279.xlsx,Balance Sheet,"September 30,2020",Marketable debt securities,us-gaap:MarketableSecuritiesCurrent,reported,
balance_sheet,us-gaap:ReceivablesNetCurrent,Receivables,3Q20,8062.0,BMY_SEC-XBRL-financials_as-presented_10-Q_2020-11-05_0000014272-20-000279.xlsx,Balance Sheet,"September 30,2020",Receivables,us-gaap:ReceivablesNetCurrent,reported,
balance_sheet,us-gaap:InventoryNet,Inventories,3Q20,1949.0,BMY_SEC-XBRL-financials_as-presented_10-Q_2020-11-05_0000014272-20-000279.xlsx,Balance Sheet,"September 30,2020",Inventories,us-gaap:InventoryNet,reported,
balance_sheet,us-gaap:OtherAssetsCurrent,Other current assets,3Q20,3111.0,BMY_SEC-XBRL-financials_as-presented_10-Q_2020-11-05_0000014272-20-000279.xlsx,Balance Sheet,"September 30,2020",Other current assets,us-gaap:OtherAssetsCurrent,reported,
balance_sheet,us-gaap:AssetsCurrent,Total Current assets,3Q20,34277.0,BMY_SEC-XBRL-financials_as-presented_10-Q_2020-11-05_0000014272-20-000279.xlsx,Balance Sheet,"September 30,2020",Total Current Assets,us-gaap:AssetsCurrent,reported,
balance_sheet,us-gaap:PropertyPlantAndEquipmentNet,"Property, plant and equipment",3Q20,5740.0,BMY_SEC-XBRL-financials_as-presented_10-Q_2020-11-05_0000014272-20-000279.xlsx,Balance Sheet,"September 30,2020","Property, plant and equipment",us-gaap:PropertyPlantAndEquipmentNet,reported,
balance_sheet,us-gaap:Goodwill,Goodwill,3Q20,20517.0,BMY_SEC-XBRL-financials_as-presented_10-Q_2020-11-05_0000014272-20-000279.xlsx,Balance Sheet,"September 30,2020",Goodwill,us-gaap:Goodwill,reported,
balance_sheet,us-gaap:IntangibleAssetsNetExcludingGoodwill,Other intangible assets,3Q20,56698.0,BMY_SEC-XBRL-financials_as-presented_10-Q_2020-11-05_0000014272-20-000279.xlsx,Balance Sheet,"September 30,2020",Other intangible assets,us-gaap:IntangibleAssetsNetExcludingGoodwill,reported,
balance_sheet,us-gaap:DeferredIncomeTaxAssetsNet,Deferred income taxes,3Q20,913.0,BMY_SEC-XBRL-financials_as-presented_10-Q_2020-11-05_0000014272-20-000279.xlsx,Balance Sheet,"September 30,2020",Deferred income taxes,us-gaap:DeferredIncomeTaxAssetsNet,reported,
balance_sheet,us-gaap:MarketableSecuritiesNoncurrent,Marketable debt securities,3Q20,495.0,BMY_SEC-XBRL-financials_as-presented_10-Q_2020-11-05_0000014272-20-000279.xlsx,Balance Sheet,"September 30,2020",Marketable debt securities,us-gaap:MarketableSecuritiesNoncurrent,reported,
balance_sheet,us-gaap:OtherAssetsNoncurrent,Other non-current assets,3Q20,6896.0,BMY_SEC-XBRL-financials_as-presented_10-Q_2020-11-05_0000014272-20-000279.xlsx,Balance Sheet,"September 30,2020",Other non-current assets,us-gaap:OtherAssetsNoncurrent,reported,
balance_sheet,us-gaap:Assets,Total Assets,3Q20,125536.0,BMY_SEC-XBRL-financials_as-presented_10-Q_2020-11-05_0000014272-20-000279.xlsx,Balance Sheet,"September 30,2020",Total Assets,us-gaap:Assets,reported,
balance_sheet,us-gaap:DebtCurrent,Short-term debt obligations,3Q20,3585.0,BMY_SEC-XBRL-financials_as-presented_10-Q_2020-11-05_0000014272-20-000279.xlsx,Balance Sheet,"September 30,2020",Short-term debt obligations,us-gaap:DebtCurrent,reported,
balance_sheet,us-gaap:AccountsPayableCurrent,Accounts payable,3Q20,2441.0,BMY_SEC-XBRL-financials_as-presented_10-Q_2020-11-05_0000014272-20-000279.xlsx,Balance Sheet,"September 30,2020",Accounts payable,us-gaap:AccountsPayableCurrent,reported,
balance_sheet,us-gaap:OtherLiabilitiesCurrent,Other current liabilities,3Q20,14438.0,BMY_SEC-XBRL-financials_as-presented_10-Q_2020-11-05_0000014272-20-000279.xlsx,Balance Sheet,"September 30,2020",Other current liabilities,us-gaap:OtherLiabilitiesCurrent,reported,
balance_sheet,us-gaap:LiabilitiesCurrent,Total Current liabilities,3Q20,20464.0,BMY_SEC-XBRL-financials_as-presented_10-Q_2020-11-05_0000014272-20-000279.xlsx,Balance Sheet,"September 30,2020",Total Current Liabilities,us-gaap:LiabilitiesCurrent,reported,
balance_sheet,us-gaap:DeferredIncomeTaxLiabilitiesNet,Deferred income taxes,3Q20,5913.0,BMY_SEC-XBRL-financials_as-presented_10-Q_2020-11-05_0000014272-20-000279.xlsx,Balance Sheet,"September 30,2020",Deferred income taxes,us-gaap:DeferredIncomeTaxLiabilitiesNet,reported,
balance_sheet,us-gaap:LongTermDebtNoncurrent,Long-term debt,3Q20,41364.0,BMY_SEC-XBRL-financials_as-presented_10-Q_2020-11-05_0000014272-20-000279.xlsx,Balance Sheet,"September 30,2020",Long-term debt,us-gaap:LongTermDebtNoncurrent,reported,
balance_sheet,us-gaap:OtherLiabilitiesNoncurrent,Other non-current liabilities,3Q20,7565.0,BMY_SEC-XBRL-financials_as-presented_10-Q_2020-11-05_0000014272-20-000279.xlsx,Balance Sheet,"September 30,2020",Other non-current liabilities,us-gaap:OtherLiabilitiesNoncurrent,reported,
balance_sheet,us-gaap:Liabilities,Total Liabilities,3Q20,75306.0,BMY_SEC-XBRL-financials_as-presented_10-Q_2020-11-05_0000014272-20-000279.xlsx,Balance Sheet,"September 30,2020",Total Liabilities,us-gaap:Liabilities,reported,
balance_sheet,us-gaap:CommonStockValue,"Common stock, par value of $0.10 per share: Authorized 4.5 billion shares; 2.9 billion issued in 2019 and 2.2 billion issued in 2018",3Q20,292.0,BMY_SEC-XBRL-financials_as-presented_10-Q_2020-11-05_0000014272-20-000279.xlsx,Balance Sheet,"September 30,2020",Common stock,us-gaap:CommonStockValue,reported,
balance_sheet,us-gaap:AdditionalPaidInCapital,Capital in excess of par value of stock,3Q20,44435.0,BMY_SEC-XBRL-financials_as-presented_10-Q_2020-11-05_0000014272-20-000279.xlsx,Balance Sheet,"September 30,2020",Capital in excess of par value of stock,us-gaap:AdditionalPaidInCapital,reported,
balance_sheet,us-gaap:AccumulatedOtherComprehensiveIncomeLossNetOfTax,Accumulated other comprehensive loss,3Q20,-1699.0,BMY_SEC-XBRL-financials_as-presented_10-Q_2020-11-05_0000014272-20-000279.xlsx,Balance Sheet,"September 30,2020",Accumulated other comprehensive loss,us-gaap:AccumulatedOtherComprehensiveIncomeLossNetOfTax,reported,
balance_sheet,us-gaap:RetainedEarningsAccumulatedDeficit,Retained earnings,3Q20,32414.0,BMY_SEC-XBRL-financials_as-presented_10-Q_2020-11-05_0000014272-20-000279.xlsx,Balance Sheet,"September 30,2020",Retained earnings,us-gaap:RetainedEarningsAccumulatedDeficit,reported,
balance_sheet,us-gaap:TreasuryStockValue,Less cost of treasury stock — 672 million common shares in 2019 and 576 million common shares in 2018,3Q20,-25284.0,BMY_SEC-XBRL-financials_as-presented_10-Q_2020-11-05_0000014272-20-000279.xlsx,Balance Sheet,"September 30,2020",Less cost of treasury stock,us-gaap:TreasuryStockValue,reported,
balance_sheet,us-gaap:StockholdersEquity,Total BMS Shareholders’ Equity,3Q20,50158.0,BMY_SEC-XBRL-financials_as-presented_10-Q_2020-11-05_0000014272-20-000279.xlsx,Balance Sheet,"September 30,2020",Total Bristol-Myers Squibb Company Shareholders’ Equity,us-gaap:StockholdersEquity,reported,
balance_sheet,us-gaap:MinorityInterest,Noncontrolling interest,3Q20,72.0,BMY_SEC-XBRL-financials_as-presented_10-Q_2020-11-05_0000014272-20-000279.xlsx,Balance Sheet,"September 30,2020",Noncontrolling interest,us-gaap:MinorityInterest,reported,
balance_sheet,us-gaap:StockholdersEquityIncludingPortionAttributableToNoncontrollingInterest,Total Equity,3Q20,50230.0,BMY_SEC-XBRL-financials_as-presented_10-Q_2020-11-05_0000014272-20-000279.xlsx,Balance Sheet,"September 30,2020",Total Equity,us-gaap:StockholdersEquityIncludingPortionAttributableToNoncontrollingInterest,reported,
balance_sheet,us-gaap:LiabilitiesAndStockholdersEquity,Total Liabilities and Equity,3Q20,125536.0,BMY_SEC-XBRL-financials_as-presented_10-Q_2020-11-05_0000014272-20-000279.xlsx,Balance Sheet,"September 30,2020",Total Liabilities and Equity,us-gaap:LiabilitiesAndStockholdersEquity,reported,
cash_flow,us-gaap:ProfitLoss,Net earnings/(loss),9M20,1032.0,BMY_SEC-XBRL-financials_as-presented_10-Q_2020-11-05_0000014272-20-000279.xlsx,Cash Flow,"Nine Months Ended September 30, 2020",Net earnings,us-gaap:ProfitLoss,reported,
cash_flow,us-gaap:DepreciationDepletionAndAmortization,"Depreciation and amortization, net",9M20,7690.0,BMY_SEC-XBRL-financials_as-presented_10-Q_2020-11-05_0000014272-20-000279.xlsx,Cash Flow,"Nine Months Ended September 30, 2020","Depreciation and amortization, net",us-gaap:DepreciationDepletionAndAmortization,reported,
cash_flow,us-gaap:DeferredIncomeTaxExpenseBenefit,Deferred income taxes,9M20,1419.0,BMY_SEC-XBRL-financials_as-presented_10-Q_2020-11-05_0000014272-20-000279.xlsx,Cash Flow,"Nine Months Ended September 30, 2020",Deferred income taxes,us-gaap:DeferredIncomeTaxExpenseBenefit,reported,
cash_flow,us-gaap:ShareBasedCompensation,Stock-based compensation,9M20,608.0,BMY_SEC-XBRL-financials_as-presented_10-Q_2020-11-05_0000014272-20-000279.xlsx,Cash Flow,"Nine Months Ended September 30, 2020",Stock-based compensation,us-gaap:ShareBasedCompensation,reported,
cash_flow,us-gaap:ImpairmentOfLongLivedAssetsToBeDisposedOf,Impairment charges,9M20,131.0,BMY_SEC-XBRL-financials_as-presented_10-Q_2020-11-05_0000014272-20-000279.xlsx,Cash Flow,"Nine Months Ended September 30, 2020",Impairment charges,us-gaap:ImpairmentOfLongLivedAssetsToBeDisposedOf,reported,
cash_flow,bmy:Pensionsettlementsandamortization,Pension settlements and amortization,9M20,34.0,BMY_SEC-XBRL-financials_as-presented_10-Q_2020-11-05_0000014272-20-000279.xlsx,Cash Flow,"Nine Months Ended September 30, 2020",Pension settlements and amortization,bmy:Pensionsettlementsandamortization,reported,
cash_flow,bmy:DivestitureGainsAndRoyalties,Divestiture gains and royalties,9M20,-486.0,BMY_SEC-XBRL-financials_as-presented_10-Q_2020-11-05_0000014272-20-000279.xlsx,Cash Flow,"Nine Months Ended September 30, 2020",Divestiture gains and royalties,bmy:Divestituregainsandroyalties,reported,
cash_flow,bmy:MilestonePaymentRelatedToAnAssetAcquisition,Asset acquisition charges,9M20,278.0,BMY_SEC-XBRL-financials_as-presented_10-Q_2020-11-05_0000014272-20-000279.xlsx,Cash Flow,"Nine Months Ended September 30, 2020",Asset acquisition charges,bmy:MilestonePaymentRelatedToAnAssetAcquisition,reported,
cash_flow,us-gaap:EquityMethodInvestmentRealizedGainLossOnDisposal,"Equity investment (gains)/losses, net",9M20,-724.0,BMY_SEC-XBRL-financials_as-presented_10-Q_2020-11-05_0000014272-20-000279.xlsx,Cash Flow,"Nine Months Ended September 30, 2020",Equity investment (gains)/losses,us-gaap:MarketableSecuritiesGainLoss,reported,
cash_flow,us-gaap:BusinessCombinationContingentConsiderationArrangementsChangeInAmountOfContingentConsiderationLiability1,Contingent consideration fair value adjustments,9M20,-597.0,BMY_SEC-XBRL-financials_as-presented_10-Q_2020-11-05_0000014272-20-000279.xlsx,Cash Flow,"Nine Months Ended September 30, 2020",Contingent consideration fair value adjustments,us-gaap:BusinessCombinationContingentConsiderationArrangementsChangeInAmountOfContingentConsiderationLiability1,reported,
cash_flow,us-gaap:OtherNoncashIncomeExpense,Other adjustments,9M20,-140.0,BMY_SEC-XBRL-financials_as-presented_10-Q_2020-11-05_0000014272-20-000279.xlsx,Cash Flow,"Nine Months Ended September 30, 2020",Other adjustments,us-gaap:OtherNoncashIncomeExpense,reported,
cash_flow,us-gaap:IncreaseDecreaseInReceivables,Receivables,9M20,-356.0,BMY_SEC-XBRL-financials_as-presented_10-Q_2020-11-05_0000014272-20-000279.xlsx,Cash Flow,"Nine Months Ended September 30, 2020",Receivables,us-gaap:IncreaseDecreaseInReceivables,reported,
cash_flow,us-gaap:IncreaseDecreaseInInventories,Inventories,9M20,2571.0,BMY_SEC-XBRL-financials_as-presented_10-Q_2020-11-05_0000014272-20-000279.xlsx,Cash Flow,"Nine Months Ended September 30, 2020",Inventories,us-gaap:IncreaseDecreaseInInventories,reported,
cash_flow,us-gaap:IncreaseDecreaseInAccountsPayable,Accounts payable,9M20,56.0,BMY_SEC-XBRL-financials_as-presented_10-Q_2020-11-05_0000014272-20-000279.xlsx,Cash Flow,"Nine Months Ended September 30, 2020",Accounts payable,us-gaap:IncreaseDecreaseInAccountsPayable,reported,
cash_flow,us-gaap:IncreaseDecreaseInAccruedIncomeTaxesPayable,Income taxes payable,9M20,-2104.0,BMY_SEC-XBRL-financials_as-presented_10-Q_2020-11-05_0000014272-20-000279.xlsx,Cash Flow,"Nine Months Ended September 30, 2020",Income taxes payable,us-gaap:IncreaseDecreaseInAccruedIncomeTaxesPayable,reported,
cash_flow,us-gaap:IncreaseDecreaseInOtherOperatingCapitalNet,Other,9M20,970.0,BMY_SEC-XBRL-financials_as-presented_10-Q_2020-11-05_0000014272-20-000279.xlsx,Cash Flow,"Nine Months Ended September 30, 2020",Other,us-gaap:IncreaseDecreaseInOtherOperatingCapitalNet,reported,
cash_flow,us-gaap:NetCashProvidedByUsedInOperatingActivities,Net cash provided by operating activities,9M20,10382.0,BMY_SEC-XBRL-financials_as-presented_10-Q_2020-11-05_0000014272-20-000279.xlsx,Cash Flow,"Nine Months Ended September 30, 2020",Net Cash Provided by Operating Activities,us-gaap:NetCashProvidedByUsedInOperatingActivities,reported,
cash_flow,us-gaap:ProceedsFromSaleAndMaturityOfAvailableForSaleSecurities,Sale and maturities of marketable debt securities,9M20,4757.0,BMY_SEC-XBRL-financials_as-presented_10-Q_2020-11-05_0000014272-20-000279.xlsx,Cash Flow,"Nine Months Ended September 30, 2020",Sale and maturities of marketable debt securities,us-gaap:ProceedsFromSaleAndMaturityOfAvailableForSaleSecurities,reported,
cash_flow,us-gaap:PaymentsToAcquireMarketableSecurities,Purchase of marketable debt securities,9M20,-3148.0,BMY_SEC-XBRL-financials_as-presented_10-Q_2020-11-05_0000014272-20-000279.xlsx,Cash Flow,"Nine Months Ended September 30, 2020",Purchase of marketable debt securities,us-gaap:PaymentsToAcquireMarketableSecurities,reported,
cash_flow,us-gaap:PaymentsToAcquirePropertyPlantAndEquipment,Capital expenditures,9M20,-470.0,BMY_SEC-XBRL-financials_as-presented_10-Q_2020-11-05_0000014272-20-000279.xlsx,Cash Flow,"Nine Months Ended September 30, 2020",Capital expenditures,us-gaap:PaymentsToAcquirePropertyPlantAndEquipment,reported,
cash_flow,bmy:DivestitureAndOtherProceeds,Divestiture and other proceeds,9M20,550.0,BMY_SEC-XBRL-financials_as-presented_10-Q_2020-11-05_0000014272-20-000279.xlsx,Cash Flow,"Nine Months Ended September 30, 2020",Divestiture and other proceeds,bmy:Divestitureandotherproceeds,reported,
cash_flow,us-gaap:PaymentsToAcquireBusinessesNetOfCashAcquired,"Acquisition and other payments, net of cash acquired",9M20,-421.0,BMY_SEC-XBRL-financials_as-presented_10-Q_2020-11-05_0000014272-20-000279.xlsx,Cash Flow,"Nine Months Ended September 30, 2020","Acquisition and other payments, net of cash acquired",us-gaap:PaymentsToAcquireBusinessesNetOfCashAcquired,reported,
cash_flow,us-gaap:NetCashProvidedByUsedInInvestingActivities,Net cash provided by/(used in) investing activities,9M20,1268.0,BMY_SEC-XBRL-financials_as-presented_10-Q_2020-11-05_0000014272-20-000279.xlsx,Cash Flow,"Nine Months Ended September 30, 2020",Net Cash Provided by Investing Activities,us-gaap:NetCashProvidedByUsedInInvestingActivities,reported,
cash_flow,us-gaap:ProceedsFromRepaymentsOfShortTermDebt,"Short-term debt obligations, net",9M20,-264.0,BMY_SEC-XBRL-financials_as-presented_10-Q_2020-11-05_0000014272-20-000279.xlsx,Cash Flow,"Nine Months Ended September 30, 2020","Short-term debt obligations, net",us-gaap:ProceedsFromRepaymentsOfShortTermDebt,reported,
cash_flow,us-gaap:RepaymentsOfLongTermDebt,Repayments of long-term debt,9M20,-1500.0,BMY_SEC-XBRL-financials_as-presented_10-Q_2020-11-05_0000014272-20-000279.xlsx,Cash Flow,"Nine Months Ended September 30, 2020",Repayment of long-term debt,us-gaap:RepaymentsOfLongTermDebt,reported,
cash_flow,us-gaap:PaymentsForRepurchaseOfCommonStock,Repurchase of common stock,9M20,-81.0,BMY_SEC-XBRL-financials_as-presented_10-Q_2020-11-05_0000014272-20-000279.xlsx,Cash Flow,"Nine Months Ended September 30, 2020",Repurchase of common stock,us-gaap:PaymentsForRepurchaseOfCommonStock,reported,
cash_flow,us-gaap:PaymentsOfDividends,Dividends,9M20,-3054.0,BMY_SEC-XBRL-financials_as-presented_10-Q_2020-11-05_0000014272-20-000279.xlsx,Cash Flow,"Nine Months Ended September 30, 2020",Dividends,us-gaap:PaymentsOfDividends,reported,
cash_flow,us-gaap:NetCashProvidedByUsedInFinancingActivities,Net cash provided by/(used in) financing activities,9M20,-4634.0,BMY_SEC-XBRL-financials_as-presented_10-Q_2020-11-05_0000014272-20-000279.xlsx,Cash Flow,"Nine Months Ended September 30, 2020",Net Cash (Used in)/Provided by Financing Activities,us-gaap:NetCashProvidedByUsedInFinancingActivities,reported,
cash_flow,us-gaap:EffectOfExchangeRateOnCashCashEquivalentsRestrictedCashAndRestrictedCashEquivalents,"Effect of exchange rates on cash, cash equivalents and restricted cash",9M20,24.0,BMY_SEC-XBRL-financials_as-presented_10-Q_2020-11-05_0000014272-20-000279.xlsx,Cash Flow,"Nine Months Ended September 30, 2020","Effect of Exchange Rates on Cash, Cash Equivalents and Restricted Cash",us-gaap:EffectOfExchangeRateOnCashCashEquivalentsRestrictedCashAndRestrictedCashEquivalents,reported,
cash_flow,us-gaap:CashCashEquivalentsRestrictedCashAndRestrictedCashEquivalentsPeriodIncreaseDecreaseIncludingExchangeRateEffect,"Increase/(decrease) in cash, cash equivalents and restricted cash",9M20,7040.0,BMY_SEC-XBRL-financials_as-presented_10-Q_2020-11-05_0000014272-20-000279.xlsx,Cash Flow,"Nine Months Ended September 30, 2020","Increase in Cash, Cash Equivalents and Restricted Cash",us-gaap:CashCashEquivalentsRestrictedCashAndRestrictedCashEquivalentsPeriodIncreaseDecreaseIncludingExchangeRateEffect,reported,
cash_flow,us-gaap:CashCashEquivalentsRestrictedCashAndRestrictedCashEquivalents,"Cash, cash equivalents and restricted cash at beginning of period",9M20,12820.0,BMY_SEC-XBRL-financials_as-presented_10-Q_2020-11-05_0000014272-20-000279.xlsx,Cash Flow,"Nine Months Ended September 30, 2020","Cash, Cash Equivalents and Restricted Cash at Beginning of Period",us-gaap:CashCashEquivalentsRestrictedCashAndRestrictedCashEquivalents,reported,
income_statement,us-gaap:Revenues,Net product sales,1Q21,10798.0,BMY_SEC-XBRL-financials_as-presented_10-Q_2021-04-29_0000014272-21-000126.xlsx,Income Statement,"Three Months Ended March 31, 2021",Net product sales,us-gaap:Revenues,reported,
income_statement,us-gaap:CostOfGoodsAndServicesSold,Cost of products sold(a),1Q21,2841.0,BMY_SEC-XBRL-financials_as-presented_10-Q_2021-04-29_0000014272-21-000126.xlsx,Income Statement,"Three Months Ended March 31, 2021",Cost of products sold(a),us-gaap:CostOfGoodsAndServicesSold,reported,
income_statement,us-gaap:SellingGeneralAndAdministrativeExpense,"Selling, general and administrative",1Q21,1666.0,BMY_SEC-XBRL-financials_as-presented_10-Q_2021-04-29_0000014272-21-000126.xlsx,Income Statement,"Three Months Ended March 31, 2021","Marketing, selling and administrative",us-gaap:SellingGeneralAndAdministrativeExpense,reported,
income_statement,us-gaap:ResearchAndDevelopmentExpense,Research and development,1Q21,2225.0,BMY_SEC-XBRL-financials_as-presented_10-Q_2021-04-29_0000014272-21-000126.xlsx,Income Statement,"Three Months Ended March 31, 2021",Research and development,us-gaap:ResearchAndDevelopmentExpense,reported,
income_statement,bmy:AmortizationofAcquiredIntangibleAssets,Amortization of acquired intangible assets,1Q21,2513.0,BMY_SEC-XBRL-financials_as-presented_10-Q_2021-04-29_0000014272-21-000126.xlsx,Income Statement,"Three Months Ended March 31, 2021",Amortization of acquired intangible assets,bmy:AmortizationofAcquiredIntangibleAssets,reported,
income_statement,us-gaap:OtherNonoperatingIncomeExpense,"Other (income)/expense, net",1Q21,-702.0,BMY_SEC-XBRL-financials_as-presented_10-Q_2021-04-29_0000014272-21-000126.xlsx,Income Statement,"Three Months Ended March 31, 2021","Other (income)/expense, net",us-gaap:OtherNonoperatingIncomeExpense,reported,
income_statement,us-gaap:CostsAndExpenses,Total Expenses,1Q21,8543.0,BMY_SEC-XBRL-financials_as-presented_10-Q_2021-04-29_0000014272-21-000126.xlsx,Income Statement,"Three Months Ended March 31, 2021",Total Expenses,us-gaap:CostsAndExpenses,reported,
income_statement,us-gaap:IncomeLossFromContinuingOperationsBeforeIncomeTaxesExtraordinaryItemsNoncontrollingInterest,Earnings/(Loss) before income taxes,1Q21,2530.0,BMY_SEC-XBRL-financials_as-presented_10-Q_2021-04-29_0000014272-21-000126.xlsx,Income Statement,"Three Months Ended March 31, 2021",Earnings/(Loss) Before Income Taxes,us-gaap:IncomeLossFromContinuingOperationsBeforeIncomeTaxesMinorityInterestAndIncomeLossFromEquityMethodInvestments,reported,
income_statement,us-gaap:IncomeTaxExpenseBenefit,Income tax provision,1Q21,501.0,BMY_SEC-XBRL-financials_as-presented_10-Q_2021-04-29_0000014272-21-000126.xlsx,Income Statement,"Three Months Ended March 31, 2021",Provision for Income Taxes,us-gaap:IncomeTaxExpenseBenefit,reported,
income_statement,us-gaap:ProfitLoss,Net earnings/(loss),1Q21,2029.0,BMY_SEC-XBRL-financials_as-presented_10-Q_2021-04-29_0000014272-21-000126.xlsx,Income Statement,"Three Months Ended March 31, 2021",Net Earnings/(Loss),us-gaap:ProfitLoss,reported,
income_statement,us-gaap:ComprehensiveIncomeNetOfTaxAttributableToNoncontrollingInterest,Noncontrolling Interest,1Q21,8.0,BMY_SEC-XBRL-financials_as-presented_10-Q_2021-04-29_0000014272-21-000126.xlsx,Income Statement,"Three Months Ended March 31, 2021",Noncontrolling Interest,us-gaap:NetIncomeLossAttributableToNoncontrollingInterest,reported,
income_statement,us-gaap:NetIncomeLoss,Net earnings/(loss) attributable to BMS,1Q21,2021.0,BMY_SEC-XBRL-financials_as-presented_10-Q_2021-04-29_0000014272-21-000126.xlsx,Income Statement,"Three Months Ended March 31, 2021",Net Earnings/(Loss) Attributable to BMS,us-gaap:NetIncomeLoss,reported,
income_statement,us-gaap:EarningsPerShareBasic,Basic,1Q21,0.9,BMY_SEC-XBRL-financials_as-presented_10-Q_2021-04-29_0000014272-21-000126.xlsx,Income Statement,"Three Months Ended March 31, 2021",Basic,us-gaap:EarningsPerShareBasic,reported,
income_statement,us-gaap:EarningsPerShareDiluted,Diluted,1Q21,0.89,BMY_SEC-XBRL-financials_as-presented_10-Q_2021-04-29_0000014272-21-000126.xlsx,Income Statement,"Three Months Ended March 31, 2021",Diluted,us-gaap:EarningsPerShareDiluted,reported,
balance_sheet,us-gaap:CashAndCashEquivalentsAtCarryingValue,Cash and cash equivalents,1Q21,10982.0,BMY_SEC-XBRL-financials_as-presented_10-Q_2021-04-29_0000014272-21-000126.xlsx,Balance Sheet,"March 31,2021",Cash and cash equivalents,us-gaap:CashAndCashEquivalentsAtCarryingValue,reported,
balance_sheet,us-gaap:MarketableSecuritiesCurrent,Marketable debt securities,1Q21,1948.0,BMY_SEC-XBRL-financials_as-presented_10-Q_2021-04-29_0000014272-21-000126.xlsx,Balance Sheet,"March 31,2021",Marketable debt securities,us-gaap:MarketableSecuritiesCurrent,reported,
balance_sheet,us-gaap:ReceivablesNetCurrent,Receivables,1Q21,8660.0,BMY_SEC-XBRL-financials_as-presented_10-Q_2021-04-29_0000014272-21-000126.xlsx,Balance Sheet,"March 31,2021",Receivables,us-gaap:ReceivablesNetCurrent,reported,
balance_sheet,us-gaap:InventoryNet,Inventories,1Q21,1953.0,BMY_SEC-XBRL-financials_as-presented_10-Q_2021-04-29_0000014272-21-000126.xlsx,Balance Sheet,"March 31,2021",Inventories,us-gaap:InventoryNet,reported,
balance_sheet,us-gaap:OtherAssetsCurrent,Other current assets,1Q21,3568.0,BMY_SEC-XBRL-financials_as-presented_10-Q_2021-04-29_0000014272-21-000126.xlsx,Balance Sheet,"March 31,2021",Other current assets,us-gaap:OtherAssetsCurrent,reported,
balance_sheet,us-gaap:AssetsCurrent,Total Current assets,1Q21,27111.0,BMY_SEC-XBRL-financials_as-presented_10-Q_2021-04-29_0000014272-21-000126.xlsx,Balance Sheet,"March 31,2021",Total Current Assets,us-gaap:AssetsCurrent,reported,
balance_sheet,us-gaap:PropertyPlantAndEquipmentNet,"Property, plant and equipment",1Q21,5763.0,BMY_SEC-XBRL-financials_as-presented_10-Q_2021-04-29_0000014272-21-000126.xlsx,Balance Sheet,"March 31,2021","Property, plant and equipment",us-gaap:PropertyPlantAndEquipmentNet,reported,
balance_sheet,us-gaap:Goodwill,Goodwill,1Q21,20524.0,BMY_SEC-XBRL-financials_as-presented_10-Q_2021-04-29_0000014272-21-000126.xlsx,Balance Sheet,"March 31,2021",Goodwill,us-gaap:Goodwill,reported,
balance_sheet,us-gaap:IntangibleAssetsNetExcludingGoodwill,Other intangible assets,1Q21,50819.0,BMY_SEC-XBRL-financials_as-presented_10-Q_2021-04-29_0000014272-21-000126.xlsx,Balance Sheet,"March 31,2021",Other intangible assets,us-gaap:IntangibleAssetsNetExcludingGoodwill,reported,
balance_sheet,us-gaap:DeferredIncomeTaxAssetsNet,Deferred income taxes,1Q21,793.0,BMY_SEC-XBRL-financials_as-presented_10-Q_2021-04-29_0000014272-21-000126.xlsx,Balance Sheet,"March 31,2021",Deferred income taxes,us-gaap:DeferredIncomeTaxAssetsNet,reported,
balance_sheet,us-gaap:MarketableSecuritiesNoncurrent,Marketable debt securities,1Q21,288.0,BMY_SEC-XBRL-financials_as-presented_10-Q_2021-04-29_0000014272-21-000126.xlsx,Balance Sheet,"March 31,2021",Marketable debt securities,us-gaap:MarketableSecuritiesNoncurrent,reported,
balance_sheet,us-gaap:OtherAssetsNoncurrent,Other non-current assets,1Q21,7137.0,BMY_SEC-XBRL-financials_as-presented_10-Q_2021-04-29_0000014272-21-000126.xlsx,Balance Sheet,"March 31,2021",Other non-current assets,us-gaap:OtherAssetsNoncurrent,reported,
balance_sheet,us-gaap:Assets,Total Assets,1Q21,112435.0,BMY_SEC-XBRL-financials_as-presented_10-Q_2021-04-29_0000014272-21-000126.xlsx,Balance Sheet,"March 31,2021",Total Assets,us-gaap:Assets,reported,
balance_sheet,us-gaap:DebtCurrent,Short-term debt obligations,1Q21,1777.0,BMY_SEC-XBRL-financials_as-presented_10-Q_2021-04-29_0000014272-21-000126.xlsx,Balance Sheet,"March 31,2021",Short-term debt obligations,us-gaap:DebtCurrent,reported,
balance_sheet,us-gaap:AccountsPayableCurrent,Accounts payable,1Q21,2972.0,BMY_SEC-XBRL-financials_as-presented_10-Q_2021-04-29_0000014272-21-000126.xlsx,Balance Sheet,"March 31,2021",Accounts payable,us-gaap:AccountsPayableCurrent,reported,
balance_sheet,us-gaap:OtherLiabilitiesCurrent,Other current liabilities,1Q21,12581.0,BMY_SEC-XBRL-financials_as-presented_10-Q_2021-04-29_0000014272-21-000126.xlsx,Balance Sheet,"March 31,2021",Other current liabilities,us-gaap:OtherLiabilitiesCurrent,reported,
balance_sheet,us-gaap:LiabilitiesCurrent,Total Current liabilities,1Q21,17330.0,BMY_SEC-XBRL-financials_as-presented_10-Q_2021-04-29_0000014272-21-000126.xlsx,Balance Sheet,"March 31,2021",Total Current Liabilities,us-gaap:LiabilitiesCurrent,reported,
balance_sheet,us-gaap:DeferredIncomeTaxLiabilitiesNet,Deferred income taxes,1Q21,5235.0,BMY_SEC-XBRL-financials_as-presented_10-Q_2021-04-29_0000014272-21-000126.xlsx,Balance Sheet,"March 31,2021",Deferred income taxes,us-gaap:DeferredIncomeTaxLiabilitiesNet,reported,
balance_sheet,us-gaap:LongTermDebtNoncurrent,Long-term debt,1Q21,44505.0,BMY_SEC-XBRL-financials_as-presented_10-Q_2021-04-29_0000014272-21-000126.xlsx,Balance Sheet,"March 31,2021",Long-term debt,us-gaap:LongTermDebtNoncurrent,reported,
balance_sheet,us-gaap:OtherLiabilitiesNoncurrent,Other non-current liabilities,1Q21,7692.0,BMY_SEC-XBRL-financials_as-presented_10-Q_2021-04-29_0000014272-21-000126.xlsx,Balance Sheet,"March 31,2021",Other non-current liabilities,us-gaap:OtherLiabilitiesNoncurrent,reported,
balance_sheet,us-gaap:Liabilities,Total Liabilities,1Q21,74762.0,BMY_SEC-XBRL-financials_as-presented_10-Q_2021-04-29_0000014272-21-000126.xlsx,Balance Sheet,"March 31,2021",Total Liabilities,us-gaap:Liabilities,reported,
balance_sheet,us-gaap:CommonStockValue,"Common stock, par value of $0.10 per share: Authorized 4.5 billion shares; 2.9 billion issued in 2019 and 2.2 billion issued in 2018",1Q21,292.0,BMY_SEC-XBRL-financials_as-presented_10-Q_2021-04-29_0000014272-21-000126.xlsx,Balance Sheet,"March 31,2021",Common stock,us-gaap:CommonStockValue,reported,
balance_sheet,us-gaap:AdditionalPaidInCapital,Capital in excess of par value of stock,1Q21,43852.0,BMY_SEC-XBRL-financials_as-presented_10-Q_2021-04-29_0000014272-21-000126.xlsx,Balance Sheet,"March 31,2021",Capital in excess of par value of stock,us-gaap:AdditionalPaidInCapital,reported,
balance_sheet,us-gaap:AccumulatedOtherComprehensiveIncomeLossNetOfTax,Accumulated other comprehensive loss,1Q21,-1544.0,BMY_SEC-XBRL-financials_as-presented_10-Q_2021-04-29_0000014272-21-000126.xlsx,Balance Sheet,"March 31,2021",Accumulated other comprehensive loss,us-gaap:AccumulatedOtherComprehensiveIncomeLossNetOfTax,reported,
balance_sheet,us-gaap:RetainedEarningsAccumulatedDeficit,Retained earnings,1Q21,22204.0,BMY_SEC-XBRL-financials_as-presented_10-Q_2021-04-29_0000014272-21-000126.xlsx,Balance Sheet,"March 31,2021",Retained earnings,us-gaap:RetainedEarningsAccumulatedDeficit,reported,
balance_sheet,us-gaap:TreasuryStockValue,Less cost of treasury stock — 672 million common shares in 2019 and 576 million common shares in 2018,1Q21,-27199.0,BMY_SEC-XBRL-financials_as-presented_10-Q_2021-04-29_0000014272-21-000126.xlsx,Balance Sheet,"March 31,2021",Less cost of treasury stock,us-gaap:TreasuryStockValue,reported,
balance_sheet,us-gaap:StockholdersEquity,Total BMS Shareholders’ Equity,1Q21,37605.0,BMY_SEC-XBRL-financials_as-presented_10-Q_2021-04-29_0000014272-21-000126.xlsx,Balance Sheet,"March 31,2021",Total Bristol-Myers Squibb Company Shareholders’ Equity,us-gaap:StockholdersEquity,reported,
balance_sheet,us-gaap:MinorityInterest,Noncontrolling interest,1Q21,68.0,BMY_SEC-XBRL-financials_as-presented_10-Q_2021-04-29_0000014272-21-000126.xlsx,Balance Sheet,"March 31,2021",Noncontrolling interest,us-gaap:MinorityInterest,reported,
balance_sheet,us-gaap:StockholdersEquityIncludingPortionAttributableToNoncontrollingInterest,Total Equity,1Q21,37673.0,BMY_SEC-XBRL-financials_as-presented_10-Q_2021-04-29_0000014272-21-000126.xlsx,Balance Sheet,"March 31,2021",Total Equity,us-gaap:StockholdersEquityIncludingPortionAttributableToNoncontrollingInterest,reported,
balance_sheet,us-gaap:LiabilitiesAndStockholdersEquity,Total Liabilities and Equity,1Q21,112435.0,BMY_SEC-XBRL-financials_as-presented_10-Q_2021-04-29_0000014272-21-000126.xlsx,Balance Sheet,"March 31,2021",Total Liabilities and Equity,us-gaap:LiabilitiesAndStockholdersEquity,reported,
cash_flow,us-gaap:DepreciationDepletionAndAmortization,"Depreciation and amortization, net",1Q21,2668.0,BMY_SEC-XBRL-financials_as-presented_10-Q_2021-04-29_0000014272-21-000126.xlsx,Cash Flow,"Three Months Ended March 31, 2021","Depreciation and amortization, net",us-gaap:DepreciationDepletionAndAmortization,reported,
cash_flow,us-gaap:DeferredIncomeTaxExpenseBenefit,Deferred income taxes,1Q21,68.0,BMY_SEC-XBRL-financials_as-presented_10-Q_2021-04-29_0000014272-21-000126.xlsx,Cash Flow,"Three Months Ended March 31, 2021",Deferred income taxes,us-gaap:DeferredIncomeTaxExpenseBenefit,reported,
cash_flow,us-gaap:ShareBasedCompensation,Stock-based compensation,1Q21,151.0,BMY_SEC-XBRL-financials_as-presented_10-Q_2021-04-29_0000014272-21-000126.xlsx,Cash Flow,"Three Months Ended March 31, 2021",Stock-based compensation,us-gaap:ShareBasedCompensation,reported,
cash_flow,us-gaap:ImpairmentOfLongLivedAssetsToBeDisposedOf,Impairment charges,1Q21,339.0,BMY_SEC-XBRL-financials_as-presented_10-Q_2021-04-29_0000014272-21-000126.xlsx,Cash Flow,"Three Months Ended March 31, 2021",Impairment charges,us-gaap:ImpairmentOfLongLivedAssetsToBeDisposedOf,reported,
cash_flow,bmy:Pensionsettlementsandamortization,Pension settlements and amortization,1Q21,11.0,BMY_SEC-XBRL-financials_as-presented_10-Q_2021-04-29_0000014272-21-000126.xlsx,Cash Flow,"Three Months Ended March 31, 2021",Pension settlements and amortization,bmy:Pensionsettlementsandamortization,reported,
cash_flow,bmy:DivestitureGainsAndRoyalties,Divestiture gains and royalties,1Q21,-135.0,BMY_SEC-XBRL-financials_as-presented_10-Q_2021-04-29_0000014272-21-000126.xlsx,Cash Flow,"Three Months Ended March 31, 2021",Divestiture gains and royalties,bmy:Divestituregainsandroyalties,reported,
cash_flow,bmy:Assetacquisitioncharge,Asset acquisition charges,1Q21,5.0,BMY_SEC-XBRL-financials_as-presented_10-Q_2021-04-29_0000014272-21-000126.xlsx,Cash Flow,"Three Months Ended March 31, 2021",Asset acquisition charges,bmy:Assetacquisitioncharge,reported,
cash_flow,us-gaap:EquityMethodInvestmentRealizedGainLossOnDisposal,"Equity investment (gains)/losses, net",1Q21,-601.0,BMY_SEC-XBRL-financials_as-presented_10-Q_2021-04-29_0000014272-21-000126.xlsx,Cash Flow,"Three Months Ended March 31, 2021",Equity investment (gains)/losses,us-gaap:GainLossOnInvestmentsExcludingOtherThanTemporaryImpairments,reported,
cash_flow,us-gaap:BusinessCombinationContingentConsiderationArrangementsChangeInAmountOfContingentConsiderationLiability1,Contingent consideration fair value adjustments,1Q21,-510.0,BMY_SEC-XBRL-financials_as-presented_10-Q_2021-04-29_0000014272-21-000126.xlsx,Cash Flow,"Three Months Ended March 31, 2021",Contingent consideration fair value adjustments,us-gaap:BusinessCombinationContingentConsiderationArrangementsChangeInAmountOfContingentConsiderationLiability1,reported,
cash_flow,us-gaap:OtherNoncashIncomeExpense,Other adjustments,1Q21,233.0,BMY_SEC-XBRL-financials_as-presented_10-Q_2021-04-29_0000014272-21-000126.xlsx,Cash Flow,"Three Months Ended March 31, 2021",Other adjustments,us-gaap:OtherNoncashIncomeExpense,reported,
cash_flow,us-gaap:IncreaseDecreaseInReceivables,Receivables,1Q21,67.0,BMY_SEC-XBRL-financials_as-presented_10-Q_2021-04-29_0000014272-21-000126.xlsx,Cash Flow,"Three Months Ended March 31, 2021",Receivables,us-gaap:IncreaseDecreaseInReceivables,reported,
cash_flow,us-gaap:IncreaseDecreaseInInventories,Inventories,1Q21,106.0,BMY_SEC-XBRL-financials_as-presented_10-Q_2021-04-29_0000014272-21-000126.xlsx,Cash Flow,"Three Months Ended March 31, 2021",Inventories,us-gaap:IncreaseDecreaseInInventories,reported,
cash_flow,us-gaap:IncreaseDecreaseInAccountsPayable,Accounts payable,1Q21,303.0,BMY_SEC-XBRL-financials_as-presented_10-Q_2021-04-29_0000014272-21-000126.xlsx,Cash Flow,"Three Months Ended March 31, 2021",Accounts payable,us-gaap:IncreaseDecreaseInAccountsPayable,reported,
cash_flow,us-gaap:IncreaseDecreaseInAccruedIncomeTaxesPayable,Income taxes payable,1Q21,227.0,BMY_SEC-XBRL-financials_as-presented_10-Q_2021-04-29_0000014272-21-000126.xlsx,Cash Flow,"Three Months Ended March 31, 2021",Income taxes payable,us-gaap:IncreaseDecreaseInAccruedIncomeTaxesPayable,reported,
cash_flow,us-gaap:IncreaseDecreaseInOtherOperatingCapitalNet,Other,1Q21,-1137.0,BMY_SEC-XBRL-financials_as-presented_10-Q_2021-04-29_0000014272-21-000126.xlsx,Cash Flow,"Three Months Ended March 31, 2021",Other,us-gaap:IncreaseDecreaseInOtherOperatingCapitalNet,reported,
cash_flow,us-gaap:NetCashProvidedByUsedInOperatingActivities,Net cash provided by operating activities,1Q21,3824.0,BMY_SEC-XBRL-financials_as-presented_10-Q_2021-04-29_0000014272-21-000126.xlsx,Cash Flow,"Three Months Ended March 31, 2021",Net Cash Provided by Operating Activities,us-gaap:NetCashProvidedByUsedInOperatingActivities,reported,
cash_flow,us-gaap:ProceedsFromSaleAndMaturityOfAvailableForSaleSecurities,Sale and maturities of marketable debt securities,1Q21,782.0,BMY_SEC-XBRL-financials_as-presented_10-Q_2021-04-29_0000014272-21-000126.xlsx,Cash Flow,"Three Months Ended March 31, 2021",Sale and maturities of marketable debt securities,us-gaap:ProceedsFromSaleAndMaturityOfAvailableForSaleSecurities,reported,
cash_flow,us-gaap:PaymentsToAcquireMarketableSecurities,Purchase of marketable debt securities,1Q21,-1302.0,BMY_SEC-XBRL-financials_as-presented_10-Q_2021-04-29_0000014272-21-000126.xlsx,Cash Flow,"Three Months Ended March 31, 2021",Purchase of marketable debt securities,us-gaap:PaymentsToAcquireMarketableSecurities,reported,
cash_flow,us-gaap:PaymentsToAcquirePropertyPlantAndEquipment,Capital expenditures,1Q21,-173.0,BMY_SEC-XBRL-financials_as-presented_10-Q_2021-04-29_0000014272-21-000126.xlsx,Cash Flow,"Three Months Ended March 31, 2021",Capital expenditures,us-gaap:PaymentsToAcquirePropertyPlantAndEquipment,reported,
cash_flow,bmy:DivestitureAndOtherProceeds,Divestiture and other proceeds,1Q21,585.0,BMY_SEC-XBRL-financials_as-presented_10-Q_2021-04-29_0000014272-21-000126.xlsx,Cash Flow,"Three Months Ended March 31, 2021",Divestiture and other proceeds,bmy:Divestitureandotherproceeds,reported,
cash_flow,us-gaap:PaymentsToAcquireBusinessesNetOfCashAcquired,"Acquisition and other payments, net of cash acquired",1Q21,-35.0,BMY_SEC-XBRL-financials_as-presented_10-Q_2021-04-29_0000014272-21-000126.xlsx,Cash Flow,"Three Months Ended March 31, 2021","Acquisition and other payments, net of cash acquired",us-gaap:PaymentsToAcquireBusinessesNetOfCashAcquired,reported,
cash_flow,us-gaap:NetCashProvidedByUsedInInvestingActivities,Net cash provided by/(used in) investing activities,1Q21,-143.0,BMY_SEC-XBRL-financials_as-presented_10-Q_2021-04-29_0000014272-21-000126.xlsx,Cash Flow,"Three Months Ended March 31, 2021",Net Cash (Used in)/Provided by Investing Activities,us-gaap:NetCashProvidedByUsedInInvestingActivities,reported,
cash_flow,us-gaap:ProceedsFromRepaymentsOfShortTermDebt,"Short-term debt obligations, net",1Q21,-62.0,BMY_SEC-XBRL-financials_as-presented_10-Q_2021-04-29_0000014272-21-000126.xlsx,Cash Flow,"Three Months Ended March 31, 2021","Short-term debt obligations, net",us-gaap:ProceedsFromRepaymentsOfShortTermDebt,reported,
cash_flow,us-gaap:RepaymentsOfLongTermDebt,Repayments of long-term debt,1Q21,-4522.0,BMY_SEC-XBRL-financials_as-presented_10-Q_2021-04-29_0000014272-21-000126.xlsx,Cash Flow,"Three Months Ended March 31, 2021",Repayment of long-term debt,us-gaap:RepaymentsOfLongTermDebt,reported,
cash_flow,us-gaap:PaymentsForRepurchaseOfCommonStock,Repurchase of common stock,1Q21,-1775.0,BMY_SEC-XBRL-financials_as-presented_10-Q_2021-04-29_0000014272-21-000126.xlsx,Cash Flow,"Three Months Ended March 31, 2021",Repurchase of common stock,us-gaap:PaymentsForRepurchaseOfCommonStock,reported,
cash_flow,us-gaap:PaymentsOfDividends,Dividends,1Q21,-1108.0,BMY_SEC-XBRL-financials_as-presented_10-Q_2021-04-29_0000014272-21-000126.xlsx,Cash Flow,"Three Months Ended March 31, 2021",Dividends,us-gaap:PaymentsOfDividends,reported,
cash_flow,us-gaap:NetCashProvidedByUsedInFinancingActivities,Net cash provided by/(used in) financing activities,1Q21,-7295.0,BMY_SEC-XBRL-financials_as-presented_10-Q_2021-04-29_0000014272-21-000126.xlsx,Cash Flow,"Three Months Ended March 31, 2021",Net Cash Used in Financing Activities,us-gaap:NetCashProvidedByUsedInFinancingActivities,reported,
cash_flow,us-gaap:EffectOfExchangeRateOnCashCashEquivalentsRestrictedCashAndRestrictedCashEquivalents,"Effect of exchange rates on cash, cash equivalents and restricted cash",1Q21,-38.0,BMY_SEC-XBRL-financials_as-presented_10-Q_2021-04-29_0000014272-21-000126.xlsx,Cash Flow,"Three Months Ended March 31, 2021","Effect of Exchange Rates on Cash, Cash Equivalents and Restricted Cash",us-gaap:EffectOfExchangeRateOnCashCashEquivalentsRestrictedCashAndRestrictedCashEquivalents,reported,
cash_flow,us-gaap:CashCashEquivalentsRestrictedCashAndRestrictedCashEquivalentsPeriodIncreaseDecreaseIncludingExchangeRateEffect,"Increase/(decrease) in cash, cash equivalents and restricted cash",1Q21,-3652.0,BMY_SEC-XBRL-financials_as-presented_10-Q_2021-04-29_0000014272-21-000126.xlsx,Cash Flow,"Three Months Ended March 31, 2021","(Decrease)/Increase in Cash, Cash Equivalents and Restricted Cash",us-gaap:CashCashEquivalentsRestrictedCashAndRestrictedCashEquivalentsPeriodIncreaseDecreaseIncludingExchangeRateEffect,reported,
cash_flow,us-gaap:CashCashEquivalentsRestrictedCashAndRestrictedCashEquivalents,"Cash, cash equivalents and restricted cash at beginning of period",1Q21,14973.0,BMY_SEC-XBRL-financials_as-presented_10-Q_2021-04-29_0000014272-21-000126.xlsx,Cash Flow,"Three Months Ended March 31, 2021","Cash, Cash Equivalents and Restricted Cash at Beginning of Period",us-gaap:CashCashEquivalentsRestrictedCashAndRestrictedCashEquivalents,reported,
income_statement,us-gaap:Revenues,Net product sales,2Q21,11405.0,BMY_SEC-XBRL-financials_as-presented_10-Q_2021-07-28_0000014272-21-000186.xlsx,Income Statement,"Three Months Ended June 30, 2021",Net product sales,us-gaap:Revenues,reported,
income_statement,us-gaap:Revenues,Net product sales,6M21,22203.0,BMY_SEC-XBRL-financials_as-presented_10-Q_2021-07-28_0000014272-21-000186.xlsx,Income Statement,"Six Months Ended June 30, 2021",Net product sales,us-gaap:Revenues,reported,
income_statement,us-gaap:CostOfGoodsAndServicesSold,Cost of products sold(a),2Q21,2452.0,BMY_SEC-XBRL-financials_as-presented_10-Q_2021-07-28_0000014272-21-000186.xlsx,Income Statement,"Three Months Ended June 30, 2021",Cost of products sold(a),us-gaap:CostOfGoodsAndServicesSold,reported,
income_statement,us-gaap:CostOfGoodsAndServicesSold,Cost of products sold(a),6M21,5293.0,BMY_SEC-XBRL-financials_as-presented_10-Q_2021-07-28_0000014272-21-000186.xlsx,Income Statement,"Six Months Ended June 30, 2021",Cost of products sold(a),us-gaap:CostOfGoodsAndServicesSold,reported,
income_statement,us-gaap:SellingGeneralAndAdministrativeExpense,"Selling, general and administrative",2Q21,1882.0,BMY_SEC-XBRL-financials_as-presented_10-Q_2021-07-28_0000014272-21-000186.xlsx,Income Statement,"Three Months Ended June 30, 2021","Marketing, selling and administrative",us-gaap:SellingGeneralAndAdministrativeExpense,reported,
income_statement,us-gaap:SellingGeneralAndAdministrativeExpense,"Selling, general and administrative",6M21,3548.0,BMY_SEC-XBRL-financials_as-presented_10-Q_2021-07-28_0000014272-21-000186.xlsx,Income Statement,"Six Months Ended June 30, 2021","Marketing, selling and administrative",us-gaap:SellingGeneralAndAdministrativeExpense,reported,
income_statement,us-gaap:ResearchAndDevelopmentExpense,Research and development,2Q21,3271.0,BMY_SEC-XBRL-financials_as-presented_10-Q_2021-07-28_0000014272-21-000186.xlsx,Income Statement,"Three Months Ended June 30, 2021",Research and development,us-gaap:ResearchAndDevelopmentExpense,reported,
income_statement,us-gaap:ResearchAndDevelopmentExpense,Research and development,6M21,5496.0,BMY_SEC-XBRL-financials_as-presented_10-Q_2021-07-28_0000014272-21-000186.xlsx,Income Statement,"Six Months Ended June 30, 2021",Research and development,us-gaap:ResearchAndDevelopmentExpense,reported,
income_statement,bmy:AmortizationofAcquiredIntangibleAssets,Amortization of acquired intangible assets,2Q21,2547.0,BMY_SEC-XBRL-financials_as-presented_10-Q_2021-07-28_0000014272-21-000186.xlsx,Income Statement,"Three Months Ended June 30, 2021",Amortization of acquired intangible assets,bmy:AmortizationofAcquiredIntangibleAssets,reported,
income_statement,bmy:AmortizationofAcquiredIntangibleAssets,Amortization of acquired intangible assets,6M21,5060.0,BMY_SEC-XBRL-financials_as-presented_10-Q_2021-07-28_0000014272-21-000186.xlsx,Income Statement,"Six Months Ended June 30, 2021",Amortization of acquired intangible assets,bmy:AmortizationofAcquiredIntangibleAssets,reported,
income_statement,us-gaap:OtherNonoperatingIncomeExpense,"Other (income)/expense, net",2Q21,-2.0,BMY_SEC-XBRL-financials_as-presented_10-Q_2021-07-28_0000014272-21-000186.xlsx,Income Statement,"Three Months Ended June 30, 2021","Other (income)/expense, net",us-gaap:OtherNonoperatingIncomeExpense,reported,
income_statement,us-gaap:OtherNonoperatingIncomeExpense,"Other (income)/expense, net",6M21,-704.0,BMY_SEC-XBRL-financials_as-presented_10-Q_2021-07-28_0000014272-21-000186.xlsx,Income Statement,"Six Months Ended June 30, 2021","Other (income)/expense, net",us-gaap:OtherNonoperatingIncomeExpense,reported,
income_statement,us-gaap:CostsAndExpenses,Total Expenses,2Q21,10150.0,BMY_SEC-XBRL-financials_as-presented_10-Q_2021-07-28_0000014272-21-000186.xlsx,Income Statement,"Three Months Ended June 30, 2021",Total Expenses,us-gaap:CostsAndExpenses,reported,
income_statement,us-gaap:CostsAndExpenses,Total Expenses,6M21,18693.0,BMY_SEC-XBRL-financials_as-presented_10-Q_2021-07-28_0000014272-21-000186.xlsx,Income Statement,"Six Months Ended June 30, 2021",Total Expenses,us-gaap:CostsAndExpenses,reported,
income_statement,us-gaap:IncomeLossFromContinuingOperationsBeforeIncomeTaxesExtraordinaryItemsNoncontrollingInterest,Earnings/(Loss) before income taxes,2Q21,1553.0,BMY_SEC-XBRL-financials_as-presented_10-Q_2021-07-28_0000014272-21-000186.xlsx,Income Statement,"Three Months Ended June 30, 2021",Earnings Before Income Taxes,us-gaap:IncomeLossFromContinuingOperationsBeforeIncomeTaxesMinorityInterestAndIncomeLossFromEquityMethodInvestments,reported,
income_statement,us-gaap:IncomeLossFromContinuingOperationsBeforeIncomeTaxesExtraordinaryItemsNoncontrollingInterest,Earnings/(Loss) before income taxes,6M21,4083.0,BMY_SEC-XBRL-financials_as-presented_10-Q_2021-07-28_0000014272-21-000186.xlsx,Income Statement,"Six Months Ended June 30, 2021",Earnings Before Income Taxes,us-gaap:IncomeLossFromContinuingOperationsBeforeIncomeTaxesMinorityInterestAndIncomeLossFromEquityMethodInvestments,reported,
income_statement,us-gaap:IncomeTaxExpenseBenefit,Income tax provision,2Q21,492.0,BMY_SEC-XBRL-financials_as-presented_10-Q_2021-07-28_0000014272-21-000186.xlsx,Income Statement,"Three Months Ended June 30, 2021",Provision for Income Taxes,us-gaap:IncomeTaxExpenseBenefit,reported,
income_statement,us-gaap:IncomeTaxExpenseBenefit,Income tax provision,6M21,993.0,BMY_SEC-XBRL-financials_as-presented_10-Q_2021-07-28_0000014272-21-000186.xlsx,Income Statement,"Six Months Ended June 30, 2021",Provision for Income Taxes,us-gaap:IncomeTaxExpenseBenefit,reported,
income_statement,us-gaap:ProfitLoss,Net earnings/(loss),2Q21,1061.0,BMY_SEC-XBRL-financials_as-presented_10-Q_2021-07-28_0000014272-21-000186.xlsx,Income Statement,"Three Months Ended June 30, 2021",Net Earnings/(Loss),us-gaap:ProfitLoss,reported,
income_statement,us-gaap:ProfitLoss,Net earnings/(loss),6M21,3090.0,BMY_SEC-XBRL-financials_as-presented_10-Q_2021-07-28_0000014272-21-000186.xlsx,Income Statement,"Six Months Ended June 30, 2021",Net Earnings/(Loss),us-gaap:ProfitLoss,reported,
income_statement,us-gaap:ComprehensiveIncomeNetOfTaxAttributableToNoncontrollingInterest,Noncontrolling Interest,2Q21,6.0,BMY_SEC-XBRL-financials_as-presented_10-Q_2021-07-28_0000014272-21-000186.xlsx,Income Statement,"Three Months Ended June 30, 2021",Noncontrolling Interest,us-gaap:NetIncomeLossAttributableToNoncontrollingInterest,reported,
income_statement,us-gaap:ComprehensiveIncomeNetOfTaxAttributableToNoncontrollingInterest,Noncontrolling Interest,6M21,14.0,BMY_SEC-XBRL-financials_as-presented_10-Q_2021-07-28_0000014272-21-000186.xlsx,Income Statement,"Six Months Ended June 30, 2021",Noncontrolling Interest,us-gaap:NetIncomeLossAttributableToNoncontrollingInterest,reported,
income_statement,us-gaap:NetIncomeLoss,Net earnings/(loss) attributable to BMS,2Q21,1055.0,BMY_SEC-XBRL-financials_as-presented_10-Q_2021-07-28_0000014272-21-000186.xlsx,Income Statement,"Three Months Ended June 30, 2021",Net Earnings/(Loss) Attributable to BMS,us-gaap:NetIncomeLoss,reported,
income_statement,us-gaap:NetIncomeLoss,Net earnings/(loss) attributable to BMS,6M21,3076.0,BMY_SEC-XBRL-financials_as-presented_10-Q_2021-07-28_0000014272-21-000186.xlsx,Income Statement,"Six Months Ended June 30, 2021",Net Earnings/(Loss) Attributable to BMS,us-gaap:NetIncomeLoss,reported,
income_statement,us-gaap:EarningsPerShareBasic,Basic,2Q21,0.47,BMY_SEC-XBRL-financials_as-presented_10-Q_2021-07-28_0000014272-21-000186.xlsx,Income Statement,"Three Months Ended June 30, 2021",Basic,us-gaap:EarningsPerShareBasic,reported,
income_statement,us-gaap:EarningsPerShareBasic,Basic,6M21,1.38,BMY_SEC-XBRL-financials_as-presented_10-Q_2021-07-28_0000014272-21-000186.xlsx,Income Statement,"Six Months Ended June 30, 2021",Basic,us-gaap:EarningsPerShareBasic,reported,
income_statement,us-gaap:EarningsPerShareDiluted,Diluted,2Q21,0.47,BMY_SEC-XBRL-financials_as-presented_10-Q_2021-07-28_0000014272-21-000186.xlsx,Income Statement,"Three Months Ended June 30, 2021",Diluted,us-gaap:EarningsPerShareDiluted,reported,
income_statement,us-gaap:EarningsPerShareDiluted,Diluted,6M21,1.36,BMY_SEC-XBRL-financials_as-presented_10-Q_2021-07-28_0000014272-21-000186.xlsx,Income Statement,"Six Months Ended June 30, 2021",Diluted,us-gaap:EarningsPerShareDiluted,reported,
balance_sheet,us-gaap:CashAndCashEquivalentsAtCarryingValue,Cash and cash equivalents,2Q21,11024.0,BMY_SEC-XBRL-financials_as-presented_10-Q_2021-07-28_0000014272-21-000186.xlsx,Balance Sheet,"June 30,2021",Cash and cash equivalents,us-gaap:CashAndCashEquivalentsAtCarryingValue,reported,
balance_sheet,us-gaap:MarketableSecuritiesCurrent,Marketable debt securities,2Q21,1946.0,BMY_SEC-XBRL-financials_as-presented_10-Q_2021-07-28_0000014272-21-000186.xlsx,Balance Sheet,"June 30,2021",Marketable debt securities,us-gaap:MarketableSecuritiesCurrent,reported,
balance_sheet,us-gaap:ReceivablesNetCurrent,Receivables,2Q21,9017.0,BMY_SEC-XBRL-financials_as-presented_10-Q_2021-07-28_0000014272-21-000186.xlsx,Balance Sheet,"June 30,2021",Receivables,us-gaap:ReceivablesNetCurrent,reported,
balance_sheet,us-gaap:InventoryNet,Inventories,2Q21,2137.0,BMY_SEC-XBRL-financials_as-presented_10-Q_2021-07-28_0000014272-21-000186.xlsx,Balance Sheet,"June 30,2021",Inventories,us-gaap:InventoryNet,reported,
balance_sheet,us-gaap:OtherAssetsCurrent,Other current assets,2Q21,5037.0,BMY_SEC-XBRL-financials_as-presented_10-Q_2021-07-28_0000014272-21-000186.xlsx,Balance Sheet,"June 30,2021",Other current assets,us-gaap:OtherAssetsCurrent,reported,
balance_sheet,us-gaap:AssetsCurrent,Total Current assets,2Q21,29161.0,BMY_SEC-XBRL-financials_as-presented_10-Q_2021-07-28_0000014272-21-000186.xlsx,Balance Sheet,"June 30,2021",Total Current Assets,us-gaap:AssetsCurrent,reported,
balance_sheet,us-gaap:PropertyPlantAndEquipmentNet,"Property, plant and equipment",2Q21,5795.0,BMY_SEC-XBRL-financials_as-presented_10-Q_2021-07-28_0000014272-21-000186.xlsx,Balance Sheet,"June 30,2021","Property, plant and equipment",us-gaap:PropertyPlantAndEquipmentNet,reported,
balance_sheet,us-gaap:Goodwill,Goodwill,2Q21,20529.0,BMY_SEC-XBRL-financials_as-presented_10-Q_2021-07-28_0000014272-21-000186.xlsx,Balance Sheet,"June 30,2021",Goodwill,us-gaap:Goodwill,reported,
balance_sheet,us-gaap:IntangibleAssetsNetExcludingGoodwill,Other intangible assets,2Q21,48065.0,BMY_SEC-XBRL-financials_as-presented_10-Q_2021-07-28_0000014272-21-000186.xlsx,Balance Sheet,"June 30,2021",Other intangible assets,us-gaap:IntangibleAssetsNetExcludingGoodwill,reported,
balance_sheet,us-gaap:DeferredIncomeTaxAssetsNet,Deferred income taxes,2Q21,650.0,BMY_SEC-XBRL-financials_as-presented_10-Q_2021-07-28_0000014272-21-000186.xlsx,Balance Sheet,"June 30,2021",Deferred income taxes,us-gaap:DeferredIncomeTaxAssetsNet,reported,
balance_sheet,us-gaap:MarketableSecuritiesNoncurrent,Marketable debt securities,2Q21,143.0,BMY_SEC-XBRL-financials_as-presented_10-Q_2021-07-28_0000014272-21-000186.xlsx,Balance Sheet,"June 30,2021",Marketable debt securities,us-gaap:MarketableSecuritiesNoncurrent,reported,
balance_sheet,us-gaap:OtherAssetsNoncurrent,Other non-current assets,2Q21,6454.0,BMY_SEC-XBRL-financials_as-presented_10-Q_2021-07-28_0000014272-21-000186.xlsx,Balance Sheet,"June 30,2021",Other non-current assets,us-gaap:OtherAssetsNoncurrent,reported,
balance_sheet,us-gaap:Assets,Total Assets,2Q21,110797.0,BMY_SEC-XBRL-financials_as-presented_10-Q_2021-07-28_0000014272-21-000186.xlsx,Balance Sheet,"June 30,2021",Total Assets,us-gaap:Assets,reported,
balance_sheet,us-gaap:DebtCurrent,Short-term debt obligations,2Q21,2655.0,BMY_SEC-XBRL-financials_as-presented_10-Q_2021-07-28_0000014272-21-000186.xlsx,Balance Sheet,"June 30,2021",Short-term debt obligations,us-gaap:DebtCurrent,reported,
balance_sheet,us-gaap:AccountsPayableCurrent,Accounts payable,2Q21,3609.0,BMY_SEC-XBRL-financials_as-presented_10-Q_2021-07-28_0000014272-21-000186.xlsx,Balance Sheet,"June 30,2021",Accounts payable,us-gaap:AccountsPayableCurrent,reported,
balance_sheet,us-gaap:OtherLiabilitiesCurrent,Other current liabilities,2Q21,12727.0,BMY_SEC-XBRL-financials_as-presented_10-Q_2021-07-28_0000014272-21-000186.xlsx,Balance Sheet,"June 30,2021",Other current liabilities,us-gaap:OtherLiabilitiesCurrent,reported,
balance_sheet,us-gaap:LiabilitiesCurrent,Total Current liabilities,2Q21,18991.0,BMY_SEC-XBRL-financials_as-presented_10-Q_2021-07-28_0000014272-21-000186.xlsx,Balance Sheet,"June 30,2021",Total Current Liabilities,us-gaap:LiabilitiesCurrent,reported,
balance_sheet,us-gaap:DeferredIncomeTaxLiabilitiesNet,Deferred income taxes,2Q21,4931.0,BMY_SEC-XBRL-financials_as-presented_10-Q_2021-07-28_0000014272-21-000186.xlsx,Balance Sheet,"June 30,2021",Deferred income taxes,us-gaap:DeferredIncomeTaxLiabilitiesNet,reported,
balance_sheet,us-gaap:LongTermDebtNoncurrent,Long-term debt,2Q21,42503.0,BMY_SEC-XBRL-financials_as-presented_10-Q_2021-07-28_0000014272-21-000186.xlsx,Balance Sheet,"June 30,2021",Long-term debt,us-gaap:LongTermDebtNoncurrent,reported,
balance_sheet,us-gaap:OtherLiabilitiesNoncurrent,Other non-current liabilities,2Q21,7498.0,BMY_SEC-XBRL-financials_as-presented_10-Q_2021-07-28_0000014272-21-000186.xlsx,Balance Sheet,"June 30,2021",Other non-current liabilities,us-gaap:OtherLiabilitiesNoncurrent,reported,
balance_sheet,us-gaap:Liabilities,Total Liabilities,2Q21,73923.0,BMY_SEC-XBRL-financials_as-presented_10-Q_2021-07-28_0000014272-21-000186.xlsx,Balance Sheet,"June 30,2021",Total Liabilities,us-gaap:Liabilities,reported,
balance_sheet,us-gaap:CommonStockValue,"Common stock, par value of $0.10 per share: Authorized 4.5 billion shares; 2.9 billion issued in 2019 and 2.2 billion issued in 2018",2Q21,292.0,BMY_SEC-XBRL-financials_as-presented_10-Q_2021-07-28_0000014272-21-000186.xlsx,Balance Sheet,"June 30,2021",Common stock,us-gaap:CommonStockValue,reported,
balance_sheet,us-gaap:AdditionalPaidInCapital,Capital in excess of par value of stock,2Q21,44064.0,BMY_SEC-XBRL-financials_as-presented_10-Q_2021-07-28_0000014272-21-000186.xlsx,Balance Sheet,"June 30,2021",Capital in excess of par value of stock,us-gaap:AdditionalPaidInCapital,reported,
balance_sheet,us-gaap:AccumulatedOtherComprehensiveIncomeLossNetOfTax,Accumulated other comprehensive loss,2Q21,-1518.0,BMY_SEC-XBRL-financials_as-presented_10-Q_2021-07-28_0000014272-21-000186.xlsx,Balance Sheet,"June 30,2021",Accumulated other comprehensive loss,us-gaap:AccumulatedOtherComprehensiveIncomeLossNetOfTax,reported,
balance_sheet,us-gaap:RetainedEarningsAccumulatedDeficit,Retained earnings,2Q21,22168.0,BMY_SEC-XBRL-financials_as-presented_10-Q_2021-07-28_0000014272-21-000186.xlsx,Balance Sheet,"June 30,2021",Retained earnings,us-gaap:RetainedEarningsAccumulatedDeficit,reported,
balance_sheet,us-gaap:TreasuryStockValue,Less cost of treasury stock — 672 million common shares in 2019 and 576 million common shares in 2018,2Q21,-28198.0,BMY_SEC-XBRL-financials_as-presented_10-Q_2021-07-28_0000014272-21-000186.xlsx,Balance Sheet,"June 30,2021",Less cost of treasury stock,us-gaap:TreasuryStockValue,reported,
balance_sheet,us-gaap:StockholdersEquity,Total BMS Shareholders’ Equity,2Q21,36808.0,BMY_SEC-XBRL-financials_as-presented_10-Q_2021-07-28_0000014272-21-000186.xlsx,Balance Sheet,"June 30,2021",Total Bristol-Myers Squibb Company Shareholders’ Equity,us-gaap:StockholdersEquity,reported,
balance_sheet,us-gaap:MinorityInterest,Noncontrolling interest,2Q21,66.0,BMY_SEC-XBRL-financials_as-presented_10-Q_2021-07-28_0000014272-21-000186.xlsx,Balance Sheet,"June 30,2021",Noncontrolling interest,us-gaap:MinorityInterest,reported,
balance_sheet,us-gaap:StockholdersEquityIncludingPortionAttributableToNoncontrollingInterest,Total Equity,2Q21,36874.0,BMY_SEC-XBRL-financials_as-presented_10-Q_2021-07-28_0000014272-21-000186.xlsx,Balance Sheet,"June 30,2021",Total Equity,us-gaap:StockholdersEquityIncludingPortionAttributableToNoncontrollingInterest,reported,
balance_sheet,us-gaap:LiabilitiesAndStockholdersEquity,Total Liabilities and Equity,2Q21,110797.0,BMY_SEC-XBRL-financials_as-presented_10-Q_2021-07-28_0000014272-21-000186.xlsx,Balance Sheet,"June 30,2021",Total Liabilities and Equity,us-gaap:LiabilitiesAndStockholdersEquity,reported,
cash_flow,us-gaap:ProfitLoss,Net earnings/(loss),6M21,3090.0,BMY_SEC-XBRL-financials_as-presented_10-Q_2021-07-28_0000014272-21-000186.xlsx,Cash Flow,"Six Months Ended June 30, 2021",Net earnings/(loss),us-gaap:ProfitLoss,reported,
cash_flow,us-gaap:DepreciationDepletionAndAmortization,"Depreciation and amortization, net",6M21,5380.0,BMY_SEC-XBRL-financials_as-presented_10-Q_2021-07-28_0000014272-21-000186.xlsx,Cash Flow,"Six Months Ended June 30, 2021","Depreciation and amortization, net",us-gaap:DepreciationDepletionAndAmortization,reported,
cash_flow,us-gaap:DeferredIncomeTaxExpenseBenefit,Deferred income taxes,6M21,-95.0,BMY_SEC-XBRL-financials_as-presented_10-Q_2021-07-28_0000014272-21-000186.xlsx,Cash Flow,"Six Months Ended June 30, 2021",Deferred income taxes,us-gaap:DeferredIncomeTaxExpenseBenefit,reported,
cash_flow,us-gaap:ShareBasedCompensation,Stock-based compensation,6M21,308.0,BMY_SEC-XBRL-financials_as-presented_10-Q_2021-07-28_0000014272-21-000186.xlsx,Cash Flow,"Six Months Ended June 30, 2021",Stock-based compensation,us-gaap:ShareBasedCompensation,reported,
cash_flow,us-gaap:ImpairmentOfLongLivedAssetsToBeDisposedOf,Impairment charges,6M21,579.0,BMY_SEC-XBRL-financials_as-presented_10-Q_2021-07-28_0000014272-21-000186.xlsx,Cash Flow,"Six Months Ended June 30, 2021",Impairment charges,us-gaap:ImpairmentOfLongLivedAssetsToBeDisposedOf,reported,
cash_flow,bmy:Pensionsettlementsandamortization,Pension settlements and amortization,6M21,25.0,BMY_SEC-XBRL-financials_as-presented_10-Q_2021-07-28_0000014272-21-000186.xlsx,Cash Flow,"Six Months Ended June 30, 2021",Pension settlements and amortization,bmy:Pensionsettlementsandamortization,reported,
cash_flow,bmy:DivestitureGainsAndRoyalties,Divestiture gains and royalties,6M21,-302.0,BMY_SEC-XBRL-financials_as-presented_10-Q_2021-07-28_0000014272-21-000186.xlsx,Cash Flow,"Six Months Ended June 30, 2021",Divestiture gains and royalties,bmy:Divestituregainsandroyalties,reported,
cash_flow,bmy:Assetacquisitioncharge,Asset acquisition charges,6M21,801.0,BMY_SEC-XBRL-financials_as-presented_10-Q_2021-07-28_0000014272-21-000186.xlsx,Cash Flow,"Six Months Ended June 30, 2021",Asset acquisition charges,bmy:Assetacquisitioncharge,reported,
cash_flow,us-gaap:EquityMethodInvestmentRealizedGainLossOnDisposal,"Equity investment (gains)/losses, net",6M21,-749.0,BMY_SEC-XBRL-financials_as-presented_10-Q_2021-07-28_0000014272-21-000186.xlsx,Cash Flow,"Six Months Ended June 30, 2021",Equity investment gains,us-gaap:GainLossOnInvestmentsExcludingOtherThanTemporaryImpairments,reported,
cash_flow,us-gaap:BusinessCombinationContingentConsiderationArrangementsChangeInAmountOfContingentConsiderationLiability1,Contingent consideration fair value adjustments,6M21,-510.0,BMY_SEC-XBRL-financials_as-presented_10-Q_2021-07-28_0000014272-21-000186.xlsx,Cash Flow,"Six Months Ended June 30, 2021",Contingent consideration fair value adjustments,us-gaap:BusinessCombinationContingentConsiderationArrangementsChangeInAmountOfContingentConsiderationLiability1,reported,
cash_flow,us-gaap:OtherNoncashIncomeExpense,Other adjustments,6M21,204.0,BMY_SEC-XBRL-financials_as-presented_10-Q_2021-07-28_0000014272-21-000186.xlsx,Cash Flow,"Six Months Ended June 30, 2021",Other adjustments,us-gaap:OtherNoncashIncomeExpense,reported,
cash_flow,us-gaap:IncreaseDecreaseInReceivables,Receivables,6M21,-626.0,BMY_SEC-XBRL-financials_as-presented_10-Q_2021-07-28_0000014272-21-000186.xlsx,Cash Flow,"Six Months Ended June 30, 2021",Receivables,us-gaap:IncreaseDecreaseInReceivables,reported,
cash_flow,us-gaap:IncreaseDecreaseInInventories,Inventories,6M21,111.0,BMY_SEC-XBRL-financials_as-presented_10-Q_2021-07-28_0000014272-21-000186.xlsx,Cash Flow,"Six Months Ended June 30, 2021",Inventories,us-gaap:IncreaseDecreaseInInventories,reported,
cash_flow,us-gaap:IncreaseDecreaseInAccountsPayable,Accounts payable,6M21,158.0,BMY_SEC-XBRL-financials_as-presented_10-Q_2021-07-28_0000014272-21-000186.xlsx,Cash Flow,"Six Months Ended June 30, 2021",Accounts payable,us-gaap:IncreaseDecreaseInAccountsPayable,reported,
cash_flow,us-gaap:IncreaseDecreaseInAccruedIncomeTaxesPayable,Income taxes payable,6M21,-795.0,BMY_SEC-XBRL-financials_as-presented_10-Q_2021-07-28_0000014272-21-000186.xlsx,Cash Flow,"Six Months Ended June 30, 2021",Income taxes payable,us-gaap:IncreaseDecreaseInAccruedIncomeTaxesPayable,reported,
cash_flow,us-gaap:IncreaseDecreaseInOtherOperatingCapitalNet,Other,6M21,-695.0,BMY_SEC-XBRL-financials_as-presented_10-Q_2021-07-28_0000014272-21-000186.xlsx,Cash Flow,"Six Months Ended June 30, 2021",Other,us-gaap:IncreaseDecreaseInOtherOperatingCapitalNet,reported,
cash_flow,us-gaap:NetCashProvidedByUsedInOperatingActivities,Net cash provided by operating activities,6M21,6884.0,BMY_SEC-XBRL-financials_as-presented_10-Q_2021-07-28_0000014272-21-000186.xlsx,Cash Flow,"Six Months Ended June 30, 2021",Net Cash Provided by Operating Activities,us-gaap:NetCashProvidedByUsedInOperatingActivities,reported,
cash_flow,us-gaap:ProceedsFromSaleAndMaturityOfAvailableForSaleSecurities,Sale and maturities of marketable debt securities,6M21,1968.0,BMY_SEC-XBRL-financials_as-presented_10-Q_2021-07-28_0000014272-21-000186.xlsx,Cash Flow,"Six Months Ended June 30, 2021",Sale and maturities of marketable debt securities,us-gaap:ProceedsFromSaleAndMaturityOfAvailableForSaleSecurities,reported,
cash_flow,us-gaap:PaymentsToAcquireMarketableSecurities,Purchase of marketable debt securities,6M21,-2343.0,BMY_SEC-XBRL-financials_as-presented_10-Q_2021-07-28_0000014272-21-000186.xlsx,Cash Flow,"Six Months Ended June 30, 2021",Purchase of marketable debt securities,us-gaap:PaymentsToAcquireMarketableSecurities,reported,
cash_flow,us-gaap:ProceedsFromSaleOfEquitySecuritiesFvNi,Proceeds from sales of equity investments,6M21,814.0,BMY_SEC-XBRL-financials_as-presented_10-Q_2021-07-28_0000014272-21-000186.xlsx,Cash Flow,"Six Months Ended June 30, 2021",Proceeds from sales of equity investment securities,us-gaap:ProceedsFromSaleOfAvailableForSaleSecuritiesEquity,reported,
cash_flow,us-gaap:PaymentsToAcquirePropertyPlantAndEquipment,Capital expenditures,6M21,-383.0,BMY_SEC-XBRL-financials_as-presented_10-Q_2021-07-28_0000014272-21-000186.xlsx,Cash Flow,"Six Months Ended June 30, 2021",Capital expenditures,us-gaap:PaymentsToAcquirePropertyPlantAndEquipment,reported,
cash_flow,bmy:DivestitureAndOtherProceeds,Divestiture and other proceeds,6M21,382.0,BMY_SEC-XBRL-financials_as-presented_10-Q_2021-07-28_0000014272-21-000186.xlsx,Cash Flow,"Six Months Ended June 30, 2021",Divestiture and other proceeds,bmy:Divestitureandotherproceeds,reported,
cash_flow,us-gaap:PaymentsToAcquireBusinessesNetOfCashAcquired,"Acquisition and other payments, net of cash acquired",6M21,-401.0,BMY_SEC-XBRL-financials_as-presented_10-Q_2021-07-28_0000014272-21-000186.xlsx,Cash Flow,"Six Months Ended June 30, 2021","Acquisition and other payments, net of cash acquired",us-gaap:PaymentsToAcquireBusinessesNetOfCashAcquired,reported,
cash_flow,us-gaap:NetCashProvidedByUsedInInvestingActivities,Net cash provided by/(used in) investing activities,6M21,37.0,BMY_SEC-XBRL-financials_as-presented_10-Q_2021-07-28_0000014272-21-000186.xlsx,Cash Flow,"Six Months Ended June 30, 2021",Net Cash Provided by Investing Activities,us-gaap:NetCashProvidedByUsedInInvestingActivities,reported,
cash_flow,us-gaap:ProceedsFromRepaymentsOfShortTermDebt,"Short-term debt obligations, net",6M21,-185.0,BMY_SEC-XBRL-financials_as-presented_10-Q_2021-07-28_0000014272-21-000186.xlsx,Cash Flow,"Six Months Ended June 30, 2021","Short-term debt obligations, net",us-gaap:ProceedsFromRepaymentsOfShortTermDebt,reported,
cash_flow,us-gaap:RepaymentsOfLongTermDebt,Repayments of long-term debt,6M21,-5522.0,BMY_SEC-XBRL-financials_as-presented_10-Q_2021-07-28_0000014272-21-000186.xlsx,Cash Flow,"Six Months Ended June 30, 2021",Repayment of long-term debt,us-gaap:RepaymentsOfLongTermDebt,reported,
cash_flow,us-gaap:PaymentsForRepurchaseOfCommonStock,Repurchase of common stock,6M21,-3011.0,BMY_SEC-XBRL-financials_as-presented_10-Q_2021-07-28_0000014272-21-000186.xlsx,Cash Flow,"Six Months Ended June 30, 2021",Repurchase of common stock,us-gaap:PaymentsForRepurchaseOfCommonStock,reported,
cash_flow,us-gaap:PaymentsOfDividends,Dividends,6M21,-2207.0,BMY_SEC-XBRL-financials_as-presented_10-Q_2021-07-28_0000014272-21-000186.xlsx,Cash Flow,"Six Months Ended June 30, 2021",Dividends,us-gaap:PaymentsOfDividends,reported,
cash_flow,us-gaap:NetCashProvidedByUsedInFinancingActivities,Net cash provided by/(used in) financing activities,6M21,-10477.0,BMY_SEC-XBRL-financials_as-presented_10-Q_2021-07-28_0000014272-21-000186.xlsx,Cash Flow,"Six Months Ended June 30, 2021",Net Cash Used in Financing Activities,us-gaap:NetCashProvidedByUsedInFinancingActivities,reported,
cash_flow,us-gaap:EffectOfExchangeRateOnCashCashEquivalentsRestrictedCashAndRestrictedCashEquivalents,"Effect of exchange rates on cash, cash equivalents and restricted cash",6M21,-20.0,BMY_SEC-XBRL-financials_as-presented_10-Q_2021-07-28_0000014272-21-000186.xlsx,Cash Flow,"Six Months Ended June 30, 2021","Effect of Exchange Rates on Cash, Cash Equivalents and Restricted Cash",us-gaap:EffectOfExchangeRateOnCashCashEquivalentsRestrictedCashAndRestrictedCashEquivalents,reported,
cash_flow,us-gaap:CashCashEquivalentsRestrictedCashAndRestrictedCashEquivalentsPeriodIncreaseDecreaseIncludingExchangeRateEffect,"Increase/(decrease) in cash, cash equivalents and restricted cash",6M21,-3576.0,BMY_SEC-XBRL-financials_as-presented_10-Q_2021-07-28_0000014272-21-000186.xlsx,Cash Flow,"Six Months Ended June 30, 2021","(Decrease)/Increase in Cash, Cash Equivalents and Restricted Cash",us-gaap:CashCashEquivalentsRestrictedCashAndRestrictedCashEquivalentsPeriodIncreaseDecreaseIncludingExchangeRateEffect,reported,
cash_flow,us-gaap:CashCashEquivalentsRestrictedCashAndRestrictedCashEquivalents,"Cash, cash equivalents and restricted cash at beginning of period",6M21,14973.0,BMY_SEC-XBRL-financials_as-presented_10-Q_2021-07-28_0000014272-21-000186.xlsx,Cash Flow,"Six Months Ended June 30, 2021","Cash, Cash Equivalents and Restricted Cash at Beginning of Period",us-gaap:CashCashEquivalentsRestrictedCashAndRestrictedCashEquivalents,reported,
income_statement,us-gaap:Revenues,Net product sales,3Q21,11243.0,BMY_SEC-XBRL-financials_as-presented_10-Q_2021-10-27_0000014272-21-000224.xlsx,Income Statement,"Three Months Ended September 30, 2021",Net product sales,us-gaap:Revenues,reported,
income_statement,us-gaap:Revenues,Net product sales,9M21,33446.0,BMY_SEC-XBRL-financials_as-presented_10-Q_2021-10-27_0000014272-21-000224.xlsx,Income Statement,"Nine Months Ended September 30, 2021",Net product sales,us-gaap:Revenues,reported,
income_statement,us-gaap:CostOfGoodsAndServicesSold,Cost of products sold(a),3Q21,2291.0,BMY_SEC-XBRL-financials_as-presented_10-Q_2021-10-27_0000014272-21-000224.xlsx,Income Statement,"Three Months Ended September 30, 2021",Cost of products sold(a),us-gaap:CostOfGoodsAndServicesSold,reported,
income_statement,us-gaap:CostOfGoodsAndServicesSold,Cost of products sold(a),9M21,7584.0,BMY_SEC-XBRL-financials_as-presented_10-Q_2021-10-27_0000014272-21-000224.xlsx,Income Statement,"Nine Months Ended September 30, 2021",Cost of products sold(a),us-gaap:CostOfGoodsAndServicesSold,reported,
income_statement,us-gaap:SellingGeneralAndAdministrativeExpense,"Selling, general and administrative",3Q21,1788.0,BMY_SEC-XBRL-financials_as-presented_10-Q_2021-10-27_0000014272-21-000224.xlsx,Income Statement,"Three Months Ended September 30, 2021","Marketing, selling and administrative",us-gaap:SellingGeneralAndAdministrativeExpense,reported,
income_statement,us-gaap:SellingGeneralAndAdministrativeExpense,"Selling, general and administrative",9M21,5336.0,BMY_SEC-XBRL-financials_as-presented_10-Q_2021-10-27_0000014272-21-000224.xlsx,Income Statement,"Nine Months Ended September 30, 2021","Marketing, selling and administrative",us-gaap:SellingGeneralAndAdministrativeExpense,reported,
income_statement,us-gaap:ResearchAndDevelopmentExpense,Research and development,3Q21,3251.0,BMY_SEC-XBRL-financials_as-presented_10-Q_2021-10-27_0000014272-21-000224.xlsx,Income Statement,"Three Months Ended September 30, 2021",Research and development,us-gaap:ResearchAndDevelopmentExpense,reported,
income_statement,us-gaap:ResearchAndDevelopmentExpense,Research and development,9M21,8747.0,BMY_SEC-XBRL-financials_as-presented_10-Q_2021-10-27_0000014272-21-000224.xlsx,Income Statement,"Nine Months Ended September 30, 2021",Research and development,us-gaap:ResearchAndDevelopmentExpense,reported,
income_statement,bmy:AmortizationofAcquiredIntangibleAssets,Amortization of acquired intangible assets,3Q21,2546.0,BMY_SEC-XBRL-financials_as-presented_10-Q_2021-10-27_0000014272-21-000224.xlsx,Income Statement,"Three Months Ended September 30, 2021",Amortization of acquired intangible assets,bmy:AmortizationofAcquiredIntangibleAssets,reported,
income_statement,bmy:AmortizationofAcquiredIntangibleAssets,Amortization of acquired intangible assets,9M21,7606.0,BMY_SEC-XBRL-financials_as-presented_10-Q_2021-10-27_0000014272-21-000224.xlsx,Income Statement,"Nine Months Ended September 30, 2021",Amortization of acquired intangible assets,bmy:AmortizationofAcquiredIntangibleAssets,reported,
income_statement,us-gaap:OtherNonoperatingIncomeExpense,"Other (income)/expense, net",3Q21,-409.0,BMY_SEC-XBRL-financials_as-presented_10-Q_2021-10-27_0000014272-21-000224.xlsx,Income Statement,"Three Months Ended September 30, 2021","Other (income)/expense, net",us-gaap:OtherNonoperatingIncomeExpense,reported,
income_statement,us-gaap:OtherNonoperatingIncomeExpense,"Other (income)/expense, net",9M21,-1113.0,BMY_SEC-XBRL-financials_as-presented_10-Q_2021-10-27_0000014272-21-000224.xlsx,Income Statement,"Nine Months Ended September 30, 2021","Other (income)/expense, net",us-gaap:OtherNonoperatingIncomeExpense,reported,
income_statement,us-gaap:CostsAndExpenses,Total Expenses,3Q21,9467.0,BMY_SEC-XBRL-financials_as-presented_10-Q_2021-10-27_0000014272-21-000224.xlsx,Income Statement,"Three Months Ended September 30, 2021",Total Expenses,us-gaap:CostsAndExpenses,reported,
income_statement,us-gaap:CostsAndExpenses,Total Expenses,9M21,28160.0,BMY_SEC-XBRL-financials_as-presented_10-Q_2021-10-27_0000014272-21-000224.xlsx,Income Statement,"Nine Months Ended September 30, 2021",Total Expenses,us-gaap:CostsAndExpenses,reported,
income_statement,us-gaap:IncomeLossFromContinuingOperationsBeforeIncomeTaxesExtraordinaryItemsNoncontrollingInterest,Earnings/(Loss) before income taxes,3Q21,2157.0,BMY_SEC-XBRL-financials_as-presented_10-Q_2021-10-27_0000014272-21-000224.xlsx,Income Statement,"Three Months Ended September 30, 2021",Earnings Before Income Taxes,us-gaap:IncomeLossFromContinuingOperationsBeforeIncomeTaxesMinorityInterestAndIncomeLossFromEquityMethodInvestments,reported,
income_statement,us-gaap:IncomeLossFromContinuingOperationsBeforeIncomeTaxesExtraordinaryItemsNoncontrollingInterest,Earnings/(Loss) before income taxes,9M21,6240.0,BMY_SEC-XBRL-financials_as-presented_10-Q_2021-10-27_0000014272-21-000224.xlsx,Income Statement,"Nine Months Ended September 30, 2021",Earnings Before Income Taxes,us-gaap:IncomeLossFromContinuingOperationsBeforeIncomeTaxesMinorityInterestAndIncomeLossFromEquityMethodInvestments,reported,
income_statement,us-gaap:IncomeTaxExpenseBenefit,Income tax provision,3Q21,605.0,BMY_SEC-XBRL-financials_as-presented_10-Q_2021-10-27_0000014272-21-000224.xlsx,Income Statement,"Three Months Ended September 30, 2021",Provision for Income Taxes,us-gaap:IncomeTaxExpenseBenefit,reported,
income_statement,us-gaap:IncomeTaxExpenseBenefit,Income tax provision,9M21,1598.0,BMY_SEC-XBRL-financials_as-presented_10-Q_2021-10-27_0000014272-21-000224.xlsx,Income Statement,"Nine Months Ended September 30, 2021",Provision for Income Taxes,us-gaap:IncomeTaxExpenseBenefit,reported,
income_statement,us-gaap:ProfitLoss,Net earnings/(loss),3Q21,1552.0,BMY_SEC-XBRL-financials_as-presented_10-Q_2021-10-27_0000014272-21-000224.xlsx,Income Statement,"Three Months Ended September 30, 2021",Net Earnings,us-gaap:ProfitLoss,reported,
income_statement,us-gaap:ProfitLoss,Net earnings/(loss),9M21,4642.0,BMY_SEC-XBRL-financials_as-presented_10-Q_2021-10-27_0000014272-21-000224.xlsx,Income Statement,"Nine Months Ended September 30, 2021",Net Earnings,us-gaap:ProfitLoss,reported,
income_statement,us-gaap:ComprehensiveIncomeNetOfTaxAttributableToNoncontrollingInterest,Noncontrolling Interest,3Q21,6.0,BMY_SEC-XBRL-financials_as-presented_10-Q_2021-10-27_0000014272-21-000224.xlsx,Income Statement,"Three Months Ended September 30, 2021",Noncontrolling Interest,us-gaap:NetIncomeLossAttributableToNoncontrollingInterest,reported,
income_statement,us-gaap:ComprehensiveIncomeNetOfTaxAttributableToNoncontrollingInterest,Noncontrolling Interest,9M21,20.0,BMY_SEC-XBRL-financials_as-presented_10-Q_2021-10-27_0000014272-21-000224.xlsx,Income Statement,"Nine Months Ended September 30, 2021",Noncontrolling Interest,us-gaap:NetIncomeLossAttributableToNoncontrollingInterest,reported,
income_statement,us-gaap:NetIncomeLoss,Net earnings/(loss) attributable to BMS,3Q21,1546.0,BMY_SEC-XBRL-financials_as-presented_10-Q_2021-10-27_0000014272-21-000224.xlsx,Income Statement,"Three Months Ended September 30, 2021",Net Earnings Attributable to BMS,us-gaap:NetIncomeLoss,reported,
income_statement,us-gaap:NetIncomeLoss,Net earnings/(loss) attributable to BMS,9M21,4622.0,BMY_SEC-XBRL-financials_as-presented_10-Q_2021-10-27_0000014272-21-000224.xlsx,Income Statement,"Nine Months Ended September 30, 2021",Net Earnings Attributable to BMS,us-gaap:NetIncomeLoss,reported,
income_statement,us-gaap:EarningsPerShareBasic,Basic,3Q21,0.7,BMY_SEC-XBRL-financials_as-presented_10-Q_2021-10-27_0000014272-21-000224.xlsx,Income Statement,"Three Months Ended September 30, 2021",Basic,us-gaap:EarningsPerShareBasic,reported,
income_statement,us-gaap:EarningsPerShareBasic,Basic,9M21,2.08,BMY_SEC-XBRL-financials_as-presented_10-Q_2021-10-27_0000014272-21-000224.xlsx,Income Statement,"Nine Months Ended September 30, 2021",Basic,us-gaap:EarningsPerShareBasic,reported,
income_statement,us-gaap:EarningsPerShareDiluted,Diluted,3Q21,0.69,BMY_SEC-XBRL-financials_as-presented_10-Q_2021-10-27_0000014272-21-000224.xlsx,Income Statement,"Three Months Ended September 30, 2021",Diluted,us-gaap:EarningsPerShareDiluted,reported,
income_statement,us-gaap:EarningsPerShareDiluted,Diluted,9M21,2.05,BMY_SEC-XBRL-financials_as-presented_10-Q_2021-10-27_0000014272-21-000224.xlsx,Income Statement,"Nine Months Ended September 30, 2021",Diluted,us-gaap:EarningsPerShareDiluted,reported,
balance_sheet,us-gaap:CashAndCashEquivalentsAtCarryingValue,Cash and cash equivalents,3Q21,13540.0,BMY_SEC-XBRL-financials_as-presented_10-Q_2021-10-27_0000014272-21-000224.xlsx,Balance Sheet,"September 30,2021",Cash and cash equivalents,us-gaap:CashAndCashEquivalentsAtCarryingValue,reported,
balance_sheet,us-gaap:MarketableSecuritiesCurrent,Marketable debt securities,3Q21,2123.0,BMY_SEC-XBRL-financials_as-presented_10-Q_2021-10-27_0000014272-21-000224.xlsx,Balance Sheet,"September 30,2021",Marketable debt securities,us-gaap:MarketableSecuritiesCurrent,reported,
balance_sheet,us-gaap:ReceivablesNetCurrent,Receivables,3Q21,9245.0,BMY_SEC-XBRL-financials_as-presented_10-Q_2021-10-27_0000014272-21-000224.xlsx,Balance Sheet,"September 30,2021",Receivables,us-gaap:ReceivablesNetCurrent,reported,
balance_sheet,us-gaap:InventoryNet,Inventories,3Q21,2163.0,BMY_SEC-XBRL-financials_as-presented_10-Q_2021-10-27_0000014272-21-000224.xlsx,Balance Sheet,"September 30,2021",Inventories,us-gaap:InventoryNet,reported,
balance_sheet,us-gaap:OtherAssetsCurrent,Other current assets,3Q21,4372.0,BMY_SEC-XBRL-financials_as-presented_10-Q_2021-10-27_0000014272-21-000224.xlsx,Balance Sheet,"September 30,2021",Other current assets,us-gaap:OtherAssetsCurrent,reported,
balance_sheet,us-gaap:AssetsCurrent,Total Current assets,3Q21,31443.0,BMY_SEC-XBRL-financials_as-presented_10-Q_2021-10-27_0000014272-21-000224.xlsx,Balance Sheet,"September 30,2021",Total Current Assets,us-gaap:AssetsCurrent,reported,
balance_sheet,us-gaap:PropertyPlantAndEquipmentNet,"Property, plant and equipment",3Q21,5868.0,BMY_SEC-XBRL-financials_as-presented_10-Q_2021-10-27_0000014272-21-000224.xlsx,Balance Sheet,"September 30,2021","Property, plant and equipment",us-gaap:PropertyPlantAndEquipmentNet,reported,
balance_sheet,us-gaap:Goodwill,Goodwill,3Q21,20519.0,BMY_SEC-XBRL-financials_as-presented_10-Q_2021-10-27_0000014272-21-000224.xlsx,Balance Sheet,"September 30,2021",Goodwill,us-gaap:Goodwill,reported,
balance_sheet,us-gaap:IntangibleAssetsNetExcludingGoodwill,Other intangible assets,3Q21,44930.0,BMY_SEC-XBRL-financials_as-presented_10-Q_2021-10-27_0000014272-21-000224.xlsx,Balance Sheet,"September 30,2021",Other intangible assets,us-gaap:IntangibleAssetsNetExcludingGoodwill,reported,
balance_sheet,us-gaap:DeferredIncomeTaxAssetsNet,Deferred income taxes,3Q21,684.0,BMY_SEC-XBRL-financials_as-presented_10-Q_2021-10-27_0000014272-21-000224.xlsx,Balance Sheet,"September 30,2021",Deferred income taxes,us-gaap:DeferredIncomeTaxAssetsNet,reported,
balance_sheet,us-gaap:MarketableSecuritiesNoncurrent,Marketable debt securities,3Q21,46.0,BMY_SEC-XBRL-financials_as-presented_10-Q_2021-10-27_0000014272-21-000224.xlsx,Balance Sheet,"September 30,2021",Marketable debt securities,us-gaap:MarketableSecuritiesNoncurrent,reported,
balance_sheet,us-gaap:OtherAssetsNoncurrent,Other non-current assets,3Q21,7403.0,BMY_SEC-XBRL-financials_as-presented_10-Q_2021-10-27_0000014272-21-000224.xlsx,Balance Sheet,"September 30,2021",Other non-current assets,us-gaap:OtherAssetsNoncurrent,reported,
balance_sheet,us-gaap:Assets,Total Assets,3Q21,110893.0,BMY_SEC-XBRL-financials_as-presented_10-Q_2021-10-27_0000014272-21-000224.xlsx,Balance Sheet,"September 30,2021",Total Assets,us-gaap:Assets,reported,
balance_sheet,us-gaap:DebtCurrent,Short-term debt obligations,3Q21,5065.0,BMY_SEC-XBRL-financials_as-presented_10-Q_2021-10-27_0000014272-21-000224.xlsx,Balance Sheet,"September 30,2021",Short-term debt obligations,us-gaap:DebtCurrent,reported,
balance_sheet,us-gaap:AccountsPayableCurrent,Accounts payable,3Q21,2695.0,BMY_SEC-XBRL-financials_as-presented_10-Q_2021-10-27_0000014272-21-000224.xlsx,Balance Sheet,"September 30,2021",Accounts payable,us-gaap:AccountsPayableCurrent,reported,
balance_sheet,us-gaap:OtherLiabilitiesCurrent,Other current liabilities,3Q21,13700.0,BMY_SEC-XBRL-financials_as-presented_10-Q_2021-10-27_0000014272-21-000224.xlsx,Balance Sheet,"September 30,2021",Other current liabilities,us-gaap:OtherLiabilitiesCurrent,reported,
balance_sheet,us-gaap:LiabilitiesCurrent,Total Current liabilities,3Q21,21460.0,BMY_SEC-XBRL-financials_as-presented_10-Q_2021-10-27_0000014272-21-000224.xlsx,Balance Sheet,"September 30,2021",Total Current Liabilities,us-gaap:LiabilitiesCurrent,reported,
balance_sheet,us-gaap:DeferredIncomeTaxLiabilitiesNet,Deferred income taxes,3Q21,4956.0,BMY_SEC-XBRL-financials_as-presented_10-Q_2021-10-27_0000014272-21-000224.xlsx,Balance Sheet,"September 30,2021",Deferred income taxes,us-gaap:DeferredIncomeTaxLiabilitiesNet,reported,
balance_sheet,us-gaap:LongTermDebtNoncurrent,Long-term debt,3Q21,39677.0,BMY_SEC-XBRL-financials_as-presented_10-Q_2021-10-27_0000014272-21-000224.xlsx,Balance Sheet,"September 30,2021",Long-term debt,us-gaap:LongTermDebtNoncurrent,reported,
balance_sheet,us-gaap:OtherLiabilitiesNoncurrent,Other non-current liabilities,3Q21,7516.0,BMY_SEC-XBRL-financials_as-presented_10-Q_2021-10-27_0000014272-21-000224.xlsx,Balance Sheet,"September 30,2021",Other non-current liabilities,us-gaap:OtherLiabilitiesNoncurrent,reported,
balance_sheet,us-gaap:Liabilities,Total Liabilities,3Q21,73609.0,BMY_SEC-XBRL-financials_as-presented_10-Q_2021-10-27_0000014272-21-000224.xlsx,Balance Sheet,"September 30,2021",Total Liabilities,us-gaap:Liabilities,reported,
balance_sheet,us-gaap:CommonStockValue,"Common stock, par value of $0.10 per share: Authorized 4.5 billion shares; 2.9 billion issued in 2019 and 2.2 billion issued in 2018",3Q21,292.0,BMY_SEC-XBRL-financials_as-presented_10-Q_2021-10-27_0000014272-21-000224.xlsx,Balance Sheet,"September 30,2021",Common stock,us-gaap:CommonStockValue,reported,
balance_sheet,us-gaap:AdditionalPaidInCapital,Capital in excess of par value of stock,3Q21,44292.0,BMY_SEC-XBRL-financials_as-presented_10-Q_2021-10-27_0000014272-21-000224.xlsx,Balance Sheet,"September 30,2021",Capital in excess of par value of stock,us-gaap:AdditionalPaidInCapital,reported,
balance_sheet,us-gaap:AccumulatedOtherComprehensiveIncomeLossNetOfTax,Accumulated other comprehensive loss,3Q21,-1424.0,BMY_SEC-XBRL-financials_as-presented_10-Q_2021-10-27_0000014272-21-000224.xlsx,Balance Sheet,"September 30,2021",Accumulated other comprehensive loss,us-gaap:AccumulatedOtherComprehensiveIncomeLossNetOfTax,reported,
balance_sheet,us-gaap:RetainedEarningsAccumulatedDeficit,Retained earnings,3Q21,22625.0,BMY_SEC-XBRL-financials_as-presented_10-Q_2021-10-27_0000014272-21-000224.xlsx,Balance Sheet,"September 30,2021",Retained earnings,us-gaap:RetainedEarningsAccumulatedDeficit,reported,
balance_sheet,us-gaap:TreasuryStockValue,Less cost of treasury stock — 672 million common shares in 2019 and 576 million common shares in 2018,3Q21,-28572.0,BMY_SEC-XBRL-financials_as-presented_10-Q_2021-10-27_0000014272-21-000224.xlsx,Balance Sheet,"September 30,2021",Less cost of treasury stock,us-gaap:TreasuryStockValue,reported,
balance_sheet,us-gaap:StockholdersEquity,Total BMS Shareholders’ Equity,3Q21,37213.0,BMY_SEC-XBRL-financials_as-presented_10-Q_2021-10-27_0000014272-21-000224.xlsx,Balance Sheet,"September 30,2021",Total Bristol-Myers Squibb Company Shareholders’ Equity,us-gaap:StockholdersEquity,reported,
balance_sheet,us-gaap:MinorityInterest,Noncontrolling interest,3Q21,71.0,BMY_SEC-XBRL-financials_as-presented_10-Q_2021-10-27_0000014272-21-000224.xlsx,Balance Sheet,"September 30,2021",Noncontrolling interest,us-gaap:MinorityInterest,reported,
balance_sheet,us-gaap:StockholdersEquityIncludingPortionAttributableToNoncontrollingInterest,Total Equity,3Q21,37284.0,BMY_SEC-XBRL-financials_as-presented_10-Q_2021-10-27_0000014272-21-000224.xlsx,Balance Sheet,"September 30,2021",Total Equity,us-gaap:StockholdersEquityIncludingPortionAttributableToNoncontrollingInterest,reported,
balance_sheet,us-gaap:LiabilitiesAndStockholdersEquity,Total Liabilities and Equity,3Q21,110893.0,BMY_SEC-XBRL-financials_as-presented_10-Q_2021-10-27_0000014272-21-000224.xlsx,Balance Sheet,"September 30,2021",Total Liabilities and Equity,us-gaap:LiabilitiesAndStockholdersEquity,reported,
cash_flow,us-gaap:ProfitLoss,Net earnings/(loss),9M21,4642.0,BMY_SEC-XBRL-financials_as-presented_10-Q_2021-10-27_0000014272-21-000224.xlsx,Cash Flow,"Nine Months Ended September 30, 2021",Net earnings,us-gaap:ProfitLoss,reported,
cash_flow,us-gaap:DepreciationDepletionAndAmortization,"Depreciation and amortization, net",9M21,8107.0,BMY_SEC-XBRL-financials_as-presented_10-Q_2021-10-27_0000014272-21-000224.xlsx,Cash Flow,"Nine Months Ended September 30, 2021","Depreciation and amortization, net",us-gaap:DepreciationDepletionAndAmortization,reported,
cash_flow,us-gaap:DeferredIncomeTaxExpenseBenefit,Deferred income taxes,9M21,-127.0,BMY_SEC-XBRL-financials_as-presented_10-Q_2021-10-27_0000014272-21-000224.xlsx,Cash Flow,"Nine Months Ended September 30, 2021",Deferred income taxes,us-gaap:DeferredIncomeTaxExpenseBenefit,reported,
cash_flow,us-gaap:ShareBasedCompensation,Stock-based compensation,9M21,450.0,BMY_SEC-XBRL-financials_as-presented_10-Q_2021-10-27_0000014272-21-000224.xlsx,Cash Flow,"Nine Months Ended September 30, 2021",Stock-based compensation,us-gaap:ShareBasedCompensation,reported,
cash_flow,us-gaap:ImpairmentOfLongLivedAssetsToBeDisposedOf,Impairment charges,9M21,1192.0,BMY_SEC-XBRL-financials_as-presented_10-Q_2021-10-27_0000014272-21-000224.xlsx,Cash Flow,"Nine Months Ended September 30, 2021",Impairment charges,us-gaap:ImpairmentOfLongLivedAssetsToBeDisposedOf,reported,
cash_flow,bmy:Pensionsettlementsandamortization,Pension settlements and amortization,9M21,30.0,BMY_SEC-XBRL-financials_as-presented_10-Q_2021-10-27_0000014272-21-000224.xlsx,Cash Flow,"Nine Months Ended September 30, 2021",Pension settlements and amortization,bmy:Pensionsettlementsandamortization,reported,
cash_flow,bmy:DivestitureGainsAndRoyalties,Divestiture gains and royalties,9M21,-462.0,BMY_SEC-XBRL-financials_as-presented_10-Q_2021-10-27_0000014272-21-000224.xlsx,Cash Flow,"Nine Months Ended September 30, 2021",Divestiture gains and royalties,bmy:Divestituregainsandroyalties,reported,
cash_flow,bmy:Assetacquisitioncharge,Asset acquisition charges,9M21,1071.0,BMY_SEC-XBRL-financials_as-presented_10-Q_2021-10-27_0000014272-21-000224.xlsx,Cash Flow,"Nine Months Ended September 30, 2021",Asset acquisition charges,bmy:Assetacquisitioncharge,reported,
cash_flow,us-gaap:GainLossOnInvestments,Equity investment gains,9M21,-1214.0,BMY_SEC-XBRL-financials_as-presented_10-Q_2021-10-27_0000014272-21-000224.xlsx,Cash Flow,"Nine Months Ended September 30, 2021",Equity investment gains,us-gaap:GainLossOnInvestments,reported,
cash_flow,us-gaap:BusinessCombinationContingentConsiderationArrangementsChangeInAmountOfContingentConsiderationLiability1,Contingent consideration fair value adjustments,9M21,-510.0,BMY_SEC-XBRL-financials_as-presented_10-Q_2021-10-27_0000014272-21-000224.xlsx,Cash Flow,"Nine Months Ended September 30, 2021",Contingent consideration fair value adjustments,us-gaap:BusinessCombinationContingentConsiderationArrangementsChangeInAmountOfContingentConsiderationLiability1,reported,
cash_flow,us-gaap:OtherNoncashIncomeExpense,Other adjustments,9M21,168.0,BMY_SEC-XBRL-financials_as-presented_10-Q_2021-10-27_0000014272-21-000224.xlsx,Cash Flow,"Nine Months Ended September 30, 2021",Other adjustments,us-gaap:OtherNoncashIncomeExpense,reported,
cash_flow,us-gaap:IncreaseDecreaseInReceivables,Receivables,9M21,-886.0,BMY_SEC-XBRL-financials_as-presented_10-Q_2021-10-27_0000014272-21-000224.xlsx,Cash Flow,"Nine Months Ended September 30, 2021",Receivables,us-gaap:IncreaseDecreaseInReceivables,reported,
cash_flow,us-gaap:IncreaseDecreaseInInventories,Inventories,9M21,141.0,BMY_SEC-XBRL-financials_as-presented_10-Q_2021-10-27_0000014272-21-000224.xlsx,Cash Flow,"Nine Months Ended September 30, 2021",Inventories,us-gaap:IncreaseDecreaseInInventories,reported,
cash_flow,us-gaap:IncreaseDecreaseInAccountsPayable,Accounts payable,9M21,19.0,BMY_SEC-XBRL-financials_as-presented_10-Q_2021-10-27_0000014272-21-000224.xlsx,Cash Flow,"Nine Months Ended September 30, 2021",Accounts payable,us-gaap:IncreaseDecreaseInAccountsPayable,reported,
cash_flow,us-gaap:IncreaseDecreaseInAccruedIncomeTaxesPayable,Income taxes payable,9M21,-841.0,BMY_SEC-XBRL-financials_as-presented_10-Q_2021-10-27_0000014272-21-000224.xlsx,Cash Flow,"Nine Months Ended September 30, 2021",Income taxes payable,us-gaap:IncreaseDecreaseInAccruedIncomeTaxesPayable,reported,
cash_flow,us-gaap:IncreaseDecreaseInOtherOperatingCapitalNet,Other,9M21,370.0,BMY_SEC-XBRL-financials_as-presented_10-Q_2021-10-27_0000014272-21-000224.xlsx,Cash Flow,"Nine Months Ended September 30, 2021",Other,us-gaap:IncreaseDecreaseInOtherOperatingCapitalNet,reported,
cash_flow,us-gaap:NetCashProvidedByUsedInOperatingActivities,Net cash provided by operating activities,9M21,12150.0,BMY_SEC-XBRL-financials_as-presented_10-Q_2021-10-27_0000014272-21-000224.xlsx,Cash Flow,"Nine Months Ended September 30, 2021",Net Cash Provided by Operating Activities,us-gaap:NetCashProvidedByUsedInOperatingActivities,reported,
cash_flow,us-gaap:ProceedsFromSaleAndMaturityOfAvailableForSaleSecurities,Sale and maturities of marketable debt securities,9M21,2952.0,BMY_SEC-XBRL-financials_as-presented_10-Q_2021-10-27_0000014272-21-000224.xlsx,Cash Flow,"Nine Months Ended September 30, 2021",Sale and maturities of marketable debt securities,us-gaap:ProceedsFromSaleAndMaturityOfAvailableForSaleSecurities,reported,
cash_flow,us-gaap:PaymentsToAcquireMarketableSecurities,Purchase of marketable debt securities,9M21,-3408.0,BMY_SEC-XBRL-financials_as-presented_10-Q_2021-10-27_0000014272-21-000224.xlsx,Cash Flow,"Nine Months Ended September 30, 2021",Purchase of marketable debt securities,us-gaap:PaymentsToAcquireMarketableSecurities,reported,
cash_flow,us-gaap:ProceedsFromSaleOfEquitySecuritiesFvNi,Proceeds from sales of equity investments,9M21,1058.0,BMY_SEC-XBRL-financials_as-presented_10-Q_2021-10-27_0000014272-21-000224.xlsx,Cash Flow,"Nine Months Ended September 30, 2021",Proceeds from sales of equity investment securities,us-gaap:ProceedsFromSaleOfEquitySecuritiesFvNi,reported,
cash_flow,us-gaap:PaymentsToAcquirePropertyPlantAndEquipment,Capital expenditures,9M21,-653.0,BMY_SEC-XBRL-financials_as-presented_10-Q_2021-10-27_0000014272-21-000224.xlsx,Cash Flow,"Nine Months Ended September 30, 2021",Capital expenditures,us-gaap:PaymentsToAcquirePropertyPlantAndEquipment,reported,
cash_flow,bmy:DivestitureAndOtherProceeds,Divestiture and other proceeds,9M21,570.0,BMY_SEC-XBRL-financials_as-presented_10-Q_2021-10-27_0000014272-21-000224.xlsx,Cash Flow,"Nine Months Ended September 30, 2021",Divestiture and other proceeds,bmy:Divestitureandotherproceeds,reported,
cash_flow,us-gaap:PaymentsToAcquireBusinessesNetOfCashAcquired,"Acquisition and other payments, net of cash acquired",9M21,-1458.0,BMY_SEC-XBRL-financials_as-presented_10-Q_2021-10-27_0000014272-21-000224.xlsx,Cash Flow,"Nine Months Ended September 30, 2021","Acquisition and other payments, net of cash acquired",us-gaap:PaymentsToAcquireBusinessesNetOfCashAcquired,reported,
cash_flow,us-gaap:NetCashProvidedByUsedInInvestingActivities,Net cash provided by/(used in) investing activities,9M21,-939.0,BMY_SEC-XBRL-financials_as-presented_10-Q_2021-10-27_0000014272-21-000224.xlsx,Cash Flow,"Nine Months Ended September 30, 2021",Net Cash (Used in)/Provided by Investing Activities,us-gaap:NetCashProvidedByUsedInInvestingActivities,reported,
cash_flow,us-gaap:ProceedsFromRepaymentsOfShortTermDebt,"Short-term debt obligations, net",9M21,-46.0,BMY_SEC-XBRL-financials_as-presented_10-Q_2021-10-27_0000014272-21-000224.xlsx,Cash Flow,"Nine Months Ended September 30, 2021","Short-term debt obligations, net",us-gaap:ProceedsFromRepaymentsOfShortTermDebt,reported,
cash_flow,us-gaap:RepaymentsOfLongTermDebt,Repayments of long-term debt,9M21,-6022.0,BMY_SEC-XBRL-financials_as-presented_10-Q_2021-10-27_0000014272-21-000224.xlsx,Cash Flow,"Nine Months Ended September 30, 2021",Repayment of long-term debt,us-gaap:RepaymentsOfLongTermDebt,reported,
cash_flow,us-gaap:PaymentsForRepurchaseOfCommonStock,Repurchase of common stock,9M21,-3536.0,BMY_SEC-XBRL-financials_as-presented_10-Q_2021-10-27_0000014272-21-000224.xlsx,Cash Flow,"Nine Months Ended September 30, 2021",Repurchase of common stock,us-gaap:PaymentsForRepurchaseOfCommonStock,reported,
cash_flow,us-gaap:PaymentsOfDividends,Dividends,9M21,-3297.0,BMY_SEC-XBRL-financials_as-presented_10-Q_2021-10-27_0000014272-21-000224.xlsx,Cash Flow,"Nine Months Ended September 30, 2021",Dividends,us-gaap:PaymentsOfDividends,reported,
cash_flow,us-gaap:NetCashProvidedByUsedInFinancingActivities,Net cash provided by/(used in) financing activities,9M21,-12257.0,BMY_SEC-XBRL-financials_as-presented_10-Q_2021-10-27_0000014272-21-000224.xlsx,Cash Flow,"Nine Months Ended September 30, 2021",Net Cash Used in Financing Activities,us-gaap:NetCashProvidedByUsedInFinancingActivities,reported,
cash_flow,us-gaap:EffectOfExchangeRateOnCashCashEquivalentsRestrictedCashAndRestrictedCashEquivalents,"Effect of exchange rates on cash, cash equivalents and restricted cash",9M21,-48.0,BMY_SEC-XBRL-financials_as-presented_10-Q_2021-10-27_0000014272-21-000224.xlsx,Cash Flow,"Nine Months Ended September 30, 2021","Effect of Exchange Rates on Cash, Cash Equivalents and Restricted Cash",us-gaap:EffectOfExchangeRateOnCashCashEquivalentsRestrictedCashAndRestrictedCashEquivalents,reported,
cash_flow,us-gaap:CashCashEquivalentsRestrictedCashAndRestrictedCashEquivalentsPeriodIncreaseDecreaseIncludingExchangeRateEffect,"Increase/(decrease) in cash, cash equivalents and restricted cash",9M21,-1094.0,BMY_SEC-XBRL-financials_as-presented_10-Q_2021-10-27_0000014272-21-000224.xlsx,Cash Flow,"Nine Months Ended September 30, 2021","(Decrease)/Increase in Cash, Cash Equivalents and Restricted Cash",us-gaap:CashCashEquivalentsRestrictedCashAndRestrictedCashEquivalentsPeriodIncreaseDecreaseIncludingExchangeRateEffect,reported,
cash_flow,us-gaap:CashCashEquivalentsRestrictedCashAndRestrictedCashEquivalents,"Cash, cash equivalents and restricted cash at beginning of period",9M21,14973.0,BMY_SEC-XBRL-financials_as-presented_10-Q_2021-10-27_0000014272-21-000224.xlsx,Cash Flow,"Nine Months Ended September 30, 2021","Cash, Cash Equivalents and Restricted Cash at Beginning of Period",us-gaap:CashCashEquivalentsRestrictedCashAndRestrictedCashEquivalents,reported,
income_statement,us-gaap:Revenues,Net product sales,1Q22,11308.0,BMY_SEC-XBRL-financials_as-presented_10-Q_2022-04-29_0000014272-22-000114.xlsx,Income Statement,"Three Months Ended March 31, 2022",Net product sales,us-gaap:Revenues,reported,
income_statement,us-gaap:CostOfGoodsAndServicesSold,Cost of products sold(a),1Q22,2471.0,BMY_SEC-XBRL-financials_as-presented_10-Q_2022-04-29_0000014272-22-000114.xlsx,Income Statement,"Three Months Ended March 31, 2022",Cost of products sold(a),us-gaap:CostOfGoodsAndServicesSold,reported,
income_statement,us-gaap:SellingGeneralAndAdministrativeExpense,"Selling, general and administrative",1Q22,1831.0,BMY_SEC-XBRL-financials_as-presented_10-Q_2022-04-29_0000014272-22-000114.xlsx,Income Statement,"Three Months Ended March 31, 2022","Marketing, selling and administrative",us-gaap:SellingGeneralAndAdministrativeExpense,reported,
income_statement,us-gaap:ResearchAndDevelopmentExpense,Research and development,1Q22,2260.0,BMY_SEC-XBRL-financials_as-presented_10-Q_2022-04-29_0000014272-22-000114.xlsx,Income Statement,"Three Months Ended March 31, 2022",Research and development,us-gaap:ResearchAndDevelopmentExpense,reported,
income_statement,bmy:AcquiredIPRD,Acquired IPRD,1Q22,333.0,BMY_SEC-XBRL-financials_as-presented_10-Q_2022-04-29_0000014272-22-000114.xlsx,Income Statement,"Three Months Ended March 31, 2022",Acquired IPRD,bmy:AcquiredIPRD,reported,
income_statement,bmy:AmortizationofAcquiredIntangibleAssets,Amortization of acquired intangible assets,1Q22,2417.0,BMY_SEC-XBRL-financials_as-presented_10-Q_2022-04-29_0000014272-22-000114.xlsx,Income Statement,"Three Months Ended March 31, 2022",Amortization of acquired intangible assets,bmy:AmortizationofAcquiredIntangibleAssets,reported,
income_statement,us-gaap:OtherNonoperatingIncomeExpense,"Other (income)/expense, net",1Q22,649.0,BMY_SEC-XBRL-financials_as-presented_10-Q_2022-04-29_0000014272-22-000114.xlsx,Income Statement,"Three Months Ended March 31, 2022","Other (income)/expense, net",us-gaap:OtherNonoperatingIncomeExpense,reported,
income_statement,us-gaap:CostsAndExpenses,Total Expenses,1Q22,9961.0,BMY_SEC-XBRL-financials_as-presented_10-Q_2022-04-29_0000014272-22-000114.xlsx,Income Statement,"Three Months Ended March 31, 2022",Total Expenses,us-gaap:CostsAndExpenses,reported,
income_statement,us-gaap:IncomeLossFromContinuingOperationsBeforeIncomeTaxesExtraordinaryItemsNoncontrollingInterest,Earnings/(Loss) before income taxes,1Q22,1687.0,BMY_SEC-XBRL-financials_as-presented_10-Q_2022-04-29_0000014272-22-000114.xlsx,Income Statement,"Three Months Ended March 31, 2022",Earnings Before Income Taxes,us-gaap:IncomeLossFromContinuingOperationsBeforeIncomeTaxesExtraordinaryItemsNoncontrollingInterest,reported,
income_statement,us-gaap:IncomeTaxExpenseBenefit,Income tax provision,1Q22,404.0,BMY_SEC-XBRL-financials_as-presented_10-Q_2022-04-29_0000014272-22-000114.xlsx,Income Statement,"Three Months Ended March 31, 2022",Provision for Income Taxes,us-gaap:IncomeTaxExpenseBenefit,reported,
income_statement,us-gaap:ProfitLoss,Net earnings/(loss),1Q22,1283.0,BMY_SEC-XBRL-financials_as-presented_10-Q_2022-04-29_0000014272-22-000114.xlsx,Income Statement,"Three Months Ended March 31, 2022",Net Earnings,us-gaap:ProfitLoss,reported,
income_statement,us-gaap:ComprehensiveIncomeNetOfTaxAttributableToNoncontrollingInterest,Noncontrolling Interest,1Q22,5.0,BMY_SEC-XBRL-financials_as-presented_10-Q_2022-04-29_0000014272-22-000114.xlsx,Income Statement,"Three Months Ended March 31, 2022",Noncontrolling Interest,us-gaap:ComprehensiveIncomeNetOfTaxAttributableToNoncontrollingInterest,reported,
income_statement,us-gaap:NetIncomeLoss,Net earnings/(loss) attributable to BMS,1Q22,1278.0,BMY_SEC-XBRL-financials_as-presented_10-Q_2022-04-29_0000014272-22-000114.xlsx,Income Statement,"Three Months Ended March 31, 2022",Net Earnings Attributable to BMS,us-gaap:NetIncomeLoss,reported,
income_statement,us-gaap:EarningsPerShareBasic,Basic,1Q22,0.6,BMY_SEC-XBRL-financials_as-presented_10-Q_2022-04-29_0000014272-22-000114.xlsx,Income Statement,"Three Months Ended March 31, 2022",Basic,us-gaap:EarningsPerShareBasic,reported,
income_statement,us-gaap:EarningsPerShareDiluted,Diluted,1Q22,0.59,BMY_SEC-XBRL-financials_as-presented_10-Q_2022-04-29_0000014272-22-000114.xlsx,Income Statement,"Three Months Ended March 31, 2022",Diluted,us-gaap:EarningsPerShareDiluted,reported,
balance_sheet,us-gaap:CashAndCashEquivalentsAtCarryingValue,Cash and cash equivalents,1Q22,12369.0,BMY_SEC-XBRL-financials_as-presented_10-Q_2022-04-29_0000014272-22-000114.xlsx,Balance Sheet,"March 31,2022",Cash and cash equivalents,us-gaap:CashAndCashEquivalentsAtCarryingValue,reported,
balance_sheet,us-gaap:MarketableSecuritiesCurrent,Marketable debt securities,1Q22,2599.0,BMY_SEC-XBRL-financials_as-presented_10-Q_2022-04-29_0000014272-22-000114.xlsx,Balance Sheet,"March 31,2022",Marketable debt securities,us-gaap:MarketableSecuritiesCurrent,reported,
balance_sheet,us-gaap:ReceivablesNetCurrent,Receivables,1Q22,8511.0,BMY_SEC-XBRL-financials_as-presented_10-Q_2022-04-29_0000014272-22-000114.xlsx,Balance Sheet,"March 31,2022",Receivables,us-gaap:ReceivablesNetCurrent,reported,
balance_sheet,us-gaap:InventoryNet,Inventories,1Q22,2104.0,BMY_SEC-XBRL-financials_as-presented_10-Q_2022-04-29_0000014272-22-000114.xlsx,Balance Sheet,"March 31,2022",Inventories,us-gaap:InventoryNet,reported,
balance_sheet,us-gaap:OtherAssetsCurrent,Other current assets,1Q22,4538.0,BMY_SEC-XBRL-financials_as-presented_10-Q_2022-04-29_0000014272-22-000114.xlsx,Balance Sheet,"March 31,2022",Other current assets,us-gaap:OtherAssetsCurrent,reported,
balance_sheet,us-gaap:AssetsCurrent,Total Current assets,1Q22,30121.0,BMY_SEC-XBRL-financials_as-presented_10-Q_2022-04-29_0000014272-22-000114.xlsx,Balance Sheet,"March 31,2022",Total Current Assets,us-gaap:AssetsCurrent,reported,
balance_sheet,us-gaap:PropertyPlantAndEquipmentNet,"Property, plant and equipment",1Q22,6047.0,BMY_SEC-XBRL-financials_as-presented_10-Q_2022-04-29_0000014272-22-000114.xlsx,Balance Sheet,"March 31,2022","Property, plant and equipment",us-gaap:PropertyPlantAndEquipmentNet,reported,
balance_sheet,us-gaap:Goodwill,Goodwill,1Q22,20500.0,BMY_SEC-XBRL-financials_as-presented_10-Q_2022-04-29_0000014272-22-000114.xlsx,Balance Sheet,"March 31,2022",Goodwill,us-gaap:Goodwill,reported,
balance_sheet,us-gaap:IntangibleAssetsNetExcludingGoodwill,Other intangible assets,1Q22,40103.0,BMY_SEC-XBRL-financials_as-presented_10-Q_2022-04-29_0000014272-22-000114.xlsx,Balance Sheet,"March 31,2022",Other intangible assets,us-gaap:IntangibleAssetsNetExcludingGoodwill,reported,
balance_sheet,us-gaap:DeferredIncomeTaxAssetsNet,Deferred income taxes,1Q22,1418.0,BMY_SEC-XBRL-financials_as-presented_10-Q_2022-04-29_0000014272-22-000114.xlsx,Balance Sheet,"March 31,2022",Deferred income taxes,us-gaap:DeferredIncomeTaxAssetsNet,reported,
balance_sheet,us-gaap:OtherAssetsNoncurrent,Other non-current assets,1Q22,4845.0,BMY_SEC-XBRL-financials_as-presented_10-Q_2022-04-29_0000014272-22-000114.xlsx,Balance Sheet,"March 31,2022",Other non-current assets,us-gaap:OtherAssetsNoncurrent,reported,
balance_sheet,us-gaap:Assets,Total Assets,1Q22,103034.0,BMY_SEC-XBRL-financials_as-presented_10-Q_2022-04-29_0000014272-22-000114.xlsx,Balance Sheet,"March 31,2022",Total Assets,us-gaap:Assets,reported,
balance_sheet,us-gaap:DebtCurrent,Short-term debt obligations,1Q22,7522.0,BMY_SEC-XBRL-financials_as-presented_10-Q_2022-04-29_0000014272-22-000114.xlsx,Balance Sheet,"March 31,2022",Short-term debt obligations,us-gaap:DebtCurrent,reported,
balance_sheet,us-gaap:AccountsPayableCurrent,Accounts payable,1Q22,2944.0,BMY_SEC-XBRL-financials_as-presented_10-Q_2022-04-29_0000014272-22-000114.xlsx,Balance Sheet,"March 31,2022",Accounts payable,us-gaap:AccountsPayableCurrent,reported,
balance_sheet,us-gaap:OtherLiabilitiesCurrent,Other current liabilities,1Q22,12355.0,BMY_SEC-XBRL-financials_as-presented_10-Q_2022-04-29_0000014272-22-000114.xlsx,Balance Sheet,"March 31,2022",Other current liabilities,us-gaap:OtherLiabilitiesCurrent,reported,
balance_sheet,us-gaap:LiabilitiesCurrent,Total Current liabilities,1Q22,22821.0,BMY_SEC-XBRL-financials_as-presented_10-Q_2022-04-29_0000014272-22-000114.xlsx,Balance Sheet,"March 31,2022",Total Current Liabilities,us-gaap:LiabilitiesCurrent,reported,
balance_sheet,us-gaap:DeferredIncomeTaxLiabilitiesNet,Deferred income taxes,1Q22,3809.0,BMY_SEC-XBRL-financials_as-presented_10-Q_2022-04-29_0000014272-22-000114.xlsx,Balance Sheet,"March 31,2022",Deferred income taxes,us-gaap:DeferredIncomeTaxLiabilitiesNet,reported,
balance_sheet,us-gaap:LongTermDebtNoncurrent,Long-term debt,1Q22,37450.0,BMY_SEC-XBRL-financials_as-presented_10-Q_2022-04-29_0000014272-22-000114.xlsx,Balance Sheet,"March 31,2022",Long-term debt,us-gaap:LongTermDebtNoncurrent,reported,
balance_sheet,us-gaap:OtherLiabilitiesNoncurrent,Other non-current liabilities,1Q22,7309.0,BMY_SEC-XBRL-financials_as-presented_10-Q_2022-04-29_0000014272-22-000114.xlsx,Balance Sheet,"March 31,2022",Other non-current liabilities,us-gaap:OtherLiabilitiesNoncurrent,reported,
balance_sheet,us-gaap:Liabilities,Total Liabilities,1Q22,71389.0,BMY_SEC-XBRL-financials_as-presented_10-Q_2022-04-29_0000014272-22-000114.xlsx,Balance Sheet,"March 31,2022",Total Liabilities,us-gaap:Liabilities,reported,
balance_sheet,us-gaap:CommonStockValue,"Common stock, par value of $0.10 per share: Authorized 4.5 billion shares; 2.9 billion issued in 2019 and 2.2 billion issued in 2018",1Q22,292.0,BMY_SEC-XBRL-financials_as-presented_10-Q_2022-04-29_0000014272-22-000114.xlsx,Balance Sheet,"March 31,2022",Common stock,us-gaap:CommonStockValue,reported,
balance_sheet,us-gaap:AdditionalPaidInCapital,Capital in excess of par value of stock,1Q22,43756.0,BMY_SEC-XBRL-financials_as-presented_10-Q_2022-04-29_0000014272-22-000114.xlsx,Balance Sheet,"March 31,2022",Capital in excess of par value of stock,us-gaap:AdditionalPaidInCapital,reported,
balance_sheet,us-gaap:AccumulatedOtherComprehensiveIncomeLossNetOfTax,Accumulated other comprehensive loss,1Q22,-1229.0,BMY_SEC-XBRL-financials_as-presented_10-Q_2022-04-29_0000014272-22-000114.xlsx,Balance Sheet,"March 31,2022",Accumulated other comprehensive loss,us-gaap:AccumulatedOtherComprehensiveIncomeLossNetOfTax,reported,
balance_sheet,us-gaap:RetainedEarningsAccumulatedDeficit,Retained earnings,1Q22,23948.0,BMY_SEC-XBRL-financials_as-presented_10-Q_2022-04-29_0000014272-22-000114.xlsx,Balance Sheet,"March 31,2022",Retained earnings,us-gaap:RetainedEarningsAccumulatedDeficit,reported,
balance_sheet,us-gaap:TreasuryStockValue,Less cost of treasury stock — 672 million common shares in 2019 and 576 million common shares in 2018,1Q22,-35187.0,BMY_SEC-XBRL-financials_as-presented_10-Q_2022-04-29_0000014272-22-000114.xlsx,Balance Sheet,"March 31,2022",Less cost of treasury stock,us-gaap:TreasuryStockValue,reported,
balance_sheet,us-gaap:StockholdersEquity,Total BMS Shareholders’ Equity,1Q22,31580.0,BMY_SEC-XBRL-financials_as-presented_10-Q_2022-04-29_0000014272-22-000114.xlsx,Balance Sheet,"March 31,2022",Total Bristol-Myers Squibb Company Shareholders’ Equity,us-gaap:StockholdersEquity,reported,
balance_sheet,us-gaap:MinorityInterest,Noncontrolling interest,1Q22,65.0,BMY_SEC-XBRL-financials_as-presented_10-Q_2022-04-29_0000014272-22-000114.xlsx,Balance Sheet,"March 31,2022",Noncontrolling interest,us-gaap:MinorityInterest,reported,
balance_sheet,us-gaap:StockholdersEquityIncludingPortionAttributableToNoncontrollingInterest,Total Equity,1Q22,31645.0,BMY_SEC-XBRL-financials_as-presented_10-Q_2022-04-29_0000014272-22-000114.xlsx,Balance Sheet,"March 31,2022",Total Equity,us-gaap:StockholdersEquityIncludingPortionAttributableToNoncontrollingInterest,reported,
balance_sheet,us-gaap:LiabilitiesAndStockholdersEquity,Total Liabilities and Equity,1Q22,103034.0,BMY_SEC-XBRL-financials_as-presented_10-Q_2022-04-29_0000014272-22-000114.xlsx,Balance Sheet,"March 31,2022",Total Liabilities and Equity,us-gaap:LiabilitiesAndStockholdersEquity,reported,
cash_flow,us-gaap:DepreciationDepletionAndAmortization,"Depreciation and amortization, net",1Q22,2584.0,BMY_SEC-XBRL-financials_as-presented_10-Q_2022-04-29_0000014272-22-000114.xlsx,Cash Flow,"Three Months Ended March 31, 2022","Depreciation and amortization, net",us-gaap:DepreciationDepletionAndAmortization,reported,
cash_flow,us-gaap:DeferredIncomeTaxExpenseBenefit,Deferred income taxes,1Q22,-687.0,BMY_SEC-XBRL-financials_as-presented_10-Q_2022-04-29_0000014272-22-000114.xlsx,Cash Flow,"Three Months Ended March 31, 2022",Deferred income taxes,us-gaap:DeferredIncomeTaxExpenseBenefit,reported,
cash_flow,us-gaap:ShareBasedCompensation,Stock-based compensation,1Q22,107.0,BMY_SEC-XBRL-financials_as-presented_10-Q_2022-04-29_0000014272-22-000114.xlsx,Cash Flow,"Three Months Ended March 31, 2022",Stock-based compensation,us-gaap:ShareBasedCompensation,reported,
cash_flow,us-gaap:ImpairmentOfLongLivedAssetsToBeDisposedOf,Impairment charges,1Q22,41.0,BMY_SEC-XBRL-financials_as-presented_10-Q_2022-04-29_0000014272-22-000114.xlsx,Cash Flow,"Three Months Ended March 31, 2022",Impairment charges,us-gaap:ImpairmentOfLongLivedAssetsToBeDisposedOf,reported,
cash_flow,bmy:Pensionsettlementsandamortization,Pension settlements and amortization,1Q22,7.0,BMY_SEC-XBRL-financials_as-presented_10-Q_2022-04-29_0000014272-22-000114.xlsx,Cash Flow,"Three Months Ended March 31, 2022",Pension settlements and amortization,bmy:Pensionsettlementsandamortization,reported,
cash_flow,bmy:DivestitureGainsAndRoyalties,Divestiture gains and royalties,1Q22,-387.0,BMY_SEC-XBRL-financials_as-presented_10-Q_2022-04-29_0000014272-22-000114.xlsx,Cash Flow,"Three Months Ended March 31, 2022",Divestiture gains and royalties,bmy:Divestituregainsandroyalties,reported,
cash_flow,bmy:AcquiredIPRD,Acquired IPRD,1Q22,333.0,BMY_SEC-XBRL-financials_as-presented_10-Q_2022-04-29_0000014272-22-000114.xlsx,Cash Flow,"Three Months Ended March 31, 2022",Acquired IPRD,bmy:AcquiredIPRD,reported,
cash_flow,us-gaap:GainLossOnInvestments,Equity investment gains,1Q22,644.0,BMY_SEC-XBRL-financials_as-presented_10-Q_2022-04-29_0000014272-22-000114.xlsx,Cash Flow,"Three Months Ended March 31, 2022",Equity investment losses/(gains),us-gaap:GainLossOnInvestments,reported,
cash_flow,us-gaap:BusinessCombinationContingentConsiderationArrangementsChangeInAmountOfContingentConsiderationLiability1,Contingent consideration fair value adjustments,1Q22,1.0,BMY_SEC-XBRL-financials_as-presented_10-Q_2022-04-29_0000014272-22-000114.xlsx,Cash Flow,"Three Months Ended March 31, 2022",Contingent consideration fair value adjustments,us-gaap:BusinessCombinationContingentConsiderationArrangementsChangeInAmountOfContingentConsiderationLiability1,reported,
cash_flow,us-gaap:OtherNoncashIncomeExpense,Other adjustments,1Q22,248.0,BMY_SEC-XBRL-financials_as-presented_10-Q_2022-04-29_0000014272-22-000114.xlsx,Cash Flow,"Three Months Ended March 31, 2022",Other adjustments,us-gaap:OtherNoncashIncomeExpense,reported,
cash_flow,us-gaap:IncreaseDecreaseInReceivables,Receivables,1Q22,786.0,BMY_SEC-XBRL-financials_as-presented_10-Q_2022-04-29_0000014272-22-000114.xlsx,Cash Flow,"Three Months Ended March 31, 2022",Receivables,us-gaap:IncreaseDecreaseInReceivables,reported,
cash_flow,us-gaap:IncreaseDecreaseInInventories,Inventories,1Q22,1.0,BMY_SEC-XBRL-financials_as-presented_10-Q_2022-04-29_0000014272-22-000114.xlsx,Cash Flow,"Three Months Ended March 31, 2022",Inventories,us-gaap:IncreaseDecreaseInInventories,reported,
cash_flow,us-gaap:IncreaseDecreaseInAccountsPayable,Accounts payable,1Q22,23.0,BMY_SEC-XBRL-financials_as-presented_10-Q_2022-04-29_0000014272-22-000114.xlsx,Cash Flow,"Three Months Ended March 31, 2022",Accounts payable,us-gaap:IncreaseDecreaseInAccountsPayable,reported,
cash_flow,us-gaap:IncreaseDecreaseInOtherAccruedLiabilities,Rebates and discounts,1Q22,-930.0,BMY_SEC-XBRL-financials_as-presented_10-Q_2022-04-29_0000014272-22-000114.xlsx,Cash Flow,"Three Months Ended March 31, 2022",Rebates and discounts,us-gaap:IncreaseDecreaseInOtherAccruedLiabilities,reported,
cash_flow,us-gaap:IncreaseDecreaseInAccruedIncomeTaxesPayable,Income taxes payable,1Q22,831.0,BMY_SEC-XBRL-financials_as-presented_10-Q_2022-04-29_0000014272-22-000114.xlsx,Cash Flow,"Three Months Ended March 31, 2022",Income taxes payable,us-gaap:IncreaseDecreaseInAccruedIncomeTaxesPayable,reported,
cash_flow,us-gaap:IncreaseDecreaseInOtherOperatingCapitalNet,Other,1Q22,-1073.0,BMY_SEC-XBRL-financials_as-presented_10-Q_2022-04-29_0000014272-22-000114.xlsx,Cash Flow,"Three Months Ended March 31, 2022",Other,us-gaap:IncreaseDecreaseInOtherOperatingCapitalNet,reported,
cash_flow,us-gaap:NetCashProvidedByUsedInOperatingActivities,Net cash provided by operating activities,1Q22,3812.0,BMY_SEC-XBRL-financials_as-presented_10-Q_2022-04-29_0000014272-22-000114.xlsx,Cash Flow,"Three Months Ended March 31, 2022",Net Cash Provided by Operating Activities,us-gaap:NetCashProvidedByUsedInOperatingActivities,reported,
cash_flow,us-gaap:ProceedsFromSaleAndMaturityOfAvailableForSaleSecurities,Sale and maturities of marketable debt securities,1Q22,2100.0,BMY_SEC-XBRL-financials_as-presented_10-Q_2022-04-29_0000014272-22-000114.xlsx,Cash Flow,"Three Months Ended March 31, 2022",Sale and maturities of marketable debt securities,us-gaap:ProceedsFromSaleAndMaturityOfAvailableForSaleSecurities,reported,
cash_flow,us-gaap:PaymentsToAcquireMarketableSecurities,Purchase of marketable debt securities,1Q22,-1714.0,BMY_SEC-XBRL-financials_as-presented_10-Q_2022-04-29_0000014272-22-000114.xlsx,Cash Flow,"Three Months Ended March 31, 2022",Purchase of marketable debt securities,us-gaap:PaymentsToAcquireMarketableSecurities,reported,
cash_flow,us-gaap:ProceedsFromSaleOfEquitySecuritiesFvNi,Proceeds from sales of equity investments,1Q22,2.0,BMY_SEC-XBRL-financials_as-presented_10-Q_2022-04-29_0000014272-22-000114.xlsx,Cash Flow,"Three Months Ended March 31, 2022",Proceeds from sales of equity investment securities,us-gaap:ProceedsFromSaleOfEquitySecuritiesFvNi,reported,
cash_flow,us-gaap:PaymentsToAcquirePropertyPlantAndEquipment,Capital expenditures,1Q22,-253.0,BMY_SEC-XBRL-financials_as-presented_10-Q_2022-04-29_0000014272-22-000114.xlsx,Cash Flow,"Three Months Ended March 31, 2022",Capital expenditures,us-gaap:PaymentsToAcquirePropertyPlantAndEquipment,reported,
cash_flow,bmy:DivestitureAndOtherProceeds,Divestiture and other proceeds,1Q22,402.0,BMY_SEC-XBRL-financials_as-presented_10-Q_2022-04-29_0000014272-22-000114.xlsx,Cash Flow,"Three Months Ended March 31, 2022",Divestiture and other proceeds,bmy:Divestitureandotherproceeds,reported,
cash_flow,us-gaap:PaymentsToAcquireBusinessesNetOfCashAcquired,"Acquisition and other payments, net of cash acquired",1Q22,-442.0,BMY_SEC-XBRL-financials_as-presented_10-Q_2022-04-29_0000014272-22-000114.xlsx,Cash Flow,"Three Months Ended March 31, 2022","Acquisition and other payments, net of cash acquired",us-gaap:PaymentsToAcquireBusinessesNetOfCashAcquired,reported,
cash_flow,us-gaap:NetCashProvidedByUsedInInvestingActivities,Net cash provided by/(used in) investing activities,1Q22,95.0,BMY_SEC-XBRL-financials_as-presented_10-Q_2022-04-29_0000014272-22-000114.xlsx,Cash Flow,"Three Months Ended March 31, 2022",Net Cash Provided by/(Used in) Investing Activities,us-gaap:NetCashProvidedByUsedInInvestingActivities,reported,
cash_flow,us-gaap:ProceedsFromRepaymentsOfShortTermDebt,"Short-term debt obligations, net",1Q22,42.0,BMY_SEC-XBRL-financials_as-presented_10-Q_2022-04-29_0000014272-22-000114.xlsx,Cash Flow,"Three Months Ended March 31, 2022","Short-term debt obligations, net",us-gaap:ProceedsFromRepaymentsOfShortTermDebt,reported,
cash_flow,us-gaap:ProceedsFromIssuanceOfLongTermDebt,Proceeds from issuance of long-term debt,1Q22,5926.0,BMY_SEC-XBRL-financials_as-presented_10-Q_2022-04-29_0000014272-22-000114.xlsx,Cash Flow,"Three Months Ended March 31, 2022",Issuance of long-term debt,us-gaap:ProceedsFromIssuanceOfDebt,reported,
cash_flow,us-gaap:RepaymentsOfLongTermDebt,Repayments of long-term debt,1Q22,-5769.0,BMY_SEC-XBRL-financials_as-presented_10-Q_2022-04-29_0000014272-22-000114.xlsx,Cash Flow,"Three Months Ended March 31, 2022",Repayment of long-term debt,us-gaap:RepaymentsOfLongTermDebt,reported,
cash_flow,us-gaap:PaymentsForRepurchaseOfCommonStock,Repurchase of common stock,1Q22,-5000.0,BMY_SEC-XBRL-financials_as-presented_10-Q_2022-04-29_0000014272-22-000114.xlsx,Cash Flow,"Three Months Ended March 31, 2022",Repurchase of common stock,us-gaap:PaymentsForRepurchaseOfCommonStock,reported,
cash_flow,us-gaap:PaymentsOfDividends,Dividends,1Q22,-1185.0,BMY_SEC-XBRL-financials_as-presented_10-Q_2022-04-29_0000014272-22-000114.xlsx,Cash Flow,"Three Months Ended March 31, 2022",Dividends,us-gaap:PaymentsOfDividends,reported,
cash_flow,us-gaap:NetCashProvidedByUsedInFinancingActivities,Net cash provided by/(used in) financing activities,1Q22,-5653.0,BMY_SEC-XBRL-financials_as-presented_10-Q_2022-04-29_0000014272-22-000114.xlsx,Cash Flow,"Three Months Ended March 31, 2022",Net Cash Used in Financing Activities,us-gaap:NetCashProvidedByUsedInFinancingActivities,reported,
cash_flow,us-gaap:EffectOfExchangeRateOnCashCashEquivalentsRestrictedCashAndRestrictedCashEquivalents,"Effect of exchange rates on cash, cash equivalents and restricted cash",1Q22,9.0,BMY_SEC-XBRL-financials_as-presented_10-Q_2022-04-29_0000014272-22-000114.xlsx,Cash Flow,"Three Months Ended March 31, 2022","Effect of Exchange Rates on Cash, Cash Equivalents and Restricted Cash",us-gaap:EffectOfExchangeRateOnCashCashEquivalentsRestrictedCashAndRestrictedCashEquivalents,reported,
cash_flow,us-gaap:CashCashEquivalentsRestrictedCashAndRestrictedCashEquivalentsPeriodIncreaseDecreaseIncludingExchangeRateEffect,"Increase/(decrease) in cash, cash equivalents and restricted cash",1Q22,-1737.0,BMY_SEC-XBRL-financials_as-presented_10-Q_2022-04-29_0000014272-22-000114.xlsx,Cash Flow,"Three Months Ended March 31, 2022","Decrease in Cash, Cash Equivalents and Restricted Cash",us-gaap:CashCashEquivalentsRestrictedCashAndRestrictedCashEquivalentsPeriodIncreaseDecreaseIncludingExchangeRateEffect,reported,
cash_flow,us-gaap:CashCashEquivalentsRestrictedCashAndRestrictedCashEquivalents,"Cash, cash equivalents and restricted cash at beginning of period",1Q22,14316.0,BMY_SEC-XBRL-financials_as-presented_10-Q_2022-04-29_0000014272-22-000114.xlsx,Cash Flow,"Three Months Ended March 31, 2022","Cash, Cash Equivalents and Restricted Cash at Beginning of Period",us-gaap:CashCashEquivalentsRestrictedCashAndRestrictedCashEquivalents,reported,
income_statement,us-gaap:Revenues,Net product sales,2Q22,11485.0,BMY_SEC-XBRL-financials_as-presented_10-Q_2022-07-27_0000014272-22-000166.xlsx,Income Statement,"Three Months Ended June 30, 2022",Net product sales,us-gaap:Revenues,reported,
income_statement,us-gaap:Revenues,Net product sales,6M22,22793.0,BMY_SEC-XBRL-financials_as-presented_10-Q_2022-07-27_0000014272-22-000166.xlsx,Income Statement,"Six Months Ended June 30, 2022",Net product sales,us-gaap:Revenues,reported,
income_statement,us-gaap:CostOfGoodsAndServicesSold,Cost of products sold(a),2Q22,2720.0,BMY_SEC-XBRL-financials_as-presented_10-Q_2022-07-27_0000014272-22-000166.xlsx,Income Statement,"Three Months Ended June 30, 2022",Cost of products sold(a),us-gaap:CostOfGoodsAndServicesSold,reported,
income_statement,us-gaap:CostOfGoodsAndServicesSold,Cost of products sold(a),6M22,5191.0,BMY_SEC-XBRL-financials_as-presented_10-Q_2022-07-27_0000014272-22-000166.xlsx,Income Statement,"Six Months Ended June 30, 2022",Cost of products sold(a),us-gaap:CostOfGoodsAndServicesSold,reported,
income_statement,us-gaap:SellingGeneralAndAdministrativeExpense,"Selling, general and administrative",2Q22,1787.0,BMY_SEC-XBRL-financials_as-presented_10-Q_2022-07-27_0000014272-22-000166.xlsx,Income Statement,"Three Months Ended June 30, 2022","Marketing, selling and administrative",us-gaap:SellingGeneralAndAdministrativeExpense,reported,
income_statement,us-gaap:SellingGeneralAndAdministrativeExpense,"Selling, general and administrative",6M22,3618.0,BMY_SEC-XBRL-financials_as-presented_10-Q_2022-07-27_0000014272-22-000166.xlsx,Income Statement,"Six Months Ended June 30, 2022","Marketing, selling and administrative",us-gaap:SellingGeneralAndAdministrativeExpense,reported,
income_statement,us-gaap:ResearchAndDevelopmentExpense,Research and development,2Q22,2321.0,BMY_SEC-XBRL-financials_as-presented_10-Q_2022-07-27_0000014272-22-000166.xlsx,Income Statement,"Three Months Ended June 30, 2022",Research and development,us-gaap:ResearchAndDevelopmentExpense,reported,
income_statement,us-gaap:ResearchAndDevelopmentExpense,Research and development,6M22,4581.0,BMY_SEC-XBRL-financials_as-presented_10-Q_2022-07-27_0000014272-22-000166.xlsx,Income Statement,"Six Months Ended June 30, 2022",Research and development,us-gaap:ResearchAndDevelopmentExpense,reported,
income_statement,bmy:AcquiredIPRD,Acquired IPRD,2Q22,400.0,BMY_SEC-XBRL-financials_as-presented_10-Q_2022-07-27_0000014272-22-000166.xlsx,Income Statement,"Three Months Ended June 30, 2022",Acquired IPRD,bmy:AcquiredIPRD,reported,
income_statement,bmy:AcquiredIPRD,Acquired IPRD,6M22,733.0,BMY_SEC-XBRL-financials_as-presented_10-Q_2022-07-27_0000014272-22-000166.xlsx,Income Statement,"Six Months Ended June 30, 2022",Acquired IPRD,bmy:AcquiredIPRD,reported,
income_statement,bmy:AmortizationofAcquiredIntangibleAssets,Amortization of acquired intangible assets,2Q22,2417.0,BMY_SEC-XBRL-financials_as-presented_10-Q_2022-07-27_0000014272-22-000166.xlsx,Income Statement,"Three Months Ended June 30, 2022",Amortization of acquired intangible assets,bmy:AmortizationofAcquiredIntangibleAssets,reported,
income_statement,bmy:AmortizationofAcquiredIntangibleAssets,Amortization of acquired intangible assets,6M22,4834.0,BMY_SEC-XBRL-financials_as-presented_10-Q_2022-07-27_0000014272-22-000166.xlsx,Income Statement,"Six Months Ended June 30, 2022",Amortization of acquired intangible assets,bmy:AmortizationofAcquiredIntangibleAssets,reported,
income_statement,us-gaap:OtherNonoperatingIncomeExpense,"Other (income)/expense, net",2Q22,284.0,BMY_SEC-XBRL-financials_as-presented_10-Q_2022-07-27_0000014272-22-000166.xlsx,Income Statement,"Three Months Ended June 30, 2022","Other (income)/expense, net",us-gaap:OtherNonoperatingIncomeExpense,reported,
income_statement,us-gaap:OtherNonoperatingIncomeExpense,"Other (income)/expense, net",6M22,933.0,BMY_SEC-XBRL-financials_as-presented_10-Q_2022-07-27_0000014272-22-000166.xlsx,Income Statement,"Six Months Ended June 30, 2022","Other (income)/expense, net",us-gaap:OtherNonoperatingIncomeExpense,reported,
income_statement,us-gaap:CostsAndExpenses,Total Expenses,2Q22,9929.0,BMY_SEC-XBRL-financials_as-presented_10-Q_2022-07-27_0000014272-22-000166.xlsx,Income Statement,"Three Months Ended June 30, 2022",Total Expenses,us-gaap:CostsAndExpenses,reported,
income_statement,us-gaap:CostsAndExpenses,Total Expenses,6M22,19890.0,BMY_SEC-XBRL-financials_as-presented_10-Q_2022-07-27_0000014272-22-000166.xlsx,Income Statement,"Six Months Ended June 30, 2022",Total Expenses,us-gaap:CostsAndExpenses,reported,
income_statement,us-gaap:IncomeLossFromContinuingOperationsBeforeIncomeTaxesExtraordinaryItemsNoncontrollingInterest,Earnings/(Loss) before income taxes,2Q22,1958.0,BMY_SEC-XBRL-financials_as-presented_10-Q_2022-07-27_0000014272-22-000166.xlsx,Income Statement,"Three Months Ended June 30, 2022",Earnings Before Income Taxes,us-gaap:IncomeLossFromContinuingOperationsBeforeIncomeTaxesExtraordinaryItemsNoncontrollingInterest,reported,
income_statement,us-gaap:IncomeLossFromContinuingOperationsBeforeIncomeTaxesExtraordinaryItemsNoncontrollingInterest,Earnings/(Loss) before income taxes,6M22,3645.0,BMY_SEC-XBRL-financials_as-presented_10-Q_2022-07-27_0000014272-22-000166.xlsx,Income Statement,"Six Months Ended June 30, 2022",Earnings Before Income Taxes,us-gaap:IncomeLossFromContinuingOperationsBeforeIncomeTaxesExtraordinaryItemsNoncontrollingInterest,reported,
income_statement,us-gaap:IncomeTaxExpenseBenefit,Income tax provision,2Q22,529.0,BMY_SEC-XBRL-financials_as-presented_10-Q_2022-07-27_0000014272-22-000166.xlsx,Income Statement,"Three Months Ended June 30, 2022",Provision for Income Taxes,us-gaap:IncomeTaxExpenseBenefit,reported,
income_statement,us-gaap:IncomeTaxExpenseBenefit,Income tax provision,6M22,933.0,BMY_SEC-XBRL-financials_as-presented_10-Q_2022-07-27_0000014272-22-000166.xlsx,Income Statement,"Six Months Ended June 30, 2022",Provision for Income Taxes,us-gaap:IncomeTaxExpenseBenefit,reported,
income_statement,us-gaap:ProfitLoss,Net earnings/(loss),2Q22,1429.0,BMY_SEC-XBRL-financials_as-presented_10-Q_2022-07-27_0000014272-22-000166.xlsx,Income Statement,"Three Months Ended June 30, 2022",Net Earnings,us-gaap:ProfitLoss,reported,
income_statement,us-gaap:ProfitLoss,Net earnings/(loss),6M22,2712.0,BMY_SEC-XBRL-financials_as-presented_10-Q_2022-07-27_0000014272-22-000166.xlsx,Income Statement,"Six Months Ended June 30, 2022",Net Earnings,us-gaap:ProfitLoss,reported,
income_statement,us-gaap:ComprehensiveIncomeNetOfTaxAttributableToNoncontrollingInterest,Noncontrolling Interest,2Q22,8.0,BMY_SEC-XBRL-financials_as-presented_10-Q_2022-07-27_0000014272-22-000166.xlsx,Income Statement,"Three Months Ended June 30, 2022",Noncontrolling Interest,us-gaap:ComprehensiveIncomeNetOfTaxAttributableToNoncontrollingInterest,reported,
income_statement,us-gaap:ComprehensiveIncomeNetOfTaxAttributableToNoncontrollingInterest,Noncontrolling Interest,6M22,13.0,BMY_SEC-XBRL-financials_as-presented_10-Q_2022-07-27_0000014272-22-000166.xlsx,Income Statement,"Six Months Ended June 30, 2022",Noncontrolling Interest,us-gaap:ComprehensiveIncomeNetOfTaxAttributableToNoncontrollingInterest,reported,
income_statement,us-gaap:NetIncomeLoss,Net earnings/(loss) attributable to BMS,2Q22,1421.0,BMY_SEC-XBRL-financials_as-presented_10-Q_2022-07-27_0000014272-22-000166.xlsx,Income Statement,"Three Months Ended June 30, 2022",Net Earnings Attributable to BMS,us-gaap:NetIncomeLoss,reported,
income_statement,us-gaap:NetIncomeLoss,Net earnings/(loss) attributable to BMS,6M22,2699.0,BMY_SEC-XBRL-financials_as-presented_10-Q_2022-07-27_0000014272-22-000166.xlsx,Income Statement,"Six Months Ended June 30, 2022",Net Earnings Attributable to BMS,us-gaap:NetIncomeLoss,reported,
income_statement,us-gaap:EarningsPerShareBasic,Basic,2Q22,0.67,BMY_SEC-XBRL-financials_as-presented_10-Q_2022-07-27_0000014272-22-000166.xlsx,Income Statement,"Three Months Ended June 30, 2022",Basic,us-gaap:EarningsPerShareBasic,reported,
income_statement,us-gaap:EarningsPerShareBasic,Basic,6M22,1.26,BMY_SEC-XBRL-financials_as-presented_10-Q_2022-07-27_0000014272-22-000166.xlsx,Income Statement,"Six Months Ended June 30, 2022",Basic,us-gaap:EarningsPerShareBasic,reported,
income_statement,us-gaap:EarningsPerShareDiluted,Diluted,2Q22,0.66,BMY_SEC-XBRL-financials_as-presented_10-Q_2022-07-27_0000014272-22-000166.xlsx,Income Statement,"Three Months Ended June 30, 2022",Diluted,us-gaap:EarningsPerShareDiluted,reported,
income_statement,us-gaap:EarningsPerShareDiluted,Diluted,6M22,1.25,BMY_SEC-XBRL-financials_as-presented_10-Q_2022-07-27_0000014272-22-000166.xlsx,Income Statement,"Six Months Ended June 30, 2022",Diluted,us-gaap:EarningsPerShareDiluted,reported,
balance_sheet,us-gaap:CashAndCashEquivalentsAtCarryingValue,Cash and cash equivalents,2Q22,10750.0,BMY_SEC-XBRL-financials_as-presented_10-Q_2022-07-27_0000014272-22-000166.xlsx,Balance Sheet,"June 30,2022",Cash and cash equivalents,us-gaap:CashAndCashEquivalentsAtCarryingValue,reported,
balance_sheet,us-gaap:MarketableSecuritiesCurrent,Marketable debt securities,2Q22,2478.0,BMY_SEC-XBRL-financials_as-presented_10-Q_2022-07-27_0000014272-22-000166.xlsx,Balance Sheet,"June 30,2022",Marketable debt securities,us-gaap:MarketableSecuritiesCurrent,reported,
balance_sheet,us-gaap:ReceivablesNetCurrent,Receivables,2Q22,9054.0,BMY_SEC-XBRL-financials_as-presented_10-Q_2022-07-27_0000014272-22-000166.xlsx,Balance Sheet,"June 30,2022",Receivables,us-gaap:ReceivablesNetCurrent,reported,
balance_sheet,us-gaap:InventoryNet,Inventories,2Q22,2142.0,BMY_SEC-XBRL-financials_as-presented_10-Q_2022-07-27_0000014272-22-000166.xlsx,Balance Sheet,"June 30,2022",Inventories,us-gaap:InventoryNet,reported,
balance_sheet,us-gaap:OtherAssetsCurrent,Other current assets,2Q22,5762.0,BMY_SEC-XBRL-financials_as-presented_10-Q_2022-07-27_0000014272-22-000166.xlsx,Balance Sheet,"June 30,2022",Other current assets,us-gaap:OtherAssetsCurrent,reported,
balance_sheet,us-gaap:AssetsCurrent,Total Current assets,2Q22,30186.0,BMY_SEC-XBRL-financials_as-presented_10-Q_2022-07-27_0000014272-22-000166.xlsx,Balance Sheet,"June 30,2022",Total Current Assets,us-gaap:AssetsCurrent,reported,
balance_sheet,us-gaap:PropertyPlantAndEquipmentNet,"Property, plant and equipment",2Q22,5970.0,BMY_SEC-XBRL-financials_as-presented_10-Q_2022-07-27_0000014272-22-000166.xlsx,Balance Sheet,"June 30,2022","Property, plant and equipment",us-gaap:PropertyPlantAndEquipmentNet,reported,
balance_sheet,us-gaap:Goodwill,Goodwill,2Q22,20446.0,BMY_SEC-XBRL-financials_as-presented_10-Q_2022-07-27_0000014272-22-000166.xlsx,Balance Sheet,"June 30,2022",Goodwill,us-gaap:Goodwill,reported,
balance_sheet,us-gaap:IntangibleAssetsNetExcludingGoodwill,Other intangible assets,2Q22,37690.0,BMY_SEC-XBRL-financials_as-presented_10-Q_2022-07-27_0000014272-22-000166.xlsx,Balance Sheet,"June 30,2022",Other intangible assets,us-gaap:IntangibleAssetsNetExcludingGoodwill,reported,
balance_sheet,us-gaap:DeferredIncomeTaxAssetsNet,Deferred income taxes,2Q22,1337.0,BMY_SEC-XBRL-financials_as-presented_10-Q_2022-07-27_0000014272-22-000166.xlsx,Balance Sheet,"June 30,2022",Deferred income taxes,us-gaap:DeferredIncomeTaxAssetsNet,reported,
balance_sheet,us-gaap:OtherAssetsNoncurrent,Other non-current assets,2Q22,4728.0,BMY_SEC-XBRL-financials_as-presented_10-Q_2022-07-27_0000014272-22-000166.xlsx,Balance Sheet,"June 30,2022",Other non-current assets,us-gaap:OtherAssetsNoncurrent,reported,
balance_sheet,us-gaap:Assets,Total Assets,2Q22,100357.0,BMY_SEC-XBRL-financials_as-presented_10-Q_2022-07-27_0000014272-22-000166.xlsx,Balance Sheet,"June 30,2022",Total Assets,us-gaap:Assets,reported,
balance_sheet,us-gaap:DebtCurrent,Short-term debt obligations,2Q22,4953.0,BMY_SEC-XBRL-financials_as-presented_10-Q_2022-07-27_0000014272-22-000166.xlsx,Balance Sheet,"June 30,2022",Short-term debt obligations,us-gaap:DebtCurrent,reported,
balance_sheet,us-gaap:AccountsPayableCurrent,Accounts payable,2Q22,2882.0,BMY_SEC-XBRL-financials_as-presented_10-Q_2022-07-27_0000014272-22-000166.xlsx,Balance Sheet,"June 30,2022",Accounts payable,us-gaap:AccountsPayableCurrent,reported,
balance_sheet,us-gaap:OtherLiabilitiesCurrent,Other current liabilities,2Q22,13080.0,BMY_SEC-XBRL-financials_as-presented_10-Q_2022-07-27_0000014272-22-000166.xlsx,Balance Sheet,"June 30,2022",Other current liabilities,us-gaap:OtherLiabilitiesCurrent,reported,
balance_sheet,us-gaap:LiabilitiesCurrent,Total Current liabilities,2Q22,20915.0,BMY_SEC-XBRL-financials_as-presented_10-Q_2022-07-27_0000014272-22-000166.xlsx,Balance Sheet,"June 30,2022",Total Current Liabilities,us-gaap:LiabilitiesCurrent,reported,
balance_sheet,us-gaap:DeferredIncomeTaxLiabilitiesNet,Deferred income taxes,2Q22,3034.0,BMY_SEC-XBRL-financials_as-presented_10-Q_2022-07-27_0000014272-22-000166.xlsx,Balance Sheet,"June 30,2022",Deferred income taxes,us-gaap:DeferredIncomeTaxLiabilitiesNet,reported,
balance_sheet,us-gaap:LongTermDebtNoncurrent,Long-term debt,2Q22,37107.0,BMY_SEC-XBRL-financials_as-presented_10-Q_2022-07-27_0000014272-22-000166.xlsx,Balance Sheet,"June 30,2022",Long-term debt,us-gaap:LongTermDebtNoncurrent,reported,
balance_sheet,us-gaap:OtherLiabilitiesNoncurrent,Other non-current liabilities,2Q22,6640.0,BMY_SEC-XBRL-financials_as-presented_10-Q_2022-07-27_0000014272-22-000166.xlsx,Balance Sheet,"June 30,2022",Other non-current liabilities,us-gaap:OtherLiabilitiesNoncurrent,reported,
balance_sheet,us-gaap:Liabilities,Total Liabilities,2Q22,67696.0,BMY_SEC-XBRL-financials_as-presented_10-Q_2022-07-27_0000014272-22-000166.xlsx,Balance Sheet,"June 30,2022",Total Liabilities,us-gaap:Liabilities,reported,
balance_sheet,us-gaap:CommonStockValue,"Common stock, par value of $0.10 per share: Authorized 4.5 billion shares; 2.9 billion issued in 2019 and 2.2 billion issued in 2018",2Q22,292.0,BMY_SEC-XBRL-financials_as-presented_10-Q_2022-07-27_0000014272-22-000166.xlsx,Balance Sheet,"June 30,2022",Common stock,us-gaap:CommonStockValue,reported,
balance_sheet,us-gaap:AdditionalPaidInCapital,Capital in excess of par value of stock,2Q22,44375.0,BMY_SEC-XBRL-financials_as-presented_10-Q_2022-07-27_0000014272-22-000166.xlsx,Balance Sheet,"June 30,2022",Capital in excess of par value of stock,us-gaap:AdditionalPaidInCapital,reported,
balance_sheet,us-gaap:AccumulatedOtherComprehensiveIncomeLossNetOfTax,Accumulated other comprehensive loss,2Q22,-992.0,BMY_SEC-XBRL-financials_as-presented_10-Q_2022-07-27_0000014272-22-000166.xlsx,Balance Sheet,"June 30,2022",Accumulated other comprehensive loss,us-gaap:AccumulatedOtherComprehensiveIncomeLossNetOfTax,reported,
balance_sheet,us-gaap:RetainedEarningsAccumulatedDeficit,Retained earnings,2Q22,24217.0,BMY_SEC-XBRL-financials_as-presented_10-Q_2022-07-27_0000014272-22-000166.xlsx,Balance Sheet,"June 30,2022",Retained earnings,us-gaap:RetainedEarningsAccumulatedDeficit,reported,
balance_sheet,us-gaap:TreasuryStockValue,Less cost of treasury stock — 672 million common shares in 2019 and 576 million common shares in 2018,2Q22,-35292.0,BMY_SEC-XBRL-financials_as-presented_10-Q_2022-07-27_0000014272-22-000166.xlsx,Balance Sheet,"June 30,2022",Less cost of treasury stock,us-gaap:TreasuryStockValue,reported,
balance_sheet,us-gaap:StockholdersEquity,Total BMS Shareholders’ Equity,2Q22,32600.0,BMY_SEC-XBRL-financials_as-presented_10-Q_2022-07-27_0000014272-22-000166.xlsx,Balance Sheet,"June 30,2022",Total Bristol-Myers Squibb Company Shareholders’ Equity,us-gaap:StockholdersEquity,reported,
balance_sheet,us-gaap:MinorityInterest,Noncontrolling interest,2Q22,61.0,BMY_SEC-XBRL-financials_as-presented_10-Q_2022-07-27_0000014272-22-000166.xlsx,Balance Sheet,"June 30,2022",Noncontrolling interest,us-gaap:MinorityInterest,reported,
balance_sheet,us-gaap:StockholdersEquityIncludingPortionAttributableToNoncontrollingInterest,Total Equity,2Q22,32661.0,BMY_SEC-XBRL-financials_as-presented_10-Q_2022-07-27_0000014272-22-000166.xlsx,Balance Sheet,"June 30,2022",Total Equity,us-gaap:StockholdersEquityIncludingPortionAttributableToNoncontrollingInterest,reported,
balance_sheet,us-gaap:LiabilitiesAndStockholdersEquity,Total Liabilities and Equity,2Q22,100357.0,BMY_SEC-XBRL-financials_as-presented_10-Q_2022-07-27_0000014272-22-000166.xlsx,Balance Sheet,"June 30,2022",Total Liabilities and Equity,us-gaap:LiabilitiesAndStockholdersEquity,reported,
cash_flow,us-gaap:ProfitLoss,Net earnings/(loss),6M22,2712.0,BMY_SEC-XBRL-financials_as-presented_10-Q_2022-07-27_0000014272-22-000166.xlsx,Cash Flow,"Six Months Ended June 30, 2022",Net earnings,us-gaap:ProfitLoss,reported,
cash_flow,us-gaap:DepreciationDepletionAndAmortization,"Depreciation and amortization, net",6M22,5167.0,BMY_SEC-XBRL-financials_as-presented_10-Q_2022-07-27_0000014272-22-000166.xlsx,Cash Flow,"Six Months Ended June 30, 2022","Depreciation and amortization, net",us-gaap:DepreciationDepletionAndAmortization,reported,
cash_flow,us-gaap:DeferredIncomeTaxExpenseBenefit,Deferred income taxes,6M22,-1469.0,BMY_SEC-XBRL-financials_as-presented_10-Q_2022-07-27_0000014272-22-000166.xlsx,Cash Flow,"Six Months Ended June 30, 2022",Deferred income taxes,us-gaap:DeferredIncomeTaxExpenseBenefit,reported,
cash_flow,us-gaap:ShareBasedCompensation,Stock-based compensation,6M22,223.0,BMY_SEC-XBRL-financials_as-presented_10-Q_2022-07-27_0000014272-22-000166.xlsx,Cash Flow,"Six Months Ended June 30, 2022",Stock-based compensation,us-gaap:ShareBasedCompensation,reported,
cash_flow,us-gaap:ImpairmentOfLongLivedAssetsToBeDisposedOf,Impairment charges,6M22,83.0,BMY_SEC-XBRL-financials_as-presented_10-Q_2022-07-27_0000014272-22-000166.xlsx,Cash Flow,"Six Months Ended June 30, 2022",Impairment charges,us-gaap:ImpairmentOfLongLivedAssetsToBeDisposedOf,reported,
cash_flow,bmy:DivestitureGainsAndRoyalties,Divestiture gains and royalties,6M22,-612.0,BMY_SEC-XBRL-financials_as-presented_10-Q_2022-07-27_0000014272-22-000166.xlsx,Cash Flow,"Six Months Ended June 30, 2022",Divestiture gains and royalties,bmy:Divestituregainsandroyalties,reported,
cash_flow,bmy:AcquiredIPRD,Acquired IPRD,6M22,733.0,BMY_SEC-XBRL-financials_as-presented_10-Q_2022-07-27_0000014272-22-000166.xlsx,Cash Flow,"Six Months Ended June 30, 2022",Acquired IPRD,bmy:AcquiredIPRD,reported,
cash_flow,us-gaap:GainLossOnInvestments,Equity investment gains,6M22,952.0,BMY_SEC-XBRL-financials_as-presented_10-Q_2022-07-27_0000014272-22-000166.xlsx,Cash Flow,"Six Months Ended June 30, 2022",Equity investment losses/(gains),us-gaap:GainLossOnInvestments,reported,
cash_flow,us-gaap:BusinessCombinationContingentConsiderationArrangementsChangeInAmountOfContingentConsiderationLiability1,Contingent consideration fair value adjustments,6M22,1.0,BMY_SEC-XBRL-financials_as-presented_10-Q_2022-07-27_0000014272-22-000166.xlsx,Cash Flow,"Six Months Ended June 30, 2022",Contingent consideration fair value adjustments,us-gaap:BusinessCombinationContingentConsiderationArrangementsChangeInAmountOfContingentConsiderationLiability1,reported,
cash_flow,us-gaap:OtherNoncashIncomeExpense,Other adjustments,6M22,218.0,BMY_SEC-XBRL-financials_as-presented_10-Q_2022-07-27_0000014272-22-000166.xlsx,Cash Flow,"Six Months Ended June 30, 2022",Other adjustments,us-gaap:OtherNoncashIncomeExpense,reported,
cash_flow,us-gaap:IncreaseDecreaseInReceivables,Receivables,6M22,117.0,BMY_SEC-XBRL-financials_as-presented_10-Q_2022-07-27_0000014272-22-000166.xlsx,Cash Flow,"Six Months Ended June 30, 2022",Receivables,us-gaap:IncreaseDecreaseInReceivables,reported,
cash_flow,us-gaap:IncreaseDecreaseInInventories,Inventories,6M22,-12.0,BMY_SEC-XBRL-financials_as-presented_10-Q_2022-07-27_0000014272-22-000166.xlsx,Cash Flow,"Six Months Ended June 30, 2022",Inventories,us-gaap:IncreaseDecreaseInInventories,reported,
cash_flow,us-gaap:IncreaseDecreaseInAccountsPayable,Accounts payable,6M22,4.0,BMY_SEC-XBRL-financials_as-presented_10-Q_2022-07-27_0000014272-22-000166.xlsx,Cash Flow,"Six Months Ended June 30, 2022",Accounts payable,us-gaap:IncreaseDecreaseInAccountsPayable,reported,
cash_flow,us-gaap:IncreaseDecreaseInOtherAccruedLiabilities,Rebates and discounts,6M22,-410.0,BMY_SEC-XBRL-financials_as-presented_10-Q_2022-07-27_0000014272-22-000166.xlsx,Cash Flow,"Six Months Ended June 30, 2022",Rebates and discounts,us-gaap:IncreaseDecreaseInOtherAccruedLiabilities,reported,
cash_flow,us-gaap:IncreaseDecreaseInAccruedIncomeTaxesPayable,Income taxes payable,6M22,-370.0,BMY_SEC-XBRL-financials_as-presented_10-Q_2022-07-27_0000014272-22-000166.xlsx,Cash Flow,"Six Months Ended June 30, 2022",Income taxes payable,us-gaap:IncreaseDecreaseInAccruedIncomeTaxesPayable,reported,
cash_flow,us-gaap:IncreaseDecreaseInOtherOperatingCapitalNet,Other,6M22,-1264.0,BMY_SEC-XBRL-financials_as-presented_10-Q_2022-07-27_0000014272-22-000166.xlsx,Cash Flow,"Six Months Ended June 30, 2022",Other,us-gaap:IncreaseDecreaseInOtherOperatingCapitalNet,reported,
cash_flow,us-gaap:NetCashProvidedByUsedInOperatingActivities,Net cash provided by operating activities,6M22,6073.0,BMY_SEC-XBRL-financials_as-presented_10-Q_2022-07-27_0000014272-22-000166.xlsx,Cash Flow,"Six Months Ended June 30, 2022",Net Cash Provided by Operating Activities,us-gaap:NetCashProvidedByUsedInOperatingActivities,reported,
cash_flow,us-gaap:ProceedsFromSaleAndMaturityOfAvailableForSaleSecurities,Sale and maturities of marketable debt securities,6M22,3788.0,BMY_SEC-XBRL-financials_as-presented_10-Q_2022-07-27_0000014272-22-000166.xlsx,Cash Flow,"Six Months Ended June 30, 2022",Sale and maturities of marketable debt securities,us-gaap:ProceedsFromSaleAndMaturityOfAvailableForSaleSecurities,reported,
cash_flow,us-gaap:PaymentsToAcquireMarketableSecurities,Purchase of marketable debt securities,6M22,-3292.0,BMY_SEC-XBRL-financials_as-presented_10-Q_2022-07-27_0000014272-22-000166.xlsx,Cash Flow,"Six Months Ended June 30, 2022",Purchase of marketable debt securities,us-gaap:PaymentsToAcquireMarketableSecurities,reported,
cash_flow,us-gaap:ProceedsFromSaleOfEquitySecuritiesFvNi,Proceeds from sales of equity investments,6M22,150.0,BMY_SEC-XBRL-financials_as-presented_10-Q_2022-07-27_0000014272-22-000166.xlsx,Cash Flow,"Six Months Ended June 30, 2022",Proceeds from sales of equity investment securities,us-gaap:ProceedsFromSaleOfEquitySecuritiesFvNi,reported,
cash_flow,us-gaap:PaymentsToAcquirePropertyPlantAndEquipment,Capital expenditures,6M22,-525.0,BMY_SEC-XBRL-financials_as-presented_10-Q_2022-07-27_0000014272-22-000166.xlsx,Cash Flow,"Six Months Ended June 30, 2022",Capital expenditures,us-gaap:PaymentsToAcquirePropertyPlantAndEquipment,reported,
cash_flow,bmy:DivestitureAndOtherProceeds,Divestiture and other proceeds,6M22,594.0,BMY_SEC-XBRL-financials_as-presented_10-Q_2022-07-27_0000014272-22-000166.xlsx,Cash Flow,"Six Months Ended June 30, 2022",Divestiture and other proceeds,bmy:Divestitureandotherproceeds,reported,
cash_flow,us-gaap:PaymentsToAcquireBusinessesNetOfCashAcquired,"Acquisition and other payments, net of cash acquired",6M22,-909.0,BMY_SEC-XBRL-financials_as-presented_10-Q_2022-07-27_0000014272-22-000166.xlsx,Cash Flow,"Six Months Ended June 30, 2022","Acquisition and other payments, net of cash acquired",us-gaap:PaymentsToAcquireBusinessesNetOfCashAcquired,reported,
cash_flow,us-gaap:NetCashProvidedByUsedInInvestingActivities,Net cash provided by/(used in) investing activities,6M22,-194.0,BMY_SEC-XBRL-financials_as-presented_10-Q_2022-07-27_0000014272-22-000166.xlsx,Cash Flow,"Six Months Ended June 30, 2022",Net Cash (Used in)/Provided by Investing Activities,us-gaap:NetCashProvidedByUsedInInvestingActivities,reported,
cash_flow,us-gaap:ProceedsFromRepaymentsOfShortTermDebt,"Short-term debt obligations, net",6M22,130.0,BMY_SEC-XBRL-financials_as-presented_10-Q_2022-07-27_0000014272-22-000166.xlsx,Cash Flow,"Six Months Ended June 30, 2022","Short-term debt obligations, net",us-gaap:ProceedsFromRepaymentsOfShortTermDebt,reported,
cash_flow,us-gaap:ProceedsFromIssuanceOfLongTermDebt,Proceeds from issuance of long-term debt,6M22,5926.0,BMY_SEC-XBRL-financials_as-presented_10-Q_2022-07-27_0000014272-22-000166.xlsx,Cash Flow,"Six Months Ended June 30, 2022",Issuance of long-term debt,us-gaap:ProceedsFromIssuanceOfDebt,reported,
cash_flow,us-gaap:RepaymentsOfLongTermDebt,Repayments of long-term debt,6M22,-8646.0,BMY_SEC-XBRL-financials_as-presented_10-Q_2022-07-27_0000014272-22-000166.xlsx,Cash Flow,"Six Months Ended June 30, 2022",Repayment of long-term debt,us-gaap:RepaymentsOfLongTermDebt,reported,
cash_flow,us-gaap:PaymentsForRepurchaseOfCommonStock,Repurchase of common stock,6M22,-5000.0,BMY_SEC-XBRL-financials_as-presented_10-Q_2022-07-27_0000014272-22-000166.xlsx,Cash Flow,"Six Months Ended June 30, 2022",Repurchase of common stock,us-gaap:PaymentsForRepurchaseOfCommonStock,reported,
cash_flow,us-gaap:PaymentsOfDividends,Dividends,6M22,-2335.0,BMY_SEC-XBRL-financials_as-presented_10-Q_2022-07-27_0000014272-22-000166.xlsx,Cash Flow,"Six Months Ended June 30, 2022",Dividends,us-gaap:PaymentsOfDividends,reported,
cash_flow,us-gaap:NetCashProvidedByUsedInFinancingActivities,Net cash provided by/(used in) financing activities,6M22,-9173.0,BMY_SEC-XBRL-financials_as-presented_10-Q_2022-07-27_0000014272-22-000166.xlsx,Cash Flow,"Six Months Ended June 30, 2022",Net Cash Used in Financing Activities,us-gaap:NetCashProvidedByUsedInFinancingActivities,reported,
cash_flow,us-gaap:EffectOfExchangeRateOnCashCashEquivalentsRestrictedCashAndRestrictedCashEquivalents,"Effect of exchange rates on cash, cash equivalents and restricted cash",6M22,-62.0,BMY_SEC-XBRL-financials_as-presented_10-Q_2022-07-27_0000014272-22-000166.xlsx,Cash Flow,"Six Months Ended June 30, 2022","Effect of Exchange Rates on Cash, Cash Equivalents and Restricted Cash",us-gaap:EffectOfExchangeRateOnCashCashEquivalentsRestrictedCashAndRestrictedCashEquivalents,reported,
cash_flow,us-gaap:CashCashEquivalentsRestrictedCashAndRestrictedCashEquivalentsPeriodIncreaseDecreaseIncludingExchangeRateEffect,"Increase/(decrease) in cash, cash equivalents and restricted cash",6M22,-3356.0,BMY_SEC-XBRL-financials_as-presented_10-Q_2022-07-27_0000014272-22-000166.xlsx,Cash Flow,"Six Months Ended June 30, 2022","Decrease in Cash, Cash Equivalents and Restricted Cash",us-gaap:CashCashEquivalentsRestrictedCashAndRestrictedCashEquivalentsPeriodIncreaseDecreaseIncludingExchangeRateEffect,reported,
cash_flow,us-gaap:CashCashEquivalentsRestrictedCashAndRestrictedCashEquivalents,"Cash, cash equivalents and restricted cash at beginning of period",6M22,14316.0,BMY_SEC-XBRL-financials_as-presented_10-Q_2022-07-27_0000014272-22-000166.xlsx,Cash Flow,"Six Months Ended June 30, 2022","Cash, Cash Equivalents and Restricted Cash at Beginning of Period",us-gaap:CashCashEquivalentsRestrictedCashAndRestrictedCashEquivalents,reported,
income_statement,us-gaap:Revenues,Net product sales,3Q22,10813.0,BMY_SEC-XBRL-financials_as-presented_10-Q_2022-10-26_0000014272-22-000196.xlsx,Income Statement,"Three Months Ended September 30, 2022",Net product sales,us-gaap:Revenues,reported,
income_statement,us-gaap:Revenues,Net product sales,9M22,33606.0,BMY_SEC-XBRL-financials_as-presented_10-Q_2022-10-26_0000014272-22-000196.xlsx,Income Statement,"Nine Months Ended September 30, 2022",Net product sales,us-gaap:Revenues,reported,
income_statement,us-gaap:CostOfGoodsAndServicesSold,Cost of products sold(a),3Q22,2353.0,BMY_SEC-XBRL-financials_as-presented_10-Q_2022-10-26_0000014272-22-000196.xlsx,Income Statement,"Three Months Ended September 30, 2022",Cost of products sold(a),us-gaap:CostOfGoodsAndServicesSold,reported,
income_statement,us-gaap:CostOfGoodsAndServicesSold,Cost of products sold(a),9M22,7544.0,BMY_SEC-XBRL-financials_as-presented_10-Q_2022-10-26_0000014272-22-000196.xlsx,Income Statement,"Nine Months Ended September 30, 2022",Cost of products sold(a),us-gaap:CostOfGoodsAndServicesSold,reported,
income_statement,us-gaap:SellingGeneralAndAdministrativeExpense,"Selling, general and administrative",3Q22,1930.0,BMY_SEC-XBRL-financials_as-presented_10-Q_2022-10-26_0000014272-22-000196.xlsx,Income Statement,"Three Months Ended September 30, 2022","Marketing, selling and administrative",us-gaap:SellingGeneralAndAdministrativeExpense,reported,
income_statement,us-gaap:SellingGeneralAndAdministrativeExpense,"Selling, general and administrative",9M22,5548.0,BMY_SEC-XBRL-financials_as-presented_10-Q_2022-10-26_0000014272-22-000196.xlsx,Income Statement,"Nine Months Ended September 30, 2022","Marketing, selling and administrative",us-gaap:SellingGeneralAndAdministrativeExpense,reported,
income_statement,us-gaap:ResearchAndDevelopmentExpense,Research and development,3Q22,2418.0,BMY_SEC-XBRL-financials_as-presented_10-Q_2022-10-26_0000014272-22-000196.xlsx,Income Statement,"Three Months Ended September 30, 2022",Research and development,us-gaap:ResearchAndDevelopmentExpense,reported,
income_statement,us-gaap:ResearchAndDevelopmentExpense,Research and development,9M22,6999.0,BMY_SEC-XBRL-financials_as-presented_10-Q_2022-10-26_0000014272-22-000196.xlsx,Income Statement,"Nine Months Ended September 30, 2022",Research and development,us-gaap:ResearchAndDevelopmentExpense,reported,
income_statement,bmy:AcquiredIPRD,Acquired IPRD,3Q22,30.0,BMY_SEC-XBRL-financials_as-presented_10-Q_2022-10-26_0000014272-22-000196.xlsx,Income Statement,"Three Months Ended September 30, 2022",Acquired IPRD,bmy:AcquiredIPRD,reported,
income_statement,bmy:AcquiredIPRD,Acquired IPRD,9M22,763.0,BMY_SEC-XBRL-financials_as-presented_10-Q_2022-10-26_0000014272-22-000196.xlsx,Income Statement,"Nine Months Ended September 30, 2022",Acquired IPRD,bmy:AcquiredIPRD,reported,
income_statement,bmy:AmortizationofAcquiredIntangibleAssets,Amortization of acquired intangible assets,3Q22,2418.0,BMY_SEC-XBRL-financials_as-presented_10-Q_2022-10-26_0000014272-22-000196.xlsx,Income Statement,"Three Months Ended September 30, 2022",Amortization of acquired intangible assets,bmy:AmortizationofAcquiredIntangibleAssets,reported,
income_statement,bmy:AmortizationofAcquiredIntangibleAssets,Amortization of acquired intangible assets,9M22,7252.0,BMY_SEC-XBRL-financials_as-presented_10-Q_2022-10-26_0000014272-22-000196.xlsx,Income Statement,"Nine Months Ended September 30, 2022",Amortization of acquired intangible assets,bmy:AmortizationofAcquiredIntangibleAssets,reported,
income_statement,us-gaap:OtherNonoperatingIncomeExpense,"Other (income)/expense, net",3Q22,-140.0,BMY_SEC-XBRL-financials_as-presented_10-Q_2022-10-26_0000014272-22-000196.xlsx,Income Statement,"Three Months Ended September 30, 2022","Other (income)/expense, net",us-gaap:OtherNonoperatingIncomeExpense,reported,
income_statement,us-gaap:OtherNonoperatingIncomeExpense,"Other (income)/expense, net",9M22,793.0,BMY_SEC-XBRL-financials_as-presented_10-Q_2022-10-26_0000014272-22-000196.xlsx,Income Statement,"Nine Months Ended September 30, 2022","Other (income)/expense, net",us-gaap:OtherNonoperatingIncomeExpense,reported,
income_statement,us-gaap:CostsAndExpenses,Total Expenses,3Q22,9009.0,BMY_SEC-XBRL-financials_as-presented_10-Q_2022-10-26_0000014272-22-000196.xlsx,Income Statement,"Three Months Ended September 30, 2022",Total Expenses,us-gaap:CostsAndExpenses,reported,
income_statement,us-gaap:CostsAndExpenses,Total Expenses,9M22,28899.0,BMY_SEC-XBRL-financials_as-presented_10-Q_2022-10-26_0000014272-22-000196.xlsx,Income Statement,"Nine Months Ended September 30, 2022",Total Expenses,us-gaap:CostsAndExpenses,reported,
income_statement,us-gaap:IncomeLossFromContinuingOperationsBeforeIncomeTaxesExtraordinaryItemsNoncontrollingInterest,Earnings/(Loss) before income taxes,3Q22,2209.0,BMY_SEC-XBRL-financials_as-presented_10-Q_2022-10-26_0000014272-22-000196.xlsx,Income Statement,"Three Months Ended September 30, 2022",Earnings Before Income Taxes,us-gaap:IncomeLossFromContinuingOperationsBeforeIncomeTaxesExtraordinaryItemsNoncontrollingInterest,reported,
income_statement,us-gaap:IncomeLossFromContinuingOperationsBeforeIncomeTaxesExtraordinaryItemsNoncontrollingInterest,Earnings/(Loss) before income taxes,9M22,5854.0,BMY_SEC-XBRL-financials_as-presented_10-Q_2022-10-26_0000014272-22-000196.xlsx,Income Statement,"Nine Months Ended September 30, 2022",Earnings Before Income Taxes,us-gaap:IncomeLossFromContinuingOperationsBeforeIncomeTaxesExtraordinaryItemsNoncontrollingInterest,reported,
income_statement,us-gaap:IncomeTaxExpenseBenefit,Income tax provision,3Q22,601.0,BMY_SEC-XBRL-financials_as-presented_10-Q_2022-10-26_0000014272-22-000196.xlsx,Income Statement,"Three Months Ended September 30, 2022",Provision for Income Taxes,us-gaap:IncomeTaxExpenseBenefit,reported,
income_statement,us-gaap:IncomeTaxExpenseBenefit,Income tax provision,9M22,1534.0,BMY_SEC-XBRL-financials_as-presented_10-Q_2022-10-26_0000014272-22-000196.xlsx,Income Statement,"Nine Months Ended September 30, 2022",Provision for Income Taxes,us-gaap:IncomeTaxExpenseBenefit,reported,
income_statement,us-gaap:ProfitLoss,Net earnings/(loss),3Q22,1608.0,BMY_SEC-XBRL-financials_as-presented_10-Q_2022-10-26_0000014272-22-000196.xlsx,Income Statement,"Three Months Ended September 30, 2022",Net Earnings,us-gaap:ProfitLoss,reported,
income_statement,us-gaap:ProfitLoss,Net earnings/(loss),9M22,4320.0,BMY_SEC-XBRL-financials_as-presented_10-Q_2022-10-26_0000014272-22-000196.xlsx,Income Statement,"Nine Months Ended September 30, 2022",Net Earnings,us-gaap:ProfitLoss,reported,
income_statement,us-gaap:ComprehensiveIncomeNetOfTaxAttributableToNoncontrollingInterest,Noncontrolling Interest,3Q22,2.0,BMY_SEC-XBRL-financials_as-presented_10-Q_2022-10-26_0000014272-22-000196.xlsx,Income Statement,"Three Months Ended September 30, 2022",Noncontrolling Interest,us-gaap:ComprehensiveIncomeNetOfTaxAttributableToNoncontrollingInterest,reported,
income_statement,us-gaap:ComprehensiveIncomeNetOfTaxAttributableToNoncontrollingInterest,Noncontrolling Interest,9M22,15.0,BMY_SEC-XBRL-financials_as-presented_10-Q_2022-10-26_0000014272-22-000196.xlsx,Income Statement,"Nine Months Ended September 30, 2022",Noncontrolling Interest,us-gaap:ComprehensiveIncomeNetOfTaxAttributableToNoncontrollingInterest,reported,
income_statement,us-gaap:NetIncomeLoss,Net earnings/(loss) attributable to BMS,3Q22,1606.0,BMY_SEC-XBRL-financials_as-presented_10-Q_2022-10-26_0000014272-22-000196.xlsx,Income Statement,"Three Months Ended September 30, 2022",Net Earnings Attributable to BMS,us-gaap:NetIncomeLoss,reported,
income_statement,us-gaap:NetIncomeLoss,Net earnings/(loss) attributable to BMS,9M22,4305.0,BMY_SEC-XBRL-financials_as-presented_10-Q_2022-10-26_0000014272-22-000196.xlsx,Income Statement,"Nine Months Ended September 30, 2022",Net Earnings Attributable to BMS,us-gaap:NetIncomeLoss,reported,
income_statement,us-gaap:EarningsPerShareBasic,Basic,3Q22,0.75,BMY_SEC-XBRL-financials_as-presented_10-Q_2022-10-26_0000014272-22-000196.xlsx,Income Statement,"Three Months Ended September 30, 2022",Basic,us-gaap:EarningsPerShareBasic,reported,
income_statement,us-gaap:EarningsPerShareBasic,Basic,9M22,2.01,BMY_SEC-XBRL-financials_as-presented_10-Q_2022-10-26_0000014272-22-000196.xlsx,Income Statement,"Nine Months Ended September 30, 2022",Basic,us-gaap:EarningsPerShareBasic,reported,
income_statement,us-gaap:EarningsPerShareDiluted,Diluted,3Q22,0.75,BMY_SEC-XBRL-financials_as-presented_10-Q_2022-10-26_0000014272-22-000196.xlsx,Income Statement,"Three Months Ended September 30, 2022",Diluted,us-gaap:EarningsPerShareDiluted,reported,
income_statement,us-gaap:EarningsPerShareDiluted,Diluted,9M22,2.0,BMY_SEC-XBRL-financials_as-presented_10-Q_2022-10-26_0000014272-22-000196.xlsx,Income Statement,"Nine Months Ended September 30, 2022",Diluted,us-gaap:EarningsPerShareDiluted,reported,
balance_sheet,us-gaap:CashAndCashEquivalentsAtCarryingValue,Cash and cash equivalents,3Q22,7734.0,BMY_SEC-XBRL-financials_as-presented_10-Q_2022-10-26_0000014272-22-000196.xlsx,Balance Sheet,"September 30,2022",Cash and cash equivalents,us-gaap:CashAndCashEquivalentsAtCarryingValue,reported,
balance_sheet,us-gaap:MarketableSecuritiesCurrent,Marketable debt securities,3Q22,1293.0,BMY_SEC-XBRL-financials_as-presented_10-Q_2022-10-26_0000014272-22-000196.xlsx,Balance Sheet,"September 30,2022",Marketable debt securities,us-gaap:MarketableSecuritiesCurrent,reported,
balance_sheet,us-gaap:ReceivablesNetCurrent,Receivables,3Q22,9613.0,BMY_SEC-XBRL-financials_as-presented_10-Q_2022-10-26_0000014272-22-000196.xlsx,Balance Sheet,"September 30,2022",Receivables,us-gaap:ReceivablesNetCurrent,reported,
balance_sheet,us-gaap:InventoryNet,Inventories,3Q22,2074.0,BMY_SEC-XBRL-financials_as-presented_10-Q_2022-10-26_0000014272-22-000196.xlsx,Balance Sheet,"September 30,2022",Inventories,us-gaap:InventoryNet,reported,
balance_sheet,us-gaap:OtherAssetsCurrent,Other current assets,3Q22,6082.0,BMY_SEC-XBRL-financials_as-presented_10-Q_2022-10-26_0000014272-22-000196.xlsx,Balance Sheet,"September 30,2022",Other current assets,us-gaap:OtherAssetsCurrent,reported,
balance_sheet,us-gaap:AssetsCurrent,Total Current assets,3Q22,26796.0,BMY_SEC-XBRL-financials_as-presented_10-Q_2022-10-26_0000014272-22-000196.xlsx,Balance Sheet,"September 30,2022",Total Current Assets,us-gaap:AssetsCurrent,reported,
balance_sheet,us-gaap:PropertyPlantAndEquipmentNet,"Property, plant and equipment",3Q22,6035.0,BMY_SEC-XBRL-financials_as-presented_10-Q_2022-10-26_0000014272-22-000196.xlsx,Balance Sheet,"September 30,2022","Property, plant and equipment",us-gaap:PropertyPlantAndEquipmentNet,reported,
balance_sheet,us-gaap:Goodwill,Goodwill,3Q22,21112.0,BMY_SEC-XBRL-financials_as-presented_10-Q_2022-10-26_0000014272-22-000196.xlsx,Balance Sheet,"September 30,2022",Goodwill,us-gaap:Goodwill,reported,
balance_sheet,us-gaap:IntangibleAssetsNetExcludingGoodwill,Other intangible assets,3Q22,38179.0,BMY_SEC-XBRL-financials_as-presented_10-Q_2022-10-26_0000014272-22-000196.xlsx,Balance Sheet,"September 30,2022",Other intangible assets,us-gaap:IntangibleAssetsNetExcludingGoodwill,reported,
balance_sheet,us-gaap:DeferredIncomeTaxAssetsNet,Deferred income taxes,3Q22,1329.0,BMY_SEC-XBRL-financials_as-presented_10-Q_2022-10-26_0000014272-22-000196.xlsx,Balance Sheet,"September 30,2022",Deferred income taxes,us-gaap:DeferredIncomeTaxAssetsNet,reported,
balance_sheet,us-gaap:OtherAssetsNoncurrent,Other non-current assets,3Q22,4745.0,BMY_SEC-XBRL-financials_as-presented_10-Q_2022-10-26_0000014272-22-000196.xlsx,Balance Sheet,"September 30,2022",Other non-current assets,us-gaap:OtherAssetsNoncurrent,reported,
balance_sheet,us-gaap:Assets,Total Assets,3Q22,98196.0,BMY_SEC-XBRL-financials_as-presented_10-Q_2022-10-26_0000014272-22-000196.xlsx,Balance Sheet,"September 30,2022",Total Assets,us-gaap:Assets,reported,
balance_sheet,us-gaap:DebtCurrent,Short-term debt obligations,3Q22,2132.0,BMY_SEC-XBRL-financials_as-presented_10-Q_2022-10-26_0000014272-22-000196.xlsx,Balance Sheet,"September 30,2022",Short-term debt obligations,us-gaap:DebtCurrent,reported,
balance_sheet,us-gaap:AccountsPayableCurrent,Accounts payable,3Q22,2595.0,BMY_SEC-XBRL-financials_as-presented_10-Q_2022-10-26_0000014272-22-000196.xlsx,Balance Sheet,"September 30,2022",Accounts payable,us-gaap:AccountsPayableCurrent,reported,
balance_sheet,us-gaap:OtherLiabilitiesCurrent,Other current liabilities,3Q22,14203.0,BMY_SEC-XBRL-financials_as-presented_10-Q_2022-10-26_0000014272-22-000196.xlsx,Balance Sheet,"September 30,2022",Other current liabilities,us-gaap:OtherLiabilitiesCurrent,reported,
balance_sheet,us-gaap:LiabilitiesCurrent,Total Current liabilities,3Q22,18930.0,BMY_SEC-XBRL-financials_as-presented_10-Q_2022-10-26_0000014272-22-000196.xlsx,Balance Sheet,"September 30,2022",Total Current Liabilities,us-gaap:LiabilitiesCurrent,reported,
balance_sheet,us-gaap:DeferredIncomeTaxLiabilitiesNet,Deferred income taxes,3Q22,2881.0,BMY_SEC-XBRL-financials_as-presented_10-Q_2022-10-26_0000014272-22-000196.xlsx,Balance Sheet,"September 30,2022",Deferred income taxes,us-gaap:DeferredIncomeTaxLiabilitiesNet,reported,
balance_sheet,us-gaap:LongTermDebtNoncurrent,Long-term debt,3Q22,36966.0,BMY_SEC-XBRL-financials_as-presented_10-Q_2022-10-26_0000014272-22-000196.xlsx,Balance Sheet,"September 30,2022",Long-term debt,us-gaap:LongTermDebtNoncurrent,reported,
balance_sheet,us-gaap:OtherLiabilitiesNoncurrent,Other non-current liabilities,3Q22,6685.0,BMY_SEC-XBRL-financials_as-presented_10-Q_2022-10-26_0000014272-22-000196.xlsx,Balance Sheet,"September 30,2022",Other non-current liabilities,us-gaap:OtherLiabilitiesNoncurrent,reported,
balance_sheet,us-gaap:Liabilities,Total Liabilities,3Q22,65462.0,BMY_SEC-XBRL-financials_as-presented_10-Q_2022-10-26_0000014272-22-000196.xlsx,Balance Sheet,"September 30,2022",Total Liabilities,us-gaap:Liabilities,reported,
balance_sheet,us-gaap:CommonStockValue,"Common stock, par value of $0.10 per share: Authorized 4.5 billion shares; 2.9 billion issued in 2019 and 2.2 billion issued in 2018",3Q22,292.0,BMY_SEC-XBRL-financials_as-presented_10-Q_2022-10-26_0000014272-22-000196.xlsx,Balance Sheet,"September 30,2022",Common stock,us-gaap:CommonStockValue,reported,
balance_sheet,us-gaap:AdditionalPaidInCapital,Capital in excess of par value of stock,3Q22,44956.0,BMY_SEC-XBRL-financials_as-presented_10-Q_2022-10-26_0000014272-22-000196.xlsx,Balance Sheet,"September 30,2022",Capital in excess of par value of stock,us-gaap:AdditionalPaidInCapital,reported,
balance_sheet,us-gaap:AccumulatedOtherComprehensiveIncomeLossNetOfTax,Accumulated other comprehensive loss,3Q22,-841.0,BMY_SEC-XBRL-financials_as-presented_10-Q_2022-10-26_0000014272-22-000196.xlsx,Balance Sheet,"September 30,2022",Accumulated other comprehensive loss,us-gaap:AccumulatedOtherComprehensiveIncomeLossNetOfTax,reported,
balance_sheet,us-gaap:RetainedEarningsAccumulatedDeficit,Retained earnings,3Q22,24675.0,BMY_SEC-XBRL-financials_as-presented_10-Q_2022-10-26_0000014272-22-000196.xlsx,Balance Sheet,"September 30,2022",Retained earnings,us-gaap:RetainedEarningsAccumulatedDeficit,reported,
balance_sheet,us-gaap:TreasuryStockValue,Less cost of treasury stock — 672 million common shares in 2019 and 576 million common shares in 2018,3Q22,-36411.0,BMY_SEC-XBRL-financials_as-presented_10-Q_2022-10-26_0000014272-22-000196.xlsx,Balance Sheet,"September 30,2022",Less cost of treasury stock,us-gaap:TreasuryStockValue,reported,
balance_sheet,us-gaap:StockholdersEquity,Total BMS Shareholders’ Equity,3Q22,32671.0,BMY_SEC-XBRL-financials_as-presented_10-Q_2022-10-26_0000014272-22-000196.xlsx,Balance Sheet,"September 30,2022",Total Bristol-Myers Squibb Company Shareholders’ Equity,us-gaap:StockholdersEquity,reported,
balance_sheet,us-gaap:MinorityInterest,Noncontrolling interest,3Q22,63.0,BMY_SEC-XBRL-financials_as-presented_10-Q_2022-10-26_0000014272-22-000196.xlsx,Balance Sheet,"September 30,2022",Noncontrolling interest,us-gaap:MinorityInterest,reported,
balance_sheet,us-gaap:StockholdersEquityIncludingPortionAttributableToNoncontrollingInterest,Total Equity,3Q22,32734.0,BMY_SEC-XBRL-financials_as-presented_10-Q_2022-10-26_0000014272-22-000196.xlsx,Balance Sheet,"September 30,2022",Total Equity,us-gaap:StockholdersEquityIncludingPortionAttributableToNoncontrollingInterest,reported,
balance_sheet,us-gaap:LiabilitiesAndStockholdersEquity,Total Liabilities and Equity,3Q22,98196.0,BMY_SEC-XBRL-financials_as-presented_10-Q_2022-10-26_0000014272-22-000196.xlsx,Balance Sheet,"September 30,2022",Total Liabilities and Equity,us-gaap:LiabilitiesAndStockholdersEquity,reported,
cash_flow,us-gaap:ProfitLoss,Net earnings/(loss),9M22,4320.0,BMY_SEC-XBRL-financials_as-presented_10-Q_2022-10-26_0000014272-22-000196.xlsx,Cash Flow,"Nine Months Ended September 30, 2022",Net earnings,us-gaap:ProfitLoss,reported,
cash_flow,us-gaap:DepreciationDepletionAndAmortization,"Depreciation and amortization, net",9M22,7755.0,BMY_SEC-XBRL-financials_as-presented_10-Q_2022-10-26_0000014272-22-000196.xlsx,Cash Flow,"Nine Months Ended September 30, 2022","Depreciation and amortization, net",us-gaap:DepreciationDepletionAndAmortization,reported,
cash_flow,us-gaap:DeferredIncomeTaxExpenseBenefit,Deferred income taxes,9M22,-2114.0,BMY_SEC-XBRL-financials_as-presented_10-Q_2022-10-26_0000014272-22-000196.xlsx,Cash Flow,"Nine Months Ended September 30, 2022",Deferred income taxes,us-gaap:DeferredIncomeTaxExpenseBenefit,reported,
cash_flow,us-gaap:ShareBasedCompensation,Stock-based compensation,9M22,338.0,BMY_SEC-XBRL-financials_as-presented_10-Q_2022-10-26_0000014272-22-000196.xlsx,Cash Flow,"Nine Months Ended September 30, 2022",Stock-based compensation,us-gaap:ShareBasedCompensation,reported,
cash_flow,us-gaap:ImpairmentOfLongLivedAssetsToBeDisposedOf,Impairment charges,9M22,144.0,BMY_SEC-XBRL-financials_as-presented_10-Q_2022-10-26_0000014272-22-000196.xlsx,Cash Flow,"Nine Months Ended September 30, 2022",Impairment charges,us-gaap:ImpairmentOfLongLivedAssetsToBeDisposedOf,reported,
cash_flow,bmy:DivestitureGainsAndRoyalties,Divestiture gains and royalties,9M22,-820.0,BMY_SEC-XBRL-financials_as-presented_10-Q_2022-10-26_0000014272-22-000196.xlsx,Cash Flow,"Nine Months Ended September 30, 2022",Divestiture gains and royalties,bmy:Divestituregainsandroyalties,reported,
cash_flow,bmy:AcquiredIPRD,Acquired IPRD,9M22,763.0,BMY_SEC-XBRL-financials_as-presented_10-Q_2022-10-26_0000014272-22-000196.xlsx,Cash Flow,"Nine Months Ended September 30, 2022",Acquired IPRD,bmy:AcquiredIPRD,reported,
cash_flow,us-gaap:GainLossOnInvestments,Equity investment gains,9M22,966.0,BMY_SEC-XBRL-financials_as-presented_10-Q_2022-10-26_0000014272-22-000196.xlsx,Cash Flow,"Nine Months Ended September 30, 2022",Equity investment losses/(income),us-gaap:GainLossOnInvestments,reported,
cash_flow,us-gaap:BusinessCombinationContingentConsiderationArrangementsChangeInAmountOfContingentConsiderationLiability1,Contingent consideration fair value adjustments,9M22,1.0,BMY_SEC-XBRL-financials_as-presented_10-Q_2022-10-26_0000014272-22-000196.xlsx,Cash Flow,"Nine Months Ended September 30, 2022",Contingent consideration fair value adjustments,us-gaap:BusinessCombinationContingentConsiderationArrangementsChangeInAmountOfContingentConsiderationLiability1,reported,
cash_flow,us-gaap:OtherNoncashIncomeExpense,Other adjustments,9M22,178.0,BMY_SEC-XBRL-financials_as-presented_10-Q_2022-10-26_0000014272-22-000196.xlsx,Cash Flow,"Nine Months Ended September 30, 2022",Other adjustments,us-gaap:OtherNoncashIncomeExpense,reported,
cash_flow,us-gaap:IncreaseDecreaseInReceivables,Receivables,9M22,-557.0,BMY_SEC-XBRL-financials_as-presented_10-Q_2022-10-26_0000014272-22-000196.xlsx,Cash Flow,"Nine Months Ended September 30, 2022",Receivables,us-gaap:IncreaseDecreaseInReceivables,reported,
cash_flow,us-gaap:IncreaseDecreaseInInventories,Inventories,9M22,-28.0,BMY_SEC-XBRL-financials_as-presented_10-Q_2022-10-26_0000014272-22-000196.xlsx,Cash Flow,"Nine Months Ended September 30, 2022",Inventories,us-gaap:IncreaseDecreaseInInventories,reported,
cash_flow,us-gaap:IncreaseDecreaseInAccountsPayable,Accounts payable,9M22,-296.0,BMY_SEC-XBRL-financials_as-presented_10-Q_2022-10-26_0000014272-22-000196.xlsx,Cash Flow,"Nine Months Ended September 30, 2022",Accounts payable,us-gaap:IncreaseDecreaseInAccountsPayable,reported,
cash_flow,us-gaap:IncreaseDecreaseInOtherAccruedLiabilities,Rebates and discounts,9M22,730.0,BMY_SEC-XBRL-financials_as-presented_10-Q_2022-10-26_0000014272-22-000196.xlsx,Cash Flow,"Nine Months Ended September 30, 2022",Rebates and discounts,us-gaap:IncreaseDecreaseInOtherAccruedLiabilities,reported,
cash_flow,us-gaap:IncreaseDecreaseInAccruedIncomeTaxesPayable,Income taxes payable,9M22,-310.0,BMY_SEC-XBRL-financials_as-presented_10-Q_2022-10-26_0000014272-22-000196.xlsx,Cash Flow,"Nine Months Ended September 30, 2022",Income taxes payable,us-gaap:IncreaseDecreaseInAccruedIncomeTaxesPayable,reported,
cash_flow,us-gaap:IncreaseDecreaseInOtherOperatingCapitalNet,Other,9M22,-1310.0,BMY_SEC-XBRL-financials_as-presented_10-Q_2022-10-26_0000014272-22-000196.xlsx,Cash Flow,"Nine Months Ended September 30, 2022",Other,us-gaap:IncreaseDecreaseInOtherOperatingCapitalNet,reported,
cash_flow,us-gaap:NetCashProvidedByUsedInOperatingActivities,Net cash provided by operating activities,9M22,9760.0,BMY_SEC-XBRL-financials_as-presented_10-Q_2022-10-26_0000014272-22-000196.xlsx,Cash Flow,"Nine Months Ended September 30, 2022",Net Cash Provided by Operating Activities,us-gaap:NetCashProvidedByUsedInOperatingActivities,reported,
cash_flow,us-gaap:ProceedsFromSaleAndMaturityOfAvailableForSaleSecurities,Sale and maturities of marketable debt securities,9M22,5205.0,BMY_SEC-XBRL-financials_as-presented_10-Q_2022-10-26_0000014272-22-000196.xlsx,Cash Flow,"Nine Months Ended September 30, 2022",Sale and maturities of marketable debt securities,us-gaap:ProceedsFromSaleAndMaturityOfAvailableForSaleSecurities,reported,
cash_flow,us-gaap:PaymentsToAcquireMarketableSecurities,Purchase of marketable debt securities,9M22,-3566.0,BMY_SEC-XBRL-financials_as-presented_10-Q_2022-10-26_0000014272-22-000196.xlsx,Cash Flow,"Nine Months Ended September 30, 2022",Purchase of marketable debt securities,us-gaap:PaymentsToAcquireMarketableSecurities,reported,
cash_flow,us-gaap:ProceedsFromSaleOfEquitySecuritiesFvNi,Proceeds from sales of equity investments,9M22,213.0,BMY_SEC-XBRL-financials_as-presented_10-Q_2022-10-26_0000014272-22-000196.xlsx,Cash Flow,"Nine Months Ended September 30, 2022",Proceeds from sales of equity investment securities,us-gaap:ProceedsFromSaleOfEquitySecuritiesFvNi,reported,
cash_flow,us-gaap:PaymentsToAcquirePropertyPlantAndEquipment,Capital expenditures,9M22,-772.0,BMY_SEC-XBRL-financials_as-presented_10-Q_2022-10-26_0000014272-22-000196.xlsx,Cash Flow,"Nine Months Ended September 30, 2022",Capital expenditures,us-gaap:PaymentsToAcquirePropertyPlantAndEquipment,reported,
cash_flow,bmy:DivestitureAndOtherProceeds,Divestiture and other proceeds,9M22,815.0,BMY_SEC-XBRL-financials_as-presented_10-Q_2022-10-26_0000014272-22-000196.xlsx,Cash Flow,"Nine Months Ended September 30, 2022",Divestiture and other proceeds,bmy:Divestitureandotherproceeds,reported,
cash_flow,us-gaap:PaymentsToAcquireBusinessesNetOfCashAcquired,"Acquisition and other payments, net of cash acquired",9M22,-4170.0,BMY_SEC-XBRL-financials_as-presented_10-Q_2022-10-26_0000014272-22-000196.xlsx,Cash Flow,"Nine Months Ended September 30, 2022","Acquisition and other payments, net of cash acquired",us-gaap:PaymentsToAcquireBusinessesNetOfCashAcquired,reported,
cash_flow,us-gaap:NetCashProvidedByUsedInInvestingActivities,Net cash provided by/(used in) investing activities,9M22,-2275.0,BMY_SEC-XBRL-financials_as-presented_10-Q_2022-10-26_0000014272-22-000196.xlsx,Cash Flow,"Nine Months Ended September 30, 2022",Net Cash Used in Investing Activities,us-gaap:NetCashProvidedByUsedInInvestingActivities,reported,
cash_flow,us-gaap:ProceedsFromRepaymentsOfShortTermDebt,"Short-term debt obligations, net",9M22,58.0,BMY_SEC-XBRL-financials_as-presented_10-Q_2022-10-26_0000014272-22-000196.xlsx,Cash Flow,"Nine Months Ended September 30, 2022","Short-term debt obligations, net",us-gaap:ProceedsFromRepaymentsOfShortTermDebt,reported,
cash_flow,us-gaap:ProceedsFromIssuanceOfLongTermDebt,Proceeds from issuance of long-term debt,9M22,5926.0,BMY_SEC-XBRL-financials_as-presented_10-Q_2022-10-26_0000014272-22-000196.xlsx,Cash Flow,"Nine Months Ended September 30, 2022",Issuance of long-term debt,us-gaap:ProceedsFromIssuanceOfDebt,reported,
cash_flow,us-gaap:RepaymentsOfLongTermDebt,Repayments of long-term debt,9M22,-11431.0,BMY_SEC-XBRL-financials_as-presented_10-Q_2022-10-26_0000014272-22-000196.xlsx,Cash Flow,"Nine Months Ended September 30, 2022",Repayment of long-term debt,us-gaap:RepaymentsOfLongTermDebt,reported,
cash_flow,us-gaap:PaymentsForRepurchaseOfCommonStock,Repurchase of common stock,9M22,-5585.0,BMY_SEC-XBRL-financials_as-presented_10-Q_2022-10-26_0000014272-22-000196.xlsx,Cash Flow,"Nine Months Ended September 30, 2022",Repurchase of common stock,us-gaap:PaymentsForRepurchaseOfCommonStock,reported,
cash_flow,us-gaap:PaymentsOfDividends,Dividends,9M22,-3489.0,BMY_SEC-XBRL-financials_as-presented_10-Q_2022-10-26_0000014272-22-000196.xlsx,Cash Flow,"Nine Months Ended September 30, 2022",Dividends,us-gaap:PaymentsOfDividends,reported,
cash_flow,us-gaap:NetCashProvidedByUsedInFinancingActivities,Net cash provided by/(used in) financing activities,9M22,-13716.0,BMY_SEC-XBRL-financials_as-presented_10-Q_2022-10-26_0000014272-22-000196.xlsx,Cash Flow,"Nine Months Ended September 30, 2022",Net Cash Used in Financing Activities,us-gaap:NetCashProvidedByUsedInFinancingActivities,reported,
cash_flow,us-gaap:EffectOfExchangeRateOnCashCashEquivalentsRestrictedCashAndRestrictedCashEquivalents,"Effect of exchange rates on cash, cash equivalents and restricted cash",9M22,-128.0,BMY_SEC-XBRL-financials_as-presented_10-Q_2022-10-26_0000014272-22-000196.xlsx,Cash Flow,"Nine Months Ended September 30, 2022","Effect of Exchange Rates on Cash, Cash Equivalents and Restricted Cash",us-gaap:EffectOfExchangeRateOnCashCashEquivalentsRestrictedCashAndRestrictedCashEquivalents,reported,
cash_flow,us-gaap:CashCashEquivalentsRestrictedCashAndRestrictedCashEquivalentsPeriodIncreaseDecreaseIncludingExchangeRateEffect,"Increase/(decrease) in cash, cash equivalents and restricted cash",9M22,-6359.0,BMY_SEC-XBRL-financials_as-presented_10-Q_2022-10-26_0000014272-22-000196.xlsx,Cash Flow,"Nine Months Ended September 30, 2022","Decrease in Cash, Cash Equivalents and Restricted Cash",us-gaap:CashCashEquivalentsRestrictedCashAndRestrictedCashEquivalentsPeriodIncreaseDecreaseIncludingExchangeRateEffect,reported,
cash_flow,us-gaap:CashCashEquivalentsRestrictedCashAndRestrictedCashEquivalents,"Cash, cash equivalents and restricted cash at beginning of period",9M22,14316.0,BMY_SEC-XBRL-financials_as-presented_10-Q_2022-10-26_0000014272-22-000196.xlsx,Cash Flow,"Nine Months Ended September 30, 2022","Cash, Cash Equivalents and Restricted Cash at Beginning of Period",us-gaap:CashCashEquivalentsRestrictedCashAndRestrictedCashEquivalents,reported,
income_statement,us-gaap:Revenues,Net product sales,1Q23,11048.0,BMY_SEC-XBRL-financials_as-presented_10-Q_2023-04-27_0000014272-23-000104.xlsx,Income Statement,"Three Months Ended March 31, 2023",Net product sales,us-gaap:Revenues,reported,
income_statement,us-gaap:CostOfGoodsAndServicesSold,Cost of products sold(a),1Q23,2566.0,BMY_SEC-XBRL-financials_as-presented_10-Q_2023-04-27_0000014272-23-000104.xlsx,Income Statement,"Three Months Ended March 31, 2023",Cost of products sold(a),us-gaap:CostOfGoodsAndServicesSold,reported,
income_statement,us-gaap:SellingGeneralAndAdministrativeExpense,"Selling, general and administrative",1Q23,1762.0,BMY_SEC-XBRL-financials_as-presented_10-Q_2023-04-27_0000014272-23-000104.xlsx,Income Statement,"Three Months Ended March 31, 2023","Marketing, selling and administrative",us-gaap:SellingGeneralAndAdministrativeExpense,reported,
income_statement,us-gaap:ResearchAndDevelopmentExpense,Research and development,1Q23,2321.0,BMY_SEC-XBRL-financials_as-presented_10-Q_2023-04-27_0000014272-23-000104.xlsx,Income Statement,"Three Months Ended March 31, 2023",Research and development,us-gaap:ResearchAndDevelopmentExpense,reported,
income_statement,bmy:AcquiredIPRD,Acquired IPRD,1Q23,75.0,BMY_SEC-XBRL-financials_as-presented_10-Q_2023-04-27_0000014272-23-000104.xlsx,Income Statement,"Three Months Ended March 31, 2023",Acquired IPRD,bmy:AcquiredIPRD,reported,
income_statement,bmy:AmortizationofAcquiredIntangibleAssets,Amortization of acquired intangible assets,1Q23,2256.0,BMY_SEC-XBRL-financials_as-presented_10-Q_2023-04-27_0000014272-23-000104.xlsx,Income Statement,"Three Months Ended March 31, 2023",Amortization of acquired intangible assets,bmy:AmortizationofAcquiredIntangibleAssets,reported,
income_statement,us-gaap:OtherNonoperatingIncomeExpense,"Other (income)/expense, net",1Q23,-413.0,BMY_SEC-XBRL-financials_as-presented_10-Q_2023-04-27_0000014272-23-000104.xlsx,Income Statement,"Three Months Ended March 31, 2023","Other (income)/expense, net",us-gaap:OtherNonoperatingIncomeExpense,reported,
income_statement,us-gaap:CostsAndExpenses,Total Expenses,1Q23,8567.0,BMY_SEC-XBRL-financials_as-presented_10-Q_2023-04-27_0000014272-23-000104.xlsx,Income Statement,"Three Months Ended March 31, 2023",Total Expenses,us-gaap:CostsAndExpenses,reported,
income_statement,us-gaap:IncomeLossFromContinuingOperationsBeforeIncomeTaxesExtraordinaryItemsNoncontrollingInterest,Earnings/(Loss) before income taxes,1Q23,2770.0,BMY_SEC-XBRL-financials_as-presented_10-Q_2023-04-27_0000014272-23-000104.xlsx,Income Statement,"Three Months Ended March 31, 2023",Earnings before income taxes,us-gaap:IncomeLossFromContinuingOperationsBeforeIncomeTaxesExtraordinaryItemsNoncontrollingInterest,reported,
income_statement,us-gaap:IncomeTaxExpenseBenefit,Income tax provision,1Q23,503.0,BMY_SEC-XBRL-financials_as-presented_10-Q_2023-04-27_0000014272-23-000104.xlsx,Income Statement,"Three Months Ended March 31, 2023",Provision for income taxes,us-gaap:IncomeTaxExpenseBenefit,reported,
income_statement,us-gaap:ProfitLoss,Net earnings/(loss),1Q23,2267.0,BMY_SEC-XBRL-financials_as-presented_10-Q_2023-04-27_0000014272-23-000104.xlsx,Income Statement,"Three Months Ended March 31, 2023",Net earnings,us-gaap:ProfitLoss,reported,
income_statement,us-gaap:ComprehensiveIncomeNetOfTaxAttributableToNoncontrollingInterest,Noncontrolling Interest,1Q23,5.0,BMY_SEC-XBRL-financials_as-presented_10-Q_2023-04-27_0000014272-23-000104.xlsx,Income Statement,"Three Months Ended March 31, 2023",Noncontrolling interest,us-gaap:ComprehensiveIncomeNetOfTaxAttributableToNoncontrollingInterest,reported,
income_statement,us-gaap:NetIncomeLoss,Net earnings/(loss) attributable to BMS,1Q23,2262.0,BMY_SEC-XBRL-financials_as-presented_10-Q_2023-04-27_0000014272-23-000104.xlsx,Income Statement,"Three Months Ended March 31, 2023",Net earnings attributable to BMS,us-gaap:NetIncomeLoss,reported,
income_statement,us-gaap:EarningsPerShareBasic,Basic,1Q23,1.08,BMY_SEC-XBRL-financials_as-presented_10-Q_2023-04-27_0000014272-23-000104.xlsx,Income Statement,"Three Months Ended March 31, 2023",Basic,us-gaap:EarningsPerShareBasic,reported,
income_statement,us-gaap:EarningsPerShareDiluted,Diluted,1Q23,1.07,BMY_SEC-XBRL-financials_as-presented_10-Q_2023-04-27_0000014272-23-000104.xlsx,Income Statement,"Three Months Ended March 31, 2023",Diluted,us-gaap:EarningsPerShareDiluted,reported,
balance_sheet,us-gaap:CashAndCashEquivalentsAtCarryingValue,Cash and cash equivalents,1Q23,8995.0,BMY_SEC-XBRL-financials_as-presented_10-Q_2023-04-27_0000014272-23-000104.xlsx,Balance Sheet,"March 31,2023",Cash and cash equivalents,us-gaap:CashAndCashEquivalentsAtCarryingValue,reported,
balance_sheet,us-gaap:MarketableSecuritiesCurrent,Marketable debt securities,1Q23,274.0,BMY_SEC-XBRL-financials_as-presented_10-Q_2023-04-27_0000014272-23-000104.xlsx,Balance Sheet,"March 31,2023",Marketable debt securities,us-gaap:MarketableSecuritiesCurrent,reported,
balance_sheet,us-gaap:ReceivablesNetCurrent,Receivables,1Q23,10054.0,BMY_SEC-XBRL-financials_as-presented_10-Q_2023-04-27_0000014272-23-000104.xlsx,Balance Sheet,"March 31,2023",Receivables,us-gaap:ReceivablesNetCurrent,reported,
balance_sheet,us-gaap:InventoryNet,Inventories,1Q23,2605.0,BMY_SEC-XBRL-financials_as-presented_10-Q_2023-04-27_0000014272-23-000104.xlsx,Balance Sheet,"March 31,2023",Inventories,us-gaap:InventoryNet,reported,
balance_sheet,us-gaap:OtherAssetsCurrent,Other current assets,1Q23,5158.0,BMY_SEC-XBRL-financials_as-presented_10-Q_2023-04-27_0000014272-23-000104.xlsx,Balance Sheet,"March 31,2023",Other current assets,us-gaap:OtherAssetsCurrent,reported,
balance_sheet,us-gaap:AssetsCurrent,Total Current assets,1Q23,27086.0,BMY_SEC-XBRL-financials_as-presented_10-Q_2023-04-27_0000014272-23-000104.xlsx,Balance Sheet,"March 31,2023",Total Current assets,us-gaap:AssetsCurrent,reported,
balance_sheet,us-gaap:PropertyPlantAndEquipmentNet,"Property, plant and equipment",1Q23,6279.0,BMY_SEC-XBRL-financials_as-presented_10-Q_2023-04-27_0000014272-23-000104.xlsx,Balance Sheet,"March 31,2023","Property, plant and equipment",us-gaap:PropertyPlantAndEquipmentNet,reported,
balance_sheet,us-gaap:Goodwill,Goodwill,1Q23,21162.0,BMY_SEC-XBRL-financials_as-presented_10-Q_2023-04-27_0000014272-23-000104.xlsx,Balance Sheet,"March 31,2023",Goodwill,us-gaap:Goodwill,reported,
balance_sheet,us-gaap:IntangibleAssetsNetExcludingGoodwill,Other intangible assets,1Q23,33569.0,BMY_SEC-XBRL-financials_as-presented_10-Q_2023-04-27_0000014272-23-000104.xlsx,Balance Sheet,"March 31,2023",Other intangible assets,us-gaap:IntangibleAssetsNetExcludingGoodwill,reported,
balance_sheet,us-gaap:DeferredIncomeTaxAssetsNet,Deferred income taxes,1Q23,1317.0,BMY_SEC-XBRL-financials_as-presented_10-Q_2023-04-27_0000014272-23-000104.xlsx,Balance Sheet,"March 31,2023",Deferred income taxes,us-gaap:DeferredIncomeTaxAssetsNet,reported,
balance_sheet,us-gaap:OtherAssetsNoncurrent,Other non-current assets,1Q23,4868.0,BMY_SEC-XBRL-financials_as-presented_10-Q_2023-04-27_0000014272-23-000104.xlsx,Balance Sheet,"March 31,2023",Other non-current assets,us-gaap:OtherAssetsNoncurrent,reported,
balance_sheet,us-gaap:Assets,Total Assets,1Q23,94281.0,BMY_SEC-XBRL-financials_as-presented_10-Q_2023-04-27_0000014272-23-000104.xlsx,Balance Sheet,"March 31,2023",Total Assets,us-gaap:Assets,reported,
balance_sheet,us-gaap:DebtCurrent,Short-term debt obligations,1Q23,2752.0,BMY_SEC-XBRL-financials_as-presented_10-Q_2023-04-27_0000014272-23-000104.xlsx,Balance Sheet,"March 31,2023",Short-term debt obligations,us-gaap:DebtCurrent,reported,
balance_sheet,us-gaap:AccountsPayableCurrent,Accounts payable,1Q23,3194.0,BMY_SEC-XBRL-financials_as-presented_10-Q_2023-04-27_0000014272-23-000104.xlsx,Balance Sheet,"March 31,2023",Accounts payable,us-gaap:AccountsPayableCurrent,reported,
balance_sheet,us-gaap:OtherLiabilitiesCurrent,Other current liabilities,1Q23,13139.0,BMY_SEC-XBRL-financials_as-presented_10-Q_2023-04-27_0000014272-23-000104.xlsx,Balance Sheet,"March 31,2023",Other current liabilities,us-gaap:OtherLiabilitiesCurrent,reported,
balance_sheet,us-gaap:LiabilitiesCurrent,Total Current liabilities,1Q23,19085.0,BMY_SEC-XBRL-financials_as-presented_10-Q_2023-04-27_0000014272-23-000104.xlsx,Balance Sheet,"March 31,2023",Total Current liabilities,us-gaap:LiabilitiesCurrent,reported,
balance_sheet,us-gaap:DeferredIncomeTaxLiabilitiesNet,Deferred income taxes,1Q23,1568.0,BMY_SEC-XBRL-financials_as-presented_10-Q_2023-04-27_0000014272-23-000104.xlsx,Balance Sheet,"March 31,2023",Deferred income taxes,us-gaap:DeferredIncomeTaxLiabilitiesNet,reported,
balance_sheet,us-gaap:LongTermDebtNoncurrent,Long-term debt,1Q23,35078.0,BMY_SEC-XBRL-financials_as-presented_10-Q_2023-04-27_0000014272-23-000104.xlsx,Balance Sheet,"March 31,2023",Long-term debt,us-gaap:LongTermDebtNoncurrent,reported,
balance_sheet,us-gaap:OtherLiabilitiesNoncurrent,Other non-current liabilities,1Q23,6664.0,BMY_SEC-XBRL-financials_as-presented_10-Q_2023-04-27_0000014272-23-000104.xlsx,Balance Sheet,"March 31,2023",Other non-current liabilities,us-gaap:OtherLiabilitiesNoncurrent,reported,
balance_sheet,us-gaap:Liabilities,Total Liabilities,1Q23,62395.0,BMY_SEC-XBRL-financials_as-presented_10-Q_2023-04-27_0000014272-23-000104.xlsx,Balance Sheet,"March 31,2023",Total Liabilities,us-gaap:Liabilities,reported,
balance_sheet,us-gaap:CommonStockValue,"Common stock, par value of $0.10 per share: Authorized 4.5 billion shares; 2.9 billion issued in 2019 and 2.2 billion issued in 2018",1Q23,292.0,BMY_SEC-XBRL-financials_as-presented_10-Q_2023-04-27_0000014272-23-000104.xlsx,Balance Sheet,"March 31,2023",Common stock,us-gaap:CommonStockValue,reported,
balance_sheet,us-gaap:AdditionalPaidInCapital,Capital in excess of par value of stock,1Q23,45140.0,BMY_SEC-XBRL-financials_as-presented_10-Q_2023-04-27_0000014272-23-000104.xlsx,Balance Sheet,"March 31,2023",Capital in excess of par value of stock,us-gaap:AdditionalPaidInCapital,reported,
balance_sheet,us-gaap:AccumulatedOtherComprehensiveIncomeLossNetOfTax,Accumulated other comprehensive loss,1Q23,-1368.0,BMY_SEC-XBRL-financials_as-presented_10-Q_2023-04-27_0000014272-23-000104.xlsx,Balance Sheet,"March 31,2023",Accumulated other comprehensive loss,us-gaap:AccumulatedOtherComprehensiveIncomeLossNetOfTax,reported,
balance_sheet,us-gaap:RetainedEarningsAccumulatedDeficit,Retained earnings,1Q23,26568.0,BMY_SEC-XBRL-financials_as-presented_10-Q_2023-04-27_0000014272-23-000104.xlsx,Balance Sheet,"March 31,2023",Retained earnings,us-gaap:RetainedEarningsAccumulatedDeficit,reported,
balance_sheet,us-gaap:TreasuryStockValue,Less cost of treasury stock — 672 million common shares in 2019 and 576 million common shares in 2018,1Q23,-38808.0,BMY_SEC-XBRL-financials_as-presented_10-Q_2023-04-27_0000014272-23-000104.xlsx,Balance Sheet,"March 31,2023",Less cost of treasury stock,us-gaap:TreasuryStockValue,reported,
balance_sheet,us-gaap:StockholdersEquity,Total BMS Shareholders’ Equity,1Q23,31824.0,BMY_SEC-XBRL-financials_as-presented_10-Q_2023-04-27_0000014272-23-000104.xlsx,Balance Sheet,"March 31,2023",Total BMS Shareholders’ equity,us-gaap:StockholdersEquity,reported,
balance_sheet,us-gaap:MinorityInterest,Noncontrolling interest,1Q23,62.0,BMY_SEC-XBRL-financials_as-presented_10-Q_2023-04-27_0000014272-23-000104.xlsx,Balance Sheet,"March 31,2023",Noncontrolling interest,us-gaap:MinorityInterest,reported,
balance_sheet,us-gaap:StockholdersEquityIncludingPortionAttributableToNoncontrollingInterest,Total Equity,1Q23,31886.0,BMY_SEC-XBRL-financials_as-presented_10-Q_2023-04-27_0000014272-23-000104.xlsx,Balance Sheet,"March 31,2023",Total Equity,us-gaap:StockholdersEquityIncludingPortionAttributableToNoncontrollingInterest,reported,
balance_sheet,us-gaap:LiabilitiesAndStockholdersEquity,Total Liabilities and Equity,1Q23,94281.0,BMY_SEC-XBRL-financials_as-presented_10-Q_2023-04-27_0000014272-23-000104.xlsx,Balance Sheet,"March 31,2023",Total Liabilities and Equity,us-gaap:LiabilitiesAndStockholdersEquity,reported,
cash_flow,us-gaap:ProfitLoss,Net earnings/(loss),1Q23,2267.0,BMY_SEC-XBRL-financials_as-presented_10-Q_2023-04-27_0000014272-23-000104.xlsx,Cash Flow,"Three Months Ended March 31, 2023",Net earnings,us-gaap:ProfitLoss,reported,
cash_flow,us-gaap:DepreciationDepletionAndAmortization,"Depreciation and amortization, net",1Q23,2429.0,BMY_SEC-XBRL-financials_as-presented_10-Q_2023-04-27_0000014272-23-000104.xlsx,Cash Flow,"Three Months Ended March 31, 2023","Depreciation and amortization, net",us-gaap:DepreciationDepletionAndAmortization,reported,
cash_flow,us-gaap:DeferredIncomeTaxExpenseBenefit,Deferred income taxes,1Q23,-548.0,BMY_SEC-XBRL-financials_as-presented_10-Q_2023-04-27_0000014272-23-000104.xlsx,Cash Flow,"Three Months Ended March 31, 2023",Deferred income taxes,us-gaap:DeferredIncomeTaxExpenseBenefit,reported,
cash_flow,us-gaap:ShareBasedCompensation,Stock-based compensation,1Q23,122.0,BMY_SEC-XBRL-financials_as-presented_10-Q_2023-04-27_0000014272-23-000104.xlsx,Cash Flow,"Three Months Ended March 31, 2023",Stock-based compensation,us-gaap:ShareBasedCompensation,reported,
cash_flow,us-gaap:ImpairmentOfLongLivedAssetsToBeDisposedOf,Impairment charges,1Q23,20.0,BMY_SEC-XBRL-financials_as-presented_10-Q_2023-04-27_0000014272-23-000104.xlsx,Cash Flow,"Three Months Ended March 31, 2023",Impairment charges,us-gaap:ImpairmentOfLongLivedAssetsToBeDisposedOf,reported,
cash_flow,bmy:DivestitureGainsAndRoyalties,Divestiture gains and royalties,1Q23,-194.0,BMY_SEC-XBRL-financials_as-presented_10-Q_2023-04-27_0000014272-23-000104.xlsx,Cash Flow,"Three Months Ended March 31, 2023",Divestiture gains and royalties,bmy:Divestituregainsandroyalties,reported,
cash_flow,bmy:AcquiredIPRD,Acquired IPRD,1Q23,75.0,BMY_SEC-XBRL-financials_as-presented_10-Q_2023-04-27_0000014272-23-000104.xlsx,Cash Flow,"Three Months Ended March 31, 2023",Acquired IPRD,bmy:AcquiredIPRD,reported,
cash_flow,us-gaap:GainLossOnInvestments,Equity investment gains,1Q23,155.0,BMY_SEC-XBRL-financials_as-presented_10-Q_2023-04-27_0000014272-23-000104.xlsx,Cash Flow,"Three Months Ended March 31, 2023",Equity investment losses,us-gaap:GainLossOnInvestments,reported,
cash_flow,us-gaap:OtherNoncashIncomeExpense,Other adjustments,1Q23,4.0,BMY_SEC-XBRL-financials_as-presented_10-Q_2023-04-27_0000014272-23-000104.xlsx,Cash Flow,"Three Months Ended March 31, 2023",Other adjustments,us-gaap:OtherNoncashIncomeExpense,reported,
cash_flow,us-gaap:IncreaseDecreaseInReceivables,Receivables,1Q23,-175.0,BMY_SEC-XBRL-financials_as-presented_10-Q_2023-04-27_0000014272-23-000104.xlsx,Cash Flow,"Three Months Ended March 31, 2023",Receivables,us-gaap:IncreaseDecreaseInReceivables,reported,
cash_flow,us-gaap:IncreaseDecreaseInInventories,Inventories,1Q23,-282.0,BMY_SEC-XBRL-financials_as-presented_10-Q_2023-04-27_0000014272-23-000104.xlsx,Cash Flow,"Three Months Ended March 31, 2023",Inventories,us-gaap:IncreaseDecreaseInInventories,reported,
cash_flow,us-gaap:IncreaseDecreaseInAccountsPayable,Accounts payable,1Q23,187.0,BMY_SEC-XBRL-financials_as-presented_10-Q_2023-04-27_0000014272-23-000104.xlsx,Cash Flow,"Three Months Ended March 31, 2023",Accounts payable,us-gaap:IncreaseDecreaseInAccountsPayable,reported,
cash_flow,us-gaap:IncreaseDecreaseInOtherAccruedLiabilities,Rebates and discounts,1Q23,-910.0,BMY_SEC-XBRL-financials_as-presented_10-Q_2023-04-27_0000014272-23-000104.xlsx,Cash Flow,"Three Months Ended March 31, 2023",Rebates and discounts,us-gaap:IncreaseDecreaseInOtherAccruedLiabilities,reported,
cash_flow,us-gaap:IncreaseDecreaseInAccruedIncomeTaxesPayable,Income taxes payable,1Q23,884.0,BMY_SEC-XBRL-financials_as-presented_10-Q_2023-04-27_0000014272-23-000104.xlsx,Cash Flow,"Three Months Ended March 31, 2023",Income taxes payable,us-gaap:IncreaseDecreaseInAccruedIncomeTaxesPayable,reported,
cash_flow,us-gaap:IncreaseDecreaseInOtherOperatingCapitalNet,Other,1Q23,-1064.0,BMY_SEC-XBRL-financials_as-presented_10-Q_2023-04-27_0000014272-23-000104.xlsx,Cash Flow,"Three Months Ended March 31, 2023",Other,us-gaap:IncreaseDecreaseInOtherOperatingCapitalNet,reported,
cash_flow,us-gaap:NetCashProvidedByUsedInOperatingActivities,Net cash provided by operating activities,1Q23,2970.0,BMY_SEC-XBRL-financials_as-presented_10-Q_2023-04-27_0000014272-23-000104.xlsx,Cash Flow,"Three Months Ended March 31, 2023",Net cash provided by operating activities,us-gaap:NetCashProvidedByUsedInOperatingActivities,reported,
cash_flow,us-gaap:ProceedsFromSaleAndMaturityOfAvailableForSaleSecurities,Sale and maturities of marketable debt securities,1Q23,57.0,BMY_SEC-XBRL-financials_as-presented_10-Q_2023-04-27_0000014272-23-000104.xlsx,Cash Flow,"Three Months Ended March 31, 2023",Sale and maturities of marketable debt securities,us-gaap:ProceedsFromSaleAndMaturityOfAvailableForSaleSecurities,reported,
cash_flow,us-gaap:PaymentsToAcquireMarketableSecurities,Purchase of marketable debt securities,1Q23,-200.0,BMY_SEC-XBRL-financials_as-presented_10-Q_2023-04-27_0000014272-23-000104.xlsx,Cash Flow,"Three Months Ended March 31, 2023",Purchase of marketable debt securities,us-gaap:PaymentsToAcquireMarketableSecurities,reported,
cash_flow,us-gaap:ProceedsFromSaleOfEquitySecuritiesFvNi,Proceeds from sales of equity investments,1Q23,62.0,BMY_SEC-XBRL-financials_as-presented_10-Q_2023-04-27_0000014272-23-000104.xlsx,Cash Flow,"Three Months Ended March 31, 2023",Proceeds from sales of equity investment securities,us-gaap:ProceedsFromSaleOfEquitySecuritiesFvNi,reported,
cash_flow,us-gaap:PaymentsToAcquirePropertyPlantAndEquipment,Capital expenditures,1Q23,-278.0,BMY_SEC-XBRL-financials_as-presented_10-Q_2023-04-27_0000014272-23-000104.xlsx,Cash Flow,"Three Months Ended March 31, 2023",Capital expenditures,us-gaap:PaymentsToAcquirePropertyPlantAndEquipment,reported,
cash_flow,bmy:DivestitureAndOtherProceeds,Divestiture and other proceeds,1Q23,227.0,BMY_SEC-XBRL-financials_as-presented_10-Q_2023-04-27_0000014272-23-000104.xlsx,Cash Flow,"Three Months Ended March 31, 2023",Divestiture and other proceeds,bmy:Divestitureandotherproceeds,reported,
cash_flow,us-gaap:PaymentsToAcquireBusinessesNetOfCashAcquired,"Acquisition and other payments, net of cash acquired",1Q23,-78.0,BMY_SEC-XBRL-financials_as-presented_10-Q_2023-04-27_0000014272-23-000104.xlsx,Cash Flow,"Three Months Ended March 31, 2023","Acquisition and other payments, net of cash acquired",us-gaap:PaymentsToAcquireBusinessesNetOfCashAcquired,reported,
cash_flow,us-gaap:NetCashProvidedByUsedInInvestingActivities,Net cash provided by/(used in) investing activities,1Q23,-210.0,BMY_SEC-XBRL-financials_as-presented_10-Q_2023-04-27_0000014272-23-000104.xlsx,Cash Flow,"Three Months Ended March 31, 2023",Net cash (used in)/provided by investing activities,us-gaap:NetCashProvidedByUsedInInvestingActivities,reported,
cash_flow,us-gaap:ProceedsFromRepaymentsOfShortTermDebt,"Short-term debt obligations, net",1Q23,128.0,BMY_SEC-XBRL-financials_as-presented_10-Q_2023-04-27_0000014272-23-000104.xlsx,Cash Flow,"Three Months Ended March 31, 2023","Short-term debt obligations, net",us-gaap:ProceedsFromRepaymentsOfShortTermDebt,reported,
cash_flow,us-gaap:RepaymentsOfLongTermDebt,Repayments of long-term debt,1Q23,-1640.0,BMY_SEC-XBRL-financials_as-presented_10-Q_2023-04-27_0000014272-23-000104.xlsx,Cash Flow,"Three Months Ended March 31, 2023",Repayment of long-term debt,us-gaap:RepaymentsOfLongTermDebt,reported,
cash_flow,us-gaap:PaymentsForRepurchaseOfCommonStock,Repurchase of common stock,1Q23,-250.0,BMY_SEC-XBRL-financials_as-presented_10-Q_2023-04-27_0000014272-23-000104.xlsx,Cash Flow,"Three Months Ended March 31, 2023",Repurchase of common stock,us-gaap:PaymentsForRepurchaseOfCommonStock,reported,
cash_flow,us-gaap:PaymentsOfDividends,Dividends,1Q23,-1196.0,BMY_SEC-XBRL-financials_as-presented_10-Q_2023-04-27_0000014272-23-000104.xlsx,Cash Flow,"Three Months Ended March 31, 2023",Dividends,us-gaap:PaymentsOfDividends,reported,
cash_flow,bmy:PaymentsForProceedsFromStockOptionExercisesAndOtherAdjustments,"Stock option proceeds and other, net",1Q23,-92.0,BMY_SEC-XBRL-financials_as-presented_10-Q_2023-04-27_0000014272-23-000104.xlsx,Cash Flow,"Three Months Ended March 31, 2023","Stock option proceeds and other, net",bmy:PaymentsForProceedsFromStockOptionExercisesAndOtherAdjustments,reported,
cash_flow,us-gaap:NetCashProvidedByUsedInFinancingActivities,Net cash provided by/(used in) financing activities,1Q23,-3050.0,BMY_SEC-XBRL-financials_as-presented_10-Q_2023-04-27_0000014272-23-000104.xlsx,Cash Flow,"Three Months Ended March 31, 2023",Net cash used in financing activities,us-gaap:NetCashProvidedByUsedInFinancingActivities,reported,
cash_flow,us-gaap:EffectOfExchangeRateOnCashCashEquivalentsRestrictedCashAndRestrictedCashEquivalents,"Effect of exchange rates on cash, cash equivalents and restricted cash",1Q23,13.0,BMY_SEC-XBRL-financials_as-presented_10-Q_2023-04-27_0000014272-23-000104.xlsx,Cash Flow,"Three Months Ended March 31, 2023","Effect of exchange rates on cash, cash equivalents and restricted cash",us-gaap:EffectOfExchangeRateOnCashCashEquivalentsRestrictedCashAndRestrictedCashEquivalents,reported,
cash_flow,us-gaap:CashCashEquivalentsRestrictedCashAndRestrictedCashEquivalentsPeriodIncreaseDecreaseIncludingExchangeRateEffect,"Increase/(decrease) in cash, cash equivalents and restricted cash",1Q23,-277.0,BMY_SEC-XBRL-financials_as-presented_10-Q_2023-04-27_0000014272-23-000104.xlsx,Cash Flow,"Three Months Ended March 31, 2023","Decrease in cash, cash equivalents and restricted cash",us-gaap:CashCashEquivalentsRestrictedCashAndRestrictedCashEquivalentsPeriodIncreaseDecreaseIncludingExchangeRateEffect,reported,
cash_flow,us-gaap:CashCashEquivalentsRestrictedCashAndRestrictedCashEquivalents,"Cash, cash equivalents and restricted cash at beginning of period",1Q23,9325.0,BMY_SEC-XBRL-financials_as-presented_10-Q_2023-04-27_0000014272-23-000104.xlsx,Cash Flow,"Three Months Ended March 31, 2023","Cash, cash equivalents and restricted cash at beginning of period",us-gaap:CashCashEquivalentsRestrictedCashAndRestrictedCashEquivalents,reported,
income_statement,us-gaap:Revenues,Net product sales,2Q23,10917.0,BMY_SEC-XBRL-financials_as-presented_10-Q_2023-07-27_0000014272-23-000152.xlsx,Income Statement,"Three Months Ended June 30, 2023",Net product sales,us-gaap:Revenues,reported,
income_statement,us-gaap:Revenues,Net product sales,6M23,21965.0,BMY_SEC-XBRL-financials_as-presented_10-Q_2023-07-27_0000014272-23-000152.xlsx,Income Statement,"Six Months Ended June 30, 2023",Net product sales,us-gaap:Revenues,reported,
income_statement,us-gaap:CostOfGoodsAndServicesSold,Cost of products sold(a),2Q23,2876.0,BMY_SEC-XBRL-financials_as-presented_10-Q_2023-07-27_0000014272-23-000152.xlsx,Income Statement,"Three Months Ended June 30, 2023",Cost of products sold(a),us-gaap:CostOfGoodsAndServicesSold,reported,
income_statement,us-gaap:CostOfGoodsAndServicesSold,Cost of products sold(a),6M23,5442.0,BMY_SEC-XBRL-financials_as-presented_10-Q_2023-07-27_0000014272-23-000152.xlsx,Income Statement,"Six Months Ended June 30, 2023",Cost of products sold(a),us-gaap:CostOfGoodsAndServicesSold,reported,
income_statement,us-gaap:SellingGeneralAndAdministrativeExpense,"Selling, general and administrative",2Q23,1934.0,BMY_SEC-XBRL-financials_as-presented_10-Q_2023-07-27_0000014272-23-000152.xlsx,Income Statement,"Three Months Ended June 30, 2023","Marketing, selling and administrative",us-gaap:SellingGeneralAndAdministrativeExpense,reported,
income_statement,us-gaap:SellingGeneralAndAdministrativeExpense,"Selling, general and administrative",6M23,3696.0,BMY_SEC-XBRL-financials_as-presented_10-Q_2023-07-27_0000014272-23-000152.xlsx,Income Statement,"Six Months Ended June 30, 2023","Marketing, selling and administrative",us-gaap:SellingGeneralAndAdministrativeExpense,reported,
income_statement,us-gaap:ResearchAndDevelopmentExpense,Research and development,2Q23,2258.0,BMY_SEC-XBRL-financials_as-presented_10-Q_2023-07-27_0000014272-23-000152.xlsx,Income Statement,"Three Months Ended June 30, 2023",Research and development,us-gaap:ResearchAndDevelopmentExpense,reported,
income_statement,us-gaap:ResearchAndDevelopmentExpense,Research and development,6M23,4579.0,BMY_SEC-XBRL-financials_as-presented_10-Q_2023-07-27_0000014272-23-000152.xlsx,Income Statement,"Six Months Ended June 30, 2023",Research and development,us-gaap:ResearchAndDevelopmentExpense,reported,
income_statement,bmy:AcquiredIPRD,Acquired IPRD,2Q23,158.0,BMY_SEC-XBRL-financials_as-presented_10-Q_2023-07-27_0000014272-23-000152.xlsx,Income Statement,"Three Months Ended June 30, 2023",Acquired IPRD,bmy:AcquiredIPRD,reported,
income_statement,bmy:AcquiredIPRD,Acquired IPRD,6M23,233.0,BMY_SEC-XBRL-financials_as-presented_10-Q_2023-07-27_0000014272-23-000152.xlsx,Income Statement,"Six Months Ended June 30, 2023",Acquired IPRD,bmy:AcquiredIPRD,reported,
income_statement,bmy:AmortizationofAcquiredIntangibleAssets,Amortization of acquired intangible assets,2Q23,2257.0,BMY_SEC-XBRL-financials_as-presented_10-Q_2023-07-27_0000014272-23-000152.xlsx,Income Statement,"Three Months Ended June 30, 2023",Amortization of acquired intangible assets,bmy:AmortizationofAcquiredIntangibleAssets,reported,
income_statement,bmy:AmortizationofAcquiredIntangibleAssets,Amortization of acquired intangible assets,6M23,4513.0,BMY_SEC-XBRL-financials_as-presented_10-Q_2023-07-27_0000014272-23-000152.xlsx,Income Statement,"Six Months Ended June 30, 2023",Amortization of acquired intangible assets,bmy:AmortizationofAcquiredIntangibleAssets,reported,
income_statement,us-gaap:OtherNonoperatingIncomeExpense,"Other (income)/expense, net",2Q23,-116.0,BMY_SEC-XBRL-financials_as-presented_10-Q_2023-07-27_0000014272-23-000152.xlsx,Income Statement,"Three Months Ended June 30, 2023","Other (income)/expense, net",us-gaap:OtherNonoperatingIncomeExpense,reported,
income_statement,us-gaap:OtherNonoperatingIncomeExpense,"Other (income)/expense, net",6M23,-529.0,BMY_SEC-XBRL-financials_as-presented_10-Q_2023-07-27_0000014272-23-000152.xlsx,Income Statement,"Six Months Ended June 30, 2023","Other (income)/expense, net",us-gaap:OtherNonoperatingIncomeExpense,reported,
income_statement,us-gaap:CostsAndExpenses,Total Expenses,2Q23,9367.0,BMY_SEC-XBRL-financials_as-presented_10-Q_2023-07-27_0000014272-23-000152.xlsx,Income Statement,"Three Months Ended June 30, 2023",Total Expenses,us-gaap:CostsAndExpenses,reported,
income_statement,us-gaap:CostsAndExpenses,Total Expenses,6M23,17934.0,BMY_SEC-XBRL-financials_as-presented_10-Q_2023-07-27_0000014272-23-000152.xlsx,Income Statement,"Six Months Ended June 30, 2023",Total Expenses,us-gaap:CostsAndExpenses,reported,
income_statement,us-gaap:IncomeLossFromContinuingOperationsBeforeIncomeTaxesExtraordinaryItemsNoncontrollingInterest,Earnings/(Loss) before income taxes,2Q23,1859.0,BMY_SEC-XBRL-financials_as-presented_10-Q_2023-07-27_0000014272-23-000152.xlsx,Income Statement,"Three Months Ended June 30, 2023",Earnings before income taxes,us-gaap:IncomeLossFromContinuingOperationsBeforeIncomeTaxesExtraordinaryItemsNoncontrollingInterest,reported,
income_statement,us-gaap:IncomeLossFromContinuingOperationsBeforeIncomeTaxesExtraordinaryItemsNoncontrollingInterest,Earnings/(Loss) before income taxes,6M23,4629.0,BMY_SEC-XBRL-financials_as-presented_10-Q_2023-07-27_0000014272-23-000152.xlsx,Income Statement,"Six Months Ended June 30, 2023",Earnings before income taxes,us-gaap:IncomeLossFromContinuingOperationsBeforeIncomeTaxesExtraordinaryItemsNoncontrollingInterest,reported,
income_statement,us-gaap:IncomeTaxExpenseBenefit,Income tax provision,2Q23,-218.0,BMY_SEC-XBRL-financials_as-presented_10-Q_2023-07-27_0000014272-23-000152.xlsx,Income Statement,"Three Months Ended June 30, 2023",Income tax (benefit)/provision,us-gaap:IncomeTaxExpenseBenefit,reported,
income_statement,us-gaap:IncomeTaxExpenseBenefit,Income tax provision,6M23,285.0,BMY_SEC-XBRL-financials_as-presented_10-Q_2023-07-27_0000014272-23-000152.xlsx,Income Statement,"Six Months Ended June 30, 2023",Income tax (benefit)/provision,us-gaap:IncomeTaxExpenseBenefit,reported,
income_statement,us-gaap:ProfitLoss,Net earnings/(loss),2Q23,2077.0,BMY_SEC-XBRL-financials_as-presented_10-Q_2023-07-27_0000014272-23-000152.xlsx,Income Statement,"Three Months Ended June 30, 2023",Net earnings,us-gaap:ProfitLoss,reported,
income_statement,us-gaap:ProfitLoss,Net earnings/(loss),6M23,4344.0,BMY_SEC-XBRL-financials_as-presented_10-Q_2023-07-27_0000014272-23-000152.xlsx,Income Statement,"Six Months Ended June 30, 2023",Net earnings,us-gaap:ProfitLoss,reported,
income_statement,us-gaap:ComprehensiveIncomeNetOfTaxAttributableToNoncontrollingInterest,Noncontrolling Interest,2Q23,4.0,BMY_SEC-XBRL-financials_as-presented_10-Q_2023-07-27_0000014272-23-000152.xlsx,Income Statement,"Three Months Ended June 30, 2023",Noncontrolling interest,us-gaap:ComprehensiveIncomeNetOfTaxAttributableToNoncontrollingInterest,reported,
income_statement,us-gaap:ComprehensiveIncomeNetOfTaxAttributableToNoncontrollingInterest,Noncontrolling Interest,6M23,9.0,BMY_SEC-XBRL-financials_as-presented_10-Q_2023-07-27_0000014272-23-000152.xlsx,Income Statement,"Six Months Ended June 30, 2023",Noncontrolling interest,us-gaap:ComprehensiveIncomeNetOfTaxAttributableToNoncontrollingInterest,reported,
income_statement,us-gaap:NetIncomeLoss,Net earnings/(loss) attributable to BMS,2Q23,2073.0,BMY_SEC-XBRL-financials_as-presented_10-Q_2023-07-27_0000014272-23-000152.xlsx,Income Statement,"Three Months Ended June 30, 2023",Net earnings attributable to BMS,us-gaap:NetIncomeLoss,reported,
income_statement,us-gaap:NetIncomeLoss,Net earnings/(loss) attributable to BMS,6M23,4335.0,BMY_SEC-XBRL-financials_as-presented_10-Q_2023-07-27_0000014272-23-000152.xlsx,Income Statement,"Six Months Ended June 30, 2023",Net earnings attributable to BMS,us-gaap:NetIncomeLoss,reported,
income_statement,us-gaap:EarningsPerShareBasic,Basic,2Q23,0.99,BMY_SEC-XBRL-financials_as-presented_10-Q_2023-07-27_0000014272-23-000152.xlsx,Income Statement,"Three Months Ended June 30, 2023",Basic,us-gaap:EarningsPerShareBasic,reported,
income_statement,us-gaap:EarningsPerShareBasic,Basic,6M23,2.07,BMY_SEC-XBRL-financials_as-presented_10-Q_2023-07-27_0000014272-23-000152.xlsx,Income Statement,"Six Months Ended June 30, 2023",Basic,us-gaap:EarningsPerShareBasic,reported,
income_statement,us-gaap:EarningsPerShareDiluted,Diluted,2Q23,0.99,BMY_SEC-XBRL-financials_as-presented_10-Q_2023-07-27_0000014272-23-000152.xlsx,Income Statement,"Three Months Ended June 30, 2023",Diluted,us-gaap:EarningsPerShareDiluted,reported,
income_statement,us-gaap:EarningsPerShareDiluted,Diluted,6M23,2.06,BMY_SEC-XBRL-financials_as-presented_10-Q_2023-07-27_0000014272-23-000152.xlsx,Income Statement,"Six Months Ended June 30, 2023",Diluted,us-gaap:EarningsPerShareDiluted,reported,
balance_sheet,us-gaap:CashAndCashEquivalentsAtCarryingValue,Cash and cash equivalents,2Q23,8372.0,BMY_SEC-XBRL-financials_as-presented_10-Q_2023-07-27_0000014272-23-000152.xlsx,Balance Sheet,"June 30,2023",Cash and cash equivalents,us-gaap:CashAndCashEquivalentsAtCarryingValue,reported,
balance_sheet,us-gaap:MarketableSecuritiesCurrent,Marketable debt securities,2Q23,358.0,BMY_SEC-XBRL-financials_as-presented_10-Q_2023-07-27_0000014272-23-000152.xlsx,Balance Sheet,"June 30,2023",Marketable debt securities,us-gaap:MarketableSecuritiesCurrent,reported,
balance_sheet,us-gaap:ReceivablesNetCurrent,Receivables,2Q23,10112.0,BMY_SEC-XBRL-financials_as-presented_10-Q_2023-07-27_0000014272-23-000152.xlsx,Balance Sheet,"June 30,2023",Receivables,us-gaap:ReceivablesNetCurrent,reported,
balance_sheet,us-gaap:InventoryNet,Inventories,2Q23,2364.0,BMY_SEC-XBRL-financials_as-presented_10-Q_2023-07-27_0000014272-23-000152.xlsx,Balance Sheet,"June 30,2023",Inventories,us-gaap:InventoryNet,reported,
balance_sheet,us-gaap:OtherAssetsCurrent,Other current assets,2Q23,6868.0,BMY_SEC-XBRL-financials_as-presented_10-Q_2023-07-27_0000014272-23-000152.xlsx,Balance Sheet,"June 30,2023",Other current assets,us-gaap:OtherAssetsCurrent,reported,
balance_sheet,us-gaap:AssetsCurrent,Total Current assets,2Q23,28074.0,BMY_SEC-XBRL-financials_as-presented_10-Q_2023-07-27_0000014272-23-000152.xlsx,Balance Sheet,"June 30,2023",Total Current assets,us-gaap:AssetsCurrent,reported,
balance_sheet,us-gaap:PropertyPlantAndEquipmentNet,"Property, plant and equipment",2Q23,6355.0,BMY_SEC-XBRL-financials_as-presented_10-Q_2023-07-27_0000014272-23-000152.xlsx,Balance Sheet,"June 30,2023","Property, plant and equipment",us-gaap:PropertyPlantAndEquipmentNet,reported,
balance_sheet,us-gaap:Goodwill,Goodwill,2Q23,21163.0,BMY_SEC-XBRL-financials_as-presented_10-Q_2023-07-27_0000014272-23-000152.xlsx,Balance Sheet,"June 30,2023",Goodwill,us-gaap:Goodwill,reported,
balance_sheet,us-gaap:IntangibleAssetsNetExcludingGoodwill,Other intangible assets,2Q23,31303.0,BMY_SEC-XBRL-financials_as-presented_10-Q_2023-07-27_0000014272-23-000152.xlsx,Balance Sheet,"June 30,2023",Other intangible assets,us-gaap:IntangibleAssetsNetExcludingGoodwill,reported,
balance_sheet,us-gaap:DeferredIncomeTaxAssetsNet,Deferred income taxes,2Q23,1572.0,BMY_SEC-XBRL-financials_as-presented_10-Q_2023-07-27_0000014272-23-000152.xlsx,Balance Sheet,"June 30,2023",Deferred income taxes,us-gaap:DeferredIncomeTaxAssetsNet,reported,
balance_sheet,us-gaap:OtherAssetsNoncurrent,Other non-current assets,2Q23,5022.0,BMY_SEC-XBRL-financials_as-presented_10-Q_2023-07-27_0000014272-23-000152.xlsx,Balance Sheet,"June 30,2023",Other non-current assets,us-gaap:OtherAssetsNoncurrent,reported,
balance_sheet,us-gaap:Assets,Total Assets,2Q23,93489.0,BMY_SEC-XBRL-financials_as-presented_10-Q_2023-07-27_0000014272-23-000152.xlsx,Balance Sheet,"June 30,2023",Total Assets,us-gaap:Assets,reported,
balance_sheet,us-gaap:DebtCurrent,Short-term debt obligations,2Q23,3020.0,BMY_SEC-XBRL-financials_as-presented_10-Q_2023-07-27_0000014272-23-000152.xlsx,Balance Sheet,"June 30,2023",Short-term debt obligations,us-gaap:DebtCurrent,reported,
balance_sheet,us-gaap:AccountsPayableCurrent,Accounts payable,2Q23,3069.0,BMY_SEC-XBRL-financials_as-presented_10-Q_2023-07-27_0000014272-23-000152.xlsx,Balance Sheet,"June 30,2023",Accounts payable,us-gaap:AccountsPayableCurrent,reported,
balance_sheet,us-gaap:OtherLiabilitiesCurrent,Other current liabilities,2Q23,14061.0,BMY_SEC-XBRL-financials_as-presented_10-Q_2023-07-27_0000014272-23-000152.xlsx,Balance Sheet,"June 30,2023",Other current liabilities,us-gaap:OtherLiabilitiesCurrent,reported,
balance_sheet,us-gaap:LiabilitiesCurrent,Total Current liabilities,2Q23,20150.0,BMY_SEC-XBRL-financials_as-presented_10-Q_2023-07-27_0000014272-23-000152.xlsx,Balance Sheet,"June 30,2023",Total Current liabilities,us-gaap:LiabilitiesCurrent,reported,
balance_sheet,us-gaap:DeferredIncomeTaxLiabilitiesNet,Deferred income taxes,2Q23,751.0,BMY_SEC-XBRL-financials_as-presented_10-Q_2023-07-27_0000014272-23-000152.xlsx,Balance Sheet,"June 30,2023",Deferred income taxes,us-gaap:DeferredIncomeTaxLiabilitiesNet,reported,
balance_sheet,us-gaap:LongTermDebtNoncurrent,Long-term debt,2Q23,34656.0,BMY_SEC-XBRL-financials_as-presented_10-Q_2023-07-27_0000014272-23-000152.xlsx,Balance Sheet,"June 30,2023",Long-term debt,us-gaap:LongTermDebtNoncurrent,reported,
balance_sheet,us-gaap:OtherLiabilitiesNoncurrent,Other non-current liabilities,2Q23,5902.0,BMY_SEC-XBRL-financials_as-presented_10-Q_2023-07-27_0000014272-23-000152.xlsx,Balance Sheet,"June 30,2023",Other non-current liabilities,us-gaap:OtherLiabilitiesNoncurrent,reported,
balance_sheet,us-gaap:Liabilities,Total Liabilities,2Q23,61459.0,BMY_SEC-XBRL-financials_as-presented_10-Q_2023-07-27_0000014272-23-000152.xlsx,Balance Sheet,"June 30,2023",Total Liabilities,us-gaap:Liabilities,reported,
balance_sheet,us-gaap:CommonStockValue,"Common stock, par value of $0.10 per share: Authorized 4.5 billion shares; 2.9 billion issued in 2019 and 2.2 billion issued in 2018",2Q23,292.0,BMY_SEC-XBRL-financials_as-presented_10-Q_2023-07-27_0000014272-23-000152.xlsx,Balance Sheet,"June 30,2023",Common stock,us-gaap:CommonStockValue,reported,
balance_sheet,us-gaap:AdditionalPaidInCapital,Capital in excess of par value of stock,2Q23,45299.0,BMY_SEC-XBRL-financials_as-presented_10-Q_2023-07-27_0000014272-23-000152.xlsx,Balance Sheet,"June 30,2023",Capital in excess of par value of stock,us-gaap:AdditionalPaidInCapital,reported,
balance_sheet,us-gaap:AccumulatedOtherComprehensiveIncomeLossNetOfTax,Accumulated other comprehensive loss,2Q23,-1387.0,BMY_SEC-XBRL-financials_as-presented_10-Q_2023-07-27_0000014272-23-000152.xlsx,Balance Sheet,"June 30,2023",Accumulated other comprehensive loss,us-gaap:AccumulatedOtherComprehensiveIncomeLossNetOfTax,reported,
balance_sheet,us-gaap:RetainedEarningsAccumulatedDeficit,Retained earnings,2Q23,27449.0,BMY_SEC-XBRL-financials_as-presented_10-Q_2023-07-27_0000014272-23-000152.xlsx,Balance Sheet,"June 30,2023",Retained earnings,us-gaap:RetainedEarningsAccumulatedDeficit,reported,
balance_sheet,us-gaap:TreasuryStockValue,Less cost of treasury stock — 672 million common shares in 2019 and 576 million common shares in 2018,2Q23,-39680.0,BMY_SEC-XBRL-financials_as-presented_10-Q_2023-07-27_0000014272-23-000152.xlsx,Balance Sheet,"June 30,2023",Less cost of treasury stock,us-gaap:TreasuryStockValue,reported,
balance_sheet,us-gaap:StockholdersEquity,Total BMS Shareholders’ Equity,2Q23,31973.0,BMY_SEC-XBRL-financials_as-presented_10-Q_2023-07-27_0000014272-23-000152.xlsx,Balance Sheet,"June 30,2023",Total BMS Shareholders’ equity,us-gaap:StockholdersEquity,reported,
balance_sheet,us-gaap:MinorityInterest,Noncontrolling interest,2Q23,57.0,BMY_SEC-XBRL-financials_as-presented_10-Q_2023-07-27_0000014272-23-000152.xlsx,Balance Sheet,"June 30,2023",Noncontrolling interest,us-gaap:MinorityInterest,reported,
balance_sheet,us-gaap:StockholdersEquityIncludingPortionAttributableToNoncontrollingInterest,Total Equity,2Q23,32030.0,BMY_SEC-XBRL-financials_as-presented_10-Q_2023-07-27_0000014272-23-000152.xlsx,Balance Sheet,"June 30,2023",Total Equity,us-gaap:StockholdersEquityIncludingPortionAttributableToNoncontrollingInterest,reported,
balance_sheet,us-gaap:LiabilitiesAndStockholdersEquity,Total Liabilities and Equity,2Q23,93489.0,BMY_SEC-XBRL-financials_as-presented_10-Q_2023-07-27_0000014272-23-000152.xlsx,Balance Sheet,"June 30,2023",Total Liabilities and Equity,us-gaap:LiabilitiesAndStockholdersEquity,reported,
cash_flow,us-gaap:ProfitLoss,Net earnings/(loss),6M23,4344.0,BMY_SEC-XBRL-financials_as-presented_10-Q_2023-07-27_0000014272-23-000152.xlsx,Cash Flow,"Six Months Ended June 30, 2023",Net earnings,us-gaap:ProfitLoss,reported,
cash_flow,us-gaap:DepreciationDepletionAndAmortization,"Depreciation and amortization, net",6M23,4861.0,BMY_SEC-XBRL-financials_as-presented_10-Q_2023-07-27_0000014272-23-000152.xlsx,Cash Flow,"Six Months Ended June 30, 2023","Depreciation and amortization, net",us-gaap:DepreciationDepletionAndAmortization,reported,
cash_flow,us-gaap:DeferredIncomeTaxExpenseBenefit,Deferred income taxes,6M23,-1634.0,BMY_SEC-XBRL-financials_as-presented_10-Q_2023-07-27_0000014272-23-000152.xlsx,Cash Flow,"Six Months Ended June 30, 2023",Deferred income taxes,us-gaap:DeferredIncomeTaxExpenseBenefit,reported,
cash_flow,us-gaap:ShareBasedCompensation,Stock-based compensation,6M23,259.0,BMY_SEC-XBRL-financials_as-presented_10-Q_2023-07-27_0000014272-23-000152.xlsx,Cash Flow,"Six Months Ended June 30, 2023",Stock-based compensation,us-gaap:ShareBasedCompensation,reported,
cash_flow,us-gaap:ImpairmentOfLongLivedAssetsToBeDisposedOf,Impairment charges,6M23,67.0,BMY_SEC-XBRL-financials_as-presented_10-Q_2023-07-27_0000014272-23-000152.xlsx,Cash Flow,"Six Months Ended June 30, 2023",Impairment charges,us-gaap:ImpairmentOfLongLivedAssetsToBeDisposedOf,reported,
cash_flow,bmy:DivestitureGainsAndRoyalties,Divestiture gains and royalties,6M23,-417.0,BMY_SEC-XBRL-financials_as-presented_10-Q_2023-07-27_0000014272-23-000152.xlsx,Cash Flow,"Six Months Ended June 30, 2023",Divestiture gains and royalties,bmy:Divestituregainsandroyalties,reported,
cash_flow,bmy:AcquiredIPRD,Acquired IPRD,6M23,233.0,BMY_SEC-XBRL-financials_as-presented_10-Q_2023-07-27_0000014272-23-000152.xlsx,Cash Flow,"Six Months Ended June 30, 2023",Acquired IPRD,bmy:AcquiredIPRD,reported,
cash_flow,us-gaap:GainLossOnInvestments,Equity investment gains,6M23,213.0,BMY_SEC-XBRL-financials_as-presented_10-Q_2023-07-27_0000014272-23-000152.xlsx,Cash Flow,"Six Months Ended June 30, 2023",Equity investment losses,us-gaap:GainLossOnInvestments,reported,
cash_flow,us-gaap:OtherNoncashIncomeExpense,Other adjustments,6M23,-9.0,BMY_SEC-XBRL-financials_as-presented_10-Q_2023-07-27_0000014272-23-000152.xlsx,Cash Flow,"Six Months Ended June 30, 2023",Other adjustments,us-gaap:OtherNoncashIncomeExpense,reported,
cash_flow,us-gaap:IncreaseDecreaseInReceivables,Receivables,6M23,-240.0,BMY_SEC-XBRL-financials_as-presented_10-Q_2023-07-27_0000014272-23-000152.xlsx,Cash Flow,"Six Months Ended June 30, 2023",Receivables,us-gaap:IncreaseDecreaseInReceivables,reported,
cash_flow,us-gaap:IncreaseDecreaseInInventories,Inventories,6M23,-298.0,BMY_SEC-XBRL-financials_as-presented_10-Q_2023-07-27_0000014272-23-000152.xlsx,Cash Flow,"Six Months Ended June 30, 2023",Inventories,us-gaap:IncreaseDecreaseInInventories,reported,
cash_flow,us-gaap:IncreaseDecreaseInAccountsPayable,Accounts payable,6M23,22.0,BMY_SEC-XBRL-financials_as-presented_10-Q_2023-07-27_0000014272-23-000152.xlsx,Cash Flow,"Six Months Ended June 30, 2023",Accounts payable,us-gaap:IncreaseDecreaseInAccountsPayable,reported,
cash_flow,us-gaap:IncreaseDecreaseInOtherAccruedLiabilities,Rebates and discounts,6M23,-418.0,BMY_SEC-XBRL-financials_as-presented_10-Q_2023-07-27_0000014272-23-000152.xlsx,Cash Flow,"Six Months Ended June 30, 2023",Rebates and discounts,us-gaap:IncreaseDecreaseInOtherAccruedLiabilities,reported,
cash_flow,us-gaap:IncreaseDecreaseInAccruedIncomeTaxesPayable,Income taxes payable,6M23,-1235.0,BMY_SEC-XBRL-financials_as-presented_10-Q_2023-07-27_0000014272-23-000152.xlsx,Cash Flow,"Six Months Ended June 30, 2023",Income taxes payable,us-gaap:IncreaseDecreaseInAccruedIncomeTaxesPayable,reported,
cash_flow,us-gaap:IncreaseDecreaseInOtherOperatingCapitalNet,Other,6M23,-891.0,BMY_SEC-XBRL-financials_as-presented_10-Q_2023-07-27_0000014272-23-000152.xlsx,Cash Flow,"Six Months Ended June 30, 2023",Other,us-gaap:IncreaseDecreaseInOtherOperatingCapitalNet,reported,
cash_flow,us-gaap:NetCashProvidedByUsedInOperatingActivities,Net cash provided by operating activities,6M23,4857.0,BMY_SEC-XBRL-financials_as-presented_10-Q_2023-07-27_0000014272-23-000152.xlsx,Cash Flow,"Six Months Ended June 30, 2023",Net cash provided by operating activities,us-gaap:NetCashProvidedByUsedInOperatingActivities,reported,
cash_flow,us-gaap:ProceedsFromSaleAndMaturityOfAvailableForSaleSecurities,Sale and maturities of marketable debt securities,6M23,327.0,BMY_SEC-XBRL-financials_as-presented_10-Q_2023-07-27_0000014272-23-000152.xlsx,Cash Flow,"Six Months Ended June 30, 2023",Sale and maturities of marketable debt securities,us-gaap:ProceedsFromSaleAndMaturityOfAvailableForSaleSecurities,reported,
cash_flow,us-gaap:PaymentsToAcquireMarketableSecurities,Purchase of marketable debt securities,6M23,-555.0,BMY_SEC-XBRL-financials_as-presented_10-Q_2023-07-27_0000014272-23-000152.xlsx,Cash Flow,"Six Months Ended June 30, 2023",Purchase of marketable debt securities,us-gaap:PaymentsToAcquireMarketableSecurities,reported,
cash_flow,us-gaap:ProceedsFromSaleOfEquitySecuritiesFvNi,Proceeds from sales of equity investments,6M23,67.0,BMY_SEC-XBRL-financials_as-presented_10-Q_2023-07-27_0000014272-23-000152.xlsx,Cash Flow,"Six Months Ended June 30, 2023",Proceeds from sales of equity investment securities,us-gaap:ProceedsFromSaleOfEquitySecuritiesFvNi,reported,
cash_flow,us-gaap:PaymentsToAcquirePropertyPlantAndEquipment,Capital expenditures,6M23,-537.0,BMY_SEC-XBRL-financials_as-presented_10-Q_2023-07-27_0000014272-23-000152.xlsx,Cash Flow,"Six Months Ended June 30, 2023",Capital expenditures,us-gaap:PaymentsToAcquirePropertyPlantAndEquipment,reported,
cash_flow,bmy:DivestitureAndOtherProceeds,Divestiture and other proceeds,6M23,421.0,BMY_SEC-XBRL-financials_as-presented_10-Q_2023-07-27_0000014272-23-000152.xlsx,Cash Flow,"Six Months Ended June 30, 2023",Divestiture and other proceeds,bmy:Divestitureandotherproceeds,reported,
cash_flow,us-gaap:PaymentsToAcquireBusinessesNetOfCashAcquired,"Acquisition and other payments, net of cash acquired",6M23,-262.0,BMY_SEC-XBRL-financials_as-presented_10-Q_2023-07-27_0000014272-23-000152.xlsx,Cash Flow,"Six Months Ended June 30, 2023","Acquisition and other payments, net of cash acquired",us-gaap:PaymentsToAcquireBusinessesNetOfCashAcquired,reported,
cash_flow,us-gaap:NetCashProvidedByUsedInInvestingActivities,Net cash provided by/(used in) investing activities,6M23,-539.0,BMY_SEC-XBRL-financials_as-presented_10-Q_2023-07-27_0000014272-23-000152.xlsx,Cash Flow,"Six Months Ended June 30, 2023",Net cash used in investing activities,us-gaap:NetCashProvidedByUsedInInvestingActivities,reported,
cash_flow,us-gaap:ProceedsFromRepaymentsOfShortTermDebt,"Short-term debt obligations, net",6M23,243.0,BMY_SEC-XBRL-financials_as-presented_10-Q_2023-07-27_0000014272-23-000152.xlsx,Cash Flow,"Six Months Ended June 30, 2023","Short-term debt obligations, net",us-gaap:ProceedsFromRepaymentsOfShortTermDebt,reported,
cash_flow,us-gaap:RepaymentsOfLongTermDebt,Repayments of long-term debt,6M23,-1879.0,BMY_SEC-XBRL-financials_as-presented_10-Q_2023-07-27_0000014272-23-000152.xlsx,Cash Flow,"Six Months Ended June 30, 2023",Repayment of long-term debt,us-gaap:RepaymentsOfLongTermDebt,reported,
cash_flow,us-gaap:PaymentsForRepurchaseOfCommonStock,Repurchase of common stock,6M23,-1155.0,BMY_SEC-XBRL-financials_as-presented_10-Q_2023-07-27_0000014272-23-000152.xlsx,Cash Flow,"Six Months Ended June 30, 2023",Repurchase of common stock,us-gaap:PaymentsForRepurchaseOfCommonStock,reported,
cash_flow,us-gaap:PaymentsOfDividends,Dividends,6M23,-2393.0,BMY_SEC-XBRL-financials_as-presented_10-Q_2023-07-27_0000014272-23-000152.xlsx,Cash Flow,"Six Months Ended June 30, 2023",Dividends,us-gaap:PaymentsOfDividends,reported,
cash_flow,bmy:PaymentsForProceedsFromStockOptionExercisesAndOtherAdjustments,"Stock option proceeds and other, net",6M23,-39.0,BMY_SEC-XBRL-financials_as-presented_10-Q_2023-07-27_0000014272-23-000152.xlsx,Cash Flow,"Six Months Ended June 30, 2023","Stock option proceeds and other, net",bmy:PaymentsForProceedsFromStockOptionExercisesAndOtherAdjustments,reported,
cash_flow,us-gaap:NetCashProvidedByUsedInFinancingActivities,Net cash provided by/(used in) financing activities,6M23,-5223.0,BMY_SEC-XBRL-financials_as-presented_10-Q_2023-07-27_0000014272-23-000152.xlsx,Cash Flow,"Six Months Ended June 30, 2023",Net cash used in financing activities,us-gaap:NetCashProvidedByUsedInFinancingActivities,reported,
cash_flow,us-gaap:EffectOfExchangeRateOnCashCashEquivalentsRestrictedCashAndRestrictedCashEquivalents,"Effect of exchange rates on cash, cash equivalents and restricted cash",6M23,5.0,BMY_SEC-XBRL-financials_as-presented_10-Q_2023-07-27_0000014272-23-000152.xlsx,Cash Flow,"Six Months Ended June 30, 2023","Effect of exchange rates on cash, cash equivalents and restricted cash",us-gaap:EffectOfExchangeRateOnCashCashEquivalentsRestrictedCashAndRestrictedCashEquivalents,reported,
cash_flow,us-gaap:CashCashEquivalentsRestrictedCashAndRestrictedCashEquivalentsPeriodIncreaseDecreaseIncludingExchangeRateEffect,"Increase/(decrease) in cash, cash equivalents and restricted cash",6M23,-900.0,BMY_SEC-XBRL-financials_as-presented_10-Q_2023-07-27_0000014272-23-000152.xlsx,Cash Flow,"Six Months Ended June 30, 2023","Decrease in cash, cash equivalents and restricted cash",us-gaap:CashCashEquivalentsRestrictedCashAndRestrictedCashEquivalentsPeriodIncreaseDecreaseIncludingExchangeRateEffect,reported,
cash_flow,us-gaap:CashCashEquivalentsRestrictedCashAndRestrictedCashEquivalents,"Cash, cash equivalents and restricted cash at beginning of period",6M23,9325.0,BMY_SEC-XBRL-financials_as-presented_10-Q_2023-07-27_0000014272-23-000152.xlsx,Cash Flow,"Six Months Ended June 30, 2023","Cash, cash equivalents and restricted cash at beginning of period",us-gaap:CashCashEquivalentsRestrictedCashAndRestrictedCashEquivalents,reported,
income_statement,us-gaap:Revenues,Net product sales,3Q23,10645.0,BMY_SEC-XBRL-financials_as-presented_10-Q_2023-10-26_0000014272-23-000181.xlsx,Income Statement,"Three Months Ended September 30, 2023",Net product sales,us-gaap:Revenues,reported,
income_statement,us-gaap:Revenues,Net product sales,9M23,32610.0,BMY_SEC-XBRL-financials_as-presented_10-Q_2023-10-26_0000014272-23-000181.xlsx,Income Statement,"Nine Months Ended September 30, 2023",Net product sales,us-gaap:Revenues,reported,
income_statement,us-gaap:CostOfGoodsAndServicesSold,Cost of products sold(a),3Q23,2506.0,BMY_SEC-XBRL-financials_as-presented_10-Q_2023-10-26_0000014272-23-000181.xlsx,Income Statement,"Three Months Ended September 30, 2023",Cost of products sold(a),us-gaap:CostOfGoodsAndServicesSold,reported,
income_statement,us-gaap:CostOfGoodsAndServicesSold,Cost of products sold(a),9M23,7948.0,BMY_SEC-XBRL-financials_as-presented_10-Q_2023-10-26_0000014272-23-000181.xlsx,Income Statement,"Nine Months Ended September 30, 2023",Cost of products sold(a),us-gaap:CostOfGoodsAndServicesSold,reported,
income_statement,us-gaap:SellingGeneralAndAdministrativeExpense,"Selling, general and administrative",3Q23,2003.0,BMY_SEC-XBRL-financials_as-presented_10-Q_2023-10-26_0000014272-23-000181.xlsx,Income Statement,"Three Months Ended September 30, 2023","Marketing, selling and administrative",us-gaap:SellingGeneralAndAdministrativeExpense,reported,
income_statement,us-gaap:SellingGeneralAndAdministrativeExpense,"Selling, general and administrative",9M23,5699.0,BMY_SEC-XBRL-financials_as-presented_10-Q_2023-10-26_0000014272-23-000181.xlsx,Income Statement,"Nine Months Ended September 30, 2023","Marketing, selling and administrative",us-gaap:SellingGeneralAndAdministrativeExpense,reported,
income_statement,us-gaap:ResearchAndDevelopmentExpense,Research and development,3Q23,2242.0,BMY_SEC-XBRL-financials_as-presented_10-Q_2023-10-26_0000014272-23-000181.xlsx,Income Statement,"Three Months Ended September 30, 2023",Research and development,us-gaap:ResearchAndDevelopmentExpense,reported,
income_statement,us-gaap:ResearchAndDevelopmentExpense,Research and development,9M23,6821.0,BMY_SEC-XBRL-financials_as-presented_10-Q_2023-10-26_0000014272-23-000181.xlsx,Income Statement,"Nine Months Ended September 30, 2023",Research and development,us-gaap:ResearchAndDevelopmentExpense,reported,
income_statement,bmy:AcquiredIPRD,Acquired IPRD,3Q23,80.0,BMY_SEC-XBRL-financials_as-presented_10-Q_2023-10-26_0000014272-23-000181.xlsx,Income Statement,"Three Months Ended September 30, 2023",Acquired IPRD,bmy:AcquiredIPRD,reported,
income_statement,bmy:AcquiredIPRD,Acquired IPRD,9M23,313.0,BMY_SEC-XBRL-financials_as-presented_10-Q_2023-10-26_0000014272-23-000181.xlsx,Income Statement,"Nine Months Ended September 30, 2023",Acquired IPRD,bmy:AcquiredIPRD,reported,
income_statement,bmy:AmortizationofAcquiredIntangibleAssets,Amortization of acquired intangible assets,3Q23,2256.0,BMY_SEC-XBRL-financials_as-presented_10-Q_2023-10-26_0000014272-23-000181.xlsx,Income Statement,"Three Months Ended September 30, 2023",Amortization of acquired intangible assets,bmy:AmortizationofAcquiredIntangibleAssets,reported,
income_statement,bmy:AmortizationofAcquiredIntangibleAssets,Amortization of acquired intangible assets,9M23,6769.0,BMY_SEC-XBRL-financials_as-presented_10-Q_2023-10-26_0000014272-23-000181.xlsx,Income Statement,"Nine Months Ended September 30, 2023",Amortization of acquired intangible assets,bmy:AmortizationofAcquiredIntangibleAssets,reported,
income_statement,us-gaap:OtherNonoperatingIncomeExpense,"Other (income)/expense, net",3Q23,-258.0,BMY_SEC-XBRL-financials_as-presented_10-Q_2023-10-26_0000014272-23-000181.xlsx,Income Statement,"Three Months Ended September 30, 2023","Other (income)/expense, net",us-gaap:OtherNonoperatingIncomeExpense,reported,
income_statement,us-gaap:OtherNonoperatingIncomeExpense,"Other (income)/expense, net",9M23,-787.0,BMY_SEC-XBRL-financials_as-presented_10-Q_2023-10-26_0000014272-23-000181.xlsx,Income Statement,"Nine Months Ended September 30, 2023","Other (income)/expense, net",us-gaap:OtherNonoperatingIncomeExpense,reported,
income_statement,us-gaap:CostsAndExpenses,Total Expenses,3Q23,8829.0,BMY_SEC-XBRL-financials_as-presented_10-Q_2023-10-26_0000014272-23-000181.xlsx,Income Statement,"Three Months Ended September 30, 2023",Total Expenses,us-gaap:CostsAndExpenses,reported,
income_statement,us-gaap:CostsAndExpenses,Total Expenses,9M23,26763.0,BMY_SEC-XBRL-financials_as-presented_10-Q_2023-10-26_0000014272-23-000181.xlsx,Income Statement,"Nine Months Ended September 30, 2023",Total Expenses,us-gaap:CostsAndExpenses,reported,
income_statement,us-gaap:IncomeLossFromContinuingOperationsBeforeIncomeTaxesExtraordinaryItemsNoncontrollingInterest,Earnings/(Loss) before income taxes,3Q23,2137.0,BMY_SEC-XBRL-financials_as-presented_10-Q_2023-10-26_0000014272-23-000181.xlsx,Income Statement,"Three Months Ended September 30, 2023",Earnings before income taxes,us-gaap:IncomeLossFromContinuingOperationsBeforeIncomeTaxesExtraordinaryItemsNoncontrollingInterest,reported,
income_statement,us-gaap:IncomeLossFromContinuingOperationsBeforeIncomeTaxesExtraordinaryItemsNoncontrollingInterest,Earnings/(Loss) before income taxes,9M23,6766.0,BMY_SEC-XBRL-financials_as-presented_10-Q_2023-10-26_0000014272-23-000181.xlsx,Income Statement,"Nine Months Ended September 30, 2023",Earnings before income taxes,us-gaap:IncomeLossFromContinuingOperationsBeforeIncomeTaxesExtraordinaryItemsNoncontrollingInterest,reported,
income_statement,us-gaap:IncomeTaxExpenseBenefit,Income tax provision,3Q23,203.0,BMY_SEC-XBRL-financials_as-presented_10-Q_2023-10-26_0000014272-23-000181.xlsx,Income Statement,"Three Months Ended September 30, 2023",Income tax provision,us-gaap:IncomeTaxExpenseBenefit,reported,
income_statement,us-gaap:IncomeTaxExpenseBenefit,Income tax provision,9M23,488.0,BMY_SEC-XBRL-financials_as-presented_10-Q_2023-10-26_0000014272-23-000181.xlsx,Income Statement,"Nine Months Ended September 30, 2023",Income tax provision,us-gaap:IncomeTaxExpenseBenefit,reported,
income_statement,us-gaap:ProfitLoss,Net earnings/(loss),3Q23,1934.0,BMY_SEC-XBRL-financials_as-presented_10-Q_2023-10-26_0000014272-23-000181.xlsx,Income Statement,"Three Months Ended September 30, 2023",Net earnings,us-gaap:ProfitLoss,reported,
income_statement,us-gaap:ProfitLoss,Net earnings/(loss),9M23,6278.0,BMY_SEC-XBRL-financials_as-presented_10-Q_2023-10-26_0000014272-23-000181.xlsx,Income Statement,"Nine Months Ended September 30, 2023",Net earnings,us-gaap:ProfitLoss,reported,
income_statement,us-gaap:ComprehensiveIncomeNetOfTaxAttributableToNoncontrollingInterest,Noncontrolling Interest,3Q23,6.0,BMY_SEC-XBRL-financials_as-presented_10-Q_2023-10-26_0000014272-23-000181.xlsx,Income Statement,"Three Months Ended September 30, 2023",Noncontrolling interest,us-gaap:ComprehensiveIncomeNetOfTaxAttributableToNoncontrollingInterest,reported,
income_statement,us-gaap:ComprehensiveIncomeNetOfTaxAttributableToNoncontrollingInterest,Noncontrolling Interest,9M23,15.0,BMY_SEC-XBRL-financials_as-presented_10-Q_2023-10-26_0000014272-23-000181.xlsx,Income Statement,"Nine Months Ended September 30, 2023",Noncontrolling interest,us-gaap:ComprehensiveIncomeNetOfTaxAttributableToNoncontrollingInterest,reported,
income_statement,us-gaap:NetIncomeLoss,Net earnings/(loss) attributable to BMS,3Q23,1928.0,BMY_SEC-XBRL-financials_as-presented_10-Q_2023-10-26_0000014272-23-000181.xlsx,Income Statement,"Three Months Ended September 30, 2023",Net earnings attributable to BMS,us-gaap:NetIncomeLoss,reported,
income_statement,us-gaap:NetIncomeLoss,Net earnings/(loss) attributable to BMS,9M23,6263.0,BMY_SEC-XBRL-financials_as-presented_10-Q_2023-10-26_0000014272-23-000181.xlsx,Income Statement,"Nine Months Ended September 30, 2023",Net earnings attributable to BMS,us-gaap:NetIncomeLoss,reported,
income_statement,us-gaap:EarningsPerShareBasic,Basic,3Q23,0.94,BMY_SEC-XBRL-financials_as-presented_10-Q_2023-10-26_0000014272-23-000181.xlsx,Income Statement,"Three Months Ended September 30, 2023",Basic,us-gaap:EarningsPerShareBasic,reported,
income_statement,us-gaap:EarningsPerShareBasic,Basic,9M23,3.01,BMY_SEC-XBRL-financials_as-presented_10-Q_2023-10-26_0000014272-23-000181.xlsx,Income Statement,"Nine Months Ended September 30, 2023",Basic,us-gaap:EarningsPerShareBasic,reported,
income_statement,us-gaap:EarningsPerShareDiluted,Diluted,3Q23,0.93,BMY_SEC-XBRL-financials_as-presented_10-Q_2023-10-26_0000014272-23-000181.xlsx,Income Statement,"Three Months Ended September 30, 2023",Diluted,us-gaap:EarningsPerShareDiluted,reported,
income_statement,us-gaap:EarningsPerShareDiluted,Diluted,9M23,2.99,BMY_SEC-XBRL-financials_as-presented_10-Q_2023-10-26_0000014272-23-000181.xlsx,Income Statement,"Nine Months Ended September 30, 2023",Diluted,us-gaap:EarningsPerShareDiluted,reported,
balance_sheet,us-gaap:CashAndCashEquivalentsAtCarryingValue,Cash and cash equivalents,3Q23,7514.0,BMY_SEC-XBRL-financials_as-presented_10-Q_2023-10-26_0000014272-23-000181.xlsx,Balance Sheet,"September 30,2023",Cash and cash equivalents,us-gaap:CashAndCashEquivalentsAtCarryingValue,reported,
balance_sheet,us-gaap:MarketableSecuritiesCurrent,Marketable debt securities,3Q23,171.0,BMY_SEC-XBRL-financials_as-presented_10-Q_2023-10-26_0000014272-23-000181.xlsx,Balance Sheet,"September 30,2023",Marketable debt securities,us-gaap:MarketableSecuritiesCurrent,reported,
balance_sheet,us-gaap:ReceivablesNetCurrent,Receivables,3Q23,10304.0,BMY_SEC-XBRL-financials_as-presented_10-Q_2023-10-26_0000014272-23-000181.xlsx,Balance Sheet,"September 30,2023",Receivables,us-gaap:ReceivablesNetCurrent,reported,
balance_sheet,us-gaap:InventoryNet,Inventories,3Q23,2436.0,BMY_SEC-XBRL-financials_as-presented_10-Q_2023-10-26_0000014272-23-000181.xlsx,Balance Sheet,"September 30,2023",Inventories,us-gaap:InventoryNet,reported,
balance_sheet,us-gaap:OtherAssetsCurrent,Other current assets,3Q23,7207.0,BMY_SEC-XBRL-financials_as-presented_10-Q_2023-10-26_0000014272-23-000181.xlsx,Balance Sheet,"September 30,2023",Other current assets,us-gaap:OtherAssetsCurrent,reported,
balance_sheet,us-gaap:AssetsCurrent,Total Current assets,3Q23,27632.0,BMY_SEC-XBRL-financials_as-presented_10-Q_2023-10-26_0000014272-23-000181.xlsx,Balance Sheet,"September 30,2023",Total Current assets,us-gaap:AssetsCurrent,reported,
balance_sheet,us-gaap:PropertyPlantAndEquipmentNet,"Property, plant and equipment",3Q23,6481.0,BMY_SEC-XBRL-financials_as-presented_10-Q_2023-10-26_0000014272-23-000181.xlsx,Balance Sheet,"September 30,2023","Property, plant and equipment",us-gaap:PropertyPlantAndEquipmentNet,reported,
balance_sheet,us-gaap:Goodwill,Goodwill,3Q23,21147.0,BMY_SEC-XBRL-financials_as-presented_10-Q_2023-10-26_0000014272-23-000181.xlsx,Balance Sheet,"September 30,2023",Goodwill,us-gaap:Goodwill,reported,
balance_sheet,us-gaap:IntangibleAssetsNetExcludingGoodwill,Other intangible assets,3Q23,28950.0,BMY_SEC-XBRL-financials_as-presented_10-Q_2023-10-26_0000014272-23-000181.xlsx,Balance Sheet,"September 30,2023",Other intangible assets,us-gaap:IntangibleAssetsNetExcludingGoodwill,reported,
balance_sheet,us-gaap:DeferredIncomeTaxAssetsNet,Deferred income taxes,3Q23,1514.0,BMY_SEC-XBRL-financials_as-presented_10-Q_2023-10-26_0000014272-23-000181.xlsx,Balance Sheet,"September 30,2023",Deferred income taxes,us-gaap:DeferredIncomeTaxAssetsNet,reported,
balance_sheet,us-gaap:MarketableSecurities,Marketable debt securities,3Q23,325.0,BMY_SEC-XBRL-financials_as-presented_10-Q_2023-10-26_0000014272-23-000181.xlsx,Balance Sheet,"September 30,2023",Marketable debt securities,us-gaap:MarketableSecurities,reported,
balance_sheet,us-gaap:OtherAssetsNoncurrent,Other non-current assets,3Q23,5214.0,BMY_SEC-XBRL-financials_as-presented_10-Q_2023-10-26_0000014272-23-000181.xlsx,Balance Sheet,"September 30,2023",Other non-current assets,us-gaap:OtherAssetsNoncurrent,reported,
balance_sheet,us-gaap:Assets,Total Assets,3Q23,91263.0,BMY_SEC-XBRL-financials_as-presented_10-Q_2023-10-26_0000014272-23-000181.xlsx,Balance Sheet,"September 30,2023",Total Assets,us-gaap:Assets,reported,
balance_sheet,us-gaap:DebtCurrent,Short-term debt obligations,3Q23,5467.0,BMY_SEC-XBRL-financials_as-presented_10-Q_2023-10-26_0000014272-23-000181.xlsx,Balance Sheet,"September 30,2023",Short-term debt obligations,us-gaap:DebtCurrent,reported,
balance_sheet,us-gaap:AccountsPayableCurrent,Accounts payable,3Q23,2813.0,BMY_SEC-XBRL-financials_as-presented_10-Q_2023-10-26_0000014272-23-000181.xlsx,Balance Sheet,"September 30,2023",Accounts payable,us-gaap:AccountsPayableCurrent,reported,
balance_sheet,us-gaap:OtherLiabilitiesCurrent,Other current liabilities,3Q23,15182.0,BMY_SEC-XBRL-financials_as-presented_10-Q_2023-10-26_0000014272-23-000181.xlsx,Balance Sheet,"September 30,2023",Other current liabilities,us-gaap:OtherLiabilitiesCurrent,reported,
balance_sheet,us-gaap:LiabilitiesCurrent,Total Current liabilities,3Q23,23462.0,BMY_SEC-XBRL-financials_as-presented_10-Q_2023-10-26_0000014272-23-000181.xlsx,Balance Sheet,"September 30,2023",Total Current liabilities,us-gaap:LiabilitiesCurrent,reported,
balance_sheet,us-gaap:DeferredIncomeTaxLiabilitiesNet,Deferred income taxes,3Q23,399.0,BMY_SEC-XBRL-financials_as-presented_10-Q_2023-10-26_0000014272-23-000181.xlsx,Balance Sheet,"September 30,2023",Deferred income taxes,us-gaap:DeferredIncomeTaxLiabilitiesNet,reported,
balance_sheet,us-gaap:LongTermDebtNoncurrent,Long-term debt,3Q23,32137.0,BMY_SEC-XBRL-financials_as-presented_10-Q_2023-10-26_0000014272-23-000181.xlsx,Balance Sheet,"September 30,2023",Long-term debt,us-gaap:LongTermDebtNoncurrent,reported,
balance_sheet,us-gaap:OtherLiabilitiesNoncurrent,Other non-current liabilities,3Q23,6203.0,BMY_SEC-XBRL-financials_as-presented_10-Q_2023-10-26_0000014272-23-000181.xlsx,Balance Sheet,"September 30,2023",Other non-current liabilities,us-gaap:OtherLiabilitiesNoncurrent,reported,
balance_sheet,us-gaap:Liabilities,Total Liabilities,3Q23,62201.0,BMY_SEC-XBRL-financials_as-presented_10-Q_2023-10-26_0000014272-23-000181.xlsx,Balance Sheet,"September 30,2023",Total Liabilities,us-gaap:Liabilities,reported,
balance_sheet,us-gaap:CommonStockValueOutstanding,Common stock,3Q23,292.0,BMY_SEC-XBRL-financials_as-presented_10-Q_2023-10-26_0000014272-23-000181.xlsx,Balance Sheet,"September 30,2023",Common stock,us-gaap:CommonStockValueOutstanding,reported,
balance_sheet,us-gaap:AdditionalPaidInCapital,Capital in excess of par value of stock,3Q23,44849.0,BMY_SEC-XBRL-financials_as-presented_10-Q_2023-10-26_0000014272-23-000181.xlsx,Balance Sheet,"September 30,2023",Capital in excess of par value of stock,us-gaap:AdditionalPaidInCapital,reported,
balance_sheet,us-gaap:AccumulatedOtherComprehensiveIncomeLossNetOfTax,Accumulated other comprehensive loss,3Q23,-1286.0,BMY_SEC-XBRL-financials_as-presented_10-Q_2023-10-26_0000014272-23-000181.xlsx,Balance Sheet,"September 30,2023",Accumulated other comprehensive loss,us-gaap:AccumulatedOtherComprehensiveIncomeLossNetOfTax,reported,
balance_sheet,us-gaap:RetainedEarningsAccumulatedDeficit,Retained earnings,3Q23,28218.0,BMY_SEC-XBRL-financials_as-presented_10-Q_2023-10-26_0000014272-23-000181.xlsx,Balance Sheet,"September 30,2023",Retained earnings,us-gaap:RetainedEarningsAccumulatedDeficit,reported,
balance_sheet,us-gaap:TreasuryStockValue,Less cost of treasury stock — 672 million common shares in 2019 and 576 million common shares in 2018,3Q23,-43075.0,BMY_SEC-XBRL-financials_as-presented_10-Q_2023-10-26_0000014272-23-000181.xlsx,Balance Sheet,"September 30,2023",Less cost of treasury stock,us-gaap:TreasuryStockValue,reported,
balance_sheet,us-gaap:StockholdersEquity,Total BMS Shareholders’ Equity,3Q23,28998.0,BMY_SEC-XBRL-financials_as-presented_10-Q_2023-10-26_0000014272-23-000181.xlsx,Balance Sheet,"September 30,2023",Total BMS Shareholders’ equity,us-gaap:StockholdersEquity,reported,
balance_sheet,us-gaap:MinorityInterest,Noncontrolling interest,3Q23,64.0,BMY_SEC-XBRL-financials_as-presented_10-Q_2023-10-26_0000014272-23-000181.xlsx,Balance Sheet,"September 30,2023",Noncontrolling interest,us-gaap:MinorityInterest,reported,
balance_sheet,us-gaap:StockholdersEquityIncludingPortionAttributableToNoncontrollingInterest,Total Equity,3Q23,29062.0,BMY_SEC-XBRL-financials_as-presented_10-Q_2023-10-26_0000014272-23-000181.xlsx,Balance Sheet,"September 30,2023",Total Equity,us-gaap:StockholdersEquityIncludingPortionAttributableToNoncontrollingInterest,reported,
balance_sheet,us-gaap:LiabilitiesAndStockholdersEquity,Total Liabilities and Equity,3Q23,91263.0,BMY_SEC-XBRL-financials_as-presented_10-Q_2023-10-26_0000014272-23-000181.xlsx,Balance Sheet,"September 30,2023",Total Liabilities and Equity,us-gaap:LiabilitiesAndStockholdersEquity,reported,
cash_flow,us-gaap:ProfitLoss,Net earnings/(loss),9M23,6278.0,BMY_SEC-XBRL-financials_as-presented_10-Q_2023-10-26_0000014272-23-000181.xlsx,Cash Flow,"Nine Months Ended September 30, 2023",Net earnings,us-gaap:ProfitLoss,reported,
cash_flow,us-gaap:DepreciationDepletionAndAmortization,"Depreciation and amortization, net",9M23,7296.0,BMY_SEC-XBRL-financials_as-presented_10-Q_2023-10-26_0000014272-23-000181.xlsx,Cash Flow,"Nine Months Ended September 30, 2023","Depreciation and amortization, net",us-gaap:DepreciationDepletionAndAmortization,reported,
cash_flow,us-gaap:DeferredIncomeTaxExpenseBenefit,Deferred income taxes,9M23,-1961.0,BMY_SEC-XBRL-financials_as-presented_10-Q_2023-10-26_0000014272-23-000181.xlsx,Cash Flow,"Nine Months Ended September 30, 2023",Deferred income taxes,us-gaap:DeferredIncomeTaxExpenseBenefit,reported,
cash_flow,us-gaap:ShareBasedCompensation,Stock-based compensation,9M23,391.0,BMY_SEC-XBRL-financials_as-presented_10-Q_2023-10-26_0000014272-23-000181.xlsx,Cash Flow,"Nine Months Ended September 30, 2023",Stock-based compensation,us-gaap:ShareBasedCompensation,reported,
cash_flow,us-gaap:ImpairmentOfLongLivedAssetsToBeDisposedOf,Impairment charges,9M23,226.0,BMY_SEC-XBRL-financials_as-presented_10-Q_2023-10-26_0000014272-23-000181.xlsx,Cash Flow,"Nine Months Ended September 30, 2023",Impairment charges,us-gaap:ImpairmentOfLongLivedAssetsToBeDisposedOf,reported,
cash_flow,bmy:DivestitureGainsAndRoyalties,Divestiture gains and royalties,9M23,-639.0,BMY_SEC-XBRL-financials_as-presented_10-Q_2023-10-26_0000014272-23-000181.xlsx,Cash Flow,"Nine Months Ended September 30, 2023",Divestiture gains and royalties,bmy:Divestituregainsandroyalties,reported,
cash_flow,bmy:AcquiredIPRD,Acquired IPRD,9M23,313.0,BMY_SEC-XBRL-financials_as-presented_10-Q_2023-10-26_0000014272-23-000181.xlsx,Cash Flow,"Nine Months Ended September 30, 2023",Acquired IPRD,bmy:AcquiredIPRD,reported,
cash_flow,us-gaap:GainLossOnInvestments,Equity investment gains,9M23,213.0,BMY_SEC-XBRL-financials_as-presented_10-Q_2023-10-26_0000014272-23-000181.xlsx,Cash Flow,"Nine Months Ended September 30, 2023",Equity investment losses,us-gaap:GainLossOnInvestments,reported,
cash_flow,us-gaap:OtherNoncashIncomeExpense,Other adjustments,9M23,260.0,BMY_SEC-XBRL-financials_as-presented_10-Q_2023-10-26_0000014272-23-000181.xlsx,Cash Flow,"Nine Months Ended September 30, 2023",Other adjustments,us-gaap:OtherNoncashIncomeExpense,reported,
cash_flow,us-gaap:IncreaseDecreaseInReceivables,Receivables,9M23,-487.0,BMY_SEC-XBRL-financials_as-presented_10-Q_2023-10-26_0000014272-23-000181.xlsx,Cash Flow,"Nine Months Ended September 30, 2023",Receivables,us-gaap:IncreaseDecreaseInReceivables,reported,
cash_flow,us-gaap:IncreaseDecreaseInInventories,Inventories,9M23,-554.0,BMY_SEC-XBRL-financials_as-presented_10-Q_2023-10-26_0000014272-23-000181.xlsx,Cash Flow,"Nine Months Ended September 30, 2023",Inventories,us-gaap:IncreaseDecreaseInInventories,reported,
cash_flow,us-gaap:IncreaseDecreaseInAccountsPayable,Accounts payable,9M23,-246.0,BMY_SEC-XBRL-financials_as-presented_10-Q_2023-10-26_0000014272-23-000181.xlsx,Cash Flow,"Nine Months Ended September 30, 2023",Accounts payable,us-gaap:IncreaseDecreaseInAccountsPayable,reported,
cash_flow,us-gaap:IncreaseDecreaseInOtherAccruedLiabilities,Rebates and discounts,9M23,1115.0,BMY_SEC-XBRL-financials_as-presented_10-Q_2023-10-26_0000014272-23-000181.xlsx,Cash Flow,"Nine Months Ended September 30, 2023",Rebates and discounts,us-gaap:IncreaseDecreaseInOtherAccruedLiabilities,reported,
cash_flow,us-gaap:IncreaseDecreaseInAccruedIncomeTaxesPayable,Income taxes payable,9M23,-1647.0,BMY_SEC-XBRL-financials_as-presented_10-Q_2023-10-26_0000014272-23-000181.xlsx,Cash Flow,"Nine Months Ended September 30, 2023",Income taxes payable,us-gaap:IncreaseDecreaseInAccruedIncomeTaxesPayable,reported,
cash_flow,us-gaap:IncreaseDecreaseInOtherOperatingCapitalNet,Other,9M23,-950.0,BMY_SEC-XBRL-financials_as-presented_10-Q_2023-10-26_0000014272-23-000181.xlsx,Cash Flow,"Nine Months Ended September 30, 2023",Other,us-gaap:IncreaseDecreaseInOtherOperatingCapitalNet,reported,
cash_flow,us-gaap:NetCashProvidedByUsedInOperatingActivities,Net cash provided by operating activities,9M23,9608.0,BMY_SEC-XBRL-financials_as-presented_10-Q_2023-10-26_0000014272-23-000181.xlsx,Cash Flow,"Nine Months Ended September 30, 2023",Net cash provided by operating activities,us-gaap:NetCashProvidedByUsedInOperatingActivities,reported,
cash_flow,us-gaap:ProceedsFromSaleAndMaturityOfAvailableForSaleSecurities,Sale and maturities of marketable debt securities,9M23,692.0,BMY_SEC-XBRL-financials_as-presented_10-Q_2023-10-26_0000014272-23-000181.xlsx,Cash Flow,"Nine Months Ended September 30, 2023",Sale and maturities of marketable debt securities,us-gaap:ProceedsFromSaleAndMaturityOfAvailableForSaleSecurities,reported,
cash_flow,us-gaap:PaymentsToAcquireMarketableSecurities,Purchase of marketable debt securities,9M23,-1057.0,BMY_SEC-XBRL-financials_as-presented_10-Q_2023-10-26_0000014272-23-000181.xlsx,Cash Flow,"Nine Months Ended September 30, 2023",Purchase of marketable debt securities,us-gaap:PaymentsToAcquireMarketableSecurities,reported,
cash_flow,us-gaap:ProceedsFromSaleOfEquitySecuritiesFvNi,Proceeds from sales of equity investments,9M23,215.0,BMY_SEC-XBRL-financials_as-presented_10-Q_2023-10-26_0000014272-23-000181.xlsx,Cash Flow,"Nine Months Ended September 30, 2023",Proceeds from sales of equity investments,us-gaap:ProceedsFromSaleOfEquitySecuritiesFvNi,reported,
cash_flow,us-gaap:PaymentsToAcquirePropertyPlantAndEquipment,Capital expenditures,9M23,-879.0,BMY_SEC-XBRL-financials_as-presented_10-Q_2023-10-26_0000014272-23-000181.xlsx,Cash Flow,"Nine Months Ended September 30, 2023",Capital expenditures,us-gaap:PaymentsToAcquirePropertyPlantAndEquipment,reported,
cash_flow,bmy:DivestitureAndOtherProceeds,Divestiture and other proceeds,9M23,668.0,BMY_SEC-XBRL-financials_as-presented_10-Q_2023-10-26_0000014272-23-000181.xlsx,Cash Flow,"Nine Months Ended September 30, 2023",Divestiture and other proceeds,bmy:Divestitureandotherproceeds,reported,
cash_flow,us-gaap:PaymentsToAcquireBusinessesNetOfCashAcquired,"Acquisition and other payments, net of cash acquired",9M23,-588.0,BMY_SEC-XBRL-financials_as-presented_10-Q_2023-10-26_0000014272-23-000181.xlsx,Cash Flow,"Nine Months Ended September 30, 2023","Acquisition and other payments, net of cash acquired",us-gaap:PaymentsToAcquireBusinessesNetOfCashAcquired,reported,
cash_flow,us-gaap:NetCashProvidedByUsedInInvestingActivities,Net cash provided by/(used in) investing activities,9M23,-949.0,BMY_SEC-XBRL-financials_as-presented_10-Q_2023-10-26_0000014272-23-000181.xlsx,Cash Flow,"Nine Months Ended September 30, 2023",Net cash used in investing activities,us-gaap:NetCashProvidedByUsedInInvestingActivities,reported,
cash_flow,us-gaap:ProceedsFromRepaymentsOfShortTermDebt,"Short-term debt obligations, net",9M23,233.0,BMY_SEC-XBRL-financials_as-presented_10-Q_2023-10-26_0000014272-23-000181.xlsx,Cash Flow,"Nine Months Ended September 30, 2023","Short-term debt obligations, net",us-gaap:ProceedsFromRepaymentsOfShortTermDebt,reported,
cash_flow,us-gaap:RepaymentsOfLongTermDebt,Repayments of long-term debt,9M23,-1879.0,BMY_SEC-XBRL-financials_as-presented_10-Q_2023-10-26_0000014272-23-000181.xlsx,Cash Flow,"Nine Months Ended September 30, 2023",Repayment of long-term debt,us-gaap:RepaymentsOfLongTermDebt,reported,
cash_flow,us-gaap:PaymentsForRepurchaseOfCommonStock,Repurchase of common stock,9M23,-5155.0,BMY_SEC-XBRL-financials_as-presented_10-Q_2023-10-26_0000014272-23-000181.xlsx,Cash Flow,"Nine Months Ended September 30, 2023",Repurchase of common stock,us-gaap:PaymentsForRepurchaseOfCommonStock,reported,
cash_flow,us-gaap:PaymentsOfDividends,Dividends,9M23,-3584.0,BMY_SEC-XBRL-financials_as-presented_10-Q_2023-10-26_0000014272-23-000181.xlsx,Cash Flow,"Nine Months Ended September 30, 2023",Dividends,us-gaap:PaymentsOfDividends,reported,
cash_flow,bmy:PaymentsForProceedsFromStockOptionExercisesAndOtherAdjustments,"Stock option proceeds and other, net",9M23,2.0,BMY_SEC-XBRL-financials_as-presented_10-Q_2023-10-26_0000014272-23-000181.xlsx,Cash Flow,"Nine Months Ended September 30, 2023","Stock option proceeds and other, net",bmy:PaymentsForProceedsFromStockOptionExercisesAndOtherAdjustments,reported,
cash_flow,us-gaap:NetCashProvidedByUsedInFinancingActivities,Net cash provided by/(used in) financing activities,9M23,-10383.0,BMY_SEC-XBRL-financials_as-presented_10-Q_2023-10-26_0000014272-23-000181.xlsx,Cash Flow,"Nine Months Ended September 30, 2023",Net cash used in financing activities,us-gaap:NetCashProvidedByUsedInFinancingActivities,reported,
cash_flow,us-gaap:EffectOfExchangeRateOnCashCashEquivalentsRestrictedCashAndRestrictedCashEquivalents,"Effect of exchange rates on cash, cash equivalents and restricted cash",9M23,-33.0,BMY_SEC-XBRL-financials_as-presented_10-Q_2023-10-26_0000014272-23-000181.xlsx,Cash Flow,"Nine Months Ended September 30, 2023","Effect of exchange rates on cash, cash equivalents and restricted cash",us-gaap:EffectOfExchangeRateOnCashCashEquivalentsRestrictedCashAndRestrictedCashEquivalents,reported,
cash_flow,us-gaap:CashCashEquivalentsRestrictedCashAndRestrictedCashEquivalentsPeriodIncreaseDecreaseIncludingExchangeRateEffect,"Increase/(decrease) in cash, cash equivalents and restricted cash",9M23,-1757.0,BMY_SEC-XBRL-financials_as-presented_10-Q_2023-10-26_0000014272-23-000181.xlsx,Cash Flow,"Nine Months Ended September 30, 2023","Decrease in cash, cash equivalents and restricted cash",us-gaap:CashCashEquivalentsRestrictedCashAndRestrictedCashEquivalentsPeriodIncreaseDecreaseIncludingExchangeRateEffect,reported,
cash_flow,us-gaap:CashCashEquivalentsRestrictedCashAndRestrictedCashEquivalents,"Cash, cash equivalents and restricted cash at beginning of period",9M23,9325.0,BMY_SEC-XBRL-financials_as-presented_10-Q_2023-10-26_0000014272-23-000181.xlsx,Cash Flow,"Nine Months Ended September 30, 2023","Cash, cash equivalents and restricted cash at beginning of period",us-gaap:CashCashEquivalentsRestrictedCashAndRestrictedCashEquivalents,reported,
income_statement,us-gaap:Revenues,Net product sales,1Q24,11559.0,BMY_SEC-XBRL-financials_as-presented_10-Q_2024-04-25_0000014272-24-000096.xlsx,Income Statement,"Three Months Ended March 31, 2024",Net product sales,us-gaap:Revenues,reported,
income_statement,us-gaap:CostOfGoodsAndServicesSold,Cost of products sold(a),1Q24,2932.0,BMY_SEC-XBRL-financials_as-presented_10-Q_2024-04-25_0000014272-24-000096.xlsx,Income Statement,"Three Months Ended March 31, 2024",Cost of products sold(a),us-gaap:CostOfGoodsAndServicesSold,reported,
income_statement,us-gaap:SellingGeneralAndAdministrativeExpense,"Selling, general and administrative",1Q24,2367.0,BMY_SEC-XBRL-financials_as-presented_10-Q_2024-04-25_0000014272-24-000096.xlsx,Income Statement,"Three Months Ended March 31, 2024","Marketing, selling and administrative",us-gaap:SellingGeneralAndAdministrativeExpense,reported,
income_statement,us-gaap:ResearchAndDevelopmentExpense,Research and development,1Q24,2695.0,BMY_SEC-XBRL-financials_as-presented_10-Q_2024-04-25_0000014272-24-000096.xlsx,Income Statement,"Three Months Ended March 31, 2024",Research and development,us-gaap:ResearchAndDevelopmentExpense,reported,
income_statement,bmy:AcquiredIPRD,Acquired IPRD,1Q24,12949.0,BMY_SEC-XBRL-financials_as-presented_10-Q_2024-04-25_0000014272-24-000096.xlsx,Income Statement,"Three Months Ended March 31, 2024",Acquired IPRD,bmy:AcquiredIPRD,reported,
income_statement,bmy:AmortizationofAcquiredIntangibleAssets,Amortization of acquired intangible assets,1Q24,2357.0,BMY_SEC-XBRL-financials_as-presented_10-Q_2024-04-25_0000014272-24-000096.xlsx,Income Statement,"Three Months Ended March 31, 2024",Amortization of acquired intangible assets,bmy:AmortizationofAcquiredIntangibleAssets,reported,
income_statement,us-gaap:OtherNonoperatingIncomeExpense,"Other (income)/expense, net",1Q24,81.0,BMY_SEC-XBRL-financials_as-presented_10-Q_2024-04-25_0000014272-24-000096.xlsx,Income Statement,"Three Months Ended March 31, 2024","Other (income)/expense, net",us-gaap:OtherNonoperatingIncomeExpense,reported,
income_statement,us-gaap:CostsAndExpenses,Total Expenses,1Q24,23381.0,BMY_SEC-XBRL-financials_as-presented_10-Q_2024-04-25_0000014272-24-000096.xlsx,Income Statement,"Three Months Ended March 31, 2024",Total Expenses,us-gaap:CostsAndExpenses,reported,
income_statement,us-gaap:IncomeLossFromContinuingOperationsBeforeIncomeTaxesExtraordinaryItemsNoncontrollingInterest,Earnings/(Loss) before income taxes,1Q24,-11516.0,BMY_SEC-XBRL-financials_as-presented_10-Q_2024-04-25_0000014272-24-000096.xlsx,Income Statement,"Three Months Ended March 31, 2024",(Loss)/Earnings before income taxes,us-gaap:IncomeLossFromContinuingOperationsBeforeIncomeTaxesExtraordinaryItemsNoncontrollingInterest,reported,
income_statement,us-gaap:IncomeTaxExpenseBenefit,Income tax provision,1Q24,392.0,BMY_SEC-XBRL-financials_as-presented_10-Q_2024-04-25_0000014272-24-000096.xlsx,Income Statement,"Three Months Ended March 31, 2024",Income tax provision,us-gaap:IncomeTaxExpenseBenefit,reported,
income_statement,us-gaap:ProfitLoss,Net earnings/(loss),1Q24,-11908.0,BMY_SEC-XBRL-financials_as-presented_10-Q_2024-04-25_0000014272-24-000096.xlsx,Income Statement,"Three Months Ended March 31, 2024",Net (loss)/earnings,us-gaap:ProfitLoss,reported,
income_statement,us-gaap:ComprehensiveIncomeNetOfTaxAttributableToNoncontrollingInterest,Noncontrolling Interest,1Q24,3.0,BMY_SEC-XBRL-financials_as-presented_10-Q_2024-04-25_0000014272-24-000096.xlsx,Income Statement,"Three Months Ended March 31, 2024",Noncontrolling interest,us-gaap:ComprehensiveIncomeNetOfTaxAttributableToNoncontrollingInterest,reported,
income_statement,us-gaap:NetIncomeLoss,Net earnings/(loss) attributable to BMS,1Q24,-11911.0,BMY_SEC-XBRL-financials_as-presented_10-Q_2024-04-25_0000014272-24-000096.xlsx,Income Statement,"Three Months Ended March 31, 2024",Net (loss)/earnings attributable to BMS,us-gaap:NetIncomeLoss,reported,
income_statement,us-gaap:EarningsPerShareBasic,Basic,1Q24,-5.89,BMY_SEC-XBRL-financials_as-presented_10-Q_2024-04-25_0000014272-24-000096.xlsx,Income Statement,"Three Months Ended March 31, 2024",Basic,us-gaap:EarningsPerShareBasic,reported,
income_statement,us-gaap:EarningsPerShareDiluted,Diluted,1Q24,-5.89,BMY_SEC-XBRL-financials_as-presented_10-Q_2024-04-25_0000014272-24-000096.xlsx,Income Statement,"Three Months Ended March 31, 2024",Diluted,us-gaap:EarningsPerShareDiluted,reported,
balance_sheet,us-gaap:CashAndCashEquivalentsAtCarryingValue,Cash and cash equivalents,1Q24,9330.0,BMY_SEC-XBRL-financials_as-presented_10-Q_2024-04-25_0000014272-24-000096.xlsx,Balance Sheet,"March 31,2024",Cash and cash equivalents,us-gaap:CashAndCashEquivalentsAtCarryingValue,reported,
balance_sheet,us-gaap:AvailableForSaleSecuritiesDebtSecuritiesCurrent,Marketable debt securities,1Q24,340.0,BMY_SEC-XBRL-financials_as-presented_10-Q_2024-04-25_0000014272-24-000096.xlsx,Balance Sheet,"March 31,2024",Marketable debt securities,us-gaap:AvailableForSaleSecuritiesDebtSecuritiesCurrent,reported,
balance_sheet,us-gaap:ReceivablesNetCurrent,Receivables,1Q24,10447.0,BMY_SEC-XBRL-financials_as-presented_10-Q_2024-04-25_0000014272-24-000096.xlsx,Balance Sheet,"March 31,2024",Receivables,us-gaap:ReceivablesNetCurrent,reported,
balance_sheet,us-gaap:InventoryNet,Inventories,1Q24,2985.0,BMY_SEC-XBRL-financials_as-presented_10-Q_2024-04-25_0000014272-24-000096.xlsx,Balance Sheet,"March 31,2024",Inventories,us-gaap:InventoryNet,reported,
balance_sheet,us-gaap:OtherAssetsCurrent,Other current assets,1Q24,5567.0,BMY_SEC-XBRL-financials_as-presented_10-Q_2024-04-25_0000014272-24-000096.xlsx,Balance Sheet,"March 31,2024",Other current assets,us-gaap:OtherAssetsCurrent,reported,
balance_sheet,us-gaap:AssetsCurrent,Total Current assets,1Q24,28669.0,BMY_SEC-XBRL-financials_as-presented_10-Q_2024-04-25_0000014272-24-000096.xlsx,Balance Sheet,"March 31,2024",Total Current assets,us-gaap:AssetsCurrent,reported,
balance_sheet,us-gaap:PropertyPlantAndEquipmentNet,"Property, plant and equipment",1Q24,6750.0,BMY_SEC-XBRL-financials_as-presented_10-Q_2024-04-25_0000014272-24-000096.xlsx,Balance Sheet,"March 31,2024","Property, plant and equipment",us-gaap:PropertyPlantAndEquipmentNet,reported,
balance_sheet,us-gaap:Goodwill,Goodwill,1Q24,21738.0,BMY_SEC-XBRL-financials_as-presented_10-Q_2024-04-25_0000014272-24-000096.xlsx,Balance Sheet,"March 31,2024",Goodwill,us-gaap:Goodwill,reported,
balance_sheet,us-gaap:IntangibleAssetsNetExcludingGoodwill,Other intangible assets,1Q24,32760.0,BMY_SEC-XBRL-financials_as-presented_10-Q_2024-04-25_0000014272-24-000096.xlsx,Balance Sheet,"March 31,2024",Other intangible assets,us-gaap:IntangibleAssetsNetExcludingGoodwill,reported,
balance_sheet,us-gaap:DeferredIncomeTaxAssetsNet,Deferred income taxes,1Q24,2723.0,BMY_SEC-XBRL-financials_as-presented_10-Q_2024-04-25_0000014272-24-000096.xlsx,Balance Sheet,"March 31,2024",Deferred income taxes,us-gaap:DeferredIncomeTaxAssetsNet,reported,
balance_sheet,us-gaap:AvailableForSaleSecuritiesDebtSecuritiesNoncurrent,Marketable debt securities,1Q24,367.0,BMY_SEC-XBRL-financials_as-presented_10-Q_2024-04-25_0000014272-24-000096.xlsx,Balance Sheet,"March 31,2024",Marketable debt securities,us-gaap:AvailableForSaleSecuritiesDebtSecuritiesNoncurrent,reported,
balance_sheet,us-gaap:OtherAssetsNoncurrent,Other non-current assets,1Q24,6024.0,BMY_SEC-XBRL-financials_as-presented_10-Q_2024-04-25_0000014272-24-000096.xlsx,Balance Sheet,"March 31,2024",Other non-current assets,us-gaap:OtherAssetsNoncurrent,reported,
balance_sheet,us-gaap:Assets,Total Assets,1Q24,99031.0,BMY_SEC-XBRL-financials_as-presented_10-Q_2024-04-25_0000014272-24-000096.xlsx,Balance Sheet,"March 31,2024",Total Assets,us-gaap:Assets,reported,
balance_sheet,us-gaap:DebtCurrent,Short-term debt obligations,1Q24,6190.0,BMY_SEC-XBRL-financials_as-presented_10-Q_2024-04-25_0000014272-24-000096.xlsx,Balance Sheet,"March 31,2024",Short-term debt obligations,us-gaap:DebtCurrent,reported,
balance_sheet,us-gaap:AccountsPayableCurrent,Accounts payable,1Q24,3539.0,BMY_SEC-XBRL-financials_as-presented_10-Q_2024-04-25_0000014272-24-000096.xlsx,Balance Sheet,"March 31,2024",Accounts payable,us-gaap:AccountsPayableCurrent,reported,
balance_sheet,us-gaap:OtherLiabilitiesCurrent,Other current liabilities,1Q24,16093.0,BMY_SEC-XBRL-financials_as-presented_10-Q_2024-04-25_0000014272-24-000096.xlsx,Balance Sheet,"March 31,2024",Other current liabilities,us-gaap:OtherLiabilitiesCurrent,reported,
balance_sheet,us-gaap:LiabilitiesCurrent,Total Current liabilities,1Q24,25822.0,BMY_SEC-XBRL-financials_as-presented_10-Q_2024-04-25_0000014272-24-000096.xlsx,Balance Sheet,"March 31,2024",Total Current liabilities,us-gaap:LiabilitiesCurrent,reported,
balance_sheet,us-gaap:DeferredIncomeTaxLiabilitiesNet,Deferred income taxes,1Q24,442.0,BMY_SEC-XBRL-financials_as-presented_10-Q_2024-04-25_0000014272-24-000096.xlsx,Balance Sheet,"March 31,2024",Deferred income taxes,us-gaap:DeferredIncomeTaxLiabilitiesNet,reported,
balance_sheet,us-gaap:LongTermDebtNoncurrent,Long-term debt,1Q24,49487.0,BMY_SEC-XBRL-financials_as-presented_10-Q_2024-04-25_0000014272-24-000096.xlsx,Balance Sheet,"March 31,2024",Long-term debt,us-gaap:LongTermDebtNoncurrent,reported,
balance_sheet,us-gaap:OtherLiabilitiesNoncurrent,Other non-current liabilities,1Q24,6732.0,BMY_SEC-XBRL-financials_as-presented_10-Q_2024-04-25_0000014272-24-000096.xlsx,Balance Sheet,"March 31,2024",Other non-current liabilities,us-gaap:OtherLiabilitiesNoncurrent,reported,
balance_sheet,us-gaap:Liabilities,Total Liabilities,1Q24,82483.0,BMY_SEC-XBRL-financials_as-presented_10-Q_2024-04-25_0000014272-24-000096.xlsx,Balance Sheet,"March 31,2024",Total Liabilities,us-gaap:Liabilities,reported,
balance_sheet,us-gaap:CommonStockValueOutstanding,Common stock,1Q24,292.0,BMY_SEC-XBRL-financials_as-presented_10-Q_2024-04-25_0000014272-24-000096.xlsx,Balance Sheet,"March 31,2024",Common stock,us-gaap:CommonStockValueOutstanding,reported,
balance_sheet,us-gaap:AdditionalPaidInCapital,Capital in excess of par value of stock,1Q24,45655.0,BMY_SEC-XBRL-financials_as-presented_10-Q_2024-04-25_0000014272-24-000096.xlsx,Balance Sheet,"March 31,2024",Capital in excess of par value of stock,us-gaap:AdditionalPaidInCapital,reported,
balance_sheet,us-gaap:AccumulatedOtherComprehensiveIncomeLossNetOfTax,Accumulated other comprehensive loss,1Q24,-1400.0,BMY_SEC-XBRL-financials_as-presented_10-Q_2024-04-25_0000014272-24-000096.xlsx,Balance Sheet,"March 31,2024",Accumulated other comprehensive loss,us-gaap:AccumulatedOtherComprehensiveIncomeLossNetOfTax,reported,
balance_sheet,us-gaap:RetainedEarningsAccumulatedDeficit,Retained earnings,1Q24,15640.0,BMY_SEC-XBRL-financials_as-presented_10-Q_2024-04-25_0000014272-24-000096.xlsx,Balance Sheet,"March 31,2024",Retained earnings,us-gaap:RetainedEarningsAccumulatedDeficit,reported,
balance_sheet,us-gaap:TreasuryStockValue,Less cost of treasury stock — 672 million common shares in 2019 and 576 million common shares in 2018,1Q24,-43697.0,BMY_SEC-XBRL-financials_as-presented_10-Q_2024-04-25_0000014272-24-000096.xlsx,Balance Sheet,"March 31,2024",Less cost of treasury stock,us-gaap:TreasuryStockValue,reported,
balance_sheet,us-gaap:StockholdersEquity,Total BMS Shareholders’ Equity,1Q24,16490.0,BMY_SEC-XBRL-financials_as-presented_10-Q_2024-04-25_0000014272-24-000096.xlsx,Balance Sheet,"March 31,2024",Total BMS Shareholders’ equity,us-gaap:StockholdersEquity,reported,
balance_sheet,us-gaap:MinorityInterest,Noncontrolling interest,1Q24,58.0,BMY_SEC-XBRL-financials_as-presented_10-Q_2024-04-25_0000014272-24-000096.xlsx,Balance Sheet,"March 31,2024",Noncontrolling interest,us-gaap:MinorityInterest,reported,
balance_sheet,us-gaap:StockholdersEquityIncludingPortionAttributableToNoncontrollingInterest,Total Equity,1Q24,16548.0,BMY_SEC-XBRL-financials_as-presented_10-Q_2024-04-25_0000014272-24-000096.xlsx,Balance Sheet,"March 31,2024",Total Equity,us-gaap:StockholdersEquityIncludingPortionAttributableToNoncontrollingInterest,reported,
balance_sheet,us-gaap:LiabilitiesAndStockholdersEquity,Total Liabilities and Equity,1Q24,99031.0,BMY_SEC-XBRL-financials_as-presented_10-Q_2024-04-25_0000014272-24-000096.xlsx,Balance Sheet,"March 31,2024",Total Liabilities and Equity,us-gaap:LiabilitiesAndStockholdersEquity,reported,
cash_flow,us-gaap:ProfitLoss,Net earnings/(loss),1Q24,-11908.0,BMY_SEC-XBRL-financials_as-presented_10-Q_2024-04-25_0000014272-24-000096.xlsx,Cash Flow,"Three Months Ended March 31, 2024",Net (loss)/earnings,us-gaap:ProfitLoss,reported,
cash_flow,us-gaap:DepreciationDepletionAndAmortization,"Depreciation and amortization, net",1Q24,2532.0,BMY_SEC-XBRL-financials_as-presented_10-Q_2024-04-25_0000014272-24-000096.xlsx,Cash Flow,"Three Months Ended March 31, 2024","Depreciation and amortization, net",us-gaap:DepreciationDepletionAndAmortization,reported,
cash_flow,us-gaap:DeferredIncomeTaxExpenseBenefit,Deferred income taxes,1Q24,-711.0,BMY_SEC-XBRL-financials_as-presented_10-Q_2024-04-25_0000014272-24-000096.xlsx,Cash Flow,"Three Months Ended March 31, 2024",Deferred income taxes,us-gaap:DeferredIncomeTaxExpenseBenefit,reported,
cash_flow,us-gaap:ShareBasedCompensation,Stock-based compensation,1Q24,133.0,BMY_SEC-XBRL-financials_as-presented_10-Q_2024-04-25_0000014272-24-000096.xlsx,Cash Flow,"Three Months Ended March 31, 2024",Stock-based compensation,us-gaap:ShareBasedCompensation,reported,
cash_flow,us-gaap:ImpairmentOfLongLivedAssetsToBeDisposedOf,Impairment charges,1Q24,1.0,BMY_SEC-XBRL-financials_as-presented_10-Q_2024-04-25_0000014272-24-000096.xlsx,Cash Flow,"Three Months Ended March 31, 2024",Impairment charges,us-gaap:ImpairmentOfLongLivedAssetsToBeDisposedOf,reported,
cash_flow,bmy:DivestitureGainsAndRoyalties,Divestiture gains and royalties,1Q24,-280.0,BMY_SEC-XBRL-financials_as-presented_10-Q_2024-04-25_0000014272-24-000096.xlsx,Cash Flow,"Three Months Ended March 31, 2024",Divestiture gains and royalties,bmy:Divestituregainsandroyalties,reported,
cash_flow,bmy:AcquiredIPRD,Acquired IPRD,1Q24,12949.0,BMY_SEC-XBRL-financials_as-presented_10-Q_2024-04-25_0000014272-24-000096.xlsx,Cash Flow,"Three Months Ended March 31, 2024",Acquired IPRD,bmy:AcquiredIPRD,reported,
cash_flow,us-gaap:GainLossOnInvestments,Equity investment gains,1Q24,-102.0,BMY_SEC-XBRL-financials_as-presented_10-Q_2024-04-25_0000014272-24-000096.xlsx,Cash Flow,"Three Months Ended March 31, 2024",Equity investment (gains)/losses,us-gaap:GainLossOnInvestments,reported,
cash_flow,us-gaap:OtherNoncashIncomeExpense,Other adjustments,1Q24,22.0,BMY_SEC-XBRL-financials_as-presented_10-Q_2024-04-25_0000014272-24-000096.xlsx,Cash Flow,"Three Months Ended March 31, 2024",Other adjustments,us-gaap:OtherNoncashIncomeExpense,reported,
cash_flow,us-gaap:IncreaseDecreaseInReceivables,Receivables,1Q24,479.0,BMY_SEC-XBRL-financials_as-presented_10-Q_2024-04-25_0000014272-24-000096.xlsx,Cash Flow,"Three Months Ended March 31, 2024",Receivables,us-gaap:IncreaseDecreaseInReceivables,reported,
cash_flow,us-gaap:IncreaseDecreaseInInventories,Inventories,1Q24,-218.0,BMY_SEC-XBRL-financials_as-presented_10-Q_2024-04-25_0000014272-24-000096.xlsx,Cash Flow,"Three Months Ended March 31, 2024",Inventories,us-gaap:IncreaseDecreaseInInventories,reported,
cash_flow,us-gaap:IncreaseDecreaseInAccountsPayable,Accounts payable,1Q24,300.0,BMY_SEC-XBRL-financials_as-presented_10-Q_2024-04-25_0000014272-24-000096.xlsx,Cash Flow,"Three Months Ended March 31, 2024",Accounts payable,us-gaap:IncreaseDecreaseInAccountsPayable,reported,
cash_flow,us-gaap:IncreaseDecreaseInOtherAccruedLiabilities,Rebates and discounts,1Q24,-665.0,BMY_SEC-XBRL-financials_as-presented_10-Q_2024-04-25_0000014272-24-000096.xlsx,Cash Flow,"Three Months Ended March 31, 2024",Rebates and discounts,us-gaap:IncreaseDecreaseInOtherAccruedLiabilities,reported,
cash_flow,us-gaap:IncreaseDecreaseInAccruedIncomeTaxesPayable,Income taxes payable,1Q24,910.0,BMY_SEC-XBRL-financials_as-presented_10-Q_2024-04-25_0000014272-24-000096.xlsx,Cash Flow,"Three Months Ended March 31, 2024",Income taxes payable,us-gaap:IncreaseDecreaseInAccruedIncomeTaxesPayable,reported,
cash_flow,us-gaap:IncreaseDecreaseInOtherOperatingCapitalNet,Other,1Q24,-608.0,BMY_SEC-XBRL-financials_as-presented_10-Q_2024-04-25_0000014272-24-000096.xlsx,Cash Flow,"Three Months Ended March 31, 2024",Other,us-gaap:IncreaseDecreaseInOtherOperatingCapitalNet,reported,
cash_flow,us-gaap:NetCashProvidedByUsedInOperatingActivities,Net cash provided by operating activities,1Q24,2834.0,BMY_SEC-XBRL-financials_as-presented_10-Q_2024-04-25_0000014272-24-000096.xlsx,Cash Flow,"Three Months Ended March 31, 2024",Net cash provided by operating activities,us-gaap:NetCashProvidedByUsedInOperatingActivities,reported,
cash_flow,us-gaap:ProceedsFromSaleAndMaturityOfAvailableForSaleSecurities,Sale and maturities of marketable debt securities,1Q24,747.0,BMY_SEC-XBRL-financials_as-presented_10-Q_2024-04-25_0000014272-24-000096.xlsx,Cash Flow,"Three Months Ended March 31, 2024",Sale and maturities of marketable debt securities,us-gaap:ProceedsFromSaleAndMaturityOfAvailableForSaleSecurities,reported,
cash_flow,us-gaap:PaymentsToAcquireMarketableSecurities,Purchase of marketable debt securities,1Q24,-274.0,BMY_SEC-XBRL-financials_as-presented_10-Q_2024-04-25_0000014272-24-000096.xlsx,Cash Flow,"Three Months Ended March 31, 2024",Purchase of marketable debt securities,us-gaap:PaymentsToAcquireMarketableSecurities,reported,
cash_flow,us-gaap:ProceedsFromSaleOfEquitySecuritiesFvNi,Proceeds from sales of equity investments,1Q24,5.0,BMY_SEC-XBRL-financials_as-presented_10-Q_2024-04-25_0000014272-24-000096.xlsx,Cash Flow,"Three Months Ended March 31, 2024",Proceeds from sales of equity investments,us-gaap:ProceedsFromSaleOfEquitySecuritiesFvNi,reported,
cash_flow,us-gaap:PaymentsToAcquirePropertyPlantAndEquipment,Capital expenditures,1Q24,-284.0,BMY_SEC-XBRL-financials_as-presented_10-Q_2024-04-25_0000014272-24-000096.xlsx,Cash Flow,"Three Months Ended March 31, 2024",Capital expenditures,us-gaap:PaymentsToAcquirePropertyPlantAndEquipment,reported,
cash_flow,bmy:DivestitureAndOtherProceeds,Divestiture and other proceeds,1Q24,241.0,BMY_SEC-XBRL-financials_as-presented_10-Q_2024-04-25_0000014272-24-000096.xlsx,Cash Flow,"Three Months Ended March 31, 2024",Divestiture and other proceeds,bmy:Divestitureandotherproceeds,reported,
cash_flow,us-gaap:PaymentsToAcquireBusinessesNetOfCashAcquired,"Acquisition and other payments, net of cash acquired",1Q24,-20053.0,BMY_SEC-XBRL-financials_as-presented_10-Q_2024-04-25_0000014272-24-000096.xlsx,Cash Flow,"Three Months Ended March 31, 2024","Acquisition and other payments, net of cash acquired",us-gaap:PaymentsToAcquireBusinessesNetOfCashAcquired,reported,
cash_flow,us-gaap:NetCashProvidedByUsedInInvestingActivities,Net cash provided by/(used in) investing activities,1Q24,-19618.0,BMY_SEC-XBRL-financials_as-presented_10-Q_2024-04-25_0000014272-24-000096.xlsx,Cash Flow,"Three Months Ended March 31, 2024",Net cash used in investing activities,us-gaap:NetCashProvidedByUsedInInvestingActivities,reported,
cash_flow,us-gaap:ProceedsFromRepaymentsOfShortTermDebt,"Short-term debt obligations, net",1Q24,3070.0,BMY_SEC-XBRL-financials_as-presented_10-Q_2024-04-25_0000014272-24-000096.xlsx,Cash Flow,"Three Months Ended March 31, 2024","Short-term debt obligations, net",us-gaap:ProceedsFromRepaymentsOfShortTermDebt,reported,
cash_flow,us-gaap:ProceedsFromIssuanceOfLongTermDebt,Proceeds from issuance of long-term debt,1Q24,12883.0,BMY_SEC-XBRL-financials_as-presented_10-Q_2024-04-25_0000014272-24-000096.xlsx,Cash Flow,"Three Months Ended March 31, 2024",Issuance of long-term debt,us-gaap:ProceedsFromIssuanceOfDebt,reported,
cash_flow,us-gaap:PaymentsOfDividends,Dividends,1Q24,-1212.0,BMY_SEC-XBRL-financials_as-presented_10-Q_2024-04-25_0000014272-24-000096.xlsx,Cash Flow,"Three Months Ended March 31, 2024",Dividends,us-gaap:PaymentsOfDividends,reported,
cash_flow,bmy:PaymentsForProceedsFromStockOptionExercisesAndOtherAdjustments,"Stock option proceeds and other, net",1Q24,-97.0,BMY_SEC-XBRL-financials_as-presented_10-Q_2024-04-25_0000014272-24-000096.xlsx,Cash Flow,"Three Months Ended March 31, 2024","Stock option proceeds and other, net",bmy:PaymentsForProceedsFromStockOptionExercisesAndOtherAdjustments,reported,
cash_flow,us-gaap:NetCashProvidedByUsedInFinancingActivities,Net cash provided by/(used in) financing activities,1Q24,14644.0,BMY_SEC-XBRL-financials_as-presented_10-Q_2024-04-25_0000014272-24-000096.xlsx,Cash Flow,"Three Months Ended March 31, 2024",Net cash provided by/(used in) financing activities,us-gaap:NetCashProvidedByUsedInFinancingActivities,reported,
cash_flow,us-gaap:EffectOfExchangeRateOnCashCashEquivalentsRestrictedCashAndRestrictedCashEquivalents,"Effect of exchange rates on cash, cash equivalents and restricted cash",1Q24,-45.0,BMY_SEC-XBRL-financials_as-presented_10-Q_2024-04-25_0000014272-24-000096.xlsx,Cash Flow,"Three Months Ended March 31, 2024","Effect of exchange rates on cash, cash equivalents and restricted cash",us-gaap:EffectOfExchangeRateOnCashCashEquivalentsRestrictedCashAndRestrictedCashEquivalents,reported,
cash_flow,us-gaap:CashCashEquivalentsRestrictedCashAndRestrictedCashEquivalentsPeriodIncreaseDecreaseIncludingExchangeRateEffect,"Increase/(decrease) in cash, cash equivalents and restricted cash",1Q24,-2185.0,BMY_SEC-XBRL-financials_as-presented_10-Q_2024-04-25_0000014272-24-000096.xlsx,Cash Flow,"Three Months Ended March 31, 2024","Decrease in cash, cash equivalents and restricted cash",us-gaap:CashCashEquivalentsRestrictedCashAndRestrictedCashEquivalentsPeriodIncreaseDecreaseIncludingExchangeRateEffect,reported,
cash_flow,us-gaap:CashCashEquivalentsRestrictedCashAndRestrictedCashEquivalents,"Cash, cash equivalents and restricted cash at beginning of period",1Q24,11519.0,BMY_SEC-XBRL-financials_as-presented_10-Q_2024-04-25_0000014272-24-000096.xlsx,Cash Flow,"Three Months Ended March 31, 2024","Cash, cash equivalents and restricted cash at beginning of period",us-gaap:CashCashEquivalentsRestrictedCashAndRestrictedCashEquivalents,reported,
income_statement,us-gaap:Revenues,Net product sales,2Q24,11925.0,BMY_SEC-XBRL-financials_as-presented_10-Q_2024-07-26_0000014272-24-000123.xlsx,Income Statement,"Three Months Ended June 30, 2024",Net product sales,us-gaap:Revenues,reported,
income_statement,us-gaap:Revenues,Net product sales,6M24,23484.0,BMY_SEC-XBRL-financials_as-presented_10-Q_2024-07-26_0000014272-24-000123.xlsx,Income Statement,"Six Months Ended June 30, 2024",Net product sales,us-gaap:Revenues,reported,
income_statement,us-gaap:CostOfGoodsAndServicesSold,Cost of products sold(a),2Q24,3267.0,BMY_SEC-XBRL-financials_as-presented_10-Q_2024-07-26_0000014272-24-000123.xlsx,Income Statement,"Three Months Ended June 30, 2024",Cost of products sold(a),us-gaap:CostOfGoodsAndServicesSold,reported,
income_statement,us-gaap:CostOfGoodsAndServicesSold,Cost of products sold(a),6M24,6199.0,BMY_SEC-XBRL-financials_as-presented_10-Q_2024-07-26_0000014272-24-000123.xlsx,Income Statement,"Six Months Ended June 30, 2024",Cost of products sold(a),us-gaap:CostOfGoodsAndServicesSold,reported,
income_statement,us-gaap:SellingGeneralAndAdministrativeExpense,"Selling, general and administrative",2Q24,1928.0,BMY_SEC-XBRL-financials_as-presented_10-Q_2024-07-26_0000014272-24-000123.xlsx,Income Statement,"Three Months Ended June 30, 2024","Marketing, selling and administrative",us-gaap:SellingGeneralAndAdministrativeExpense,reported,
income_statement,us-gaap:SellingGeneralAndAdministrativeExpense,"Selling, general and administrative",6M24,4295.0,BMY_SEC-XBRL-financials_as-presented_10-Q_2024-07-26_0000014272-24-000123.xlsx,Income Statement,"Six Months Ended June 30, 2024","Marketing, selling and administrative",us-gaap:SellingGeneralAndAdministrativeExpense,reported,
income_statement,us-gaap:ResearchAndDevelopmentExpense,Research and development,2Q24,2899.0,BMY_SEC-XBRL-financials_as-presented_10-Q_2024-07-26_0000014272-24-000123.xlsx,Income Statement,"Three Months Ended June 30, 2024",Research and development,us-gaap:ResearchAndDevelopmentExpense,reported,
income_statement,us-gaap:ResearchAndDevelopmentExpense,Research and development,6M24,5594.0,BMY_SEC-XBRL-financials_as-presented_10-Q_2024-07-26_0000014272-24-000123.xlsx,Income Statement,"Six Months Ended June 30, 2024",Research and development,us-gaap:ResearchAndDevelopmentExpense,reported,
income_statement,bmy:AcquiredIPRD,Acquired IPRD,2Q24,132.0,BMY_SEC-XBRL-financials_as-presented_10-Q_2024-07-26_0000014272-24-000123.xlsx,Income Statement,"Three Months Ended June 30, 2024",Acquired IPRD,bmy:AcquiredIPRD,reported,
income_statement,bmy:AcquiredIPRD,Acquired IPRD,6M24,13081.0,BMY_SEC-XBRL-financials_as-presented_10-Q_2024-07-26_0000014272-24-000123.xlsx,Income Statement,"Six Months Ended June 30, 2024",Acquired IPRD,bmy:AcquiredIPRD,reported,
income_statement,bmy:AmortizationofAcquiredIntangibleAssets,Amortization of acquired intangible assets,2Q24,2416.0,BMY_SEC-XBRL-financials_as-presented_10-Q_2024-07-26_0000014272-24-000123.xlsx,Income Statement,"Three Months Ended June 30, 2024",Amortization of acquired intangible assets,bmy:AmortizationofAcquiredIntangibleAssets,reported,
income_statement,bmy:AmortizationofAcquiredIntangibleAssets,Amortization of acquired intangible assets,6M24,4773.0,BMY_SEC-XBRL-financials_as-presented_10-Q_2024-07-26_0000014272-24-000123.xlsx,Income Statement,"Six Months Ended June 30, 2024",Amortization of acquired intangible assets,bmy:AmortizationofAcquiredIntangibleAssets,reported,
income_statement,us-gaap:OtherNonoperatingIncomeExpense,"Other (income)/expense, net",2Q24,273.0,BMY_SEC-XBRL-financials_as-presented_10-Q_2024-07-26_0000014272-24-000123.xlsx,Income Statement,"Three Months Ended June 30, 2024","Other (income)/expense, net",us-gaap:OtherNonoperatingIncomeExpense,reported,
income_statement,us-gaap:OtherNonoperatingIncomeExpense,"Other (income)/expense, net",6M24,354.0,BMY_SEC-XBRL-financials_as-presented_10-Q_2024-07-26_0000014272-24-000123.xlsx,Income Statement,"Six Months Ended June 30, 2024","Other (income)/expense, net",us-gaap:OtherNonoperatingIncomeExpense,reported,
income_statement,us-gaap:CostsAndExpenses,Total Expenses,2Q24,10915.0,BMY_SEC-XBRL-financials_as-presented_10-Q_2024-07-26_0000014272-24-000123.xlsx,Income Statement,"Three Months Ended June 30, 2024",Total Expenses,us-gaap:CostsAndExpenses,reported,
income_statement,us-gaap:CostsAndExpenses,Total Expenses,6M24,34296.0,BMY_SEC-XBRL-financials_as-presented_10-Q_2024-07-26_0000014272-24-000123.xlsx,Income Statement,"Six Months Ended June 30, 2024",Total Expenses,us-gaap:CostsAndExpenses,reported,
income_statement,us-gaap:IncomeLossFromContinuingOperationsBeforeIncomeTaxesExtraordinaryItemsNoncontrollingInterest,Earnings/(Loss) before income taxes,2Q24,1286.0,BMY_SEC-XBRL-financials_as-presented_10-Q_2024-07-26_0000014272-24-000123.xlsx,Income Statement,"Three Months Ended June 30, 2024",Earnings/(loss) before income taxes,us-gaap:IncomeLossFromContinuingOperationsBeforeIncomeTaxesMinorityInterestAndIncomeLossFromEquityMethodInvestments,reported,
income_statement,us-gaap:IncomeLossFromContinuingOperationsBeforeIncomeTaxesExtraordinaryItemsNoncontrollingInterest,Earnings/(Loss) before income taxes,6M24,-10230.0,BMY_SEC-XBRL-financials_as-presented_10-Q_2024-07-26_0000014272-24-000123.xlsx,Income Statement,"Six Months Ended June 30, 2024",Earnings/(loss) before income taxes,us-gaap:IncomeLossFromContinuingOperationsBeforeIncomeTaxesMinorityInterestAndIncomeLossFromEquityMethodInvestments,reported,
income_statement,us-gaap:IncomeTaxExpenseBenefit,Income tax provision,2Q24,-398.0,BMY_SEC-XBRL-financials_as-presented_10-Q_2024-07-26_0000014272-24-000123.xlsx,Income Statement,"Three Months Ended June 30, 2024",Income tax (benefit)/provision,us-gaap:IncomeTaxExpenseBenefit,reported,
income_statement,us-gaap:IncomeTaxExpenseBenefit,Income tax provision,6M24,-6.0,BMY_SEC-XBRL-financials_as-presented_10-Q_2024-07-26_0000014272-24-000123.xlsx,Income Statement,"Six Months Ended June 30, 2024",Income tax (benefit)/provision,us-gaap:IncomeTaxExpenseBenefit,reported,
income_statement,us-gaap:ProfitLoss,Net earnings/(loss),2Q24,1684.0,BMY_SEC-XBRL-financials_as-presented_10-Q_2024-07-26_0000014272-24-000123.xlsx,Income Statement,"Three Months Ended June 30, 2024",Net earnings/(loss),us-gaap:ProfitLoss,reported,
income_statement,us-gaap:ProfitLoss,Net earnings/(loss),6M24,-10224.0,BMY_SEC-XBRL-financials_as-presented_10-Q_2024-07-26_0000014272-24-000123.xlsx,Income Statement,"Six Months Ended June 30, 2024",Net earnings/(loss),us-gaap:ProfitLoss,reported,
income_statement,us-gaap:ComprehensiveIncomeNetOfTaxAttributableToNoncontrollingInterest,Noncontrolling Interest,2Q24,4.0,BMY_SEC-XBRL-financials_as-presented_10-Q_2024-07-26_0000014272-24-000123.xlsx,Income Statement,"Three Months Ended June 30, 2024",Noncontrolling interest,us-gaap:ComprehensiveIncomeNetOfTaxAttributableToNoncontrollingInterest,reported,
income_statement,us-gaap:ComprehensiveIncomeNetOfTaxAttributableToNoncontrollingInterest,Noncontrolling Interest,6M24,7.0,BMY_SEC-XBRL-financials_as-presented_10-Q_2024-07-26_0000014272-24-000123.xlsx,Income Statement,"Six Months Ended June 30, 2024",Noncontrolling interest,us-gaap:ComprehensiveIncomeNetOfTaxAttributableToNoncontrollingInterest,reported,
income_statement,us-gaap:NetIncomeLoss,Net earnings/(loss) attributable to BMS,2Q24,1680.0,BMY_SEC-XBRL-financials_as-presented_10-Q_2024-07-26_0000014272-24-000123.xlsx,Income Statement,"Three Months Ended June 30, 2024",Net earnings/(loss) attributable to BMS,us-gaap:NetIncomeLoss,reported,
income_statement,us-gaap:NetIncomeLoss,Net earnings/(loss) attributable to BMS,6M24,-10231.0,BMY_SEC-XBRL-financials_as-presented_10-Q_2024-07-26_0000014272-24-000123.xlsx,Income Statement,"Six Months Ended June 30, 2024",Net earnings/(loss) attributable to BMS,us-gaap:NetIncomeLoss,reported,
income_statement,us-gaap:EarningsPerShareBasic,Basic,2Q24,0.83,BMY_SEC-XBRL-financials_as-presented_10-Q_2024-07-26_0000014272-24-000123.xlsx,Income Statement,"Three Months Ended June 30, 2024",Basic,us-gaap:EarningsPerShareBasic,reported,
income_statement,us-gaap:EarningsPerShareBasic,Basic,6M24,-5.05,BMY_SEC-XBRL-financials_as-presented_10-Q_2024-07-26_0000014272-24-000123.xlsx,Income Statement,"Six Months Ended June 30, 2024",Basic,us-gaap:EarningsPerShareBasic,reported,
income_statement,us-gaap:EarningsPerShareDiluted,Diluted,2Q24,0.83,BMY_SEC-XBRL-financials_as-presented_10-Q_2024-07-26_0000014272-24-000123.xlsx,Income Statement,"Three Months Ended June 30, 2024",Diluted,us-gaap:EarningsPerShareDiluted,reported,
income_statement,us-gaap:EarningsPerShareDiluted,Diluted,6M24,-5.05,BMY_SEC-XBRL-financials_as-presented_10-Q_2024-07-26_0000014272-24-000123.xlsx,Income Statement,"Six Months Ended June 30, 2024",Diluted,us-gaap:EarningsPerShareDiluted,reported,
balance_sheet,us-gaap:CashAndCashEquivalentsAtCarryingValue,Cash and cash equivalents,2Q24,6293.0,BMY_SEC-XBRL-financials_as-presented_10-Q_2024-07-26_0000014272-24-000123.xlsx,Balance Sheet,"June 30,2024",Cash and cash equivalents,us-gaap:CashAndCashEquivalentsAtCarryingValue,reported,
balance_sheet,us-gaap:AvailableForSaleSecuritiesDebtSecuritiesCurrent,Marketable debt securities,2Q24,360.0,BMY_SEC-XBRL-financials_as-presented_10-Q_2024-07-26_0000014272-24-000123.xlsx,Balance Sheet,"June 30,2024",Marketable debt securities,us-gaap:AvailableForSaleSecuritiesDebtSecuritiesCurrent,reported,
balance_sheet,us-gaap:ReceivablesNetCurrent,Receivables,2Q24,11423.0,BMY_SEC-XBRL-financials_as-presented_10-Q_2024-07-26_0000014272-24-000123.xlsx,Balance Sheet,"June 30,2024",Receivables,us-gaap:ReceivablesNetCurrent,reported,
balance_sheet,us-gaap:InventoryNet,Inventories,2Q24,3077.0,BMY_SEC-XBRL-financials_as-presented_10-Q_2024-07-26_0000014272-24-000123.xlsx,Balance Sheet,"June 30,2024",Inventories,us-gaap:InventoryNet,reported,
balance_sheet,us-gaap:OtherAssetsCurrent,Other current assets,2Q24,5737.0,BMY_SEC-XBRL-financials_as-presented_10-Q_2024-07-26_0000014272-24-000123.xlsx,Balance Sheet,"June 30,2024",Other current assets,us-gaap:OtherAssetsCurrent,reported,
balance_sheet,us-gaap:AssetsCurrent,Total Current assets,2Q24,26890.0,BMY_SEC-XBRL-financials_as-presented_10-Q_2024-07-26_0000014272-24-000123.xlsx,Balance Sheet,"June 30,2024",Total Current assets,us-gaap:AssetsCurrent,reported,
balance_sheet,us-gaap:PropertyPlantAndEquipmentNet,"Property, plant and equipment",2Q24,6845.0,BMY_SEC-XBRL-financials_as-presented_10-Q_2024-07-26_0000014272-24-000123.xlsx,Balance Sheet,"June 30,2024","Property, plant and equipment",us-gaap:PropertyPlantAndEquipmentNet,reported,
balance_sheet,us-gaap:Goodwill,Goodwill,2Q24,21732.0,BMY_SEC-XBRL-financials_as-presented_10-Q_2024-07-26_0000014272-24-000123.xlsx,Balance Sheet,"June 30,2024",Goodwill,us-gaap:Goodwill,reported,
balance_sheet,us-gaap:IntangibleAssetsNetExcludingGoodwill,Other intangible assets,2Q24,29428.0,BMY_SEC-XBRL-financials_as-presented_10-Q_2024-07-26_0000014272-24-000123.xlsx,Balance Sheet,"June 30,2024",Other intangible assets,us-gaap:IntangibleAssetsNetExcludingGoodwill,reported,
balance_sheet,us-gaap:DeferredIncomeTaxAssetsNet,Deferred income taxes,2Q24,3323.0,BMY_SEC-XBRL-financials_as-presented_10-Q_2024-07-26_0000014272-24-000123.xlsx,Balance Sheet,"June 30,2024",Deferred income taxes,us-gaap:DeferredIncomeTaxAssetsNet,reported,
balance_sheet,us-gaap:AvailableForSaleSecuritiesDebtSecuritiesNoncurrent,Marketable debt securities,2Q24,357.0,BMY_SEC-XBRL-financials_as-presented_10-Q_2024-07-26_0000014272-24-000123.xlsx,Balance Sheet,"June 30,2024",Marketable debt securities,us-gaap:AvailableForSaleSecuritiesDebtSecuritiesNoncurrent,reported,
balance_sheet,us-gaap:OtherAssetsNoncurrent,Other non-current assets,2Q24,6071.0,BMY_SEC-XBRL-financials_as-presented_10-Q_2024-07-26_0000014272-24-000123.xlsx,Balance Sheet,"June 30,2024",Other non-current assets,us-gaap:OtherAssetsNoncurrent,reported,
balance_sheet,us-gaap:Assets,Total Assets,2Q24,94646.0,BMY_SEC-XBRL-financials_as-presented_10-Q_2024-07-26_0000014272-24-000123.xlsx,Balance Sheet,"June 30,2024",Total Assets,us-gaap:Assets,reported,
balance_sheet,us-gaap:DebtCurrent,Short-term debt obligations,2Q24,3531.0,BMY_SEC-XBRL-financials_as-presented_10-Q_2024-07-26_0000014272-24-000123.xlsx,Balance Sheet,"June 30,2024",Short-term debt obligations,us-gaap:DebtCurrent,reported,
balance_sheet,us-gaap:AccountsPayableCurrent,Accounts payable,2Q24,3751.0,BMY_SEC-XBRL-financials_as-presented_10-Q_2024-07-26_0000014272-24-000123.xlsx,Balance Sheet,"June 30,2024",Accounts payable,us-gaap:AccountsPayableCurrent,reported,
balance_sheet,us-gaap:OtherLiabilitiesCurrent,Other current liabilities,2Q24,15983.0,BMY_SEC-XBRL-financials_as-presented_10-Q_2024-07-26_0000014272-24-000123.xlsx,Balance Sheet,"June 30,2024",Other current liabilities,us-gaap:OtherLiabilitiesCurrent,reported,
balance_sheet,us-gaap:LiabilitiesCurrent,Total Current liabilities,2Q24,23265.0,BMY_SEC-XBRL-financials_as-presented_10-Q_2024-07-26_0000014272-24-000123.xlsx,Balance Sheet,"June 30,2024",Total Current liabilities,us-gaap:LiabilitiesCurrent,reported,
balance_sheet,us-gaap:DeferredIncomeTaxLiabilitiesNet,Deferred income taxes,2Q24,461.0,BMY_SEC-XBRL-financials_as-presented_10-Q_2024-07-26_0000014272-24-000123.xlsx,Balance Sheet,"June 30,2024",Deferred income taxes,us-gaap:DeferredIncomeTaxLiabilitiesNet,reported,
balance_sheet,us-gaap:LongTermDebtNoncurrent,Long-term debt,2Q24,48858.0,BMY_SEC-XBRL-financials_as-presented_10-Q_2024-07-26_0000014272-24-000123.xlsx,Balance Sheet,"June 30,2024",Long-term debt,us-gaap:LongTermDebtNoncurrent,reported,
balance_sheet,us-gaap:OtherLiabilitiesNoncurrent,Other non-current liabilities,2Q24,4993.0,BMY_SEC-XBRL-financials_as-presented_10-Q_2024-07-26_0000014272-24-000123.xlsx,Balance Sheet,"June 30,2024",Other non-current liabilities,us-gaap:OtherLiabilitiesNoncurrent,reported,
balance_sheet,us-gaap:Liabilities,Total Liabilities,2Q24,77577.0,BMY_SEC-XBRL-financials_as-presented_10-Q_2024-07-26_0000014272-24-000123.xlsx,Balance Sheet,"June 30,2024",Total Liabilities,us-gaap:Liabilities,reported,
balance_sheet,us-gaap:CommonStockValueOutstanding,Common stock,2Q24,292.0,BMY_SEC-XBRL-financials_as-presented_10-Q_2024-07-26_0000014272-24-000123.xlsx,Balance Sheet,"June 30,2024",Common stock,us-gaap:CommonStockValueOutstanding,reported,
balance_sheet,us-gaap:AdditionalPaidInCapital,Capital in excess of par value of stock,2Q24,45766.0,BMY_SEC-XBRL-financials_as-presented_10-Q_2024-07-26_0000014272-24-000123.xlsx,Balance Sheet,"June 30,2024",Capital in excess of par value of stock,us-gaap:AdditionalPaidInCapital,reported,
balance_sheet,us-gaap:AccumulatedOtherComprehensiveIncomeLossNetOfTax,Accumulated other comprehensive loss,2Q24,-1456.0,BMY_SEC-XBRL-financials_as-presented_10-Q_2024-07-26_0000014272-24-000123.xlsx,Balance Sheet,"June 30,2024",Accumulated other comprehensive loss,us-gaap:AccumulatedOtherComprehensiveIncomeLossNetOfTax,reported,
balance_sheet,us-gaap:RetainedEarningsAccumulatedDeficit,Retained earnings,2Q24,16103.0,BMY_SEC-XBRL-financials_as-presented_10-Q_2024-07-26_0000014272-24-000123.xlsx,Balance Sheet,"June 30,2024",Retained earnings,us-gaap:RetainedEarningsAccumulatedDeficit,reported,
balance_sheet,us-gaap:TreasuryStockValue,Less cost of treasury stock — 672 million common shares in 2019 and 576 million common shares in 2018,2Q24,-43690.0,BMY_SEC-XBRL-financials_as-presented_10-Q_2024-07-26_0000014272-24-000123.xlsx,Balance Sheet,"June 30,2024",Less cost of treasury stock,us-gaap:TreasuryStockValue,reported,
balance_sheet,us-gaap:StockholdersEquity,Total BMS Shareholders’ Equity,2Q24,17015.0,BMY_SEC-XBRL-financials_as-presented_10-Q_2024-07-26_0000014272-24-000123.xlsx,Balance Sheet,"June 30,2024",Total BMS Shareholders’ Equity,us-gaap:StockholdersEquity,reported,
balance_sheet,us-gaap:MinorityInterest,Noncontrolling interest,2Q24,54.0,BMY_SEC-XBRL-financials_as-presented_10-Q_2024-07-26_0000014272-24-000123.xlsx,Balance Sheet,"June 30,2024",Noncontrolling interest,us-gaap:MinorityInterest,reported,
balance_sheet,us-gaap:StockholdersEquityIncludingPortionAttributableToNoncontrollingInterest,Total Equity,2Q24,17069.0,BMY_SEC-XBRL-financials_as-presented_10-Q_2024-07-26_0000014272-24-000123.xlsx,Balance Sheet,"June 30,2024",Total Equity,us-gaap:StockholdersEquityIncludingPortionAttributableToNoncontrollingInterest,reported,
balance_sheet,us-gaap:LiabilitiesAndStockholdersEquity,Total Liabilities and Equity,2Q24,94646.0,BMY_SEC-XBRL-financials_as-presented_10-Q_2024-07-26_0000014272-24-000123.xlsx,Balance Sheet,"June 30,2024",Total Liabilities and Equity,us-gaap:LiabilitiesAndStockholdersEquity,reported,
cash_flow,us-gaap:ProfitLoss,Net earnings/(loss),6M24,-10224.0,BMY_SEC-XBRL-financials_as-presented_10-Q_2024-07-26_0000014272-24-000123.xlsx,Cash Flow,"Six Months Ended June 30, 2024",Net (loss)/earnings,us-gaap:ProfitLoss,reported,
cash_flow,us-gaap:DepreciationDepletionAndAmortization,"Depreciation and amortization, net",6M24,5128.0,BMY_SEC-XBRL-financials_as-presented_10-Q_2024-07-26_0000014272-24-000123.xlsx,Cash Flow,"Six Months Ended June 30, 2024","Depreciation and amortization, net",us-gaap:DepreciationDepletionAndAmortization,reported,
cash_flow,us-gaap:DeferredIncomeTaxExpenseBenefit,Deferred income taxes,6M24,-1042.0,BMY_SEC-XBRL-financials_as-presented_10-Q_2024-07-26_0000014272-24-000123.xlsx,Cash Flow,"Six Months Ended June 30, 2024",Deferred income taxes,us-gaap:DeferredIncomeTaxExpenseBenefit,reported,
cash_flow,us-gaap:ShareBasedCompensation,Stock-based compensation,6M24,258.0,BMY_SEC-XBRL-financials_as-presented_10-Q_2024-07-26_0000014272-24-000123.xlsx,Cash Flow,"Six Months Ended June 30, 2024",Stock-based compensation,us-gaap:ShareBasedCompensation,reported,
cash_flow,us-gaap:ImpairmentOfLongLivedAssetsToBeDisposedOf,Impairment charges,6M24,871.0,BMY_SEC-XBRL-financials_as-presented_10-Q_2024-07-26_0000014272-24-000123.xlsx,Cash Flow,"Six Months Ended June 30, 2024",Impairment charges,us-gaap:ImpairmentOfLongLivedAssetsToBeDisposedOf,reported,
cash_flow,bmy:DivestitureGainsAndRoyalties,Divestiture gains and royalties,6M24,-550.0,BMY_SEC-XBRL-financials_as-presented_10-Q_2024-07-26_0000014272-24-000123.xlsx,Cash Flow,"Six Months Ended June 30, 2024",Divestiture gains and royalties,bmy:Divestituregainsandroyalties,reported,
cash_flow,bmy:AcquiredIPRD,Acquired IPRD,6M24,13081.0,BMY_SEC-XBRL-financials_as-presented_10-Q_2024-07-26_0000014272-24-000123.xlsx,Cash Flow,"Six Months Ended June 30, 2024",Acquired IPRD,bmy:AcquiredIPRD,reported,
cash_flow,us-gaap:GainLossOnInvestments,Equity investment gains,6M24,-209.0,BMY_SEC-XBRL-financials_as-presented_10-Q_2024-07-26_0000014272-24-000123.xlsx,Cash Flow,"Six Months Ended June 30, 2024",Equity investment (gains)/losses,us-gaap:GainLossOnInvestments,reported,
cash_flow,us-gaap:OtherNoncashIncomeExpense,Other adjustments,6M24,20.0,BMY_SEC-XBRL-financials_as-presented_10-Q_2024-07-26_0000014272-24-000123.xlsx,Cash Flow,"Six Months Ended June 30, 2024",Other adjustments,us-gaap:OtherNoncashIncomeExpense,reported,
cash_flow,us-gaap:IncreaseDecreaseInReceivables,Receivables,6M24,-540.0,BMY_SEC-XBRL-financials_as-presented_10-Q_2024-07-26_0000014272-24-000123.xlsx,Cash Flow,"Six Months Ended June 30, 2024",Receivables,us-gaap:IncreaseDecreaseInReceivables,reported,
cash_flow,us-gaap:IncreaseDecreaseInInventories,Inventories,6M24,-443.0,BMY_SEC-XBRL-financials_as-presented_10-Q_2024-07-26_0000014272-24-000123.xlsx,Cash Flow,"Six Months Ended June 30, 2024",Inventories,us-gaap:IncreaseDecreaseInInventories,reported,
cash_flow,us-gaap:IncreaseDecreaseInAccountsPayable,Accounts payable,6M24,41.0,BMY_SEC-XBRL-financials_as-presented_10-Q_2024-07-26_0000014272-24-000123.xlsx,Cash Flow,"Six Months Ended June 30, 2024",Accounts payable,us-gaap:IncreaseDecreaseInAccountsPayable,reported,
cash_flow,us-gaap:IncreaseDecreaseInOtherAccruedLiabilities,Rebates and discounts,6M24,70.0,BMY_SEC-XBRL-financials_as-presented_10-Q_2024-07-26_0000014272-24-000123.xlsx,Cash Flow,"Six Months Ended June 30, 2024",Rebates and discounts,us-gaap:IncreaseDecreaseInOtherAccruedLiabilities,reported,
cash_flow,us-gaap:IncreaseDecreaseInAccruedIncomeTaxesPayable,Income taxes payable,6M24,-1033.0,BMY_SEC-XBRL-financials_as-presented_10-Q_2024-07-26_0000014272-24-000123.xlsx,Cash Flow,"Six Months Ended June 30, 2024",Income taxes payable,us-gaap:IncreaseDecreaseInAccruedIncomeTaxesPayable,reported,
cash_flow,us-gaap:IncreaseDecreaseInOtherOperatingCapitalNet,Other,6M24,-268.0,BMY_SEC-XBRL-financials_as-presented_10-Q_2024-07-26_0000014272-24-000123.xlsx,Cash Flow,"Six Months Ended June 30, 2024",Other,us-gaap:IncreaseDecreaseInOtherOperatingCapitalNet,reported,
cash_flow,us-gaap:NetCashProvidedByUsedInOperatingActivities,Net cash provided by operating activities,6M24,5160.0,BMY_SEC-XBRL-financials_as-presented_10-Q_2024-07-26_0000014272-24-000123.xlsx,Cash Flow,"Six Months Ended June 30, 2024",Net cash provided by operating activities,us-gaap:NetCashProvidedByUsedInOperatingActivities,reported,
cash_flow,us-gaap:ProceedsFromSaleAndMaturityOfAvailableForSaleSecurities,Sale and maturities of marketable debt securities,6M24,822.0,BMY_SEC-XBRL-financials_as-presented_10-Q_2024-07-26_0000014272-24-000123.xlsx,Cash Flow,"Six Months Ended June 30, 2024",Sale and maturities of marketable debt securities,us-gaap:ProceedsFromSaleAndMaturityOfAvailableForSaleSecurities,reported,
cash_flow,us-gaap:PaymentsToAcquireMarketableSecurities,Purchase of marketable debt securities,6M24,-358.0,BMY_SEC-XBRL-financials_as-presented_10-Q_2024-07-26_0000014272-24-000123.xlsx,Cash Flow,"Six Months Ended June 30, 2024",Purchase of marketable debt securities,us-gaap:PaymentsToAcquireMarketableSecurities,reported,
cash_flow,us-gaap:ProceedsFromSaleOfEquitySecuritiesFvNi,Proceeds from sales of equity investments,6M24,60.0,BMY_SEC-XBRL-financials_as-presented_10-Q_2024-07-26_0000014272-24-000123.xlsx,Cash Flow,"Six Months Ended June 30, 2024",Proceeds from sales of equity investments,us-gaap:ProceedsFromSaleOfEquitySecuritiesFvNi,reported,
cash_flow,us-gaap:PaymentsToAcquirePropertyPlantAndEquipment,Capital expenditures,6M24,-546.0,BMY_SEC-XBRL-financials_as-presented_10-Q_2024-07-26_0000014272-24-000123.xlsx,Cash Flow,"Six Months Ended June 30, 2024",Capital expenditures,us-gaap:PaymentsToAcquirePropertyPlantAndEquipment,reported,
cash_flow,bmy:DivestitureAndOtherProceeds,Divestiture and other proceeds,6M24,511.0,BMY_SEC-XBRL-financials_as-presented_10-Q_2024-07-26_0000014272-24-000123.xlsx,Cash Flow,"Six Months Ended June 30, 2024",Divestiture and other proceeds,bmy:Divestitureandotherproceeds,reported,
cash_flow,us-gaap:PaymentsToAcquireBusinessesNetOfCashAcquired,"Acquisition and other payments, net of cash acquired",6M24,-21426.0,BMY_SEC-XBRL-financials_as-presented_10-Q_2024-07-26_0000014272-24-000123.xlsx,Cash Flow,"Six Months Ended June 30, 2024","Acquisition and other payments, net of cash acquired",us-gaap:PaymentsToAcquireBusinessesNetOfCashAcquired,reported,
cash_flow,us-gaap:NetCashProvidedByUsedInInvestingActivities,Net cash provided by/(used in) investing activities,6M24,-20937.0,BMY_SEC-XBRL-financials_as-presented_10-Q_2024-07-26_0000014272-24-000123.xlsx,Cash Flow,"Six Months Ended June 30, 2024",Net cash used in investing activities,us-gaap:NetCashProvidedByUsedInInvestingActivities,reported,
cash_flow,us-gaap:ProceedsFromIssuanceOfCommercialPaper,Proceeds from issuance of short-term debt obligations,6M24,2987.0,BMY_SEC-XBRL-financials_as-presented_10-Q_2024-07-26_0000014272-24-000123.xlsx,Cash Flow,"Six Months Ended June 30, 2024",Proceeds from issuance of short-term debt obligations,us-gaap:ProceedsFromIssuanceOfCommercialPaper,reported,
cash_flow,us-gaap:RepaymentsOfCommercialPaper,Repayments of short-term debt obligations,6M24,-2731.0,BMY_SEC-XBRL-financials_as-presented_10-Q_2024-07-26_0000014272-24-000123.xlsx,Cash Flow,"Six Months Ended June 30, 2024",Repayments of short-term debt obligations,us-gaap:RepaymentsOfCommercialPaper,reported,
cash_flow,us-gaap:ProceedsFromOtherShortTermDebt,"Other short-term financing obligations, net",6M24,409.0,BMY_SEC-XBRL-financials_as-presented_10-Q_2024-07-26_0000014272-24-000123.xlsx,Cash Flow,"Six Months Ended June 30, 2024","Other short-term financing obligations, net",us-gaap:ProceedsFromOtherShortTermDebt,reported,
cash_flow,us-gaap:ProceedsFromIssuanceOfLongTermDebt,Proceeds from issuance of long-term debt,6M24,12883.0,BMY_SEC-XBRL-financials_as-presented_10-Q_2024-07-26_0000014272-24-000123.xlsx,Cash Flow,"Six Months Ended June 30, 2024",Proceeds from issuance of long-term debt,us-gaap:ProceedsFromIssuanceOfDebt,reported,
cash_flow,us-gaap:RepaymentsOfLongTermDebt,Repayments of long-term debt,6M24,-395.0,BMY_SEC-XBRL-financials_as-presented_10-Q_2024-07-26_0000014272-24-000123.xlsx,Cash Flow,"Six Months Ended June 30, 2024",Repayments of long-term debt,us-gaap:RepaymentsOfLongTermDebt,reported,
cash_flow,us-gaap:PaymentsOfDividends,Dividends,6M24,-2429.0,BMY_SEC-XBRL-financials_as-presented_10-Q_2024-07-26_0000014272-24-000123.xlsx,Cash Flow,"Six Months Ended June 30, 2024",Dividends,us-gaap:PaymentsOfDividends,reported,
cash_flow,bmy:PaymentsForProceedsFromStockOptionExercisesAndOtherAdjustments,"Stock option proceeds and other, net",6M24,-103.0,BMY_SEC-XBRL-financials_as-presented_10-Q_2024-07-26_0000014272-24-000123.xlsx,Cash Flow,"Six Months Ended June 30, 2024","Stock option proceeds and other, net",bmy:PaymentsForProceedsFromStockOptionExercisesAndOtherAdjustments,reported,
cash_flow,us-gaap:NetCashProvidedByUsedInFinancingActivities,Net cash provided by/(used in) financing activities,6M24,10621.0,BMY_SEC-XBRL-financials_as-presented_10-Q_2024-07-26_0000014272-24-000123.xlsx,Cash Flow,"Six Months Ended June 30, 2024",Net cash provided by/(used in) financing activities,us-gaap:NetCashProvidedByUsedInFinancingActivities,reported,
cash_flow,us-gaap:EffectOfExchangeRateOnCashCashEquivalentsRestrictedCashAndRestrictedCashEquivalents,"Effect of exchange rates on cash, cash equivalents and restricted cash",6M24,-67.0,BMY_SEC-XBRL-financials_as-presented_10-Q_2024-07-26_0000014272-24-000123.xlsx,Cash Flow,"Six Months Ended June 30, 2024","Effect of exchange rates on cash, cash equivalents and restricted cash",us-gaap:EffectOfExchangeRateOnCashCashEquivalentsRestrictedCashAndRestrictedCashEquivalents,reported,
cash_flow,us-gaap:CashCashEquivalentsRestrictedCashAndRestrictedCashEquivalentsPeriodIncreaseDecreaseIncludingExchangeRateEffect,"Increase/(decrease) in cash, cash equivalents and restricted cash",6M24,-5223.0,BMY_SEC-XBRL-financials_as-presented_10-Q_2024-07-26_0000014272-24-000123.xlsx,Cash Flow,"Six Months Ended June 30, 2024","Decrease in cash, cash equivalents and restricted cash",us-gaap:CashCashEquivalentsRestrictedCashAndRestrictedCashEquivalentsPeriodIncreaseDecreaseIncludingExchangeRateEffect,reported,
cash_flow,us-gaap:CashCashEquivalentsRestrictedCashAndRestrictedCashEquivalents,"Cash, cash equivalents and restricted cash at beginning of period",6M24,11519.0,BMY_SEC-XBRL-financials_as-presented_10-Q_2024-07-26_0000014272-24-000123.xlsx,Cash Flow,"Six Months Ended June 30, 2024","Cash, cash equivalents and restricted cash at beginning of period",us-gaap:CashCashEquivalentsRestrictedCashAndRestrictedCashEquivalents,reported,
income_statement,us-gaap:Revenues,Net product sales,3Q24,11483.0,BMY_SEC-XBRL-financials_as-presented_10-Q_2024-10-31_0000014272-24-000147.xlsx,Income Statement,"Three Months Ended September 30, 2024",Net product sales,us-gaap:Revenues,reported,
income_statement,us-gaap:Revenues,Net product sales,9M24,34967.0,BMY_SEC-XBRL-financials_as-presented_10-Q_2024-10-31_0000014272-24-000147.xlsx,Income Statement,"Nine Months Ended September 30, 2024",Net product sales,us-gaap:Revenues,reported,
income_statement,us-gaap:CostOfGoodsAndServicesSold,Cost of products sold(a),3Q24,2957.0,BMY_SEC-XBRL-financials_as-presented_10-Q_2024-10-31_0000014272-24-000147.xlsx,Income Statement,"Three Months Ended September 30, 2024",Cost of products sold(a),us-gaap:CostOfGoodsAndServicesSold,reported,
income_statement,us-gaap:CostOfGoodsAndServicesSold,Cost of products sold(a),9M24,9156.0,BMY_SEC-XBRL-financials_as-presented_10-Q_2024-10-31_0000014272-24-000147.xlsx,Income Statement,"Nine Months Ended September 30, 2024",Cost of products sold(a),us-gaap:CostOfGoodsAndServicesSold,reported,
income_statement,us-gaap:SellingGeneralAndAdministrativeExpense,"Selling, general and administrative",3Q24,1983.0,BMY_SEC-XBRL-financials_as-presented_10-Q_2024-10-31_0000014272-24-000147.xlsx,Income Statement,"Three Months Ended September 30, 2024","Marketing, selling and administrative",us-gaap:SellingGeneralAndAdministrativeExpense,reported,
income_statement,us-gaap:SellingGeneralAndAdministrativeExpense,"Selling, general and administrative",9M24,6278.0,BMY_SEC-XBRL-financials_as-presented_10-Q_2024-10-31_0000014272-24-000147.xlsx,Income Statement,"Nine Months Ended September 30, 2024","Marketing, selling and administrative",us-gaap:SellingGeneralAndAdministrativeExpense,reported,
income_statement,us-gaap:ResearchAndDevelopmentExpense,Research and development,3Q24,2374.0,BMY_SEC-XBRL-financials_as-presented_10-Q_2024-10-31_0000014272-24-000147.xlsx,Income Statement,"Three Months Ended September 30, 2024",Research and development,us-gaap:ResearchAndDevelopmentExpense,reported,
income_statement,us-gaap:ResearchAndDevelopmentExpense,Research and development,9M24,7968.0,BMY_SEC-XBRL-financials_as-presented_10-Q_2024-10-31_0000014272-24-000147.xlsx,Income Statement,"Nine Months Ended September 30, 2024",Research and development,us-gaap:ResearchAndDevelopmentExpense,reported,
income_statement,bmy:AcquiredIPRD,Acquired IPRD,3Q24,262.0,BMY_SEC-XBRL-financials_as-presented_10-Q_2024-10-31_0000014272-24-000147.xlsx,Income Statement,"Three Months Ended September 30, 2024",Acquired IPRD,bmy:AcquiredIPRD,reported,
income_statement,bmy:AcquiredIPRD,Acquired IPRD,9M24,13343.0,BMY_SEC-XBRL-financials_as-presented_10-Q_2024-10-31_0000014272-24-000147.xlsx,Income Statement,"Nine Months Ended September 30, 2024",Acquired IPRD,bmy:AcquiredIPRD,reported,
income_statement,bmy:AmortizationofAcquiredIntangibleAssets,Amortization of acquired intangible assets,3Q24,2406.0,BMY_SEC-XBRL-financials_as-presented_10-Q_2024-10-31_0000014272-24-000147.xlsx,Income Statement,"Three Months Ended September 30, 2024",Amortization of acquired intangible assets,bmy:AmortizationofAcquiredIntangibleAssets,reported,
income_statement,bmy:AmortizationofAcquiredIntangibleAssets,Amortization of acquired intangible assets,9M24,7179.0,BMY_SEC-XBRL-financials_as-presented_10-Q_2024-10-31_0000014272-24-000147.xlsx,Income Statement,"Nine Months Ended September 30, 2024",Amortization of acquired intangible assets,bmy:AmortizationofAcquiredIntangibleAssets,reported,
income_statement,us-gaap:OtherNonoperatingIncomeExpense,"Other (income)/expense, net",3Q24,234.0,BMY_SEC-XBRL-financials_as-presented_10-Q_2024-10-31_0000014272-24-000147.xlsx,Income Statement,"Three Months Ended September 30, 2024","Other (income)/expense, net",us-gaap:OtherNonoperatingIncomeExpense,reported,
income_statement,us-gaap:OtherNonoperatingIncomeExpense,"Other (income)/expense, net",9M24,588.0,BMY_SEC-XBRL-financials_as-presented_10-Q_2024-10-31_0000014272-24-000147.xlsx,Income Statement,"Nine Months Ended September 30, 2024","Other (income)/expense, net",us-gaap:OtherNonoperatingIncomeExpense,reported,
income_statement,us-gaap:CostsAndExpenses,Total Expenses,3Q24,10216.0,BMY_SEC-XBRL-financials_as-presented_10-Q_2024-10-31_0000014272-24-000147.xlsx,Income Statement,"Three Months Ended September 30, 2024",Total Expenses,us-gaap:CostsAndExpenses,reported,
income_statement,us-gaap:CostsAndExpenses,Total Expenses,9M24,44512.0,BMY_SEC-XBRL-financials_as-presented_10-Q_2024-10-31_0000014272-24-000147.xlsx,Income Statement,"Nine Months Ended September 30, 2024",Total Expenses,us-gaap:CostsAndExpenses,reported,
income_statement,us-gaap:IncomeLossFromContinuingOperationsBeforeIncomeTaxesExtraordinaryItemsNoncontrollingInterest,Earnings/(Loss) before income taxes,3Q24,1676.0,BMY_SEC-XBRL-financials_as-presented_10-Q_2024-10-31_0000014272-24-000147.xlsx,Income Statement,"Three Months Ended September 30, 2024",Earnings/(loss) before income taxes,us-gaap:IncomeLossFromContinuingOperationsBeforeIncomeTaxesMinorityInterestAndIncomeLossFromEquityMethodInvestments,reported,
income_statement,us-gaap:IncomeLossFromContinuingOperationsBeforeIncomeTaxesExtraordinaryItemsNoncontrollingInterest,Earnings/(Loss) before income taxes,9M24,-8554.0,BMY_SEC-XBRL-financials_as-presented_10-Q_2024-10-31_0000014272-24-000147.xlsx,Income Statement,"Nine Months Ended September 30, 2024",Earnings/(loss) before income taxes,us-gaap:IncomeLossFromContinuingOperationsBeforeIncomeTaxesMinorityInterestAndIncomeLossFromEquityMethodInvestments,reported,
income_statement,us-gaap:IncomeTaxExpenseBenefit,Income tax provision,3Q24,461.0,BMY_SEC-XBRL-financials_as-presented_10-Q_2024-10-31_0000014272-24-000147.xlsx,Income Statement,"Three Months Ended September 30, 2024",Income tax provision,us-gaap:IncomeTaxExpenseBenefit,reported,
income_statement,us-gaap:IncomeTaxExpenseBenefit,Income tax provision,9M24,455.0,BMY_SEC-XBRL-financials_as-presented_10-Q_2024-10-31_0000014272-24-000147.xlsx,Income Statement,"Nine Months Ended September 30, 2024",Income tax provision,us-gaap:IncomeTaxExpenseBenefit,reported,
income_statement,us-gaap:ProfitLoss,Net earnings/(loss),3Q24,1215.0,BMY_SEC-XBRL-financials_as-presented_10-Q_2024-10-31_0000014272-24-000147.xlsx,Income Statement,"Three Months Ended September 30, 2024",Net earnings/(loss),us-gaap:ProfitLoss,reported,
income_statement,us-gaap:ProfitLoss,Net earnings/(loss),9M24,-9009.0,BMY_SEC-XBRL-financials_as-presented_10-Q_2024-10-31_0000014272-24-000147.xlsx,Income Statement,"Nine Months Ended September 30, 2024",Net earnings/(loss),us-gaap:ProfitLoss,reported,
income_statement,us-gaap:ComprehensiveIncomeNetOfTaxAttributableToNoncontrollingInterest,Noncontrolling Interest,3Q24,4.0,BMY_SEC-XBRL-financials_as-presented_10-Q_2024-10-31_0000014272-24-000147.xlsx,Income Statement,"Three Months Ended September 30, 2024",Noncontrolling interest,us-gaap:ComprehensiveIncomeNetOfTaxAttributableToNoncontrollingInterest,reported,
income_statement,us-gaap:ComprehensiveIncomeNetOfTaxAttributableToNoncontrollingInterest,Noncontrolling Interest,9M24,11.0,BMY_SEC-XBRL-financials_as-presented_10-Q_2024-10-31_0000014272-24-000147.xlsx,Income Statement,"Nine Months Ended September 30, 2024",Noncontrolling interest,us-gaap:ComprehensiveIncomeNetOfTaxAttributableToNoncontrollingInterest,reported,
income_statement,us-gaap:NetIncomeLoss,Net earnings/(loss) attributable to BMS,3Q24,1211.0,BMY_SEC-XBRL-financials_as-presented_10-Q_2024-10-31_0000014272-24-000147.xlsx,Income Statement,"Three Months Ended September 30, 2024",Net earnings/(loss) attributable to BMS,us-gaap:NetIncomeLoss,reported,
income_statement,us-gaap:NetIncomeLoss,Net earnings/(loss) attributable to BMS,9M24,-9020.0,BMY_SEC-XBRL-financials_as-presented_10-Q_2024-10-31_0000014272-24-000147.xlsx,Income Statement,"Nine Months Ended September 30, 2024",Net earnings/(loss) attributable to BMS,us-gaap:NetIncomeLoss,reported,
income_statement,us-gaap:EarningsPerShareBasic,Basic,3Q24,0.6,BMY_SEC-XBRL-financials_as-presented_10-Q_2024-10-31_0000014272-24-000147.xlsx,Income Statement,"Three Months Ended September 30, 2024",Basic,us-gaap:EarningsPerShareBasic,reported,
income_statement,us-gaap:EarningsPerShareBasic,Basic,9M24,-4.45,BMY_SEC-XBRL-financials_as-presented_10-Q_2024-10-31_0000014272-24-000147.xlsx,Income Statement,"Nine Months Ended September 30, 2024",Basic,us-gaap:EarningsPerShareBasic,reported,
income_statement,us-gaap:EarningsPerShareDiluted,Diluted,3Q24,0.6,BMY_SEC-XBRL-financials_as-presented_10-Q_2024-10-31_0000014272-24-000147.xlsx,Income Statement,"Three Months Ended September 30, 2024",Diluted,us-gaap:EarningsPerShareDiluted,reported,
income_statement,us-gaap:EarningsPerShareDiluted,Diluted,9M24,-4.45,BMY_SEC-XBRL-financials_as-presented_10-Q_2024-10-31_0000014272-24-000147.xlsx,Income Statement,"Nine Months Ended September 30, 2024",Diluted,us-gaap:EarningsPerShareDiluted,reported,
balance_sheet,us-gaap:CashAndCashEquivalentsAtCarryingValue,Cash and cash equivalents,3Q24,7890.0,BMY_SEC-XBRL-financials_as-presented_10-Q_2024-10-31_0000014272-24-000147.xlsx,Balance Sheet,"September 30,2024",Cash and cash equivalents,us-gaap:CashAndCashEquivalentsAtCarryingValue,reported,
balance_sheet,us-gaap:AvailableForSaleSecuritiesDebtSecuritiesCurrent,Marketable debt securities,3Q24,204.0,BMY_SEC-XBRL-financials_as-presented_10-Q_2024-10-31_0000014272-24-000147.xlsx,Balance Sheet,"September 30,2024",Marketable debt securities,us-gaap:AvailableForSaleSecuritiesDebtSecuritiesCurrent,reported,
balance_sheet,us-gaap:ReceivablesNetCurrent,Receivables,3Q24,11026.0,BMY_SEC-XBRL-financials_as-presented_10-Q_2024-10-31_0000014272-24-000147.xlsx,Balance Sheet,"September 30,2024",Receivables,us-gaap:ReceivablesNetCurrent,reported,
balance_sheet,us-gaap:InventoryNet,Inventories,3Q24,3332.0,BMY_SEC-XBRL-financials_as-presented_10-Q_2024-10-31_0000014272-24-000147.xlsx,Balance Sheet,"September 30,2024",Inventories,us-gaap:InventoryNet,reported,
balance_sheet,us-gaap:OtherAssetsCurrent,Other current assets,3Q24,5623.0,BMY_SEC-XBRL-financials_as-presented_10-Q_2024-10-31_0000014272-24-000147.xlsx,Balance Sheet,"September 30,2024",Other current assets,us-gaap:OtherAssetsCurrent,reported,
balance_sheet,us-gaap:AssetsCurrent,Total Current assets,3Q24,28075.0,BMY_SEC-XBRL-financials_as-presented_10-Q_2024-10-31_0000014272-24-000147.xlsx,Balance Sheet,"September 30,2024",Total Current assets,us-gaap:AssetsCurrent,reported,
balance_sheet,us-gaap:PropertyPlantAndEquipmentNet,"Property, plant and equipment",3Q24,6903.0,BMY_SEC-XBRL-financials_as-presented_10-Q_2024-10-31_0000014272-24-000147.xlsx,Balance Sheet,"September 30,2024","Property, plant and equipment",us-gaap:PropertyPlantAndEquipmentNet,reported,
balance_sheet,us-gaap:Goodwill,Goodwill,3Q24,21751.0,BMY_SEC-XBRL-financials_as-presented_10-Q_2024-10-31_0000014272-24-000147.xlsx,Balance Sheet,"September 30,2024",Goodwill,us-gaap:Goodwill,reported,
balance_sheet,us-gaap:IntangibleAssetsNetExcludingGoodwill,Other intangible assets,3Q24,26964.0,BMY_SEC-XBRL-financials_as-presented_10-Q_2024-10-31_0000014272-24-000147.xlsx,Balance Sheet,"September 30,2024",Other intangible assets,us-gaap:IntangibleAssetsNetExcludingGoodwill,reported,
balance_sheet,us-gaap:DeferredIncomeTaxAssetsNet,Deferred income taxes,3Q24,3609.0,BMY_SEC-XBRL-financials_as-presented_10-Q_2024-10-31_0000014272-24-000147.xlsx,Balance Sheet,"September 30,2024",Deferred income taxes,us-gaap:DeferredIncomeTaxAssetsNet,reported,
balance_sheet,us-gaap:AvailableForSaleSecuritiesDebtSecuritiesNoncurrent,Marketable debt securities,3Q24,324.0,BMY_SEC-XBRL-financials_as-presented_10-Q_2024-10-31_0000014272-24-000147.xlsx,Balance Sheet,"September 30,2024",Marketable debt securities,us-gaap:AvailableForSaleSecuritiesDebtSecuritiesNoncurrent,reported,
balance_sheet,us-gaap:OtherAssetsNoncurrent,Other non-current assets,3Q24,6044.0,BMY_SEC-XBRL-financials_as-presented_10-Q_2024-10-31_0000014272-24-000147.xlsx,Balance Sheet,"September 30,2024",Other non-current assets,us-gaap:OtherAssetsNoncurrent,reported,
balance_sheet,us-gaap:Assets,Total Assets,3Q24,93670.0,BMY_SEC-XBRL-financials_as-presented_10-Q_2024-10-31_0000014272-24-000147.xlsx,Balance Sheet,"September 30,2024",Total Assets,us-gaap:Assets,reported,
balance_sheet,us-gaap:DebtCurrent,Short-term debt obligations,3Q24,1078.0,BMY_SEC-XBRL-financials_as-presented_10-Q_2024-10-31_0000014272-24-000147.xlsx,Balance Sheet,"September 30,2024",Short-term debt obligations,us-gaap:DebtCurrent,reported,
balance_sheet,us-gaap:AccountsPayableCurrent,Accounts payable,3Q24,3469.0,BMY_SEC-XBRL-financials_as-presented_10-Q_2024-10-31_0000014272-24-000147.xlsx,Balance Sheet,"September 30,2024",Accounts payable,us-gaap:AccountsPayableCurrent,reported,
balance_sheet,us-gaap:OtherLiabilitiesCurrent,Other current liabilities,3Q24,18091.0,BMY_SEC-XBRL-financials_as-presented_10-Q_2024-10-31_0000014272-24-000147.xlsx,Balance Sheet,"September 30,2024",Other current liabilities,us-gaap:OtherLiabilitiesCurrent,reported,
balance_sheet,us-gaap:LiabilitiesCurrent,Total Current liabilities,3Q24,22638.0,BMY_SEC-XBRL-financials_as-presented_10-Q_2024-10-31_0000014272-24-000147.xlsx,Balance Sheet,"September 30,2024",Total Current liabilities,us-gaap:LiabilitiesCurrent,reported,
balance_sheet,us-gaap:DeferredIncomeTaxLiabilitiesNet,Deferred income taxes,3Q24,430.0,BMY_SEC-XBRL-financials_as-presented_10-Q_2024-10-31_0000014272-24-000147.xlsx,Balance Sheet,"September 30,2024",Deferred income taxes,us-gaap:DeferredIncomeTaxLiabilitiesNet,reported,
balance_sheet,us-gaap:LongTermDebtNoncurrent,Long-term debt,3Q24,48674.0,BMY_SEC-XBRL-financials_as-presented_10-Q_2024-10-31_0000014272-24-000147.xlsx,Balance Sheet,"September 30,2024",Long-term debt,us-gaap:LongTermDebtNoncurrent,reported,
balance_sheet,us-gaap:OtherLiabilitiesNoncurrent,Other non-current liabilities,3Q24,4728.0,BMY_SEC-XBRL-financials_as-presented_10-Q_2024-10-31_0000014272-24-000147.xlsx,Balance Sheet,"September 30,2024",Other non-current liabilities,us-gaap:OtherLiabilitiesNoncurrent,reported,
balance_sheet,us-gaap:Liabilities,Total Liabilities,3Q24,76470.0,BMY_SEC-XBRL-financials_as-presented_10-Q_2024-10-31_0000014272-24-000147.xlsx,Balance Sheet,"September 30,2024",Total Liabilities,us-gaap:Liabilities,reported,
balance_sheet,us-gaap:CommonStockValueOutstanding,Common stock,3Q24,292.0,BMY_SEC-XBRL-financials_as-presented_10-Q_2024-10-31_0000014272-24-000147.xlsx,Balance Sheet,"September 30,2024",Common stock,us-gaap:CommonStockValueOutstanding,reported,
balance_sheet,us-gaap:AdditionalPaidInCapital,Capital in excess of par value of stock,3Q24,45896.0,BMY_SEC-XBRL-financials_as-presented_10-Q_2024-10-31_0000014272-24-000147.xlsx,Balance Sheet,"September 30,2024",Capital in excess of par value of stock,us-gaap:AdditionalPaidInCapital,reported,
balance_sheet,us-gaap:AccumulatedOtherComprehensiveIncomeLossNetOfTax,Accumulated other comprehensive loss,3Q24,-1468.0,BMY_SEC-XBRL-financials_as-presented_10-Q_2024-10-31_0000014272-24-000147.xlsx,Balance Sheet,"September 30,2024",Accumulated other comprehensive loss,us-gaap:AccumulatedOtherComprehensiveIncomeLossNetOfTax,reported,
balance_sheet,us-gaap:RetainedEarningsAccumulatedDeficit,Retained earnings,3Q24,16097.0,BMY_SEC-XBRL-financials_as-presented_10-Q_2024-10-31_0000014272-24-000147.xlsx,Balance Sheet,"September 30,2024",Retained earnings,us-gaap:RetainedEarningsAccumulatedDeficit,reported,
balance_sheet,us-gaap:TreasuryStockValue,Less cost of treasury stock — 672 million common shares in 2019 and 576 million common shares in 2018,3Q24,-43675.0,BMY_SEC-XBRL-financials_as-presented_10-Q_2024-10-31_0000014272-24-000147.xlsx,Balance Sheet,"September 30,2024",Less cost of treasury stock,us-gaap:TreasuryStockValue,reported,
balance_sheet,us-gaap:StockholdersEquity,Total BMS Shareholders’ Equity,3Q24,17142.0,BMY_SEC-XBRL-financials_as-presented_10-Q_2024-10-31_0000014272-24-000147.xlsx,Balance Sheet,"September 30,2024",Total BMS Shareholders’ Equity,us-gaap:StockholdersEquity,reported,
balance_sheet,us-gaap:MinorityInterest,Noncontrolling interest,3Q24,58.0,BMY_SEC-XBRL-financials_as-presented_10-Q_2024-10-31_0000014272-24-000147.xlsx,Balance Sheet,"September 30,2024",Noncontrolling interest,us-gaap:MinorityInterest,reported,
balance_sheet,us-gaap:StockholdersEquityIncludingPortionAttributableToNoncontrollingInterest,Total Equity,3Q24,17200.0,BMY_SEC-XBRL-financials_as-presented_10-Q_2024-10-31_0000014272-24-000147.xlsx,Balance Sheet,"September 30,2024",Total Equity,us-gaap:StockholdersEquityIncludingPortionAttributableToNoncontrollingInterest,reported,
balance_sheet,us-gaap:LiabilitiesAndStockholdersEquity,Total Liabilities and Equity,3Q24,93670.0,BMY_SEC-XBRL-financials_as-presented_10-Q_2024-10-31_0000014272-24-000147.xlsx,Balance Sheet,"September 30,2024",Total Liabilities and Equity,us-gaap:LiabilitiesAndStockholdersEquity,reported,
cash_flow,us-gaap:ProfitLoss,Net earnings/(loss),9M24,-9009.0,BMY_SEC-XBRL-financials_as-presented_10-Q_2024-10-31_0000014272-24-000147.xlsx,Cash Flow,"Nine Months Ended September 30, 2024",Net (loss)/earnings,us-gaap:ProfitLoss,reported,
cash_flow,us-gaap:DepreciationDepletionAndAmortization,"Depreciation and amortization, net",9M24,7720.0,BMY_SEC-XBRL-financials_as-presented_10-Q_2024-10-31_0000014272-24-000147.xlsx,Cash Flow,"Nine Months Ended September 30, 2024","Depreciation and amortization, net",us-gaap:DepreciationDepletionAndAmortization,reported,
cash_flow,us-gaap:DeferredIncomeTaxExpenseBenefit,Deferred income taxes,9M24,-1298.0,BMY_SEC-XBRL-financials_as-presented_10-Q_2024-10-31_0000014272-24-000147.xlsx,Cash Flow,"Nine Months Ended September 30, 2024",Deferred income taxes,us-gaap:DeferredIncomeTaxExpenseBenefit,reported,
cash_flow,us-gaap:ShareBasedCompensation,Stock-based compensation,9M24,387.0,BMY_SEC-XBRL-financials_as-presented_10-Q_2024-10-31_0000014272-24-000147.xlsx,Cash Flow,"Nine Months Ended September 30, 2024",Stock-based compensation,us-gaap:ShareBasedCompensation,reported,
cash_flow,us-gaap:ImpairmentOfLongLivedAssetsToBeDisposedOf,Impairment charges,9M24,1010.0,BMY_SEC-XBRL-financials_as-presented_10-Q_2024-10-31_0000014272-24-000147.xlsx,Cash Flow,"Nine Months Ended September 30, 2024",Impairment charges,us-gaap:ImpairmentOfLongLivedAssetsToBeDisposedOf,reported,
cash_flow,bmy:DivestitureGainsAndRoyalties,Divestiture gains and royalties,9M24,-838.0,BMY_SEC-XBRL-financials_as-presented_10-Q_2024-10-31_0000014272-24-000147.xlsx,Cash Flow,"Nine Months Ended September 30, 2024",Divestiture gains and royalties,bmy:Divestituregainsandroyalties,reported,
cash_flow,bmy:AcquiredIPRD,Acquired IPRD,9M24,13343.0,BMY_SEC-XBRL-financials_as-presented_10-Q_2024-10-31_0000014272-24-000147.xlsx,Cash Flow,"Nine Months Ended September 30, 2024",Acquired IPRD,bmy:AcquiredIPRD,reported,
cash_flow,us-gaap:GainLossOnInvestments,Equity investment gains,9M24,-221.0,BMY_SEC-XBRL-financials_as-presented_10-Q_2024-10-31_0000014272-24-000147.xlsx,Cash Flow,"Nine Months Ended September 30, 2024",Equity investment (gains)/losses,us-gaap:GainLossOnInvestments,reported,
cash_flow,us-gaap:OtherNoncashIncomeExpense,Other adjustments,9M24,123.0,BMY_SEC-XBRL-financials_as-presented_10-Q_2024-10-31_0000014272-24-000147.xlsx,Cash Flow,"Nine Months Ended September 30, 2024",Other adjustments,us-gaap:OtherNoncashIncomeExpense,reported,
cash_flow,us-gaap:IncreaseDecreaseInReceivables,Receivables,9M24,121.0,BMY_SEC-XBRL-financials_as-presented_10-Q_2024-10-31_0000014272-24-000147.xlsx,Cash Flow,"Nine Months Ended September 30, 2024",Receivables,us-gaap:IncreaseDecreaseInReceivables,reported,
cash_flow,us-gaap:IncreaseDecreaseInInventories,Inventories,9M24,-661.0,BMY_SEC-XBRL-financials_as-presented_10-Q_2024-10-31_0000014272-24-000147.xlsx,Cash Flow,"Nine Months Ended September 30, 2024",Inventories,us-gaap:IncreaseDecreaseInInventories,reported,
cash_flow,us-gaap:IncreaseDecreaseInAccountsPayable,Accounts payable,9M24,-333.0,BMY_SEC-XBRL-financials_as-presented_10-Q_2024-10-31_0000014272-24-000147.xlsx,Cash Flow,"Nine Months Ended September 30, 2024",Accounts payable,us-gaap:IncreaseDecreaseInAccountsPayable,reported,
cash_flow,us-gaap:IncreaseDecreaseInOtherAccruedLiabilities,Rebates and discounts,9M24,1889.0,BMY_SEC-XBRL-financials_as-presented_10-Q_2024-10-31_0000014272-24-000147.xlsx,Cash Flow,"Nine Months Ended September 30, 2024",Rebates and discounts,us-gaap:IncreaseDecreaseInOtherAccruedLiabilities,reported,
cash_flow,us-gaap:IncreaseDecreaseInAccruedIncomeTaxesPayable,Income taxes payable,9M24,-1381.0,BMY_SEC-XBRL-financials_as-presented_10-Q_2024-10-31_0000014272-24-000147.xlsx,Cash Flow,"Nine Months Ended September 30, 2024",Income taxes payable,us-gaap:IncreaseDecreaseInAccruedIncomeTaxesPayable,reported,
cash_flow,us-gaap:IncreaseDecreaseInOtherOperatingCapitalNet,Other,9M24,-101.0,BMY_SEC-XBRL-financials_as-presented_10-Q_2024-10-31_0000014272-24-000147.xlsx,Cash Flow,"Nine Months Ended September 30, 2024",Other,us-gaap:IncreaseDecreaseInOtherOperatingCapitalNet,reported,
cash_flow,us-gaap:NetCashProvidedByUsedInOperatingActivities,Net cash provided by operating activities,9M24,10751.0,BMY_SEC-XBRL-financials_as-presented_10-Q_2024-10-31_0000014272-24-000147.xlsx,Cash Flow,"Nine Months Ended September 30, 2024",Net cash provided by operating activities,us-gaap:NetCashProvidedByUsedInOperatingActivities,reported,
cash_flow,us-gaap:ProceedsFromSaleAndMaturityOfAvailableForSaleSecurities,Sale and maturities of marketable debt securities,9M24,1060.0,BMY_SEC-XBRL-financials_as-presented_10-Q_2024-10-31_0000014272-24-000147.xlsx,Cash Flow,"Nine Months Ended September 30, 2024",Sale and maturities of marketable debt securities,us-gaap:ProceedsFromSaleAndMaturityOfAvailableForSaleSecurities,reported,
cash_flow,us-gaap:PaymentsToAcquireMarketableSecurities,Purchase of marketable debt securities,9M24,-398.0,BMY_SEC-XBRL-financials_as-presented_10-Q_2024-10-31_0000014272-24-000147.xlsx,Cash Flow,"Nine Months Ended September 30, 2024",Purchase of marketable debt securities,us-gaap:PaymentsToAcquireMarketableSecurities,reported,
cash_flow,us-gaap:ProceedsFromSaleOfEquitySecuritiesFvNi,Proceeds from sales of equity investments,9M24,60.0,BMY_SEC-XBRL-financials_as-presented_10-Q_2024-10-31_0000014272-24-000147.xlsx,Cash Flow,"Nine Months Ended September 30, 2024",Proceeds from sales of equity investments,us-gaap:ProceedsFromSaleOfEquitySecuritiesFvNi,reported,
cash_flow,us-gaap:PaymentsToAcquirePropertyPlantAndEquipment,Capital expenditures,9M24,-870.0,BMY_SEC-XBRL-financials_as-presented_10-Q_2024-10-31_0000014272-24-000147.xlsx,Cash Flow,"Nine Months Ended September 30, 2024",Capital expenditures,us-gaap:PaymentsToAcquirePropertyPlantAndEquipment,reported,
cash_flow,bmy:DivestitureAndOtherProceeds,Divestiture and other proceeds,9M24,766.0,BMY_SEC-XBRL-financials_as-presented_10-Q_2024-10-31_0000014272-24-000147.xlsx,Cash Flow,"Nine Months Ended September 30, 2024",Divestiture and other proceeds,bmy:Divestitureandotherproceeds,reported,
cash_flow,us-gaap:PaymentsToAcquireBusinessesNetOfCashAcquired,"Acquisition and other payments, net of cash acquired",9M24,-21774.0,BMY_SEC-XBRL-financials_as-presented_10-Q_2024-10-31_0000014272-24-000147.xlsx,Cash Flow,"Nine Months Ended September 30, 2024","Acquisition and other payments, net of cash acquired",us-gaap:PaymentsToAcquireBusinessesNetOfCashAcquired,reported,
cash_flow,us-gaap:NetCashProvidedByUsedInInvestingActivities,Net cash provided by/(used in) investing activities,9M24,-21156.0,BMY_SEC-XBRL-financials_as-presented_10-Q_2024-10-31_0000014272-24-000147.xlsx,Cash Flow,"Nine Months Ended September 30, 2024",Net cash used in investing activities,us-gaap:NetCashProvidedByUsedInInvestingActivities,reported,
cash_flow,us-gaap:ProceedsFromIssuanceOfCommercialPaper,Proceeds from issuance of short-term debt obligations,9M24,2987.0,BMY_SEC-XBRL-financials_as-presented_10-Q_2024-10-31_0000014272-24-000147.xlsx,Cash Flow,"Nine Months Ended September 30, 2024",Proceeds from issuance of short-term debt obligations,us-gaap:ProceedsFromIssuanceOfCommercialPaper,reported,
cash_flow,us-gaap:RepaymentsOfCommercialPaper,Repayments of short-term debt obligations,9M24,-3000.0,BMY_SEC-XBRL-financials_as-presented_10-Q_2024-10-31_0000014272-24-000147.xlsx,Cash Flow,"Nine Months Ended September 30, 2024",Repayments of short-term debt obligations,us-gaap:RepaymentsOfCommercialPaper,reported,
cash_flow,us-gaap:ProceedsFromOtherShortTermDebt,"Other short-term financing obligations, net",9M24,504.0,BMY_SEC-XBRL-financials_as-presented_10-Q_2024-10-31_0000014272-24-000147.xlsx,Cash Flow,"Nine Months Ended September 30, 2024","Other short-term financing obligations, net",us-gaap:ProceedsFromOtherShortTermDebt,reported,
cash_flow,us-gaap:ProceedsFromIssuanceOfLongTermDebt,Proceeds from issuance of long-term debt,9M24,12883.0,BMY_SEC-XBRL-financials_as-presented_10-Q_2024-10-31_0000014272-24-000147.xlsx,Cash Flow,"Nine Months Ended September 30, 2024",Proceeds from issuance of long-term debt,us-gaap:ProceedsFromIssuanceOfDebt,reported,
cash_flow,us-gaap:RepaymentsOfLongTermDebt,Repayments of long-term debt,9M24,-2873.0,BMY_SEC-XBRL-financials_as-presented_10-Q_2024-10-31_0000014272-24-000147.xlsx,Cash Flow,"Nine Months Ended September 30, 2024",Repayments of long-term debt,us-gaap:RepaymentsOfLongTermDebt,reported,
cash_flow,us-gaap:PaymentsOfDividends,Dividends,9M24,-3645.0,BMY_SEC-XBRL-financials_as-presented_10-Q_2024-10-31_0000014272-24-000147.xlsx,Cash Flow,"Nine Months Ended September 30, 2024",Dividends,us-gaap:PaymentsOfDividends,reported,
cash_flow,bmy:PaymentsForProceedsFromStockOptionExercisesAndOtherAdjustments,"Stock option proceeds and other, net",9M24,-87.0,BMY_SEC-XBRL-financials_as-presented_10-Q_2024-10-31_0000014272-24-000147.xlsx,Cash Flow,"Nine Months Ended September 30, 2024","Stock option proceeds and other, net",bmy:PaymentsForProceedsFromStockOptionExercisesAndOtherAdjustments,reported,
cash_flow,us-gaap:NetCashProvidedByUsedInFinancingActivities,Net cash provided by/(used in) financing activities,9M24,6769.0,BMY_SEC-XBRL-financials_as-presented_10-Q_2024-10-31_0000014272-24-000147.xlsx,Cash Flow,"Nine Months Ended September 30, 2024",Net cash provided by/(used in) financing activities,us-gaap:NetCashProvidedByUsedInFinancingActivities,reported,
cash_flow,us-gaap:EffectOfExchangeRateOnCashCashEquivalentsRestrictedCashAndRestrictedCashEquivalents,"Effect of exchange rates on cash, cash equivalents and restricted cash",9M24,10.0,BMY_SEC-XBRL-financials_as-presented_10-Q_2024-10-31_0000014272-24-000147.xlsx,Cash Flow,"Nine Months Ended September 30, 2024","Effect of exchange rates on cash, cash equivalents and restricted cash",us-gaap:EffectOfExchangeRateOnCashCashEquivalentsRestrictedCashAndRestrictedCashEquivalents,reported,
cash_flow,us-gaap:CashCashEquivalentsRestrictedCashAndRestrictedCashEquivalentsPeriodIncreaseDecreaseIncludingExchangeRateEffect,"Increase/(decrease) in cash, cash equivalents and restricted cash",9M24,-3626.0,BMY_SEC-XBRL-financials_as-presented_10-Q_2024-10-31_0000014272-24-000147.xlsx,Cash Flow,"Nine Months Ended September 30, 2024","Decrease in cash, cash equivalents and restricted cash",us-gaap:CashCashEquivalentsRestrictedCashAndRestrictedCashEquivalentsPeriodIncreaseDecreaseIncludingExchangeRateEffect,reported,
cash_flow,us-gaap:CashCashEquivalentsRestrictedCashAndRestrictedCashEquivalents,"Cash, cash equivalents and restricted cash at beginning of period",9M24,11519.0,BMY_SEC-XBRL-financials_as-presented_10-Q_2024-10-31_0000014272-24-000147.xlsx,Cash Flow,"Nine Months Ended September 30, 2024","Cash, cash equivalents and restricted cash at beginning of period",us-gaap:CashCashEquivalentsRestrictedCashAndRestrictedCashEquivalents,reported,
income_statement,us-gaap:Revenues,Net product sales,1Q25,10886.0,BMY_SEC-XBRL-financials_as-presented_10-Q_2025-04-24_0000014272-25-000091.xlsx,Income Statement,"Three Months Ended March 31, 2025",Net product sales,us-gaap:Revenues,reported,
income_statement,us-gaap:CostOfGoodsAndServicesSold,Cost of products sold(a),1Q25,3033.0,BMY_SEC-XBRL-financials_as-presented_10-Q_2025-04-24_0000014272-25-000091.xlsx,Income Statement,"Three Months Ended March 31, 2025",Cost of products sold(a),us-gaap:CostOfGoodsAndServicesSold,reported,
income_statement,us-gaap:SellingGeneralAndAdministrativeExpense,"Selling, general and administrative",1Q25,1584.0,BMY_SEC-XBRL-financials_as-presented_10-Q_2025-04-24_0000014272-25-000091.xlsx,Income Statement,"Three Months Ended March 31, 2025","Selling, general and administrative",us-gaap:SellingGeneralAndAdministrativeExpense,reported,
income_statement,us-gaap:ResearchAndDevelopmentExpense,Research and development,1Q25,2257.0,BMY_SEC-XBRL-financials_as-presented_10-Q_2025-04-24_0000014272-25-000091.xlsx,Income Statement,"Three Months Ended March 31, 2025",Research and development,us-gaap:ResearchAndDevelopmentExpense,reported,
income_statement,bmy:AcquiredIPRD,Acquired IPRD,1Q25,188.0,BMY_SEC-XBRL-financials_as-presented_10-Q_2025-04-24_0000014272-25-000091.xlsx,Income Statement,"Three Months Ended March 31, 2025",Acquired IPRD,bmy:AcquiredIPRD,reported,
income_statement,bmy:AmortizationofAcquiredIntangibleAssets,Amortization of acquired intangible assets,1Q25,830.0,BMY_SEC-XBRL-financials_as-presented_10-Q_2025-04-24_0000014272-25-000091.xlsx,Income Statement,"Three Months Ended March 31, 2025",Amortization of acquired intangible assets,bmy:AmortizationofAcquiredIntangibleAssets,reported,
income_statement,us-gaap:OtherNonoperatingIncomeExpense,"Other (income)/expense, net",1Q25,339.0,BMY_SEC-XBRL-financials_as-presented_10-Q_2025-04-24_0000014272-25-000091.xlsx,Income Statement,"Three Months Ended March 31, 2025","Other (income)/expense, net",us-gaap:OtherNonoperatingIncomeExpense,reported,
income_statement,us-gaap:CostsAndExpenses,Total Expenses,1Q25,8230.0,BMY_SEC-XBRL-financials_as-presented_10-Q_2025-04-24_0000014272-25-000091.xlsx,Income Statement,"Three Months Ended March 31, 2025",Total Expenses,us-gaap:CostsAndExpenses,reported,
income_statement,us-gaap:IncomeLossFromContinuingOperationsBeforeIncomeTaxesExtraordinaryItemsNoncontrollingInterest,Earnings/(Loss) before income taxes,1Q25,2971.0,BMY_SEC-XBRL-financials_as-presented_10-Q_2025-04-24_0000014272-25-000091.xlsx,Income Statement,"Three Months Ended March 31, 2025",Earnings/(Loss) before income taxes,us-gaap:IncomeLossFromContinuingOperationsBeforeIncomeTaxesExtraordinaryItemsNoncontrollingInterest,reported,
income_statement,us-gaap:IncomeTaxExpenseBenefit,Income tax provision,1Q25,509.0,BMY_SEC-XBRL-financials_as-presented_10-Q_2025-04-24_0000014272-25-000091.xlsx,Income Statement,"Three Months Ended March 31, 2025",Income tax provision,us-gaap:IncomeTaxExpenseBenefit,reported,
income_statement,us-gaap:ProfitLoss,Net earnings/(loss),1Q25,2462.0,BMY_SEC-XBRL-financials_as-presented_10-Q_2025-04-24_0000014272-25-000091.xlsx,Income Statement,"Three Months Ended March 31, 2025",Net earnings/(loss),us-gaap:ProfitLoss,reported,
income_statement,us-gaap:ComprehensiveIncomeNetOfTaxAttributableToNoncontrollingInterest,Noncontrolling Interest,1Q25,6.0,BMY_SEC-XBRL-financials_as-presented_10-Q_2025-04-24_0000014272-25-000091.xlsx,Income Statement,"Three Months Ended March 31, 2025",Noncontrolling interest,us-gaap:ComprehensiveIncomeNetOfTaxAttributableToNoncontrollingInterest,reported,
income_statement,us-gaap:NetIncomeLoss,Net earnings/(loss) attributable to BMS,1Q25,2456.0,BMY_SEC-XBRL-financials_as-presented_10-Q_2025-04-24_0000014272-25-000091.xlsx,Income Statement,"Three Months Ended March 31, 2025",Net earnings/(loss) attributable to BMS,us-gaap:NetIncomeLoss,reported,
income_statement,us-gaap:EarningsPerShareBasic,Basic,1Q25,1.21,BMY_SEC-XBRL-financials_as-presented_10-Q_2025-04-24_0000014272-25-000091.xlsx,Income Statement,"Three Months Ended March 31, 2025",Basic,us-gaap:EarningsPerShareBasic,reported,
income_statement,us-gaap:EarningsPerShareDiluted,Diluted,1Q25,1.2,BMY_SEC-XBRL-financials_as-presented_10-Q_2025-04-24_0000014272-25-000091.xlsx,Income Statement,"Three Months Ended March 31, 2025",Diluted,us-gaap:EarningsPerShareDiluted,reported,
balance_sheet,us-gaap:CashAndCashEquivalentsAtCarryingValue,Cash and cash equivalents,1Q25,10875.0,BMY_SEC-XBRL-financials_as-presented_10-Q_2025-04-24_0000014272-25-000091.xlsx,Balance Sheet,"March 31,2025",Cash and cash equivalents,us-gaap:CashAndCashEquivalentsAtCarryingValue,reported,
balance_sheet,us-gaap:AvailableForSaleSecuritiesDebtSecuritiesCurrent,Marketable debt securities,1Q25,907.0,BMY_SEC-XBRL-financials_as-presented_10-Q_2025-04-24_0000014272-25-000091.xlsx,Balance Sheet,"March 31,2025",Marketable debt securities,us-gaap:AvailableForSaleSecuritiesDebtSecuritiesCurrent,reported,
balance_sheet,us-gaap:ReceivablesNetCurrent,Receivables,1Q25,10801.0,BMY_SEC-XBRL-financials_as-presented_10-Q_2025-04-24_0000014272-25-000091.xlsx,Balance Sheet,"March 31,2025",Receivables,us-gaap:ReceivablesNetCurrent,reported,
balance_sheet,us-gaap:InventoryNet,Inventories,1Q25,2666.0,BMY_SEC-XBRL-financials_as-presented_10-Q_2025-04-24_0000014272-25-000091.xlsx,Balance Sheet,"March 31,2025",Inventories,us-gaap:InventoryNet,reported,
balance_sheet,us-gaap:OtherAssetsCurrent,Other current assets,1Q25,5534.0,BMY_SEC-XBRL-financials_as-presented_10-Q_2025-04-24_0000014272-25-000091.xlsx,Balance Sheet,"March 31,2025",Other current assets,us-gaap:OtherAssetsCurrent,reported,
balance_sheet,us-gaap:AssetsCurrent,Total Current assets,1Q25,30783.0,BMY_SEC-XBRL-financials_as-presented_10-Q_2025-04-24_0000014272-25-000091.xlsx,Balance Sheet,"March 31,2025",Total Current assets,us-gaap:AssetsCurrent,reported,
balance_sheet,us-gaap:PropertyPlantAndEquipmentNet,"Property, plant and equipment",1Q25,7213.0,BMY_SEC-XBRL-financials_as-presented_10-Q_2025-04-24_0000014272-25-000091.xlsx,Balance Sheet,"March 31,2025","Property, plant and equipment",us-gaap:PropertyPlantAndEquipmentNet,reported,
balance_sheet,us-gaap:Goodwill,Goodwill,1Q25,21737.0,BMY_SEC-XBRL-financials_as-presented_10-Q_2025-04-24_0000014272-25-000091.xlsx,Balance Sheet,"March 31,2025",Goodwill,us-gaap:Goodwill,reported,
balance_sheet,us-gaap:IntangibleAssetsNetExcludingGoodwill,Other intangible assets,1Q25,22486.0,BMY_SEC-XBRL-financials_as-presented_10-Q_2025-04-24_0000014272-25-000091.xlsx,Balance Sheet,"March 31,2025",Other intangible assets,us-gaap:IntangibleAssetsNetExcludingGoodwill,reported,
balance_sheet,us-gaap:DeferredIncomeTaxAssetsNet,Deferred income taxes,1Q25,3997.0,BMY_SEC-XBRL-financials_as-presented_10-Q_2025-04-24_0000014272-25-000091.xlsx,Balance Sheet,"March 31,2025",Deferred income taxes,us-gaap:DeferredIncomeTaxAssetsNet,reported,
balance_sheet,us-gaap:AvailableForSaleSecuritiesDebtSecuritiesNoncurrent,Marketable debt securities,1Q25,344.0,BMY_SEC-XBRL-financials_as-presented_10-Q_2025-04-24_0000014272-25-000091.xlsx,Balance Sheet,"March 31,2025",Marketable debt securities,us-gaap:AvailableForSaleSecuritiesDebtSecuritiesNoncurrent,reported,
balance_sheet,us-gaap:OtherAssetsNoncurrent,Other non-current assets,1Q25,5866.0,BMY_SEC-XBRL-financials_as-presented_10-Q_2025-04-24_0000014272-25-000091.xlsx,Balance Sheet,"March 31,2025",Other non-current assets,us-gaap:OtherAssetsNoncurrent,reported,
balance_sheet,us-gaap:Assets,Total Assets,1Q25,92427.0,BMY_SEC-XBRL-financials_as-presented_10-Q_2025-04-24_0000014272-25-000091.xlsx,Balance Sheet,"March 31,2025",Total Assets,us-gaap:Assets,reported,
balance_sheet,us-gaap:DebtCurrent,Short-term debt obligations,1Q25,3554.0,BMY_SEC-XBRL-financials_as-presented_10-Q_2025-04-24_0000014272-25-000091.xlsx,Balance Sheet,"March 31,2025",Short-term debt obligations,us-gaap:DebtCurrent,reported,
balance_sheet,us-gaap:AccountsPayableCurrent,Accounts payable,1Q25,4002.0,BMY_SEC-XBRL-financials_as-presented_10-Q_2025-04-24_0000014272-25-000091.xlsx,Balance Sheet,"March 31,2025",Accounts payable,us-gaap:AccountsPayableCurrent,reported,
balance_sheet,us-gaap:OtherLiabilitiesCurrent,Other current liabilities,1Q25,16514.0,BMY_SEC-XBRL-financials_as-presented_10-Q_2025-04-24_0000014272-25-000091.xlsx,Balance Sheet,"March 31,2025",Other current liabilities,us-gaap:OtherLiabilitiesCurrent,reported,
balance_sheet,us-gaap:LiabilitiesCurrent,Total Current liabilities,1Q25,24070.0,BMY_SEC-XBRL-financials_as-presented_10-Q_2025-04-24_0000014272-25-000091.xlsx,Balance Sheet,"March 31,2025",Total Current liabilities,us-gaap:LiabilitiesCurrent,reported,
balance_sheet,us-gaap:DeferredIncomeTaxLiabilitiesNet,Deferred income taxes,1Q25,276.0,BMY_SEC-XBRL-financials_as-presented_10-Q_2025-04-24_0000014272-25-000091.xlsx,Balance Sheet,"March 31,2025",Deferred income taxes,us-gaap:DeferredIncomeTaxLiabilitiesNet,reported,
balance_sheet,us-gaap:LongTermDebtNoncurrent,Long-term debt,1Q25,46157.0,BMY_SEC-XBRL-financials_as-presented_10-Q_2025-04-24_0000014272-25-000091.xlsx,Balance Sheet,"March 31,2025",Long-term debt,us-gaap:LongTermDebtNoncurrent,reported,
balance_sheet,us-gaap:OtherLiabilitiesNoncurrent,Other non-current liabilities,1Q25,4477.0,BMY_SEC-XBRL-financials_as-presented_10-Q_2025-04-24_0000014272-25-000091.xlsx,Balance Sheet,"March 31,2025",Other non-current liabilities,us-gaap:OtherLiabilitiesNoncurrent,reported,
balance_sheet,us-gaap:Liabilities,Total Liabilities,1Q25,74979.0,BMY_SEC-XBRL-financials_as-presented_10-Q_2025-04-24_0000014272-25-000091.xlsx,Balance Sheet,"March 31,2025",Total Liabilities,us-gaap:Liabilities,reported,
balance_sheet,us-gaap:CommonStockValueOutstanding,Common stock,1Q25,292.0,BMY_SEC-XBRL-financials_as-presented_10-Q_2025-04-24_0000014272-25-000091.xlsx,Balance Sheet,"March 31,2025",Common stock,us-gaap:CommonStockValueOutstanding,reported,
balance_sheet,us-gaap:AdditionalPaidInCapital,Capital in excess of par value of stock,1Q25,46011.0,BMY_SEC-XBRL-financials_as-presented_10-Q_2025-04-24_0000014272-25-000091.xlsx,Balance Sheet,"March 31,2025",Capital in excess of par value of stock,us-gaap:AdditionalPaidInCapital,reported,
balance_sheet,us-gaap:AccumulatedOtherComprehensiveIncomeLossNetOfTax,Accumulated other comprehensive loss,1Q25,-1424.0,BMY_SEC-XBRL-financials_as-presented_10-Q_2025-04-24_0000014272-25-000091.xlsx,Balance Sheet,"March 31,2025",Accumulated other comprehensive loss,us-gaap:AccumulatedOtherComprehensiveIncomeLossNetOfTax,reported,
balance_sheet,us-gaap:RetainedEarningsAccumulatedDeficit,Retained earnings,1Q25,16106.0,BMY_SEC-XBRL-financials_as-presented_10-Q_2025-04-24_0000014272-25-000091.xlsx,Balance Sheet,"March 31,2025",Retained earnings,us-gaap:RetainedEarningsAccumulatedDeficit,reported,
balance_sheet,us-gaap:TreasuryStockCommonValue,Less cost of treasury stock,1Q25,-43597.0,BMY_SEC-XBRL-financials_as-presented_10-Q_2025-04-24_0000014272-25-000091.xlsx,Balance Sheet,"March 31,2025",Less cost of treasury stock,us-gaap:TreasuryStockCommonValue,reported,
balance_sheet,us-gaap:StockholdersEquity,Total BMS Shareholders’ Equity,1Q25,17389.0,BMY_SEC-XBRL-financials_as-presented_10-Q_2025-04-24_0000014272-25-000091.xlsx,Balance Sheet,"March 31,2025",Total BMS Shareholders’ equity,us-gaap:StockholdersEquity,reported,
balance_sheet,us-gaap:MinorityInterest,Noncontrolling interest,1Q25,59.0,BMY_SEC-XBRL-financials_as-presented_10-Q_2025-04-24_0000014272-25-000091.xlsx,Balance Sheet,"March 31,2025",Noncontrolling interest,us-gaap:MinorityInterest,reported,
balance_sheet,us-gaap:StockholdersEquityIncludingPortionAttributableToNoncontrollingInterest,Total Equity,1Q25,17448.0,BMY_SEC-XBRL-financials_as-presented_10-Q_2025-04-24_0000014272-25-000091.xlsx,Balance Sheet,"March 31,2025",Total Equity,us-gaap:StockholdersEquityIncludingPortionAttributableToNoncontrollingInterest,reported,
balance_sheet,us-gaap:LiabilitiesAndStockholdersEquity,Total Liabilities and Equity,1Q25,92427.0,BMY_SEC-XBRL-financials_as-presented_10-Q_2025-04-24_0000014272-25-000091.xlsx,Balance Sheet,"March 31,2025",Total Liabilities and Equity,us-gaap:LiabilitiesAndStockholdersEquity,reported,
cash_flow,us-gaap:ProfitLoss,Net earnings/(loss),1Q25,2462.0,BMY_SEC-XBRL-financials_as-presented_10-Q_2025-04-24_0000014272-25-000091.xlsx,Cash Flow,"Three Months Ended March 31, 2025",Net earnings/(loss),us-gaap:ProfitLoss,reported,
cash_flow,us-gaap:DepreciationDepletionAndAmortization,"Depreciation and amortization, net",1Q25,1012.0,BMY_SEC-XBRL-financials_as-presented_10-Q_2025-04-24_0000014272-25-000091.xlsx,Cash Flow,"Three Months Ended March 31, 2025","Depreciation and amortization, net",us-gaap:DepreciationDepletionAndAmortization,reported,
cash_flow,us-gaap:DeferredIncomeTaxExpenseBenefit,Deferred income taxes,1Q25,223.0,BMY_SEC-XBRL-financials_as-presented_10-Q_2025-04-24_0000014272-25-000091.xlsx,Cash Flow,"Three Months Ended March 31, 2025",Deferred income taxes,us-gaap:DeferredIncomeTaxExpenseBenefit,reported,
cash_flow,us-gaap:ShareBasedCompensation,Stock-based compensation,1Q25,144.0,BMY_SEC-XBRL-financials_as-presented_10-Q_2025-04-24_0000014272-25-000091.xlsx,Cash Flow,"Three Months Ended March 31, 2025",Stock-based compensation,us-gaap:ShareBasedCompensation,reported,
cash_flow,bmy:DivestitureGainsAndRoyalties,Divestiture gains and royalties,1Q25,-292.0,BMY_SEC-XBRL-financials_as-presented_10-Q_2025-04-24_0000014272-25-000091.xlsx,Cash Flow,"Three Months Ended March 31, 2025",Divestiture gains and royalties,bmy:Divestituregainsandroyalties,reported,
cash_flow,bmy:AcquiredIPRD,Acquired IPRD,1Q25,188.0,BMY_SEC-XBRL-financials_as-presented_10-Q_2025-04-24_0000014272-25-000091.xlsx,Cash Flow,"Three Months Ended March 31, 2025",Acquired IPRD,bmy:AcquiredIPRD,reported,
cash_flow,us-gaap:EquityMethodInvestmentRealizedGainLossOnDisposal,"Equity investment (gains)/losses, net",1Q25,78.0,BMY_SEC-XBRL-financials_as-presented_10-Q_2025-04-24_0000014272-25-000091.xlsx,Cash Flow,"Three Months Ended March 31, 2025","Equity investment (gains)/losses, net",us-gaap:EquityMethodInvestmentRealizedGainLossOnDisposal,reported,
cash_flow,us-gaap:OtherNoncashIncomeExpense,Other adjustments,1Q25,10.0,BMY_SEC-XBRL-financials_as-presented_10-Q_2025-04-24_0000014272-25-000091.xlsx,Cash Flow,"Three Months Ended March 31, 2025",Other adjustments,us-gaap:OtherNoncashIncomeExpense,reported,
cash_flow,us-gaap:IncreaseDecreaseInReceivables,Receivables,1Q25,15.0,BMY_SEC-XBRL-financials_as-presented_10-Q_2025-04-24_0000014272-25-000091.xlsx,Cash Flow,"Three Months Ended March 31, 2025",Receivables,us-gaap:IncreaseDecreaseInReceivables,reported,
cash_flow,us-gaap:IncreaseDecreaseInInventories,Inventories,1Q25,-169.0,BMY_SEC-XBRL-financials_as-presented_10-Q_2025-04-24_0000014272-25-000091.xlsx,Cash Flow,"Three Months Ended March 31, 2025",Inventories,us-gaap:IncreaseDecreaseInInventories,reported,
cash_flow,us-gaap:IncreaseDecreaseInAccountsPayable,Accounts payable,1Q25,-85.0,BMY_SEC-XBRL-financials_as-presented_10-Q_2025-04-24_0000014272-25-000091.xlsx,Cash Flow,"Three Months Ended March 31, 2025",Accounts payable,us-gaap:IncreaseDecreaseInAccountsPayable,reported,
cash_flow,us-gaap:IncreaseDecreaseInOtherAccruedLiabilities,Rebates and discounts,1Q25,-627.0,BMY_SEC-XBRL-financials_as-presented_10-Q_2025-04-24_0000014272-25-000091.xlsx,Cash Flow,"Three Months Ended March 31, 2025",Rebates and discounts,us-gaap:IncreaseDecreaseInOtherAccruedLiabilities,reported,
cash_flow,us-gaap:IncreaseDecreaseInAccruedIncomeTaxesPayable,Income taxes payable,1Q25,54.0,BMY_SEC-XBRL-financials_as-presented_10-Q_2025-04-24_0000014272-25-000091.xlsx,Cash Flow,"Three Months Ended March 31, 2025",Income taxes payable,us-gaap:IncreaseDecreaseInAccruedIncomeTaxesPayable,reported,
cash_flow,us-gaap:IncreaseDecreaseInOtherOperatingCapitalNet,Other,1Q25,-1059.0,BMY_SEC-XBRL-financials_as-presented_10-Q_2025-04-24_0000014272-25-000091.xlsx,Cash Flow,"Three Months Ended March 31, 2025",Other,us-gaap:IncreaseDecreaseInOtherOperatingCapitalNet,reported,
cash_flow,us-gaap:NetCashProvidedByUsedInOperatingActivities,Net cash provided by operating activities,1Q25,1954.0,BMY_SEC-XBRL-financials_as-presented_10-Q_2025-04-24_0000014272-25-000091.xlsx,Cash Flow,"Three Months Ended March 31, 2025",Net cash provided by operating activities,us-gaap:NetCashProvidedByUsedInOperatingActivities,reported,
cash_flow,us-gaap:ProceedsFromSaleAndMaturityOfAvailableForSaleSecurities,Sale and maturities of marketable debt securities,1Q25,220.0,BMY_SEC-XBRL-financials_as-presented_10-Q_2025-04-24_0000014272-25-000091.xlsx,Cash Flow,"Three Months Ended March 31, 2025",Sale and maturities of marketable debt securities,us-gaap:ProceedsFromSaleAndMaturityOfAvailableForSaleSecurities,reported,
cash_flow,us-gaap:PaymentsToAcquireMarketableSecurities,Purchase of marketable debt securities,1Q25,-636.0,BMY_SEC-XBRL-financials_as-presented_10-Q_2025-04-24_0000014272-25-000091.xlsx,Cash Flow,"Three Months Ended March 31, 2025",Purchase of marketable debt securities,us-gaap:PaymentsToAcquireMarketableSecurities,reported,
cash_flow,us-gaap:ProceedsFromSaleOfEquitySecuritiesFvNi,Proceeds from sales of equity investments,1Q25,12.0,BMY_SEC-XBRL-financials_as-presented_10-Q_2025-04-24_0000014272-25-000091.xlsx,Cash Flow,"Three Months Ended March 31, 2025",Proceeds from sales of equity investments,us-gaap:ProceedsFromSaleOfEquitySecuritiesFvNi,reported,
cash_flow,us-gaap:PaymentsToAcquirePropertyPlantAndEquipment,Capital expenditures,1Q25,-260.0,BMY_SEC-XBRL-financials_as-presented_10-Q_2025-04-24_0000014272-25-000091.xlsx,Cash Flow,"Three Months Ended March 31, 2025",Capital expenditures,us-gaap:PaymentsToAcquirePropertyPlantAndEquipment,reported,
cash_flow,bmy:DivestitureAndOtherProceeds,Divestiture and other proceeds,1Q25,243.0,BMY_SEC-XBRL-financials_as-presented_10-Q_2025-04-24_0000014272-25-000091.xlsx,Cash Flow,"Three Months Ended March 31, 2025",Divestiture and other proceeds,bmy:Divestitureandotherproceeds,reported,
cash_flow,us-gaap:PaymentsToAcquireBusinessesNetOfCashAcquired,"Acquisition and other payments, net of cash acquired",1Q25,-78.0,BMY_SEC-XBRL-financials_as-presented_10-Q_2025-04-24_0000014272-25-000091.xlsx,Cash Flow,"Three Months Ended March 31, 2025","Acquisition and other payments, net of cash acquired",us-gaap:PaymentsToAcquireBusinessesNetOfCashAcquired,reported,
cash_flow,us-gaap:NetCashProvidedByUsedInInvestingActivities,Net cash provided by/(used in) investing activities,1Q25,-499.0,BMY_SEC-XBRL-financials_as-presented_10-Q_2025-04-24_0000014272-25-000091.xlsx,Cash Flow,"Three Months Ended March 31, 2025",Net cash used in investing activities,us-gaap:NetCashProvidedByUsedInInvestingActivities,reported,
cash_flow,us-gaap:ProceedsFromOtherShortTermDebt,"Other short-term financing obligations, net",1Q25,368.0,BMY_SEC-XBRL-financials_as-presented_10-Q_2025-04-24_0000014272-25-000091.xlsx,Cash Flow,"Three Months Ended March 31, 2025","Other short-term financing obligations, net",us-gaap:ProceedsFromOtherShortTermDebt,reported,
cash_flow,us-gaap:PaymentsOfDividends,Dividends,1Q25,-1258.0,BMY_SEC-XBRL-financials_as-presented_10-Q_2025-04-24_0000014272-25-000091.xlsx,Cash Flow,"Three Months Ended March 31, 2025",Dividends,us-gaap:PaymentsOfDividends,reported,
cash_flow,bmy:PaymentsForProceedsFromStockOptionExercisesAndOtherAdjustments,"Stock option proceeds and other, net",1Q25,-103.0,BMY_SEC-XBRL-financials_as-presented_10-Q_2025-04-24_0000014272-25-000091.xlsx,Cash Flow,"Three Months Ended March 31, 2025","Stock option proceeds and other, net",bmy:PaymentsForProceedsFromStockOptionExercisesAndOtherAdjustments,reported,
cash_flow,us-gaap:NetCashProvidedByUsedInFinancingActivities,Net cash provided by/(used in) financing activities,1Q25,-993.0,BMY_SEC-XBRL-financials_as-presented_10-Q_2025-04-24_0000014272-25-000091.xlsx,Cash Flow,"Three Months Ended March 31, 2025",Net cash (used in)/provided by financing activities,us-gaap:NetCashProvidedByUsedInFinancingActivities,reported,
cash_flow,us-gaap:EffectOfExchangeRateOnCashCashEquivalentsRestrictedCashAndRestrictedCashEquivalents,"Effect of exchange rates on cash, cash equivalents and restricted cash",1Q25,66.0,BMY_SEC-XBRL-financials_as-presented_10-Q_2025-04-24_0000014272-25-000091.xlsx,Cash Flow,"Three Months Ended March 31, 2025","Effect of exchange rates on cash, cash equivalents and restricted cash",us-gaap:EffectOfExchangeRateOnCashCashEquivalentsRestrictedCashAndRestrictedCashEquivalents,reported,
cash_flow,us-gaap:CashCashEquivalentsRestrictedCashAndRestrictedCashEquivalentsPeriodIncreaseDecreaseIncludingExchangeRateEffect,"Increase/(decrease) in cash, cash equivalents and restricted cash",1Q25,528.0,BMY_SEC-XBRL-financials_as-presented_10-Q_2025-04-24_0000014272-25-000091.xlsx,Cash Flow,"Three Months Ended March 31, 2025","Increase/(decrease) in cash, cash equivalents and restricted cash",us-gaap:CashCashEquivalentsRestrictedCashAndRestrictedCashEquivalentsPeriodIncreaseDecreaseIncludingExchangeRateEffect,reported,
cash_flow,us-gaap:CashCashEquivalentsRestrictedCashAndRestrictedCashEquivalents,"Cash, cash equivalents and restricted cash at beginning of period",1Q25,10347.0,BMY_SEC-XBRL-financials_as-presented_10-Q_2025-04-24_0000014272-25-000091.xlsx,Cash Flow,"Three Months Ended March 31, 2025","Cash, cash equivalents and restricted cash at beginning of period",us-gaap:CashCashEquivalentsRestrictedCashAndRestrictedCashEquivalents,reported,
income_statement,us-gaap:Revenues,Net product sales,2Q25,11909.0,BMY_SEC-XBRL-financials_as-presented_10-Q_2025-07-31_0000014272-25-000131.xlsx,Income Statement,"Three Months Ended June 30, 2025",Net product sales,us-gaap:Revenues,reported,
income_statement,us-gaap:Revenues,Net product sales,6M25,22794.0,BMY_SEC-XBRL-financials_as-presented_10-Q_2025-07-31_0000014272-25-000131.xlsx,Income Statement,"Six Months Ended June 30, 2025",Net product sales,us-gaap:Revenues,reported,
income_statement,us-gaap:CostOfGoodsAndServicesSold,Cost of products sold(a),2Q25,3372.0,BMY_SEC-XBRL-financials_as-presented_10-Q_2025-07-31_0000014272-25-000131.xlsx,Income Statement,"Three Months Ended June 30, 2025",Cost of products sold(a),us-gaap:CostOfGoodsAndServicesSold,reported,
income_statement,us-gaap:CostOfGoodsAndServicesSold,Cost of products sold(a),6M25,6404.0,BMY_SEC-XBRL-financials_as-presented_10-Q_2025-07-31_0000014272-25-000131.xlsx,Income Statement,"Six Months Ended June 30, 2025",Cost of products sold(a),us-gaap:CostOfGoodsAndServicesSold,reported,
income_statement,us-gaap:SellingGeneralAndAdministrativeExpense,"Selling, general and administrative",2Q25,1713.0,BMY_SEC-XBRL-financials_as-presented_10-Q_2025-07-31_0000014272-25-000131.xlsx,Income Statement,"Three Months Ended June 30, 2025","Selling, general and administrative",us-gaap:SellingGeneralAndAdministrativeExpense,reported,
income_statement,us-gaap:SellingGeneralAndAdministrativeExpense,"Selling, general and administrative",6M25,3297.0,BMY_SEC-XBRL-financials_as-presented_10-Q_2025-07-31_0000014272-25-000131.xlsx,Income Statement,"Six Months Ended June 30, 2025","Selling, general and administrative",us-gaap:SellingGeneralAndAdministrativeExpense,reported,
income_statement,us-gaap:ResearchAndDevelopmentExpense,Research and development,2Q25,2580.0,BMY_SEC-XBRL-financials_as-presented_10-Q_2025-07-31_0000014272-25-000131.xlsx,Income Statement,"Three Months Ended June 30, 2025",Research and development,us-gaap:ResearchAndDevelopmentExpense,reported,
income_statement,us-gaap:ResearchAndDevelopmentExpense,Research and development,6M25,4837.0,BMY_SEC-XBRL-financials_as-presented_10-Q_2025-07-31_0000014272-25-000131.xlsx,Income Statement,"Six Months Ended June 30, 2025",Research and development,us-gaap:ResearchAndDevelopmentExpense,reported,
income_statement,bmy:AcquiredIPRD,Acquired IPRD,2Q25,1508.0,BMY_SEC-XBRL-financials_as-presented_10-Q_2025-07-31_0000014272-25-000131.xlsx,Income Statement,"Three Months Ended June 30, 2025",Acquired IPRD,bmy:AcquiredIPRD,reported,
income_statement,bmy:AcquiredIPRD,Acquired IPRD,6M25,1695.0,BMY_SEC-XBRL-financials_as-presented_10-Q_2025-07-31_0000014272-25-000131.xlsx,Income Statement,"Six Months Ended June 30, 2025",Acquired IPRD,bmy:AcquiredIPRD,reported,
income_statement,bmy:AmortizationofAcquiredIntangibleAssets,Amortization of acquired intangible assets,2Q25,830.0,BMY_SEC-XBRL-financials_as-presented_10-Q_2025-07-31_0000014272-25-000131.xlsx,Income Statement,"Three Months Ended June 30, 2025",Amortization of acquired intangible assets,bmy:AmortizationofAcquiredIntangibleAssets,reported,
income_statement,bmy:AmortizationofAcquiredIntangibleAssets,Amortization of acquired intangible assets,6M25,1660.0,BMY_SEC-XBRL-financials_as-presented_10-Q_2025-07-31_0000014272-25-000131.xlsx,Income Statement,"Six Months Ended June 30, 2025",Amortization of acquired intangible assets,bmy:AmortizationofAcquiredIntangibleAssets,reported,
income_statement,us-gaap:OtherNonoperatingIncomeExpense,"Other (income)/expense, net",2Q25,494.0,BMY_SEC-XBRL-financials_as-presented_10-Q_2025-07-31_0000014272-25-000131.xlsx,Income Statement,"Three Months Ended June 30, 2025","Other (income)/expense, net",us-gaap:OtherNonoperatingIncomeExpense,reported,
income_statement,us-gaap:OtherNonoperatingIncomeExpense,"Other (income)/expense, net",6M25,833.0,BMY_SEC-XBRL-financials_as-presented_10-Q_2025-07-31_0000014272-25-000131.xlsx,Income Statement,"Six Months Ended June 30, 2025","Other (income)/expense, net",us-gaap:OtherNonoperatingIncomeExpense,reported,
income_statement,us-gaap:CostsAndExpenses,Total Expenses,2Q25,10496.0,BMY_SEC-XBRL-financials_as-presented_10-Q_2025-07-31_0000014272-25-000131.xlsx,Income Statement,"Three Months Ended June 30, 2025",Total Expenses,us-gaap:CostsAndExpenses,reported,
income_statement,us-gaap:CostsAndExpenses,Total Expenses,6M25,18726.0,BMY_SEC-XBRL-financials_as-presented_10-Q_2025-07-31_0000014272-25-000131.xlsx,Income Statement,"Six Months Ended June 30, 2025",Total Expenses,us-gaap:CostsAndExpenses,reported,
income_statement,us-gaap:IncomeLossFromContinuingOperationsBeforeIncomeTaxesExtraordinaryItemsNoncontrollingInterest,Earnings/(Loss) before income taxes,2Q25,1773.0,BMY_SEC-XBRL-financials_as-presented_10-Q_2025-07-31_0000014272-25-000131.xlsx,Income Statement,"Three Months Ended June 30, 2025",Earnings/(Loss) before income taxes,us-gaap:IncomeLossFromContinuingOperationsBeforeIncomeTaxesExtraordinaryItemsNoncontrollingInterest,reported,
income_statement,us-gaap:IncomeLossFromContinuingOperationsBeforeIncomeTaxesExtraordinaryItemsNoncontrollingInterest,Earnings/(Loss) before income taxes,6M25,4744.0,BMY_SEC-XBRL-financials_as-presented_10-Q_2025-07-31_0000014272-25-000131.xlsx,Income Statement,"Six Months Ended June 30, 2025",Earnings/(Loss) before income taxes,us-gaap:IncomeLossFromContinuingOperationsBeforeIncomeTaxesExtraordinaryItemsNoncontrollingInterest,reported,
income_statement,us-gaap:IncomeTaxExpenseBenefit,Income tax provision,2Q25,460.0,BMY_SEC-XBRL-financials_as-presented_10-Q_2025-07-31_0000014272-25-000131.xlsx,Income Statement,"Three Months Ended June 30, 2025",Income tax provision/(benefit),us-gaap:IncomeTaxExpenseBenefit,reported,
income_statement,us-gaap:IncomeTaxExpenseBenefit,Income tax provision,6M25,969.0,BMY_SEC-XBRL-financials_as-presented_10-Q_2025-07-31_0000014272-25-000131.xlsx,Income Statement,"Six Months Ended June 30, 2025",Income tax provision/(benefit),us-gaap:IncomeTaxExpenseBenefit,reported,
income_statement,us-gaap:ProfitLoss,Net earnings/(loss),2Q25,1313.0,BMY_SEC-XBRL-financials_as-presented_10-Q_2025-07-31_0000014272-25-000131.xlsx,Income Statement,"Three Months Ended June 30, 2025",Net earnings/(loss),us-gaap:ProfitLoss,reported,
income_statement,us-gaap:ProfitLoss,Net earnings/(loss),6M25,3775.0,BMY_SEC-XBRL-financials_as-presented_10-Q_2025-07-31_0000014272-25-000131.xlsx,Income Statement,"Six Months Ended June 30, 2025",Net earnings/(loss),us-gaap:ProfitLoss,reported,
income_statement,us-gaap:ComprehensiveIncomeNetOfTaxAttributableToNoncontrollingInterest,Noncontrolling Interest,2Q25,2.0,BMY_SEC-XBRL-financials_as-presented_10-Q_2025-07-31_0000014272-25-000131.xlsx,Income Statement,"Three Months Ended June 30, 2025",Noncontrolling interest,us-gaap:ComprehensiveIncomeNetOfTaxAttributableToNoncontrollingInterest,reported,
income_statement,us-gaap:ComprehensiveIncomeNetOfTaxAttributableToNoncontrollingInterest,Noncontrolling Interest,6M25,9.0,BMY_SEC-XBRL-financials_as-presented_10-Q_2025-07-31_0000014272-25-000131.xlsx,Income Statement,"Six Months Ended June 30, 2025",Noncontrolling interest,us-gaap:ComprehensiveIncomeNetOfTaxAttributableToNoncontrollingInterest,reported,
income_statement,us-gaap:NetIncomeLoss,Net earnings/(loss) attributable to BMS,2Q25,1310.0,BMY_SEC-XBRL-financials_as-presented_10-Q_2025-07-31_0000014272-25-000131.xlsx,Income Statement,"Three Months Ended June 30, 2025",Net earnings/(loss) attributable to BMS,us-gaap:NetIncomeLoss,reported,
income_statement,us-gaap:NetIncomeLoss,Net earnings/(loss) attributable to BMS,6M25,3766.0,BMY_SEC-XBRL-financials_as-presented_10-Q_2025-07-31_0000014272-25-000131.xlsx,Income Statement,"Six Months Ended June 30, 2025",Net earnings/(loss) attributable to BMS,us-gaap:NetIncomeLoss,reported,
income_statement,us-gaap:EarningsPerShareBasic,Basic,2Q25,0.64,BMY_SEC-XBRL-financials_as-presented_10-Q_2025-07-31_0000014272-25-000131.xlsx,Income Statement,"Three Months Ended June 30, 2025",Basic,us-gaap:EarningsPerShareBasic,reported,
income_statement,us-gaap:EarningsPerShareBasic,Basic,6M25,1.85,BMY_SEC-XBRL-financials_as-presented_10-Q_2025-07-31_0000014272-25-000131.xlsx,Income Statement,"Six Months Ended June 30, 2025",Basic,us-gaap:EarningsPerShareBasic,reported,
income_statement,us-gaap:EarningsPerShareDiluted,Diluted,2Q25,0.64,BMY_SEC-XBRL-financials_as-presented_10-Q_2025-07-31_0000014272-25-000131.xlsx,Income Statement,"Three Months Ended June 30, 2025",Diluted,us-gaap:EarningsPerShareDiluted,reported,
income_statement,us-gaap:EarningsPerShareDiluted,Diluted,6M25,1.85,BMY_SEC-XBRL-financials_as-presented_10-Q_2025-07-31_0000014272-25-000131.xlsx,Income Statement,"Six Months Ended June 30, 2025",Diluted,us-gaap:EarningsPerShareDiluted,reported,
balance_sheet,us-gaap:CashAndCashEquivalentsAtCarryingValue,Cash and cash equivalents,2Q25,12599.0,BMY_SEC-XBRL-financials_as-presented_10-Q_2025-07-31_0000014272-25-000131.xlsx,Balance Sheet,"June 30,2025",Cash and cash equivalents,us-gaap:CashAndCashEquivalentsAtCarryingValue,reported,
balance_sheet,us-gaap:AvailableForSaleSecuritiesDebtSecuritiesCurrent,Marketable debt securities,2Q25,1004.0,BMY_SEC-XBRL-financials_as-presented_10-Q_2025-07-31_0000014272-25-000131.xlsx,Balance Sheet,"June 30,2025",Marketable debt securities,us-gaap:AvailableForSaleSecuritiesDebtSecuritiesCurrent,reported,
balance_sheet,us-gaap:ReceivablesNetCurrent,Receivables,2Q25,11415.0,BMY_SEC-XBRL-financials_as-presented_10-Q_2025-07-31_0000014272-25-000131.xlsx,Balance Sheet,"June 30,2025",Receivables,us-gaap:ReceivablesNetCurrent,reported,
balance_sheet,us-gaap:InventoryNet,Inventories,2Q25,2737.0,BMY_SEC-XBRL-financials_as-presented_10-Q_2025-07-31_0000014272-25-000131.xlsx,Balance Sheet,"June 30,2025",Inventories,us-gaap:InventoryNet,reported,
balance_sheet,us-gaap:OtherAssetsCurrent,Other current assets,2Q25,5466.0,BMY_SEC-XBRL-financials_as-presented_10-Q_2025-07-31_0000014272-25-000131.xlsx,Balance Sheet,"June 30,2025",Other current assets,us-gaap:OtherAssetsCurrent,reported,
balance_sheet,us-gaap:AssetsCurrent,Total Current assets,2Q25,33222.0,BMY_SEC-XBRL-financials_as-presented_10-Q_2025-07-31_0000014272-25-000131.xlsx,Balance Sheet,"June 30,2025",Total Current assets,us-gaap:AssetsCurrent,reported,
balance_sheet,us-gaap:PropertyPlantAndEquipmentNet,"Property, plant and equipment",2Q25,7373.0,BMY_SEC-XBRL-financials_as-presented_10-Q_2025-07-31_0000014272-25-000131.xlsx,Balance Sheet,"June 30,2025","Property, plant and equipment",us-gaap:PropertyPlantAndEquipmentNet,reported,
balance_sheet,us-gaap:Goodwill,Goodwill,2Q25,21776.0,BMY_SEC-XBRL-financials_as-presented_10-Q_2025-07-31_0000014272-25-000131.xlsx,Balance Sheet,"June 30,2025",Goodwill,us-gaap:Goodwill,reported,
balance_sheet,us-gaap:IntangibleAssetsNetExcludingGoodwill,Other intangible assets,2Q25,21378.0,BMY_SEC-XBRL-financials_as-presented_10-Q_2025-07-31_0000014272-25-000131.xlsx,Balance Sheet,"June 30,2025",Other intangible assets,us-gaap:IntangibleAssetsNetExcludingGoodwill,reported,
balance_sheet,us-gaap:DeferredIncomeTaxAssetsNet,Deferred income taxes,2Q25,4647.0,BMY_SEC-XBRL-financials_as-presented_10-Q_2025-07-31_0000014272-25-000131.xlsx,Balance Sheet,"June 30,2025",Deferred income taxes,us-gaap:DeferredIncomeTaxAssetsNet,reported,
balance_sheet,us-gaap:AvailableForSaleSecuritiesDebtSecuritiesNoncurrent,Marketable debt securities,2Q25,346.0,BMY_SEC-XBRL-financials_as-presented_10-Q_2025-07-31_0000014272-25-000131.xlsx,Balance Sheet,"June 30,2025",Marketable debt securities,us-gaap:AvailableForSaleSecuritiesDebtSecuritiesNoncurrent,reported,
balance_sheet,us-gaap:OtherAssetsNoncurrent,Other non-current assets,2Q25,5936.0,BMY_SEC-XBRL-financials_as-presented_10-Q_2025-07-31_0000014272-25-000131.xlsx,Balance Sheet,"June 30,2025",Other non-current assets,us-gaap:OtherAssetsNoncurrent,reported,
balance_sheet,us-gaap:Assets,Total Assets,2Q25,94676.0,BMY_SEC-XBRL-financials_as-presented_10-Q_2025-07-31_0000014272-25-000131.xlsx,Balance Sheet,"June 30,2025",Total Assets,us-gaap:Assets,reported,
balance_sheet,us-gaap:DebtCurrent,Short-term debt obligations,2Q25,4715.0,BMY_SEC-XBRL-financials_as-presented_10-Q_2025-07-31_0000014272-25-000131.xlsx,Balance Sheet,"June 30,2025",Short-term debt obligations,us-gaap:DebtCurrent,reported,
balance_sheet,us-gaap:AccountsPayableCurrent,Accounts payable,2Q25,5427.0,BMY_SEC-XBRL-financials_as-presented_10-Q_2025-07-31_0000014272-25-000131.xlsx,Balance Sheet,"June 30,2025",Accounts payable,us-gaap:AccountsPayableCurrent,reported,
balance_sheet,us-gaap:OtherLiabilitiesCurrent,Other current liabilities,2Q25,17386.0,BMY_SEC-XBRL-financials_as-presented_10-Q_2025-07-31_0000014272-25-000131.xlsx,Balance Sheet,"June 30,2025",Other current liabilities,us-gaap:OtherLiabilitiesCurrent,reported,
balance_sheet,us-gaap:LiabilitiesCurrent,Total Current liabilities,2Q25,27528.0,BMY_SEC-XBRL-financials_as-presented_10-Q_2025-07-31_0000014272-25-000131.xlsx,Balance Sheet,"June 30,2025",Total Current liabilities,us-gaap:LiabilitiesCurrent,reported,
balance_sheet,us-gaap:DeferredIncomeTaxLiabilitiesNet,Deferred income taxes,2Q25,247.0,BMY_SEC-XBRL-financials_as-presented_10-Q_2025-07-31_0000014272-25-000131.xlsx,Balance Sheet,"June 30,2025",Deferred income taxes,us-gaap:DeferredIncomeTaxLiabilitiesNet,reported,
balance_sheet,us-gaap:LongTermDebtNoncurrent,Long-term debt,2Q25,44470.0,BMY_SEC-XBRL-financials_as-presented_10-Q_2025-07-31_0000014272-25-000131.xlsx,Balance Sheet,"June 30,2025",Long-term debt,us-gaap:LongTermDebtNoncurrent,reported,
balance_sheet,us-gaap:OtherLiabilitiesNoncurrent,Other non-current liabilities,2Q25,4942.0,BMY_SEC-XBRL-financials_as-presented_10-Q_2025-07-31_0000014272-25-000131.xlsx,Balance Sheet,"June 30,2025",Other non-current liabilities,us-gaap:OtherLiabilitiesNoncurrent,reported,
balance_sheet,us-gaap:Liabilities,Total Liabilities,2Q25,77187.0,BMY_SEC-XBRL-financials_as-presented_10-Q_2025-07-31_0000014272-25-000131.xlsx,Balance Sheet,"June 30,2025",Total Liabilities,us-gaap:Liabilities,reported,
balance_sheet,us-gaap:CommonStockValueOutstanding,Common stock,2Q25,292.0,BMY_SEC-XBRL-financials_as-presented_10-Q_2025-07-31_0000014272-25-000131.xlsx,Balance Sheet,"June 30,2025",Common stock,us-gaap:CommonStockValueOutstanding,reported,
balance_sheet,us-gaap:AdditionalPaidInCapital,Capital in excess of par value of stock,2Q25,46134.0,BMY_SEC-XBRL-financials_as-presented_10-Q_2025-07-31_0000014272-25-000131.xlsx,Balance Sheet,"June 30,2025",Capital in excess of par value of stock,us-gaap:AdditionalPaidInCapital,reported,
balance_sheet,us-gaap:AccumulatedOtherComprehensiveIncomeLossNetOfTax,Accumulated other comprehensive loss,2Q25,-1554.0,BMY_SEC-XBRL-financials_as-presented_10-Q_2025-07-31_0000014272-25-000131.xlsx,Balance Sheet,"June 30,2025",Accumulated other comprehensive loss,us-gaap:AccumulatedOtherComprehensiveIncomeLossNetOfTax,reported,
balance_sheet,us-gaap:RetainedEarningsAccumulatedDeficit,Retained earnings,2Q25,16154.0,BMY_SEC-XBRL-financials_as-presented_10-Q_2025-07-31_0000014272-25-000131.xlsx,Balance Sheet,"June 30,2025",Retained earnings,us-gaap:RetainedEarningsAccumulatedDeficit,reported,
balance_sheet,us-gaap:TreasuryStockCommonValue,Less cost of treasury stock,2Q25,-43590.0,BMY_SEC-XBRL-financials_as-presented_10-Q_2025-07-31_0000014272-25-000131.xlsx,Balance Sheet,"June 30,2025",Less cost of treasury stock,us-gaap:TreasuryStockCommonValue,reported,
balance_sheet,us-gaap:StockholdersEquity,Total BMS Shareholders’ Equity,2Q25,17435.0,BMY_SEC-XBRL-financials_as-presented_10-Q_2025-07-31_0000014272-25-000131.xlsx,Balance Sheet,"June 30,2025",Total BMS Shareholders’ equity,us-gaap:StockholdersEquity,reported,
balance_sheet,us-gaap:MinorityInterest,Noncontrolling interest,2Q25,54.0,BMY_SEC-XBRL-financials_as-presented_10-Q_2025-07-31_0000014272-25-000131.xlsx,Balance Sheet,"June 30,2025",Noncontrolling interest,us-gaap:MinorityInterest,reported,
balance_sheet,us-gaap:StockholdersEquityIncludingPortionAttributableToNoncontrollingInterest,Total Equity,2Q25,17489.0,BMY_SEC-XBRL-financials_as-presented_10-Q_2025-07-31_0000014272-25-000131.xlsx,Balance Sheet,"June 30,2025",Total Equity,us-gaap:StockholdersEquityIncludingPortionAttributableToNoncontrollingInterest,reported,
balance_sheet,us-gaap:LiabilitiesAndStockholdersEquity,Total Liabilities and Equity,2Q25,94676.0,BMY_SEC-XBRL-financials_as-presented_10-Q_2025-07-31_0000014272-25-000131.xlsx,Balance Sheet,"June 30,2025",Total Liabilities and Equity,us-gaap:LiabilitiesAndStockholdersEquity,reported,
cash_flow,us-gaap:ProfitLoss,Net earnings/(loss),6M25,3775.0,BMY_SEC-XBRL-financials_as-presented_10-Q_2025-07-31_0000014272-25-000131.xlsx,Cash Flow,"Six Months Ended June 30, 2025",Net earnings/(loss),us-gaap:ProfitLoss,reported,
cash_flow,us-gaap:DepreciationDepletionAndAmortization,"Depreciation and amortization, net",6M25,2023.0,BMY_SEC-XBRL-financials_as-presented_10-Q_2025-07-31_0000014272-25-000131.xlsx,Cash Flow,"Six Months Ended June 30, 2025","Depreciation and amortization, net",us-gaap:DepreciationDepletionAndAmortization,reported,
cash_flow,us-gaap:DeferredIncomeTaxExpenseBenefit,Deferred income taxes,6M25,-214.0,BMY_SEC-XBRL-financials_as-presented_10-Q_2025-07-31_0000014272-25-000131.xlsx,Cash Flow,"Six Months Ended June 30, 2025",Deferred income taxes,us-gaap:DeferredIncomeTaxExpenseBenefit,reported,
cash_flow,us-gaap:ShareBasedCompensation,Stock-based compensation,6M25,281.0,BMY_SEC-XBRL-financials_as-presented_10-Q_2025-07-31_0000014272-25-000131.xlsx,Cash Flow,"Six Months Ended June 30, 2025",Stock-based compensation,us-gaap:ShareBasedCompensation,reported,
cash_flow,us-gaap:ImpairmentOfLongLivedAssetsToBeDisposedOf,Impairment charges,6M25,318.0,BMY_SEC-XBRL-financials_as-presented_10-Q_2025-07-31_0000014272-25-000131.xlsx,Cash Flow,"Six Months Ended June 30, 2025",Impairment charges,us-gaap:ImpairmentOfLongLivedAssetsToBeDisposedOf,reported,
cash_flow,bmy:DivestitureGainsAndRoyalties,Divestiture gains and royalties,6M25,-585.0,BMY_SEC-XBRL-financials_as-presented_10-Q_2025-07-31_0000014272-25-000131.xlsx,Cash Flow,"Six Months Ended June 30, 2025",Divestiture gains and royalties,bmy:Divestituregainsandroyalties,reported,
cash_flow,bmy:AcquiredIPRD,Acquired IPRD,6M25,1695.0,BMY_SEC-XBRL-financials_as-presented_10-Q_2025-07-31_0000014272-25-000131.xlsx,Cash Flow,"Six Months Ended June 30, 2025",Acquired IPRD,bmy:AcquiredIPRD,reported,
cash_flow,us-gaap:EquityMethodInvestmentRealizedGainLossOnDisposal,"Equity investment (gains)/losses, net",6M25,100.0,BMY_SEC-XBRL-financials_as-presented_10-Q_2025-07-31_0000014272-25-000131.xlsx,Cash Flow,"Six Months Ended June 30, 2025","Equity investment (gains)/losses, net",us-gaap:EquityMethodInvestmentRealizedGainLossOnDisposal,reported,
cash_flow,us-gaap:BusinessCombinationContingentConsiderationArrangementsChangeInAmountOfContingentConsiderationLiability1,Contingent consideration fair value adjustments,6M25,336.0,BMY_SEC-XBRL-financials_as-presented_10-Q_2025-07-31_0000014272-25-000131.xlsx,Cash Flow,"Six Months Ended June 30, 2025",Contingent consideration fair value adjustments,us-gaap:BusinessCombinationContingentConsiderationArrangementsChangeInAmountOfContingentConsiderationLiability1,reported,
cash_flow,us-gaap:OtherNoncashIncomeExpense,Other adjustments,6M25,-2.0,BMY_SEC-XBRL-financials_as-presented_10-Q_2025-07-31_0000014272-25-000131.xlsx,Cash Flow,"Six Months Ended June 30, 2025",Other adjustments,us-gaap:OtherNoncashIncomeExpense,reported,
cash_flow,us-gaap:IncreaseDecreaseInReceivables,Receivables,6M25,-469.0,BMY_SEC-XBRL-financials_as-presented_10-Q_2025-07-31_0000014272-25-000131.xlsx,Cash Flow,"Six Months Ended June 30, 2025",Receivables,us-gaap:IncreaseDecreaseInReceivables,reported,
cash_flow,us-gaap:IncreaseDecreaseInInventories,Inventories,6M25,-165.0,BMY_SEC-XBRL-financials_as-presented_10-Q_2025-07-31_0000014272-25-000131.xlsx,Cash Flow,"Six Months Ended June 30, 2025",Inventories,us-gaap:IncreaseDecreaseInInventories,reported,
cash_flow,us-gaap:IncreaseDecreaseInAccountsPayable,Accounts payable,6M25,-72.0,BMY_SEC-XBRL-financials_as-presented_10-Q_2025-07-31_0000014272-25-000131.xlsx,Cash Flow,"Six Months Ended June 30, 2025",Accounts payable,us-gaap:IncreaseDecreaseInAccountsPayable,reported,
cash_flow,us-gaap:IncreaseDecreaseInOtherAccruedLiabilities,Rebates and discounts,6M25,254.0,BMY_SEC-XBRL-financials_as-presented_10-Q_2025-07-31_0000014272-25-000131.xlsx,Cash Flow,"Six Months Ended June 30, 2025",Rebates and discounts,us-gaap:IncreaseDecreaseInOtherAccruedLiabilities,reported,
cash_flow,us-gaap:IncreaseDecreaseInAccruedIncomeTaxesPayable,Income taxes payable,6M25,-567.0,BMY_SEC-XBRL-financials_as-presented_10-Q_2025-07-31_0000014272-25-000131.xlsx,Cash Flow,"Six Months Ended June 30, 2025",Income taxes payable,us-gaap:IncreaseDecreaseInAccruedIncomeTaxesPayable,reported,
cash_flow,us-gaap:IncreaseDecreaseInOtherOperatingCapitalNet,Other,6M25,-837.0,BMY_SEC-XBRL-financials_as-presented_10-Q_2025-07-31_0000014272-25-000131.xlsx,Cash Flow,"Six Months Ended June 30, 2025",Other,us-gaap:IncreaseDecreaseInOtherOperatingCapitalNet,reported,
cash_flow,us-gaap:NetCashProvidedByUsedInOperatingActivities,Net cash provided by operating activities,6M25,5871.0,BMY_SEC-XBRL-financials_as-presented_10-Q_2025-07-31_0000014272-25-000131.xlsx,Cash Flow,"Six Months Ended June 30, 2025",Net cash provided by operating activities,us-gaap:NetCashProvidedByUsedInOperatingActivities,reported,
cash_flow,us-gaap:ProceedsFromSaleAndMaturityOfAvailableForSaleSecurities,Sale and maturities of marketable debt securities,6M25,744.0,BMY_SEC-XBRL-financials_as-presented_10-Q_2025-07-31_0000014272-25-000131.xlsx,Cash Flow,"Six Months Ended June 30, 2025",Sale and maturities of marketable debt securities,us-gaap:ProceedsFromSaleAndMaturityOfAvailableForSaleSecurities,reported,
cash_flow,us-gaap:PaymentsToAcquireMarketableSecurities,Purchase of marketable debt securities,6M25,-1257.0,BMY_SEC-XBRL-financials_as-presented_10-Q_2025-07-31_0000014272-25-000131.xlsx,Cash Flow,"Six Months Ended June 30, 2025",Purchase of marketable debt securities,us-gaap:PaymentsToAcquireMarketableSecurities,reported,
cash_flow,us-gaap:ProceedsFromSaleOfEquitySecuritiesFvNi,Proceeds from sales of equity investments,6M25,12.0,BMY_SEC-XBRL-financials_as-presented_10-Q_2025-07-31_0000014272-25-000131.xlsx,Cash Flow,"Six Months Ended June 30, 2025",Proceeds from sales of equity investments,us-gaap:ProceedsFromSaleOfEquitySecuritiesFvNi,reported,
cash_flow,us-gaap:PaymentsToAcquirePropertyPlantAndEquipment,Capital expenditures,6M25,-621.0,BMY_SEC-XBRL-financials_as-presented_10-Q_2025-07-31_0000014272-25-000131.xlsx,Cash Flow,"Six Months Ended June 30, 2025",Capital expenditures,us-gaap:PaymentsToAcquirePropertyPlantAndEquipment,reported,
cash_flow,bmy:DivestitureAndOtherProceeds,Divestiture and other proceeds,6M25,513.0,BMY_SEC-XBRL-financials_as-presented_10-Q_2025-07-31_0000014272-25-000131.xlsx,Cash Flow,"Six Months Ended June 30, 2025",Divestiture and other proceeds,bmy:Divestitureandotherproceeds,reported,
cash_flow,us-gaap:PaymentsToAcquireBusinessesNetOfCashAcquired,"Acquisition and other payments, net of cash acquired",6M25,-363.0,BMY_SEC-XBRL-financials_as-presented_10-Q_2025-07-31_0000014272-25-000131.xlsx,Cash Flow,"Six Months Ended June 30, 2025","Acquisition and other payments, net of cash acquired",us-gaap:PaymentsToAcquireBusinessesNetOfCashAcquired,reported,
cash_flow,us-gaap:NetCashProvidedByUsedInInvestingActivities,Net cash provided by/(used in) investing activities,6M25,-972.0,BMY_SEC-XBRL-financials_as-presented_10-Q_2025-07-31_0000014272-25-000131.xlsx,Cash Flow,"Six Months Ended June 30, 2025",Net cash used in investing activities,us-gaap:NetCashProvidedByUsedInInvestingActivities,reported,
cash_flow,us-gaap:ProceedsFromOtherShortTermDebt,"Other short-term financing obligations, net",6M25,426.0,BMY_SEC-XBRL-financials_as-presented_10-Q_2025-07-31_0000014272-25-000131.xlsx,Cash Flow,"Six Months Ended June 30, 2025","Other short-term financing obligations, net",us-gaap:ProceedsFromOtherShortTermDebt,reported,
cash_flow,us-gaap:RepaymentsOfLongTermDebt,Repayments of long-term debt,6M25,-643.0,BMY_SEC-XBRL-financials_as-presented_10-Q_2025-07-31_0000014272-25-000131.xlsx,Cash Flow,"Six Months Ended June 30, 2025",Repayments of long-term debt,us-gaap:RepaymentsOfLongTermDebt,reported,
cash_flow,us-gaap:PaymentsOfDividends,Dividends,6M25,-2520.0,BMY_SEC-XBRL-financials_as-presented_10-Q_2025-07-31_0000014272-25-000131.xlsx,Cash Flow,"Six Months Ended June 30, 2025",Dividends,us-gaap:PaymentsOfDividends,reported,
cash_flow,bmy:PaymentsForProceedsFromStockOptionExercisesAndOtherAdjustments,"Stock option proceeds and other, net",6M25,-92.0,BMY_SEC-XBRL-financials_as-presented_10-Q_2025-07-31_0000014272-25-000131.xlsx,Cash Flow,"Six Months Ended June 30, 2025","Stock option proceeds and other, net",bmy:PaymentsForProceedsFromStockOptionExercisesAndOtherAdjustments,reported,
cash_flow,us-gaap:NetCashProvidedByUsedInFinancingActivities,Net cash provided by/(used in) financing activities,6M25,-2829.0,BMY_SEC-XBRL-financials_as-presented_10-Q_2025-07-31_0000014272-25-000131.xlsx,Cash Flow,"Six Months Ended June 30, 2025",Net cash (used in)/provided by financing activities,us-gaap:NetCashProvidedByUsedInFinancingActivities,reported,
cash_flow,us-gaap:EffectOfExchangeRateOnCashCashEquivalentsRestrictedCashAndRestrictedCashEquivalents,"Effect of exchange rates on cash, cash equivalents and restricted cash",6M25,194.0,BMY_SEC-XBRL-financials_as-presented_10-Q_2025-07-31_0000014272-25-000131.xlsx,Cash Flow,"Six Months Ended June 30, 2025","Effect of exchange rates on cash, cash equivalents and restricted cash",us-gaap:EffectOfExchangeRateOnCashCashEquivalentsRestrictedCashAndRestrictedCashEquivalents,reported,
cash_flow,us-gaap:CashCashEquivalentsRestrictedCashAndRestrictedCashEquivalentsPeriodIncreaseDecreaseIncludingExchangeRateEffect,"Increase/(decrease) in cash, cash equivalents and restricted cash",6M25,2264.0,BMY_SEC-XBRL-financials_as-presented_10-Q_2025-07-31_0000014272-25-000131.xlsx,Cash Flow,"Six Months Ended June 30, 2025","Increase/(decrease) in cash, cash equivalents and restricted cash",us-gaap:CashCashEquivalentsRestrictedCashAndRestrictedCashEquivalentsPeriodIncreaseDecreaseIncludingExchangeRateEffect,reported,
cash_flow,us-gaap:CashCashEquivalentsRestrictedCashAndRestrictedCashEquivalents,"Cash, cash equivalents and restricted cash at beginning of period",6M25,10347.0,BMY_SEC-XBRL-financials_as-presented_10-Q_2025-07-31_0000014272-25-000131.xlsx,Cash Flow,"Six Months Ended June 30, 2025","Cash, cash equivalents and restricted cash at beginning of period",us-gaap:CashCashEquivalentsRestrictedCashAndRestrictedCashEquivalents,reported,
income_statement,us-gaap:Revenues,Net product sales,3Q25,11850.0,BMY_SEC-XBRL-financials_as-presented_10-Q_2025-10-30_0000014272-25-000149.xlsx,Income Statement,"Three Months Ended September 30, 2025",Net product sales,us-gaap:Revenues,reported,
income_statement,us-gaap:Revenues,Net product sales,9M25,34645.0,BMY_SEC-XBRL-financials_as-presented_10-Q_2025-10-30_0000014272-25-000149.xlsx,Income Statement,"Nine Months Ended September 30, 2025",Net product sales,us-gaap:Revenues,reported,
income_statement,us-gaap:CostOfGoodsAndServicesSold,Cost of products sold(a),3Q25,3435.0,BMY_SEC-XBRL-financials_as-presented_10-Q_2025-10-30_0000014272-25-000149.xlsx,Income Statement,"Three Months Ended September 30, 2025",Cost of products sold(a),us-gaap:CostOfGoodsAndServicesSold,reported,
income_statement,us-gaap:CostOfGoodsAndServicesSold,Cost of products sold(a),9M25,9839.0,BMY_SEC-XBRL-financials_as-presented_10-Q_2025-10-30_0000014272-25-000149.xlsx,Income Statement,"Nine Months Ended September 30, 2025",Cost of products sold(a),us-gaap:CostOfGoodsAndServicesSold,reported,
income_statement,us-gaap:SellingGeneralAndAdministrativeExpense,"Selling, general and administrative",3Q25,1789.0,BMY_SEC-XBRL-financials_as-presented_10-Q_2025-10-30_0000014272-25-000149.xlsx,Income Statement,"Three Months Ended September 30, 2025","Selling, general and administrative",us-gaap:SellingGeneralAndAdministrativeExpense,reported,
income_statement,us-gaap:SellingGeneralAndAdministrativeExpense,"Selling, general and administrative",9M25,5086.0,BMY_SEC-XBRL-financials_as-presented_10-Q_2025-10-30_0000014272-25-000149.xlsx,Income Statement,"Nine Months Ended September 30, 2025","Selling, general and administrative",us-gaap:SellingGeneralAndAdministrativeExpense,reported,
income_statement,us-gaap:ResearchAndDevelopmentExpense,Research and development,3Q25,2528.0,BMY_SEC-XBRL-financials_as-presented_10-Q_2025-10-30_0000014272-25-000149.xlsx,Income Statement,"Three Months Ended September 30, 2025",Research and development,us-gaap:ResearchAndDevelopmentExpense,reported,
income_statement,us-gaap:ResearchAndDevelopmentExpense,Research and development,9M25,7365.0,BMY_SEC-XBRL-financials_as-presented_10-Q_2025-10-30_0000014272-25-000149.xlsx,Income Statement,"Nine Months Ended September 30, 2025",Research and development,us-gaap:ResearchAndDevelopmentExpense,reported,
income_statement,bmy:AcquiredIPRD,Acquired IPRD,3Q25,633.0,BMY_SEC-XBRL-financials_as-presented_10-Q_2025-10-30_0000014272-25-000149.xlsx,Income Statement,"Three Months Ended September 30, 2025",Acquired IPRD,bmy:AcquiredIPRD,reported,
income_statement,bmy:AcquiredIPRD,Acquired IPRD,9M25,2328.0,BMY_SEC-XBRL-financials_as-presented_10-Q_2025-10-30_0000014272-25-000149.xlsx,Income Statement,"Nine Months Ended September 30, 2025",Acquired IPRD,bmy:AcquiredIPRD,reported,
income_statement,bmy:AmortizationofAcquiredIntangibleAssets,Amortization of acquired intangible assets,3Q25,831.0,BMY_SEC-XBRL-financials_as-presented_10-Q_2025-10-30_0000014272-25-000149.xlsx,Income Statement,"Three Months Ended September 30, 2025",Amortization of acquired intangible assets,bmy:AmortizationofAcquiredIntangibleAssets,reported,
income_statement,bmy:AmortizationofAcquiredIntangibleAssets,Amortization of acquired intangible assets,9M25,2491.0,BMY_SEC-XBRL-financials_as-presented_10-Q_2025-10-30_0000014272-25-000149.xlsx,Income Statement,"Nine Months Ended September 30, 2025",Amortization of acquired intangible assets,bmy:AmortizationofAcquiredIntangibleAssets,reported,
income_statement,us-gaap:OtherNonoperatingIncomeExpense,"Other (income)/expense, net",3Q25,-108.0,BMY_SEC-XBRL-financials_as-presented_10-Q_2025-10-30_0000014272-25-000149.xlsx,Income Statement,"Three Months Ended September 30, 2025","Other (income)/expense, net",us-gaap:OtherNonoperatingIncomeExpense,reported,
income_statement,us-gaap:OtherNonoperatingIncomeExpense,"Other (income)/expense, net",9M25,725.0,BMY_SEC-XBRL-financials_as-presented_10-Q_2025-10-30_0000014272-25-000149.xlsx,Income Statement,"Nine Months Ended September 30, 2025","Other (income)/expense, net",us-gaap:OtherNonoperatingIncomeExpense,reported,
income_statement,us-gaap:CostsAndExpenses,Total Expenses,3Q25,9108.0,BMY_SEC-XBRL-financials_as-presented_10-Q_2025-10-30_0000014272-25-000149.xlsx,Income Statement,"Three Months Ended September 30, 2025",Total Expenses,us-gaap:CostsAndExpenses,reported,
income_statement,us-gaap:CostsAndExpenses,Total Expenses,9M25,27834.0,BMY_SEC-XBRL-financials_as-presented_10-Q_2025-10-30_0000014272-25-000149.xlsx,Income Statement,"Nine Months Ended September 30, 2025",Total Expenses,us-gaap:CostsAndExpenses,reported,
income_statement,us-gaap:IncomeLossFromContinuingOperationsBeforeIncomeTaxesExtraordinaryItemsNoncontrollingInterest,Earnings/(Loss) before income taxes,3Q25,3114.0,BMY_SEC-XBRL-financials_as-presented_10-Q_2025-10-30_0000014272-25-000149.xlsx,Income Statement,"Three Months Ended September 30, 2025",Earnings/(Loss) before income taxes,us-gaap:IncomeLossFromContinuingOperationsBeforeIncomeTaxesExtraordinaryItemsNoncontrollingInterest,reported,
income_statement,us-gaap:IncomeLossFromContinuingOperationsBeforeIncomeTaxesExtraordinaryItemsNoncontrollingInterest,Earnings/(Loss) before income taxes,9M25,7858.0,BMY_SEC-XBRL-financials_as-presented_10-Q_2025-10-30_0000014272-25-000149.xlsx,Income Statement,"Nine Months Ended September 30, 2025",Earnings/(Loss) before income taxes,us-gaap:IncomeLossFromContinuingOperationsBeforeIncomeTaxesExtraordinaryItemsNoncontrollingInterest,reported,
income_statement,us-gaap:IncomeTaxExpenseBenefit,Income tax provision,3Q25,919.0,BMY_SEC-XBRL-financials_as-presented_10-Q_2025-10-30_0000014272-25-000149.xlsx,Income Statement,"Three Months Ended September 30, 2025",Income tax provision,us-gaap:IncomeTaxExpenseBenefit,reported,
income_statement,us-gaap:IncomeTaxExpenseBenefit,Income tax provision,9M25,1888.0,BMY_SEC-XBRL-financials_as-presented_10-Q_2025-10-30_0000014272-25-000149.xlsx,Income Statement,"Nine Months Ended September 30, 2025",Income tax provision,us-gaap:IncomeTaxExpenseBenefit,reported,
income_statement,us-gaap:ProfitLoss,Net earnings/(loss),3Q25,2195.0,BMY_SEC-XBRL-financials_as-presented_10-Q_2025-10-30_0000014272-25-000149.xlsx,Income Statement,"Three Months Ended September 30, 2025",Net earnings/(loss),us-gaap:ProfitLoss,reported,
income_statement,us-gaap:ProfitLoss,Net earnings/(loss),9M25,5970.0,BMY_SEC-XBRL-financials_as-presented_10-Q_2025-10-30_0000014272-25-000149.xlsx,Income Statement,"Nine Months Ended September 30, 2025",Net earnings/(loss),us-gaap:ProfitLoss,reported,
income_statement,us-gaap:ComprehensiveIncomeNetOfTaxAttributableToNoncontrollingInterest,Noncontrolling Interest,3Q25,-6.0,BMY_SEC-XBRL-financials_as-presented_10-Q_2025-10-30_0000014272-25-000149.xlsx,Income Statement,"Three Months Ended September 30, 2025",Noncontrolling interest,us-gaap:ComprehensiveIncomeNetOfTaxAttributableToNoncontrollingInterest,reported,
income_statement,us-gaap:ComprehensiveIncomeNetOfTaxAttributableToNoncontrollingInterest,Noncontrolling Interest,9M25,3.0,BMY_SEC-XBRL-financials_as-presented_10-Q_2025-10-30_0000014272-25-000149.xlsx,Income Statement,"Nine Months Ended September 30, 2025",Noncontrolling interest,us-gaap:ComprehensiveIncomeNetOfTaxAttributableToNoncontrollingInterest,reported,
income_statement,us-gaap:NetIncomeLoss,Net earnings/(loss) attributable to BMS,3Q25,2201.0,BMY_SEC-XBRL-financials_as-presented_10-Q_2025-10-30_0000014272-25-000149.xlsx,Income Statement,"Three Months Ended September 30, 2025",Net earnings/(loss) attributable to BMS,us-gaap:NetIncomeLoss,reported,
income_statement,us-gaap:NetIncomeLoss,Net earnings/(loss) attributable to BMS,9M25,5967.0,BMY_SEC-XBRL-financials_as-presented_10-Q_2025-10-30_0000014272-25-000149.xlsx,Income Statement,"Nine Months Ended September 30, 2025",Net earnings/(loss) attributable to BMS,us-gaap:NetIncomeLoss,reported,
income_statement,us-gaap:EarningsPerShareBasic,Basic,3Q25,1.08,BMY_SEC-XBRL-financials_as-presented_10-Q_2025-10-30_0000014272-25-000149.xlsx,Income Statement,"Three Months Ended September 30, 2025",Basic,us-gaap:EarningsPerShareBasic,reported,
income_statement,us-gaap:EarningsPerShareBasic,Basic,9M25,2.93,BMY_SEC-XBRL-financials_as-presented_10-Q_2025-10-30_0000014272-25-000149.xlsx,Income Statement,"Nine Months Ended September 30, 2025",Basic,us-gaap:EarningsPerShareBasic,reported,
income_statement,us-gaap:EarningsPerShareDiluted,Diluted,3Q25,1.08,BMY_SEC-XBRL-financials_as-presented_10-Q_2025-10-30_0000014272-25-000149.xlsx,Income Statement,"Three Months Ended September 30, 2025",Diluted,us-gaap:EarningsPerShareDiluted,reported,
income_statement,us-gaap:EarningsPerShareDiluted,Diluted,9M25,2.93,BMY_SEC-XBRL-financials_as-presented_10-Q_2025-10-30_0000014272-25-000149.xlsx,Income Statement,"Nine Months Ended September 30, 2025",Diluted,us-gaap:EarningsPerShareDiluted,reported,
balance_sheet,us-gaap:CashAndCashEquivalentsAtCarryingValue,Cash and cash equivalents,3Q25,15726.0,BMY_SEC-XBRL-financials_as-presented_10-Q_2025-10-30_0000014272-25-000149.xlsx,Balance Sheet,"September 30,2025",Cash and cash equivalents,us-gaap:CashAndCashEquivalentsAtCarryingValue,reported,
balance_sheet,us-gaap:AvailableForSaleSecuritiesDebtSecuritiesCurrent,Marketable debt securities,3Q25,776.0,BMY_SEC-XBRL-financials_as-presented_10-Q_2025-10-30_0000014272-25-000149.xlsx,Balance Sheet,"September 30,2025",Marketable debt securities,us-gaap:AvailableForSaleSecuritiesDebtSecuritiesCurrent,reported,
balance_sheet,us-gaap:ReceivablesNetCurrent,Receivables,3Q25,11422.0,BMY_SEC-XBRL-financials_as-presented_10-Q_2025-10-30_0000014272-25-000149.xlsx,Balance Sheet,"September 30,2025",Receivables,us-gaap:ReceivablesNetCurrent,reported,
balance_sheet,us-gaap:InventoryNet,Inventories,3Q25,2758.0,BMY_SEC-XBRL-financials_as-presented_10-Q_2025-10-30_0000014272-25-000149.xlsx,Balance Sheet,"September 30,2025",Inventories,us-gaap:InventoryNet,reported,
balance_sheet,us-gaap:OtherAssetsCurrent,Other current assets,3Q25,4948.0,BMY_SEC-XBRL-financials_as-presented_10-Q_2025-10-30_0000014272-25-000149.xlsx,Balance Sheet,"September 30,2025",Other current assets,us-gaap:OtherAssetsCurrent,reported,
balance_sheet,us-gaap:AssetsCurrent,Total Current assets,3Q25,35630.0,BMY_SEC-XBRL-financials_as-presented_10-Q_2025-10-30_0000014272-25-000149.xlsx,Balance Sheet,"September 30,2025",Total Current assets,us-gaap:AssetsCurrent,reported,
balance_sheet,us-gaap:PropertyPlantAndEquipmentNet,"Property, plant and equipment",3Q25,7349.0,BMY_SEC-XBRL-financials_as-presented_10-Q_2025-10-30_0000014272-25-000149.xlsx,Balance Sheet,"September 30,2025","Property, plant and equipment",us-gaap:PropertyPlantAndEquipmentNet,reported,
balance_sheet,us-gaap:Goodwill,Goodwill,3Q25,21745.0,BMY_SEC-XBRL-financials_as-presented_10-Q_2025-10-30_0000014272-25-000149.xlsx,Balance Sheet,"September 30,2025",Goodwill,us-gaap:Goodwill,reported,
balance_sheet,us-gaap:IntangibleAssetsNetExcludingGoodwill,Other intangible assets,3Q25,20465.0,BMY_SEC-XBRL-financials_as-presented_10-Q_2025-10-30_0000014272-25-000149.xlsx,Balance Sheet,"September 30,2025",Other intangible assets,us-gaap:IntangibleAssetsNetExcludingGoodwill,reported,
balance_sheet,us-gaap:DeferredIncomeTaxAssetsNet,Deferred income taxes,3Q25,4961.0,BMY_SEC-XBRL-financials_as-presented_10-Q_2025-10-30_0000014272-25-000149.xlsx,Balance Sheet,"September 30,2025",Deferred income taxes,us-gaap:DeferredIncomeTaxAssetsNet,reported,
balance_sheet,us-gaap:AvailableForSaleSecuritiesDebtSecuritiesNoncurrent,Marketable debt securities,3Q25,406.0,BMY_SEC-XBRL-financials_as-presented_10-Q_2025-10-30_0000014272-25-000149.xlsx,Balance Sheet,"September 30,2025",Marketable debt securities,us-gaap:AvailableForSaleSecuritiesDebtSecuritiesNoncurrent,reported,
balance_sheet,us-gaap:OtherAssetsNoncurrent,Other non-current assets,3Q25,6332.0,BMY_SEC-XBRL-financials_as-presented_10-Q_2025-10-30_0000014272-25-000149.xlsx,Balance Sheet,"September 30,2025",Other non-current assets,us-gaap:OtherAssetsNoncurrent,reported,
balance_sheet,us-gaap:Assets,Total Assets,3Q25,96889.0,BMY_SEC-XBRL-financials_as-presented_10-Q_2025-10-30_0000014272-25-000149.xlsx,Balance Sheet,"September 30,2025",Total Assets,us-gaap:Assets,reported,
balance_sheet,us-gaap:DebtCurrent,Short-term debt obligations,3Q25,4509.0,BMY_SEC-XBRL-financials_as-presented_10-Q_2025-10-30_0000014272-25-000149.xlsx,Balance Sheet,"September 30,2025",Short-term debt obligations,us-gaap:DebtCurrent,reported,
balance_sheet,us-gaap:AccountsPayableCurrent,Accounts payable,3Q25,4288.0,BMY_SEC-XBRL-financials_as-presented_10-Q_2025-10-30_0000014272-25-000149.xlsx,Balance Sheet,"September 30,2025",Accounts payable,us-gaap:AccountsPayableCurrent,reported,
balance_sheet,us-gaap:OtherLiabilitiesCurrent,Other current liabilities,3Q25,19339.0,BMY_SEC-XBRL-financials_as-presented_10-Q_2025-10-30_0000014272-25-000149.xlsx,Balance Sheet,"September 30,2025",Other current liabilities,us-gaap:OtherLiabilitiesCurrent,reported,
balance_sheet,us-gaap:LiabilitiesCurrent,Total Current liabilities,3Q25,28136.0,BMY_SEC-XBRL-financials_as-presented_10-Q_2025-10-30_0000014272-25-000149.xlsx,Balance Sheet,"September 30,2025",Total Current liabilities,us-gaap:LiabilitiesCurrent,reported,
balance_sheet,us-gaap:DeferredIncomeTaxLiabilitiesNet,Deferred income taxes,3Q25,225.0,BMY_SEC-XBRL-financials_as-presented_10-Q_2025-10-30_0000014272-25-000149.xlsx,Balance Sheet,"September 30,2025",Deferred income taxes,us-gaap:DeferredIncomeTaxLiabilitiesNet,reported,
balance_sheet,us-gaap:LongTermDebtNoncurrent,Long-term debt,3Q25,44469.0,BMY_SEC-XBRL-financials_as-presented_10-Q_2025-10-30_0000014272-25-000149.xlsx,Balance Sheet,"September 30,2025",Long-term debt,us-gaap:LongTermDebtNoncurrent,reported,
balance_sheet,us-gaap:OtherLiabilitiesNoncurrent,Other non-current liabilities,3Q25,5459.0,BMY_SEC-XBRL-financials_as-presented_10-Q_2025-10-30_0000014272-25-000149.xlsx,Balance Sheet,"September 30,2025",Other non-current liabilities,us-gaap:OtherLiabilitiesNoncurrent,reported,
balance_sheet,us-gaap:Liabilities,Total Liabilities,3Q25,78289.0,BMY_SEC-XBRL-financials_as-presented_10-Q_2025-10-30_0000014272-25-000149.xlsx,Balance Sheet,"September 30,2025",Total Liabilities,us-gaap:Liabilities,reported,
balance_sheet,us-gaap:CommonStockValueOutstanding,Common stock,3Q25,292.0,BMY_SEC-XBRL-financials_as-presented_10-Q_2025-10-30_0000014272-25-000149.xlsx,Balance Sheet,"September 30,2025",Common stock,us-gaap:CommonStockValueOutstanding,reported,
balance_sheet,us-gaap:AdditionalPaidInCapital,Capital in excess of par value of stock,3Q25,46265.0,BMY_SEC-XBRL-financials_as-presented_10-Q_2025-10-30_0000014272-25-000149.xlsx,Balance Sheet,"September 30,2025",Capital in excess of par value of stock,us-gaap:AdditionalPaidInCapital,reported,
balance_sheet,us-gaap:AccumulatedOtherComprehensiveIncomeLossNetOfTax,Accumulated other comprehensive loss,3Q25,-1513.0,BMY_SEC-XBRL-financials_as-presented_10-Q_2025-10-30_0000014272-25-000149.xlsx,Balance Sheet,"September 30,2025",Accumulated other comprehensive loss,us-gaap:AccumulatedOtherComprehensiveIncomeLossNetOfTax,reported,
balance_sheet,us-gaap:RetainedEarningsAccumulatedDeficit,Retained earnings,3Q25,17093.0,BMY_SEC-XBRL-financials_as-presented_10-Q_2025-10-30_0000014272-25-000149.xlsx,Balance Sheet,"September 30,2025",Retained earnings,us-gaap:RetainedEarningsAccumulatedDeficit,reported,
balance_sheet,us-gaap:TreasuryStockCommonValue,Less cost of treasury stock,3Q25,-43586.0,BMY_SEC-XBRL-financials_as-presented_10-Q_2025-10-30_0000014272-25-000149.xlsx,Balance Sheet,"September 30,2025",Less cost of treasury stock,us-gaap:TreasuryStockCommonValue,reported,
balance_sheet,us-gaap:StockholdersEquity,Total BMS Shareholders’ Equity,3Q25,18552.0,BMY_SEC-XBRL-financials_as-presented_10-Q_2025-10-30_0000014272-25-000149.xlsx,Balance Sheet,"September 30,2025",Total BMS Shareholders’ equity,us-gaap:StockholdersEquity,reported,
balance_sheet,us-gaap:MinorityInterest,Noncontrolling interest,3Q25,48.0,BMY_SEC-XBRL-financials_as-presented_10-Q_2025-10-30_0000014272-25-000149.xlsx,Balance Sheet,"September 30,2025",Noncontrolling interest,us-gaap:MinorityInterest,reported,
balance_sheet,us-gaap:StockholdersEquityIncludingPortionAttributableToNoncontrollingInterest,Total Equity,3Q25,18600.0,BMY_SEC-XBRL-financials_as-presented_10-Q_2025-10-30_0000014272-25-000149.xlsx,Balance Sheet,"September 30,2025",Total Equity,us-gaap:StockholdersEquityIncludingPortionAttributableToNoncontrollingInterest,reported,
balance_sheet,us-gaap:LiabilitiesAndStockholdersEquity,Total Liabilities and Equity,3Q25,96889.0,BMY_SEC-XBRL-financials_as-presented_10-Q_2025-10-30_0000014272-25-000149.xlsx,Balance Sheet,"September 30,2025",Total Liabilities and Equity,us-gaap:LiabilitiesAndStockholdersEquity,reported,
cash_flow,us-gaap:ProfitLoss,Net earnings/(loss),9M25,5970.0,BMY_SEC-XBRL-financials_as-presented_10-Q_2025-10-30_0000014272-25-000149.xlsx,Cash Flow,"Nine Months Ended September 30, 2025",Net earnings/(loss),us-gaap:ProfitLoss,reported,
cash_flow,us-gaap:DepreciationDepletionAndAmortization,"Depreciation and amortization, net",9M25,3034.0,BMY_SEC-XBRL-financials_as-presented_10-Q_2025-10-30_0000014272-25-000149.xlsx,Cash Flow,"Nine Months Ended September 30, 2025","Depreciation and amortization, net",us-gaap:DepreciationDepletionAndAmortization,reported,
cash_flow,us-gaap:DeferredIncomeTaxExpenseBenefit,Deferred income taxes,9M25,-573.0,BMY_SEC-XBRL-financials_as-presented_10-Q_2025-10-30_0000014272-25-000149.xlsx,Cash Flow,"Nine Months Ended September 30, 2025",Deferred income taxes,us-gaap:DeferredIncomeTaxExpenseBenefit,reported,
cash_flow,us-gaap:ShareBasedCompensation,Stock-based compensation,9M25,420.0,BMY_SEC-XBRL-financials_as-presented_10-Q_2025-10-30_0000014272-25-000149.xlsx,Cash Flow,"Nine Months Ended September 30, 2025",Stock-based compensation,us-gaap:ShareBasedCompensation,reported,
cash_flow,us-gaap:ImpairmentOfLongLivedAssetsToBeDisposedOf,Impairment charges,9M25,514.0,BMY_SEC-XBRL-financials_as-presented_10-Q_2025-10-30_0000014272-25-000149.xlsx,Cash Flow,"Nine Months Ended September 30, 2025",Impairment charges,us-gaap:ImpairmentOfLongLivedAssetsToBeDisposedOf,reported,
cash_flow,bmy:DivestitureGainsAndRoyalties,Divestiture gains and royalties,9M25,-880.0,BMY_SEC-XBRL-financials_as-presented_10-Q_2025-10-30_0000014272-25-000149.xlsx,Cash Flow,"Nine Months Ended September 30, 2025",Divestiture gains and royalties,bmy:Divestituregainsandroyalties,reported,
cash_flow,bmy:AcquiredIPRD,Acquired IPRD,9M25,2328.0,BMY_SEC-XBRL-financials_as-presented_10-Q_2025-10-30_0000014272-25-000149.xlsx,Cash Flow,"Nine Months Ended September 30, 2025",Acquired IPRD,bmy:AcquiredIPRD,reported,
cash_flow,us-gaap:EquityMethodInvestmentRealizedGainLossOnDisposal,"Equity investment (gains)/losses, net",9M25,-90.0,BMY_SEC-XBRL-financials_as-presented_10-Q_2025-10-30_0000014272-25-000149.xlsx,Cash Flow,"Nine Months Ended September 30, 2025","Equity investment (gains)/losses, net",us-gaap:EquityMethodInvestmentRealizedGainLossOnDisposal,reported,
cash_flow,us-gaap:BusinessCombinationContingentConsiderationArrangementsChangeInAmountOfContingentConsiderationLiability1,Contingent consideration fair value adjustments,9M25,336.0,BMY_SEC-XBRL-financials_as-presented_10-Q_2025-10-30_0000014272-25-000149.xlsx,Cash Flow,"Nine Months Ended September 30, 2025",Contingent consideration fair value adjustments,us-gaap:BusinessCombinationContingentConsiderationArrangementsChangeInAmountOfContingentConsiderationLiability1,reported,
cash_flow,us-gaap:OtherNoncashIncomeExpense,Other adjustments,9M25,-76.0,BMY_SEC-XBRL-financials_as-presented_10-Q_2025-10-30_0000014272-25-000149.xlsx,Cash Flow,"Nine Months Ended September 30, 2025",Other adjustments,us-gaap:OtherNoncashIncomeExpense,reported,
cash_flow,us-gaap:IncreaseDecreaseInReceivables,Receivables,9M25,-314.0,BMY_SEC-XBRL-financials_as-presented_10-Q_2025-10-30_0000014272-25-000149.xlsx,Cash Flow,"Nine Months Ended September 30, 2025",Receivables,us-gaap:IncreaseDecreaseInReceivables,reported,
cash_flow,us-gaap:IncreaseDecreaseInInventories,Inventories,9M25,-255.0,BMY_SEC-XBRL-financials_as-presented_10-Q_2025-10-30_0000014272-25-000149.xlsx,Cash Flow,"Nine Months Ended September 30, 2025",Inventories,us-gaap:IncreaseDecreaseInInventories,reported,
cash_flow,us-gaap:IncreaseDecreaseInAccountsPayable,Accounts payable,9M25,88.0,BMY_SEC-XBRL-financials_as-presented_10-Q_2025-10-30_0000014272-25-000149.xlsx,Cash Flow,"Nine Months Ended September 30, 2025",Accounts payable,us-gaap:IncreaseDecreaseInAccountsPayable,reported,
cash_flow,us-gaap:IncreaseDecreaseInOtherAccruedLiabilities,Rebates and discounts,9M25,1957.0,BMY_SEC-XBRL-financials_as-presented_10-Q_2025-10-30_0000014272-25-000149.xlsx,Cash Flow,"Nine Months Ended September 30, 2025",Rebates and discounts,us-gaap:IncreaseDecreaseInOtherAccruedLiabilities,reported,
cash_flow,us-gaap:IncreaseDecreaseInAccruedIncomeTaxesPayable,Income taxes payable,9M25,320.0,BMY_SEC-XBRL-financials_as-presented_10-Q_2025-10-30_0000014272-25-000149.xlsx,Cash Flow,"Nine Months Ended September 30, 2025",Income taxes payable,us-gaap:IncreaseDecreaseInAccruedIncomeTaxesPayable,reported,
cash_flow,us-gaap:IncreaseDecreaseInOtherOperatingCapitalNet,Other,9M25,-597.0,BMY_SEC-XBRL-financials_as-presented_10-Q_2025-10-30_0000014272-25-000149.xlsx,Cash Flow,"Nine Months Ended September 30, 2025",Other,us-gaap:IncreaseDecreaseInOtherOperatingCapitalNet,reported,
cash_flow,us-gaap:NetCashProvidedByUsedInOperatingActivities,Net cash provided by operating activities,9M25,12182.0,BMY_SEC-XBRL-financials_as-presented_10-Q_2025-10-30_0000014272-25-000149.xlsx,Cash Flow,"Nine Months Ended September 30, 2025",Net cash provided by/(used in) operating activities,us-gaap:NetCashProvidedByUsedInOperatingActivities,reported,
cash_flow,us-gaap:ProceedsFromSaleAndMaturityOfAvailableForSaleSecurities,Sale and maturities of marketable debt securities,9M25,1573.0,BMY_SEC-XBRL-financials_as-presented_10-Q_2025-10-30_0000014272-25-000149.xlsx,Cash Flow,"Nine Months Ended September 30, 2025",Sale and maturities of marketable debt securities,us-gaap:ProceedsFromSaleAndMaturityOfAvailableForSaleSecurities,reported,
cash_flow,us-gaap:PaymentsToAcquireMarketableSecurities,Purchase of marketable debt securities,9M25,-1922.0,BMY_SEC-XBRL-financials_as-presented_10-Q_2025-10-30_0000014272-25-000149.xlsx,Cash Flow,"Nine Months Ended September 30, 2025",Purchase of marketable debt securities,us-gaap:PaymentsToAcquireMarketableSecurities,reported,
cash_flow,us-gaap:ProceedsFromSaleOfEquitySecuritiesFvNi,Proceeds from sales of equity investments,9M25,61.0,BMY_SEC-XBRL-financials_as-presented_10-Q_2025-10-30_0000014272-25-000149.xlsx,Cash Flow,"Nine Months Ended September 30, 2025",Proceeds from sales of equity investments,us-gaap:ProceedsFromSaleOfEquitySecuritiesFvNi,reported,
cash_flow,us-gaap:PaymentsToAcquirePropertyPlantAndEquipment,Capital expenditures,9M25,-941.0,BMY_SEC-XBRL-financials_as-presented_10-Q_2025-10-30_0000014272-25-000149.xlsx,Cash Flow,"Nine Months Ended September 30, 2025",Capital expenditures,us-gaap:PaymentsToAcquirePropertyPlantAndEquipment,reported,
cash_flow,bmy:DivestitureAndOtherProceeds,Divestiture and other proceeds,9M25,792.0,BMY_SEC-XBRL-financials_as-presented_10-Q_2025-10-30_0000014272-25-000149.xlsx,Cash Flow,"Nine Months Ended September 30, 2025",Divestiture and other proceeds,bmy:Divestitureandotherproceeds,reported,
cash_flow,us-gaap:PaymentsToAcquireBusinessesNetOfCashAcquired,"Acquisition and other payments, net of cash acquired",9M25,-2237.0,BMY_SEC-XBRL-financials_as-presented_10-Q_2025-10-30_0000014272-25-000149.xlsx,Cash Flow,"Nine Months Ended September 30, 2025","Acquisition and other payments, net of cash acquired",us-gaap:PaymentsToAcquireBusinessesNetOfCashAcquired,reported,
cash_flow,us-gaap:NetCashProvidedByUsedInInvestingActivities,Net cash provided by/(used in) investing activities,9M25,-2674.0,BMY_SEC-XBRL-financials_as-presented_10-Q_2025-10-30_0000014272-25-000149.xlsx,Cash Flow,"Nine Months Ended September 30, 2025",Net cash provided by/(used in) investing activities,us-gaap:NetCashProvidedByUsedInInvestingActivities,reported,
cash_flow,us-gaap:ProceedsFromOtherShortTermDebt,"Other short-term financing obligations, net",9M25,431.0,BMY_SEC-XBRL-financials_as-presented_10-Q_2025-10-30_0000014272-25-000149.xlsx,Cash Flow,"Nine Months Ended September 30, 2025","Other short-term financing obligations, net",us-gaap:ProceedsFromOtherShortTermDebt,reported,
cash_flow,us-gaap:RepaymentsOfLongTermDebt,Repayments of long-term debt,9M25,-872.0,BMY_SEC-XBRL-financials_as-presented_10-Q_2025-10-30_0000014272-25-000149.xlsx,Cash Flow,"Nine Months Ended September 30, 2025",Repayments of long-term debt,us-gaap:RepaymentsOfLongTermDebt,reported,
cash_flow,us-gaap:PaymentsOfDividends,Dividends,9M25,-3783.0,BMY_SEC-XBRL-financials_as-presented_10-Q_2025-10-30_0000014272-25-000149.xlsx,Cash Flow,"Nine Months Ended September 30, 2025",Dividends,us-gaap:PaymentsOfDividends,reported,
cash_flow,bmy:PaymentsForProceedsFromStockOptionExercisesAndOtherAdjustments,"Stock option proceeds and other, net",9M25,-95.0,BMY_SEC-XBRL-financials_as-presented_10-Q_2025-10-30_0000014272-25-000149.xlsx,Cash Flow,"Nine Months Ended September 30, 2025","Stock option proceeds and other, net",bmy:PaymentsForProceedsFromStockOptionExercisesAndOtherAdjustments,reported,
cash_flow,us-gaap:NetCashProvidedByUsedInFinancingActivities,Net cash provided by/(used in) financing activities,9M25,-4319.0,BMY_SEC-XBRL-financials_as-presented_10-Q_2025-10-30_0000014272-25-000149.xlsx,Cash Flow,"Nine Months Ended September 30, 2025",Net cash provided by/(used in) financing activities,us-gaap:NetCashProvidedByUsedInFinancingActivities,reported,
cash_flow,us-gaap:EffectOfExchangeRateOnCashCashEquivalentsRestrictedCashAndRestrictedCashEquivalents,"Effect of exchange rates on cash, cash equivalents and restricted cash",9M25,190.0,BMY_SEC-XBRL-financials_as-presented_10-Q_2025-10-30_0000014272-25-000149.xlsx,Cash Flow,"Nine Months Ended September 30, 2025","Effect of exchange rates on cash, cash equivalents and restricted cash",us-gaap:EffectOfExchangeRateOnCashCashEquivalentsRestrictedCashAndRestrictedCashEquivalents,reported,
cash_flow,us-gaap:CashCashEquivalentsRestrictedCashAndRestrictedCashEquivalentsPeriodIncreaseDecreaseIncludingExchangeRateEffect,"Increase/(decrease) in cash, cash equivalents and restricted cash",9M25,5379.0,BMY_SEC-XBRL-financials_as-presented_10-Q_2025-10-30_0000014272-25-000149.xlsx,Cash Flow,"Nine Months Ended September 30, 2025","Increase/(decrease) in cash, cash equivalents and restricted cash",us-gaap:CashCashEquivalentsRestrictedCashAndRestrictedCashEquivalentsPeriodIncreaseDecreaseIncludingExchangeRateEffect,reported,
cash_flow,us-gaap:CashCashEquivalentsRestrictedCashAndRestrictedCashEquivalents,"Cash, cash equivalents and restricted cash at beginning of period",9M25,10347.0,BMY_SEC-XBRL-financials_as-presented_10-Q_2025-10-30_0000014272-25-000149.xlsx,Cash Flow,"Nine Months Ended September 30, 2025","Cash, cash equivalents and restricted cash at beginning of period",us-gaap:CashCashEquivalentsRestrictedCashAndRestrictedCashEquivalents,reported,
income_statement,us-gaap:Revenues,Net product sales,1Q26,11168.0,BMY_SEC-XBRL-financials_as-presented_10-Q_2026-04-30_0000014272-26-000010.xlsx,Income Statement,"Three Months Ended March 31, 2026",Net product sales,us-gaap:Revenues,reported,
income_statement,us-gaap:CostOfGoodsAndServicesSold,Cost of products sold(a),1Q26,3421.0,BMY_SEC-XBRL-financials_as-presented_10-Q_2026-04-30_0000014272-26-000010.xlsx,Income Statement,"Three Months Ended March 31, 2026",Cost of products sold(a),us-gaap:CostOfGoodsAndServicesSold,reported,
income_statement,us-gaap:SellingGeneralAndAdministrativeExpense,"Selling, general and administrative",1Q26,1617.0,BMY_SEC-XBRL-financials_as-presented_10-Q_2026-04-30_0000014272-26-000010.xlsx,Income Statement,"Three Months Ended March 31, 2026","Selling, general and administrative",us-gaap:SellingGeneralAndAdministrativeExpense,reported,
income_statement,us-gaap:ResearchAndDevelopmentExpense,Research and development,1Q26,2649.0,BMY_SEC-XBRL-financials_as-presented_10-Q_2026-04-30_0000014272-26-000010.xlsx,Income Statement,"Three Months Ended March 31, 2026",Research and development,us-gaap:ResearchAndDevelopmentExpense,reported,
income_statement,bmy:AcquiredIPRD,Acquired IPRD,1Q26,94.0,BMY_SEC-XBRL-financials_as-presented_10-Q_2026-04-30_0000014272-26-000010.xlsx,Income Statement,"Three Months Ended March 31, 2026",Acquired IPRD,bmy:AcquiredIPRD,reported,
income_statement,bmy:AmortizationofAcquiredIntangibleAssets,Amortization of acquired intangible assets,1Q26,437.0,BMY_SEC-XBRL-financials_as-presented_10-Q_2026-04-30_0000014272-26-000010.xlsx,Income Statement,"Three Months Ended March 31, 2026",Amortization of acquired intangible assets,bmy:AmortizationofAcquiredIntangibleAssets,reported,
income_statement,us-gaap:OtherNonoperatingIncomeExpense,"Other (income)/expense, net",1Q26,32.0,BMY_SEC-XBRL-financials_as-presented_10-Q_2026-04-30_0000014272-26-000010.xlsx,Income Statement,"Three Months Ended March 31, 2026","Other (income)/expense, net",us-gaap:OtherNonoperatingIncomeExpense,reported,
income_statement,us-gaap:CostsAndExpenses,Total Expenses,1Q26,8250.0,BMY_SEC-XBRL-financials_as-presented_10-Q_2026-04-30_0000014272-26-000010.xlsx,Income Statement,"Three Months Ended March 31, 2026",Total Expenses,us-gaap:CostsAndExpenses,reported,
income_statement,us-gaap:IncomeLossFromContinuingOperationsBeforeIncomeTaxesExtraordinaryItemsNoncontrollingInterest,Earnings/(Loss) before income taxes,1Q26,3240.0,BMY_SEC-XBRL-financials_as-presented_10-Q_2026-04-30_0000014272-26-000010.xlsx,Income Statement,"Three Months Ended March 31, 2026",Earnings/(Loss) before income taxes,us-gaap:IncomeLossFromContinuingOperationsBeforeIncomeTaxesExtraordinaryItemsNoncontrollingInterest,reported,
income_statement,us-gaap:IncomeTaxExpenseBenefit,Income tax provision,1Q26,561.0,BMY_SEC-XBRL-financials_as-presented_10-Q_2026-04-30_0000014272-26-000010.xlsx,Income Statement,"Three Months Ended March 31, 2026",Income tax provision,us-gaap:IncomeTaxExpenseBenefit,reported,
income_statement,us-gaap:ProfitLoss,Net earnings/(loss),1Q26,2678.0,BMY_SEC-XBRL-financials_as-presented_10-Q_2026-04-30_0000014272-26-000010.xlsx,Income Statement,"Three Months Ended March 31, 2026",Net earnings/(loss),us-gaap:ProfitLoss,reported,
income_statement,us-gaap:ComprehensiveIncomeNetOfTaxAttributableToNoncontrollingInterest,Noncontrolling Interest,1Q26,1.0,BMY_SEC-XBRL-financials_as-presented_10-Q_2026-04-30_0000014272-26-000010.xlsx,Income Statement,"Three Months Ended March 31, 2026",Noncontrolling interest,us-gaap:ComprehensiveIncomeNetOfTaxAttributableToNoncontrollingInterest,reported,
income_statement,us-gaap:NetIncomeLoss,Net earnings/(loss) attributable to BMS,1Q26,2677.0,BMY_SEC-XBRL-financials_as-presented_10-Q_2026-04-30_0000014272-26-000010.xlsx,Income Statement,"Three Months Ended March 31, 2026",Net earnings/(loss) attributable to BMS,us-gaap:NetIncomeLoss,reported,
income_statement,us-gaap:EarningsPerShareBasic,Basic,1Q26,1.31,BMY_SEC-XBRL-financials_as-presented_10-Q_2026-04-30_0000014272-26-000010.xlsx,Income Statement,"Three Months Ended March 31, 2026",Basic,us-gaap:EarningsPerShareBasic,reported,
income_statement,us-gaap:EarningsPerShareDiluted,Diluted,1Q26,1.31,BMY_SEC-XBRL-financials_as-presented_10-Q_2026-04-30_0000014272-26-000010.xlsx,Income Statement,"Three Months Ended March 31, 2026",Diluted,us-gaap:EarningsPerShareDiluted,reported,
balance_sheet,us-gaap:CashAndCashEquivalentsAtCarryingValue,Cash and cash equivalents,1Q26,9574.0,BMY_SEC-XBRL-financials_as-presented_10-Q_2026-04-30_0000014272-26-000010.xlsx,Balance Sheet,"March 31,2026",Cash and cash equivalents,us-gaap:CashAndCashEquivalentsAtCarryingValue,reported,
balance_sheet,us-gaap:AvailableForSaleSecuritiesDebtSecuritiesCurrent,Marketable debt securities,1Q26,912.0,BMY_SEC-XBRL-financials_as-presented_10-Q_2026-04-30_0000014272-26-000010.xlsx,Balance Sheet,"March 31,2026",Marketable debt securities,us-gaap:AvailableForSaleSecuritiesDebtSecuritiesCurrent,reported,
balance_sheet,us-gaap:ReceivablesNetCurrent,Receivables,1Q26,9368.0,BMY_SEC-XBRL-financials_as-presented_10-Q_2026-04-30_0000014272-26-000010.xlsx,Balance Sheet,"March 31,2026",Receivables,us-gaap:ReceivablesNetCurrent,reported,
balance_sheet,us-gaap:InventoryNet,Inventories,1Q26,2756.0,BMY_SEC-XBRL-financials_as-presented_10-Q_2026-04-30_0000014272-26-000010.xlsx,Balance Sheet,"March 31,2026",Inventories,us-gaap:InventoryNet,reported,
balance_sheet,us-gaap:OtherAssetsCurrent,Other current assets,1Q26,4597.0,BMY_SEC-XBRL-financials_as-presented_10-Q_2026-04-30_0000014272-26-000010.xlsx,Balance Sheet,"March 31,2026",Other current assets,us-gaap:OtherAssetsCurrent,reported,
balance_sheet,us-gaap:AssetsCurrent,Total Current assets,1Q26,27208.0,BMY_SEC-XBRL-financials_as-presented_10-Q_2026-04-30_0000014272-26-000010.xlsx,Balance Sheet,"March 31,2026",Total Current assets,us-gaap:AssetsCurrent,reported,
balance_sheet,us-gaap:PropertyPlantAndEquipmentNet,"Property, plant and equipment",1Q26,7658.0,BMY_SEC-XBRL-financials_as-presented_10-Q_2026-04-30_0000014272-26-000010.xlsx,Balance Sheet,"March 31,2026","Property, plant and equipment",us-gaap:PropertyPlantAndEquipmentNet,reported,
balance_sheet,us-gaap:Goodwill,Goodwill,1Q26,21740.0,BMY_SEC-XBRL-financials_as-presented_10-Q_2026-04-30_0000014272-26-000010.xlsx,Balance Sheet,"March 31,2026",Goodwill,us-gaap:Goodwill,reported,
balance_sheet,us-gaap:IntangibleAssetsNetExcludingGoodwill,Other intangible assets,1Q26,18244.0,BMY_SEC-XBRL-financials_as-presented_10-Q_2026-04-30_0000014272-26-000010.xlsx,Balance Sheet,"March 31,2026",Other intangible assets,us-gaap:IntangibleAssetsNetExcludingGoodwill,reported,
balance_sheet,us-gaap:DeferredIncomeTaxAssetsNet,Deferred income taxes,1Q26,5176.0,BMY_SEC-XBRL-financials_as-presented_10-Q_2026-04-30_0000014272-26-000010.xlsx,Balance Sheet,"March 31,2026",Deferred income taxes,us-gaap:DeferredIncomeTaxAssetsNet,reported,
balance_sheet,us-gaap:AvailableForSaleSecuritiesDebtSecuritiesNoncurrent,Marketable debt securities,1Q26,366.0,BMY_SEC-XBRL-financials_as-presented_10-Q_2026-04-30_0000014272-26-000010.xlsx,Balance Sheet,"March 31,2026",Marketable debt securities,us-gaap:AvailableForSaleSecuritiesDebtSecuritiesNoncurrent,reported,
balance_sheet,us-gaap:OtherAssetsNoncurrent,Other non-current assets,1Q26,6082.0,BMY_SEC-XBRL-financials_as-presented_10-Q_2026-04-30_0000014272-26-000010.xlsx,Balance Sheet,"March 31,2026",Other non-current assets,us-gaap:OtherAssetsNoncurrent,reported,
balance_sheet,us-gaap:Assets,Total Assets,1Q26,86476.0,BMY_SEC-XBRL-financials_as-presented_10-Q_2026-04-30_0000014272-26-000010.xlsx,Balance Sheet,"March 31,2026",Total Assets,us-gaap:Assets,reported,
balance_sheet,us-gaap:DebtCurrent,Short-term debt obligations,1Q26,2308.0,BMY_SEC-XBRL-financials_as-presented_10-Q_2026-04-30_0000014272-26-000010.xlsx,Balance Sheet,"March 31,2026",Short-term debt obligations,us-gaap:DebtCurrent,reported,
balance_sheet,us-gaap:AccountsPayableCurrent,Accounts payable,1Q26,4234.0,BMY_SEC-XBRL-financials_as-presented_10-Q_2026-04-30_0000014272-26-000010.xlsx,Balance Sheet,"March 31,2026",Accounts payable,us-gaap:AccountsPayableCurrent,reported,
balance_sheet,us-gaap:OtherLiabilitiesCurrent,Other current liabilities,1Q26,12616.0,BMY_SEC-XBRL-financials_as-presented_10-Q_2026-04-30_0000014272-26-000010.xlsx,Balance Sheet,"March 31,2026",Other current liabilities,us-gaap:OtherLiabilitiesCurrent,reported,
balance_sheet,us-gaap:LiabilitiesCurrent,Total Current liabilities,1Q26,19158.0,BMY_SEC-XBRL-financials_as-presented_10-Q_2026-04-30_0000014272-26-000010.xlsx,Balance Sheet,"March 31,2026",Total Current liabilities,us-gaap:LiabilitiesCurrent,reported,
balance_sheet,us-gaap:DeferredIncomeTaxLiabilitiesNet,Deferred income taxes,1Q26,211.0,BMY_SEC-XBRL-financials_as-presented_10-Q_2026-04-30_0000014272-26-000010.xlsx,Balance Sheet,"March 31,2026",Deferred income taxes,us-gaap:DeferredIncomeTaxLiabilitiesNet,reported,
balance_sheet,us-gaap:LongTermDebtNoncurrent,Long-term debt,1Q26,42152.0,BMY_SEC-XBRL-financials_as-presented_10-Q_2026-04-30_0000014272-26-000010.xlsx,Balance Sheet,"March 31,2026",Long-term debt,us-gaap:LongTermDebtNoncurrent,reported,
balance_sheet,us-gaap:OtherLiabilitiesNoncurrent,Other non-current liabilities,1Q26,4853.0,BMY_SEC-XBRL-financials_as-presented_10-Q_2026-04-30_0000014272-26-000010.xlsx,Balance Sheet,"March 31,2026",Other non-current liabilities,us-gaap:OtherLiabilitiesNoncurrent,reported,
balance_sheet,us-gaap:Liabilities,Total Liabilities,1Q26,66374.0,BMY_SEC-XBRL-financials_as-presented_10-Q_2026-04-30_0000014272-26-000010.xlsx,Balance Sheet,"March 31,2026",Total Liabilities,us-gaap:Liabilities,reported,
balance_sheet,us-gaap:CommonStockValueOutstanding,Common stock,1Q26,292.0,BMY_SEC-XBRL-financials_as-presented_10-Q_2026-04-30_0000014272-26-000010.xlsx,Balance Sheet,"March 31,2026",Common stock,us-gaap:CommonStockValueOutstanding,reported,
balance_sheet,us-gaap:AdditionalPaidInCapital,Capital in excess of par value of stock,1Q26,46374.0,BMY_SEC-XBRL-financials_as-presented_10-Q_2026-04-30_0000014272-26-000010.xlsx,Balance Sheet,"March 31,2026",Capital in excess of par value of stock,us-gaap:AdditionalPaidInCapital,reported,
balance_sheet,us-gaap:AccumulatedOtherComprehensiveIncomeLossNetOfTax,Accumulated other comprehensive loss,1Q26,-1370.0,BMY_SEC-XBRL-financials_as-presented_10-Q_2026-04-30_0000014272-26-000010.xlsx,Balance Sheet,"March 31,2026",Accumulated other comprehensive loss,us-gaap:AccumulatedOtherComprehensiveIncomeLossNetOfTax,reported,
balance_sheet,us-gaap:RetainedEarningsAccumulatedDeficit,Retained earnings,1Q26,18287.0,BMY_SEC-XBRL-financials_as-presented_10-Q_2026-04-30_0000014272-26-000010.xlsx,Balance Sheet,"March 31,2026",Retained earnings,us-gaap:RetainedEarningsAccumulatedDeficit,reported,
balance_sheet,us-gaap:TreasuryStockCommonValue,Less cost of treasury stock,1Q26,-43515.0,BMY_SEC-XBRL-financials_as-presented_10-Q_2026-04-30_0000014272-26-000010.xlsx,Balance Sheet,"March 31,2026",Less cost of treasury stock,us-gaap:TreasuryStockCommonValue,reported,
balance_sheet,us-gaap:StockholdersEquity,Total BMS Shareholders’ Equity,1Q26,20068.0,BMY_SEC-XBRL-financials_as-presented_10-Q_2026-04-30_0000014272-26-000010.xlsx,Balance Sheet,"March 31,2026",Total BMS Shareholders’ equity,us-gaap:StockholdersEquity,reported,
balance_sheet,us-gaap:MinorityInterest,Noncontrolling interest,1Q26,34.0,BMY_SEC-XBRL-financials_as-presented_10-Q_2026-04-30_0000014272-26-000010.xlsx,Balance Sheet,"March 31,2026",Noncontrolling interest,us-gaap:MinorityInterest,reported,
balance_sheet,us-gaap:StockholdersEquityIncludingPortionAttributableToNoncontrollingInterest,Total Equity,1Q26,20102.0,BMY_SEC-XBRL-financials_as-presented_10-Q_2026-04-30_0000014272-26-000010.xlsx,Balance Sheet,"March 31,2026",Total Equity,us-gaap:StockholdersEquityIncludingPortionAttributableToNoncontrollingInterest,reported,
balance_sheet,us-gaap:LiabilitiesAndStockholdersEquity,Total Liabilities and Equity,1Q26,86476.0,BMY_SEC-XBRL-financials_as-presented_10-Q_2026-04-30_0000014272-26-000010.xlsx,Balance Sheet,"March 31,2026",Total Liabilities and Equity,us-gaap:LiabilitiesAndStockholdersEquity,reported,
cash_flow,us-gaap:ProfitLoss,Net earnings/(loss),1Q26,2678.0,BMY_SEC-XBRL-financials_as-presented_10-Q_2026-04-30_0000014272-26-000010.xlsx,Cash Flow,"Three Months Ended March 31, 2026",Net earnings/(loss),us-gaap:ProfitLoss,reported,
cash_flow,us-gaap:DepreciationDepletionAndAmortization,"Depreciation and amortization, net",1Q26,594.0,BMY_SEC-XBRL-financials_as-presented_10-Q_2026-04-30_0000014272-26-000010.xlsx,Cash Flow,"Three Months Ended March 31, 2026","Depreciation and amortization, net",us-gaap:DepreciationDepletionAndAmortization,reported,
cash_flow,us-gaap:DeferredIncomeTaxExpenseBenefit,Deferred income taxes,1Q26,161.0,BMY_SEC-XBRL-financials_as-presented_10-Q_2026-04-30_0000014272-26-000010.xlsx,Cash Flow,"Three Months Ended March 31, 2026",Deferred income taxes,us-gaap:DeferredIncomeTaxExpenseBenefit,reported,
cash_flow,us-gaap:ShareBasedCompensation,Stock-based compensation,1Q26,146.0,BMY_SEC-XBRL-financials_as-presented_10-Q_2026-04-30_0000014272-26-000010.xlsx,Cash Flow,"Three Months Ended March 31, 2026",Stock-based compensation,us-gaap:ShareBasedCompensation,reported,
cash_flow,us-gaap:ImpairmentOfLongLivedAssetsToBeDisposedOf,Impairment charges,1Q26,412.0,BMY_SEC-XBRL-financials_as-presented_10-Q_2026-04-30_0000014272-26-000010.xlsx,Cash Flow,"Three Months Ended March 31, 2026",Impairment charges,us-gaap:ImpairmentOfLongLivedAssetsToBeDisposedOf,reported,
cash_flow,bmy:DivestitureGainsAndRoyalties,Divestiture gains and royalties,1Q26,-34.0,BMY_SEC-XBRL-financials_as-presented_10-Q_2026-04-30_0000014272-26-000010.xlsx,Cash Flow,"Three Months Ended March 31, 2026",Divestiture gains and royalties,bmy:DivestitureGainsAndRoyalties,reported,
cash_flow,bmy:AcquiredIPRD,Acquired IPRD,1Q26,94.0,BMY_SEC-XBRL-financials_as-presented_10-Q_2026-04-30_0000014272-26-000010.xlsx,Cash Flow,"Three Months Ended March 31, 2026",Acquired IPRD,bmy:AcquiredIPRD,reported,
cash_flow,us-gaap:EquityMethodInvestmentRealizedGainLossOnDisposal,"Equity investment (gains)/losses, net",1Q26,-134.0,BMY_SEC-XBRL-financials_as-presented_10-Q_2026-04-30_0000014272-26-000010.xlsx,Cash Flow,"Three Months Ended March 31, 2026","Equity investment (gains)/losses, net",us-gaap:EquityMethodInvestmentRealizedGainLossOnDisposal,reported,
cash_flow,us-gaap:OtherNoncashIncomeExpense,Other adjustments,1Q26,21.0,BMY_SEC-XBRL-financials_as-presented_10-Q_2026-04-30_0000014272-26-000010.xlsx,Cash Flow,"Three Months Ended March 31, 2026",Other adjustments,us-gaap:OtherNoncashIncomeExpense,reported,
cash_flow,us-gaap:IncreaseDecreaseInReceivables,Receivables,1Q26,1687.0,BMY_SEC-XBRL-financials_as-presented_10-Q_2026-04-30_0000014272-26-000010.xlsx,Cash Flow,"Three Months Ended March 31, 2026",Receivables,us-gaap:IncreaseDecreaseInReceivables,reported,
cash_flow,us-gaap:IncreaseDecreaseInInventories,Inventories,1Q26,14.0,BMY_SEC-XBRL-financials_as-presented_10-Q_2026-04-30_0000014272-26-000010.xlsx,Cash Flow,"Three Months Ended March 31, 2026",Inventories,us-gaap:IncreaseDecreaseInInventories,reported,
cash_flow,us-gaap:IncreaseDecreaseInAccountsPayable,Accounts payable,1Q26,409.0,BMY_SEC-XBRL-financials_as-presented_10-Q_2026-04-30_0000014272-26-000010.xlsx,Cash Flow,"Three Months Ended March 31, 2026",Accounts payable,us-gaap:IncreaseDecreaseInAccountsPayable,reported,
cash_flow,us-gaap:IncreaseDecreaseInOtherAccruedLiabilities,Rebates and discounts,1Q26,-3495.0,BMY_SEC-XBRL-financials_as-presented_10-Q_2026-04-30_0000014272-26-000010.xlsx,Cash Flow,"Three Months Ended March 31, 2026",Rebates and discounts,us-gaap:IncreaseDecreaseInOtherAccruedLiabilities,reported,
cash_flow,us-gaap:IncreaseDecreaseInAccruedIncomeTaxesPayable,Income taxes payable,1Q26,187.0,BMY_SEC-XBRL-financials_as-presented_10-Q_2026-04-30_0000014272-26-000010.xlsx,Cash Flow,"Three Months Ended March 31, 2026",Income taxes payable,us-gaap:IncreaseDecreaseInAccruedIncomeTaxesPayable,reported,
cash_flow,us-gaap:IncreaseDecreaseInOtherOperatingCapitalNet,Other,1Q26,-1636.0,BMY_SEC-XBRL-financials_as-presented_10-Q_2026-04-30_0000014272-26-000010.xlsx,Cash Flow,"Three Months Ended March 31, 2026",Other,us-gaap:IncreaseDecreaseInOtherOperatingCapitalNet,reported,
cash_flow,us-gaap:NetCashProvidedByUsedInOperatingActivities,Net cash provided by operating activities,1Q26,1104.0,BMY_SEC-XBRL-financials_as-presented_10-Q_2026-04-30_0000014272-26-000010.xlsx,Cash Flow,"Three Months Ended March 31, 2026",Net cash provided by operating activities,us-gaap:NetCashProvidedByUsedInOperatingActivities,reported,
cash_flow,us-gaap:ProceedsFromSaleAndMaturityOfAvailableForSaleSecurities,Sale and maturities of marketable debt securities,1Q26,359.0,BMY_SEC-XBRL-financials_as-presented_10-Q_2026-04-30_0000014272-26-000010.xlsx,Cash Flow,"Three Months Ended March 31, 2026",Sale and maturities of marketable debt securities,us-gaap:ProceedsFromSaleAndMaturityOfAvailableForSaleSecurities,reported,
cash_flow,us-gaap:PaymentsToAcquireMarketableSecurities,Purchase of marketable debt securities,1Q26,-781.0,BMY_SEC-XBRL-financials_as-presented_10-Q_2026-04-30_0000014272-26-000010.xlsx,Cash Flow,"Three Months Ended March 31, 2026",Purchase of marketable debt securities,us-gaap:PaymentsToAcquireMarketableSecurities,reported,
cash_flow,us-gaap:ProceedsFromSaleOfEquitySecuritiesFvNi,Proceeds from sales of equity investments,1Q26,391.0,BMY_SEC-XBRL-financials_as-presented_10-Q_2026-04-30_0000014272-26-000010.xlsx,Cash Flow,"Three Months Ended March 31, 2026",Proceeds from sales of equity investments,us-gaap:ProceedsFromSaleOfEquitySecuritiesFvNi,reported,
cash_flow,us-gaap:PaymentsToAcquirePropertyPlantAndEquipment,Capital expenditures,1Q26,-347.0,BMY_SEC-XBRL-financials_as-presented_10-Q_2026-04-30_0000014272-26-000010.xlsx,Cash Flow,"Three Months Ended March 31, 2026",Capital expenditures,us-gaap:PaymentsToAcquirePropertyPlantAndEquipment,reported,
cash_flow,bmy:DivestitureAndOtherProceeds,Divestiture and other proceeds,1Q26,312.0,BMY_SEC-XBRL-financials_as-presented_10-Q_2026-04-30_0000014272-26-000010.xlsx,Cash Flow,"Three Months Ended March 31, 2026",Divestiture and other proceeds,bmy:DivestitureAndOtherProceeds,reported,
cash_flow,us-gaap:PaymentsToAcquireBusinessesNetOfCashAcquired,"Acquisition and other payments, net of cash acquired",1Q26,-65.0,BMY_SEC-XBRL-financials_as-presented_10-Q_2026-04-30_0000014272-26-000010.xlsx,Cash Flow,"Three Months Ended March 31, 2026","Acquisition and other payments, net of cash acquired",us-gaap:PaymentsToAcquireBusinessesNetOfCashAcquired,reported,
cash_flow,us-gaap:NetCashProvidedByUsedInInvestingActivities,Net cash provided by/(used in) investing activities,1Q26,-131.0,BMY_SEC-XBRL-financials_as-presented_10-Q_2026-04-30_0000014272-26-000010.xlsx,Cash Flow,"Three Months Ended March 31, 2026",Net cash provided by/(used in) investing activities,us-gaap:NetCashProvidedByUsedInInvestingActivities,reported,
cash_flow,us-gaap:ProceedsFromOtherShortTermDebt,"Other short-term financing obligations, net",1Q26,321.0,BMY_SEC-XBRL-financials_as-presented_10-Q_2026-04-30_0000014272-26-000010.xlsx,Cash Flow,"Three Months Ended March 31, 2026","Other short-term financing obligations, net",us-gaap:ProceedsFromOtherShortTermDebt,reported,
cash_flow,us-gaap:RepaymentsOfLongTermDebt,Repayments of long-term debt,1Q26,-500.0,BMY_SEC-XBRL-financials_as-presented_10-Q_2026-04-30_0000014272-26-000010.xlsx,Cash Flow,"Three Months Ended March 31, 2026",Repayments of long-term debt,us-gaap:RepaymentsOfLongTermDebt,reported,
cash_flow,us-gaap:PaymentsOfDividends,Dividends,1Q26,-1283.0,BMY_SEC-XBRL-financials_as-presented_10-Q_2026-04-30_0000014272-26-000010.xlsx,Cash Flow,"Three Months Ended March 31, 2026",Dividends,us-gaap:PaymentsOfDividends,reported,
cash_flow,bmy:PaymentsForProceedsFromStockOptionExercisesAndOtherAdjustments,"Stock option proceeds and other, net",1Q26,-98.0,BMY_SEC-XBRL-financials_as-presented_10-Q_2026-04-30_0000014272-26-000010.xlsx,Cash Flow,"Three Months Ended March 31, 2026","Stock option proceeds and other, net",bmy:PaymentsForProceedsFromStockOptionExercisesAndOtherAdjustments,reported,
cash_flow,us-gaap:NetCashProvidedByUsedInFinancingActivities,Net cash provided by/(used in) financing activities,1Q26,-1560.0,BMY_SEC-XBRL-financials_as-presented_10-Q_2026-04-30_0000014272-26-000010.xlsx,Cash Flow,"Three Months Ended March 31, 2026",Net cash provided by/(used in) financing activities,us-gaap:NetCashProvidedByUsedInFinancingActivities,reported,
cash_flow,us-gaap:EffectOfExchangeRateOnCashCashEquivalentsRestrictedCashAndRestrictedCashEquivalents,"Effect of exchange rates on cash, cash equivalents and restricted cash",1Q26,-48.0,BMY_SEC-XBRL-financials_as-presented_10-Q_2026-04-30_0000014272-26-000010.xlsx,Cash Flow,"Three Months Ended March 31, 2026","Effect of exchange rates on cash, cash equivalents and restricted cash",us-gaap:EffectOfExchangeRateOnCashCashEquivalentsRestrictedCashAndRestrictedCashEquivalents,reported,
cash_flow,us-gaap:CashCashEquivalentsRestrictedCashAndRestrictedCashEquivalentsPeriodIncreaseDecreaseIncludingExchangeRateEffect,"Increase/(decrease) in cash, cash equivalents and restricted cash",1Q26,-635.0,BMY_SEC-XBRL-financials_as-presented_10-Q_2026-04-30_0000014272-26-000010.xlsx,Cash Flow,"Three Months Ended March 31, 2026","Increase/(decrease) in cash, cash equivalents and restricted cash",us-gaap:CashCashEquivalentsRestrictedCashAndRestrictedCashEquivalentsPeriodIncreaseDecreaseIncludingExchangeRateEffect,reported,
cash_flow,us-gaap:CashCashEquivalentsRestrictedCashAndRestrictedCashEquivalents,"Cash, cash equivalents and restricted cash at beginning of period",1Q26,10218.0,BMY_SEC-XBRL-financials_as-presented_10-Q_2026-04-30_0000014272-26-000010.xlsx,Cash Flow,"Three Months Ended March 31, 2026","Cash, cash equivalents and restricted cash at beginning of period",us-gaap:CashCashEquivalentsRestrictedCashAndRestrictedCashEquivalents,reported,
cash_flow,bmy:Assetacquisitioncharge,Asset acquisition charges,,,,,,,html:asset-acquisition-charges,row_deduplication,Merged duplicate canonical row html:asset-acquisition-charges → bmy:Assetacquisitioncharge (similar_label_sparse)
cash_flow,us-gaap:NetCashProvidedByUsedInOperatingActivities,Net cash provided by operating activities,,,,,,,html:adjustments-to-reconcile-net-earnings-loss-to-net-cash-provided-by-operating-activities,row_deduplication,Merged duplicate canonical row html:adjustments-to-reconcile-net-earnings-loss-to-net-cash-provided-by-operating-activities → us-gaap:NetCashProvidedByUsedInOperatingActivities (similar_label_sparse)
cash_flow,html:cash-flows-from-investing-activities,Cash Flows From Investing Activities:,,,,,,,html:cash-flows-from-financing-activities,row_deduplication,Merged duplicate canonical row html:cash-flows-from-financing-activities → html:cash-flows-from-investing-activities (similar_label_empty)
income_statement,us-gaap:Revenues,Net product sales,4Q19,7662.0,(derived),,,,,derived,FY19 - 1Q19 - 2Q19 - 3Q19 = 25174.0 - 5713.0 - 6031.0 - 5768.0
income_statement,us-gaap:Revenues,Net product sales,4Q20,10766.0,(derived),,,,,derived,FY20 - 1Q20 - 2Q20 - 3Q20 = 41321.0 - 10541.0 - 9817.0 - 10197.0
income_statement,us-gaap:Revenues,Net product sales,4Q21,11609.0,(derived),,,,,derived,FY21 - 1Q21 - 2Q21 - 3Q21 = 45055.0 - 10798.0 - 11405.0 - 11243.0
income_statement,us-gaap:Revenues,Net product sales,4Q22,11065.0,(derived),,,,,derived,FY22 - 1Q22 - 2Q22 - 3Q22 = 44671.0 - 11308.0 - 11485.0 - 10813.0
income_statement,us-gaap:Revenues,Net product sales,4Q23,11168.0,(derived),,,,,derived,FY23 - 1Q23 - 2Q23 - 3Q23 = 43778.0 - 11048.0 - 10917.0 - 10645.0
income_statement,us-gaap:Revenues,Net product sales,4Q24,11811.0,(derived),,,,,derived,FY24 - 1Q24 - 2Q24 - 3Q24 = 46778.0 - 11559.0 - 11925.0 - 11483.0
income_statement,us-gaap:Revenues,Net product sales,4Q25,12111.0,(derived),,,,,derived,FY25 - 1Q25 - 2Q25 - 3Q25 = 46756.0 - 10886.0 - 11909.0 - 11850.0
income_statement,us-gaap:CostOfGoodsAndServicesSold,Cost of products sold(a),4Q19,2432.0,(derived),,,,,derived,FY19 - 1Q19 - 2Q19 - 3Q19 = 8078.0 - 1844.0 - 1992.0 - 1810.0
income_statement,us-gaap:CostOfGoodsAndServicesSold,Cost of products sold(a),4Q20,2910.0,(derived),,,,,derived,FY20 - 1Q20 - 2Q20 - 3Q20 = 11773.0 - 3662.0 - 2699.0 - 2502.0
income_statement,us-gaap:CostOfGoodsAndServicesSold,Cost of products sold(a),4Q21,2356.0,(derived),,,,,derived,FY21 - 1Q21 - 2Q21 - 3Q21 = 9940.0 - 2841.0 - 2452.0 - 2291.0
income_statement,us-gaap:CostOfGoodsAndServicesSold,Cost of products sold(a),4Q22,2593.0,(derived),,,,,derived,FY22 - 1Q22 - 2Q22 - 3Q22 = 10137.0 - 2471.0 - 2720.0 - 2353.0
income_statement,us-gaap:CostOfGoodsAndServicesSold,Cost of products sold(a),4Q23,2745.0,(derived),,,,,derived,FY23 - 1Q23 - 2Q23 - 3Q23 = 10693.0 - 2566.0 - 2876.0 - 2506.0
income_statement,us-gaap:CostOfGoodsAndServicesSold,Cost of products sold(a),4Q24,4812.0,(derived),,,,,derived,FY24 - 1Q24 - 2Q24 - 3Q24 = 13968.0 - 2932.0 - 3267.0 - 2957.0
income_statement,us-gaap:CostOfGoodsAndServicesSold,Cost of products sold(a),4Q25,4096.0,(derived),,,,,derived,FY25 - 1Q25 - 2Q25 - 3Q25 = 13936.0 - 3033.0 - 3372.0 - 3435.0
income_statement,us-gaap:SellingGeneralAndAdministrativeExpense,"Selling, general and administrative",4Q19,1734.0,(derived),,,,,derived,FY19 - 1Q19 - 2Q19 - 3Q19 = 4871.0 - 1006.0 - 1076.0 - 1055.0
income_statement,us-gaap:SellingGeneralAndAdministrativeExpense,"Selling, general and administrative",4Q20,2721.0,(derived),,,,,derived,FY20 - 1Q20 - 2Q20 - 3Q20 = 7661.0 - 1606.0 - 1628.0 - 1706.0
income_statement,us-gaap:SellingGeneralAndAdministrativeExpense,"Selling, general and administrative",4Q21,2354.0,(derived),,,,,derived,FY21 - 1Q21 - 2Q21 - 3Q21 = 7690.0 - 1666.0 - 1882.0 - 1788.0
income_statement,us-gaap:SellingGeneralAndAdministrativeExpense,"Selling, general and administrative",4Q22,2266.0,(derived),,,,,derived,FY22 - 1Q22 - 2Q22 - 3Q22 = 7814.0 - 1831.0 - 1787.0 - 1930.0
income_statement,us-gaap:SellingGeneralAndAdministrativeExpense,"Selling, general and administrative",4Q23,2073.0,(derived),,,,,derived,FY23 - 1Q23 - 2Q23 - 3Q23 = 7772.0 - 1762.0 - 1934.0 - 2003.0
income_statement,us-gaap:SellingGeneralAndAdministrativeExpense,"Selling, general and administrative",4Q24,2136.0,(derived),,,,,derived,FY24 - 1Q24 - 2Q24 - 3Q24 = 8414.0 - 2367.0 - 1928.0 - 1983.0
income_statement,us-gaap:SellingGeneralAndAdministrativeExpense,"Selling, general and administrative",4Q25,2181.0,(derived),,,,,derived,FY25 - 1Q25 - 2Q25 - 3Q25 = 7267.0 - 1584.0 - 1713.0 - 1789.0
income_statement,us-gaap:ResearchAndDevelopmentExpense,Research and development,4Q19,2087.0,(derived),,,,,derived,FY19 - 1Q19 - 2Q19 - 3Q19 = 6148.0 - 1351.0 - 1328.0 - 1382.0
income_statement,us-gaap:ResearchAndDevelopmentExpense,Research and development,4Q20,3750.0,(derived),,,,,derived,FY20 - 1Q20 - 2Q20 - 3Q20 = 11143.0 - 2372.0 - 2522.0 - 2499.0
income_statement,us-gaap:ResearchAndDevelopmentExpense,Research and development,4Q21,2607.0,(derived),,,,,derived,FY21 - 1Q21 - 2Q21 - 3Q21 = 11354.0 - 2225.0 - 3271.0 - 3251.0
income_statement,us-gaap:ResearchAndDevelopmentExpense,Research and development,4Q22,2510.0,(derived),,,,,derived,FY22 - 1Q22 - 2Q22 - 3Q22 = 9509.0 - 2260.0 - 2321.0 - 2418.0
income_statement,us-gaap:ResearchAndDevelopmentExpense,Research and development,4Q23,2478.0,(derived),,,,,derived,FY23 - 1Q23 - 2Q23 - 3Q23 = 9299.0 - 2321.0 - 2258.0 - 2242.0
income_statement,us-gaap:ResearchAndDevelopmentExpense,Research and development,4Q24,3191.0,(derived),,,,,derived,FY24 - 1Q24 - 2Q24 - 3Q24 = 11159.0 - 2695.0 - 2899.0 - 2374.0
income_statement,us-gaap:ResearchAndDevelopmentExpense,Research and development,4Q25,2586.0,(derived),,,,,derived,FY25 - 1Q25 - 2Q25 - 3Q25 = 9951.0 - 2257.0 - 2580.0 - 2528.0
income_statement,bmy:AmortizationofAcquiredIntangibleAssets,Amortization of acquired intangible assets,4Q20,2526.0,(derived),,,,,derived,FY20 - 1Q20 - 2Q20 - 3Q20 = 9688.0 - 2282.0 - 2389.0 - 2491.0
income_statement,bmy:AmortizationofAcquiredIntangibleAssets,Amortization of acquired intangible assets,4Q21,2417.0,(derived),,,,,derived,FY21 - 1Q21 - 2Q21 - 3Q21 = 10023.0 - 2513.0 - 2547.0 - 2546.0
income_statement,bmy:AmortizationofAcquiredIntangibleAssets,Amortization of acquired intangible assets,4Q22,2343.0,(derived),,,,,derived,FY22 - 1Q22 - 2Q22 - 3Q22 = 9595.0 - 2417.0 - 2417.0 - 2418.0
income_statement,bmy:AmortizationofAcquiredIntangibleAssets,Amortization of acquired intangible assets,4Q23,2278.0,(derived),,,,,derived,FY23 - 1Q23 - 2Q23 - 3Q23 = 9047.0 - 2256.0 - 2257.0 - 2256.0
income_statement,bmy:AmortizationofAcquiredIntangibleAssets,Amortization of acquired intangible assets,4Q24,1693.0,(derived),,,,,derived,FY24 - 1Q24 - 2Q24 - 3Q24 = 8872.0 - 2357.0 - 2416.0 - 2406.0
income_statement,bmy:AmortizationofAcquiredIntangibleAssets,Amortization of acquired intangible assets,4Q25,826.0,(derived),,,,,derived,FY25 - 1Q25 - 2Q25 - 3Q25 = 3317.0 - 830.0 - 830.0 - 831.0
income_statement,us-gaap:OtherNonoperatingIncomeExpense,"Other (income)/expense, net",4Q19,426.0,(derived),,,,,derived,"FY19 - 1Q19(=0, not reported) - 2Q19 - 3Q19 = 938.0 - 0.0 - 101.0 - 411.0"
income_statement,us-gaap:OtherNonoperatingIncomeExpense,"Other (income)/expense, net",4Q20,-1826.0,(derived),,,,,derived,FY20 - 1Q20 - 2Q20 - 3Q20 = -2314.0 - 1163.0 - -736.0 - -915.0
income_statement,us-gaap:OtherNonoperatingIncomeExpense,"Other (income)/expense, net",4Q21,393.0,(derived),,,,,derived,FY21 - 1Q21 - 2Q21 - 3Q21 = -720.0 - -702.0 - -2.0 - -409.0
income_statement,us-gaap:OtherNonoperatingIncomeExpense,"Other (income)/expense, net",4Q22,-217.0,(derived),,,,,derived,FY22 - 1Q22 - 2Q22 - 3Q22 = 576.0 - 649.0 - 284.0 - -140.0
income_statement,us-gaap:OtherNonoperatingIncomeExpense,"Other (income)/expense, net",4Q23,-371.0,(derived),,,,,derived,FY23 - 1Q23 - 2Q23 - 3Q23 = -1158.0 - -413.0 - -116.0 - -258.0
income_statement,us-gaap:OtherNonoperatingIncomeExpense,"Other (income)/expense, net",4Q24,305.0,(derived),,,,,derived,FY24 - 1Q24 - 2Q24 - 3Q24 = 893.0 - 81.0 - 273.0 - 234.0
income_statement,us-gaap:OtherNonoperatingIncomeExpense,"Other (income)/expense, net",4Q25,-51.0,(derived),,,,,derived,FY25 - 1Q25 - 2Q25 - 3Q25 = 674.0 - 339.0 - 494.0 - -108.0
income_statement,us-gaap:CostsAndExpenses,Total Expenses,4Q19,8074.0,(derived),,,,,derived,FY19 - 1Q19 - 2Q19 - 3Q19 = 21170.0 - 3941.0 - 4497.0 - 4658.0
income_statement,us-gaap:CostsAndExpenses,Total Expenses,4Q20,21519.0,(derived),,,,,derived,FY20 - 1Q20 - 2Q20 - 3Q20 = 49389.0 - 11085.0 - 8502.0 - 8283.0
income_statement,us-gaap:CostsAndExpenses,Total Expenses,4Q21,10127.0,(derived),,,,,derived,FY21 - 1Q21 - 2Q21 - 3Q21 = 38287.0 - 8543.0 - 10150.0 - 9467.0
income_statement,us-gaap:CostsAndExpenses,Total Expenses,4Q22,9547.0,(derived),,,,,derived,FY22 - 1Q22 - 2Q22 - 3Q22 = 38446.0 - 9961.0 - 9929.0 - 9009.0
income_statement,us-gaap:CostsAndExpenses,Total Expenses,4Q23,9803.0,(derived),,,,,derived,FY23 - 1Q23 - 2Q23 - 3Q23 = 36566.0 - 8567.0 - 9367.0 - 8829.0
income_statement,us-gaap:CostsAndExpenses,Total Expenses,4Q24,12167.0,(derived),,,,,derived,FY24 - 1Q24 - 2Q24 - 3Q24 = 56679.0 - 23381.0 - 10915.0 - 10216.0
income_statement,us-gaap:CostsAndExpenses,Total Expenses,4Q25,11032.0,(derived),,,,,derived,FY25 - 1Q25 - 2Q25 - 3Q25 = 38866.0 - 8230.0 - 10496.0 - 9108.0
income_statement,us-gaap:IncomeLossFromContinuingOperationsBeforeIncomeTaxesExtraordinaryItemsNoncontrollingInterest,Earnings/(Loss) before income taxes,4Q19,-129.0,(derived),,,,,derived,FY19 - 1Q19 - 2Q19 - 3Q19 = 4975.0 - 1979.0 - 1776.0 - 1349.0
income_statement,us-gaap:IncomeLossFromContinuingOperationsBeforeIncomeTaxesExtraordinaryItemsNoncontrollingInterest,Earnings/(Loss) before income taxes,4Q20,-10451.0,(derived),,,,,derived,FY20 - 1Q20 - 2Q20 - 3Q20 = -6871.0 - -304.0 - 1627.0 - 2257.0
income_statement,us-gaap:IncomeLossFromContinuingOperationsBeforeIncomeTaxesExtraordinaryItemsNoncontrollingInterest,Earnings/(Loss) before income taxes,4Q21,1858.0,(derived),,,,,derived,FY21 - 1Q21 - 2Q21 - 3Q21 = 8098.0 - 2530.0 - 1553.0 - 2157.0
income_statement,us-gaap:IncomeLossFromContinuingOperationsBeforeIncomeTaxesExtraordinaryItemsNoncontrollingInterest,Earnings/(Loss) before income taxes,4Q22,1859.0,(derived),,,,,derived,FY22 - 1Q22 - 2Q22 - 3Q22 = 7713.0 - 1687.0 - 1958.0 - 2209.0
income_statement,us-gaap:IncomeLossFromContinuingOperationsBeforeIncomeTaxesExtraordinaryItemsNoncontrollingInterest,Earnings/(Loss) before income taxes,4Q23,1674.0,(derived),,,,,derived,FY23 - 1Q23 - 2Q23 - 3Q23 = 8440.0 - 2770.0 - 1859.0 - 2137.0
income_statement,us-gaap:IncomeLossFromContinuingOperationsBeforeIncomeTaxesExtraordinaryItemsNoncontrollingInterest,Earnings/(Loss) before income taxes,4Q24,175.0,(derived),,,,,derived,FY24 - 1Q24 - 2Q24 - 3Q24 = -8379.0 - -11516.0 - 1286.0 - 1676.0
income_statement,us-gaap:IncomeLossFromContinuingOperationsBeforeIncomeTaxesExtraordinaryItemsNoncontrollingInterest,Earnings/(Loss) before income taxes,4Q25,1470.0,(derived),,,,,derived,FY25 - 1Q25 - 2Q25 - 3Q25 = 9328.0 - 2971.0 - 1773.0 - 3114.0
income_statement,us-gaap:IncomeTaxExpenseBenefit,Income tax provision,4Q19,931.0,(derived),,,,,derived,FY19 - 1Q19 - 2Q19 - 3Q19 = 1515.0 - 264.0 - 337.0 - -17.0
income_statement,us-gaap:IncomeTaxExpenseBenefit,Income tax provision,4Q20,-424.0,(derived),,,,,derived,FY20 - 1Q20 - 2Q20 - 3Q20 = 2124.0 - 462.0 - 1707.0 - 379.0
income_statement,us-gaap:IncomeTaxExpenseBenefit,Income tax provision,4Q21,-514.0,(derived),,,,,derived,FY21 - 1Q21 - 2Q21 - 3Q21 = 1084.0 - 501.0 - 492.0 - 605.0
income_statement,us-gaap:IncomeTaxExpenseBenefit,Income tax provision,4Q22,-166.0,(derived),,,,,derived,FY22 - 1Q22 - 2Q22 - 3Q22 = 1368.0 - 404.0 - 529.0 - 601.0
income_statement,us-gaap:IncomeTaxExpenseBenefit,Income tax provision,4Q23,-88.0,(derived),,,,,derived,FY23 - 1Q23 - 2Q23 - 3Q23 = 400.0 - 503.0 - -218.0 - 203.0
income_statement,us-gaap:IncomeTaxExpenseBenefit,Income tax provision,4Q24,99.0,(derived),,,,,derived,FY24 - 1Q24 - 2Q24 - 3Q24 = 554.0 - 392.0 - -398.0 - 461.0
income_statement,us-gaap:IncomeTaxExpenseBenefit,Income tax provision,4Q25,384.0,(derived),,,,,derived,FY25 - 1Q25 - 2Q25 - 3Q25 = 2272.0 - 509.0 - 460.0 - 919.0
income_statement,us-gaap:ProfitLoss,Net earnings/(loss),4Q19,-1060.0,(derived),,,,,derived,FY19 - 1Q19 - 2Q19 - 3Q19 = 3460.0 - 1715.0 - 1439.0 - 1366.0
income_statement,us-gaap:ProfitLoss,Net earnings/(loss),4Q20,-10027.0,(derived),,,,,derived,FY20 - 1Q20 - 2Q20 - 3Q20 = -8995.0 - -766.0 - -80.0 - 1878.0
income_statement,us-gaap:ProfitLoss,Net earnings/(loss),4Q21,2372.0,(derived),,,,,derived,FY21 - 1Q21 - 2Q21 - 3Q21 = 7014.0 - 2029.0 - 1061.0 - 1552.0
income_statement,us-gaap:ProfitLoss,Net earnings/(loss),4Q22,2025.0,(derived),,,,,derived,FY22 - 1Q22 - 2Q22 - 3Q22 = 6345.0 - 1283.0 - 1429.0 - 1608.0
income_statement,us-gaap:ProfitLoss,Net earnings/(loss),4Q23,1762.0,(derived),,,,,derived,FY23 - 1Q23 - 2Q23 - 3Q23 = 8040.0 - 2267.0 - 2077.0 - 1934.0
income_statement,us-gaap:ProfitLoss,Net earnings/(loss),4Q24,76.0,(derived),,,,,derived,FY24 - 1Q24 - 2Q24 - 3Q24 = -8933.0 - -11908.0 - 1684.0 - 1215.0
income_statement,us-gaap:ProfitLoss,Net earnings/(loss),4Q25,1085.0,(derived),,,,,derived,FY25 - 1Q25 - 2Q25 - 3Q25 = 7055.0 - 2462.0 - 1313.0 - 2195.0
income_statement,us-gaap:ComprehensiveIncomeNetOfTaxAttributableToNoncontrollingInterest,Noncontrolling Interest,4Q19,-4.0,(derived),,,,,derived,FY19 - 1Q19 - 2Q19 - 3Q19 = 21.0 - 5.0 - 7.0 - 13.0
income_statement,us-gaap:ComprehensiveIncomeNetOfTaxAttributableToNoncontrollingInterest,Noncontrolling Interest,4Q20,0.0,(derived),,,,,derived,FY20 - 1Q20 - 2Q20 - 3Q20 = 20.0 - 9.0 - 5.0 - 6.0
income_statement,us-gaap:ComprehensiveIncomeNetOfTaxAttributableToNoncontrollingInterest,Noncontrolling Interest,4Q21,0.0,(derived),,,,,derived,FY21 - 1Q21 - 2Q21 - 3Q21 = 20.0 - 8.0 - 6.0 - 6.0
income_statement,us-gaap:ComprehensiveIncomeNetOfTaxAttributableToNoncontrollingInterest,Noncontrolling Interest,4Q22,3.0,(derived),,,,,derived,FY22 - 1Q22 - 2Q22 - 3Q22 = 18.0 - 5.0 - 8.0 - 2.0
income_statement,us-gaap:ComprehensiveIncomeNetOfTaxAttributableToNoncontrollingInterest,Noncontrolling Interest,4Q23,0.0,(derived),,,,,derived,FY23 - 1Q23 - 2Q23 - 3Q23 = 15.0 - 5.0 - 4.0 - 6.0
income_statement,us-gaap:ComprehensiveIncomeNetOfTaxAttributableToNoncontrollingInterest,Noncontrolling Interest,4Q24,4.0,(derived),,,,,derived,FY24 - 1Q24 - 2Q24 - 3Q24 = 15.0 - 3.0 - 4.0 - 4.0
income_statement,us-gaap:ComprehensiveIncomeNetOfTaxAttributableToNoncontrollingInterest,Noncontrolling Interest,4Q25,0.0,(derived),,,,,derived,FY25 - 1Q25 - 2Q25 - 3Q25 = 2.0 - 6.0 - 2.0 - -6.0
income_statement,us-gaap:NetIncomeLoss,Net earnings/(loss) attributable to BMS,4Q19,-1056.0,(derived),,,,,derived,FY19 - 1Q19 - 2Q19 - 3Q19 = 3439.0 - 1710.0 - 1432.0 - 1353.0
income_statement,us-gaap:NetIncomeLoss,Net earnings/(loss) attributable to BMS,4Q20,-10027.0,(derived),,,,,derived,FY20 - 1Q20 - 2Q20 - 3Q20 = -9015.0 - -775.0 - -85.0 - 1872.0
income_statement,us-gaap:NetIncomeLoss,Net earnings/(loss) attributable to BMS,4Q21,2372.0,(derived),,,,,derived,FY21 - 1Q21 - 2Q21 - 3Q21 = 6994.0 - 2021.0 - 1055.0 - 1546.0
income_statement,us-gaap:NetIncomeLoss,Net earnings/(loss) attributable to BMS,4Q22,2022.0,(derived),,,,,derived,FY22 - 1Q22 - 2Q22 - 3Q22 = 6327.0 - 1278.0 - 1421.0 - 1606.0
income_statement,us-gaap:NetIncomeLoss,Net earnings/(loss) attributable to BMS,4Q23,1762.0,(derived),,,,,derived,FY23 - 1Q23 - 2Q23 - 3Q23 = 8025.0 - 2262.0 - 2073.0 - 1928.0
income_statement,us-gaap:NetIncomeLoss,Net earnings/(loss) attributable to BMS,4Q24,72.0,(derived),,,,,derived,FY24 - 1Q24 - 2Q24 - 3Q24 = -8948.0 - -11911.0 - 1680.0 - 1211.0
income_statement,us-gaap:NetIncomeLoss,Net earnings/(loss) attributable to BMS,4Q25,1087.0,(derived),,,,,derived,FY25 - 1Q25 - 2Q25 - 3Q25 = 7054.0 - 2456.0 - 1310.0 - 2201.0
income_statement,us-gaap:EarningsPerShareBasic,Basic,4Q19,-0.74,(derived),,,,,derived,FY19 - 1Q19 - 2Q19 - 3Q19 = 2.02 - 1.05 - 0.88 - 0.83
income_statement,us-gaap:EarningsPerShareBasic,Basic,4Q20,-5.12,(derived),,,,,derived,FY20 - 1Q20 - 2Q20 - 3Q20 = -3.99 - 0.34 - -0.04 - 0.83
income_statement,us-gaap:EarningsPerShareBasic,Basic,4Q21,1.08,(derived),,,,,derived,FY21 - 1Q21 - 2Q21 - 3Q21 = 3.15 - 0.9 - 0.47 - 0.7
income_statement,us-gaap:EarningsPerShareBasic,Basic,4Q22,0.9500000000000002,(derived),,,,,derived,FY22 - 1Q22 - 2Q22 - 3Q22 = 2.97 - 0.6 - 0.67 - 0.75
income_statement,us-gaap:EarningsPerShareBasic,Basic,4Q23,0.8699999999999999,(derived),,,,,derived,FY23 - 1Q23 - 2Q23 - 3Q23 = 3.88 - 1.08 - 0.99 - 0.94
income_statement,us-gaap:EarningsPerShareBasic,Basic,4Q24,0.0499999999999996,(derived),,,,,derived,FY24 - 1Q24 - 2Q24 - 3Q24 = -4.41 - -5.89 - 0.83 - 0.6
income_statement,us-gaap:EarningsPerShareBasic,Basic,4Q25,0.54,(derived),,,,,derived,FY25 - 1Q25 - 2Q25 - 3Q25 = 3.47 - 1.21 - 0.64 - 1.08
income_statement,us-gaap:EarningsPerShareDiluted,Diluted,4Q19,-0.7300000000000002,(derived),,,,,derived,FY19 - 1Q19 - 2Q19 - 3Q19 = 2.01 - 1.04 - 0.87 - 0.83
income_statement,us-gaap:EarningsPerShareDiluted,Diluted,4Q20,-4.430000000000001,(derived),,,,,derived,FY20 - 1Q20 - 2Q20 - 3Q20 = -3.99 - -0.34 - -0.04 - 0.82
income_statement,us-gaap:EarningsPerShareDiluted,Diluted,4Q21,1.07,(derived),,,,,derived,FY21 - 1Q21 - 2Q21 - 3Q21 = 3.12 - 0.89 - 0.47 - 0.69
income_statement,us-gaap:EarningsPerShareDiluted,Diluted,4Q22,0.9500000000000002,(derived),,,,,derived,FY22 - 1Q22 - 2Q22 - 3Q22 = 2.95 - 0.59 - 0.66 - 0.75
income_statement,us-gaap:EarningsPerShareDiluted,Diluted,4Q23,0.87,(derived),,,,,derived,FY23 - 1Q23 - 2Q23 - 3Q23 = 3.86 - 1.07 - 0.99 - 0.93
income_statement,us-gaap:EarningsPerShareDiluted,Diluted,4Q24,0.0499999999999996,(derived),,,,,derived,FY24 - 1Q24 - 2Q24 - 3Q24 = -4.41 - -5.89 - 0.83 - 0.6
income_statement,us-gaap:EarningsPerShareDiluted,Diluted,4Q25,0.5399999999999996,(derived),,,,,derived,FY25 - 1Q25 - 2Q25 - 3Q25 = 3.46 - 1.2 - 0.64 - 1.08
income_statement,bmy:AcquiredIPRD,Acquired IPRD,4Q23,600.0,(derived),,,,,derived,FY23 - 1Q23 - 2Q23 - 3Q23 = 913.0 - 75.0 - 158.0 - 80.0
income_statement,bmy:AcquiredIPRD,Acquired IPRD,4Q24,30.0,(derived),,,,,derived,FY24 - 1Q24 - 2Q24 - 3Q24 = 13373.0 - 12949.0 - 132.0 - 262.0
income_statement,bmy:AcquiredIPRD,Acquired IPRD,4Q25,1392.0,(derived),,,,,derived,FY25 - 1Q25 - 2Q25 - 3Q25 = 3721.0 - 188.0 - 1508.0 - 633.0
balance_sheet,us-gaap:CashAndCashEquivalentsAtCarryingValue,Cash and cash equivalents,4Q19,12346.0,(derived),,,,,copied_from_fy_for_bs,4Q19 = FY19 (balance sheet year-end instant)
balance_sheet,us-gaap:CashAndCashEquivalentsAtCarryingValue,Cash and cash equivalents,4Q20,14546.0,(derived),,,,,copied_from_fy_for_bs,4Q20 = FY20 (balance sheet year-end instant)
balance_sheet,us-gaap:CashAndCashEquivalentsAtCarryingValue,Cash and cash equivalents,4Q21,13979.0,(derived),,,,,copied_from_fy_for_bs,4Q21 = FY21 (balance sheet year-end instant)
balance_sheet,us-gaap:CashAndCashEquivalentsAtCarryingValue,Cash and cash equivalents,4Q22,9123.0,(derived),,,,,copied_from_fy_for_bs,4Q22 = FY22 (balance sheet year-end instant)
balance_sheet,us-gaap:CashAndCashEquivalentsAtCarryingValue,Cash and cash equivalents,4Q23,11464.0,(derived),,,,,copied_from_fy_for_bs,4Q23 = FY23 (balance sheet year-end instant)
balance_sheet,us-gaap:CashAndCashEquivalentsAtCarryingValue,Cash and cash equivalents,4Q24,10346.0,(derived),,,,,copied_from_fy_for_bs,4Q24 = FY24 (balance sheet year-end instant)
balance_sheet,us-gaap:CashAndCashEquivalentsAtCarryingValue,Cash and cash equivalents,4Q25,10209.0,(derived),,,,,copied_from_fy_for_bs,4Q25 = FY25 (balance sheet year-end instant)
balance_sheet,us-gaap:MarketableSecuritiesCurrent,Marketable debt securities,4Q19,3047.0,(derived),,,,,copied_from_fy_for_bs,4Q19 = FY19 (balance sheet year-end instant)
balance_sheet,us-gaap:MarketableSecuritiesCurrent,Marketable debt securities,4Q20,1285.0,(derived),,,,,copied_from_fy_for_bs,4Q20 = FY20 (balance sheet year-end instant)
balance_sheet,us-gaap:MarketableSecuritiesCurrent,Marketable debt securities,4Q21,2987.0,(derived),,,,,copied_from_fy_for_bs,4Q21 = FY21 (balance sheet year-end instant)
balance_sheet,us-gaap:MarketableSecuritiesCurrent,Marketable debt securities,4Q22,130.0,(derived),,,,,copied_from_fy_for_bs,4Q22 = FY22 (balance sheet year-end instant)
balance_sheet,us-gaap:ReceivablesNetCurrent,Receivables,4Q19,7685.0,(derived),,,,,copied_from_fy_for_bs,4Q19 = FY19 (balance sheet year-end instant)
balance_sheet,us-gaap:ReceivablesNetCurrent,Receivables,4Q20,8501.0,(derived),,,,,copied_from_fy_for_bs,4Q20 = FY20 (balance sheet year-end instant)
balance_sheet,us-gaap:ReceivablesNetCurrent,Receivables,4Q21,9369.0,(derived),,,,,copied_from_fy_for_bs,4Q21 = FY21 (balance sheet year-end instant)
balance_sheet,us-gaap:ReceivablesNetCurrent,Receivables,4Q22,9886.0,(derived),,,,,copied_from_fy_for_bs,4Q22 = FY22 (balance sheet year-end instant)
balance_sheet,us-gaap:ReceivablesNetCurrent,Receivables,4Q23,10921.0,(derived),,,,,copied_from_fy_for_bs,4Q23 = FY23 (balance sheet year-end instant)
balance_sheet,us-gaap:ReceivablesNetCurrent,Receivables,4Q24,10747.0,(derived),,,,,copied_from_fy_for_bs,4Q24 = FY24 (balance sheet year-end instant)
balance_sheet,us-gaap:ReceivablesNetCurrent,Receivables,4Q25,11414.0,(derived),,,,,copied_from_fy_for_bs,4Q25 = FY25 (balance sheet year-end instant)
balance_sheet,us-gaap:InventoryNet,Inventories,4Q19,4293.0,(derived),,,,,copied_from_fy_for_bs,4Q19 = FY19 (balance sheet year-end instant)
balance_sheet,us-gaap:InventoryNet,Inventories,4Q20,2074.0,(derived),,,,,copied_from_fy_for_bs,4Q20 = FY20 (balance sheet year-end instant)
balance_sheet,us-gaap:InventoryNet,Inventories,4Q21,2095.0,(derived),,,,,copied_from_fy_for_bs,4Q21 = FY21 (balance sheet year-end instant)
balance_sheet,us-gaap:InventoryNet,Inventories,4Q22,2339.0,(derived),,,,,copied_from_fy_for_bs,4Q22 = FY22 (balance sheet year-end instant)
balance_sheet,us-gaap:InventoryNet,Inventories,4Q23,2662.0,(derived),,,,,copied_from_fy_for_bs,4Q23 = FY23 (balance sheet year-end instant)
balance_sheet,us-gaap:InventoryNet,Inventories,4Q24,2557.0,(derived),,,,,copied_from_fy_for_bs,4Q24 = FY24 (balance sheet year-end instant)
balance_sheet,us-gaap:InventoryNet,Inventories,4Q25,2690.0,(derived),,,,,copied_from_fy_for_bs,4Q25 = FY25 (balance sheet year-end instant)
balance_sheet,us-gaap:OtherAssetsCurrent,Other current assets,4Q19,1983.0,(derived),,,,,copied_from_fy_for_bs,4Q19 = FY19 (balance sheet year-end instant)
balance_sheet,us-gaap:OtherAssetsCurrent,Other current assets,4Q20,3786.0,(derived),,,,,copied_from_fy_for_bs,4Q20 = FY20 (balance sheet year-end instant)
balance_sheet,us-gaap:OtherAssetsCurrent,Other current assets,4Q21,4832.0,(derived),,,,,copied_from_fy_for_bs,4Q21 = FY21 (balance sheet year-end instant)
balance_sheet,us-gaap:OtherAssetsCurrent,Other current assets,4Q22,5795.0,(derived),,,,,copied_from_fy_for_bs,4Q22 = FY22 (balance sheet year-end instant)
balance_sheet,us-gaap:OtherAssetsCurrent,Other current assets,4Q23,5907.0,(derived),,,,,copied_from_fy_for_bs,4Q23 = FY23 (balance sheet year-end instant)
balance_sheet,us-gaap:OtherAssetsCurrent,Other current assets,4Q24,5617.0,(derived),,,,,copied_from_fy_for_bs,4Q24 = FY24 (balance sheet year-end instant)
balance_sheet,us-gaap:OtherAssetsCurrent,Other current assets,4Q25,4613.0,(derived),,,,,copied_from_fy_for_bs,4Q25 = FY25 (balance sheet year-end instant)
balance_sheet,us-gaap:AssetsCurrent,Total Current assets,4Q19,29354.0,(derived),,,,,copied_from_fy_for_bs,4Q19 = FY19 (balance sheet year-end instant)
balance_sheet,us-gaap:AssetsCurrent,Total Current assets,4Q20,30192.0,(derived),,,,,copied_from_fy_for_bs,4Q20 = FY20 (balance sheet year-end instant)
balance_sheet,us-gaap:AssetsCurrent,Total Current assets,4Q21,33262.0,(derived),,,,,copied_from_fy_for_bs,4Q21 = FY21 (balance sheet year-end instant)
balance_sheet,us-gaap:AssetsCurrent,Total Current assets,4Q22,27273.0,(derived),,,,,copied_from_fy_for_bs,4Q22 = FY22 (balance sheet year-end instant)
balance_sheet,us-gaap:AssetsCurrent,Total Current assets,4Q23,31770.0,(derived),,,,,copied_from_fy_for_bs,4Q23 = FY23 (balance sheet year-end instant)
balance_sheet,us-gaap:AssetsCurrent,Total Current assets,4Q24,29780.0,(derived),,,,,copied_from_fy_for_bs,4Q24 = FY24 (balance sheet year-end instant)
balance_sheet,us-gaap:AssetsCurrent,Total Current assets,4Q25,29390.0,(derived),,,,,copied_from_fy_for_bs,4Q25 = FY25 (balance sheet year-end instant)
balance_sheet,us-gaap:PropertyPlantAndEquipmentNet,"Property, plant and equipment",4Q19,6252.0,(derived),,,,,copied_from_fy_for_bs,4Q19 = FY19 (balance sheet year-end instant)
balance_sheet,us-gaap:PropertyPlantAndEquipmentNet,"Property, plant and equipment",4Q20,5886.0,(derived),,,,,copied_from_fy_for_bs,4Q20 = FY20 (balance sheet year-end instant)
balance_sheet,us-gaap:PropertyPlantAndEquipmentNet,"Property, plant and equipment",4Q21,6049.0,(derived),,,,,copied_from_fy_for_bs,4Q21 = FY21 (balance sheet year-end instant)
balance_sheet,us-gaap:PropertyPlantAndEquipmentNet,"Property, plant and equipment",4Q22,6255.0,(derived),,,,,copied_from_fy_for_bs,4Q22 = FY22 (balance sheet year-end instant)
balance_sheet,us-gaap:PropertyPlantAndEquipmentNet,"Property, plant and equipment",4Q23,6646.0,(derived),,,,,copied_from_fy_for_bs,4Q23 = FY23 (balance sheet year-end instant)
balance_sheet,us-gaap:PropertyPlantAndEquipmentNet,"Property, plant and equipment",4Q24,7136.0,(derived),,,,,copied_from_fy_for_bs,4Q24 = FY24 (balance sheet year-end instant)
balance_sheet,us-gaap:PropertyPlantAndEquipmentNet,"Property, plant and equipment",4Q25,7543.0,(derived),,,,,copied_from_fy_for_bs,4Q25 = FY25 (balance sheet year-end instant)
balance_sheet,us-gaap:Goodwill,Goodwill,4Q19,22488.0,(derived),,,,,copied_from_fy_for_bs,4Q19 = FY19 (balance sheet year-end instant)
balance_sheet,us-gaap:Goodwill,Goodwill,4Q20,20547.0,(derived),,,,,copied_from_fy_for_bs,4Q20 = FY20 (balance sheet year-end instant)
balance_sheet,us-gaap:Goodwill,Goodwill,4Q21,20502.0,(derived),,,,,copied_from_fy_for_bs,4Q21 = FY21 (balance sheet year-end instant)
balance_sheet,us-gaap:Goodwill,Goodwill,4Q22,21149.0,(derived),,,,,copied_from_fy_for_bs,4Q22 = FY22 (balance sheet year-end instant)
balance_sheet,us-gaap:Goodwill,Goodwill,4Q23,21169.0,(derived),,,,,copied_from_fy_for_bs,4Q23 = FY23 (balance sheet year-end instant)
balance_sheet,us-gaap:Goodwill,Goodwill,4Q24,21719.0,(derived),,,,,copied_from_fy_for_bs,4Q24 = FY24 (balance sheet year-end instant)
balance_sheet,us-gaap:Goodwill,Goodwill,4Q25,21754.0,(derived),,,,,copied_from_fy_for_bs,4Q25 = FY25 (balance sheet year-end instant)
balance_sheet,us-gaap:IntangibleAssetsNetExcludingGoodwill,Other intangible assets,4Q19,63969.0,(derived),,,,,copied_from_fy_for_bs,4Q19 = FY19 (balance sheet year-end instant)
balance_sheet,us-gaap:IntangibleAssetsNetExcludingGoodwill,Other intangible assets,4Q20,53243.0,(derived),,,,,copied_from_fy_for_bs,4Q20 = FY20 (balance sheet year-end instant)
balance_sheet,us-gaap:IntangibleAssetsNetExcludingGoodwill,Other intangible assets,4Q21,42527.0,(derived),,,,,copied_from_fy_for_bs,4Q21 = FY21 (balance sheet year-end instant)
balance_sheet,us-gaap:IntangibleAssetsNetExcludingGoodwill,Other intangible assets,4Q22,35859.0,(derived),,,,,copied_from_fy_for_bs,4Q22 = FY22 (balance sheet year-end instant)
balance_sheet,us-gaap:IntangibleAssetsNetExcludingGoodwill,Other intangible assets,4Q23,27072.0,(derived),,,,,copied_from_fy_for_bs,4Q23 = FY23 (balance sheet year-end instant)
balance_sheet,us-gaap:IntangibleAssetsNetExcludingGoodwill,Other intangible assets,4Q24,23307.0,(derived),,,,,copied_from_fy_for_bs,4Q24 = FY24 (balance sheet year-end instant)
balance_sheet,us-gaap:IntangibleAssetsNetExcludingGoodwill,Other intangible assets,4Q25,19103.0,(derived),,,,,copied_from_fy_for_bs,4Q25 = FY25 (balance sheet year-end instant)
balance_sheet,us-gaap:DeferredTaxAssetsNetNoncurrent,Deferred income taxes,4Q19,510.0,(derived),,,,,copied_from_fy_for_bs,4Q19 = FY19 (balance sheet year-end instant)
balance_sheet,us-gaap:MarketableSecuritiesNoncurrent,Marketable debt securities,4Q19,767.0,(derived),,,,,copied_from_fy_for_bs,4Q19 = FY19 (balance sheet year-end instant)
balance_sheet,us-gaap:MarketableSecuritiesNoncurrent,Marketable debt securities,4Q20,433.0,(derived),,,,,copied_from_fy_for_bs,4Q20 = FY20 (balance sheet year-end instant)
balance_sheet,us-gaap:OtherAssetsNoncurrent,Other non-current assets,4Q19,6604.0,(derived),,,,,copied_from_fy_for_bs,4Q19 = FY19 (balance sheet year-end instant)
balance_sheet,us-gaap:OtherAssetsNoncurrent,Other non-current assets,4Q20,7019.0,(derived),,,,,copied_from_fy_for_bs,4Q20 = FY20 (balance sheet year-end instant)
balance_sheet,us-gaap:OtherAssetsNoncurrent,Other non-current assets,4Q21,5535.0,(derived),,,,,copied_from_fy_for_bs,4Q21 = FY21 (balance sheet year-end instant)
balance_sheet,us-gaap:OtherAssetsNoncurrent,Other non-current assets,4Q22,4940.0,(derived),,,,,copied_from_fy_for_bs,4Q22 = FY22 (balance sheet year-end instant)
balance_sheet,us-gaap:OtherAssetsNoncurrent,Other non-current assets,4Q23,5370.0,(derived),,,,,copied_from_fy_for_bs,4Q23 = FY23 (balance sheet year-end instant)
balance_sheet,us-gaap:OtherAssetsNoncurrent,Other non-current assets,4Q24,6105.0,(derived),,,,,copied_from_fy_for_bs,4Q24 = FY24 (balance sheet year-end instant)
balance_sheet,us-gaap:OtherAssetsNoncurrent,Other non-current assets,4Q25,6474.0,(derived),,,,,copied_from_fy_for_bs,4Q25 = FY25 (balance sheet year-end instant)
balance_sheet,us-gaap:Assets,Total Assets,4Q19,129944.0,(derived),,,,,copied_from_fy_for_bs,4Q19 = FY19 (balance sheet year-end instant)
balance_sheet,us-gaap:Assets,Total Assets,4Q20,118481.0,(derived),,,,,copied_from_fy_for_bs,4Q20 = FY20 (balance sheet year-end instant)
balance_sheet,us-gaap:Assets,Total Assets,4Q21,109314.0,(derived),,,,,copied_from_fy_for_bs,4Q21 = FY21 (balance sheet year-end instant)
balance_sheet,us-gaap:Assets,Total Assets,4Q22,96820.0,(derived),,,,,copied_from_fy_for_bs,4Q22 = FY22 (balance sheet year-end instant)
balance_sheet,us-gaap:Assets,Total Assets,4Q23,95159.0,(derived),,,,,copied_from_fy_for_bs,4Q23 = FY23 (balance sheet year-end instant)
balance_sheet,us-gaap:Assets,Total Assets,4Q24,92603.0,(derived),,,,,copied_from_fy_for_bs,4Q24 = FY24 (balance sheet year-end instant)
balance_sheet,us-gaap:Assets,Total Assets,4Q25,90038.0,(derived),,,,,copied_from_fy_for_bs,4Q25 = FY25 (balance sheet year-end instant)
balance_sheet,us-gaap:DebtCurrent,Short-term debt obligations,4Q19,3346.0,(derived),,,,,copied_from_fy_for_bs,4Q19 = FY19 (balance sheet year-end instant)
balance_sheet,us-gaap:DebtCurrent,Short-term debt obligations,4Q20,2340.0,(derived),,,,,copied_from_fy_for_bs,4Q20 = FY20 (balance sheet year-end instant)
balance_sheet,us-gaap:DebtCurrent,Short-term debt obligations,4Q21,4948.0,(derived),,,,,copied_from_fy_for_bs,4Q21 = FY21 (balance sheet year-end instant)
balance_sheet,us-gaap:DebtCurrent,Short-term debt obligations,4Q22,4264.0,(derived),,,,,copied_from_fy_for_bs,4Q22 = FY22 (balance sheet year-end instant)
balance_sheet,us-gaap:DebtCurrent,Short-term debt obligations,4Q23,3119.0,(derived),,,,,copied_from_fy_for_bs,4Q23 = FY23 (balance sheet year-end instant)
balance_sheet,us-gaap:DebtCurrent,Short-term debt obligations,4Q24,2046.0,(derived),,,,,copied_from_fy_for_bs,4Q24 = FY24 (balance sheet year-end instant)
balance_sheet,us-gaap:DebtCurrent,Short-term debt obligations,4Q25,2261.0,(derived),,,,,copied_from_fy_for_bs,4Q25 = FY25 (balance sheet year-end instant)
balance_sheet,us-gaap:AccountsPayableCurrent,Accounts payable,4Q19,2445.0,(derived),,,,,copied_from_fy_for_bs,4Q19 = FY19 (balance sheet year-end instant)
balance_sheet,us-gaap:AccountsPayableCurrent,Accounts payable,4Q20,2713.0,(derived),,,,,copied_from_fy_for_bs,4Q20 = FY20 (balance sheet year-end instant)
balance_sheet,us-gaap:AccountsPayableCurrent,Accounts payable,4Q21,2949.0,(derived),,,,,copied_from_fy_for_bs,4Q21 = FY21 (balance sheet year-end instant)
balance_sheet,us-gaap:AccountsPayableCurrent,Accounts payable,4Q22,3040.0,(derived),,,,,copied_from_fy_for_bs,4Q22 = FY22 (balance sheet year-end instant)
balance_sheet,us-gaap:AccountsPayableCurrent,Accounts payable,4Q23,3259.0,(derived),,,,,copied_from_fy_for_bs,4Q23 = FY23 (balance sheet year-end instant)
balance_sheet,us-gaap:AccountsPayableCurrent,Accounts payable,4Q24,3602.0,(derived),,,,,copied_from_fy_for_bs,4Q24 = FY24 (balance sheet year-end instant)
balance_sheet,us-gaap:AccountsPayableCurrent,Accounts payable,4Q25,3575.0,(derived),,,,,copied_from_fy_for_bs,4Q25 = FY25 (balance sheet year-end instant)
balance_sheet,us-gaap:OtherLiabilitiesCurrent,Other current liabilities,4Q19,12513.0,(derived),,,,,copied_from_fy_for_bs,4Q19 = FY19 (balance sheet year-end instant)
balance_sheet,us-gaap:OtherLiabilitiesCurrent,Other current liabilities,4Q20,14027.0,(derived),,,,,copied_from_fy_for_bs,4Q20 = FY20 (balance sheet year-end instant)
balance_sheet,us-gaap:OtherLiabilitiesCurrent,Other current liabilities,4Q21,13971.0,(derived),,,,,copied_from_fy_for_bs,4Q21 = FY21 (balance sheet year-end instant)
balance_sheet,us-gaap:OtherLiabilitiesCurrent,Other current liabilities,4Q22,14586.0,(derived),,,,,copied_from_fy_for_bs,4Q22 = FY22 (balance sheet year-end instant)
balance_sheet,us-gaap:OtherLiabilitiesCurrent,Other current liabilities,4Q23,15884.0,(derived),,,,,copied_from_fy_for_bs,4Q23 = FY23 (balance sheet year-end instant)
balance_sheet,us-gaap:OtherLiabilitiesCurrent,Other current liabilities,4Q24,18126.0,(derived),,,,,copied_from_fy_for_bs,4Q24 = FY24 (balance sheet year-end instant)
balance_sheet,us-gaap:OtherLiabilitiesCurrent,Other current liabilities,4Q25,17581.0,(derived),,,,,copied_from_fy_for_bs,4Q25 = FY25 (balance sheet year-end instant)
balance_sheet,us-gaap:LiabilitiesCurrent,Total Current liabilities,4Q19,18304.0,(derived),,,,,copied_from_fy_for_bs,4Q19 = FY19 (balance sheet year-end instant)
balance_sheet,us-gaap:LiabilitiesCurrent,Total Current liabilities,4Q20,19080.0,(derived),,,,,copied_from_fy_for_bs,4Q20 = FY20 (balance sheet year-end instant)
balance_sheet,us-gaap:LiabilitiesCurrent,Total Current liabilities,4Q21,21868.0,(derived),,,,,copied_from_fy_for_bs,4Q21 = FY21 (balance sheet year-end instant)
balance_sheet,us-gaap:LiabilitiesCurrent,Total Current liabilities,4Q22,21890.0,(derived),,,,,copied_from_fy_for_bs,4Q22 = FY22 (balance sheet year-end instant)
balance_sheet,us-gaap:LiabilitiesCurrent,Total Current liabilities,4Q23,22262.0,(derived),,,,,copied_from_fy_for_bs,4Q23 = FY23 (balance sheet year-end instant)
balance_sheet,us-gaap:LiabilitiesCurrent,Total Current liabilities,4Q24,23774.0,(derived),,,,,copied_from_fy_for_bs,4Q24 = FY24 (balance sheet year-end instant)
balance_sheet,us-gaap:LiabilitiesCurrent,Total Current liabilities,4Q25,23417.0,(derived),,,,,copied_from_fy_for_bs,4Q25 = FY25 (balance sheet year-end instant)
balance_sheet,us-gaap:DeferredIncomeTaxLiabilitiesNet,Deferred income taxes,4Q19,6454.0,(derived),,,,,copied_from_fy_for_bs,4Q19 = FY19 (balance sheet year-end instant)
balance_sheet,us-gaap:DeferredIncomeTaxLiabilitiesNet,Deferred income taxes,4Q20,5407.0,(derived),,,,,copied_from_fy_for_bs,4Q20 = FY20 (balance sheet year-end instant)
balance_sheet,us-gaap:DeferredIncomeTaxLiabilitiesNet,Deferred income taxes,4Q21,4501.0,(derived),,,,,copied_from_fy_for_bs,4Q21 = FY21 (balance sheet year-end instant)
balance_sheet,us-gaap:DeferredIncomeTaxLiabilitiesNet,Deferred income taxes,4Q22,2166.0,(derived),,,,,copied_from_fy_for_bs,4Q22 = FY22 (balance sheet year-end instant)
balance_sheet,us-gaap:DeferredIncomeTaxLiabilitiesNet,Deferred income taxes,4Q23,338.0,(derived),,,,,copied_from_fy_for_bs,4Q23 = FY23 (balance sheet year-end instant)
balance_sheet,us-gaap:DeferredIncomeTaxLiabilitiesNet,Deferred income taxes,4Q24,369.0,(derived),,,,,copied_from_fy_for_bs,4Q24 = FY24 (balance sheet year-end instant)
balance_sheet,us-gaap:DeferredIncomeTaxLiabilitiesNet,Deferred income taxes,4Q25,222.0,(derived),,,,,copied_from_fy_for_bs,4Q25 = FY25 (balance sheet year-end instant)
balance_sheet,us-gaap:LongTermDebtNoncurrent,Long-term debt,4Q19,43387.0,(derived),,,,,copied_from_fy_for_bs,4Q19 = FY19 (balance sheet year-end instant)
balance_sheet,us-gaap:LongTermDebtNoncurrent,Long-term debt,4Q20,48336.0,(derived),,,,,copied_from_fy_for_bs,4Q20 = FY20 (balance sheet year-end instant)
balance_sheet,us-gaap:LongTermDebtNoncurrent,Long-term debt,4Q21,39605.0,(derived),,,,,copied_from_fy_for_bs,4Q21 = FY21 (balance sheet year-end instant)
balance_sheet,us-gaap:LongTermDebtNoncurrent,Long-term debt,4Q22,35056.0,(derived),,,,,copied_from_fy_for_bs,4Q22 = FY22 (balance sheet year-end instant)
balance_sheet,us-gaap:LongTermDebtNoncurrent,Long-term debt,4Q23,36653.0,(derived),,,,,copied_from_fy_for_bs,4Q23 = FY23 (balance sheet year-end instant)
balance_sheet,us-gaap:LongTermDebtNoncurrent,Long-term debt,4Q24,47603.0,(derived),,,,,copied_from_fy_for_bs,4Q24 = FY24 (balance sheet year-end instant)
balance_sheet,us-gaap:LongTermDebtNoncurrent,Long-term debt,4Q25,42850.0,(derived),,,,,copied_from_fy_for_bs,4Q25 = FY25 (balance sheet year-end instant)
balance_sheet,us-gaap:OtherLiabilitiesNoncurrent,Other non-current liabilities,4Q19,10101.0,(derived),,,,,copied_from_fy_for_bs,4Q19 = FY19 (balance sheet year-end instant)
balance_sheet,us-gaap:OtherLiabilitiesNoncurrent,Other non-current liabilities,4Q20,7776.0,(derived),,,,,copied_from_fy_for_bs,4Q20 = FY20 (balance sheet year-end instant)
balance_sheet,us-gaap:OtherLiabilitiesNoncurrent,Other non-current liabilities,4Q21,7334.0,(derived),,,,,copied_from_fy_for_bs,4Q21 = FY21 (balance sheet year-end instant)
balance_sheet,us-gaap:OtherLiabilitiesNoncurrent,Other non-current liabilities,4Q22,6590.0,(derived),,,,,copied_from_fy_for_bs,4Q22 = FY22 (balance sheet year-end instant)
balance_sheet,us-gaap:OtherLiabilitiesNoncurrent,Other non-current liabilities,4Q23,6421.0,(derived),,,,,copied_from_fy_for_bs,4Q23 = FY23 (balance sheet year-end instant)
balance_sheet,us-gaap:OtherLiabilitiesNoncurrent,Other non-current liabilities,4Q24,4469.0,(derived),,,,,copied_from_fy_for_bs,4Q24 = FY24 (balance sheet year-end instant)
balance_sheet,us-gaap:OtherLiabilitiesNoncurrent,Other non-current liabilities,4Q25,5043.0,(derived),,,,,copied_from_fy_for_bs,4Q25 = FY25 (balance sheet year-end instant)
balance_sheet,us-gaap:Liabilities,Total Liabilities,4Q19,78246.0,(derived),,,,,copied_from_fy_for_bs,4Q19 = FY19 (balance sheet year-end instant)
balance_sheet,us-gaap:Liabilities,Total Liabilities,4Q20,80599.0,(derived),,,,,copied_from_fy_for_bs,4Q20 = FY20 (balance sheet year-end instant)
balance_sheet,us-gaap:Liabilities,Total Liabilities,4Q21,73308.0,(derived),,,,,copied_from_fy_for_bs,4Q21 = FY21 (balance sheet year-end instant)
balance_sheet,us-gaap:Liabilities,Total Liabilities,4Q22,65702.0,(derived),,,,,copied_from_fy_for_bs,4Q22 = FY22 (balance sheet year-end instant)
balance_sheet,us-gaap:Liabilities,Total Liabilities,4Q23,65674.0,(derived),,,,,copied_from_fy_for_bs,4Q23 = FY23 (balance sheet year-end instant)
balance_sheet,us-gaap:Liabilities,Total Liabilities,4Q24,76215.0,(derived),,,,,copied_from_fy_for_bs,4Q24 = FY24 (balance sheet year-end instant)
balance_sheet,us-gaap:Liabilities,Total Liabilities,4Q25,71533.0,(derived),,,,,copied_from_fy_for_bs,4Q25 = FY25 (balance sheet year-end instant)
balance_sheet,us-gaap:CommonStockValue,"Common stock, par value of $0.10 per share: Authorized 4.5 billion shares; 2.9 billion issued in 2019 and 2.2 billion issued in 2018",4Q19,292.0,(derived),,,,,copied_from_fy_for_bs,4Q19 = FY19 (balance sheet year-end instant)
balance_sheet,us-gaap:AdditionalPaidInCapital,Capital in excess of par value of stock,4Q19,43709.0,(derived),,,,,copied_from_fy_for_bs,4Q19 = FY19 (balance sheet year-end instant)
balance_sheet,us-gaap:AdditionalPaidInCapital,Capital in excess of par value of stock,4Q20,44325.0,(derived),,,,,copied_from_fy_for_bs,4Q20 = FY20 (balance sheet year-end instant)
balance_sheet,us-gaap:AdditionalPaidInCapital,Capital in excess of par value of stock,4Q21,44361.0,(derived),,,,,copied_from_fy_for_bs,4Q21 = FY21 (balance sheet year-end instant)
balance_sheet,us-gaap:AdditionalPaidInCapital,Capital in excess of par value of stock,4Q22,45165.0,(derived),,,,,copied_from_fy_for_bs,4Q22 = FY22 (balance sheet year-end instant)
balance_sheet,us-gaap:AdditionalPaidInCapital,Capital in excess of par value of stock,4Q23,45684.0,(derived),,,,,copied_from_fy_for_bs,4Q23 = FY23 (balance sheet year-end instant)
balance_sheet,us-gaap:AdditionalPaidInCapital,Capital in excess of par value of stock,4Q24,46024.0,(derived),,,,,copied_from_fy_for_bs,4Q24 = FY24 (balance sheet year-end instant)
balance_sheet,us-gaap:AdditionalPaidInCapital,Capital in excess of par value of stock,4Q25,46387.0,(derived),,,,,copied_from_fy_for_bs,4Q25 = FY25 (balance sheet year-end instant)
balance_sheet,us-gaap:AccumulatedOtherComprehensiveIncomeLossNetOfTax,Accumulated other comprehensive loss,4Q19,-1520.0,(derived),,,,,copied_from_fy_for_bs,4Q19 = FY19 (balance sheet year-end instant)
balance_sheet,us-gaap:AccumulatedOtherComprehensiveIncomeLossNetOfTax,Accumulated other comprehensive loss,4Q20,-1839.0,(derived),,,,,copied_from_fy_for_bs,4Q20 = FY20 (balance sheet year-end instant)
balance_sheet,us-gaap:AccumulatedOtherComprehensiveIncomeLossNetOfTax,Accumulated other comprehensive loss,4Q21,-1268.0,(derived),,,,,copied_from_fy_for_bs,4Q21 = FY21 (balance sheet year-end instant)
balance_sheet,us-gaap:AccumulatedOtherComprehensiveIncomeLossNetOfTax,Accumulated other comprehensive loss,4Q22,-1281.0,(derived),,,,,copied_from_fy_for_bs,4Q22 = FY22 (balance sheet year-end instant)
balance_sheet,us-gaap:AccumulatedOtherComprehensiveIncomeLossNetOfTax,Accumulated other comprehensive loss,4Q23,-1546.0,(derived),,,,,copied_from_fy_for_bs,4Q23 = FY23 (balance sheet year-end instant)
balance_sheet,us-gaap:AccumulatedOtherComprehensiveIncomeLossNetOfTax,Accumulated other comprehensive loss,4Q24,-1238.0,(derived),,,,,copied_from_fy_for_bs,4Q24 = FY24 (balance sheet year-end instant)
balance_sheet,us-gaap:AccumulatedOtherComprehensiveIncomeLossNetOfTax,Accumulated other comprehensive loss,4Q25,-1524.0,(derived),,,,,copied_from_fy_for_bs,4Q25 = FY25 (balance sheet year-end instant)
balance_sheet,us-gaap:RetainedEarningsAccumulatedDeficit,Retained earnings,4Q19,34474.0,(derived),,,,,copied_from_fy_for_bs,4Q19 = FY19 (balance sheet year-end instant)
balance_sheet,us-gaap:RetainedEarningsAccumulatedDeficit,Retained earnings,4Q20,21281.0,(derived),,,,,copied_from_fy_for_bs,4Q20 = FY20 (balance sheet year-end instant)
balance_sheet,us-gaap:RetainedEarningsAccumulatedDeficit,Retained earnings,4Q21,23820.0,(derived),,,,,copied_from_fy_for_bs,4Q21 = FY21 (balance sheet year-end instant)
balance_sheet,us-gaap:RetainedEarningsAccumulatedDeficit,Retained earnings,4Q22,25503.0,(derived),,,,,copied_from_fy_for_bs,4Q22 = FY22 (balance sheet year-end instant)
balance_sheet,us-gaap:RetainedEarningsAccumulatedDeficit,Retained earnings,4Q23,28766.0,(derived),,,,,copied_from_fy_for_bs,4Q23 = FY23 (balance sheet year-end instant)
balance_sheet,us-gaap:RetainedEarningsAccumulatedDeficit,Retained earnings,4Q24,14912.0,(derived),,,,,copied_from_fy_for_bs,4Q24 = FY24 (balance sheet year-end instant)
balance_sheet,us-gaap:RetainedEarningsAccumulatedDeficit,Retained earnings,4Q25,16896.0,(derived),,,,,copied_from_fy_for_bs,4Q25 = FY25 (balance sheet year-end instant)
balance_sheet,us-gaap:TreasuryStockValue,Less cost of treasury stock — 672 million common shares in 2019 and 576 million common shares in 2018,4Q19,-25357.0,(derived),,,,,copied_from_fy_for_bs,4Q19 = FY19 (balance sheet year-end instant)
balance_sheet,us-gaap:StockholdersEquity,Total BMS Shareholders’ Equity,4Q19,51598.0,(derived),,,,,copied_from_fy_for_bs,4Q19 = FY19 (balance sheet year-end instant)
balance_sheet,us-gaap:StockholdersEquity,Total BMS Shareholders’ Equity,4Q20,37822.0,(derived),,,,,copied_from_fy_for_bs,4Q20 = FY20 (balance sheet year-end instant)
balance_sheet,us-gaap:StockholdersEquity,Total BMS Shareholders’ Equity,4Q21,35946.0,(derived),,,,,copied_from_fy_for_bs,4Q21 = FY21 (balance sheet year-end instant)
balance_sheet,us-gaap:StockholdersEquity,Total BMS Shareholders’ Equity,4Q22,31061.0,(derived),,,,,copied_from_fy_for_bs,4Q22 = FY22 (balance sheet year-end instant)
balance_sheet,us-gaap:StockholdersEquity,Total BMS Shareholders’ Equity,4Q23,29430.0,(derived),,,,,copied_from_fy_for_bs,4Q23 = FY23 (balance sheet year-end instant)
balance_sheet,us-gaap:StockholdersEquity,Total BMS Shareholders’ Equity,4Q24,16335.0,(derived),,,,,copied_from_fy_for_bs,4Q24 = FY24 (balance sheet year-end instant)
balance_sheet,us-gaap:StockholdersEquity,Total BMS Shareholders’ Equity,4Q25,18473.0,(derived),,,,,copied_from_fy_for_bs,4Q25 = FY25 (balance sheet year-end instant)
balance_sheet,us-gaap:MinorityInterest,Noncontrolling interest,4Q19,100.0,(derived),,,,,copied_from_fy_for_bs,4Q19 = FY19 (balance sheet year-end instant)
balance_sheet,us-gaap:MinorityInterest,Noncontrolling interest,4Q20,60.0,(derived),,,,,copied_from_fy_for_bs,4Q20 = FY20 (balance sheet year-end instant)
balance_sheet,us-gaap:MinorityInterest,Noncontrolling interest,4Q21,60.0,(derived),,,,,copied_from_fy_for_bs,4Q21 = FY21 (balance sheet year-end instant)
balance_sheet,us-gaap:MinorityInterest,Noncontrolling interest,4Q22,57.0,(derived),,,,,copied_from_fy_for_bs,4Q22 = FY22 (balance sheet year-end instant)
balance_sheet,us-gaap:MinorityInterest,Noncontrolling interest,4Q23,55.0,(derived),,,,,copied_from_fy_for_bs,4Q23 = FY23 (balance sheet year-end instant)
balance_sheet,us-gaap:MinorityInterest,Noncontrolling interest,4Q24,53.0,(derived),,,,,copied_from_fy_for_bs,4Q24 = FY24 (balance sheet year-end instant)
balance_sheet,us-gaap:MinorityInterest,Noncontrolling interest,4Q25,33.0,(derived),,,,,copied_from_fy_for_bs,4Q25 = FY25 (balance sheet year-end instant)
balance_sheet,us-gaap:StockholdersEquityIncludingPortionAttributableToNoncontrollingInterest,Total Equity,4Q19,51698.0,(derived),,,,,copied_from_fy_for_bs,4Q19 = FY19 (balance sheet year-end instant)
balance_sheet,us-gaap:StockholdersEquityIncludingPortionAttributableToNoncontrollingInterest,Total Equity,4Q20,37882.0,(derived),,,,,copied_from_fy_for_bs,4Q20 = FY20 (balance sheet year-end instant)
balance_sheet,us-gaap:StockholdersEquityIncludingPortionAttributableToNoncontrollingInterest,Total Equity,4Q21,36006.0,(derived),,,,,copied_from_fy_for_bs,4Q21 = FY21 (balance sheet year-end instant)
balance_sheet,us-gaap:StockholdersEquityIncludingPortionAttributableToNoncontrollingInterest,Total Equity,4Q22,31118.0,(derived),,,,,copied_from_fy_for_bs,4Q22 = FY22 (balance sheet year-end instant)
balance_sheet,us-gaap:StockholdersEquityIncludingPortionAttributableToNoncontrollingInterest,Total Equity,4Q23,29485.0,(derived),,,,,copied_from_fy_for_bs,4Q23 = FY23 (balance sheet year-end instant)
balance_sheet,us-gaap:StockholdersEquityIncludingPortionAttributableToNoncontrollingInterest,Total Equity,4Q24,16388.0,(derived),,,,,copied_from_fy_for_bs,4Q24 = FY24 (balance sheet year-end instant)
balance_sheet,us-gaap:StockholdersEquityIncludingPortionAttributableToNoncontrollingInterest,Total Equity,4Q25,18506.0,(derived),,,,,copied_from_fy_for_bs,4Q25 = FY25 (balance sheet year-end instant)
balance_sheet,us-gaap:LiabilitiesAndStockholdersEquity,Total Liabilities and Equity,4Q19,129944.0,(derived),,,,,copied_from_fy_for_bs,4Q19 = FY19 (balance sheet year-end instant)
balance_sheet,us-gaap:LiabilitiesAndStockholdersEquity,Total Liabilities and Equity,4Q20,118481.0,(derived),,,,,copied_from_fy_for_bs,4Q20 = FY20 (balance sheet year-end instant)
balance_sheet,us-gaap:LiabilitiesAndStockholdersEquity,Total Liabilities and Equity,4Q21,109314.0,(derived),,,,,copied_from_fy_for_bs,4Q21 = FY21 (balance sheet year-end instant)
balance_sheet,us-gaap:LiabilitiesAndStockholdersEquity,Total Liabilities and Equity,4Q22,96820.0,(derived),,,,,copied_from_fy_for_bs,4Q22 = FY22 (balance sheet year-end instant)
balance_sheet,us-gaap:LiabilitiesAndStockholdersEquity,Total Liabilities and Equity,4Q23,95159.0,(derived),,,,,copied_from_fy_for_bs,4Q23 = FY23 (balance sheet year-end instant)
balance_sheet,us-gaap:LiabilitiesAndStockholdersEquity,Total Liabilities and Equity,4Q24,92603.0,(derived),,,,,copied_from_fy_for_bs,4Q24 = FY24 (balance sheet year-end instant)
balance_sheet,us-gaap:LiabilitiesAndStockholdersEquity,Total Liabilities and Equity,4Q25,90038.0,(derived),,,,,copied_from_fy_for_bs,4Q25 = FY25 (balance sheet year-end instant)
balance_sheet,us-gaap:DeferredIncomeTaxAssetsNet,Deferred income taxes,4Q20,1161.0,(derived),,,,,copied_from_fy_for_bs,4Q20 = FY20 (balance sheet year-end instant)
balance_sheet,us-gaap:DeferredIncomeTaxAssetsNet,Deferred income taxes,4Q21,1439.0,(derived),,,,,copied_from_fy_for_bs,4Q21 = FY21 (balance sheet year-end instant)
balance_sheet,us-gaap:DeferredIncomeTaxAssetsNet,Deferred income taxes,4Q22,1344.0,(derived),,,,,copied_from_fy_for_bs,4Q22 = FY22 (balance sheet year-end instant)
balance_sheet,us-gaap:DeferredIncomeTaxAssetsNet,Deferred income taxes,4Q23,2768.0,(derived),,,,,copied_from_fy_for_bs,4Q23 = FY23 (balance sheet year-end instant)
balance_sheet,us-gaap:DeferredIncomeTaxAssetsNet,Deferred income taxes,4Q24,4236.0,(derived),,,,,copied_from_fy_for_bs,4Q24 = FY24 (balance sheet year-end instant)
balance_sheet,us-gaap:DeferredIncomeTaxAssetsNet,Deferred income taxes,4Q25,5378.0,(derived),,,,,copied_from_fy_for_bs,4Q25 = FY25 (balance sheet year-end instant)
balance_sheet,us-gaap:CommonStockParOrStatedValuePerShare,"Common stock, par value of $0.10 per share: Authorized 4.5 billion shares; 2.9 billion issued in 2025 and 2024",4Q20,292.0,(derived),,,,,copied_from_fy_for_bs,4Q20 = FY20 (balance sheet year-end instant)
balance_sheet,us-gaap:CommonStockParOrStatedValuePerShare,"Common stock, par value of $0.10 per share: Authorized 4.5 billion shares; 2.9 billion issued in 2025 and 2024",4Q21,292.0,(derived),,,,,copied_from_fy_for_bs,4Q21 = FY21 (balance sheet year-end instant)
balance_sheet,us-gaap:CommonStockParOrStatedValuePerShare,"Common stock, par value of $0.10 per share: Authorized 4.5 billion shares; 2.9 billion issued in 2025 and 2024",4Q22,292.0,(derived),,,,,copied_from_fy_for_bs,4Q22 = FY22 (balance sheet year-end instant)
balance_sheet,us-gaap:CommonStockParOrStatedValuePerShare,"Common stock, par value of $0.10 per share: Authorized 4.5 billion shares; 2.9 billion issued in 2025 and 2024",4Q23,292.0,(derived),,,,,copied_from_fy_for_bs,4Q23 = FY23 (balance sheet year-end instant)
balance_sheet,us-gaap:CommonStockParOrStatedValuePerShare,"Common stock, par value of $0.10 per share: Authorized 4.5 billion shares; 2.9 billion issued in 2025 and 2024",4Q24,292.0,(derived),,,,,copied_from_fy_for_bs,4Q24 = FY24 (balance sheet year-end instant)
balance_sheet,us-gaap:CommonStockParOrStatedValuePerShare,"Common stock, par value of $0.10 per share: Authorized 4.5 billion shares; 2.9 billion issued in 2025 and 2024",4Q25,292.0,(derived),,,,,copied_from_fy_for_bs,4Q25 = FY25 (balance sheet year-end instant)
balance_sheet,us-gaap:TreasuryStockShares,Less cost of treasury stock — 679 million common shares in 2020 and 672 million common shares in 2019,4Q20,-26237.0,(derived),,,,,copied_from_fy_for_bs,4Q20 = FY20 (balance sheet year-end instant)
balance_sheet,us-gaap:TreasuryStockShares,Less cost of treasury stock — 679 million common shares in 2020 and 672 million common shares in 2019,4Q21,-31259.0,(derived),,,,,copied_from_fy_for_bs,4Q21 = FY21 (balance sheet year-end instant)
balance_sheet,us-gaap:TreasuryStockCommonShares,Less cost of treasury stock — 887 million common shares in 2025 and 894 million common shares in 2024,4Q24,-43655.0,(derived),,,,,copied_from_fy_for_bs,4Q24 = FY24 (balance sheet year-end instant)
balance_sheet,us-gaap:TreasuryStockCommonShares,Less cost of treasury stock — 887 million common shares in 2025 and 894 million common shares in 2024,4Q25,-43579.0,(derived),,,,,copied_from_fy_for_bs,4Q25 = FY25 (balance sheet year-end instant)
balance_sheet,us-gaap:TreasuryStockCommonShares,Less cost of treasury stock — 887 million common shares in 2025 and 894 million common shares in 2024,4Q22,-38618.0,(derived),,,,,copied_from_fy_for_bs,4Q22 = FY22 (balance sheet year-end instant)
balance_sheet,us-gaap:TreasuryStockCommonShares,Less cost of treasury stock — 887 million common shares in 2025 and 894 million common shares in 2024,4Q23,-43766.0,(derived),,,,,copied_from_fy_for_bs,4Q23 = FY23 (balance sheet year-end instant)
balance_sheet,us-gaap:AvailableForSaleSecuritiesDebtSecuritiesCurrent,Marketable debt securities,4Q24,513.0,(derived),,,,,copied_from_fy_for_bs,4Q24 = FY24 (balance sheet year-end instant)
balance_sheet,us-gaap:AvailableForSaleSecuritiesDebtSecuritiesCurrent,Marketable debt securities,4Q25,464.0,(derived),,,,,copied_from_fy_for_bs,4Q25 = FY25 (balance sheet year-end instant)
balance_sheet,us-gaap:AvailableForSaleSecuritiesDebtSecuritiesCurrent,Marketable debt securities,4Q23,816.0,(derived),,,,,copied_from_fy_for_bs,4Q23 = FY23 (balance sheet year-end instant)
balance_sheet,us-gaap:AvailableForSaleSecuritiesDebtSecuritiesNoncurrent,Marketable debt securities,4Q24,320.0,(derived),,,,,copied_from_fy_for_bs,4Q24 = FY24 (balance sheet year-end instant)
balance_sheet,us-gaap:AvailableForSaleSecuritiesDebtSecuritiesNoncurrent,Marketable debt securities,4Q25,396.0,(derived),,,,,copied_from_fy_for_bs,4Q25 = FY25 (balance sheet year-end instant)
balance_sheet,us-gaap:AvailableForSaleSecuritiesDebtSecuritiesNoncurrent,Marketable debt securities,4Q23,364.0,(derived),,,,,copied_from_fy_for_bs,4Q23 = FY23 (balance sheet year-end instant)
cash_flow,us-gaap:ProfitLoss,Net earnings/(loss),2Q19,1439.0,(derived),,,,,derived,6M19 - 1Q19 = 3154.0 - 1715.0
cash_flow,us-gaap:ProfitLoss,Net earnings/(loss),3Q19,1366.0,(derived),,,,,derived,9M19 - 6M19 = 4520.0 - 3154.0
cash_flow,us-gaap:ProfitLoss,Net earnings/(loss),4Q19,-1060.0,(derived),,,,,derived,FY19 - 9M19 = 3460.0 - 4520.0
cash_flow,us-gaap:ProfitLoss,Net earnings/(loss),2Q20,-80.0,(derived),,,,,derived,6M20 - 1Q20 = -846.0 - -766.0
cash_flow,us-gaap:ProfitLoss,Net earnings/(loss),3Q20,1878.0,(derived),,,,,derived,9M20 - 6M20 = 1032.0 - -846.0
cash_flow,us-gaap:ProfitLoss,Net earnings/(loss),4Q20,-10027.0,(derived),,,,,derived,FY20 - 9M20 = -8995.0 - 1032.0
cash_flow,us-gaap:ProfitLoss,Net earnings/(loss),2Q21,3090.0,(derived),,,,,derived,"6M21 - 1Q21(=0, not reported) = 3090.0 - 0.0"
cash_flow,us-gaap:ProfitLoss,Net earnings/(loss),3Q21,1552.0,(derived),,,,,derived,9M21 - 6M21 = 4642.0 - 3090.0
cash_flow,us-gaap:ProfitLoss,Net earnings/(loss),4Q21,2372.0,(derived),,,,,derived,FY21 - 9M21 = 7014.0 - 4642.0
cash_flow,us-gaap:ProfitLoss,Net earnings/(loss),2Q22,2712.0,(derived),,,,,derived,"6M22 - 1Q22(=0, not reported) = 2712.0 - 0.0"
cash_flow,us-gaap:ProfitLoss,Net earnings/(loss),3Q22,1608.0,(derived),,,,,derived,9M22 - 6M22 = 4320.0 - 2712.0
cash_flow,us-gaap:ProfitLoss,Net earnings/(loss),4Q22,2025.0,(derived),,,,,derived,FY22 - 9M22 = 6345.0 - 4320.0
cash_flow,us-gaap:ProfitLoss,Net earnings/(loss),2Q23,2077.0,(derived),,,,,derived,6M23 - 1Q23 = 4344.0 - 2267.0
cash_flow,us-gaap:ProfitLoss,Net earnings/(loss),3Q23,1934.0,(derived),,,,,derived,9M23 - 6M23 = 6278.0 - 4344.0
cash_flow,us-gaap:ProfitLoss,Net earnings/(loss),4Q23,1762.0,(derived),,,,,derived,FY23 - 9M23 = 8040.0 - 6278.0
cash_flow,us-gaap:ProfitLoss,Net earnings/(loss),2Q24,1684.0,(derived),,,,,derived,6M24 - 1Q24 = -10224.0 - -11908.0
cash_flow,us-gaap:ProfitLoss,Net earnings/(loss),3Q24,1215.0,(derived),,,,,derived,9M24 - 6M24 = -9009.0 - -10224.0
cash_flow,us-gaap:ProfitLoss,Net earnings/(loss),4Q24,76.0,(derived),,,,,derived,FY24 - 9M24 = -8933.0 - -9009.0
cash_flow,us-gaap:ProfitLoss,Net earnings/(loss),2Q25,1313.0,(derived),,,,,derived,6M25 - 1Q25 = 3775.0 - 2462.0
cash_flow,us-gaap:ProfitLoss,Net earnings/(loss),3Q25,2195.0,(derived),,,,,derived,9M25 - 6M25 = 5970.0 - 3775.0
cash_flow,us-gaap:ProfitLoss,Net earnings/(loss),4Q25,1085.0,(derived),,,,,derived,FY25 - 9M25 = 7055.0 - 5970.0
cash_flow,us-gaap:DepreciationDepletionAndAmortization,"Depreciation and amortization, net",2Q19,169.0,(derived),,,,,derived,6M19 - 1Q19 = 339.0 - 170.0
cash_flow,us-gaap:DepreciationDepletionAndAmortization,"Depreciation and amortization, net",3Q19,171.0,(derived),,,,,derived,9M19 - 6M19 = 510.0 - 339.0
cash_flow,us-gaap:DepreciationDepletionAndAmortization,"Depreciation and amortization, net",4Q19,1236.0,(derived),,,,,derived,FY19 - 9M19 = 1746.0 - 510.0
cash_flow,us-gaap:DepreciationDepletionAndAmortization,"Depreciation and amortization, net",2Q20,2558.0,(derived),,,,,derived,6M20 - 1Q20 = 5035.0 - 2477.0
cash_flow,us-gaap:DepreciationDepletionAndAmortization,"Depreciation and amortization, net",3Q20,2655.0,(derived),,,,,derived,9M20 - 6M20 = 7690.0 - 5035.0
cash_flow,us-gaap:DepreciationDepletionAndAmortization,"Depreciation and amortization, net",4Q20,2690.0,(derived),,,,,derived,FY20 - 9M20 = 10380.0 - 7690.0
cash_flow,us-gaap:DepreciationDepletionAndAmortization,"Depreciation and amortization, net",2Q21,2712.0,(derived),,,,,derived,6M21 - 1Q21 = 5380.0 - 2668.0
cash_flow,us-gaap:DepreciationDepletionAndAmortization,"Depreciation and amortization, net",3Q21,2727.0,(derived),,,,,derived,9M21 - 6M21 = 8107.0 - 5380.0
cash_flow,us-gaap:DepreciationDepletionAndAmortization,"Depreciation and amortization, net",4Q21,2579.0,(derived),,,,,derived,FY21 - 9M21 = 10686.0 - 8107.0
cash_flow,us-gaap:DepreciationDepletionAndAmortization,"Depreciation and amortization, net",2Q22,2583.0,(derived),,,,,derived,6M22 - 1Q22 = 5167.0 - 2584.0
cash_flow,us-gaap:DepreciationDepletionAndAmortization,"Depreciation and amortization, net",3Q22,2588.0,(derived),,,,,derived,9M22 - 6M22 = 7755.0 - 5167.0
cash_flow,us-gaap:DepreciationDepletionAndAmortization,"Depreciation and amortization, net",4Q22,2521.0,(derived),,,,,derived,FY22 - 9M22 = 10276.0 - 7755.0
cash_flow,us-gaap:DepreciationDepletionAndAmortization,"Depreciation and amortization, net",2Q23,2432.0,(derived),,,,,derived,6M23 - 1Q23 = 4861.0 - 2429.0
cash_flow,us-gaap:DepreciationDepletionAndAmortization,"Depreciation and amortization, net",3Q23,2435.0,(derived),,,,,derived,9M23 - 6M23 = 7296.0 - 4861.0
cash_flow,us-gaap:DepreciationDepletionAndAmortization,"Depreciation and amortization, net",4Q23,2464.0,(derived),,,,,derived,FY23 - 9M23 = 9760.0 - 7296.0
cash_flow,us-gaap:DepreciationDepletionAndAmortization,"Depreciation and amortization, net",2Q24,2596.0,(derived),,,,,derived,6M24 - 1Q24 = 5128.0 - 2532.0
cash_flow,us-gaap:DepreciationDepletionAndAmortization,"Depreciation and amortization, net",3Q24,2592.0,(derived),,,,,derived,9M24 - 6M24 = 7720.0 - 5128.0
cash_flow,us-gaap:DepreciationDepletionAndAmortization,"Depreciation and amortization, net",4Q24,1880.0,(derived),,,,,derived,FY24 - 9M24 = 9600.0 - 7720.0
cash_flow,us-gaap:DepreciationDepletionAndAmortization,"Depreciation and amortization, net",2Q25,1011.0,(derived),,,,,derived,6M25 - 1Q25 = 2023.0 - 1012.0
cash_flow,us-gaap:DepreciationDepletionAndAmortization,"Depreciation and amortization, net",3Q25,1011.0,(derived),,,,,derived,9M25 - 6M25 = 3034.0 - 2023.0
cash_flow,us-gaap:DepreciationDepletionAndAmortization,"Depreciation and amortization, net",4Q25,977.0,(derived),,,,,derived,FY25 - 9M25 = 4011.0 - 3034.0
cash_flow,us-gaap:DeferredIncomeTaxExpenseBenefit,Deferred income taxes,2Q19,-104.0,(derived),,,,,derived,6M19 - 1Q19 = -87.0 - 17.0
cash_flow,us-gaap:DeferredIncomeTaxExpenseBenefit,Deferred income taxes,3Q19,-500.0,(derived),,,,,derived,9M19 - 6M19 = -587.0 - -87.0
cash_flow,us-gaap:DeferredIncomeTaxExpenseBenefit,Deferred income taxes,4Q19,-337.0,(derived),,,,,derived,FY19 - 9M19 = -924.0 - -587.0
cash_flow,us-gaap:DeferredIncomeTaxExpenseBenefit,Deferred income taxes,2Q20,1418.0,(derived),,,,,derived,6M20 - 1Q20 = 1365.0 - -53.0
cash_flow,us-gaap:DeferredIncomeTaxExpenseBenefit,Deferred income taxes,3Q20,54.0,(derived),,,,,derived,9M20 - 6M20 = 1419.0 - 1365.0
cash_flow,us-gaap:DeferredIncomeTaxExpenseBenefit,Deferred income taxes,4Q20,-436.0,(derived),,,,,derived,FY20 - 9M20 = 983.0 - 1419.0
cash_flow,us-gaap:DeferredIncomeTaxExpenseBenefit,Deferred income taxes,2Q21,-163.0,(derived),,,,,derived,6M21 - 1Q21 = -95.0 - 68.0
cash_flow,us-gaap:DeferredIncomeTaxExpenseBenefit,Deferred income taxes,3Q21,-32.0,(derived),,,,,derived,9M21 - 6M21 = -127.0 - -95.0
cash_flow,us-gaap:DeferredIncomeTaxExpenseBenefit,Deferred income taxes,4Q21,-1266.0,(derived),,,,,derived,FY21 - 9M21 = -1393.0 - -127.0
cash_flow,us-gaap:DeferredIncomeTaxExpenseBenefit,Deferred income taxes,2Q22,-782.0,(derived),,,,,derived,6M22 - 1Q22 = -1469.0 - -687.0
cash_flow,us-gaap:DeferredIncomeTaxExpenseBenefit,Deferred income taxes,3Q22,-645.0,(derived),,,,,derived,9M22 - 6M22 = -2114.0 - -1469.0
cash_flow,us-gaap:DeferredIncomeTaxExpenseBenefit,Deferred income taxes,4Q22,-624.0,(derived),,,,,derived,FY22 - 9M22 = -2738.0 - -2114.0
cash_flow,us-gaap:DeferredIncomeTaxExpenseBenefit,Deferred income taxes,2Q23,-1086.0,(derived),,,,,derived,6M23 - 1Q23 = -1634.0 - -548.0
cash_flow,us-gaap:DeferredIncomeTaxExpenseBenefit,Deferred income taxes,3Q23,-327.0,(derived),,,,,derived,9M23 - 6M23 = -1961.0 - -1634.0
cash_flow,us-gaap:DeferredIncomeTaxExpenseBenefit,Deferred income taxes,4Q23,-1327.0,(derived),,,,,derived,FY23 - 9M23 = -3288.0 - -1961.0
cash_flow,us-gaap:DeferredIncomeTaxExpenseBenefit,Deferred income taxes,2Q24,-331.0,(derived),,,,,derived,6M24 - 1Q24 = -1042.0 - -711.0
cash_flow,us-gaap:DeferredIncomeTaxExpenseBenefit,Deferred income taxes,3Q24,-256.0,(derived),,,,,derived,9M24 - 6M24 = -1298.0 - -1042.0
cash_flow,us-gaap:DeferredIncomeTaxExpenseBenefit,Deferred income taxes,4Q24,-791.0,(derived),,,,,derived,FY24 - 9M24 = -2089.0 - -1298.0
cash_flow,us-gaap:DeferredIncomeTaxExpenseBenefit,Deferred income taxes,2Q25,-437.0,(derived),,,,,derived,6M25 - 1Q25 = -214.0 - 223.0
cash_flow,us-gaap:DeferredIncomeTaxExpenseBenefit,Deferred income taxes,3Q25,-359.0,(derived),,,,,derived,9M25 - 6M25 = -573.0 - -214.0
cash_flow,us-gaap:DeferredIncomeTaxExpenseBenefit,Deferred income taxes,4Q25,-392.0,(derived),,,,,derived,FY25 - 9M25 = -965.0 - -573.0
cash_flow,us-gaap:ShareBasedCompensation,Stock-based compensation,2Q19,48.0,(derived),,,,,derived,6M19 - 1Q19 = 101.0 - 53.0
cash_flow,us-gaap:ShareBasedCompensation,Stock-based compensation,3Q19,56.0,(derived),,,,,derived,9M19 - 6M19 = 157.0 - 101.0
cash_flow,us-gaap:ShareBasedCompensation,Stock-based compensation,4Q19,284.0,(derived),,,,,derived,FY19 - 9M19 = 441.0 - 157.0
cash_flow,us-gaap:ShareBasedCompensation,Stock-based compensation,2Q20,213.0,(derived),,,,,derived,6M20 - 1Q20 = 423.0 - 210.0
cash_flow,us-gaap:ShareBasedCompensation,Stock-based compensation,3Q20,185.0,(derived),,,,,derived,9M20 - 6M20 = 608.0 - 423.0
cash_flow,us-gaap:ShareBasedCompensation,Stock-based compensation,4Q20,171.0,(derived),,,,,derived,FY20 - 9M20 = 779.0 - 608.0
cash_flow,us-gaap:ShareBasedCompensation,Stock-based compensation,2Q21,157.0,(derived),,,,,derived,6M21 - 1Q21 = 308.0 - 151.0
cash_flow,us-gaap:ShareBasedCompensation,Stock-based compensation,3Q21,142.0,(derived),,,,,derived,9M21 - 6M21 = 450.0 - 308.0
cash_flow,us-gaap:ShareBasedCompensation,Stock-based compensation,4Q21,133.0,(derived),,,,,derived,FY21 - 9M21 = 583.0 - 450.0
cash_flow,us-gaap:ShareBasedCompensation,Stock-based compensation,2Q22,116.0,(derived),,,,,derived,6M22 - 1Q22 = 223.0 - 107.0
cash_flow,us-gaap:ShareBasedCompensation,Stock-based compensation,3Q22,115.0,(derived),,,,,derived,9M22 - 6M22 = 338.0 - 223.0
cash_flow,us-gaap:ShareBasedCompensation,Stock-based compensation,4Q22,119.0,(derived),,,,,derived,FY22 - 9M22 = 457.0 - 338.0
cash_flow,us-gaap:ShareBasedCompensation,Stock-based compensation,2Q23,137.0,(derived),,,,,derived,6M23 - 1Q23 = 259.0 - 122.0
cash_flow,us-gaap:ShareBasedCompensation,Stock-based compensation,3Q23,132.0,(derived),,,,,derived,9M23 - 6M23 = 391.0 - 259.0
cash_flow,us-gaap:ShareBasedCompensation,Stock-based compensation,4Q23,127.0,(derived),,,,,derived,FY23 - 9M23 = 518.0 - 391.0
cash_flow,us-gaap:ShareBasedCompensation,Stock-based compensation,2Q24,125.0,(derived),,,,,derived,6M24 - 1Q24 = 258.0 - 133.0
cash_flow,us-gaap:ShareBasedCompensation,Stock-based compensation,3Q24,129.0,(derived),,,,,derived,9M24 - 6M24 = 387.0 - 258.0
cash_flow,us-gaap:ShareBasedCompensation,Stock-based compensation,4Q24,120.0,(derived),,,,,derived,FY24 - 9M24 = 507.0 - 387.0
cash_flow,us-gaap:ShareBasedCompensation,Stock-based compensation,2Q25,137.0,(derived),,,,,derived,6M25 - 1Q25 = 281.0 - 144.0
cash_flow,us-gaap:ShareBasedCompensation,Stock-based compensation,3Q25,139.0,(derived),,,,,derived,9M25 - 6M25 = 420.0 - 281.0
cash_flow,us-gaap:ShareBasedCompensation,Stock-based compensation,4Q25,133.0,(derived),,,,,derived,FY25 - 9M25 = 553.0 - 420.0
cash_flow,us-gaap:ImpairmentOfLongLivedAssetsToBeDisposedOf,Impairment charges,2Q19,129.0,(derived),,,,,derived,6M19 - 1Q19 = 174.0 - 45.0
cash_flow,us-gaap:ImpairmentOfLongLivedAssetsToBeDisposedOf,Impairment charges,3Q19,9.0,(derived),,,,,derived,9M19 - 6M19 = 183.0 - 174.0
cash_flow,us-gaap:ImpairmentOfLongLivedAssetsToBeDisposedOf,Impairment charges,4Q19,16.0,(derived),,,,,derived,FY19 - 9M19 = 199.0 - 183.0
cash_flow,us-gaap:ImpairmentOfLongLivedAssetsToBeDisposedOf,Impairment charges,2Q20,63.0,(derived),,,,,derived,6M20 - 1Q20 = 116.0 - 53.0
cash_flow,us-gaap:ImpairmentOfLongLivedAssetsToBeDisposedOf,Impairment charges,3Q20,15.0,(derived),,,,,derived,9M20 - 6M20 = 131.0 - 116.0
cash_flow,us-gaap:ImpairmentOfLongLivedAssetsToBeDisposedOf,Impairment charges,4Q20,1072.0,(derived),,,,,derived,FY20 - 9M20 = 1203.0 - 131.0
cash_flow,us-gaap:ImpairmentOfLongLivedAssetsToBeDisposedOf,Impairment charges,2Q21,240.0,(derived),,,,,derived,6M21 - 1Q21 = 579.0 - 339.0
cash_flow,us-gaap:ImpairmentOfLongLivedAssetsToBeDisposedOf,Impairment charges,3Q21,613.0,(derived),,,,,derived,9M21 - 6M21 = 1192.0 - 579.0
cash_flow,us-gaap:ImpairmentOfLongLivedAssetsToBeDisposedOf,Impairment charges,4Q21,15.0,(derived),,,,,derived,FY21 - 9M21 = 1207.0 - 1192.0
cash_flow,us-gaap:ImpairmentOfLongLivedAssetsToBeDisposedOf,Impairment charges,2Q22,42.0,(derived),,,,,derived,6M22 - 1Q22 = 83.0 - 41.0
cash_flow,us-gaap:ImpairmentOfLongLivedAssetsToBeDisposedOf,Impairment charges,3Q22,61.0,(derived),,,,,derived,9M22 - 6M22 = 144.0 - 83.0
cash_flow,us-gaap:ImpairmentOfLongLivedAssetsToBeDisposedOf,Impairment charges,4Q22,35.0,(derived),,,,,derived,FY22 - 9M22 = 179.0 - 144.0
cash_flow,us-gaap:ImpairmentOfLongLivedAssetsToBeDisposedOf,Impairment charges,2Q23,47.0,(derived),,,,,derived,6M23 - 1Q23 = 67.0 - 20.0
cash_flow,us-gaap:ImpairmentOfLongLivedAssetsToBeDisposedOf,Impairment charges,3Q23,159.0,(derived),,,,,derived,9M23 - 6M23 = 226.0 - 67.0
cash_flow,us-gaap:ImpairmentOfLongLivedAssetsToBeDisposedOf,Impairment charges,4Q23,29.0,(derived),,,,,derived,FY23 - 9M23 = 255.0 - 226.0
cash_flow,us-gaap:ImpairmentOfLongLivedAssetsToBeDisposedOf,Impairment charges,2Q24,870.0,(derived),,,,,derived,6M24 - 1Q24 = 871.0 - 1.0
cash_flow,us-gaap:ImpairmentOfLongLivedAssetsToBeDisposedOf,Impairment charges,3Q24,139.0,(derived),,,,,derived,9M24 - 6M24 = 1010.0 - 871.0
cash_flow,us-gaap:ImpairmentOfLongLivedAssetsToBeDisposedOf,Impairment charges,4Q24,1953.0,(derived),,,,,derived,FY24 - 9M24 = 2963.0 - 1010.0
cash_flow,us-gaap:ImpairmentOfLongLivedAssetsToBeDisposedOf,Impairment charges,2Q25,318.0,(derived),,,,,derived,"6M25 - 1Q25(=0, not reported) = 318.0 - 0.0"
cash_flow,us-gaap:ImpairmentOfLongLivedAssetsToBeDisposedOf,Impairment charges,3Q25,196.0,(derived),,,,,derived,9M25 - 6M25 = 514.0 - 318.0
cash_flow,us-gaap:ImpairmentOfLongLivedAssetsToBeDisposedOf,Impairment charges,4Q25,584.0,(derived),,,,,derived,FY25 - 9M25 = 1098.0 - 514.0
cash_flow,bmy:Pensionsettlementsandamortization,Pension settlements and amortization,2Q19,126.0,(derived),,,,,derived,"6M19 - 1Q19(=0, not reported) = 126.0 - 0.0"
cash_flow,bmy:Pensionsettlementsandamortization,Pension settlements and amortization,3Q19,1557.0,(derived),,,,,derived,9M19 - 6M19 = 1683.0 - 126.0
cash_flow,bmy:Pensionsettlementsandamortization,Pension settlements and amortization,4Q19,5.0,(derived),,,,,derived,FY19 - 9M19 = 1688.0 - 1683.0
cash_flow,bmy:Pensionsettlementsandamortization,Pension settlements and amortization,2Q20,11.0,(derived),,,,,derived,6M20 - 1Q20 = 22.0 - 11.0
cash_flow,bmy:Pensionsettlementsandamortization,Pension settlements and amortization,3Q20,12.0,(derived),,,,,derived,9M20 - 6M20 = 34.0 - 22.0
cash_flow,bmy:Pensionsettlementsandamortization,Pension settlements and amortization,4Q20,9.0,(derived),,,,,derived,FY20 - 9M20 = 43.0 - 34.0
cash_flow,bmy:Pensionsettlementsandamortization,Pension settlements and amortization,2Q21,14.0,(derived),,,,,derived,6M21 - 1Q21 = 25.0 - 11.0
cash_flow,bmy:Pensionsettlementsandamortization,Pension settlements and amortization,3Q21,5.0,(derived),,,,,derived,9M21 - 6M21 = 30.0 - 25.0
cash_flow,bmy:Pensionsettlementsandamortization,Pension settlements and amortization,4Q21,5.0,(derived),,,,,derived,FY21 - 9M21 = 35.0 - 30.0
cash_flow,bmy:DivestitureGainsAndRoyalties,Divestiture gains and royalties,2Q19,-154.0,(derived),,,,,derived,6M19 - 1Q19 = -320.0 - -166.0
cash_flow,bmy:DivestitureGainsAndRoyalties,Divestiture gains and royalties,3Q19,-1356.0,(derived),,,,,derived,9M19 - 6M19 = -1676.0 - -320.0
cash_flow,bmy:DivestitureGainsAndRoyalties,Divestiture gains and royalties,4Q19,-179.0,(derived),,,,,derived,FY19 - 9M19 = -1855.0 - -1676.0
cash_flow,bmy:DivestitureGainsAndRoyalties,Divestiture gains and royalties,2Q20,-122.0,(derived),,,,,derived,6M20 - 1Q20 = -295.0 - -173.0
cash_flow,bmy:DivestitureGainsAndRoyalties,Divestiture gains and royalties,3Q20,-191.0,(derived),,,,,derived,9M20 - 6M20 = -486.0 - -295.0
cash_flow,bmy:DivestitureGainsAndRoyalties,Divestiture gains and royalties,4Q20,-213.0,(derived),,,,,derived,FY20 - 9M20 = -699.0 - -486.0
cash_flow,bmy:DivestitureGainsAndRoyalties,Divestiture gains and royalties,2Q21,-167.0,(derived),,,,,derived,6M21 - 1Q21 = -302.0 - -135.0
cash_flow,bmy:DivestitureGainsAndRoyalties,Divestiture gains and royalties,3Q21,-160.0,(derived),,,,,derived,9M21 - 6M21 = -462.0 - -302.0
cash_flow,bmy:DivestitureGainsAndRoyalties,Divestiture gains and royalties,4Q21,-222.0,(derived),,,,,derived,FY21 - 9M21 = -684.0 - -462.0
cash_flow,bmy:DivestitureGainsAndRoyalties,Divestiture gains and royalties,2Q22,-225.0,(derived),,,,,derived,6M22 - 1Q22 = -612.0 - -387.0
cash_flow,bmy:DivestitureGainsAndRoyalties,Divestiture gains and royalties,3Q22,-208.0,(derived),,,,,derived,9M22 - 6M22 = -820.0 - -612.0
cash_flow,bmy:DivestitureGainsAndRoyalties,Divestiture gains and royalties,4Q22,-243.0,(derived),,,,,derived,FY22 - 9M22 = -1063.0 - -820.0
cash_flow,bmy:DivestitureGainsAndRoyalties,Divestiture gains and royalties,2Q23,-223.0,(derived),,,,,derived,6M23 - 1Q23 = -417.0 - -194.0
cash_flow,bmy:DivestitureGainsAndRoyalties,Divestiture gains and royalties,3Q23,-222.0,(derived),,,,,derived,9M23 - 6M23 = -639.0 - -417.0
cash_flow,bmy:DivestitureGainsAndRoyalties,Divestiture gains and royalties,4Q23,-245.0,(derived),,,,,derived,FY23 - 9M23 = -884.0 - -639.0
cash_flow,bmy:DivestitureGainsAndRoyalties,Divestiture gains and royalties,2Q24,-270.0,(derived),,,,,derived,6M24 - 1Q24 = -550.0 - -280.0
cash_flow,bmy:DivestitureGainsAndRoyalties,Divestiture gains and royalties,3Q24,-288.0,(derived),,,,,derived,9M24 - 6M24 = -838.0 - -550.0
cash_flow,bmy:DivestitureGainsAndRoyalties,Divestiture gains and royalties,4Q24,-281.0,(derived),,,,,derived,FY24 - 9M24 = -1119.0 - -838.0
cash_flow,bmy:DivestitureGainsAndRoyalties,Divestiture gains and royalties,2Q25,-293.0,(derived),,,,,derived,6M25 - 1Q25 = -585.0 - -292.0
cash_flow,bmy:DivestitureGainsAndRoyalties,Divestiture gains and royalties,3Q25,-295.0,(derived),,,,,derived,9M25 - 6M25 = -880.0 - -585.0
cash_flow,bmy:DivestitureGainsAndRoyalties,Divestiture gains and royalties,4Q25,-285.0,(derived),,,,,derived,FY25 - 9M25 = -1165.0 - -880.0
cash_flow,bmy:Assetacquisitioncharge,Asset acquisition charges,2Q19,25.0,(derived),,,,,derived,"6M19 - 1Q19(=0, not reported) = 25.0 - 0.0"
cash_flow,bmy:Assetacquisitioncharge,Asset acquisition charges,3Q19,0.0,(derived),,,,,derived,9M19 - 6M19 = 25.0 - 25.0
cash_flow,bmy:Assetacquisitioncharge,Asset acquisition charges,4Q19,0.0,(derived),,,,,derived,FY19 - 9M19 = 25.0 - 25.0
cash_flow,bmy:Assetacquisitioncharge,Asset acquisition charges,4Q20,1099.0,(derived),,,,,derived,"FY20 - 9M20(=0, not reported) = 1099.0 - 0.0"
cash_flow,bmy:Assetacquisitioncharge,Asset acquisition charges,2Q21,796.0,(derived),,,,,derived,6M21 - 1Q21 = 801.0 - 5.0
cash_flow,bmy:Assetacquisitioncharge,Asset acquisition charges,3Q21,270.0,(derived),,,,,derived,9M21 - 6M21 = 1071.0 - 801.0
cash_flow,bmy:Assetacquisitioncharge,Asset acquisition charges,4Q21,86.0,(derived),,,,,derived,FY21 - 9M21 = 1157.0 - 1071.0
cash_flow,bmy:Assetacquisitioncharge,Asset acquisition charges,4Q22,815.0,(derived),,,,,derived,"FY22 - 9M22(=0, not reported) = 815.0 - 0.0"
cash_flow,us-gaap:EquityMethodInvestmentRealizedGainLossOnDisposal,"Equity investment (gains)/losses, net",2Q19,-246.0,(derived),,,,,derived,"6M19 - 1Q19(=0, not reported) = -246.0 - 0.0"
cash_flow,us-gaap:EquityMethodInvestmentRealizedGainLossOnDisposal,"Equity investment (gains)/losses, net",3Q19,261.0,(derived),,,,,derived,9M19 - 6M19 = 15.0 - -246.0
cash_flow,us-gaap:EquityMethodInvestmentRealizedGainLossOnDisposal,"Equity investment (gains)/losses, net",4Q19,-294.0,(derived),,,,,derived,FY19 - 9M19 = -279.0 - 15.0
cash_flow,us-gaap:EquityMethodInvestmentRealizedGainLossOnDisposal,"Equity investment (gains)/losses, net",2Q20,-818.0,(derived),,,,,derived,6M20 - 1Q20 = -479.0 - 339.0
cash_flow,us-gaap:EquityMethodInvestmentRealizedGainLossOnDisposal,"Equity investment (gains)/losses, net",3Q20,-245.0,(derived),,,,,derived,9M20 - 6M20 = -724.0 - -479.0
cash_flow,us-gaap:EquityMethodInvestmentRealizedGainLossOnDisposal,"Equity investment (gains)/losses, net",4Q20,-504.0,(derived),,,,,derived,FY20 - 9M20 = -1228.0 - -724.0
cash_flow,us-gaap:EquityMethodInvestmentRealizedGainLossOnDisposal,"Equity investment (gains)/losses, net",2Q21,-148.0,(derived),,,,,derived,6M21 - 1Q21 = -749.0 - -601.0
cash_flow,us-gaap:EquityMethodInvestmentRealizedGainLossOnDisposal,"Equity investment (gains)/losses, net",4Q21,-745.0,(derived),,,,,derived,"FY21 - 9M21(=0, not reported) = -745.0 - 0.0"
cash_flow,us-gaap:EquityMethodInvestmentRealizedGainLossOnDisposal,"Equity investment (gains)/losses, net",4Q22,801.0,(derived),,,,,derived,"FY22 - 9M22(=0, not reported) = 801.0 - 0.0"
cash_flow,us-gaap:EquityMethodInvestmentRealizedGainLossOnDisposal,"Equity investment (gains)/losses, net",4Q23,160.0,(derived),,,,,derived,"FY23 - 9M23(=0, not reported) = 160.0 - 0.0"
cash_flow,us-gaap:EquityMethodInvestmentRealizedGainLossOnDisposal,"Equity investment (gains)/losses, net",4Q24,-16.0,(derived),,,,,derived,"FY24 - 9M24(=0, not reported) = -16.0 - 0.0"
cash_flow,us-gaap:EquityMethodInvestmentRealizedGainLossOnDisposal,"Equity investment (gains)/losses, net",2Q25,22.0,(derived),,,,,derived,6M25 - 1Q25 = 100.0 - 78.0
cash_flow,us-gaap:EquityMethodInvestmentRealizedGainLossOnDisposal,"Equity investment (gains)/losses, net",3Q25,-190.0,(derived),,,,,derived,9M25 - 6M25 = -90.0 - 100.0
cash_flow,us-gaap:EquityMethodInvestmentRealizedGainLossOnDisposal,"Equity investment (gains)/losses, net",4Q25,-190.0,(derived),,,,,derived,FY25 - 9M25 = -280.0 - -90.0
cash_flow,us-gaap:BusinessCombinationContingentConsiderationArrangementsChangeInAmountOfContingentConsiderationLiability1,Contingent consideration fair value adjustments,4Q19,523.0,(derived),,,,,derived,"FY19 - 9M19(=0, not reported) = 523.0 - 0.0"
cash_flow,us-gaap:BusinessCombinationContingentConsiderationArrangementsChangeInAmountOfContingentConsiderationLiability1,Contingent consideration fair value adjustments,2Q20,-165.0,(derived),,,,,derived,6M20 - 1Q20 = 391.0 - 556.0
cash_flow,us-gaap:BusinessCombinationContingentConsiderationArrangementsChangeInAmountOfContingentConsiderationLiability1,Contingent consideration fair value adjustments,3Q20,-988.0,(derived),,,,,derived,9M20 - 6M20 = -597.0 - 391.0
cash_flow,us-gaap:BusinessCombinationContingentConsiderationArrangementsChangeInAmountOfContingentConsiderationLiability1,Contingent consideration fair value adjustments,4Q20,-1160.0,(derived),,,,,derived,FY20 - 9M20 = -1757.0 - -597.0
cash_flow,us-gaap:BusinessCombinationContingentConsiderationArrangementsChangeInAmountOfContingentConsiderationLiability1,Contingent consideration fair value adjustments,2Q21,0.0,(derived),,,,,derived,6M21 - 1Q21 = -510.0 - -510.0
cash_flow,us-gaap:BusinessCombinationContingentConsiderationArrangementsChangeInAmountOfContingentConsiderationLiability1,Contingent consideration fair value adjustments,3Q21,0.0,(derived),,,,,derived,9M21 - 6M21 = -510.0 - -510.0
cash_flow,us-gaap:BusinessCombinationContingentConsiderationArrangementsChangeInAmountOfContingentConsiderationLiability1,Contingent consideration fair value adjustments,4Q21,-32.0,(derived),,,,,derived,FY21 - 9M21 = -542.0 - -510.0
cash_flow,us-gaap:BusinessCombinationContingentConsiderationArrangementsChangeInAmountOfContingentConsiderationLiability1,Contingent consideration fair value adjustments,2Q22,0.0,(derived),,,,,derived,6M22 - 1Q22 = 1.0 - 1.0
cash_flow,us-gaap:BusinessCombinationContingentConsiderationArrangementsChangeInAmountOfContingentConsiderationLiability1,Contingent consideration fair value adjustments,3Q22,0.0,(derived),,,,,derived,9M22 - 6M22 = 1.0 - 1.0
cash_flow,us-gaap:BusinessCombinationContingentConsiderationArrangementsChangeInAmountOfContingentConsiderationLiability1,Contingent consideration fair value adjustments,4Q22,-10.0,(derived),,,,,derived,FY22 - 9M22 = -9.0 - 1.0
cash_flow,us-gaap:BusinessCombinationContingentConsiderationArrangementsChangeInAmountOfContingentConsiderationLiability1,Contingent consideration fair value adjustments,4Q23,-8.0,(derived),,,,,derived,"FY23 - 9M23(=0, not reported) = -8.0 - 0.0"
cash_flow,us-gaap:BusinessCombinationContingentConsiderationArrangementsChangeInAmountOfContingentConsiderationLiability1,Contingent consideration fair value adjustments,2Q25,336.0,(derived),,,,,derived,"6M25 - 1Q25(=0, not reported) = 336.0 - 0.0"
cash_flow,us-gaap:BusinessCombinationContingentConsiderationArrangementsChangeInAmountOfContingentConsiderationLiability1,Contingent consideration fair value adjustments,3Q25,0.0,(derived),,,,,derived,9M25 - 6M25 = 336.0 - 336.0
cash_flow,us-gaap:BusinessCombinationContingentConsiderationArrangementsChangeInAmountOfContingentConsiderationLiability1,Contingent consideration fair value adjustments,4Q25,15.0,(derived),,,,,derived,FY25 - 9M25 = 351.0 - 336.0
cash_flow,us-gaap:OtherNoncashIncomeExpense,Other adjustments,2Q19,-8.0,(derived),,,,,derived,6M19 - 1Q19 = -14.0 - -6.0
cash_flow,us-gaap:OtherNoncashIncomeExpense,Other adjustments,3Q19,-7.0,(derived),,,,,derived,9M19 - 6M19 = -21.0 - -14.0
cash_flow,us-gaap:OtherNoncashIncomeExpense,Other adjustments,4Q19,-1.0,(derived),,,,,derived,FY19 - 9M19 = -22.0 - -21.0
cash_flow,us-gaap:OtherNoncashIncomeExpense,Other adjustments,2Q20,-50.0,(derived),,,,,derived,6M20 - 1Q20 = -92.0 - -42.0
cash_flow,us-gaap:OtherNoncashIncomeExpense,Other adjustments,3Q20,-48.0,(derived),,,,,derived,9M20 - 6M20 = -140.0 - -92.0
cash_flow,us-gaap:OtherNoncashIncomeExpense,Other adjustments,4Q20,-37.0,(derived),,,,,derived,FY20 - 9M20 = -177.0 - -140.0
cash_flow,us-gaap:OtherNoncashIncomeExpense,Other adjustments,2Q21,-29.0,(derived),,,,,derived,6M21 - 1Q21 = 204.0 - 233.0
cash_flow,us-gaap:OtherNoncashIncomeExpense,Other adjustments,3Q21,-36.0,(derived),,,,,derived,9M21 - 6M21 = 168.0 - 204.0
cash_flow,us-gaap:OtherNoncashIncomeExpense,Other adjustments,4Q21,-26.0,(derived),,,,,derived,FY21 - 9M21 = 142.0 - 168.0
cash_flow,us-gaap:OtherNoncashIncomeExpense,Other adjustments,2Q22,-30.0,(derived),,,,,derived,6M22 - 1Q22 = 218.0 - 248.0
cash_flow,us-gaap:OtherNoncashIncomeExpense,Other adjustments,3Q22,-40.0,(derived),,,,,derived,9M22 - 6M22 = 178.0 - 218.0
cash_flow,us-gaap:OtherNoncashIncomeExpense,Other adjustments,4Q22,54.0,(derived),,,,,derived,FY22 - 9M22 = 232.0 - 178.0
cash_flow,us-gaap:OtherNoncashIncomeExpense,Other adjustments,2Q23,-13.0,(derived),,,,,derived,6M23 - 1Q23 = -9.0 - 4.0
cash_flow,us-gaap:OtherNoncashIncomeExpense,Other adjustments,3Q23,269.0,(derived),,,,,derived,9M23 - 6M23 = 260.0 - -9.0
cash_flow,us-gaap:OtherNoncashIncomeExpense,Other adjustments,4Q23,48.0,(derived),,,,,derived,FY23 - 9M23 = 308.0 - 260.0
cash_flow,us-gaap:OtherNoncashIncomeExpense,Other adjustments,2Q24,-2.0,(derived),,,,,derived,6M24 - 1Q24 = 20.0 - 22.0
cash_flow,us-gaap:OtherNoncashIncomeExpense,Other adjustments,3Q24,103.0,(derived),,,,,derived,9M24 - 6M24 = 123.0 - 20.0
cash_flow,us-gaap:OtherNoncashIncomeExpense,Other adjustments,4Q24,-29.0,(derived),,,,,derived,FY24 - 9M24 = 94.0 - 123.0
cash_flow,us-gaap:OtherNoncashIncomeExpense,Other adjustments,2Q25,-12.0,(derived),,,,,derived,6M25 - 1Q25 = -2.0 - 10.0
cash_flow,us-gaap:OtherNoncashIncomeExpense,Other adjustments,3Q25,-74.0,(derived),,,,,derived,9M25 - 6M25 = -76.0 - -2.0
cash_flow,us-gaap:OtherNoncashIncomeExpense,Other adjustments,4Q25,308.0,(derived),,,,,derived,FY25 - 9M25 = 232.0 - -76.0
cash_flow,us-gaap:IncreaseDecreaseInReceivables,Receivables,2Q19,71.0,(derived),,,,,derived,6M19 - 1Q19 = 307.0 - 236.0
cash_flow,us-gaap:IncreaseDecreaseInReceivables,Receivables,3Q19,127.0,(derived),,,,,derived,9M19 - 6M19 = 434.0 - 307.0
cash_flow,us-gaap:IncreaseDecreaseInReceivables,Receivables,4Q19,318.0,(derived),,,,,derived,FY19 - 9M19 = 752.0 - 434.0
cash_flow,us-gaap:IncreaseDecreaseInReceivables,Receivables,2Q20,546.0,(derived),,,,,derived,6M20 - 1Q20 = -197.0 - -743.0
cash_flow,us-gaap:IncreaseDecreaseInReceivables,Receivables,3Q20,-159.0,(derived),,,,,derived,9M20 - 6M20 = -356.0 - -197.0
cash_flow,us-gaap:IncreaseDecreaseInReceivables,Receivables,4Q20,-290.0,(derived),,,,,derived,FY20 - 9M20 = -646.0 - -356.0
cash_flow,us-gaap:IncreaseDecreaseInReceivables,Receivables,2Q21,-693.0,(derived),,,,,derived,6M21 - 1Q21 = -626.0 - 67.0
cash_flow,us-gaap:IncreaseDecreaseInReceivables,Receivables,3Q21,-260.0,(derived),,,,,derived,9M21 - 6M21 = -886.0 - -626.0
cash_flow,us-gaap:IncreaseDecreaseInReceivables,Receivables,4Q21,-168.0,(derived),,,,,derived,FY21 - 9M21 = -1054.0 - -886.0
cash_flow,us-gaap:IncreaseDecreaseInReceivables,Receivables,2Q22,-669.0,(derived),,,,,derived,6M22 - 1Q22 = 117.0 - 786.0
cash_flow,us-gaap:IncreaseDecreaseInReceivables,Receivables,3Q22,-674.0,(derived),,,,,derived,9M22 - 6M22 = -557.0 - 117.0
cash_flow,us-gaap:IncreaseDecreaseInReceivables,Receivables,4Q22,-106.0,(derived),,,,,derived,FY22 - 9M22 = -663.0 - -557.0
cash_flow,us-gaap:IncreaseDecreaseInReceivables,Receivables,2Q23,-65.0,(derived),,,,,derived,6M23 - 1Q23 = -240.0 - -175.0
cash_flow,us-gaap:IncreaseDecreaseInReceivables,Receivables,3Q23,-247.0,(derived),,,,,derived,9M23 - 6M23 = -487.0 - -240.0
cash_flow,us-gaap:IncreaseDecreaseInReceivables,Receivables,4Q23,-508.0,(derived),,,,,derived,FY23 - 9M23 = -995.0 - -487.0
cash_flow,us-gaap:IncreaseDecreaseInReceivables,Receivables,2Q24,-1019.0,(derived),,,,,derived,6M24 - 1Q24 = -540.0 - 479.0
cash_flow,us-gaap:IncreaseDecreaseInReceivables,Receivables,3Q24,661.0,(derived),,,,,derived,9M24 - 6M24 = 121.0 - -540.0
cash_flow,us-gaap:IncreaseDecreaseInReceivables,Receivables,4Q24,143.0,(derived),,,,,derived,FY24 - 9M24 = 264.0 - 121.0
cash_flow,us-gaap:IncreaseDecreaseInReceivables,Receivables,2Q25,-484.0,(derived),,,,,derived,6M25 - 1Q25 = -469.0 - 15.0
cash_flow,us-gaap:IncreaseDecreaseInReceivables,Receivables,3Q25,155.0,(derived),,,,,derived,9M25 - 6M25 = -314.0 - -469.0
cash_flow,us-gaap:IncreaseDecreaseInReceivables,Receivables,4Q25,19.0,(derived),,,,,derived,FY25 - 9M25 = -295.0 - -314.0
cash_flow,us-gaap:IncreaseDecreaseInInventories,Inventories,2Q19,-7.0,(derived),,,,,derived,6M19 - 1Q19 = 28.0 - 35.0
cash_flow,us-gaap:IncreaseDecreaseInInventories,Inventories,3Q19,-35.0,(derived),,,,,derived,9M19 - 6M19 = -7.0 - 28.0
cash_flow,us-gaap:IncreaseDecreaseInInventories,Inventories,4Q19,470.0,(derived),,,,,derived,FY19 - 9M19 = 463.0 - -7.0
cash_flow,us-gaap:IncreaseDecreaseInInventories,Inventories,2Q20,642.0,(derived),,,,,derived,6M20 - 1Q20 = 2090.0 - 1448.0
cash_flow,us-gaap:IncreaseDecreaseInInventories,Inventories,3Q20,481.0,(derived),,,,,derived,9M20 - 6M20 = 2571.0 - 2090.0
cash_flow,us-gaap:IncreaseDecreaseInInventories,Inventories,4Q20,101.0,(derived),,,,,derived,FY20 - 9M20 = 2672.0 - 2571.0
cash_flow,us-gaap:IncreaseDecreaseInInventories,Inventories,2Q21,5.0,(derived),,,,,derived,6M21 - 1Q21 = 111.0 - 106.0
cash_flow,us-gaap:IncreaseDecreaseInInventories,Inventories,3Q21,30.0,(derived),,,,,derived,9M21 - 6M21 = 141.0 - 111.0
cash_flow,us-gaap:IncreaseDecreaseInInventories,Inventories,4Q21,-128.0,(derived),,,,,derived,FY21 - 9M21 = 13.0 - 141.0
cash_flow,us-gaap:IncreaseDecreaseInInventories,Inventories,2Q22,-13.0,(derived),,,,,derived,6M22 - 1Q22 = -12.0 - 1.0
cash_flow,us-gaap:IncreaseDecreaseInInventories,Inventories,3Q22,-16.0,(derived),,,,,derived,9M22 - 6M22 = -28.0 - -12.0
cash_flow,us-gaap:IncreaseDecreaseInInventories,Inventories,4Q22,-41.0,(derived),,,,,derived,FY22 - 9M22 = -69.0 - -28.0
cash_flow,us-gaap:IncreaseDecreaseInInventories,Inventories,2Q23,-16.0,(derived),,,,,derived,6M23 - 1Q23 = -298.0 - -282.0
cash_flow,us-gaap:IncreaseDecreaseInInventories,Inventories,3Q23,-256.0,(derived),,,,,derived,9M23 - 6M23 = -554.0 - -298.0
cash_flow,us-gaap:IncreaseDecreaseInInventories,Inventories,4Q23,-197.0,(derived),,,,,derived,FY23 - 9M23 = -751.0 - -554.0
cash_flow,us-gaap:IncreaseDecreaseInInventories,Inventories,2Q24,-225.0,(derived),,,,,derived,6M24 - 1Q24 = -443.0 - -218.0
cash_flow,us-gaap:IncreaseDecreaseInInventories,Inventories,3Q24,-218.0,(derived),,,,,derived,9M24 - 6M24 = -661.0 - -443.0
cash_flow,us-gaap:IncreaseDecreaseInInventories,Inventories,4Q24,175.0,(derived),,,,,derived,FY24 - 9M24 = -486.0 - -661.0
cash_flow,us-gaap:IncreaseDecreaseInInventories,Inventories,2Q25,4.0,(derived),,,,,derived,6M25 - 1Q25 = -165.0 - -169.0
cash_flow,us-gaap:IncreaseDecreaseInInventories,Inventories,3Q25,-90.0,(derived),,,,,derived,9M25 - 6M25 = -255.0 - -165.0
cash_flow,us-gaap:IncreaseDecreaseInInventories,Inventories,4Q25,71.0,(derived),,,,,derived,FY25 - 9M25 = -184.0 - -255.0
cash_flow,us-gaap:IncreaseDecreaseInAccountsPayable,Accounts payable,2Q19,20.0,(derived),,,,,derived,6M19 - 1Q19 = 156.0 - 136.0
cash_flow,us-gaap:IncreaseDecreaseInAccountsPayable,Accounts payable,3Q19,-108.0,(derived),,,,,derived,9M19 - 6M19 = 48.0 - 156.0
cash_flow,us-gaap:IncreaseDecreaseInAccountsPayable,Accounts payable,4Q19,181.0,(derived),,,,,derived,FY19 - 9M19 = 229.0 - 48.0
cash_flow,us-gaap:IncreaseDecreaseInAccountsPayable,Accounts payable,2Q20,-223.0,(derived),,,,,derived,6M20 - 1Q20 = 480.0 - 703.0
cash_flow,us-gaap:IncreaseDecreaseInAccountsPayable,Accounts payable,3Q20,-424.0,(derived),,,,,derived,9M20 - 6M20 = 56.0 - 480.0
cash_flow,us-gaap:IncreaseDecreaseInAccountsPayable,Accounts payable,4Q20,132.0,(derived),,,,,derived,FY20 - 9M20 = 188.0 - 56.0
cash_flow,us-gaap:IncreaseDecreaseInAccountsPayable,Accounts payable,2Q21,-145.0,(derived),,,,,derived,6M21 - 1Q21 = 158.0 - 303.0
cash_flow,us-gaap:IncreaseDecreaseInAccountsPayable,Accounts payable,3Q21,-139.0,(derived),,,,,derived,9M21 - 6M21 = 19.0 - 158.0
cash_flow,us-gaap:IncreaseDecreaseInAccountsPayable,Accounts payable,4Q21,226.0,(derived),,,,,derived,FY21 - 9M21 = 245.0 - 19.0
cash_flow,us-gaap:IncreaseDecreaseInAccountsPayable,Accounts payable,2Q22,-19.0,(derived),,,,,derived,6M22 - 1Q22 = 4.0 - 23.0
cash_flow,us-gaap:IncreaseDecreaseInAccountsPayable,Accounts payable,3Q22,-300.0,(derived),,,,,derived,9M22 - 6M22 = -296.0 - 4.0
cash_flow,us-gaap:IncreaseDecreaseInAccountsPayable,Accounts payable,4Q22,405.0,(derived),,,,,derived,FY22 - 9M22 = 109.0 - -296.0
cash_flow,us-gaap:IncreaseDecreaseInAccountsPayable,Accounts payable,2Q23,-165.0,(derived),,,,,derived,6M23 - 1Q23 = 22.0 - 187.0
cash_flow,us-gaap:IncreaseDecreaseInAccountsPayable,Accounts payable,3Q23,-268.0,(derived),,,,,derived,9M23 - 6M23 = -246.0 - 22.0
cash_flow,us-gaap:IncreaseDecreaseInAccountsPayable,Accounts payable,4Q23,444.0,(derived),,,,,derived,FY23 - 9M23 = 198.0 - -246.0
cash_flow,us-gaap:IncreaseDecreaseInAccountsPayable,Accounts payable,2Q24,-259.0,(derived),,,,,derived,6M24 - 1Q24 = 41.0 - 300.0
cash_flow,us-gaap:IncreaseDecreaseInAccountsPayable,Accounts payable,3Q24,-374.0,(derived),,,,,derived,9M24 - 6M24 = -333.0 - 41.0
cash_flow,us-gaap:IncreaseDecreaseInAccountsPayable,Accounts payable,4Q24,517.0,(derived),,,,,derived,FY24 - 9M24 = 184.0 - -333.0
cash_flow,us-gaap:IncreaseDecreaseInAccountsPayable,Accounts payable,2Q25,13.0,(derived),,,,,derived,6M25 - 1Q25 = -72.0 - -85.0
cash_flow,us-gaap:IncreaseDecreaseInAccountsPayable,Accounts payable,3Q25,160.0,(derived),,,,,derived,9M25 - 6M25 = 88.0 - -72.0
cash_flow,us-gaap:IncreaseDecreaseInAccountsPayable,Accounts payable,4Q25,-90.0,(derived),,,,,derived,FY25 - 9M25 = -2.0 - 88.0
cash_flow,us-gaap:IncreaseDecreaseInAccruedIncomeTaxesPayable,Income taxes payable,2Q19,-261.0,(derived),,,,,derived,6M19 - 1Q19 = -65.0 - 196.0
cash_flow,us-gaap:IncreaseDecreaseInAccruedIncomeTaxesPayable,Income taxes payable,3Q19,112.0,(derived),,,,,derived,9M19 - 6M19 = 47.0 - -65.0
cash_flow,us-gaap:IncreaseDecreaseInAccruedIncomeTaxesPayable,Income taxes payable,4Q19,860.0,(derived),,,,,derived,FY19 - 9M19 = 907.0 - 47.0
cash_flow,us-gaap:IncreaseDecreaseInAccruedIncomeTaxesPayable,Income taxes payable,2Q20,-44.0,(derived),,,,,derived,6M20 - 1Q20 = 185.0 - 229.0
cash_flow,us-gaap:IncreaseDecreaseInAccruedIncomeTaxesPayable,Income taxes payable,3Q20,-2289.0,(derived),,,,,derived,9M20 - 6M20 = -2104.0 - 185.0
cash_flow,us-gaap:IncreaseDecreaseInAccruedIncomeTaxesPayable,Income taxes payable,4Q20,-201.0,(derived),,,,,derived,FY20 - 9M20 = -2305.0 - -2104.0
cash_flow,us-gaap:IncreaseDecreaseInAccruedIncomeTaxesPayable,Income taxes payable,2Q21,-1022.0,(derived),,,,,derived,6M21 - 1Q21 = -795.0 - 227.0
cash_flow,us-gaap:IncreaseDecreaseInAccruedIncomeTaxesPayable,Income taxes payable,3Q21,-46.0,(derived),,,,,derived,9M21 - 6M21 = -841.0 - -795.0
cash_flow,us-gaap:IncreaseDecreaseInAccruedIncomeTaxesPayable,Income taxes payable,4Q21,-222.0,(derived),,,,,derived,FY21 - 9M21 = -1063.0 - -841.0
cash_flow,us-gaap:IncreaseDecreaseInAccruedIncomeTaxesPayable,Income taxes payable,2Q22,-1201.0,(derived),,,,,derived,6M22 - 1Q22 = -370.0 - 831.0
cash_flow,us-gaap:IncreaseDecreaseInAccruedIncomeTaxesPayable,Income taxes payable,3Q22,60.0,(derived),,,,,derived,9M22 - 6M22 = -310.0 - -370.0
cash_flow,us-gaap:IncreaseDecreaseInAccruedIncomeTaxesPayable,Income taxes payable,4Q22,-1113.0,(derived),,,,,derived,FY22 - 9M22 = -1423.0 - -310.0
cash_flow,us-gaap:IncreaseDecreaseInAccruedIncomeTaxesPayable,Income taxes payable,2Q23,-2119.0,(derived),,,,,derived,6M23 - 1Q23 = -1235.0 - 884.0
cash_flow,us-gaap:IncreaseDecreaseInAccruedIncomeTaxesPayable,Income taxes payable,3Q23,-412.0,(derived),,,,,derived,9M23 - 6M23 = -1647.0 - -1235.0
cash_flow,us-gaap:IncreaseDecreaseInAccruedIncomeTaxesPayable,Income taxes payable,4Q23,1044.0,(derived),,,,,derived,FY23 - 9M23 = -603.0 - -1647.0
cash_flow,us-gaap:IncreaseDecreaseInAccruedIncomeTaxesPayable,Income taxes payable,2Q24,-1943.0,(derived),,,,,derived,6M24 - 1Q24 = -1033.0 - 910.0
cash_flow,us-gaap:IncreaseDecreaseInAccruedIncomeTaxesPayable,Income taxes payable,3Q24,-348.0,(derived),,,,,derived,9M24 - 6M24 = -1381.0 - -1033.0
cash_flow,us-gaap:IncreaseDecreaseInAccruedIncomeTaxesPayable,Income taxes payable,4Q24,121.0,(derived),,,,,derived,FY24 - 9M24 = -1260.0 - -1381.0
cash_flow,us-gaap:IncreaseDecreaseInAccruedIncomeTaxesPayable,Income taxes payable,2Q25,-621.0,(derived),,,,,derived,6M25 - 1Q25 = -567.0 - 54.0
cash_flow,us-gaap:IncreaseDecreaseInAccruedIncomeTaxesPayable,Income taxes payable,3Q25,887.0,(derived),,,,,derived,9M25 - 6M25 = 320.0 - -567.0
cash_flow,us-gaap:IncreaseDecreaseInAccruedIncomeTaxesPayable,Income taxes payable,4Q25,-324.0,(derived),,,,,derived,FY25 - 9M25 = -4.0 - 320.0
cash_flow,us-gaap:IncreaseDecreaseInOtherOperatingCapitalNet,Other,2Q19,770.0,(derived),,,,,derived,6M19 - 1Q19 = -214.0 - -984.0
cash_flow,us-gaap:IncreaseDecreaseInOtherOperatingCapitalNet,Other,3Q19,899.0,(derived),,,,,derived,9M19 - 6M19 = 685.0 - -214.0
cash_flow,us-gaap:IncreaseDecreaseInOtherOperatingCapitalNet,Other,4Q19,17.0,(derived),,,,,derived,FY19 - 9M19 = 702.0 - 685.0
cash_flow,us-gaap:IncreaseDecreaseInOtherOperatingCapitalNet,Other,2Q20,220.0,(derived),,,,,derived,6M20 - 1Q20 = -135.0 - -355.0
cash_flow,us-gaap:IncreaseDecreaseInOtherOperatingCapitalNet,Other,3Q20,1105.0,(derived),,,,,derived,9M20 - 6M20 = 970.0 - -135.0
cash_flow,us-gaap:IncreaseDecreaseInOtherOperatingCapitalNet,Other,4Q20,104.0,(derived),,,,,derived,FY20 - 9M20 = 1074.0 - 970.0
cash_flow,us-gaap:IncreaseDecreaseInOtherOperatingCapitalNet,Other,2Q21,442.0,(derived),,,,,derived,6M21 - 1Q21 = -695.0 - -1137.0
cash_flow,us-gaap:IncreaseDecreaseInOtherOperatingCapitalNet,Other,3Q21,1065.0,(derived),,,,,derived,9M21 - 6M21 = 370.0 - -695.0
cash_flow,us-gaap:IncreaseDecreaseInOtherOperatingCapitalNet,Other,4Q21,-627.0,(derived),,,,,derived,FY21 - 9M21 = -257.0 - 370.0
cash_flow,us-gaap:IncreaseDecreaseInOtherOperatingCapitalNet,Other,2Q22,-191.0,(derived),,,,,derived,6M22 - 1Q22 = -1264.0 - -1073.0
cash_flow,us-gaap:IncreaseDecreaseInOtherOperatingCapitalNet,Other,3Q22,-46.0,(derived),,,,,derived,9M22 - 6M22 = -1310.0 - -1264.0
cash_flow,us-gaap:IncreaseDecreaseInOtherOperatingCapitalNet,Other,4Q22,700.0,(derived),,,,,derived,FY22 - 9M22 = -610.0 - -1310.0
cash_flow,us-gaap:IncreaseDecreaseInOtherOperatingCapitalNet,Other,2Q23,173.0,(derived),,,,,derived,6M23 - 1Q23 = -891.0 - -1064.0
cash_flow,us-gaap:IncreaseDecreaseInOtherOperatingCapitalNet,Other,3Q23,-59.0,(derived),,,,,derived,9M23 - 6M23 = -950.0 - -891.0
cash_flow,us-gaap:IncreaseDecreaseInOtherOperatingCapitalNet,Other,4Q23,283.0,(derived),,,,,derived,FY23 - 9M23 = -667.0 - -950.0
cash_flow,us-gaap:IncreaseDecreaseInOtherOperatingCapitalNet,Other,2Q24,340.0,(derived),,,,,derived,6M24 - 1Q24 = -268.0 - -608.0
cash_flow,us-gaap:IncreaseDecreaseInOtherOperatingCapitalNet,Other,3Q24,167.0,(derived),,,,,derived,9M24 - 6M24 = -101.0 - -268.0
cash_flow,us-gaap:IncreaseDecreaseInOtherOperatingCapitalNet,Other,4Q24,725.0,(derived),,,,,derived,FY24 - 9M24 = 624.0 - -101.0
cash_flow,us-gaap:IncreaseDecreaseInOtherOperatingCapitalNet,Other,2Q25,222.0,(derived),,,,,derived,6M25 - 1Q25 = -837.0 - -1059.0
cash_flow,us-gaap:IncreaseDecreaseInOtherOperatingCapitalNet,Other,3Q25,240.0,(derived),,,,,derived,9M25 - 6M25 = -597.0 - -837.0
cash_flow,us-gaap:IncreaseDecreaseInOtherOperatingCapitalNet,Other,4Q25,1068.0,(derived),,,,,derived,FY25 - 9M25 = 471.0 - -597.0
cash_flow,us-gaap:NetCashProvidedByUsedInOperatingActivities,Net cash provided by operating activities,2Q19,2083.0,(derived),,,,,derived,6M19 - 1Q19 = 3473.0 - 1390.0
cash_flow,us-gaap:NetCashProvidedByUsedInOperatingActivities,Net cash provided by operating activities,3Q19,2556.0,(derived),,,,,derived,9M19 - 6M19 = 6029.0 - 3473.0
cash_flow,us-gaap:NetCashProvidedByUsedInOperatingActivities,Net cash provided by operating activities,4Q19,2038.0,(derived),,,,,derived,FY19 - 9M19 = 8067.0 - 6029.0
cash_flow,us-gaap:NetCashProvidedByUsedInOperatingActivities,Net cash provided by operating activities,2Q20,4269.0,(derived),,,,,derived,6M20 - 1Q20 = 8163.0 - 3894.0
cash_flow,us-gaap:NetCashProvidedByUsedInOperatingActivities,Net cash provided by operating activities,3Q20,2219.0,(derived),,,,,derived,9M20 - 6M20 = 10382.0 - 8163.0
cash_flow,us-gaap:NetCashProvidedByUsedInOperatingActivities,Net cash provided by operating activities,4Q20,3670.0,(derived),,,,,derived,FY20 - 9M20 = 14052.0 - 10382.0
cash_flow,us-gaap:NetCashProvidedByUsedInOperatingActivities,Net cash provided by operating activities,2Q21,3060.0,(derived),,,,,derived,6M21 - 1Q21 = 6884.0 - 3824.0
cash_flow,us-gaap:NetCashProvidedByUsedInOperatingActivities,Net cash provided by operating activities,3Q21,5266.0,(derived),,,,,derived,9M21 - 6M21 = 12150.0 - 6884.0
cash_flow,us-gaap:NetCashProvidedByUsedInOperatingActivities,Net cash provided by operating activities,4Q21,4057.0,(derived),,,,,derived,FY21 - 9M21 = 16207.0 - 12150.0
cash_flow,us-gaap:NetCashProvidedByUsedInOperatingActivities,Net cash provided by operating activities,2Q22,2261.0,(derived),,,,,derived,6M22 - 1Q22 = 6073.0 - 3812.0
cash_flow,us-gaap:NetCashProvidedByUsedInOperatingActivities,Net cash provided by operating activities,3Q22,3687.0,(derived),,,,,derived,9M22 - 6M22 = 9760.0 - 6073.0
cash_flow,us-gaap:NetCashProvidedByUsedInOperatingActivities,Net cash provided by operating activities,4Q22,3306.0,(derived),,,,,derived,FY22 - 9M22 = 13066.0 - 9760.0
cash_flow,us-gaap:NetCashProvidedByUsedInOperatingActivities,Net cash provided by operating activities,2Q23,1887.0,(derived),,,,,derived,6M23 - 1Q23 = 4857.0 - 2970.0
cash_flow,us-gaap:NetCashProvidedByUsedInOperatingActivities,Net cash provided by operating activities,3Q23,4751.0,(derived),,,,,derived,9M23 - 6M23 = 9608.0 - 4857.0
cash_flow,us-gaap:NetCashProvidedByUsedInOperatingActivities,Net cash provided by operating activities,4Q23,4252.0,(derived),,,,,derived,FY23 - 9M23 = 13860.0 - 9608.0
cash_flow,us-gaap:NetCashProvidedByUsedInOperatingActivities,Net cash provided by operating activities,2Q24,2326.0,(derived),,,,,derived,6M24 - 1Q24 = 5160.0 - 2834.0
cash_flow,us-gaap:NetCashProvidedByUsedInOperatingActivities,Net cash provided by operating activities,3Q24,5591.0,(derived),,,,,derived,9M24 - 6M24 = 10751.0 - 5160.0
cash_flow,us-gaap:NetCashProvidedByUsedInOperatingActivities,Net cash provided by operating activities,4Q24,4439.0,(derived),,,,,derived,FY24 - 9M24 = 15190.0 - 10751.0
cash_flow,us-gaap:NetCashProvidedByUsedInOperatingActivities,Net cash provided by operating activities,2Q25,3917.0,(derived),,,,,derived,6M25 - 1Q25 = 5871.0 - 1954.0
cash_flow,us-gaap:NetCashProvidedByUsedInOperatingActivities,Net cash provided by operating activities,3Q25,6311.0,(derived),,,,,derived,9M25 - 6M25 = 12182.0 - 5871.0
cash_flow,us-gaap:NetCashProvidedByUsedInOperatingActivities,Net cash provided by operating activities,4Q25,1974.0,(derived),,,,,derived,FY25 - 9M25 = 14156.0 - 12182.0
cash_flow,us-gaap:ProceedsFromSaleAndMaturityOfAvailableForSaleSecurities,Sale and maturities of marketable debt securities,2Q19,938.0,(derived),,,,,derived,6M19 - 1Q19 = 2288.0 - 1350.0
cash_flow,us-gaap:ProceedsFromSaleAndMaturityOfAvailableForSaleSecurities,Sale and maturities of marketable debt securities,3Q19,176.0,(derived),,,,,derived,9M19 - 6M19 = 2464.0 - 2288.0
cash_flow,us-gaap:ProceedsFromSaleAndMaturityOfAvailableForSaleSecurities,Sale and maturities of marketable debt securities,4Q19,1345.0,(derived),,,,,derived,FY19 - 9M19 = 3809.0 - 2464.0
cash_flow,us-gaap:ProceedsFromSaleAndMaturityOfAvailableForSaleSecurities,Sale and maturities of marketable debt securities,2Q20,2143.0,(derived),,,,,derived,6M20 - 1Q20 = 3537.0 - 1394.0
cash_flow,us-gaap:ProceedsFromSaleAndMaturityOfAvailableForSaleSecurities,Sale and maturities of marketable debt securities,3Q20,1220.0,(derived),,,,,derived,9M20 - 6M20 = 4757.0 - 3537.0
cash_flow,us-gaap:ProceedsFromSaleAndMaturityOfAvailableForSaleSecurities,Sale and maturities of marketable debt securities,4Q20,1523.0,(derived),,,,,derived,FY20 - 9M20 = 6280.0 - 4757.0
cash_flow,us-gaap:ProceedsFromSaleAndMaturityOfAvailableForSaleSecurities,Sale and maturities of marketable debt securities,2Q21,1186.0,(derived),,,,,derived,6M21 - 1Q21 = 1968.0 - 782.0
cash_flow,us-gaap:ProceedsFromSaleAndMaturityOfAvailableForSaleSecurities,Sale and maturities of marketable debt securities,3Q21,984.0,(derived),,,,,derived,9M21 - 6M21 = 2952.0 - 1968.0
cash_flow,us-gaap:ProceedsFromSaleAndMaturityOfAvailableForSaleSecurities,Sale and maturities of marketable debt securities,4Q21,1244.0,(derived),,,,,derived,FY21 - 9M21 = 4196.0 - 2952.0
cash_flow,us-gaap:ProceedsFromSaleAndMaturityOfAvailableForSaleSecurities,Sale and maturities of marketable debt securities,2Q22,1688.0,(derived),,,,,derived,6M22 - 1Q22 = 3788.0 - 2100.0
cash_flow,us-gaap:ProceedsFromSaleAndMaturityOfAvailableForSaleSecurities,Sale and maturities of marketable debt securities,3Q22,1417.0,(derived),,,,,derived,9M22 - 6M22 = 5205.0 - 3788.0
cash_flow,us-gaap:ProceedsFromSaleAndMaturityOfAvailableForSaleSecurities,Sale and maturities of marketable debt securities,4Q22,1206.0,(derived),,,,,derived,FY22 - 9M22 = 6411.0 - 5205.0
cash_flow,us-gaap:ProceedsFromSaleAndMaturityOfAvailableForSaleSecurities,Sale and maturities of marketable debt securities,2Q23,270.0,(derived),,,,,derived,6M23 - 1Q23 = 327.0 - 57.0
cash_flow,us-gaap:ProceedsFromSaleAndMaturityOfAvailableForSaleSecurities,Sale and maturities of marketable debt securities,3Q23,365.0,(derived),,,,,derived,9M23 - 6M23 = 692.0 - 327.0
cash_flow,us-gaap:ProceedsFromSaleAndMaturityOfAvailableForSaleSecurities,Sale and maturities of marketable debt securities,4Q23,41.0,(derived),,,,,derived,FY23 - 9M23 = 733.0 - 692.0
cash_flow,us-gaap:ProceedsFromSaleAndMaturityOfAvailableForSaleSecurities,Sale and maturities of marketable debt securities,2Q24,75.0,(derived),,,,,derived,6M24 - 1Q24 = 822.0 - 747.0
cash_flow,us-gaap:ProceedsFromSaleAndMaturityOfAvailableForSaleSecurities,Sale and maturities of marketable debt securities,3Q24,238.0,(derived),,,,,derived,9M24 - 6M24 = 1060.0 - 822.0
cash_flow,us-gaap:ProceedsFromSaleAndMaturityOfAvailableForSaleSecurities,Sale and maturities of marketable debt securities,4Q24,62.0,(derived),,,,,derived,FY24 - 9M24 = 1122.0 - 1060.0
cash_flow,us-gaap:ProceedsFromSaleAndMaturityOfAvailableForSaleSecurities,Sale and maturities of marketable debt securities,2Q25,524.0,(derived),,,,,derived,6M25 - 1Q25 = 744.0 - 220.0
cash_flow,us-gaap:ProceedsFromSaleAndMaturityOfAvailableForSaleSecurities,Sale and maturities of marketable debt securities,3Q25,829.0,(derived),,,,,derived,9M25 - 6M25 = 1573.0 - 744.0
cash_flow,us-gaap:ProceedsFromSaleAndMaturityOfAvailableForSaleSecurities,Sale and maturities of marketable debt securities,4Q25,402.0,(derived),,,,,derived,FY25 - 9M25 = 1975.0 - 1573.0
cash_flow,us-gaap:PaymentsToAcquireMarketableSecurities,Purchase of marketable debt securities,2Q19,-195.0,(derived),,,,,derived,6M19 - 1Q19 = -437.0 - -242.0
cash_flow,us-gaap:PaymentsToAcquireMarketableSecurities,Purchase of marketable debt securities,3Q19,-1205.0,(derived),,,,,derived,9M19 - 6M19 = -1642.0 - -437.0
cash_flow,us-gaap:PaymentsToAcquireMarketableSecurities,Purchase of marketable debt securities,4Q19,-2319.0,(derived),,,,,derived,FY19 - 9M19 = -3961.0 - -1642.0
cash_flow,us-gaap:PaymentsToAcquireMarketableSecurities,Purchase of marketable debt securities,2Q20,-1222.0,(derived),,,,,derived,6M20 - 1Q20 = -1957.0 - -735.0
cash_flow,us-gaap:PaymentsToAcquireMarketableSecurities,Purchase of marketable debt securities,3Q20,-1191.0,(derived),,,,,derived,9M20 - 6M20 = -3148.0 - -1957.0
cash_flow,us-gaap:PaymentsToAcquireMarketableSecurities,Purchase of marketable debt securities,4Q20,-1024.0,(derived),,,,,derived,FY20 - 9M20 = -4172.0 - -3148.0
cash_flow,us-gaap:PaymentsToAcquireMarketableSecurities,Purchase of marketable debt securities,2Q21,-1041.0,(derived),,,,,derived,6M21 - 1Q21 = -2343.0 - -1302.0
cash_flow,us-gaap:PaymentsToAcquireMarketableSecurities,Purchase of marketable debt securities,3Q21,-1065.0,(derived),,,,,derived,9M21 - 6M21 = -3408.0 - -2343.0
cash_flow,us-gaap:PaymentsToAcquireMarketableSecurities,Purchase of marketable debt securities,4Q21,-2070.0,(derived),,,,,derived,FY21 - 9M21 = -5478.0 - -3408.0
cash_flow,us-gaap:PaymentsToAcquireMarketableSecurities,Purchase of marketable debt securities,2Q22,-1578.0,(derived),,,,,derived,6M22 - 1Q22 = -3292.0 - -1714.0
cash_flow,us-gaap:PaymentsToAcquireMarketableSecurities,Purchase of marketable debt securities,3Q22,-274.0,(derived),,,,,derived,9M22 - 6M22 = -3566.0 - -3292.0
cash_flow,us-gaap:PaymentsToAcquireMarketableSecurities,Purchase of marketable debt securities,4Q22,-26.0,(derived),,,,,derived,FY22 - 9M22 = -3592.0 - -3566.0
cash_flow,us-gaap:PaymentsToAcquireMarketableSecurities,Purchase of marketable debt securities,2Q23,-355.0,(derived),,,,,derived,6M23 - 1Q23 = -555.0 - -200.0
cash_flow,us-gaap:PaymentsToAcquireMarketableSecurities,Purchase of marketable debt securities,3Q23,-502.0,(derived),,,,,derived,9M23 - 6M23 = -1057.0 - -555.0
cash_flow,us-gaap:PaymentsToAcquireMarketableSecurities,Purchase of marketable debt securities,4Q23,-717.0,(derived),,,,,derived,FY23 - 9M23 = -1774.0 - -1057.0
cash_flow,us-gaap:PaymentsToAcquireMarketableSecurities,Purchase of marketable debt securities,2Q24,-84.0,(derived),,,,,derived,6M24 - 1Q24 = -358.0 - -274.0
cash_flow,us-gaap:PaymentsToAcquireMarketableSecurities,Purchase of marketable debt securities,3Q24,-40.0,(derived),,,,,derived,9M24 - 6M24 = -398.0 - -358.0
cash_flow,us-gaap:PaymentsToAcquireMarketableSecurities,Purchase of marketable debt securities,4Q24,-371.0,(derived),,,,,derived,FY24 - 9M24 = -769.0 - -398.0
cash_flow,us-gaap:PaymentsToAcquireMarketableSecurities,Purchase of marketable debt securities,2Q25,-621.0,(derived),,,,,derived,6M25 - 1Q25 = -1257.0 - -636.0
cash_flow,us-gaap:PaymentsToAcquireMarketableSecurities,Purchase of marketable debt securities,3Q25,-665.0,(derived),,,,,derived,9M25 - 6M25 = -1922.0 - -1257.0
cash_flow,us-gaap:PaymentsToAcquireMarketableSecurities,Purchase of marketable debt securities,4Q25,-78.0,(derived),,,,,derived,FY25 - 9M25 = -2000.0 - -1922.0
cash_flow,us-gaap:PaymentsToAcquirePropertyPlantAndEquipment,Capital expenditures,2Q19,-191.0,(derived),,,,,derived,6M19 - 1Q19 = -395.0 - -204.0
cash_flow,us-gaap:PaymentsToAcquirePropertyPlantAndEquipment,Capital expenditures,3Q19,-190.0,(derived),,,,,derived,9M19 - 6M19 = -585.0 - -395.0
cash_flow,us-gaap:PaymentsToAcquirePropertyPlantAndEquipment,Capital expenditures,4Q19,-251.0,(derived),,,,,derived,FY19 - 9M19 = -836.0 - -585.0
cash_flow,us-gaap:PaymentsToAcquirePropertyPlantAndEquipment,Capital expenditures,2Q20,-131.0,(derived),,,,,derived,6M20 - 1Q20 = -317.0 - -186.0
cash_flow,us-gaap:PaymentsToAcquirePropertyPlantAndEquipment,Capital expenditures,3Q20,-153.0,(derived),,,,,derived,9M20 - 6M20 = -470.0 - -317.0
cash_flow,us-gaap:PaymentsToAcquirePropertyPlantAndEquipment,Capital expenditures,4Q20,-283.0,(derived),,,,,derived,FY20 - 9M20 = -753.0 - -470.0
cash_flow,us-gaap:PaymentsToAcquirePropertyPlantAndEquipment,Capital expenditures,2Q21,-210.0,(derived),,,,,derived,6M21 - 1Q21 = -383.0 - -173.0
cash_flow,us-gaap:PaymentsToAcquirePropertyPlantAndEquipment,Capital expenditures,3Q21,-270.0,(derived),,,,,derived,9M21 - 6M21 = -653.0 - -383.0
cash_flow,us-gaap:PaymentsToAcquirePropertyPlantAndEquipment,Capital expenditures,4Q21,-320.0,(derived),,,,,derived,FY21 - 9M21 = -973.0 - -653.0
cash_flow,us-gaap:PaymentsToAcquirePropertyPlantAndEquipment,Capital expenditures,2Q22,-272.0,(derived),,,,,derived,6M22 - 1Q22 = -525.0 - -253.0
cash_flow,us-gaap:PaymentsToAcquirePropertyPlantAndEquipment,Capital expenditures,3Q22,-247.0,(derived),,,,,derived,9M22 - 6M22 = -772.0 - -525.0
cash_flow,us-gaap:PaymentsToAcquirePropertyPlantAndEquipment,Capital expenditures,4Q22,-346.0,(derived),,,,,derived,FY22 - 9M22 = -1118.0 - -772.0
cash_flow,us-gaap:PaymentsToAcquirePropertyPlantAndEquipment,Capital expenditures,2Q23,-259.0,(derived),,,,,derived,6M23 - 1Q23 = -537.0 - -278.0
cash_flow,us-gaap:PaymentsToAcquirePropertyPlantAndEquipment,Capital expenditures,3Q23,-342.0,(derived),,,,,derived,9M23 - 6M23 = -879.0 - -537.0
cash_flow,us-gaap:PaymentsToAcquirePropertyPlantAndEquipment,Capital expenditures,4Q23,-330.0,(derived),,,,,derived,FY23 - 9M23 = -1209.0 - -879.0
cash_flow,us-gaap:PaymentsToAcquirePropertyPlantAndEquipment,Capital expenditures,2Q24,-262.0,(derived),,,,,derived,6M24 - 1Q24 = -546.0 - -284.0
cash_flow,us-gaap:PaymentsToAcquirePropertyPlantAndEquipment,Capital expenditures,3Q24,-324.0,(derived),,,,,derived,9M24 - 6M24 = -870.0 - -546.0
cash_flow,us-gaap:PaymentsToAcquirePropertyPlantAndEquipment,Capital expenditures,4Q24,-378.0,(derived),,,,,derived,FY24 - 9M24 = -1248.0 - -870.0
cash_flow,us-gaap:PaymentsToAcquirePropertyPlantAndEquipment,Capital expenditures,2Q25,-361.0,(derived),,,,,derived,6M25 - 1Q25 = -621.0 - -260.0
cash_flow,us-gaap:PaymentsToAcquirePropertyPlantAndEquipment,Capital expenditures,3Q25,-320.0,(derived),,,,,derived,9M25 - 6M25 = -941.0 - -621.0
cash_flow,us-gaap:PaymentsToAcquirePropertyPlantAndEquipment,Capital expenditures,4Q25,-370.0,(derived),,,,,derived,FY25 - 9M25 = -1311.0 - -941.0
cash_flow,bmy:DivestitureAndOtherProceeds,Divestiture and other proceeds,2Q19,197.0,(derived),,,,,derived,6M19 - 1Q19 = 368.0 - 171.0
cash_flow,bmy:DivestitureAndOtherProceeds,Divestiture and other proceeds,3Q19,1719.0,(derived),,,,,derived,9M19 - 6M19 = 2087.0 - 368.0
cash_flow,bmy:DivestitureAndOtherProceeds,Divestiture and other proceeds,4Q19,13765.0,(derived),,,,,derived,FY19 - 9M19 = 15852.0 - 2087.0
cash_flow,bmy:DivestitureAndOtherProceeds,Divestiture and other proceeds,2Q20,143.0,(derived),,,,,derived,6M20 - 1Q20 = 348.0 - 205.0
cash_flow,bmy:DivestitureAndOtherProceeds,Divestiture and other proceeds,3Q20,202.0,(derived),,,,,derived,9M20 - 6M20 = 550.0 - 348.0
cash_flow,bmy:DivestitureAndOtherProceeds,Divestiture and other proceeds,4Q20,320.0,(derived),,,,,derived,FY20 - 9M20 = 870.0 - 550.0
cash_flow,bmy:DivestitureAndOtherProceeds,Divestiture and other proceeds,2Q21,-203.0,(derived),,,,,derived,6M21 - 1Q21 = 382.0 - 585.0
cash_flow,bmy:DivestitureAndOtherProceeds,Divestiture and other proceeds,3Q21,188.0,(derived),,,,,derived,9M21 - 6M21 = 570.0 - 382.0
cash_flow,bmy:DivestitureAndOtherProceeds,Divestiture and other proceeds,4Q21,178.0,(derived),,,,,derived,FY21 - 9M21 = 748.0 - 570.0
cash_flow,bmy:DivestitureAndOtherProceeds,Divestiture and other proceeds,2Q22,192.0,(derived),,,,,derived,6M22 - 1Q22 = 594.0 - 402.0
cash_flow,bmy:DivestitureAndOtherProceeds,Divestiture and other proceeds,3Q22,221.0,(derived),,,,,derived,9M22 - 6M22 = 815.0 - 594.0
cash_flow,bmy:DivestitureAndOtherProceeds,Divestiture and other proceeds,4Q22,490.0,(derived),,,,,derived,FY22 - 9M22 = 1305.0 - 815.0
cash_flow,bmy:DivestitureAndOtherProceeds,Divestiture and other proceeds,2Q23,194.0,(derived),,,,,derived,6M23 - 1Q23 = 421.0 - 227.0
cash_flow,bmy:DivestitureAndOtherProceeds,Divestiture and other proceeds,3Q23,247.0,(derived),,,,,derived,9M23 - 6M23 = 668.0 - 421.0
cash_flow,bmy:DivestitureAndOtherProceeds,Divestiture and other proceeds,4Q23,241.0,(derived),,,,,derived,FY23 - 9M23 = 909.0 - 668.0
cash_flow,bmy:DivestitureAndOtherProceeds,Divestiture and other proceeds,2Q24,270.0,(derived),,,,,derived,6M24 - 1Q24 = 511.0 - 241.0
cash_flow,bmy:DivestitureAndOtherProceeds,Divestiture and other proceeds,3Q24,255.0,(derived),,,,,derived,9M24 - 6M24 = 766.0 - 511.0
cash_flow,bmy:DivestitureAndOtherProceeds,Divestiture and other proceeds,4Q24,333.0,(derived),,,,,derived,FY24 - 9M24 = 1099.0 - 766.0
cash_flow,bmy:DivestitureAndOtherProceeds,Divestiture and other proceeds,2Q25,270.0,(derived),,,,,derived,6M25 - 1Q25 = 513.0 - 243.0
cash_flow,bmy:DivestitureAndOtherProceeds,Divestiture and other proceeds,3Q25,279.0,(derived),,,,,derived,9M25 - 6M25 = 792.0 - 513.0
cash_flow,bmy:DivestitureAndOtherProceeds,Divestiture and other proceeds,4Q25,279.0,(derived),,,,,derived,FY25 - 9M25 = 1071.0 - 792.0
cash_flow,us-gaap:PaymentsToAcquireBusinessesNetOfCashAcquired,"Acquisition and other payments, net of cash acquired",2Q19,-49.0,(derived),,,,,derived,"6M19 - 1Q19(=0, not reported) = -49.0 - 0.0"
cash_flow,us-gaap:PaymentsToAcquireBusinessesNetOfCashAcquired,"Acquisition and other payments, net of cash acquired",3Q19,-9.0,(derived),,,,,derived,9M19 - 6M19 = -58.0 - -49.0
cash_flow,us-gaap:PaymentsToAcquireBusinessesNetOfCashAcquired,"Acquisition and other payments, net of cash acquired",4Q19,-24576.0,(derived),,,,,derived,FY19 - 9M19 = -24634.0 - -58.0
cash_flow,us-gaap:PaymentsToAcquireBusinessesNetOfCashAcquired,"Acquisition and other payments, net of cash acquired",2Q20,-153.0,(derived),,,,,derived,6M20 - 1Q20 = -178.0 - -25.0
cash_flow,us-gaap:PaymentsToAcquireBusinessesNetOfCashAcquired,"Acquisition and other payments, net of cash acquired",3Q20,-243.0,(derived),,,,,derived,9M20 - 6M20 = -421.0 - -178.0
cash_flow,us-gaap:PaymentsToAcquireBusinessesNetOfCashAcquired,"Acquisition and other payments, net of cash acquired",4Q20,-12663.0,(derived),,,,,derived,FY20 - 9M20 = -13084.0 - -421.0
cash_flow,us-gaap:PaymentsToAcquireBusinessesNetOfCashAcquired,"Acquisition and other payments, net of cash acquired",2Q21,-366.0,(derived),,,,,derived,6M21 - 1Q21 = -401.0 - -35.0
cash_flow,us-gaap:PaymentsToAcquireBusinessesNetOfCashAcquired,"Acquisition and other payments, net of cash acquired",3Q21,-1057.0,(derived),,,,,derived,9M21 - 6M21 = -1458.0 - -401.0
cash_flow,us-gaap:PaymentsToAcquireBusinessesNetOfCashAcquired,"Acquisition and other payments, net of cash acquired",4Q21,-152.0,(derived),,,,,derived,FY21 - 9M21 = -1610.0 - -1458.0
cash_flow,us-gaap:PaymentsToAcquireBusinessesNetOfCashAcquired,"Acquisition and other payments, net of cash acquired",2Q22,-467.0,(derived),,,,,derived,6M22 - 1Q22 = -909.0 - -442.0
cash_flow,us-gaap:PaymentsToAcquireBusinessesNetOfCashAcquired,"Acquisition and other payments, net of cash acquired",3Q22,-3261.0,(derived),,,,,derived,9M22 - 6M22 = -4170.0 - -909.0
cash_flow,us-gaap:PaymentsToAcquireBusinessesNetOfCashAcquired,"Acquisition and other payments, net of cash acquired",4Q22,-116.0,(derived),,,,,derived,FY22 - 9M22 = -4286.0 - -4170.0
cash_flow,us-gaap:PaymentsToAcquireBusinessesNetOfCashAcquired,"Acquisition and other payments, net of cash acquired",2Q23,-184.0,(derived),,,,,derived,6M23 - 1Q23 = -262.0 - -78.0
cash_flow,us-gaap:PaymentsToAcquireBusinessesNetOfCashAcquired,"Acquisition and other payments, net of cash acquired",3Q23,-326.0,(derived),,,,,derived,9M23 - 6M23 = -588.0 - -262.0
cash_flow,us-gaap:PaymentsToAcquireBusinessesNetOfCashAcquired,"Acquisition and other payments, net of cash acquired",4Q23,-581.0,(derived),,,,,derived,FY23 - 9M23 = -1169.0 - -588.0
cash_flow,us-gaap:PaymentsToAcquireBusinessesNetOfCashAcquired,"Acquisition and other payments, net of cash acquired",2Q24,-1373.0,(derived),,,,,derived,6M24 - 1Q24 = -21426.0 - -20053.0
cash_flow,us-gaap:PaymentsToAcquireBusinessesNetOfCashAcquired,"Acquisition and other payments, net of cash acquired",3Q24,-348.0,(derived),,,,,derived,9M24 - 6M24 = -21774.0 - -21426.0
cash_flow,us-gaap:PaymentsToAcquireBusinessesNetOfCashAcquired,"Acquisition and other payments, net of cash acquired",4Q24,-47.0,(derived),,,,,derived,FY24 - 9M24 = -21821.0 - -21774.0
cash_flow,us-gaap:PaymentsToAcquireBusinessesNetOfCashAcquired,"Acquisition and other payments, net of cash acquired",2Q25,-285.0,(derived),,,,,derived,6M25 - 1Q25 = -363.0 - -78.0
cash_flow,us-gaap:PaymentsToAcquireBusinessesNetOfCashAcquired,"Acquisition and other payments, net of cash acquired",3Q25,-1874.0,(derived),,,,,derived,9M25 - 6M25 = -2237.0 - -363.0
cash_flow,us-gaap:PaymentsToAcquireBusinessesNetOfCashAcquired,"Acquisition and other payments, net of cash acquired",4Q25,-1707.0,(derived),,,,,derived,FY25 - 9M25 = -3944.0 - -2237.0
cash_flow,us-gaap:NetCashProvidedByUsedInInvestingActivities,Net cash provided by/(used in) investing activities,2Q19,715.0,(derived),,,,,derived,6M19 - 1Q19 = 1775.0 - 1060.0
cash_flow,us-gaap:NetCashProvidedByUsedInInvestingActivities,Net cash provided by/(used in) investing activities,3Q19,491.0,(derived),,,,,derived,9M19 - 6M19 = 2266.0 - 1775.0
cash_flow,us-gaap:NetCashProvidedByUsedInInvestingActivities,Net cash provided by/(used in) investing activities,4Q19,-12036.0,(derived),,,,,derived,FY19 - 9M19 = -9770.0 - 2266.0
cash_flow,us-gaap:NetCashProvidedByUsedInInvestingActivities,Net cash provided by/(used in) investing activities,2Q20,780.0,(derived),,,,,derived,6M20 - 1Q20 = 1433.0 - 653.0
cash_flow,us-gaap:NetCashProvidedByUsedInInvestingActivities,Net cash provided by/(used in) investing activities,3Q20,-165.0,(derived),,,,,derived,9M20 - 6M20 = 1268.0 - 1433.0
cash_flow,us-gaap:NetCashProvidedByUsedInInvestingActivities,Net cash provided by/(used in) investing activities,4Q20,-12127.0,(derived),,,,,derived,FY20 - 9M20 = -10859.0 - 1268.0
cash_flow,us-gaap:NetCashProvidedByUsedInInvestingActivities,Net cash provided by/(used in) investing activities,2Q21,180.0,(derived),,,,,derived,6M21 - 1Q21 = 37.0 - -143.0
cash_flow,us-gaap:NetCashProvidedByUsedInInvestingActivities,Net cash provided by/(used in) investing activities,3Q21,-976.0,(derived),,,,,derived,9M21 - 6M21 = -939.0 - 37.0
cash_flow,us-gaap:NetCashProvidedByUsedInInvestingActivities,Net cash provided by/(used in) investing activities,4Q21,401.0,(derived),,,,,derived,FY21 - 9M21 = -538.0 - -939.0
cash_flow,us-gaap:NetCashProvidedByUsedInInvestingActivities,Net cash provided by/(used in) investing activities,2Q22,-289.0,(derived),,,,,derived,6M22 - 1Q22 = -194.0 - 95.0
cash_flow,us-gaap:NetCashProvidedByUsedInInvestingActivities,Net cash provided by/(used in) investing activities,3Q22,-2081.0,(derived),,,,,derived,9M22 - 6M22 = -2275.0 - -194.0
cash_flow,us-gaap:NetCashProvidedByUsedInInvestingActivities,Net cash provided by/(used in) investing activities,4Q22,1213.0,(derived),,,,,derived,FY22 - 9M22 = -1062.0 - -2275.0
cash_flow,us-gaap:NetCashProvidedByUsedInInvestingActivities,Net cash provided by/(used in) investing activities,2Q23,-329.0,(derived),,,,,derived,6M23 - 1Q23 = -539.0 - -210.0
cash_flow,us-gaap:NetCashProvidedByUsedInInvestingActivities,Net cash provided by/(used in) investing activities,3Q23,-410.0,(derived),,,,,derived,9M23 - 6M23 = -949.0 - -539.0
cash_flow,us-gaap:NetCashProvidedByUsedInInvestingActivities,Net cash provided by/(used in) investing activities,4Q23,-1346.0,(derived),,,,,derived,FY23 - 9M23 = -2295.0 - -949.0
cash_flow,us-gaap:NetCashProvidedByUsedInInvestingActivities,Net cash provided by/(used in) investing activities,2Q24,-1319.0,(derived),,,,,derived,6M24 - 1Q24 = -20937.0 - -19618.0
cash_flow,us-gaap:NetCashProvidedByUsedInInvestingActivities,Net cash provided by/(used in) investing activities,3Q24,-219.0,(derived),,,,,derived,9M24 - 6M24 = -21156.0 - -20937.0
cash_flow,us-gaap:NetCashProvidedByUsedInInvestingActivities,Net cash provided by/(used in) investing activities,4Q24,-196.0,(derived),,,,,derived,FY24 - 9M24 = -21352.0 - -21156.0
cash_flow,us-gaap:NetCashProvidedByUsedInInvestingActivities,Net cash provided by/(used in) investing activities,2Q25,-473.0,(derived),,,,,derived,6M25 - 1Q25 = -972.0 - -499.0
cash_flow,us-gaap:NetCashProvidedByUsedInInvestingActivities,Net cash provided by/(used in) investing activities,3Q25,-1702.0,(derived),,,,,derived,9M25 - 6M25 = -2674.0 - -972.0
cash_flow,us-gaap:NetCashProvidedByUsedInInvestingActivities,Net cash provided by/(used in) investing activities,4Q25,-1458.0,(derived),,,,,derived,FY25 - 9M25 = -4132.0 - -2674.0
cash_flow,us-gaap:ProceedsFromRepaymentsOfShortTermDebt,"Short-term debt obligations, net",2Q19,84.0,(derived),,,,,derived,"6M19 - 1Q19(=0, not reported) = 84.0 - 0.0"
cash_flow,us-gaap:ProceedsFromRepaymentsOfShortTermDebt,"Short-term debt obligations, net",3Q19,31.0,(derived),,,,,derived,9M19 - 6M19 = 115.0 - 84.0
cash_flow,us-gaap:ProceedsFromRepaymentsOfShortTermDebt,"Short-term debt obligations, net",4Q19,16.0,(derived),,,,,derived,FY19 - 9M19 = 131.0 - 115.0
cash_flow,us-gaap:ProceedsFromRepaymentsOfShortTermDebt,"Short-term debt obligations, net",2Q20,-48.0,(derived),,,,,derived,6M20 - 1Q20 = -22.0 - 26.0
cash_flow,us-gaap:ProceedsFromRepaymentsOfShortTermDebt,"Short-term debt obligations, net",3Q20,-242.0,(derived),,,,,derived,9M20 - 6M20 = -264.0 - -22.0
cash_flow,us-gaap:ProceedsFromRepaymentsOfShortTermDebt,"Short-term debt obligations, net",4Q20,-3.0,(derived),,,,,derived,FY20 - 9M20 = -267.0 - -264.0
cash_flow,us-gaap:ProceedsFromRepaymentsOfShortTermDebt,"Short-term debt obligations, net",2Q21,-123.0,(derived),,,,,derived,6M21 - 1Q21 = -185.0 - -62.0
cash_flow,us-gaap:ProceedsFromRepaymentsOfShortTermDebt,"Short-term debt obligations, net",3Q21,139.0,(derived),,,,,derived,9M21 - 6M21 = -46.0 - -185.0
cash_flow,us-gaap:ProceedsFromRepaymentsOfShortTermDebt,"Short-term debt obligations, net",4Q21,-114.0,(derived),,,,,derived,FY21 - 9M21 = -160.0 - -46.0
cash_flow,us-gaap:ProceedsFromRepaymentsOfShortTermDebt,"Short-term debt obligations, net",2Q22,88.0,(derived),,,,,derived,6M22 - 1Q22 = 130.0 - 42.0
cash_flow,us-gaap:ProceedsFromRepaymentsOfShortTermDebt,"Short-term debt obligations, net",3Q22,-72.0,(derived),,,,,derived,9M22 - 6M22 = 58.0 - 130.0
cash_flow,us-gaap:ProceedsFromRepaymentsOfShortTermDebt,"Short-term debt obligations, net",4Q22,136.0,(derived),,,,,derived,FY22 - 9M22 = 194.0 - 58.0
cash_flow,us-gaap:ProceedsFromRepaymentsOfShortTermDebt,"Short-term debt obligations, net",2Q23,115.0,(derived),,,,,derived,6M23 - 1Q23 = 243.0 - 128.0
cash_flow,us-gaap:ProceedsFromRepaymentsOfShortTermDebt,"Short-term debt obligations, net",3Q23,-10.0,(derived),,,,,derived,9M23 - 6M23 = 233.0 - 243.0
cash_flow,us-gaap:ProceedsFromRepaymentsOfShortTermDebt,"Short-term debt obligations, net",4Q23,-353.0,(derived),,,,,derived,FY23 - 9M23 = -120.0 - 233.0
cash_flow,us-gaap:ProceedsFromIssuanceOfLongTermDebt,Proceeds from issuance of long-term debt,2Q19,18790.0,(derived),,,,,derived,"6M19 - 1Q19(=0, not reported) = 18790.0 - 0.0"
cash_flow,us-gaap:ProceedsFromIssuanceOfLongTermDebt,Proceeds from issuance of long-term debt,3Q19,0.0,(derived),,,,,derived,9M19 - 6M19 = 18790.0 - 18790.0
cash_flow,us-gaap:ProceedsFromIssuanceOfLongTermDebt,Proceeds from issuance of long-term debt,4Q19,7988.0,(derived),,,,,derived,FY19 - 9M19 = 26778.0 - 18790.0
cash_flow,us-gaap:ProceedsFromIssuanceOfLongTermDebt,Proceeds from issuance of long-term debt,4Q20,6945.0,(derived),,,,,derived,"FY20 - 9M20(=0, not reported) = 6945.0 - 0.0"
cash_flow,us-gaap:ProceedsFromIssuanceOfLongTermDebt,Proceeds from issuance of long-term debt,2Q22,0.0,(derived),,,,,derived,6M22 - 1Q22 = 5926.0 - 5926.0
cash_flow,us-gaap:ProceedsFromIssuanceOfLongTermDebt,Proceeds from issuance of long-term debt,3Q22,0.0,(derived),,,,,derived,9M22 - 6M22 = 5926.0 - 5926.0
cash_flow,us-gaap:ProceedsFromIssuanceOfLongTermDebt,Proceeds from issuance of long-term debt,4Q22,0.0,(derived),,,,,derived,FY22 - 9M22 = 5926.0 - 5926.0
cash_flow,us-gaap:ProceedsFromIssuanceOfLongTermDebt,Proceeds from issuance of long-term debt,4Q23,4455.0,(derived),,,,,derived,"FY23 - 9M23(=0, not reported) = 4455.0 - 0.0"
cash_flow,us-gaap:ProceedsFromIssuanceOfLongTermDebt,Proceeds from issuance of long-term debt,2Q24,0.0,(derived),,,,,derived,6M24 - 1Q24 = 12883.0 - 12883.0
cash_flow,us-gaap:ProceedsFromIssuanceOfLongTermDebt,Proceeds from issuance of long-term debt,3Q24,0.0,(derived),,,,,derived,9M24 - 6M24 = 12883.0 - 12883.0
cash_flow,us-gaap:ProceedsFromIssuanceOfLongTermDebt,Proceeds from issuance of long-term debt,4Q24,0.0,(derived),,,,,derived,FY24 - 9M24 = 12883.0 - 12883.0
cash_flow,us-gaap:ProceedsFromIssuanceOfLongTermDebt,Proceeds from issuance of long-term debt,4Q25,5740.0,(derived),,,,,derived,"FY25 - 9M25(=0, not reported) = 5740.0 - 0.0"
cash_flow,us-gaap:RepaymentsOfLongTermDebt,Repayments of long-term debt,2Q19,-6.0,(derived),,,,,derived,6M19 - 1Q19 = -1256.0 - -1250.0
cash_flow,us-gaap:RepaymentsOfLongTermDebt,Repayments of long-term debt,3Q19,0.0,(derived),,,,,derived,9M19 - 6M19 = -1256.0 - -1256.0
cash_flow,us-gaap:RepaymentsOfLongTermDebt,Repayments of long-term debt,4Q19,-8000.0,(derived),,,,,derived,FY19 - 9M19 = -9256.0 - -1256.0
cash_flow,us-gaap:RepaymentsOfLongTermDebt,Repayments of long-term debt,3Q20,-1500.0,(derived),,,,,derived,"9M20 - 6M20(=0, not reported) = -1500.0 - 0.0"
cash_flow,us-gaap:RepaymentsOfLongTermDebt,Repayments of long-term debt,4Q20,-1250.0,(derived),,,,,derived,FY20 - 9M20 = -2750.0 - -1500.0
cash_flow,us-gaap:RepaymentsOfLongTermDebt,Repayments of long-term debt,2Q21,-1000.0,(derived),,,,,derived,6M21 - 1Q21 = -5522.0 - -4522.0
cash_flow,us-gaap:RepaymentsOfLongTermDebt,Repayments of long-term debt,3Q21,-500.0,(derived),,,,,derived,9M21 - 6M21 = -6022.0 - -5522.0
cash_flow,us-gaap:RepaymentsOfLongTermDebt,Repayments of long-term debt,4Q21,0.0,(derived),,,,,derived,FY21 - 9M21 = -6022.0 - -6022.0
cash_flow,us-gaap:RepaymentsOfLongTermDebt,Repayments of long-term debt,2Q22,-2877.0,(derived),,,,,derived,6M22 - 1Q22 = -8646.0 - -5769.0
cash_flow,us-gaap:RepaymentsOfLongTermDebt,Repayments of long-term debt,3Q22,-2785.0,(derived),,,,,derived,9M22 - 6M22 = -11431.0 - -8646.0
cash_flow,us-gaap:RepaymentsOfLongTermDebt,Repayments of long-term debt,4Q22,0.0,(derived),,,,,derived,FY22 - 9M22 = -11431.0 - -11431.0
cash_flow,us-gaap:RepaymentsOfLongTermDebt,Repayments of long-term debt,2Q23,-239.0,(derived),,,,,derived,6M23 - 1Q23 = -1879.0 - -1640.0
cash_flow,us-gaap:RepaymentsOfLongTermDebt,Repayments of long-term debt,3Q23,0.0,(derived),,,,,derived,9M23 - 6M23 = -1879.0 - -1879.0
cash_flow,us-gaap:RepaymentsOfLongTermDebt,Repayments of long-term debt,4Q23,-2000.0,(derived),,,,,derived,FY23 - 9M23 = -3879.0 - -1879.0
cash_flow,us-gaap:RepaymentsOfLongTermDebt,Repayments of long-term debt,2Q24,-395.0,(derived),,,,,derived,"6M24 - 1Q24(=0, not reported) = -395.0 - 0.0"
cash_flow,us-gaap:RepaymentsOfLongTermDebt,Repayments of long-term debt,3Q24,-2478.0,(derived),,,,,derived,9M24 - 6M24 = -2873.0 - -395.0
cash_flow,us-gaap:RepaymentsOfLongTermDebt,Repayments of long-term debt,4Q24,0.0,(derived),,,,,derived,FY24 - 9M24 = -2873.0 - -2873.0
cash_flow,us-gaap:RepaymentsOfLongTermDebt,Repayments of long-term debt,2Q25,-643.0,(derived),,,,,derived,"6M25 - 1Q25(=0, not reported) = -643.0 - 0.0"
cash_flow,us-gaap:RepaymentsOfLongTermDebt,Repayments of long-term debt,3Q25,-229.0,(derived),,,,,derived,9M25 - 6M25 = -872.0 - -643.0
cash_flow,us-gaap:RepaymentsOfLongTermDebt,Repayments of long-term debt,4Q25,-10068.0,(derived),,,,,derived,FY25 - 9M25 = -10940.0 - -872.0
cash_flow,us-gaap:PaymentsForRepurchaseOfCommonStock,Repurchase of common stock,3Q19,-300.0,(derived),,,,,derived,"9M19 - 6M19(=0, not reported) = -300.0 - 0.0"
cash_flow,us-gaap:PaymentsForRepurchaseOfCommonStock,Repurchase of common stock,4Q19,-7000.0,(derived),,,,,derived,FY19 - 9M19 = -7300.0 - -300.0
cash_flow,us-gaap:PaymentsForRepurchaseOfCommonStock,Repurchase of common stock,2Q20,0.0,(derived),,,,,derived,6M20 - 1Q20 = -81.0 - -81.0
cash_flow,us-gaap:PaymentsForRepurchaseOfCommonStock,Repurchase of common stock,3Q20,0.0,(derived),,,,,derived,9M20 - 6M20 = -81.0 - -81.0
cash_flow,us-gaap:PaymentsForRepurchaseOfCommonStock,Repurchase of common stock,4Q20,-1465.0,(derived),,,,,derived,FY20 - 9M20 = -1546.0 - -81.0
cash_flow,us-gaap:PaymentsForRepurchaseOfCommonStock,Repurchase of common stock,2Q21,-1236.0,(derived),,,,,derived,6M21 - 1Q21 = -3011.0 - -1775.0
cash_flow,us-gaap:PaymentsForRepurchaseOfCommonStock,Repurchase of common stock,3Q21,-525.0,(derived),,,,,derived,9M21 - 6M21 = -3536.0 - -3011.0
cash_flow,us-gaap:PaymentsForRepurchaseOfCommonStock,Repurchase of common stock,4Q21,-2751.0,(derived),,,,,derived,FY21 - 9M21 = -6287.0 - -3536.0
cash_flow,us-gaap:PaymentsForRepurchaseOfCommonStock,Repurchase of common stock,2Q22,0.0,(derived),,,,,derived,6M22 - 1Q22 = -5000.0 - -5000.0
cash_flow,us-gaap:PaymentsForRepurchaseOfCommonStock,Repurchase of common stock,3Q22,-585.0,(derived),,,,,derived,9M22 - 6M22 = -5585.0 - -5000.0
cash_flow,us-gaap:PaymentsForRepurchaseOfCommonStock,Repurchase of common stock,4Q22,-2416.0,(derived),,,,,derived,FY22 - 9M22 = -8001.0 - -5585.0
cash_flow,us-gaap:PaymentsForRepurchaseOfCommonStock,Repurchase of common stock,2Q23,-905.0,(derived),,,,,derived,6M23 - 1Q23 = -1155.0 - -250.0
cash_flow,us-gaap:PaymentsForRepurchaseOfCommonStock,Repurchase of common stock,3Q23,-4000.0,(derived),,,,,derived,9M23 - 6M23 = -5155.0 - -1155.0
cash_flow,us-gaap:PaymentsForRepurchaseOfCommonStock,Repurchase of common stock,4Q23,0.0,(derived),,,,,derived,FY23 - 9M23 = -5155.0 - -5155.0
cash_flow,us-gaap:PaymentsOfDividends,Dividends,2Q19,-671.0,(derived),,,,,derived,6M19 - 1Q19 = -1340.0 - -669.0
cash_flow,us-gaap:PaymentsOfDividends,Dividends,3Q19,-671.0,(derived),,,,,derived,9M19 - 6M19 = -2011.0 - -1340.0
cash_flow,us-gaap:PaymentsOfDividends,Dividends,4Q19,-668.0,(derived),,,,,derived,FY19 - 9M19 = -2679.0 - -2011.0
cash_flow,us-gaap:PaymentsOfDividends,Dividends,2Q20,-1021.0,(derived),,,,,derived,6M20 - 1Q20 = -2038.0 - -1017.0
cash_flow,us-gaap:PaymentsOfDividends,Dividends,3Q20,-1016.0,(derived),,,,,derived,9M20 - 6M20 = -3054.0 - -2038.0
cash_flow,us-gaap:PaymentsOfDividends,Dividends,4Q20,-1021.0,(derived),,,,,derived,FY20 - 9M20 = -4075.0 - -3054.0
cash_flow,us-gaap:PaymentsOfDividends,Dividends,2Q21,-1099.0,(derived),,,,,derived,6M21 - 1Q21 = -2207.0 - -1108.0
cash_flow,us-gaap:PaymentsOfDividends,Dividends,3Q21,-1090.0,(derived),,,,,derived,9M21 - 6M21 = -3297.0 - -2207.0
cash_flow,us-gaap:PaymentsOfDividends,Dividends,4Q21,-1099.0,(derived),,,,,derived,FY21 - 9M21 = -4396.0 - -3297.0
cash_flow,us-gaap:PaymentsOfDividends,Dividends,2Q22,-1150.0,(derived),,,,,derived,6M22 - 1Q22 = -2335.0 - -1185.0
cash_flow,us-gaap:PaymentsOfDividends,Dividends,3Q22,-1154.0,(derived),,,,,derived,9M22 - 6M22 = -3489.0 - -2335.0
cash_flow,us-gaap:PaymentsOfDividends,Dividends,4Q22,-1145.0,(derived),,,,,derived,FY22 - 9M22 = -4634.0 - -3489.0
cash_flow,us-gaap:PaymentsOfDividends,Dividends,2Q23,-1197.0,(derived),,,,,derived,6M23 - 1Q23 = -2393.0 - -1196.0
cash_flow,us-gaap:PaymentsOfDividends,Dividends,3Q23,-1191.0,(derived),,,,,derived,9M23 - 6M23 = -3584.0 - -2393.0
cash_flow,us-gaap:PaymentsOfDividends,Dividends,4Q23,-1160.0,(derived),,,,,derived,FY23 - 9M23 = -4744.0 - -3584.0
cash_flow,us-gaap:PaymentsOfDividends,Dividends,2Q24,-1217.0,(derived),,,,,derived,6M24 - 1Q24 = -2429.0 - -1212.0
cash_flow,us-gaap:PaymentsOfDividends,Dividends,3Q24,-1216.0,(derived),,,,,derived,9M24 - 6M24 = -3645.0 - -2429.0
cash_flow,us-gaap:PaymentsOfDividends,Dividends,4Q24,-1218.0,(derived),,,,,derived,FY24 - 9M24 = -4863.0 - -3645.0
cash_flow,us-gaap:PaymentsOfDividends,Dividends,2Q25,-1262.0,(derived),,,,,derived,6M25 - 1Q25 = -2520.0 - -1258.0
cash_flow,us-gaap:PaymentsOfDividends,Dividends,3Q25,-1263.0,(derived),,,,,derived,9M25 - 6M25 = -3783.0 - -2520.0
cash_flow,us-gaap:PaymentsOfDividends,Dividends,4Q25,-1262.0,(derived),,,,,derived,FY25 - 9M25 = -5045.0 - -3783.0
cash_flow,us-gaap:NetCashProvidedByUsedInFinancingActivities,Net cash provided by/(used in) financing activities,2Q19,16239.0,(derived),,,,,derived,"6M19 - 1Q19(=0, not reported) = 16239.0 - 0.0"
cash_flow,us-gaap:NetCashProvidedByUsedInFinancingActivities,Net cash provided by/(used in) financing activities,3Q19,-941.0,(derived),,,,,derived,9M19 - 6M19 = 15298.0 - 16239.0
cash_flow,us-gaap:NetCashProvidedByUsedInFinancingActivities,Net cash provided by/(used in) financing activities,4Q19,-7677.0,(derived),,,,,derived,FY19 - 9M19 = 7621.0 - 15298.0
cash_flow,us-gaap:NetCashProvidedByUsedInFinancingActivities,Net cash provided by/(used in) financing activities,2Q20,-993.0,(derived),,,,,derived,6M20 - 1Q20 = -2047.0 - -1054.0
cash_flow,us-gaap:NetCashProvidedByUsedInFinancingActivities,Net cash provided by/(used in) financing activities,3Q20,-2587.0,(derived),,,,,derived,9M20 - 6M20 = -4634.0 - -2047.0
cash_flow,us-gaap:NetCashProvidedByUsedInFinancingActivities,Net cash provided by/(used in) financing activities,4Q20,3483.0,(derived),,,,,derived,FY20 - 9M20 = -1151.0 - -4634.0
cash_flow,us-gaap:NetCashProvidedByUsedInFinancingActivities,Net cash provided by/(used in) financing activities,2Q21,-3182.0,(derived),,,,,derived,6M21 - 1Q21 = -10477.0 - -7295.0
cash_flow,us-gaap:NetCashProvidedByUsedInFinancingActivities,Net cash provided by/(used in) financing activities,3Q21,-1780.0,(derived),,,,,derived,9M21 - 6M21 = -12257.0 - -10477.0
cash_flow,us-gaap:NetCashProvidedByUsedInFinancingActivities,Net cash provided by/(used in) financing activities,4Q21,-3967.0,(derived),,,,,derived,FY21 - 9M21 = -16224.0 - -12257.0
cash_flow,us-gaap:NetCashProvidedByUsedInFinancingActivities,Net cash provided by/(used in) financing activities,2Q22,-3520.0,(derived),,,,,derived,6M22 - 1Q22 = -9173.0 - -5653.0
cash_flow,us-gaap:NetCashProvidedByUsedInFinancingActivities,Net cash provided by/(used in) financing activities,3Q22,-4543.0,(derived),,,,,derived,9M22 - 6M22 = -13716.0 - -9173.0
cash_flow,us-gaap:NetCashProvidedByUsedInFinancingActivities,Net cash provided by/(used in) financing activities,4Q22,-3246.0,(derived),,,,,derived,FY22 - 9M22 = -16962.0 - -13716.0
cash_flow,us-gaap:NetCashProvidedByUsedInFinancingActivities,Net cash provided by/(used in) financing activities,2Q23,-2173.0,(derived),,,,,derived,6M23 - 1Q23 = -5223.0 - -3050.0
cash_flow,us-gaap:NetCashProvidedByUsedInFinancingActivities,Net cash provided by/(used in) financing activities,3Q23,-5160.0,(derived),,,,,derived,9M23 - 6M23 = -10383.0 - -5223.0
cash_flow,us-gaap:NetCashProvidedByUsedInFinancingActivities,Net cash provided by/(used in) financing activities,4Q23,967.0,(derived),,,,,derived,FY23 - 9M23 = -9416.0 - -10383.0
cash_flow,us-gaap:NetCashProvidedByUsedInFinancingActivities,Net cash provided by/(used in) financing activities,2Q24,-4023.0,(derived),,,,,derived,6M24 - 1Q24 = 10621.0 - 14644.0
cash_flow,us-gaap:NetCashProvidedByUsedInFinancingActivities,Net cash provided by/(used in) financing activities,3Q24,-3852.0,(derived),,,,,derived,9M24 - 6M24 = 6769.0 - 10621.0
cash_flow,us-gaap:NetCashProvidedByUsedInFinancingActivities,Net cash provided by/(used in) financing activities,4Q24,-1642.0,(derived),,,,,derived,FY24 - 9M24 = 5127.0 - 6769.0
cash_flow,us-gaap:NetCashProvidedByUsedInFinancingActivities,Net cash provided by/(used in) financing activities,2Q25,-1836.0,(derived),,,,,derived,6M25 - 1Q25 = -2829.0 - -993.0
cash_flow,us-gaap:NetCashProvidedByUsedInFinancingActivities,Net cash provided by/(used in) financing activities,3Q25,-1490.0,(derived),,,,,derived,9M25 - 6M25 = -4319.0 - -2829.0
cash_flow,us-gaap:NetCashProvidedByUsedInFinancingActivities,Net cash provided by/(used in) financing activities,4Q25,-6029.0,(derived),,,,,derived,FY25 - 9M25 = -10348.0 - -4319.0
cash_flow,us-gaap:EffectOfExchangeRateOnCashCashEquivalentsRestrictedCashAndRestrictedCashEquivalents,"Effect of exchange rates on cash, cash equivalents and restricted cash",2Q19,3.0,(derived),,,,,derived,6M19 - 1Q19 = 6.0 - 3.0
cash_flow,us-gaap:EffectOfExchangeRateOnCashCashEquivalentsRestrictedCashAndRestrictedCashEquivalents,"Effect of exchange rates on cash, cash equivalents and restricted cash",3Q19,-21.0,(derived),,,,,derived,9M19 - 6M19 = -15.0 - 6.0
cash_flow,us-gaap:EffectOfExchangeRateOnCashCashEquivalentsRestrictedCashAndRestrictedCashEquivalents,"Effect of exchange rates on cash, cash equivalents and restricted cash",4Q19,6.0,(derived),,,,,derived,FY19 - 9M19 = -9.0 - -15.0
cash_flow,us-gaap:EffectOfExchangeRateOnCashCashEquivalentsRestrictedCashAndRestrictedCashEquivalents,"Effect of exchange rates on cash, cash equivalents and restricted cash",2Q20,60.0,(derived),,,,,derived,6M20 - 1Q20 = -7.0 - -67.0
cash_flow,us-gaap:EffectOfExchangeRateOnCashCashEquivalentsRestrictedCashAndRestrictedCashEquivalents,"Effect of exchange rates on cash, cash equivalents and restricted cash",3Q20,31.0,(derived),,,,,derived,9M20 - 6M20 = 24.0 - -7.0
cash_flow,us-gaap:EffectOfExchangeRateOnCashCashEquivalentsRestrictedCashAndRestrictedCashEquivalents,"Effect of exchange rates on cash, cash equivalents and restricted cash",4Q20,87.0,(derived),,,,,derived,FY20 - 9M20 = 111.0 - 24.0
cash_flow,us-gaap:EffectOfExchangeRateOnCashCashEquivalentsRestrictedCashAndRestrictedCashEquivalents,"Effect of exchange rates on cash, cash equivalents and restricted cash",2Q21,18.0,(derived),,,,,derived,6M21 - 1Q21 = -20.0 - -38.0
cash_flow,us-gaap:EffectOfExchangeRateOnCashCashEquivalentsRestrictedCashAndRestrictedCashEquivalents,"Effect of exchange rates on cash, cash equivalents and restricted cash",3Q21,-28.0,(derived),,,,,derived,9M21 - 6M21 = -48.0 - -20.0
cash_flow,us-gaap:EffectOfExchangeRateOnCashCashEquivalentsRestrictedCashAndRestrictedCashEquivalents,"Effect of exchange rates on cash, cash equivalents and restricted cash",4Q21,-54.0,(derived),,,,,derived,FY21 - 9M21 = -102.0 - -48.0
cash_flow,us-gaap:EffectOfExchangeRateOnCashCashEquivalentsRestrictedCashAndRestrictedCashEquivalents,"Effect of exchange rates on cash, cash equivalents and restricted cash",2Q22,-71.0,(derived),,,,,derived,6M22 - 1Q22 = -62.0 - 9.0
cash_flow,us-gaap:EffectOfExchangeRateOnCashCashEquivalentsRestrictedCashAndRestrictedCashEquivalents,"Effect of exchange rates on cash, cash equivalents and restricted cash",3Q22,-66.0,(derived),,,,,derived,9M22 - 6M22 = -128.0 - -62.0
cash_flow,us-gaap:EffectOfExchangeRateOnCashCashEquivalentsRestrictedCashAndRestrictedCashEquivalents,"Effect of exchange rates on cash, cash equivalents and restricted cash",4Q22,95.0,(derived),,,,,derived,FY22 - 9M22 = -33.0 - -128.0
cash_flow,us-gaap:EffectOfExchangeRateOnCashCashEquivalentsRestrictedCashAndRestrictedCashEquivalents,"Effect of exchange rates on cash, cash equivalents and restricted cash",2Q23,-8.0,(derived),,,,,derived,6M23 - 1Q23 = 5.0 - 13.0
cash_flow,us-gaap:EffectOfExchangeRateOnCashCashEquivalentsRestrictedCashAndRestrictedCashEquivalents,"Effect of exchange rates on cash, cash equivalents and restricted cash",3Q23,-38.0,(derived),,,,,derived,9M23 - 6M23 = -33.0 - 5.0
cash_flow,us-gaap:EffectOfExchangeRateOnCashCashEquivalentsRestrictedCashAndRestrictedCashEquivalents,"Effect of exchange rates on cash, cash equivalents and restricted cash",4Q23,78.0,(derived),,,,,derived,FY23 - 9M23 = 45.0 - -33.0
cash_flow,us-gaap:EffectOfExchangeRateOnCashCashEquivalentsRestrictedCashAndRestrictedCashEquivalents,"Effect of exchange rates on cash, cash equivalents and restricted cash",2Q24,-22.0,(derived),,,,,derived,6M24 - 1Q24 = -67.0 - -45.0
cash_flow,us-gaap:EffectOfExchangeRateOnCashCashEquivalentsRestrictedCashAndRestrictedCashEquivalents,"Effect of exchange rates on cash, cash equivalents and restricted cash",3Q24,77.0,(derived),,,,,derived,9M24 - 6M24 = 10.0 - -67.0
cash_flow,us-gaap:EffectOfExchangeRateOnCashCashEquivalentsRestrictedCashAndRestrictedCashEquivalents,"Effect of exchange rates on cash, cash equivalents and restricted cash",4Q24,-147.0,(derived),,,,,derived,FY24 - 9M24 = -137.0 - 10.0
cash_flow,us-gaap:EffectOfExchangeRateOnCashCashEquivalentsRestrictedCashAndRestrictedCashEquivalents,"Effect of exchange rates on cash, cash equivalents and restricted cash",2Q25,128.0,(derived),,,,,derived,6M25 - 1Q25 = 194.0 - 66.0
cash_flow,us-gaap:EffectOfExchangeRateOnCashCashEquivalentsRestrictedCashAndRestrictedCashEquivalents,"Effect of exchange rates on cash, cash equivalents and restricted cash",3Q25,-4.0,(derived),,,,,derived,9M25 - 6M25 = 190.0 - 194.0
cash_flow,us-gaap:EffectOfExchangeRateOnCashCashEquivalentsRestrictedCashAndRestrictedCashEquivalents,"Effect of exchange rates on cash, cash equivalents and restricted cash",4Q25,5.0,(derived),,,,,derived,FY25 - 9M25 = 195.0 - 190.0
cash_flow,us-gaap:CashCashEquivalentsRestrictedCashAndRestrictedCashEquivalentsPeriodIncreaseDecreaseIncludingExchangeRateEffect,"Increase/(decrease) in cash, cash equivalents and restricted cash",2Q19,21069.0,(derived),,,,,derived,6M19 - 1Q19 = 21493.0 - 424.0
cash_flow,us-gaap:CashCashEquivalentsRestrictedCashAndRestrictedCashEquivalentsPeriodIncreaseDecreaseIncludingExchangeRateEffect,"Increase/(decrease) in cash, cash equivalents and restricted cash",3Q19,2085.0,(derived),,,,,derived,9M19 - 6M19 = 23578.0 - 21493.0
cash_flow,us-gaap:CashCashEquivalentsRestrictedCashAndRestrictedCashEquivalentsPeriodIncreaseDecreaseIncludingExchangeRateEffect,"Increase/(decrease) in cash, cash equivalents and restricted cash",4Q19,-17669.0,(derived),,,,,derived,FY19 - 9M19 = 5909.0 - 23578.0
cash_flow,us-gaap:CashCashEquivalentsRestrictedCashAndRestrictedCashEquivalentsPeriodIncreaseDecreaseIncludingExchangeRateEffect,"Increase/(decrease) in cash, cash equivalents and restricted cash",2Q20,4116.0,(derived),,,,,derived,6M20 - 1Q20 = 7542.0 - 3426.0
cash_flow,us-gaap:CashCashEquivalentsRestrictedCashAndRestrictedCashEquivalentsPeriodIncreaseDecreaseIncludingExchangeRateEffect,"Increase/(decrease) in cash, cash equivalents and restricted cash",3Q20,-502.0,(derived),,,,,derived,9M20 - 6M20 = 7040.0 - 7542.0
cash_flow,us-gaap:CashCashEquivalentsRestrictedCashAndRestrictedCashEquivalentsPeriodIncreaseDecreaseIncludingExchangeRateEffect,"Increase/(decrease) in cash, cash equivalents and restricted cash",4Q20,-4887.0,(derived),,,,,derived,FY20 - 9M20 = 2153.0 - 7040.0
cash_flow,us-gaap:CashCashEquivalentsRestrictedCashAndRestrictedCashEquivalentsPeriodIncreaseDecreaseIncludingExchangeRateEffect,"Increase/(decrease) in cash, cash equivalents and restricted cash",2Q21,76.0,(derived),,,,,derived,6M21 - 1Q21 = -3576.0 - -3652.0
cash_flow,us-gaap:CashCashEquivalentsRestrictedCashAndRestrictedCashEquivalentsPeriodIncreaseDecreaseIncludingExchangeRateEffect,"Increase/(decrease) in cash, cash equivalents and restricted cash",3Q21,2482.0,(derived),,,,,derived,9M21 - 6M21 = -1094.0 - -3576.0
cash_flow,us-gaap:CashCashEquivalentsRestrictedCashAndRestrictedCashEquivalentsPeriodIncreaseDecreaseIncludingExchangeRateEffect,"Increase/(decrease) in cash, cash equivalents and restricted cash",4Q21,437.0,(derived),,,,,derived,FY21 - 9M21 = -657.0 - -1094.0
cash_flow,us-gaap:CashCashEquivalentsRestrictedCashAndRestrictedCashEquivalentsPeriodIncreaseDecreaseIncludingExchangeRateEffect,"Increase/(decrease) in cash, cash equivalents and restricted cash",2Q22,-1619.0,(derived),,,,,derived,6M22 - 1Q22 = -3356.0 - -1737.0
cash_flow,us-gaap:CashCashEquivalentsRestrictedCashAndRestrictedCashEquivalentsPeriodIncreaseDecreaseIncludingExchangeRateEffect,"Increase/(decrease) in cash, cash equivalents and restricted cash",3Q22,-3003.0,(derived),,,,,derived,9M22 - 6M22 = -6359.0 - -3356.0
cash_flow,us-gaap:CashCashEquivalentsRestrictedCashAndRestrictedCashEquivalentsPeriodIncreaseDecreaseIncludingExchangeRateEffect,"Increase/(decrease) in cash, cash equivalents and restricted cash",4Q22,1368.0,(derived),,,,,derived,FY22 - 9M22 = -4991.0 - -6359.0
cash_flow,us-gaap:CashCashEquivalentsRestrictedCashAndRestrictedCashEquivalentsPeriodIncreaseDecreaseIncludingExchangeRateEffect,"Increase/(decrease) in cash, cash equivalents and restricted cash",2Q23,-623.0,(derived),,,,,derived,6M23 - 1Q23 = -900.0 - -277.0
cash_flow,us-gaap:CashCashEquivalentsRestrictedCashAndRestrictedCashEquivalentsPeriodIncreaseDecreaseIncludingExchangeRateEffect,"Increase/(decrease) in cash, cash equivalents and restricted cash",3Q23,-857.0,(derived),,,,,derived,9M23 - 6M23 = -1757.0 - -900.0
cash_flow,us-gaap:CashCashEquivalentsRestrictedCashAndRestrictedCashEquivalentsPeriodIncreaseDecreaseIncludingExchangeRateEffect,"Increase/(decrease) in cash, cash equivalents and restricted cash",4Q23,3951.0,(derived),,,,,derived,FY23 - 9M23 = 2194.0 - -1757.0
cash_flow,us-gaap:CashCashEquivalentsRestrictedCashAndRestrictedCashEquivalentsPeriodIncreaseDecreaseIncludingExchangeRateEffect,"Increase/(decrease) in cash, cash equivalents and restricted cash",2Q24,-3038.0,(derived),,,,,derived,6M24 - 1Q24 = -5223.0 - -2185.0
cash_flow,us-gaap:CashCashEquivalentsRestrictedCashAndRestrictedCashEquivalentsPeriodIncreaseDecreaseIncludingExchangeRateEffect,"Increase/(decrease) in cash, cash equivalents and restricted cash",3Q24,1597.0,(derived),,,,,derived,9M24 - 6M24 = -3626.0 - -5223.0
cash_flow,us-gaap:CashCashEquivalentsRestrictedCashAndRestrictedCashEquivalentsPeriodIncreaseDecreaseIncludingExchangeRateEffect,"Increase/(decrease) in cash, cash equivalents and restricted cash",4Q24,2454.0,(derived),,,,,derived,FY24 - 9M24 = -1172.0 - -3626.0
cash_flow,us-gaap:CashCashEquivalentsRestrictedCashAndRestrictedCashEquivalentsPeriodIncreaseDecreaseIncludingExchangeRateEffect,"Increase/(decrease) in cash, cash equivalents and restricted cash",2Q25,1736.0,(derived),,,,,derived,6M25 - 1Q25 = 2264.0 - 528.0
cash_flow,us-gaap:CashCashEquivalentsRestrictedCashAndRestrictedCashEquivalentsPeriodIncreaseDecreaseIncludingExchangeRateEffect,"Increase/(decrease) in cash, cash equivalents and restricted cash",3Q25,3115.0,(derived),,,,,derived,9M25 - 6M25 = 5379.0 - 2264.0
cash_flow,us-gaap:CashCashEquivalentsRestrictedCashAndRestrictedCashEquivalentsPeriodIncreaseDecreaseIncludingExchangeRateEffect,"Increase/(decrease) in cash, cash equivalents and restricted cash",4Q25,-5508.0,(derived),,,,,derived,FY25 - 9M25 = -129.0 - 5379.0
cash_flow,us-gaap:CashCashEquivalentsRestrictedCashAndRestrictedCashEquivalents,"Cash, cash equivalents and restricted cash at beginning of period",2Q19,-7335.0,(derived),,,,,derived,6M19 - 1Q19 = 6911.0 - 14246.0
cash_flow,us-gaap:CashCashEquivalentsRestrictedCashAndRestrictedCashEquivalents,"Cash, cash equivalents and restricted cash at beginning of period",3Q19,0.0,(derived),,,,,derived,9M19 - 6M19 = 6911.0 - 6911.0
cash_flow,us-gaap:CashCashEquivalentsRestrictedCashAndRestrictedCashEquivalents,"Cash, cash equivalents and restricted cash at beginning of period",4Q19,0.0,(derived),,,,,derived,FY19 - 9M19 = 6911.0 - 6911.0
cash_flow,us-gaap:CashCashEquivalentsRestrictedCashAndRestrictedCashEquivalents,"Cash, cash equivalents and restricted cash at beginning of period",2Q20,0.0,(derived),,,,,derived,6M20 - 1Q20 = 12820.0 - 12820.0
cash_flow,us-gaap:CashCashEquivalentsRestrictedCashAndRestrictedCashEquivalents,"Cash, cash equivalents and restricted cash at beginning of period",3Q20,0.0,(derived),,,,,derived,9M20 - 6M20 = 12820.0 - 12820.0
cash_flow,us-gaap:CashCashEquivalentsRestrictedCashAndRestrictedCashEquivalents,"Cash, cash equivalents and restricted cash at beginning of period",4Q20,0.0,(derived),,,,,derived,FY20 - 9M20 = 12820.0 - 12820.0
cash_flow,us-gaap:CashCashEquivalentsRestrictedCashAndRestrictedCashEquivalents,"Cash, cash equivalents and restricted cash at beginning of period",2Q21,0.0,(derived),,,,,derived,6M21 - 1Q21 = 14973.0 - 14973.0
cash_flow,us-gaap:CashCashEquivalentsRestrictedCashAndRestrictedCashEquivalents,"Cash, cash equivalents and restricted cash at beginning of period",3Q21,0.0,(derived),,,,,derived,9M21 - 6M21 = 14973.0 - 14973.0
cash_flow,us-gaap:CashCashEquivalentsRestrictedCashAndRestrictedCashEquivalents,"Cash, cash equivalents and restricted cash at beginning of period",4Q21,0.0,(derived),,,,,derived,FY21 - 9M21 = 14973.0 - 14973.0
cash_flow,us-gaap:CashCashEquivalentsRestrictedCashAndRestrictedCashEquivalents,"Cash, cash equivalents and restricted cash at beginning of period",2Q22,0.0,(derived),,,,,derived,6M22 - 1Q22 = 14316.0 - 14316.0
cash_flow,us-gaap:CashCashEquivalentsRestrictedCashAndRestrictedCashEquivalents,"Cash, cash equivalents and restricted cash at beginning of period",3Q22,0.0,(derived),,,,,derived,9M22 - 6M22 = 14316.0 - 14316.0
cash_flow,us-gaap:CashCashEquivalentsRestrictedCashAndRestrictedCashEquivalents,"Cash, cash equivalents and restricted cash at beginning of period",4Q22,0.0,(derived),,,,,derived,FY22 - 9M22 = 14316.0 - 14316.0
cash_flow,us-gaap:CashCashEquivalentsRestrictedCashAndRestrictedCashEquivalents,"Cash, cash equivalents and restricted cash at beginning of period",2Q23,0.0,(derived),,,,,derived,6M23 - 1Q23 = 9325.0 - 9325.0
cash_flow,us-gaap:CashCashEquivalentsRestrictedCashAndRestrictedCashEquivalents,"Cash, cash equivalents and restricted cash at beginning of period",3Q23,0.0,(derived),,,,,derived,9M23 - 6M23 = 9325.0 - 9325.0
cash_flow,us-gaap:CashCashEquivalentsRestrictedCashAndRestrictedCashEquivalents,"Cash, cash equivalents and restricted cash at beginning of period",4Q23,0.0,(derived),,,,,derived,FY23 - 9M23 = 9325.0 - 9325.0
cash_flow,us-gaap:CashCashEquivalentsRestrictedCashAndRestrictedCashEquivalents,"Cash, cash equivalents and restricted cash at beginning of period",2Q24,0.0,(derived),,,,,derived,6M24 - 1Q24 = 11519.0 - 11519.0
cash_flow,us-gaap:CashCashEquivalentsRestrictedCashAndRestrictedCashEquivalents,"Cash, cash equivalents and restricted cash at beginning of period",3Q24,0.0,(derived),,,,,derived,9M24 - 6M24 = 11519.0 - 11519.0
cash_flow,us-gaap:CashCashEquivalentsRestrictedCashAndRestrictedCashEquivalents,"Cash, cash equivalents and restricted cash at beginning of period",4Q24,0.0,(derived),,,,,derived,FY24 - 9M24 = 11519.0 - 11519.0
cash_flow,us-gaap:CashCashEquivalentsRestrictedCashAndRestrictedCashEquivalents,"Cash, cash equivalents and restricted cash at beginning of period",2Q25,0.0,(derived),,,,,derived,6M25 - 1Q25 = 10347.0 - 10347.0
cash_flow,us-gaap:CashCashEquivalentsRestrictedCashAndRestrictedCashEquivalents,"Cash, cash equivalents and restricted cash at beginning of period",3Q25,0.0,(derived),,,,,derived,9M25 - 6M25 = 10347.0 - 10347.0
cash_flow,us-gaap:CashCashEquivalentsRestrictedCashAndRestrictedCashEquivalents,"Cash, cash equivalents and restricted cash at beginning of period",4Q25,0.0,(derived),,,,,derived,FY25 - 9M25 = 10347.0 - 10347.0
cash_flow,bmy:MyoKardiaAssetAcquisitionIPRDCharge,IPRD charge - MyoKardia acquisition,4Q20,11438.0,(derived),,,,,derived,"FY20 - 9M20(=0, not reported) = 11438.0 - 0.0"
cash_flow,us-gaap:IncreaseDecreaseInOtherAccruedLiabilities,Rebates and discounts,4Q21,863.0,(derived),,,,,derived,"FY21 - 9M21(=0, not reported) = 863.0 - 0.0"
cash_flow,us-gaap:IncreaseDecreaseInOtherAccruedLiabilities,Rebates and discounts,2Q22,520.0,(derived),,,,,derived,6M22 - 1Q22 = -410.0 - -930.0
cash_flow,us-gaap:IncreaseDecreaseInOtherAccruedLiabilities,Rebates and discounts,3Q22,1140.0,(derived),,,,,derived,9M22 - 6M22 = 730.0 - -410.0
cash_flow,us-gaap:IncreaseDecreaseInOtherAccruedLiabilities,Rebates and discounts,4Q22,-303.0,(derived),,,,,derived,FY22 - 9M22 = 427.0 - 730.0
cash_flow,us-gaap:IncreaseDecreaseInOtherAccruedLiabilities,Rebates and discounts,2Q23,492.0,(derived),,,,,derived,6M23 - 1Q23 = -418.0 - -910.0
cash_flow,us-gaap:IncreaseDecreaseInOtherAccruedLiabilities,Rebates and discounts,3Q23,1533.0,(derived),,,,,derived,9M23 - 6M23 = 1115.0 - -418.0
cash_flow,us-gaap:IncreaseDecreaseInOtherAccruedLiabilities,Rebates and discounts,4Q23,-211.0,(derived),,,,,derived,FY23 - 9M23 = 904.0 - 1115.0
cash_flow,us-gaap:IncreaseDecreaseInOtherAccruedLiabilities,Rebates and discounts,2Q24,735.0,(derived),,,,,derived,6M24 - 1Q24 = 70.0 - -665.0
cash_flow,us-gaap:IncreaseDecreaseInOtherAccruedLiabilities,Rebates and discounts,3Q24,1819.0,(derived),,,,,derived,9M24 - 6M24 = 1889.0 - 70.0
cash_flow,us-gaap:IncreaseDecreaseInOtherAccruedLiabilities,Rebates and discounts,4Q24,-405.0,(derived),,,,,derived,FY24 - 9M24 = 1484.0 - 1889.0
cash_flow,us-gaap:IncreaseDecreaseInOtherAccruedLiabilities,Rebates and discounts,2Q25,881.0,(derived),,,,,derived,6M25 - 1Q25 = 254.0 - -627.0
cash_flow,us-gaap:IncreaseDecreaseInOtherAccruedLiabilities,Rebates and discounts,3Q25,1703.0,(derived),,,,,derived,9M25 - 6M25 = 1957.0 - 254.0
cash_flow,us-gaap:IncreaseDecreaseInOtherAccruedLiabilities,Rebates and discounts,4Q25,-2398.0,(derived),,,,,derived,FY25 - 9M25 = -441.0 - 1957.0
cash_flow,us-gaap:ProceedsFromSaleOfEquitySecuritiesFvNi,Proceeds from sales of equity investments,2Q21,814.0,(derived),,,,,derived,"6M21 - 1Q21(=0, not reported) = 814.0 - 0.0"
cash_flow,us-gaap:ProceedsFromSaleOfEquitySecuritiesFvNi,Proceeds from sales of equity investments,3Q21,244.0,(derived),,,,,derived,9M21 - 6M21 = 1058.0 - 814.0
cash_flow,us-gaap:ProceedsFromSaleOfEquitySecuritiesFvNi,Proceeds from sales of equity investments,4Q21,1521.0,(derived),,,,,derived,FY21 - 9M21 = 2579.0 - 1058.0
cash_flow,us-gaap:ProceedsFromSaleOfEquitySecuritiesFvNi,Proceeds from sales of equity investments,2Q22,148.0,(derived),,,,,derived,6M22 - 1Q22 = 150.0 - 2.0
cash_flow,us-gaap:ProceedsFromSaleOfEquitySecuritiesFvNi,Proceeds from sales of equity investments,3Q22,63.0,(derived),,,,,derived,9M22 - 6M22 = 213.0 - 150.0
cash_flow,us-gaap:ProceedsFromSaleOfEquitySecuritiesFvNi,Proceeds from sales of equity investments,4Q22,5.0,(derived),,,,,derived,FY22 - 9M22 = 218.0 - 213.0
cash_flow,us-gaap:ProceedsFromSaleOfEquitySecuritiesFvNi,Proceeds from sales of equity investments,2Q23,5.0,(derived),,,,,derived,6M23 - 1Q23 = 67.0 - 62.0
cash_flow,us-gaap:ProceedsFromSaleOfEquitySecuritiesFvNi,Proceeds from sales of equity investments,3Q23,148.0,(derived),,,,,derived,9M23 - 6M23 = 215.0 - 67.0
cash_flow,us-gaap:ProceedsFromSaleOfEquitySecuritiesFvNi,Proceeds from sales of equity investments,4Q23,0.0,(derived),,,,,derived,FY23 - 9M23 = 215.0 - 215.0
cash_flow,us-gaap:ProceedsFromSaleOfEquitySecuritiesFvNi,Proceeds from sales of equity investments,2Q24,55.0,(derived),,,,,derived,6M24 - 1Q24 = 60.0 - 5.0
cash_flow,us-gaap:ProceedsFromSaleOfEquitySecuritiesFvNi,Proceeds from sales of equity investments,3Q24,0.0,(derived),,,,,derived,9M24 - 6M24 = 60.0 - 60.0
cash_flow,us-gaap:ProceedsFromSaleOfEquitySecuritiesFvNi,Proceeds from sales of equity investments,4Q24,205.0,(derived),,,,,derived,FY24 - 9M24 = 265.0 - 60.0
cash_flow,us-gaap:ProceedsFromSaleOfEquitySecuritiesFvNi,Proceeds from sales of equity investments,2Q25,0.0,(derived),,,,,derived,6M25 - 1Q25 = 12.0 - 12.0
cash_flow,us-gaap:ProceedsFromSaleOfEquitySecuritiesFvNi,Proceeds from sales of equity investments,3Q25,49.0,(derived),,,,,derived,9M25 - 6M25 = 61.0 - 12.0
cash_flow,us-gaap:ProceedsFromSaleOfEquitySecuritiesFvNi,Proceeds from sales of equity investments,4Q25,16.0,(derived),,,,,derived,FY25 - 9M25 = 77.0 - 61.0
cash_flow,bmy:AcquiredIPRD,Acquired IPRD,2Q22,400.0,(derived),,,,,derived,6M22 - 1Q22 = 733.0 - 333.0
cash_flow,bmy:AcquiredIPRD,Acquired IPRD,3Q22,30.0,(derived),,,,,derived,9M22 - 6M22 = 763.0 - 733.0
cash_flow,bmy:AcquiredIPRD,Acquired IPRD,2Q23,158.0,(derived),,,,,derived,6M23 - 1Q23 = 233.0 - 75.0
cash_flow,bmy:AcquiredIPRD,Acquired IPRD,3Q23,80.0,(derived),,,,,derived,9M23 - 6M23 = 313.0 - 233.0
cash_flow,bmy:AcquiredIPRD,Acquired IPRD,4Q23,600.0,(derived),,,,,derived,FY23 - 9M23 = 913.0 - 313.0
cash_flow,bmy:AcquiredIPRD,Acquired IPRD,2Q24,132.0,(derived),,,,,derived,6M24 - 1Q24 = 13081.0 - 12949.0
cash_flow,bmy:AcquiredIPRD,Acquired IPRD,3Q24,262.0,(derived),,,,,derived,9M24 - 6M24 = 13343.0 - 13081.0
cash_flow,bmy:AcquiredIPRD,Acquired IPRD,4Q24,30.0,(derived),,,,,derived,FY24 - 9M24 = 13373.0 - 13343.0
cash_flow,bmy:AcquiredIPRD,Acquired IPRD,2Q25,1507.0,(derived),,,,,derived,6M25 - 1Q25 = 1695.0 - 188.0
cash_flow,bmy:AcquiredIPRD,Acquired IPRD,3Q25,633.0,(derived),,,,,derived,9M25 - 6M25 = 2328.0 - 1695.0
cash_flow,bmy:AcquiredIPRD,Acquired IPRD,4Q25,1393.0,(derived),,,,,derived,FY25 - 9M25 = 3721.0 - 2328.0
cash_flow,us-gaap:ProceedsFromIssuanceOfCommercialPaper,Proceeds from issuance of short-term debt obligations,2Q24,2987.0,(derived),,,,,derived,"6M24 - 1Q24(=0, not reported) = 2987.0 - 0.0"
cash_flow,us-gaap:ProceedsFromIssuanceOfCommercialPaper,Proceeds from issuance of short-term debt obligations,3Q24,0.0,(derived),,,,,derived,9M24 - 6M24 = 2987.0 - 2987.0
cash_flow,us-gaap:ProceedsFromIssuanceOfCommercialPaper,Proceeds from issuance of short-term debt obligations,4Q24,0.0,(derived),,,,,derived,FY24 - 9M24 = 2987.0 - 2987.0
cash_flow,us-gaap:RepaymentsOfCommercialPaper,Repayments of short-term debt obligations,2Q24,-2731.0,(derived),,,,,derived,"6M24 - 1Q24(=0, not reported) = -2731.0 - 0.0"
cash_flow,us-gaap:RepaymentsOfCommercialPaper,Repayments of short-term debt obligations,3Q24,-269.0,(derived),,,,,derived,9M24 - 6M24 = -3000.0 - -2731.0
cash_flow,us-gaap:RepaymentsOfCommercialPaper,Repayments of short-term debt obligations,4Q24,0.0,(derived),,,,,derived,FY24 - 9M24 = -3000.0 - -3000.0
cash_flow,us-gaap:ProceedsFromOtherShortTermDebt,"Other short-term financing obligations, net",2Q24,409.0,(derived),,,,,derived,"6M24 - 1Q24(=0, not reported) = 409.0 - 0.0"
cash_flow,us-gaap:ProceedsFromOtherShortTermDebt,"Other short-term financing obligations, net",3Q24,95.0,(derived),,,,,derived,9M24 - 6M24 = 504.0 - 409.0
cash_flow,us-gaap:ProceedsFromOtherShortTermDebt,"Other short-term financing obligations, net",4Q24,-405.0,(derived),,,,,derived,FY24 - 9M24 = 99.0 - 504.0
cash_flow,us-gaap:ProceedsFromOtherShortTermDebt,"Other short-term financing obligations, net",2Q25,58.0,(derived),,,,,derived,6M25 - 1Q25 = 426.0 - 368.0
cash_flow,us-gaap:ProceedsFromOtherShortTermDebt,"Other short-term financing obligations, net",3Q25,5.0,(derived),,,,,derived,9M25 - 6M25 = 431.0 - 426.0
cash_flow,us-gaap:ProceedsFromOtherShortTermDebt,"Other short-term financing obligations, net",4Q25,-406.0,(derived),,,,,derived,FY25 - 9M25 = 25.0 - 431.0
cash_flow,bmy:PaymentsForProceedsFromStockOptionExercisesAndOtherAdjustments,"Stock option proceeds and other, net",2Q24,-6.0,(derived),,,,,derived,6M24 - 1Q24 = -103.0 - -97.0
cash_flow,bmy:PaymentsForProceedsFromStockOptionExercisesAndOtherAdjustments,"Stock option proceeds and other, net",3Q24,16.0,(derived),,,,,derived,9M24 - 6M24 = -87.0 - -103.0
cash_flow,bmy:PaymentsForProceedsFromStockOptionExercisesAndOtherAdjustments,"Stock option proceeds and other, net",4Q24,-19.0,(derived),,,,,derived,FY24 - 9M24 = -106.0 - -87.0
cash_flow,bmy:PaymentsForProceedsFromStockOptionExercisesAndOtherAdjustments,"Stock option proceeds and other, net",2Q25,11.0,(derived),,,,,derived,6M25 - 1Q25 = -92.0 - -103.0
cash_flow,bmy:PaymentsForProceedsFromStockOptionExercisesAndOtherAdjustments,"Stock option proceeds and other, net",3Q25,-3.0,(derived),,,,,derived,9M25 - 6M25 = -95.0 - -92.0
cash_flow,bmy:PaymentsForProceedsFromStockOptionExercisesAndOtherAdjustments,"Stock option proceeds and other, net",4Q25,-33.0,(derived),,,,,derived,FY25 - 9M25 = -128.0 - -95.0
cash_flow,bmy:PaymentsForProceedsFromStockOptionExercisesAndOtherAdjustments,"Stock option proceeds and other, net",2Q23,53.0,(derived),,,,,derived,6M23 - 1Q23 = -39.0 - -92.0
cash_flow,bmy:PaymentsForProceedsFromStockOptionExercisesAndOtherAdjustments,"Stock option proceeds and other, net",3Q23,41.0,(derived),,,,,derived,9M23 - 6M23 = 2.0 - -39.0
cash_flow,bmy:MilestonePaymentRelatedToAnAssetAcquisition,Asset acquisition charges,2Q20,100.0,(derived),,,,,derived,"6M20 - 1Q20(=0, not reported) = 100.0 - 0.0"
cash_flow,bmy:MilestonePaymentRelatedToAnAssetAcquisition,Asset acquisition charges,3Q20,178.0,(derived),,,,,derived,9M20 - 6M20 = 278.0 - 100.0
cash_flow,us-gaap:GainLossOnInvestments,Equity investment gains,2Q24,-107.0,(derived),,,,,derived,6M24 - 1Q24 = -209.0 - -102.0
cash_flow,us-gaap:GainLossOnInvestments,Equity investment gains,3Q24,-12.0,(derived),,,,,derived,9M24 - 6M24 = -221.0 - -209.0
cash_flow,us-gaap:GainLossOnInvestments,Equity investment gains,3Q21,-1214.0,(derived),,,,,derived,"9M21 - 6M21(=0, not reported) = -1214.0 - 0.0"
cash_flow,us-gaap:GainLossOnInvestments,Equity investment gains,2Q22,308.0,(derived),,,,,derived,6M22 - 1Q22 = 952.0 - 644.0
cash_flow,us-gaap:GainLossOnInvestments,Equity investment gains,3Q22,14.0,(derived),,,,,derived,9M22 - 6M22 = 966.0 - 952.0
cash_flow,us-gaap:GainLossOnInvestments,Equity investment gains,2Q23,58.0,(derived),,,,,derived,6M23 - 1Q23 = 213.0 - 155.0
cash_flow,us-gaap:GainLossOnInvestments,Equity investment gains,3Q23,0.0,(derived),,,,,derived,9M23 - 6M23 = 213.0 - 213.0
