statement_type,canonical_row_id,master_display_label,output_period,value,source_file,source_sheet,source_column,raw_line_label,raw_concept,source_method,derivation_formula
income_statement,us-gaap:Revenues,Service Revenue,FY23,144.883,TRNS_SEC-XBRL-financials_as-presented_10-K_2023-06-06_0001437749-23-016752.xlsx,Income Statement,"For the Fiscal Years Ended March 25, 2023",Service Revenue,us-gaap:Revenues,reported,
income_statement,us-gaap:CostOfGoodsAndServicesSold,Cost of Service Revenue,FY23,98.245,TRNS_SEC-XBRL-financials_as-presented_10-K_2023-06-06_0001437749-23-016752.xlsx,Income Statement,"For the Fiscal Years Ended March 25, 2023",Cost of Service Revenue,us-gaap:CostOfGoodsAndServicesSold,reported,
income_statement,us-gaap:GrossProfit,Gross Profit,FY23,68.355,TRNS_SEC-XBRL-financials_as-presented_10-K_2023-06-06_0001437749-23-016752.xlsx,Income Statement,"For the Fiscal Years Ended March 25, 2023",Gross Profit,us-gaap:GrossProfit,reported,
income_statement,us-gaap:SellingAndMarketingExpense,"Selling, Marketing and Warehouse Expenses",FY23,24.761,TRNS_SEC-XBRL-financials_as-presented_10-K_2023-06-06_0001437749-23-016752.xlsx,Income Statement,"For the Fiscal Years Ended March 25, 2023","Selling, Marketing and Warehouse Expenses",us-gaap:SellingAndMarketingExpense,reported,
income_statement,us-gaap:GeneralAndAdministrativeExpense,General and Administrative Expenses,FY23,27.346,TRNS_SEC-XBRL-financials_as-presented_10-K_2023-06-06_0001437749-23-016752.xlsx,Income Statement,"For the Fiscal Years Ended March 25, 2023",General and Administrative Expenses,us-gaap:GeneralAndAdministrativeExpense,reported,
income_statement,us-gaap:OperatingExpenses,Total Operating Expenses,FY23,52.107,TRNS_SEC-XBRL-financials_as-presented_10-K_2023-06-06_0001437749-23-016752.xlsx,Income Statement,"For the Fiscal Years Ended March 25, 2023",Total Operating Expenses,us-gaap:OperatingExpenses,reported,
income_statement,us-gaap:OperatingIncomeLoss,Operating Income,FY23,16.248,TRNS_SEC-XBRL-financials_as-presented_10-K_2023-06-06_0001437749-23-016752.xlsx,Income Statement,"For the Fiscal Years Ended March 25, 2023",Operating Income,us-gaap:OperatingIncomeLoss,reported,
income_statement,us-gaap:NonoperatingIncomeExpense,"Total Interest and Other (Income)/Expense, net",FY23,2.761,TRNS_SEC-XBRL-financials_as-presented_10-K_2023-06-06_0001437749-23-016752.xlsx,Income Statement,"For the Fiscal Years Ended March 25, 2023","Interest and Other Expenses, net",us-gaap:NonoperatingIncomeExpense,reported,
income_statement,us-gaap:IncomeLossFromContinuingOperationsBeforeIncomeTaxesExtraordinaryItemsNoncontrollingInterest,Income Before Provision for Income Taxes,FY23,13.487,TRNS_SEC-XBRL-financials_as-presented_10-K_2023-06-06_0001437749-23-016752.xlsx,Income Statement,"For the Fiscal Years Ended March 25, 2023",Income Before Provision for Income Taxes,us-gaap:IncomeLossFromContinuingOperationsBeforeIncomeTaxesExtraordinaryItemsNoncontrollingInterest,reported,
income_statement,us-gaap:IncomeTaxExpenseBenefit,Provision for Income Taxes,FY23,2.799,TRNS_SEC-XBRL-financials_as-presented_10-K_2023-06-06_0001437749-23-016752.xlsx,Income Statement,"For the Fiscal Years Ended March 25, 2023",Provision for Income Taxes,us-gaap:IncomeTaxExpenseBenefit,reported,
income_statement,us-gaap:NetIncomeLoss,Net Income,FY23,10.688,TRNS_SEC-XBRL-financials_as-presented_10-K_2023-06-06_0001437749-23-016752.xlsx,Income Statement,"For the Fiscal Years Ended March 25, 2023",Net Income,us-gaap:NetIncomeLoss,reported,
income_statement,us-gaap:EarningsPerShareBasic,Basic Earnings Per Share,FY23,1.42,TRNS_SEC-XBRL-financials_as-presented_10-K_2023-06-06_0001437749-23-016752.xlsx,Income Statement,"For the Fiscal Years Ended March 25, 2023",Basic Earnings Per Share,us-gaap:EarningsPerShareBasic,reported,
income_statement,us-gaap:WeightedAverageNumberOfSharesOutstandingBasic,Average Shares Outstanding,FY23,7.551,TRNS_SEC-XBRL-financials_as-presented_10-K_2023-06-06_0001437749-23-016752.xlsx,Income Statement,"For the Fiscal Years Ended March 25, 2023",Average Shares Outstanding,us-gaap:WeightedAverageNumberOfSharesOutstandingBasic,reported,
income_statement,us-gaap:EarningsPerShareDiluted,Diluted Earnings Per Share,FY23,1.4,TRNS_SEC-XBRL-financials_as-presented_10-K_2023-06-06_0001437749-23-016752.xlsx,Income Statement,"For the Fiscal Years Ended March 25, 2023",Diluted Earnings Per Share,us-gaap:EarningsPerShareDiluted,reported,
income_statement,us-gaap:WeightedAverageNumberOfDilutedSharesOutstanding,Average Shares Outstanding,FY23,7.645,TRNS_SEC-XBRL-financials_as-presented_10-K_2023-06-06_0001437749-23-016752.xlsx,Income Statement,"For the Fiscal Years Ended March 25, 2023",Average Shares Outstanding,us-gaap:WeightedAverageNumberOfDilutedSharesOutstanding,reported,
cash_flow,us-gaap:NetIncomeLoss,Net Income,FY23,10.688,TRNS_SEC-XBRL-financials_as-presented_10-K_2023-06-06_0001437749-23-016752.xlsx,Cash Flow,"For the Fiscal Years Ended March 25, 2023",Net Income,us-gaap:NetIncomeLoss,reported,
cash_flow,us-gaap:GainLossOnSaleOfPropertyPlantEquipment,Net (Gain) Loss on Disposal of Property and Equipment,FY23,0.088,TRNS_SEC-XBRL-financials_as-presented_10-K_2023-06-06_0001437749-23-016752.xlsx,Cash Flow,"For the Fiscal Years Ended March 25, 2023",Loss on Disposal of Property and Equipment,us-gaap:GainLossOnSaleOfPropertyPlantEquipment,reported,
cash_flow,us-gaap:DeferredIncomeTaxesAndTaxCredits,Deferred Income Taxes,FY23,-0.186,TRNS_SEC-XBRL-financials_as-presented_10-K_2023-06-06_0001437749-23-016752.xlsx,Cash Flow,"For the Fiscal Years Ended March 25, 2023",Deferred Income Taxes,us-gaap:DeferredIncomeTaxesAndTaxCredits,reported,
cash_flow,us-gaap:DepreciationDepletionAndAmortization,Depreciation and Amortization,FY23,10.955,TRNS_SEC-XBRL-financials_as-presented_10-K_2023-06-06_0001437749-23-016752.xlsx,Cash Flow,"For the Fiscal Years Ended March 25, 2023",Depreciation and Amortization,us-gaap:DepreciationDepletionAndAmortization,reported,
cash_flow,trns:AccountsReceivableCreditLossExpenseReversalAndInventoryWritedown,Provision for Accounts Receivable and Inventory Reserves,FY23,0.074,TRNS_SEC-XBRL-financials_as-presented_10-K_2023-06-06_0001437749-23-016752.xlsx,Cash Flow,"For the Fiscal Years Ended March 25, 2023",Provision for Accounts Receivable and Inventory Reserves,trns:AccountsReceivableCreditLossExpenseReversalAndInventoryWritedown,reported,
cash_flow,us-gaap:ShareBasedCompensation,Stock-Based Compensation Expense,FY23,3.377,TRNS_SEC-XBRL-financials_as-presented_10-K_2023-06-06_0001437749-23-016752.xlsx,Cash Flow,"For the Fiscal Years Ended March 25, 2023",Stock-Based Compensation Expense,us-gaap:ShareBasedCompensation,reported,
cash_flow,us-gaap:IncreaseDecreaseInAccountsAndOtherReceivables,Accounts Receivable and Other Receivables,FY23,-5.226,TRNS_SEC-XBRL-financials_as-presented_10-K_2023-06-06_0001437749-23-016752.xlsx,Cash Flow,"For the Fiscal Years Ended March 25, 2023",Accounts Receivable and Other Receivables,us-gaap:IncreaseDecreaseInAccountsAndOtherReceivables,reported,
cash_flow,us-gaap:IncreaseDecreaseInInventories,Inventory,FY23,-3.377,TRNS_SEC-XBRL-financials_as-presented_10-K_2023-06-06_0001437749-23-016752.xlsx,Cash Flow,"For the Fiscal Years Ended March 25, 2023",Inventory,us-gaap:IncreaseDecreaseInInventories,reported,
cash_flow,us-gaap:IncreaseDecreaseInPrepaidDeferredExpenseAndOtherAssets,Prepaid Expenses and Other Current Assets,FY23,1.119,TRNS_SEC-XBRL-financials_as-presented_10-K_2023-06-06_0001437749-23-016752.xlsx,Cash Flow,"For the Fiscal Years Ended March 25, 2023",Prepaid Expenses and Other Current Assets,us-gaap:IncreaseDecreaseInPrepaidDeferredExpenseAndOtherAssets,reported,
cash_flow,us-gaap:IncreaseDecreaseInAccountsPayable,Accounts Payable,FY23,1.6,TRNS_SEC-XBRL-financials_as-presented_10-K_2023-06-06_0001437749-23-016752.xlsx,Cash Flow,"For the Fiscal Years Ended March 25, 2023",Accounts Payable,us-gaap:IncreaseDecreaseInAccountsPayable,reported,
cash_flow,us-gaap:IncreaseDecreaseInAccruedLiabilitiesAndOtherOperatingLiabilities,Accrued Compensation and Other Current Liabilities,FY23,-2.161,TRNS_SEC-XBRL-financials_as-presented_10-K_2023-06-06_0001437749-23-016752.xlsx,Cash Flow,"For the Fiscal Years Ended March 25, 2023",Accrued Compensation and Other Current Liabilities,us-gaap:IncreaseDecreaseInAccruedLiabilitiesAndOtherOperatingLiabilities,reported,
cash_flow,us-gaap:NetCashProvidedByUsedInOperatingActivities,Net Cash Provided by Operating Activities,FY23,16.951,TRNS_SEC-XBRL-financials_as-presented_10-K_2023-06-06_0001437749-23-016752.xlsx,Cash Flow,"For the Fiscal Years Ended March 25, 2023",Net Cash Provided by Operating Activities,us-gaap:NetCashProvidedByUsedInOperatingActivities,reported,
cash_flow,us-gaap:PaymentsToAcquirePropertyPlantAndEquipment,Purchase of Property and Equipment,FY23,-9.414,TRNS_SEC-XBRL-financials_as-presented_10-K_2023-06-06_0001437749-23-016752.xlsx,Cash Flow,"For the Fiscal Years Ended March 25, 2023",Purchase of Property and Equipment,us-gaap:PaymentsToAcquirePropertyPlantAndEquipment,reported,
cash_flow,us-gaap:ProceedsFromSaleOfPropertyPlantAndEquipment,Proceeds from Sale of Property and Equipment,FY23,0.01,TRNS_SEC-XBRL-financials_as-presented_10-K_2023-06-06_0001437749-23-016752.xlsx,Cash Flow,"For the Fiscal Years Ended March 25, 2023",Proceeds from Sale of Property and Equipment,us-gaap:ProceedsFromSaleOfPropertyPlantAndEquipment,reported,
cash_flow,us-gaap:PaymentsToAcquireBusinessesNetOfCashAcquired,"Business Acquisitions, net of cash acquired",FY23,-9.109,TRNS_SEC-XBRL-financials_as-presented_10-K_2023-06-06_0001437749-23-016752.xlsx,Cash Flow,"For the Fiscal Years Ended March 25, 2023","Business Acquisitions, net of cash acquired",us-gaap:PaymentsToAcquireBusinessesNetOfCashAcquired,reported,
cash_flow,us-gaap:NetCashProvidedByUsedInInvestingActivities,Net Cash Used in Investing Activities,FY23,-18.513,TRNS_SEC-XBRL-financials_as-presented_10-K_2023-06-06_0001437749-23-016752.xlsx,Cash Flow,"For the Fiscal Years Ended March 25, 2023",Net Cash Used in Investing Activities,us-gaap:NetCashProvidedByUsedInInvestingActivities,reported,
cash_flow,us-gaap:ProceedsFromRepaymentsOfLinesOfCredit,"Proceeds From Revolving Credit Facility, net of lender fees",FY23,2.786,TRNS_SEC-XBRL-financials_as-presented_10-K_2023-06-06_0001437749-23-016752.xlsx,Cash Flow,"For the Fiscal Years Ended March 25, 2023","Proceeds from (Repayment of) Revolving Credit Facility, net",us-gaap:ProceedsFromRepaymentsOfLinesOfCredit,reported,
cash_flow,us-gaap:RepaymentsOfLongTermDebt,Repayments of Term Loan,FY23,-2.121,TRNS_SEC-XBRL-financials_as-presented_10-K_2023-06-06_0001437749-23-016752.xlsx,Cash Flow,"For the Fiscal Years Ended March 25, 2023",Repayments of Term Loan,us-gaap:RepaymentsOfLongTermDebt,reported,
cash_flow,trns:ProceedsFromIssuanceOfCommonStockNet,"Issuance of Common Stock, net of direct costs",FY23,0.658,TRNS_SEC-XBRL-financials_as-presented_10-K_2023-06-06_0001437749-23-016752.xlsx,Cash Flow,"For the Fiscal Years Ended March 25, 2023",Issuance of Common Stock,us-gaap:ProceedsFromIssuanceOfCommonStock,reported,
cash_flow,us-gaap:PaymentsForRepurchaseOfCommonStock,Repurchase of Common Stock,FY23,-0.447,TRNS_SEC-XBRL-financials_as-presented_10-K_2023-06-06_0001437749-23-016752.xlsx,Cash Flow,"For the Fiscal Years Ended March 25, 2023",Repurchase of Common Stock,us-gaap:PaymentsForRepurchaseOfCommonStock,reported,
cash_flow,us-gaap:NetCashProvidedByUsedInFinancingActivities,Net Cash Provided by Financing Activities,FY23,0.876,TRNS_SEC-XBRL-financials_as-presented_10-K_2023-06-06_0001437749-23-016752.xlsx,Cash Flow,"For the Fiscal Years Ended March 25, 2023",Net Cash Provided by (Used In) Financing Activities,us-gaap:NetCashProvidedByUsedInFinancingActivities,reported,
cash_flow,us-gaap:EffectOfExchangeRateOnCashCashEquivalentsRestrictedCashAndRestrictedCashEquivalentsIncludingDisposalGroupAndDiscontinuedOperations,Effect of Exchange Rate Changes on Cash,FY23,0.821,TRNS_SEC-XBRL-financials_as-presented_10-K_2023-06-06_0001437749-23-016752.xlsx,Cash Flow,"For the Fiscal Years Ended March 25, 2023",Effect of Exchange Rate Changes on Cash,us-gaap:EffectOfExchangeRateOnCashCashEquivalentsRestrictedCashAndRestrictedCashEquivalentsIncludingDisposalGroupAndDiscontinuedOperations,reported,
cash_flow,us-gaap:CashCashEquivalentsRestrictedCashAndRestrictedCashEquivalentsPeriodIncreaseDecreaseIncludingExchangeRateEffect,Net (Decrease) Increase in Cash and Cash Equivalents,FY23,0.135,TRNS_SEC-XBRL-financials_as-presented_10-K_2023-06-06_0001437749-23-016752.xlsx,Cash Flow,"For the Fiscal Years Ended March 25, 2023",Net Increase in Cash,us-gaap:CashCashEquivalentsRestrictedCashAndRestrictedCashEquivalentsPeriodIncreaseDecreaseIncludingExchangeRateEffect,reported,
cash_flow,us-gaap:CashCashEquivalentsRestrictedCashAndRestrictedCashEquivalentsIncludingDisposalGroupAndDiscontinuedOperations,Cash and Cash Equivalents at Beginning of Fiscal Year,FY23,1.396,TRNS_SEC-XBRL-financials_as-presented_10-K_2023-06-06_0001437749-23-016752.xlsx,Cash Flow,"For the Fiscal Years Ended March 25, 2023",Cash at Beginning of Fiscal Year,us-gaap:CashCashEquivalentsRestrictedCashAndRestrictedCashEquivalentsIncludingDisposalGroupAndDiscontinuedOperations,reported,
cash_flow,trns:InterestPaidReceivedExcludingCapitalizedInterestOperatingActivities,"Interest, net",FY23,2.263,TRNS_SEC-XBRL-financials_as-presented_10-K_2023-06-06_0001437749-23-016752.xlsx,Cash Flow,"For the Fiscal Years Ended March 25, 2023",Interest,us-gaap:InterestPaidNet,reported,
cash_flow,us-gaap:IncomeTaxesPaidNet,"Income Taxes, net",FY23,1.116,TRNS_SEC-XBRL-financials_as-presented_10-K_2023-06-06_0001437749-23-016752.xlsx,Cash Flow,"For the Fiscal Years Ended March 25, 2023",Income Taxes,us-gaap:IncomeTaxesPaidNet,reported,
cash_flow,us-gaap:StockIssued1,Common stock issued for acquisitions,FY23,0.145,TRNS_SEC-XBRL-financials_as-presented_10-K_2023-06-06_0001437749-23-016752.xlsx,Cash Flow,"For the Fiscal Years Ended March 25, 2023",Common stock issued for acquisitions,us-gaap:StockIssued1,reported,
cash_flow,trns:NoncashOrPartNoncashAcquisitionAccruedContingentConsiderationRelatedToAcquisition,Contingent consideration related to NEXA acquisition,FY23,0.59,TRNS_SEC-XBRL-financials_as-presented_10-K_2023-06-06_0001437749-23-016752.xlsx,Cash Flow,"For the Fiscal Years Ended March 25, 2023",Accrued holdback consideration related to acquisitions,trns:NoncashOrPartNoncashAcquisitionAccruedContingentConsiderationRelatedToAcquisition,reported,
income_statement,us-gaap:Revenues,Service Revenue,FY24,169.525,TRNS_SEC-XBRL-financials_as-presented_10-K_2024-05-28_0001437749-24-018456.xlsx,Income Statement,"For the Fiscal Years Ended March 30, 2024",Service Revenue,us-gaap:Revenues,reported,
income_statement,us-gaap:CostOfGoodsAndServicesSold,Cost of Service Revenue,FY24,112.272,TRNS_SEC-XBRL-financials_as-presented_10-K_2024-05-28_0001437749-24-018456.xlsx,Income Statement,"For the Fiscal Years Ended March 30, 2024",Cost of Service Revenue,us-gaap:CostOfGoodsAndServicesSold,reported,
income_statement,us-gaap:GrossProfit,Gross Profit,FY24,83.806,TRNS_SEC-XBRL-financials_as-presented_10-K_2024-05-28_0001437749-24-018456.xlsx,Income Statement,"For the Fiscal Years Ended March 30, 2024",Gross Profit,us-gaap:GrossProfit,reported,
income_statement,us-gaap:SellingAndMarketingExpense,"Selling, Marketing and Warehouse Expenses",FY24,28.71,TRNS_SEC-XBRL-financials_as-presented_10-K_2024-05-28_0001437749-24-018456.xlsx,Income Statement,"For the Fiscal Years Ended March 30, 2024","Selling, Marketing and Warehouse Expenses",us-gaap:SellingAndMarketingExpense,reported,
income_statement,us-gaap:GeneralAndAdministrativeExpense,General and Administrative Expenses,FY24,35.315,TRNS_SEC-XBRL-financials_as-presented_10-K_2024-05-28_0001437749-24-018456.xlsx,Income Statement,"For the Fiscal Years Ended March 30, 2024",General and Administrative Expenses,us-gaap:GeneralAndAdministrativeExpense,reported,
income_statement,us-gaap:OperatingExpenses,Total Operating Expenses,FY24,64.025,TRNS_SEC-XBRL-financials_as-presented_10-K_2024-05-28_0001437749-24-018456.xlsx,Income Statement,"For the Fiscal Years Ended March 30, 2024",Total Operating Expenses,us-gaap:OperatingExpenses,reported,
income_statement,us-gaap:OperatingIncomeLoss,Operating Income,FY24,19.781,TRNS_SEC-XBRL-financials_as-presented_10-K_2024-05-28_0001437749-24-018456.xlsx,Income Statement,"For the Fiscal Years Ended March 30, 2024",Operating Income,us-gaap:OperatingIncomeLoss,reported,
income_statement,us-gaap:NonoperatingIncomeExpense,"Total Interest and Other (Income)/Expense, net",FY24,2.3689999999999998,TRNS_SEC-XBRL-financials_as-presented_10-K_2024-05-28_0001437749-24-018456.xlsx,Income Statement,"For the Fiscal Years Ended March 30, 2024",Interest Expense; Interest Income; Total Interest and Other,us-gaap:InterestExpense; us-gaap:InvestmentIncomeInterest; us-gaap:NonoperatingIncomeExpense,interest_net,"interest_net: signed_sum=2.3689999999999998 from values=[1.835, -0.808, 1.342]"
income_statement,us-gaap:OtherNonoperatingIncomeExpense,Other (Income) Expense,FY24,0.315,TRNS_SEC-XBRL-financials_as-presented_10-K_2024-05-28_0001437749-24-018456.xlsx,Income Statement,"For the Fiscal Years Ended March 30, 2024",Other Expense,us-gaap:OtherNonoperatingIncomeExpense,reported,
income_statement,us-gaap:IncomeLossFromContinuingOperationsBeforeIncomeTaxesExtraordinaryItemsNoncontrollingInterest,Income Before Provision for Income Taxes,FY24,18.439,TRNS_SEC-XBRL-financials_as-presented_10-K_2024-05-28_0001437749-24-018456.xlsx,Income Statement,"For the Fiscal Years Ended March 30, 2024",Income Before Provision for Income Taxes,us-gaap:IncomeLossFromContinuingOperationsBeforeIncomeTaxesExtraordinaryItemsNoncontrollingInterest,reported,
income_statement,us-gaap:IncomeTaxExpenseBenefit,Provision for Income Taxes,FY24,4.792,TRNS_SEC-XBRL-financials_as-presented_10-K_2024-05-28_0001437749-24-018456.xlsx,Income Statement,"For the Fiscal Years Ended March 30, 2024",Provision for Income Taxes,us-gaap:IncomeTaxExpenseBenefit,reported,
income_statement,us-gaap:NetIncomeLoss,Net Income,FY24,13.647,TRNS_SEC-XBRL-financials_as-presented_10-K_2024-05-28_0001437749-24-018456.xlsx,Income Statement,"For the Fiscal Years Ended March 30, 2024",Net Income,us-gaap:NetIncomeLoss,reported,
income_statement,us-gaap:EarningsPerShareBasic,Basic Earnings Per Share,FY24,1.66,TRNS_SEC-XBRL-financials_as-presented_10-K_2024-05-28_0001437749-24-018456.xlsx,Income Statement,"For the Fiscal Years Ended March 30, 2024",Basic Earnings Per Share,us-gaap:EarningsPerShareBasic,reported,
income_statement,us-gaap:WeightedAverageNumberOfSharesOutstandingBasic,Average Shares Outstanding,FY24,8.239,TRNS_SEC-XBRL-financials_as-presented_10-K_2024-05-28_0001437749-24-018456.xlsx,Income Statement,"For the Fiscal Years Ended March 30, 2024",Average Shares Outstanding,us-gaap:WeightedAverageNumberOfSharesOutstandingBasic,reported,
income_statement,us-gaap:EarningsPerShareDiluted,Diluted Earnings Per Share,FY24,1.63,TRNS_SEC-XBRL-financials_as-presented_10-K_2024-05-28_0001437749-24-018456.xlsx,Income Statement,"For the Fiscal Years Ended March 30, 2024",Diluted Earnings Per Share,us-gaap:EarningsPerShareDiluted,reported,
income_statement,us-gaap:WeightedAverageNumberOfDilutedSharesOutstanding,Average Shares Outstanding,FY24,8.352,TRNS_SEC-XBRL-financials_as-presented_10-K_2024-05-28_0001437749-24-018456.xlsx,Income Statement,"For the Fiscal Years Ended March 30, 2024",Average Shares Outstanding,us-gaap:WeightedAverageNumberOfDilutedSharesOutstanding,reported,
cash_flow,us-gaap:NetIncomeLoss,Net Income,FY24,13.647,TRNS_SEC-XBRL-financials_as-presented_10-K_2024-05-28_0001437749-24-018456.xlsx,Cash Flow,"For the Fiscal Years Ended March 30, 2024",Net Income,us-gaap:NetIncomeLoss,reported,
cash_flow,us-gaap:GainLossOnSaleOfPropertyPlantEquipment,Net (Gain) Loss on Disposal of Property and Equipment,FY24,0.053,TRNS_SEC-XBRL-financials_as-presented_10-K_2024-05-28_0001437749-24-018456.xlsx,Cash Flow,"For the Fiscal Years Ended March 30, 2024",Net Loss on Disposal of Property and Equipment,us-gaap:GainLossOnSaleOfPropertyPlantEquipment,reported,
cash_flow,us-gaap:DeferredIncomeTaxesAndTaxCredits,Deferred Income Taxes,FY24,-1.597,TRNS_SEC-XBRL-financials_as-presented_10-K_2024-05-28_0001437749-24-018456.xlsx,Cash Flow,"For the Fiscal Years Ended March 30, 2024",Deferred Income Taxes,us-gaap:DeferredIncomeTaxesAndTaxCredits,reported,
cash_flow,us-gaap:DepreciationDepletionAndAmortization,Depreciation and Amortization,FY24,13.544,TRNS_SEC-XBRL-financials_as-presented_10-K_2024-05-28_0001437749-24-018456.xlsx,Cash Flow,"For the Fiscal Years Ended March 30, 2024",Depreciation and Amortization,us-gaap:DepreciationDepletionAndAmortization,reported,
cash_flow,trns:AccountsReceivableCreditLossExpenseReversalAndInventoryWritedown,Provision for Accounts Receivable and Inventory Reserves,FY24,0.406,TRNS_SEC-XBRL-financials_as-presented_10-K_2024-05-28_0001437749-24-018456.xlsx,Cash Flow,"For the Fiscal Years Ended March 30, 2024",Provision for Accounts Receivable and Inventory Reserves,trns:AccountsReceivableCreditLossExpenseReversalAndInventoryWritedown,reported,
cash_flow,us-gaap:ShareBasedCompensation,Stock-Based Compensation Expense,FY24,4.512,TRNS_SEC-XBRL-financials_as-presented_10-K_2024-05-28_0001437749-24-018456.xlsx,Cash Flow,"For the Fiscal Years Ended March 30, 2024",Stock-Based Compensation Expense,us-gaap:ShareBasedCompensation,reported,
cash_flow,us-gaap:IncreaseDecreaseInAccountsAndOtherReceivables,Accounts Receivable and Other Receivables,FY24,-1.259,TRNS_SEC-XBRL-financials_as-presented_10-K_2024-05-28_0001437749-24-018456.xlsx,Cash Flow,"For the Fiscal Years Ended March 30, 2024",Accounts Receivable and Other Receivables,us-gaap:IncreaseDecreaseInAccountsAndOtherReceivables,reported,
cash_flow,us-gaap:IncreaseDecreaseInInventories,Inventory,FY24,2.318,TRNS_SEC-XBRL-financials_as-presented_10-K_2024-05-28_0001437749-24-018456.xlsx,Cash Flow,"For the Fiscal Years Ended March 30, 2024",Inventory,us-gaap:IncreaseDecreaseInInventories,reported,
cash_flow,us-gaap:IncreaseDecreaseInPrepaidDeferredExpenseAndOtherAssets,Prepaid Expenses and Other Current Assets,FY24,-0.299,TRNS_SEC-XBRL-financials_as-presented_10-K_2024-05-28_0001437749-24-018456.xlsx,Cash Flow,"For the Fiscal Years Ended March 30, 2024",Prepaid Expenses and Other Current Assets,us-gaap:IncreaseDecreaseInPrepaidDeferredExpenseAndOtherAssets,reported,
cash_flow,us-gaap:IncreaseDecreaseInAccountsPayable,Accounts Payable,FY24,-5.005,TRNS_SEC-XBRL-financials_as-presented_10-K_2024-05-28_0001437749-24-018456.xlsx,Cash Flow,"For the Fiscal Years Ended March 30, 2024",Accounts Payable,us-gaap:IncreaseDecreaseInAccountsPayable,reported,
cash_flow,us-gaap:IncreaseDecreaseInAccruedLiabilitiesAndOtherOperatingLiabilities,Accrued Compensation and Other Current Liabilities,FY24,3.397,TRNS_SEC-XBRL-financials_as-presented_10-K_2024-05-28_0001437749-24-018456.xlsx,Cash Flow,"For the Fiscal Years Ended March 30, 2024",Accrued Compensation and Other Current Liabilities,us-gaap:IncreaseDecreaseInAccruedLiabilitiesAndOtherOperatingLiabilities,reported,
cash_flow,us-gaap:IncreaseDecreaseInAccruedIncomeTaxesPayable,Income Taxes Payable,FY24,2.899,TRNS_SEC-XBRL-financials_as-presented_10-K_2024-05-28_0001437749-24-018456.xlsx,Cash Flow,"For the Fiscal Years Ended March 30, 2024",Income Taxes Payable,us-gaap:IncreaseDecreaseInAccruedIncomeTaxesPayable,reported,
cash_flow,us-gaap:NetCashProvidedByUsedInOperatingActivities,Net Cash Provided by Operating Activities,FY24,32.616,TRNS_SEC-XBRL-financials_as-presented_10-K_2024-05-28_0001437749-24-018456.xlsx,Cash Flow,"For the Fiscal Years Ended March 30, 2024",Net Cash Provided by Operating Activities,us-gaap:NetCashProvidedByUsedInOperatingActivities,reported,
cash_flow,us-gaap:PaymentsToAcquirePropertyPlantAndEquipment,Purchase of Property and Equipment,FY24,-13.28,TRNS_SEC-XBRL-financials_as-presented_10-K_2024-05-28_0001437749-24-018456.xlsx,Cash Flow,"For the Fiscal Years Ended March 30, 2024",Purchase of Property and Equipment,us-gaap:PaymentsToAcquirePropertyPlantAndEquipment,reported,
cash_flow,us-gaap:PaymentsToAcquireBusinessesNetOfCashAcquired,"Business Acquisitions, net of cash acquired",FY24,-12.859,TRNS_SEC-XBRL-financials_as-presented_10-K_2024-05-28_0001437749-24-018456.xlsx,Cash Flow,"For the Fiscal Years Ended March 30, 2024","Business Acquisitions, net of cash acquired",us-gaap:PaymentsToAcquireBusinessesNetOfCashAcquired,reported,
cash_flow,trns:ProceedsFromPaymentsForMarketableSecurities,Sales/(Purchases) of Marketable Securities,FY24,-15.533,TRNS_SEC-XBRL-financials_as-presented_10-K_2024-05-28_0001437749-24-018456.xlsx,Cash Flow,"For the Fiscal Years Ended March 30, 2024",Purchases of Marketable Securities,us-gaap:PaymentsToAcquireMarketableSecurities,reported,
cash_flow,us-gaap:NetCashProvidedByUsedInInvestingActivities,Net Cash Used in Investing Activities,FY24,-41.672,TRNS_SEC-XBRL-financials_as-presented_10-K_2024-05-28_0001437749-24-018456.xlsx,Cash Flow,"For the Fiscal Years Ended March 30, 2024",Net Cash Used in Investing Activities,us-gaap:NetCashProvidedByUsedInInvestingActivities,reported,
cash_flow,us-gaap:ProceedsFromRepaymentsOfLinesOfCredit,"Proceeds From Revolving Credit Facility, net of lender fees",FY24,-42.713,TRNS_SEC-XBRL-financials_as-presented_10-K_2024-05-28_0001437749-24-018456.xlsx,Cash Flow,"For the Fiscal Years Ended March 30, 2024","(Repayment of) Proceeds from Revolving Credit Facility, net",us-gaap:ProceedsFromRepaymentsOfLinesOfCredit,reported,
cash_flow,us-gaap:RepaymentsOfLongTermDebt,Repayments of Term Loan,FY24,-2.248,TRNS_SEC-XBRL-financials_as-presented_10-K_2024-05-28_0001437749-24-018456.xlsx,Cash Flow,"For the Fiscal Years Ended March 30, 2024",Repayments of Term Loan,us-gaap:RepaymentsOfLongTermDebt,reported,
cash_flow,trns:ProceedsFromIssuanceOfCommonStockNet,"Issuance of Common Stock, net of direct costs",FY24,77.266,TRNS_SEC-XBRL-financials_as-presented_10-K_2024-05-28_0001437749-24-018456.xlsx,Cash Flow,"For the Fiscal Years Ended March 30, 2024","Issuance of Common Stock, net of direct costs",trns:ProceedsFromIssuanceOfCommonStockNet,reported,
cash_flow,us-gaap:PaymentsForRepurchaseOfCommonStock,Repurchase of Common Stock,FY24,-4.906,TRNS_SEC-XBRL-financials_as-presented_10-K_2024-05-28_0001437749-24-018456.xlsx,Cash Flow,"For the Fiscal Years Ended March 30, 2024",Repurchase of Common Stock,us-gaap:PaymentsForRepurchaseOfCommonStock,reported,
cash_flow,us-gaap:NetCashProvidedByUsedInFinancingActivities,Net Cash Provided by Financing Activities,FY24,27.399,TRNS_SEC-XBRL-financials_as-presented_10-K_2024-05-28_0001437749-24-018456.xlsx,Cash Flow,"For the Fiscal Years Ended March 30, 2024",Net Cash Provided by Financing Activities,us-gaap:NetCashProvidedByUsedInFinancingActivities,reported,
cash_flow,us-gaap:EffectOfExchangeRateOnCashCashEquivalentsRestrictedCashAndRestrictedCashEquivalentsIncludingDisposalGroupAndDiscontinuedOperations,Effect of Exchange Rate Changes on Cash,FY24,-0.228,TRNS_SEC-XBRL-financials_as-presented_10-K_2024-05-28_0001437749-24-018456.xlsx,Cash Flow,"For the Fiscal Years Ended March 30, 2024",Effect of Exchange Rate Changes on Cash,us-gaap:EffectOfExchangeRateOnCashCashEquivalentsRestrictedCashAndRestrictedCashEquivalentsIncludingDisposalGroupAndDiscontinuedOperations,reported,
cash_flow,us-gaap:CashCashEquivalentsRestrictedCashAndRestrictedCashEquivalentsPeriodIncreaseDecreaseIncludingExchangeRateEffect,Net (Decrease) Increase in Cash and Cash Equivalents,FY24,18.115,TRNS_SEC-XBRL-financials_as-presented_10-K_2024-05-28_0001437749-24-018456.xlsx,Cash Flow,"For the Fiscal Years Ended March 30, 2024",Net Increase in Cash and Cash Equivalents,us-gaap:CashCashEquivalentsRestrictedCashAndRestrictedCashEquivalentsPeriodIncreaseDecreaseIncludingExchangeRateEffect,reported,
cash_flow,us-gaap:CashCashEquivalentsRestrictedCashAndRestrictedCashEquivalentsIncludingDisposalGroupAndDiscontinuedOperations,Cash and Cash Equivalents at Beginning of Fiscal Year,FY24,1.531,TRNS_SEC-XBRL-financials_as-presented_10-K_2024-05-28_0001437749-24-018456.xlsx,Cash Flow,"For the Fiscal Years Ended March 30, 2024",Cash and Cash Equivalents at Beginning of Fiscal Year,us-gaap:CashCashEquivalentsRestrictedCashAndRestrictedCashEquivalentsIncludingDisposalGroupAndDiscontinuedOperations,reported,
cash_flow,trns:InterestPaidReceivedExcludingCapitalizedInterestOperatingActivities,"Interest, net",FY24,1.24,TRNS_SEC-XBRL-financials_as-presented_10-K_2024-05-28_0001437749-24-018456.xlsx,Cash Flow,"For the Fiscal Years Ended March 30, 2024",Interest,us-gaap:InterestPaidNet,reported,
cash_flow,us-gaap:IncomeTaxesPaidNet,"Income Taxes, net",FY24,3.099,TRNS_SEC-XBRL-financials_as-presented_10-K_2024-05-28_0001437749-24-018456.xlsx,Cash Flow,"For the Fiscal Years Ended March 30, 2024","Income Taxes, net",us-gaap:IncomeTaxesPaidNet,reported,
cash_flow,us-gaap:StockIssued1,Common stock issued for acquisitions,FY24,34.769,TRNS_SEC-XBRL-financials_as-presented_10-K_2024-05-28_0001437749-24-018456.xlsx,Cash Flow,"For the Fiscal Years Ended March 30, 2024",Common stock issued for acquisitions,us-gaap:StockIssued1,reported,
cash_flow,trns:NoncashOrPartNoncashAcquisitionAccruedContingentConsiderationRelatedToAcquisition,Contingent consideration related to NEXA acquisition,FY24,4.859,TRNS_SEC-XBRL-financials_as-presented_10-K_2024-05-28_0001437749-24-018456.xlsx,Cash Flow,"For the Fiscal Years Ended March 30, 2024",Accrued holdback consideration related to acquisitions,trns:NoncashOrPartNoncashAcquisitionAccruedContingentConsiderationRelatedToAcquisition,reported,
cash_flow,trns:ReclassificationOfPropertyAndEquipmentToInventory,"Balance Sheet Reclassification of Property and Equipment, net to Inventory",FY24,1.056,TRNS_SEC-XBRL-financials_as-presented_10-K_2024-05-28_0001437749-24-018456.xlsx,Cash Flow,"For the Fiscal Years Ended March 30, 2024","Balance Sheet Reclassification of Property and Equipment, net to Inventory",trns:ReclassificationOfPropertyAndEquipmentToInventory,reported,
income_statement,us-gaap:Revenues,Service Revenue,FY25,181.428,TRNS_SEC-XBRL-financials_as-presented_10-K_2025-05-27_0001437749-25-018483.xlsx,Income Statement,"For the Fiscal Years Ended March 29, 2025",Service Revenue,us-gaap:Revenues,reported,
income_statement,us-gaap:CostOfGoodsAndServicesSold,Cost of Service Revenue,FY25,120.769,TRNS_SEC-XBRL-financials_as-presented_10-K_2025-05-27_0001437749-25-018483.xlsx,Income Statement,"For the Fiscal Years Ended March 29, 2025",Cost of Service Revenue,us-gaap:CostOfGoodsAndServicesSold,reported,
income_statement,us-gaap:GrossProfit,Gross Profit,FY25,89.453,TRNS_SEC-XBRL-financials_as-presented_10-K_2025-05-27_0001437749-25-018483.xlsx,Income Statement,"For the Fiscal Years Ended March 29, 2025",Gross Profit,us-gaap:GrossProfit,reported,
income_statement,us-gaap:SellingAndMarketingExpense,"Selling, Marketing and Warehouse Expenses",FY25,33.341,TRNS_SEC-XBRL-financials_as-presented_10-K_2025-05-27_0001437749-25-018483.xlsx,Income Statement,"For the Fiscal Years Ended March 29, 2025","Selling, Marketing and Warehouse Expenses",us-gaap:SellingAndMarketingExpense,reported,
income_statement,us-gaap:GeneralAndAdministrativeExpense,General and Administrative Expenses,FY25,38.238,TRNS_SEC-XBRL-financials_as-presented_10-K_2025-05-27_0001437749-25-018483.xlsx,Income Statement,"For the Fiscal Years Ended March 29, 2025",General and Administrative Expenses,us-gaap:GeneralAndAdministrativeExpense,reported,
income_statement,us-gaap:OperatingExpenses,Total Operating Expenses,FY25,71.579,TRNS_SEC-XBRL-financials_as-presented_10-K_2025-05-27_0001437749-25-018483.xlsx,Income Statement,"For the Fiscal Years Ended March 29, 2025",Total Operating Expenses,us-gaap:OperatingExpenses,reported,
income_statement,us-gaap:OperatingIncomeLoss,Operating Income,FY25,17.874,TRNS_SEC-XBRL-financials_as-presented_10-K_2025-05-27_0001437749-25-018483.xlsx,Income Statement,"For the Fiscal Years Ended March 29, 2025",Operating Income,us-gaap:OperatingIncomeLoss,reported,
income_statement,us-gaap:NonoperatingIncomeExpense,"Total Interest and Other (Income)/Expense, net",FY25,-0.4789999999999999,TRNS_SEC-XBRL-financials_as-presented_10-K_2025-05-27_0001437749-25-018483.xlsx,Income Statement,"For the Fiscal Years Ended March 29, 2025","Interest Expense; Interest Income; Total Interest and Other (Income)/Expense, net",us-gaap:InterestExpenseNonoperating; us-gaap:InvestmentIncomeInterest; us-gaap:NonoperatingIncomeExpense,interest_net,"interest_net: signed_sum=-0.4789999999999999 from values=[0.798, -0.825, -0.452]"
income_statement,us-gaap:OtherNonoperatingIncomeExpense,Other (Income) Expense,FY25,-0.425,TRNS_SEC-XBRL-financials_as-presented_10-K_2025-05-27_0001437749-25-018483.xlsx,Income Statement,"For the Fiscal Years Ended March 29, 2025",Other (Income) Expense,us-gaap:OtherNonoperatingIncomeExpense,reported,
income_statement,us-gaap:IncomeLossFromContinuingOperationsBeforeIncomeTaxesExtraordinaryItemsNoncontrollingInterest,Income Before Provision for Income Taxes,FY25,18.326,TRNS_SEC-XBRL-financials_as-presented_10-K_2025-05-27_0001437749-25-018483.xlsx,Income Statement,"For the Fiscal Years Ended March 29, 2025",Income Before Provision for Income Taxes,us-gaap:IncomeLossFromContinuingOperationsBeforeIncomeTaxesExtraordinaryItemsNoncontrollingInterest,reported,
income_statement,us-gaap:IncomeTaxExpenseBenefit,Provision for Income Taxes,FY25,3.811,TRNS_SEC-XBRL-financials_as-presented_10-K_2025-05-27_0001437749-25-018483.xlsx,Income Statement,"For the Fiscal Years Ended March 29, 2025",Provision for Income Taxes,us-gaap:IncomeTaxExpenseBenefit,reported,
income_statement,us-gaap:NetIncomeLoss,Net Income,FY25,14.515,TRNS_SEC-XBRL-financials_as-presented_10-K_2025-05-27_0001437749-25-018483.xlsx,Income Statement,"For the Fiscal Years Ended March 29, 2025",Net Income,us-gaap:NetIncomeLoss,reported,
income_statement,us-gaap:EarningsPerShareBasic,Basic Earnings Per Share,FY25,1.58,TRNS_SEC-XBRL-financials_as-presented_10-K_2025-05-27_0001437749-25-018483.xlsx,Income Statement,"For the Fiscal Years Ended March 29, 2025",Basic Earnings Per Share,us-gaap:EarningsPerShareBasic,reported,
income_statement,us-gaap:WeightedAverageNumberOfSharesOutstandingBasic,Average Shares Outstanding,FY25,9.185,TRNS_SEC-XBRL-financials_as-presented_10-K_2025-05-27_0001437749-25-018483.xlsx,Income Statement,"For the Fiscal Years Ended March 29, 2025",Average Shares Outstanding,us-gaap:WeightedAverageNumberOfSharesOutstandingBasic,reported,
income_statement,us-gaap:EarningsPerShareDiluted,Diluted Earnings Per Share,FY25,1.57,TRNS_SEC-XBRL-financials_as-presented_10-K_2025-05-27_0001437749-25-018483.xlsx,Income Statement,"For the Fiscal Years Ended March 29, 2025",Diluted Earnings Per Share,us-gaap:EarningsPerShareDiluted,reported,
income_statement,us-gaap:WeightedAverageNumberOfDilutedSharesOutstanding,Average Shares Outstanding,FY25,9.254,TRNS_SEC-XBRL-financials_as-presented_10-K_2025-05-27_0001437749-25-018483.xlsx,Income Statement,"For the Fiscal Years Ended March 29, 2025",Average Shares Outstanding,us-gaap:WeightedAverageNumberOfDilutedSharesOutstanding,reported,
cash_flow,us-gaap:NetIncomeLoss,Net Income,FY25,14.515,TRNS_SEC-XBRL-financials_as-presented_10-K_2025-05-27_0001437749-25-018483.xlsx,Cash Flow,"For the Fiscal Years Ended March 29, 2025",Net Income,us-gaap:NetIncomeLoss,reported,
cash_flow,us-gaap:GainLossOnSaleOfPropertyPlantEquipment,Net (Gain) Loss on Disposal of Property and Equipment,FY25,-0.031,TRNS_SEC-XBRL-financials_as-presented_10-K_2025-05-27_0001437749-25-018483.xlsx,Cash Flow,"For the Fiscal Years Ended March 29, 2025",Net (Gain) Loss on Disposal of Property and Equipment,us-gaap:GainLossOnSaleOfPropertyPlantEquipment,reported,
cash_flow,us-gaap:DeferredIncomeTaxesAndTaxCredits,Deferred Income Taxes,FY25,-0.005,TRNS_SEC-XBRL-financials_as-presented_10-K_2025-05-27_0001437749-25-018483.xlsx,Cash Flow,"For the Fiscal Years Ended March 29, 2025",Deferred Income Taxes,us-gaap:DeferredIncomeTaxesAndTaxCredits,reported,
cash_flow,us-gaap:DepreciationDepletionAndAmortization,Depreciation and Amortization,FY25,18.567,TRNS_SEC-XBRL-financials_as-presented_10-K_2025-05-27_0001437749-25-018483.xlsx,Cash Flow,"For the Fiscal Years Ended March 29, 2025",Depreciation and Amortization,us-gaap:DepreciationDepletionAndAmortization,reported,
cash_flow,us-gaap:DisposalGroupNotDiscontinuedOperationGainLossOnDisposal,Gain on Sale of Assets,FY25,-0.855,TRNS_SEC-XBRL-financials_as-presented_10-K_2025-05-27_0001437749-25-018483.xlsx,Cash Flow,"For the Fiscal Years Ended March 29, 2025",Gain on Sale of Assets,us-gaap:DisposalGroupNotDiscontinuedOperationGainLossOnDisposal,reported,
cash_flow,trns:AccountsReceivableCreditLossExpenseReversalAndInventoryWritedown,Provision for Accounts Receivable and Inventory Reserves,FY25,0.336,TRNS_SEC-XBRL-financials_as-presented_10-K_2025-05-27_0001437749-25-018483.xlsx,Cash Flow,"For the Fiscal Years Ended March 29, 2025",Provision for Accounts Receivable and Inventory Reserves,trns:AccountsReceivableCreditLossExpenseReversalAndInventoryWritedown,reported,
cash_flow,us-gaap:ShareBasedCompensation,Stock-Based Compensation Expense,FY25,3.248,TRNS_SEC-XBRL-financials_as-presented_10-K_2025-05-27_0001437749-25-018483.xlsx,Cash Flow,"For the Fiscal Years Ended March 29, 2025",Stock-Based Compensation Expense,us-gaap:ShareBasedCompensation,reported,
cash_flow,us-gaap:IncreaseDecreaseInAccountsAndOtherReceivables,Accounts Receivable and Other Receivables,FY25,-1.292,TRNS_SEC-XBRL-financials_as-presented_10-K_2025-05-27_0001437749-25-018483.xlsx,Cash Flow,"For the Fiscal Years Ended March 29, 2025",Accounts Receivable and Other Receivables,us-gaap:IncreaseDecreaseInAccountsAndOtherReceivables,reported,
cash_flow,us-gaap:IncreaseDecreaseInInventories,Inventory,FY25,4.393,TRNS_SEC-XBRL-financials_as-presented_10-K_2025-05-27_0001437749-25-018483.xlsx,Cash Flow,"For the Fiscal Years Ended March 29, 2025",Inventory,us-gaap:IncreaseDecreaseInInventories,reported,
cash_flow,us-gaap:IncreaseDecreaseInPrepaidDeferredExpenseAndOtherAssets,Prepaid Expenses and Other Current Assets,FY25,-0.992,TRNS_SEC-XBRL-financials_as-presented_10-K_2025-05-27_0001437749-25-018483.xlsx,Cash Flow,"For the Fiscal Years Ended March 29, 2025",Prepaid Expenses and Other Current Assets,us-gaap:IncreaseDecreaseInPrepaidDeferredExpenseAndOtherAssets,reported,
cash_flow,us-gaap:IncreaseDecreaseInAccountsPayable,Accounts Payable,FY25,4.94,TRNS_SEC-XBRL-financials_as-presented_10-K_2025-05-27_0001437749-25-018483.xlsx,Cash Flow,"For the Fiscal Years Ended March 29, 2025",Accounts Payable,us-gaap:IncreaseDecreaseInAccountsPayable,reported,
cash_flow,us-gaap:IncreaseDecreaseInAccruedLiabilitiesAndOtherOperatingLiabilities,Accrued Compensation and Other Current Liabilities,FY25,-0.914,TRNS_SEC-XBRL-financials_as-presented_10-K_2025-05-27_0001437749-25-018483.xlsx,Cash Flow,"For the Fiscal Years Ended March 29, 2025",Accrued Compensation and Other Current Liabilities,us-gaap:IncreaseDecreaseInAccruedLiabilitiesAndOtherOperatingLiabilities,reported,
cash_flow,us-gaap:IncreaseDecreaseInAccruedIncomeTaxesPayable,Income Taxes Payable,FY25,-2.925,TRNS_SEC-XBRL-financials_as-presented_10-K_2025-05-27_0001437749-25-018483.xlsx,Cash Flow,"For the Fiscal Years Ended March 29, 2025",Income Taxes Payable,us-gaap:IncreaseDecreaseInAccruedIncomeTaxesPayable,reported,
cash_flow,us-gaap:NetCashProvidedByUsedInOperatingActivities,Net Cash Provided by Operating Activities,FY25,38.985,TRNS_SEC-XBRL-financials_as-presented_10-K_2025-05-27_0001437749-25-018483.xlsx,Cash Flow,"For the Fiscal Years Ended March 29, 2025",Net Cash Provided by Operating Activities,us-gaap:NetCashProvidedByUsedInOperatingActivities,reported,
cash_flow,us-gaap:PaymentsToAcquirePropertyPlantAndEquipment,Purchase of Property and Equipment,FY25,-13.197,TRNS_SEC-XBRL-financials_as-presented_10-K_2025-05-27_0001437749-25-018483.xlsx,Cash Flow,"For the Fiscal Years Ended March 29, 2025",Purchase of Property and Equipment,us-gaap:PaymentsToAcquirePropertyPlantAndEquipment,reported,
cash_flow,us-gaap:PaymentsToAcquireBusinessesNetOfCashAcquired,"Business Acquisitions, net of cash acquired",FY25,-87.436,TRNS_SEC-XBRL-financials_as-presented_10-K_2025-05-27_0001437749-25-018483.xlsx,Cash Flow,"For the Fiscal Years Ended March 29, 2025","Business Acquisitions, net of cash acquired",us-gaap:PaymentsToAcquireBusinessesNetOfCashAcquired,reported,
cash_flow,trns:ProceedsFromSaleOfAssets,Proceeds from Sale of Assets,FY25,1.1,TRNS_SEC-XBRL-financials_as-presented_10-K_2025-05-27_0001437749-25-018483.xlsx,Cash Flow,"For the Fiscal Years Ended March 29, 2025",Proceeds from Sale of Assets,trns:ProceedsFromSaleOfAssets,reported,
cash_flow,trns:ProceedsFromPaymentsForMarketableSecurities,Sales/(Purchases) of Marketable Securities,FY25,15.533,TRNS_SEC-XBRL-financials_as-presented_10-K_2025-05-27_0001437749-25-018483.xlsx,Cash Flow,"For the Fiscal Years Ended March 29, 2025",Sales/(Purchases) of Marketable Securities,trns:ProceedsFromPaymentsForMarketableSecurities,reported,
cash_flow,us-gaap:NetCashProvidedByUsedInInvestingActivities,Net Cash Used in Investing Activities,FY25,-84.0,TRNS_SEC-XBRL-financials_as-presented_10-K_2025-05-27_0001437749-25-018483.xlsx,Cash Flow,"For the Fiscal Years Ended March 29, 2025",Net Cash Used in Investing Activities,us-gaap:NetCashProvidedByUsedInInvestingActivities,reported,
cash_flow,us-gaap:ProceedsFromRepaymentsOfLinesOfCredit,"Proceeds From Revolving Credit Facility, net of lender fees",FY25,30.891,TRNS_SEC-XBRL-financials_as-presented_10-K_2025-05-27_0001437749-25-018483.xlsx,Cash Flow,"For the Fiscal Years Ended March 29, 2025","Proceeds from (Repayment of) Revolving Credit Facility, net",us-gaap:ProceedsFromRepaymentsOfLinesOfCredit,reported,
cash_flow,us-gaap:RepaymentsOfLongTermDebt,Repayments of Term Loan,FY25,-2.338,TRNS_SEC-XBRL-financials_as-presented_10-K_2025-05-27_0001437749-25-018483.xlsx,Cash Flow,"For the Fiscal Years Ended March 29, 2025",Repayments of Term Loan,us-gaap:RepaymentsOfLongTermDebt,reported,
cash_flow,trns:ProceedsFromIssuanceOfCommonStockNet,"Issuance of Common Stock, net of direct costs",FY25,1.874,TRNS_SEC-XBRL-financials_as-presented_10-K_2025-05-27_0001437749-25-018483.xlsx,Cash Flow,"For the Fiscal Years Ended March 29, 2025","Issuance of Common Stock, net of direct costs",trns:ProceedsFromIssuanceOfCommonStockNet,reported,
cash_flow,us-gaap:PaymentsForRepurchaseOfCommonStock,Repurchase of Common Stock,FY25,-3.565,TRNS_SEC-XBRL-financials_as-presented_10-K_2025-05-27_0001437749-25-018483.xlsx,Cash Flow,"For the Fiscal Years Ended March 29, 2025",Repurchase of Common Stock,us-gaap:PaymentsForRepurchaseOfCommonStock,reported,
cash_flow,us-gaap:NetCashProvidedByUsedInFinancingActivities,Net Cash Provided by Financing Activities,FY25,26.862,TRNS_SEC-XBRL-financials_as-presented_10-K_2025-05-27_0001437749-25-018483.xlsx,Cash Flow,"For the Fiscal Years Ended March 29, 2025",Net Cash Provided by Financing Activities,us-gaap:NetCashProvidedByUsedInFinancingActivities,reported,
cash_flow,us-gaap:EffectOfExchangeRateOnCashCashEquivalentsRestrictedCashAndRestrictedCashEquivalentsIncludingDisposalGroupAndDiscontinuedOperations,Effect of Exchange Rate Changes on Cash,FY25,0.024,TRNS_SEC-XBRL-financials_as-presented_10-K_2025-05-27_0001437749-25-018483.xlsx,Cash Flow,"For the Fiscal Years Ended March 29, 2025",Effect of Exchange Rate Changes on Cash,us-gaap:EffectOfExchangeRateOnCashCashEquivalentsRestrictedCashAndRestrictedCashEquivalentsIncludingDisposalGroupAndDiscontinuedOperations,reported,
cash_flow,us-gaap:CashCashEquivalentsRestrictedCashAndRestrictedCashEquivalentsPeriodIncreaseDecreaseIncludingExchangeRateEffect,Net (Decrease) Increase in Cash and Cash Equivalents,FY25,-18.129,TRNS_SEC-XBRL-financials_as-presented_10-K_2025-05-27_0001437749-25-018483.xlsx,Cash Flow,"For the Fiscal Years Ended March 29, 2025",Net (Decrease) Increase in Cash and Cash Equivalents,us-gaap:CashCashEquivalentsRestrictedCashAndRestrictedCashEquivalentsPeriodIncreaseDecreaseIncludingExchangeRateEffect,reported,
cash_flow,us-gaap:CashCashEquivalentsRestrictedCashAndRestrictedCashEquivalentsIncludingDisposalGroupAndDiscontinuedOperations,Cash and Cash Equivalents at Beginning of Fiscal Year,FY25,19.646,TRNS_SEC-XBRL-financials_as-presented_10-K_2025-05-27_0001437749-25-018483.xlsx,Cash Flow,"For the Fiscal Years Ended March 29, 2025",Cash and Cash Equivalents at Beginning of Fiscal Year,us-gaap:CashCashEquivalentsRestrictedCashAndRestrictedCashEquivalentsIncludingDisposalGroupAndDiscontinuedOperations,reported,
cash_flow,trns:InterestPaidReceivedExcludingCapitalizedInterestOperatingActivities,"Interest, net",FY25,-0.151,TRNS_SEC-XBRL-financials_as-presented_10-K_2025-05-27_0001437749-25-018483.xlsx,Cash Flow,"For the Fiscal Years Ended March 29, 2025",Interest,trns:InterestPaidReceivedExcludingCapitalizedInterestOperatingActivities,reported,
cash_flow,us-gaap:IncomeTaxesPaidNet,"Income Taxes, net",FY25,7.843,TRNS_SEC-XBRL-financials_as-presented_10-K_2025-05-27_0001437749-25-018483.xlsx,Cash Flow,"For the Fiscal Years Ended March 29, 2025","Income Taxes, net",us-gaap:IncomeTaxesPaidNet,reported,
cash_flow,us-gaap:StockIssued1,Common stock issued for acquisitions,FY25,45.41,TRNS_SEC-XBRL-financials_as-presented_10-K_2025-05-27_0001437749-25-018483.xlsx,Cash Flow,"For the Fiscal Years Ended March 29, 2025",Common stock issued for acquisitions,us-gaap:StockIssued1,reported,
cash_flow,trns:NoncashOrPartNoncashAcquisitionContingentConsiderationTreatedAsEquity,Contingent consideration treated as equity related to acquisitions,FY25,0.75,TRNS_SEC-XBRL-financials_as-presented_10-K_2025-05-27_0001437749-25-018483.xlsx,Cash Flow,"For the Fiscal Years Ended March 29, 2025",Contingent consideration treated as equity related to acquisitions,trns:NoncashOrPartNoncashAcquisitionContingentConsiderationTreatedAsEquity,reported,
cash_flow,trns:NoncashOrPartNoncashAcquisitionAccruedContingentConsiderationRelatedToAcquisition,Contingent consideration related to NEXA acquisition,FY25,2.773,TRNS_SEC-XBRL-financials_as-presented_10-K_2025-05-27_0001437749-25-018483.xlsx,Cash Flow,"For the Fiscal Years Ended March 29, 2025",Accrued holdback consideration related to acquisitions,trns:NoncashOrPartNoncashAcquisitionAccruedContingentConsiderationRelatedToAcquisition,reported,
cash_flow,trns:ReclassificationOfPropertyAndEquipmentToInventory,"Balance Sheet Reclassification of Property and Equipment, net to Inventory",FY25,1.51,TRNS_SEC-XBRL-financials_as-presented_10-K_2025-05-27_0001437749-25-018483.xlsx,Cash Flow,"For the Fiscal Years Ended March 29, 2025","Balance Sheet Reclassification of Property and Equipment, net to Inventory",trns:ReclassificationOfPropertyAndEquipmentToInventory,reported,
income_statement,us-gaap:Revenues,Service Revenue,FY26,217.209,TRNS_SEC-XBRL-financials_as-presented_10-K_2026-05-27_0001437749-26-018588.xlsx,Income Statement,"For the Fiscal Years Ended March 28, 2026",Service Revenue,us-gaap:Revenues,reported,
income_statement,us-gaap:CostOfGoodsAndServicesSold,Cost of Service Revenue,FY26,146.677,TRNS_SEC-XBRL-financials_as-presented_10-K_2026-05-27_0001437749-26-018588.xlsx,Income Statement,"For the Fiscal Years Ended March 28, 2026",Cost of Service Revenue,us-gaap:CostOfGoodsAndServicesSold,reported,
income_statement,us-gaap:GrossProfit,Gross Profit,FY26,108.304,TRNS_SEC-XBRL-financials_as-presented_10-K_2026-05-27_0001437749-26-018588.xlsx,Income Statement,"For the Fiscal Years Ended March 28, 2026",Gross Profit,us-gaap:GrossProfit,reported,
income_statement,us-gaap:SellingAndMarketingExpense,"Selling, Marketing and Warehouse Expenses",FY26,42.765,TRNS_SEC-XBRL-financials_as-presented_10-K_2026-05-27_0001437749-26-018588.xlsx,Income Statement,"For the Fiscal Years Ended March 28, 2026","Selling, Marketing and Warehouse Expenses",us-gaap:SellingAndMarketingExpense,reported,
income_statement,us-gaap:GeneralAndAdministrativeExpense,General and Administrative Expenses,FY26,52.276,TRNS_SEC-XBRL-financials_as-presented_10-K_2026-05-27_0001437749-26-018588.xlsx,Income Statement,"For the Fiscal Years Ended March 28, 2026",General and Administrative Expenses,us-gaap:GeneralAndAdministrativeExpense,reported,
income_statement,us-gaap:OperatingExpenses,Total Operating Expenses,FY26,95.041,TRNS_SEC-XBRL-financials_as-presented_10-K_2026-05-27_0001437749-26-018588.xlsx,Income Statement,"For the Fiscal Years Ended March 28, 2026",Total Operating Expenses,us-gaap:OperatingExpenses,reported,
income_statement,us-gaap:OperatingIncomeLoss,Operating Income,FY26,13.263,TRNS_SEC-XBRL-financials_as-presented_10-K_2026-05-27_0001437749-26-018588.xlsx,Income Statement,"For the Fiscal Years Ended March 28, 2026",Operating Income,us-gaap:OperatingIncomeLoss,reported,
income_statement,us-gaap:NonoperatingIncomeExpense,"Total Interest and Other (Income)/Expense, net",FY26,9.853,TRNS_SEC-XBRL-financials_as-presented_10-K_2026-05-27_0001437749-26-018588.xlsx,Income Statement,"For the Fiscal Years Ended March 28, 2026","Interest Expense; Interest Income; Total Interest and Other (Income)/Expense, net",us-gaap:InterestExpenseNonoperating; us-gaap:InvestmentIncomeInterest; us-gaap:NonoperatingIncomeExpense,interest_net,"interest_net: signed_sum=9.853 from values=[4.602, -0.023, 5.274]"
income_statement,us-gaap:OtherNonoperatingIncomeExpense,Other (Income) Expense,FY26,0.695,TRNS_SEC-XBRL-financials_as-presented_10-K_2026-05-27_0001437749-26-018588.xlsx,Income Statement,"For the Fiscal Years Ended March 28, 2026",Other (Income) Expense,us-gaap:OtherNonoperatingIncomeExpense,reported,
income_statement,us-gaap:IncomeLossFromContinuingOperationsBeforeIncomeTaxesExtraordinaryItemsNoncontrollingInterest,Income Before Provision for Income Taxes,FY26,7.989,TRNS_SEC-XBRL-financials_as-presented_10-K_2026-05-27_0001437749-26-018588.xlsx,Income Statement,"For the Fiscal Years Ended March 28, 2026",Income Before Provision for Income Taxes,us-gaap:IncomeLossFromContinuingOperationsBeforeIncomeTaxesExtraordinaryItemsNoncontrollingInterest,reported,
income_statement,us-gaap:IncomeTaxExpenseBenefit,Provision for Income Taxes,FY26,2.613,TRNS_SEC-XBRL-financials_as-presented_10-K_2026-05-27_0001437749-26-018588.xlsx,Income Statement,"For the Fiscal Years Ended March 28, 2026",Provision for Income Taxes,us-gaap:IncomeTaxExpenseBenefit,reported,
income_statement,us-gaap:NetIncomeLoss,Net Income,FY26,5.376,TRNS_SEC-XBRL-financials_as-presented_10-K_2026-05-27_0001437749-26-018588.xlsx,Income Statement,"For the Fiscal Years Ended March 28, 2026",Net Income,us-gaap:NetIncomeLoss,reported,
income_statement,us-gaap:EarningsPerShareBasic,Basic Earnings Per Share,FY26,0.58,TRNS_SEC-XBRL-financials_as-presented_10-K_2026-05-27_0001437749-26-018588.xlsx,Income Statement,"For the Fiscal Years Ended March 28, 2026",Basic Earnings Per Share,us-gaap:EarningsPerShareBasic,reported,
income_statement,us-gaap:WeightedAverageNumberOfSharesOutstandingBasic,Average Shares Outstanding,FY26,9.334,TRNS_SEC-XBRL-financials_as-presented_10-K_2026-05-27_0001437749-26-018588.xlsx,Income Statement,"For the Fiscal Years Ended March 28, 2026",Average Shares Outstanding,us-gaap:WeightedAverageNumberOfSharesOutstandingBasic,reported,
income_statement,us-gaap:EarningsPerShareDiluted,Diluted Earnings Per Share,FY26,0.57,TRNS_SEC-XBRL-financials_as-presented_10-K_2026-05-27_0001437749-26-018588.xlsx,Income Statement,"For the Fiscal Years Ended March 28, 2026",Diluted Earnings Per Share,us-gaap:EarningsPerShareDiluted,reported,
income_statement,us-gaap:WeightedAverageNumberOfDilutedSharesOutstanding,Average Shares Outstanding,FY26,9.38,TRNS_SEC-XBRL-financials_as-presented_10-K_2026-05-27_0001437749-26-018588.xlsx,Income Statement,"For the Fiscal Years Ended March 28, 2026",Average Shares Outstanding,us-gaap:WeightedAverageNumberOfDilutedSharesOutstanding,reported,
cash_flow,us-gaap:NetIncomeLoss,Net Income,FY26,5.376,TRNS_SEC-XBRL-financials_as-presented_10-K_2026-05-27_0001437749-26-018588.xlsx,Cash Flow,"For the Fiscal Years Ended March 28, 2026",Net Income,us-gaap:NetIncomeLoss,reported,
cash_flow,us-gaap:GainLossOnSaleOfPropertyPlantEquipment,Net (Gain) Loss on Disposal of Property and Equipment,FY26,0.232,TRNS_SEC-XBRL-financials_as-presented_10-K_2026-05-27_0001437749-26-018588.xlsx,Cash Flow,"For the Fiscal Years Ended March 28, 2026",Net (Gain) Loss on Disposal of Property and Equipment,us-gaap:GainLossOnSaleOfPropertyPlantEquipment,reported,
cash_flow,us-gaap:OperatingLeaseRightOfUseAssetAmortizationExpense,Noncash Lease Expense,FY26,6.021,TRNS_SEC-XBRL-financials_as-presented_10-K_2026-05-27_0001437749-26-018588.xlsx,Cash Flow,"For the Fiscal Years Ended March 28, 2026",Noncash Lease Expense,us-gaap:OperatingLeaseRightOfUseAssetAmortizationExpense,reported,
cash_flow,us-gaap:DeferredIncomeTaxesAndTaxCredits,Deferred Income Taxes,FY26,0.827,TRNS_SEC-XBRL-financials_as-presented_10-K_2026-05-27_0001437749-26-018588.xlsx,Cash Flow,"For the Fiscal Years Ended March 28, 2026",Deferred Income Taxes,us-gaap:DeferredIncomeTaxesAndTaxCredits,reported,
cash_flow,us-gaap:DepreciationDepletionAndAmortization,Depreciation and Amortization,FY26,26.172,TRNS_SEC-XBRL-financials_as-presented_10-K_2026-05-27_0001437749-26-018588.xlsx,Cash Flow,"For the Fiscal Years Ended March 28, 2026",Depreciation and Amortization,us-gaap:DepreciationDepletionAndAmortization,reported,
cash_flow,us-gaap:AmortizationOfFinancingCosts,Amortization of Deferred Financing Costs,FY26,0.104,TRNS_SEC-XBRL-financials_as-presented_10-K_2026-05-27_0001437749-26-018588.xlsx,Cash Flow,"For the Fiscal Years Ended March 28, 2026",Amortization of Deferred Financing Costs,us-gaap:AmortizationOfFinancingCosts,reported,
cash_flow,trns:AccountsReceivableCreditLossExpenseReversalAndInventoryWritedown,Provision for Accounts Receivable and Inventory Reserves,FY26,0.471,TRNS_SEC-XBRL-financials_as-presented_10-K_2026-05-27_0001437749-26-018588.xlsx,Cash Flow,"For the Fiscal Years Ended March 28, 2026",Provision for Accounts Receivable and Inventory Reserves,trns:AccountsReceivableCreditLossExpenseReversalAndInventoryWritedown,reported,
cash_flow,us-gaap:ShareBasedCompensation,Stock-Based Compensation Expense,FY26,7.549,TRNS_SEC-XBRL-financials_as-presented_10-K_2026-05-27_0001437749-26-018588.xlsx,Cash Flow,"For the Fiscal Years Ended March 28, 2026",Stock-Based Compensation Expense,us-gaap:ShareBasedCompensation,reported,
cash_flow,us-gaap:IncreaseDecreaseInAccountsAndOtherReceivables,Accounts Receivable and Other Receivables,FY26,-6.578,TRNS_SEC-XBRL-financials_as-presented_10-K_2026-05-27_0001437749-26-018588.xlsx,Cash Flow,"For the Fiscal Years Ended March 28, 2026",Accounts Receivable and Other Receivables,us-gaap:IncreaseDecreaseInAccountsAndOtherReceivables,reported,
cash_flow,us-gaap:IncreaseDecreaseInInventories,Inventory,FY26,0.839,TRNS_SEC-XBRL-financials_as-presented_10-K_2026-05-27_0001437749-26-018588.xlsx,Cash Flow,"For the Fiscal Years Ended March 28, 2026",Inventory,us-gaap:IncreaseDecreaseInInventories,reported,
cash_flow,us-gaap:IncreaseDecreaseInPrepaidDeferredExpenseAndOtherAssets,Prepaid Expenses and Other Current Assets,FY26,-2.209,TRNS_SEC-XBRL-financials_as-presented_10-K_2026-05-27_0001437749-26-018588.xlsx,Cash Flow,"For the Fiscal Years Ended March 28, 2026",Prepaid Expenses and Other Current Assets,us-gaap:IncreaseDecreaseInPrepaidDeferredExpenseAndOtherAssets,reported,
cash_flow,us-gaap:IncreaseDecreaseInAccountsPayable,Accounts Payable,FY26,0.965,TRNS_SEC-XBRL-financials_as-presented_10-K_2026-05-27_0001437749-26-018588.xlsx,Cash Flow,"For the Fiscal Years Ended March 28, 2026",Accounts Payable,us-gaap:IncreaseDecreaseInAccountsPayable,reported,
cash_flow,us-gaap:IncreaseDecreaseInAccruedLiabilitiesAndOtherOperatingLiabilities,Accrued Compensation and Other Current Liabilities,FY26,0.924,TRNS_SEC-XBRL-financials_as-presented_10-K_2026-05-27_0001437749-26-018588.xlsx,Cash Flow,"For the Fiscal Years Ended March 28, 2026",Accrued Compensation and Other Current Liabilities,us-gaap:IncreaseDecreaseInAccruedLiabilitiesAndOtherOperatingLiabilities,reported,
cash_flow,us-gaap:IncreaseDecreaseInOperatingLeaseLiability,Lease Liabilities,FY26,-5.842,TRNS_SEC-XBRL-financials_as-presented_10-K_2026-05-27_0001437749-26-018588.xlsx,Cash Flow,"For the Fiscal Years Ended March 28, 2026",Lease Liabilities,us-gaap:IncreaseDecreaseInOperatingLeaseLiability,reported,
cash_flow,us-gaap:NetCashProvidedByUsedInOperatingActivities,Net Cash Provided by Operating Activities,FY26,34.85,TRNS_SEC-XBRL-financials_as-presented_10-K_2026-05-27_0001437749-26-018588.xlsx,Cash Flow,"For the Fiscal Years Ended March 28, 2026",Net Cash Provided by Operating Activities,us-gaap:NetCashProvidedByUsedInOperatingActivities,reported,
cash_flow,us-gaap:PaymentsToAcquirePropertyPlantAndEquipment,Purchase of Property and Equipment,FY26,-15.298,TRNS_SEC-XBRL-financials_as-presented_10-K_2026-05-27_0001437749-26-018588.xlsx,Cash Flow,"For the Fiscal Years Ended March 28, 2026",Purchase of Property and Equipment,us-gaap:PaymentsToAcquirePropertyPlantAndEquipment,reported,
cash_flow,us-gaap:PaymentsToAcquireBusinessesNetOfCashAcquired,"Business Acquisitions, net of cash acquired",FY26,-82.525,TRNS_SEC-XBRL-financials_as-presented_10-K_2026-05-27_0001437749-26-018588.xlsx,Cash Flow,"For the Fiscal Years Ended March 28, 2026","Business Acquisitions, net of cash acquired",us-gaap:PaymentsToAcquireBusinessesNetOfCashAcquired,reported,
cash_flow,us-gaap:NetCashProvidedByUsedInInvestingActivities,Net Cash Used in Investing Activities,FY26,-97.823,TRNS_SEC-XBRL-financials_as-presented_10-K_2026-05-27_0001437749-26-018588.xlsx,Cash Flow,"For the Fiscal Years Ended March 28, 2026",Net Cash Used in Investing Activities,us-gaap:NetCashProvidedByUsedInInvestingActivities,reported,
cash_flow,us-gaap:ProceedsFromRepaymentsOfLinesOfCredit,"Proceeds From Revolving Credit Facility, net of lender fees",FY26,156.675,TRNS_SEC-XBRL-financials_as-presented_10-K_2026-05-27_0001437749-26-018588.xlsx,Cash Flow,"For the Fiscal Years Ended March 28, 2026","Proceeds From Revolving Credit Facility, net of lender fees",us-gaap:ProceedsFromRepaymentsOfLinesOfCredit,reported,
cash_flow,us-gaap:RepaymentsOfLongTermLinesOfCredit,Repayment of Revolving Credit Facility,FY26,-88.086,TRNS_SEC-XBRL-financials_as-presented_10-K_2026-05-27_0001437749-26-018588.xlsx,Cash Flow,"For the Fiscal Years Ended March 28, 2026",Repayment of Revolving Credit Facility,us-gaap:RepaymentsOfLongTermLinesOfCredit,reported,
cash_flow,us-gaap:RepaymentsOfLongTermDebt,Repayments of Term Loan,FY26,-1.816,TRNS_SEC-XBRL-financials_as-presented_10-K_2026-05-27_0001437749-26-018588.xlsx,Cash Flow,"For the Fiscal Years Ended March 28, 2026",Repayments of Term Loan,us-gaap:RepaymentsOfLongTermDebt,reported,
cash_flow,us-gaap:PaymentsOfFinancingCosts,Payments of Deferred Financing Costs,FY26,-0.365,TRNS_SEC-XBRL-financials_as-presented_10-K_2026-05-27_0001437749-26-018588.xlsx,Cash Flow,"For the Fiscal Years Ended March 28, 2026",Payments of Deferred Financing Costs,us-gaap:PaymentsOfFinancingCosts,reported,
cash_flow,us-gaap:FinanceLeasePrincipalPayments,Principal Payments on Finance Leases,FY26,-0.28,TRNS_SEC-XBRL-financials_as-presented_10-K_2026-05-27_0001437749-26-018588.xlsx,Cash Flow,"For the Fiscal Years Ended March 28, 2026",Principal Payments on Finance Leases,us-gaap:FinanceLeasePrincipalPayments,reported,
cash_flow,trns:ProceedsFromIssuanceOfCommonStockNet,"Issuance of Common Stock, net of direct costs",FY26,0.842,TRNS_SEC-XBRL-financials_as-presented_10-K_2026-05-27_0001437749-26-018588.xlsx,Cash Flow,"For the Fiscal Years Ended March 28, 2026","Issuance of Common Stock, net of direct costs",trns:ProceedsFromIssuanceOfCommonStockNet,reported,
cash_flow,us-gaap:PaymentsForRepurchaseOfCommonStock,Repurchase of Common Stock,FY26,-0.469,TRNS_SEC-XBRL-financials_as-presented_10-K_2026-05-27_0001437749-26-018588.xlsx,Cash Flow,"For the Fiscal Years Ended March 28, 2026",Repurchase of Common Stock,us-gaap:PaymentsForRepurchaseOfCommonStock,reported,
cash_flow,us-gaap:NetCashProvidedByUsedInFinancingActivities,Net Cash Provided by Financing Activities,FY26,66.501,TRNS_SEC-XBRL-financials_as-presented_10-K_2026-05-27_0001437749-26-018588.xlsx,Cash Flow,"For the Fiscal Years Ended March 28, 2026",Net Cash Provided by Financing Activities,us-gaap:NetCashProvidedByUsedInFinancingActivities,reported,
cash_flow,us-gaap:EffectOfExchangeRateOnCashCashEquivalentsRestrictedCashAndRestrictedCashEquivalentsIncludingDisposalGroupAndDiscontinuedOperations,Effect of Exchange Rate Changes on Cash,FY26,-0.103,TRNS_SEC-XBRL-financials_as-presented_10-K_2026-05-27_0001437749-26-018588.xlsx,Cash Flow,"For the Fiscal Years Ended March 28, 2026",Effect of Exchange Rate Changes on Cash,us-gaap:EffectOfExchangeRateOnCashCashEquivalentsRestrictedCashAndRestrictedCashEquivalentsIncludingDisposalGroupAndDiscontinuedOperations,reported,
cash_flow,us-gaap:CashCashEquivalentsRestrictedCashAndRestrictedCashEquivalentsPeriodIncreaseDecreaseIncludingExchangeRateEffect,Net (Decrease) Increase in Cash and Cash Equivalents,FY26,3.425,TRNS_SEC-XBRL-financials_as-presented_10-K_2026-05-27_0001437749-26-018588.xlsx,Cash Flow,"For the Fiscal Years Ended March 28, 2026",Net (Decrease) Increase in Cash and Cash Equivalents,us-gaap:CashCashEquivalentsRestrictedCashAndRestrictedCashEquivalentsPeriodIncreaseDecreaseIncludingExchangeRateEffect,reported,
cash_flow,us-gaap:CashCashEquivalentsRestrictedCashAndRestrictedCashEquivalentsIncludingDisposalGroupAndDiscontinuedOperations,Cash and Cash Equivalents at Beginning of Fiscal Year,FY26,1.517,TRNS_SEC-XBRL-financials_as-presented_10-K_2026-05-27_0001437749-26-018588.xlsx,Cash Flow,"For the Fiscal Years Ended March 28, 2026",Cash and Cash Equivalents at Beginning of Fiscal Year,us-gaap:CashCashEquivalentsRestrictedCashAndRestrictedCashEquivalentsIncludingDisposalGroupAndDiscontinuedOperations,reported,
cash_flow,trns:InterestPaidReceivedExcludingCapitalizedInterestOperatingActivities,"Interest, net",FY26,4.184,TRNS_SEC-XBRL-financials_as-presented_10-K_2026-05-27_0001437749-26-018588.xlsx,Cash Flow,"For the Fiscal Years Ended March 28, 2026","Interest, net",trns:InterestPaidReceivedExcludingCapitalizedInterestOperatingActivities,reported,
cash_flow,us-gaap:IncomeTaxesPaidNet,"Income Taxes, net",FY26,2.217,TRNS_SEC-XBRL-financials_as-presented_10-K_2026-05-27_0001437749-26-018588.xlsx,Cash Flow,"For the Fiscal Years Ended March 28, 2026","Income Taxes, net",us-gaap:IncomeTaxesPaidNet,reported,
cash_flow,trns:ReclassificationOfInventoryToPropertyAndEquipment,Balance Sheet Reclassification of Inventory to Property and Equipment,FY26,0.741,TRNS_SEC-XBRL-financials_as-presented_10-K_2026-05-27_0001437749-26-018588.xlsx,Cash Flow,"For the Fiscal Years Ended March 28, 2026",Balance Sheet Reclassification of Inventory to Property and Equipment,trns:ReclassificationOfInventoryToPropertyAndEquipment,reported,
cash_flow,trns:ReclassificationOfPropertyAndEquipmentToInventory,"Balance Sheet Reclassification of Property and Equipment, net to Inventory",FY26,0.877,TRNS_SEC-XBRL-financials_as-presented_10-K_2026-05-27_0001437749-26-018588.xlsx,Cash Flow,"For the Fiscal Years Ended March 28, 2026","Balance Sheet Reclassification of Property and Equipment, net to Inventory",trns:ReclassificationOfPropertyAndEquipmentToInventory,reported,
income_statement,us-gaap:Revenues,Service Revenue,1Q21,22.967,TRNS_SEC-XBRL-financials_as-presented_10-Q_2020-08-05_0001206774-20-002297.xlsx,Income Statement,"(Unaudited) First Quarter Ended June 27, 2020",Service Revenue,us-gaap:Revenues,reported,
income_statement,us-gaap:CostOfGoodsAndServicesSold,Cost of Service Revenue,1Q21,16.898,TRNS_SEC-XBRL-financials_as-presented_10-Q_2020-08-05_0001206774-20-002297.xlsx,Income Statement,"(Unaudited) First Quarter Ended June 27, 2020",Cost of Service Revenue,us-gaap:CostOfGoodsAndServicesSold,reported,
income_statement,us-gaap:GrossProfit,Gross Profit,1Q21,9.409,TRNS_SEC-XBRL-financials_as-presented_10-Q_2020-08-05_0001206774-20-002297.xlsx,Income Statement,"(Unaudited) First Quarter Ended June 27, 2020",Gross Profit,us-gaap:GrossProfit,reported,
income_statement,us-gaap:SellingAndMarketingExpense,"Selling, Marketing and Warehouse Expenses",1Q21,4.074,TRNS_SEC-XBRL-financials_as-presented_10-Q_2020-08-05_0001206774-20-002297.xlsx,Income Statement,"(Unaudited) First Quarter Ended June 27, 2020","Selling, Marketing and Warehouse Expenses",us-gaap:SellingAndMarketingExpense,reported,
income_statement,us-gaap:GeneralAndAdministrativeExpense,General and Administrative Expenses,1Q21,4.371,TRNS_SEC-XBRL-financials_as-presented_10-Q_2020-08-05_0001206774-20-002297.xlsx,Income Statement,"(Unaudited) First Quarter Ended June 27, 2020",General and Administrative Expenses,us-gaap:GeneralAndAdministrativeExpense,reported,
income_statement,us-gaap:OperatingExpenses,Total Operating Expenses,1Q21,8.445,TRNS_SEC-XBRL-financials_as-presented_10-Q_2020-08-05_0001206774-20-002297.xlsx,Income Statement,"(Unaudited) First Quarter Ended June 27, 2020",Total Operating Expenses,us-gaap:OperatingExpenses,reported,
income_statement,us-gaap:OperatingIncomeLoss,Operating Income,1Q21,0.964,TRNS_SEC-XBRL-financials_as-presented_10-Q_2020-08-05_0001206774-20-002297.xlsx,Income Statement,"(Unaudited) First Quarter Ended June 27, 2020",Operating Income,us-gaap:OperatingIncomeLoss,reported,
income_statement,us-gaap:NonoperatingIncomeExpense,"Total Interest and Other (Income)/Expense, net",1Q21,0.243,TRNS_SEC-XBRL-financials_as-presented_10-Q_2020-08-05_0001206774-20-002297.xlsx,Income Statement,"(Unaudited) First Quarter Ended June 27, 2020","Interest and Other Expense, net",us-gaap:NonoperatingIncomeExpense,reported,
income_statement,us-gaap:IncomeLossFromContinuingOperationsBeforeIncomeTaxesExtraordinaryItemsNoncontrollingInterest,Income Before Provision for Income Taxes,1Q21,0.721,TRNS_SEC-XBRL-financials_as-presented_10-Q_2020-08-05_0001206774-20-002297.xlsx,Income Statement,"(Unaudited) First Quarter Ended June 27, 2020",Income Before Income Taxes,us-gaap:IncomeLossFromContinuingOperationsBeforeIncomeTaxesMinorityInterestAndIncomeLossFromEquityMethodInvestments,reported,
income_statement,us-gaap:IncomeTaxExpenseBenefit,Provision for Income Taxes,1Q21,-0.077,TRNS_SEC-XBRL-financials_as-presented_10-Q_2020-08-05_0001206774-20-002297.xlsx,Income Statement,"(Unaudited) First Quarter Ended June 27, 2020",Benefit from Income Taxes,us-gaap:IncomeTaxExpenseBenefit,reported,
income_statement,us-gaap:NetIncomeLoss,Net Income,1Q21,0.798,TRNS_SEC-XBRL-financials_as-presented_10-Q_2020-08-05_0001206774-20-002297.xlsx,Income Statement,"(Unaudited) First Quarter Ended June 27, 2020",Net Income,us-gaap:NetIncomeLoss,reported,
income_statement,us-gaap:EarningsPerShareBasic,Basic Earnings Per Share,1Q21,0.11,TRNS_SEC-XBRL-financials_as-presented_10-Q_2020-08-05_0001206774-20-002297.xlsx,Income Statement,"(Unaudited) First Quarter Ended June 27, 2020",Basic Earnings Per Share,us-gaap:EarningsPerShareBasic,reported,
income_statement,us-gaap:WeightedAverageNumberOfSharesOutstandingBasic,Average Shares Outstanding,1Q21,7.394,TRNS_SEC-XBRL-financials_as-presented_10-Q_2020-08-05_0001206774-20-002297.xlsx,Income Statement,"(Unaudited) First Quarter Ended June 27, 2020",Average Shares Outstanding,us-gaap:WeightedAverageNumberOfSharesOutstandingBasic,reported,
income_statement,us-gaap:EarningsPerShareDiluted,Diluted Earnings Per Share,1Q21,0.11,TRNS_SEC-XBRL-financials_as-presented_10-Q_2020-08-05_0001206774-20-002297.xlsx,Income Statement,"(Unaudited) First Quarter Ended June 27, 2020",Diluted Earnings Per Share,us-gaap:EarningsPerShareDiluted,reported,
income_statement,us-gaap:WeightedAverageNumberOfDilutedSharesOutstanding,Average Shares Outstanding,1Q21,7.514,TRNS_SEC-XBRL-financials_as-presented_10-Q_2020-08-05_0001206774-20-002297.xlsx,Income Statement,"(Unaudited) First Quarter Ended June 27, 2020",Average Shares Outstanding,us-gaap:WeightedAverageNumberOfDilutedSharesOutstanding,reported,
balance_sheet,us-gaap:Cash,Cash,1Q21,0.366,TRNS_SEC-XBRL-financials_as-presented_10-Q_2020-08-05_0001206774-20-002297.xlsx,Balance Sheet,"(Unaudited) June 27, 2020",Cash,us-gaap:Cash,reported,
balance_sheet,us-gaap:AccountsReceivableNetCurrent,"Accounts Receivable, less allowance for credit losses of $851 and $659",1Q21,27.849,TRNS_SEC-XBRL-financials_as-presented_10-Q_2020-08-05_0001206774-20-002297.xlsx,Balance Sheet,"(Unaudited) June 27, 2020","Accounts Receivable, less allowance for doubtful accounts of $730 and $480 as of June 27, 2020 and March 28, 2020, respectively",us-gaap:AccountsReceivableNetCurrent,reported,
balance_sheet,us-gaap:OtherReceivablesNetCurrent,Other Receivables,1Q21,0.894,TRNS_SEC-XBRL-financials_as-presented_10-Q_2020-08-05_0001206774-20-002297.xlsx,Balance Sheet,"(Unaudited) June 27, 2020",Other Receivables,us-gaap:OtherReceivablesNetCurrent,reported,
balance_sheet,us-gaap:InventoryNet,Inventory,1Q21,14.194,TRNS_SEC-XBRL-financials_as-presented_10-Q_2020-08-05_0001206774-20-002297.xlsx,Balance Sheet,"(Unaudited) June 27, 2020","Inventory, net",us-gaap:InventoryNet,reported,
balance_sheet,us-gaap:PrepaidExpenseAndOtherAssetsCurrent,Prepaid Expenses and Other Current Assets,1Q21,1.942,TRNS_SEC-XBRL-financials_as-presented_10-Q_2020-08-05_0001206774-20-002297.xlsx,Balance Sheet,"(Unaudited) June 27, 2020",Prepaid Expenses and Other Current Assets,us-gaap:PrepaidExpenseAndOtherAssetsCurrent,reported,
balance_sheet,us-gaap:AssetsCurrent,Total Current Assets,1Q21,45.245,TRNS_SEC-XBRL-financials_as-presented_10-Q_2020-08-05_0001206774-20-002297.xlsx,Balance Sheet,"(Unaudited) June 27, 2020",Total Current Assets,us-gaap:AssetsCurrent,reported,
balance_sheet,us-gaap:PropertyPlantAndEquipmentNet,"Property and Equipment, net",1Q21,20.871,TRNS_SEC-XBRL-financials_as-presented_10-Q_2020-08-05_0001206774-20-002297.xlsx,Balance Sheet,"(Unaudited) June 27, 2020","Property and Equipment, net",us-gaap:PropertyPlantAndEquipmentNet,reported,
balance_sheet,us-gaap:Goodwill,Goodwill,1Q21,41.681,TRNS_SEC-XBRL-financials_as-presented_10-Q_2020-08-05_0001206774-20-002297.xlsx,Balance Sheet,"(Unaudited) June 27, 2020",Goodwill,us-gaap:Goodwill,reported,
balance_sheet,us-gaap:IntangibleAssetsNetExcludingGoodwill,"Intangible Assets, net",1Q21,7.349,TRNS_SEC-XBRL-financials_as-presented_10-Q_2020-08-05_0001206774-20-002297.xlsx,Balance Sheet,"(Unaudited) June 27, 2020","Intangible Assets, net",us-gaap:IntangibleAssetsNetExcludingGoodwill,reported,
balance_sheet,us-gaap:OperatingLeaseRightOfUseAsset,"Right to Use Assets, net",1Q21,8.284,TRNS_SEC-XBRL-financials_as-presented_10-Q_2020-08-05_0001206774-20-002297.xlsx,Balance Sheet,"(Unaudited) June 27, 2020","Right To Use Assets, net",us-gaap:OperatingLeaseRightOfUseAsset,reported,
balance_sheet,us-gaap:OtherAssetsNoncurrent,Other Assets,1Q21,0.733,TRNS_SEC-XBRL-financials_as-presented_10-Q_2020-08-05_0001206774-20-002297.xlsx,Balance Sheet,"(Unaudited) June 27, 2020",Other Assets,us-gaap:OtherAssetsNoncurrent,reported,
balance_sheet,us-gaap:Assets,Total Assets,1Q21,124.163,TRNS_SEC-XBRL-financials_as-presented_10-Q_2020-08-05_0001206774-20-002297.xlsx,Balance Sheet,"(Unaudited) June 27, 2020",Total Assets,us-gaap:Assets,reported,
balance_sheet,us-gaap:AccountsPayableCurrent,Accounts Payable,1Q21,9.326,TRNS_SEC-XBRL-financials_as-presented_10-Q_2020-08-05_0001206774-20-002297.xlsx,Balance Sheet,"(Unaudited) June 27, 2020",Accounts Payable,us-gaap:AccountsPayableCurrent,reported,
balance_sheet,us-gaap:EmployeeRelatedLiabilitiesCurrent,Accrued Compensation and Other Current Liabilities,1Q21,6.588,TRNS_SEC-XBRL-financials_as-presented_10-Q_2020-08-05_0001206774-20-002297.xlsx,Balance Sheet,"(Unaudited) June 27, 2020",Accrued Compensation and Other Liabilities,us-gaap:EmployeeRelatedLiabilitiesCurrent,reported,
balance_sheet,us-gaap:LongTermDebtCurrent,Current Portion of Long-Term Debt,1Q21,2.003,TRNS_SEC-XBRL-financials_as-presented_10-Q_2020-08-05_0001206774-20-002297.xlsx,Balance Sheet,"(Unaudited) June 27, 2020",Current Portion of Long-Term Debt,us-gaap:LongTermDebtCurrent,reported,
balance_sheet,us-gaap:LiabilitiesCurrent,Total Current Liabilities,1Q21,17.917,TRNS_SEC-XBRL-financials_as-presented_10-Q_2020-08-05_0001206774-20-002297.xlsx,Balance Sheet,"(Unaudited) June 27, 2020",Total Current Liabilities,us-gaap:LiabilitiesCurrent,reported,
balance_sheet,us-gaap:LongTermDebtNoncurrent,Long-Term Debt,1Q21,26.524,TRNS_SEC-XBRL-financials_as-presented_10-Q_2020-08-05_0001206774-20-002297.xlsx,Balance Sheet,"(Unaudited) June 27, 2020",Long-Term Debt,us-gaap:LongTermDebtNoncurrent,reported,
balance_sheet,us-gaap:DeferredIncomeTaxLiabilitiesNet,"Deferred Tax Liabilities, net",1Q21,3.049,TRNS_SEC-XBRL-financials_as-presented_10-Q_2020-08-05_0001206774-20-002297.xlsx,Balance Sheet,"(Unaudited) June 27, 2020",Deferred Income Tax Liabilities,us-gaap:DeferredIncomeTaxLiabilitiesNet,reported,
balance_sheet,us-gaap:OperatingLeaseLiabilityNoncurrent,Lease Liabilities,1Q21,6.535,TRNS_SEC-XBRL-financials_as-presented_10-Q_2020-08-05_0001206774-20-002297.xlsx,Balance Sheet,"(Unaudited) June 27, 2020",Lease Liabilities,us-gaap:OperatingLeaseLiabilityNoncurrent,reported,
balance_sheet,us-gaap:OtherLiabilitiesNoncurrent,Other Liabilities,1Q21,2.682,TRNS_SEC-XBRL-financials_as-presented_10-Q_2020-08-05_0001206774-20-002297.xlsx,Balance Sheet,"(Unaudited) June 27, 2020",Other Liabilities,us-gaap:OtherLiabilitiesNoncurrent,reported,
balance_sheet,us-gaap:Liabilities,Total Liabilities,1Q21,56.707,TRNS_SEC-XBRL-financials_as-presented_10-Q_2020-08-05_0001206774-20-002297.xlsx,Balance Sheet,"(Unaudited) June 27, 2020",Total Liabilities,us-gaap:Liabilities,reported,
balance_sheet,us-gaap:CommonStockValue,"Common Stock, par value $0.50 per share, 30,000,000 shares authorized; 9,333,953 and 9,315,840 shares issued and outstanding as of March 28, 2026 and March 29, 2025, respectively",1Q21,3.706,TRNS_SEC-XBRL-financials_as-presented_10-Q_2020-08-05_0001206774-20-002297.xlsx,Balance Sheet,"(Unaudited) June 27, 2020","Common Stock, par value $0.50 per share, 30,000,000 shares authorized; 7,411,117 and 7,381,180 shares issued and outstanding as of June 27, 2020 and March 28, 2020, respectively",us-gaap:CommonStockValue,reported,
balance_sheet,us-gaap:AdditionalPaidInCapitalCommonStock,Capital in Excess of Par Value,1Q21,18.006,TRNS_SEC-XBRL-financials_as-presented_10-Q_2020-08-05_0001206774-20-002297.xlsx,Balance Sheet,"(Unaudited) June 27, 2020",Capital in Excess of Par Value,us-gaap:AdditionalPaidInCapitalCommonStock,reported,
balance_sheet,us-gaap:AccumulatedOtherComprehensiveIncomeLossNetOfTax,Accumulated Other Comprehensive Loss,1Q21,-0.847,TRNS_SEC-XBRL-financials_as-presented_10-Q_2020-08-05_0001206774-20-002297.xlsx,Balance Sheet,"(Unaudited) June 27, 2020",Accumulated Other Comprehensive Loss,us-gaap:AccumulatedOtherComprehensiveIncomeLossNetOfTax,reported,
balance_sheet,us-gaap:RetainedEarningsAccumulatedDeficit,Retained Earnings,1Q21,46.591,TRNS_SEC-XBRL-financials_as-presented_10-Q_2020-08-05_0001206774-20-002297.xlsx,Balance Sheet,"(Unaudited) June 27, 2020",Retained Earnings,us-gaap:RetainedEarningsAccumulatedDeficit,reported,
balance_sheet,us-gaap:StockholdersEquity,Total Shareholders' Equity,1Q21,67.456,TRNS_SEC-XBRL-financials_as-presented_10-Q_2020-08-05_0001206774-20-002297.xlsx,Balance Sheet,"(Unaudited) June 27, 2020",Total Shareholders' Equity,us-gaap:StockholdersEquity,reported,
balance_sheet,us-gaap:LiabilitiesAndStockholdersEquity,Total Liabilities and Shareholders' Equity,1Q21,124.163,TRNS_SEC-XBRL-financials_as-presented_10-Q_2020-08-05_0001206774-20-002297.xlsx,Balance Sheet,"(Unaudited) June 27, 2020",Total Liabilities and Shareholders' Equity,us-gaap:LiabilitiesAndStockholdersEquity,reported,
cash_flow,us-gaap:NetIncomeLoss,Net Income,1Q21,0.798,TRNS_SEC-XBRL-financials_as-presented_10-Q_2020-08-05_0001206774-20-002297.xlsx,Cash Flow,"(Unaudited) First Quarter Ended June 27, 2020",Net Income,us-gaap:NetIncomeLoss,reported,
cash_flow,us-gaap:GainLossOnSaleOfPropertyPlantEquipment,Net (Gain) Loss on Disposal of Property and Equipment,1Q21,-0.001,TRNS_SEC-XBRL-financials_as-presented_10-Q_2020-08-05_0001206774-20-002297.xlsx,Cash Flow,"(Unaudited) First Quarter Ended June 27, 2020",Net (Gain) Loss on Disposal of Property and Equipment,us-gaap:GainLossOnSaleOfPropertyPlantEquipment,reported,
cash_flow,us-gaap:DeferredIncomeTaxesAndTaxCredits,Deferred Income Taxes,1Q21,0.024,TRNS_SEC-XBRL-financials_as-presented_10-Q_2020-08-05_0001206774-20-002297.xlsx,Cash Flow,"(Unaudited) First Quarter Ended June 27, 2020",Deferred Income Taxes,us-gaap:DeferredIncomeTaxExpenseBenefit,reported,
cash_flow,us-gaap:DepreciationDepletionAndAmortization,Depreciation and Amortization,1Q21,1.872,TRNS_SEC-XBRL-financials_as-presented_10-Q_2020-08-05_0001206774-20-002297.xlsx,Cash Flow,"(Unaudited) First Quarter Ended June 27, 2020",Depreciation and Amortization,us-gaap:DepreciationDepletionAndAmortization,reported,
cash_flow,trns:AccountsReceivableCreditLossExpenseReversalAndInventoryWritedown,Provision for Accounts Receivable and Inventory Reserves,1Q21,0.561,TRNS_SEC-XBRL-financials_as-presented_10-Q_2020-08-05_0001206774-20-002297.xlsx,Cash Flow,"(Unaudited) First Quarter Ended June 27, 2020",Provision for Accounts Receivable and Inventory Reserves,us-gaap:ProvisionForDoubtfulAccounts,reported,
cash_flow,us-gaap:ShareBasedCompensation,Stock-Based Compensation Expense,1Q21,0.312,TRNS_SEC-XBRL-financials_as-presented_10-Q_2020-08-05_0001206774-20-002297.xlsx,Cash Flow,"(Unaudited) First Quarter Ended June 27, 2020",Stock-Based Compensation Expense,us-gaap:ShareBasedCompensation,reported,
cash_flow,us-gaap:IncreaseDecreaseInAccountsAndOtherReceivables,Accounts Receivable and Other Receivables,1Q21,2.948,TRNS_SEC-XBRL-financials_as-presented_10-Q_2020-08-05_0001206774-20-002297.xlsx,Cash Flow,"(Unaudited) First Quarter Ended June 27, 2020",Accounts Receivable and Other Receivables,us-gaap:IncreaseDecreaseInAccountsAndOtherReceivables,reported,
cash_flow,us-gaap:IncreaseDecreaseInInventories,Inventory,1Q21,0.005,TRNS_SEC-XBRL-financials_as-presented_10-Q_2020-08-05_0001206774-20-002297.xlsx,Cash Flow,"(Unaudited) First Quarter Ended June 27, 2020",Inventory,us-gaap:IncreaseDecreaseInInventories,reported,
cash_flow,us-gaap:IncreaseDecreaseInPrepaidDeferredExpenseAndOtherAssets,Prepaid Expenses and Other Current Assets,1Q21,-0.251,TRNS_SEC-XBRL-financials_as-presented_10-Q_2020-08-05_0001206774-20-002297.xlsx,Cash Flow,"(Unaudited) First Quarter Ended June 27, 2020",Prepaid Expenses and Other Assets,us-gaap:IncreaseDecreaseInPrepaidDeferredExpenseAndOtherAssets,reported,
cash_flow,us-gaap:IncreaseDecreaseInAccountsPayable,Accounts Payable,1Q21,-2.621,TRNS_SEC-XBRL-financials_as-presented_10-Q_2020-08-05_0001206774-20-002297.xlsx,Cash Flow,"(Unaudited) First Quarter Ended June 27, 2020",Accounts Payable,us-gaap:IncreaseDecreaseInAccountsPayable,reported,
cash_flow,us-gaap:IncreaseDecreaseInAccruedLiabilitiesAndOtherOperatingLiabilities,Accrued Compensation and Other Current Liabilities,1Q21,0.494,TRNS_SEC-XBRL-financials_as-presented_10-Q_2020-08-05_0001206774-20-002297.xlsx,Cash Flow,"(Unaudited) First Quarter Ended June 27, 2020",Accrued Compensation and Other Liabilities,us-gaap:IncreaseDecreaseInEmployeeRelatedLiabilities,reported,
cash_flow,us-gaap:IncreaseDecreaseInAccruedIncomeTaxesPayable,Income Taxes Payable,1Q21,-0.099,TRNS_SEC-XBRL-financials_as-presented_10-Q_2020-08-05_0001206774-20-002297.xlsx,Cash Flow,"(Unaudited) First Quarter Ended June 27, 2020",Income Taxes Payable,us-gaap:IncreaseDecreaseInAccruedIncomeTaxesPayable,reported,
cash_flow,us-gaap:NetCashProvidedByUsedInOperatingActivities,Net Cash Provided by Operating Activities,1Q21,4.042,TRNS_SEC-XBRL-financials_as-presented_10-Q_2020-08-05_0001206774-20-002297.xlsx,Cash Flow,"(Unaudited) First Quarter Ended June 27, 2020",Net Cash Provided by Operating Activities,us-gaap:NetCashProvidedByUsedInOperatingActivities,reported,
cash_flow,us-gaap:PaymentsToAcquirePropertyPlantAndEquipment,Purchase of Property and Equipment,1Q21,-1.261,TRNS_SEC-XBRL-financials_as-presented_10-Q_2020-08-05_0001206774-20-002297.xlsx,Cash Flow,"(Unaudited) First Quarter Ended June 27, 2020",Purchases of Property and Equipment,us-gaap:PaymentsToAcquirePropertyPlantAndEquipment,reported,
cash_flow,us-gaap:NetCashProvidedByUsedInInvestingActivities,Net Cash Used in Investing Activities,1Q21,-1.261,TRNS_SEC-XBRL-financials_as-presented_10-Q_2020-08-05_0001206774-20-002297.xlsx,Cash Flow,"(Unaudited) First Quarter Ended June 27, 2020",Net Cash Used in Investing Activities,us-gaap:NetCashProvidedByUsedInInvestingActivities,reported,
cash_flow,us-gaap:ProceedsFromRepaymentsOfLinesOfCredit,"Proceeds From Revolving Credit Facility, net of lender fees",1Q21,-1.33,TRNS_SEC-XBRL-financials_as-presented_10-Q_2020-08-05_0001206774-20-002297.xlsx,Cash Flow,"(Unaudited) First Quarter Ended June 27, 2020","(Repayment of) Proceeds from Revolving Credit Facility, net",us-gaap:ProceedsFromRepaymentsOfLinesOfCredit,reported,
cash_flow,us-gaap:RepaymentsOfLongTermDebt,Repayments of Term Loan,1Q21,-0.487,TRNS_SEC-XBRL-financials_as-presented_10-Q_2020-08-05_0001206774-20-002297.xlsx,Cash Flow,"(Unaudited) First Quarter Ended June 27, 2020",Repayment of Term Loan,us-gaap:RepaymentsOfLongTermDebt,reported,
cash_flow,trns:ProceedsFromIssuanceOfCommonStockNet,"Issuance of Common Stock, net of direct costs",1Q21,0.383,TRNS_SEC-XBRL-financials_as-presented_10-Q_2020-08-05_0001206774-20-002297.xlsx,Cash Flow,"(Unaudited) First Quarter Ended June 27, 2020",Issuance of Common Stock,us-gaap:ProceedsFromIssuanceOfCommonStock,reported,
cash_flow,us-gaap:PaymentsForRepurchaseOfCommonStock,Repurchase of Common Stock,1Q21,-1.287,TRNS_SEC-XBRL-financials_as-presented_10-Q_2020-08-05_0001206774-20-002297.xlsx,Cash Flow,"(Unaudited) First Quarter Ended June 27, 2020",Repurchase of Common Stock,us-gaap:PaymentsForRepurchaseOfCommonStock,reported,
cash_flow,us-gaap:NetCashProvidedByUsedInFinancingActivities,Net Cash Provided by Financing Activities,1Q21,-2.721,TRNS_SEC-XBRL-financials_as-presented_10-Q_2020-08-05_0001206774-20-002297.xlsx,Cash Flow,"(Unaudited) First Quarter Ended June 27, 2020",Net Cash (Used in) Provided by Financing Activities,us-gaap:NetCashProvidedByUsedInFinancingActivities,reported,
cash_flow,us-gaap:EffectOfExchangeRateOnCashCashEquivalentsRestrictedCashAndRestrictedCashEquivalentsIncludingDisposalGroupAndDiscontinuedOperations,Effect of Exchange Rate Changes on Cash,1Q21,-0.193,TRNS_SEC-XBRL-financials_as-presented_10-Q_2020-08-05_0001206774-20-002297.xlsx,Cash Flow,"(Unaudited) First Quarter Ended June 27, 2020",Effect of Exchange Rate Changes on Cash,us-gaap:EffectOfExchangeRateOnCashAndCashEquivalents,reported,
cash_flow,us-gaap:CashCashEquivalentsRestrictedCashAndRestrictedCashEquivalentsPeriodIncreaseDecreaseIncludingExchangeRateEffect,Net (Decrease) Increase in Cash and Cash Equivalents,1Q21,-0.133,TRNS_SEC-XBRL-financials_as-presented_10-Q_2020-08-05_0001206774-20-002297.xlsx,Cash Flow,"(Unaudited) First Quarter Ended June 27, 2020",Net Decrease in Cash,us-gaap:CashCashEquivalentsRestrictedCashAndRestrictedCashEquivalentsPeriodIncreaseDecreaseIncludingExchangeRateEffect,reported,
cash_flow,us-gaap:CashAndCashEquivalentsAtCarryingValue,Cash at Beginning of Period,1Q21,0.499,TRNS_SEC-XBRL-financials_as-presented_10-Q_2020-08-05_0001206774-20-002297.xlsx,Cash Flow,"(Unaudited) First Quarter Ended June 27, 2020",Cash at Beginning of Period,us-gaap:CashAndCashEquivalentsAtCarryingValue,reported,
cash_flow,trns:InterestPaidReceivedExcludingCapitalizedInterestOperatingActivities,"Interest, net",1Q21,0.225,TRNS_SEC-XBRL-financials_as-presented_10-Q_2020-08-05_0001206774-20-002297.xlsx,Cash Flow,"(Unaudited) First Quarter Ended June 27, 2020",Interest,us-gaap:InterestPaidNet,reported,
cash_flow,us-gaap:IncomeTaxesPaidNet,"Income Taxes, net",1Q21,0.061,TRNS_SEC-XBRL-financials_as-presented_10-Q_2020-08-05_0001206774-20-002297.xlsx,Cash Flow,"(Unaudited) First Quarter Ended June 27, 2020","Income Taxes, net",us-gaap:IncomeTaxesPaidNet,reported,
income_statement,us-gaap:Revenues,Service Revenue,2Q21,24.554,TRNS_SEC-XBRL-financials_as-presented_10-Q_2020-11-04_0001206774-20-003015.xlsx,Income Statement,"(Unaudited) Second Quarter Ended September 26, 2020",Service Revenue,us-gaap:Revenues,reported,
income_statement,us-gaap:Revenues,Service Revenue,6M21,47.521,TRNS_SEC-XBRL-financials_as-presented_10-Q_2020-11-04_0001206774-20-003015.xlsx,Income Statement,"(Unaudited) Six Months Ended September 26, 2020",Service Revenue,us-gaap:Revenues,reported,
income_statement,us-gaap:CostOfGoodsAndServicesSold,Cost of Service Revenue,2Q21,16.654,TRNS_SEC-XBRL-financials_as-presented_10-Q_2020-11-04_0001206774-20-003015.xlsx,Income Statement,"(Unaudited) Second Quarter Ended September 26, 2020",Cost of Service Revenue,us-gaap:CostOfGoodsAndServicesSold,reported,
income_statement,us-gaap:CostOfGoodsAndServicesSold,Cost of Service Revenue,6M21,33.552,TRNS_SEC-XBRL-financials_as-presented_10-Q_2020-11-04_0001206774-20-003015.xlsx,Income Statement,"(Unaudited) Six Months Ended September 26, 2020",Cost of Service Revenue,us-gaap:CostOfGoodsAndServicesSold,reported,
income_statement,us-gaap:GrossProfit,Gross Profit,2Q21,11.494,TRNS_SEC-XBRL-financials_as-presented_10-Q_2020-11-04_0001206774-20-003015.xlsx,Income Statement,"(Unaudited) Second Quarter Ended September 26, 2020",Gross Profit,us-gaap:GrossProfit,reported,
income_statement,us-gaap:GrossProfit,Gross Profit,6M21,20.903,TRNS_SEC-XBRL-financials_as-presented_10-Q_2020-11-04_0001206774-20-003015.xlsx,Income Statement,"(Unaudited) Six Months Ended September 26, 2020",Gross Profit,us-gaap:GrossProfit,reported,
income_statement,us-gaap:SellingAndMarketingExpense,"Selling, Marketing and Warehouse Expenses",2Q21,4.291,TRNS_SEC-XBRL-financials_as-presented_10-Q_2020-11-04_0001206774-20-003015.xlsx,Income Statement,"(Unaudited) Second Quarter Ended September 26, 2020","Selling, Marketing and Warehouse Expenses",us-gaap:SellingAndMarketingExpense,reported,
income_statement,us-gaap:SellingAndMarketingExpense,"Selling, Marketing and Warehouse Expenses",6M21,8.365,TRNS_SEC-XBRL-financials_as-presented_10-Q_2020-11-04_0001206774-20-003015.xlsx,Income Statement,"(Unaudited) Six Months Ended September 26, 2020","Selling, Marketing and Warehouse Expenses",us-gaap:SellingAndMarketingExpense,reported,
income_statement,us-gaap:GeneralAndAdministrativeExpense,General and Administrative Expenses,2Q21,4.125,TRNS_SEC-XBRL-financials_as-presented_10-Q_2020-11-04_0001206774-20-003015.xlsx,Income Statement,"(Unaudited) Second Quarter Ended September 26, 2020",General and Administrative Expenses,us-gaap:GeneralAndAdministrativeExpense,reported,
income_statement,us-gaap:GeneralAndAdministrativeExpense,General and Administrative Expenses,6M21,8.496,TRNS_SEC-XBRL-financials_as-presented_10-Q_2020-11-04_0001206774-20-003015.xlsx,Income Statement,"(Unaudited) Six Months Ended September 26, 2020",General and Administrative Expenses,us-gaap:GeneralAndAdministrativeExpense,reported,
income_statement,us-gaap:OperatingExpenses,Total Operating Expenses,2Q21,8.416,TRNS_SEC-XBRL-financials_as-presented_10-Q_2020-11-04_0001206774-20-003015.xlsx,Income Statement,"(Unaudited) Second Quarter Ended September 26, 2020",Total Operating Expenses,us-gaap:OperatingExpenses,reported,
income_statement,us-gaap:OperatingExpenses,Total Operating Expenses,6M21,16.861,TRNS_SEC-XBRL-financials_as-presented_10-Q_2020-11-04_0001206774-20-003015.xlsx,Income Statement,"(Unaudited) Six Months Ended September 26, 2020",Total Operating Expenses,us-gaap:OperatingExpenses,reported,
income_statement,us-gaap:OperatingIncomeLoss,Operating Income,2Q21,3.078,TRNS_SEC-XBRL-financials_as-presented_10-Q_2020-11-04_0001206774-20-003015.xlsx,Income Statement,"(Unaudited) Second Quarter Ended September 26, 2020",Operating Income,us-gaap:OperatingIncomeLoss,reported,
income_statement,us-gaap:OperatingIncomeLoss,Operating Income,6M21,4.042,TRNS_SEC-XBRL-financials_as-presented_10-Q_2020-11-04_0001206774-20-003015.xlsx,Income Statement,"(Unaudited) Six Months Ended September 26, 2020",Operating Income,us-gaap:OperatingIncomeLoss,reported,
income_statement,us-gaap:NonoperatingIncomeExpense,"Total Interest and Other (Income)/Expense, net",2Q21,0.317,TRNS_SEC-XBRL-financials_as-presented_10-Q_2020-11-04_0001206774-20-003015.xlsx,Income Statement,"(Unaudited) Second Quarter Ended September 26, 2020","Interest and Other Expense, net",us-gaap:NonoperatingIncomeExpense,reported,
income_statement,us-gaap:NonoperatingIncomeExpense,"Total Interest and Other (Income)/Expense, net",6M21,0.56,TRNS_SEC-XBRL-financials_as-presented_10-Q_2020-11-04_0001206774-20-003015.xlsx,Income Statement,"(Unaudited) Six Months Ended September 26, 2020","Interest and Other Expense, net",us-gaap:NonoperatingIncomeExpense,reported,
income_statement,us-gaap:IncomeLossFromContinuingOperationsBeforeIncomeTaxesExtraordinaryItemsNoncontrollingInterest,Income Before Provision for Income Taxes,2Q21,2.761,TRNS_SEC-XBRL-financials_as-presented_10-Q_2020-11-04_0001206774-20-003015.xlsx,Income Statement,"(Unaudited) Second Quarter Ended September 26, 2020",Income Before Income Taxes,us-gaap:IncomeLossFromContinuingOperationsBeforeIncomeTaxesMinorityInterestAndIncomeLossFromEquityMethodInvestments,reported,
income_statement,us-gaap:IncomeLossFromContinuingOperationsBeforeIncomeTaxesExtraordinaryItemsNoncontrollingInterest,Income Before Provision for Income Taxes,6M21,3.482,TRNS_SEC-XBRL-financials_as-presented_10-Q_2020-11-04_0001206774-20-003015.xlsx,Income Statement,"(Unaudited) Six Months Ended September 26, 2020",Income Before Income Taxes,us-gaap:IncomeLossFromContinuingOperationsBeforeIncomeTaxesMinorityInterestAndIncomeLossFromEquityMethodInvestments,reported,
income_statement,us-gaap:IncomeTaxExpenseBenefit,Provision for Income Taxes,2Q21,0.737,TRNS_SEC-XBRL-financials_as-presented_10-Q_2020-11-04_0001206774-20-003015.xlsx,Income Statement,"(Unaudited) Second Quarter Ended September 26, 2020",Provision for Income Taxes,us-gaap:IncomeTaxExpenseBenefit,reported,
income_statement,us-gaap:IncomeTaxExpenseBenefit,Provision for Income Taxes,6M21,0.66,TRNS_SEC-XBRL-financials_as-presented_10-Q_2020-11-04_0001206774-20-003015.xlsx,Income Statement,"(Unaudited) Six Months Ended September 26, 2020",Provision for Income Taxes,us-gaap:IncomeTaxExpenseBenefit,reported,
income_statement,us-gaap:NetIncomeLoss,Net Income,2Q21,2.024,TRNS_SEC-XBRL-financials_as-presented_10-Q_2020-11-04_0001206774-20-003015.xlsx,Income Statement,"(Unaudited) Second Quarter Ended September 26, 2020",Net Income,us-gaap:NetIncomeLoss,reported,
income_statement,us-gaap:NetIncomeLoss,Net Income,6M21,2.822,TRNS_SEC-XBRL-financials_as-presented_10-Q_2020-11-04_0001206774-20-003015.xlsx,Income Statement,"(Unaudited) Six Months Ended September 26, 2020",Net Income,us-gaap:NetIncomeLoss,reported,
income_statement,us-gaap:EarningsPerShareBasic,Basic Earnings Per Share,2Q21,0.27,TRNS_SEC-XBRL-financials_as-presented_10-Q_2020-11-04_0001206774-20-003015.xlsx,Income Statement,"(Unaudited) Second Quarter Ended September 26, 2020",Basic Earnings Per Share,us-gaap:EarningsPerShareBasic,reported,
income_statement,us-gaap:EarningsPerShareBasic,Basic Earnings Per Share,6M21,0.38,TRNS_SEC-XBRL-financials_as-presented_10-Q_2020-11-04_0001206774-20-003015.xlsx,Income Statement,"(Unaudited) Six Months Ended September 26, 2020",Basic Earnings Per Share,us-gaap:EarningsPerShareBasic,reported,
income_statement,us-gaap:WeightedAverageNumberOfSharesOutstandingBasic,Average Shares Outstanding,2Q21,7.417,TRNS_SEC-XBRL-financials_as-presented_10-Q_2020-11-04_0001206774-20-003015.xlsx,Income Statement,"(Unaudited) Second Quarter Ended September 26, 2020",Average Shares Outstanding,us-gaap:WeightedAverageNumberOfSharesOutstandingBasic,reported,
income_statement,us-gaap:WeightedAverageNumberOfSharesOutstandingBasic,Average Shares Outstanding,6M21,7.405,TRNS_SEC-XBRL-financials_as-presented_10-Q_2020-11-04_0001206774-20-003015.xlsx,Income Statement,"(Unaudited) Six Months Ended September 26, 2020",Average Shares Outstanding,us-gaap:WeightedAverageNumberOfSharesOutstandingBasic,reported,
income_statement,us-gaap:EarningsPerShareDiluted,Diluted Earnings Per Share,2Q21,0.27,TRNS_SEC-XBRL-financials_as-presented_10-Q_2020-11-04_0001206774-20-003015.xlsx,Income Statement,"(Unaudited) Second Quarter Ended September 26, 2020",Diluted Earnings Per Share,us-gaap:EarningsPerShareDiluted,reported,
income_statement,us-gaap:EarningsPerShareDiluted,Diluted Earnings Per Share,6M21,0.38,TRNS_SEC-XBRL-financials_as-presented_10-Q_2020-11-04_0001206774-20-003015.xlsx,Income Statement,"(Unaudited) Six Months Ended September 26, 2020",Diluted Earnings Per Share,us-gaap:EarningsPerShareDiluted,reported,
income_statement,us-gaap:WeightedAverageNumberOfDilutedSharesOutstanding,Average Shares Outstanding,2Q21,7.549,TRNS_SEC-XBRL-financials_as-presented_10-Q_2020-11-04_0001206774-20-003015.xlsx,Income Statement,"(Unaudited) Second Quarter Ended September 26, 2020",Average Shares Outstanding,us-gaap:WeightedAverageNumberOfDilutedSharesOutstanding,reported,
income_statement,us-gaap:WeightedAverageNumberOfDilutedSharesOutstanding,Average Shares Outstanding,6M21,7.525,TRNS_SEC-XBRL-financials_as-presented_10-Q_2020-11-04_0001206774-20-003015.xlsx,Income Statement,"(Unaudited) Six Months Ended September 26, 2020",Average Shares Outstanding,us-gaap:WeightedAverageNumberOfDilutedSharesOutstanding,reported,
balance_sheet,us-gaap:Cash,Cash,2Q21,0.962,TRNS_SEC-XBRL-financials_as-presented_10-Q_2020-11-04_0001206774-20-003015.xlsx,Balance Sheet,"(Unaudited) September 26, 2020",Cash,us-gaap:Cash,reported,
balance_sheet,us-gaap:AccountsReceivableNetCurrent,"Accounts Receivable, less allowance for credit losses of $851 and $659",2Q21,27.647,TRNS_SEC-XBRL-financials_as-presented_10-Q_2020-11-04_0001206774-20-003015.xlsx,Balance Sheet,"(Unaudited) September 26, 2020","Accounts Receivable, less allowance for doubtful accounts of $589 and $480 as of September 26, 2020 and March 28, 2020, respectively",us-gaap:AccountsReceivableNetCurrent,reported,
balance_sheet,us-gaap:OtherReceivablesNetCurrent,Other Receivables,2Q21,0.717,TRNS_SEC-XBRL-financials_as-presented_10-Q_2020-11-04_0001206774-20-003015.xlsx,Balance Sheet,"(Unaudited) September 26, 2020",Other Receivables,us-gaap:OtherReceivablesNetCurrent,reported,
balance_sheet,us-gaap:InventoryNet,Inventory,2Q21,13.685,TRNS_SEC-XBRL-financials_as-presented_10-Q_2020-11-04_0001206774-20-003015.xlsx,Balance Sheet,"(Unaudited) September 26, 2020","Inventory, net",us-gaap:InventoryNet,reported,
balance_sheet,us-gaap:PrepaidExpenseAndOtherAssetsCurrent,Prepaid Expenses and Other Current Assets,2Q21,2.369,TRNS_SEC-XBRL-financials_as-presented_10-Q_2020-11-04_0001206774-20-003015.xlsx,Balance Sheet,"(Unaudited) September 26, 2020",Prepaid Expenses and Other Current Assets,us-gaap:PrepaidExpenseAndOtherAssetsCurrent,reported,
balance_sheet,us-gaap:AssetsCurrent,Total Current Assets,2Q21,45.38,TRNS_SEC-XBRL-financials_as-presented_10-Q_2020-11-04_0001206774-20-003015.xlsx,Balance Sheet,"(Unaudited) September 26, 2020",Total Current Assets,us-gaap:AssetsCurrent,reported,
balance_sheet,us-gaap:PropertyPlantAndEquipmentNet,"Property and Equipment, net",2Q21,21.475,TRNS_SEC-XBRL-financials_as-presented_10-Q_2020-11-04_0001206774-20-003015.xlsx,Balance Sheet,"(Unaudited) September 26, 2020","Property and Equipment, net",us-gaap:PropertyPlantAndEquipmentNet,reported,
balance_sheet,us-gaap:Goodwill,Goodwill,2Q21,41.773,TRNS_SEC-XBRL-financials_as-presented_10-Q_2020-11-04_0001206774-20-003015.xlsx,Balance Sheet,"(Unaudited) September 26, 2020",Goodwill,us-gaap:Goodwill,reported,
balance_sheet,us-gaap:IntangibleAssetsNetExcludingGoodwill,"Intangible Assets, net",2Q21,6.737,TRNS_SEC-XBRL-financials_as-presented_10-Q_2020-11-04_0001206774-20-003015.xlsx,Balance Sheet,"(Unaudited) September 26, 2020","Intangible Assets, net",us-gaap:IntangibleAssetsNetExcludingGoodwill,reported,
balance_sheet,us-gaap:OperatingLeaseRightOfUseAsset,"Right to Use Assets, net",2Q21,10.01,TRNS_SEC-XBRL-financials_as-presented_10-Q_2020-11-04_0001206774-20-003015.xlsx,Balance Sheet,"(Unaudited) September 26, 2020","Right To Use Asset, net",us-gaap:OperatingLeaseRightOfUseAsset,reported,
balance_sheet,us-gaap:OtherAssetsNoncurrent,Other Assets,2Q21,0.685,TRNS_SEC-XBRL-financials_as-presented_10-Q_2020-11-04_0001206774-20-003015.xlsx,Balance Sheet,"(Unaudited) September 26, 2020",Other Assets,us-gaap:OtherAssetsNoncurrent,reported,
balance_sheet,us-gaap:Assets,Total Assets,2Q21,126.06,TRNS_SEC-XBRL-financials_as-presented_10-Q_2020-11-04_0001206774-20-003015.xlsx,Balance Sheet,"(Unaudited) September 26, 2020",Total Assets,us-gaap:Assets,reported,
balance_sheet,us-gaap:AccountsPayableCurrent,Accounts Payable,2Q21,11.055,TRNS_SEC-XBRL-financials_as-presented_10-Q_2020-11-04_0001206774-20-003015.xlsx,Balance Sheet,"(Unaudited) September 26, 2020",Accounts Payable,us-gaap:AccountsPayableCurrent,reported,
balance_sheet,us-gaap:EmployeeRelatedLiabilitiesCurrent,Accrued Compensation and Other Current Liabilities,2Q21,7.118,TRNS_SEC-XBRL-financials_as-presented_10-Q_2020-11-04_0001206774-20-003015.xlsx,Balance Sheet,"(Unaudited) September 26, 2020",Accrued Compensation and Other Liabilities,us-gaap:EmployeeRelatedLiabilitiesCurrent,reported,
balance_sheet,us-gaap:AccruedIncomeTaxesCurrent,Income Taxes Payable,2Q21,0.438,TRNS_SEC-XBRL-financials_as-presented_10-Q_2020-11-04_0001206774-20-003015.xlsx,Balance Sheet,"(Unaudited) September 26, 2020",Income Taxes Payable,us-gaap:AccruedIncomeTaxesCurrent,reported,
balance_sheet,us-gaap:LongTermDebtCurrent,Current Portion of Long-Term Debt,2Q21,2.024,TRNS_SEC-XBRL-financials_as-presented_10-Q_2020-11-04_0001206774-20-003015.xlsx,Balance Sheet,"(Unaudited) September 26, 2020",Current Portion of Long-Term Debt,us-gaap:LongTermDebtCurrent,reported,
balance_sheet,us-gaap:LiabilitiesCurrent,Total Current Liabilities,2Q21,20.635,TRNS_SEC-XBRL-financials_as-presented_10-Q_2020-11-04_0001206774-20-003015.xlsx,Balance Sheet,"(Unaudited) September 26, 2020",Total Current Liabilities,us-gaap:LiabilitiesCurrent,reported,
balance_sheet,us-gaap:LongTermDebtNoncurrent,Long-Term Debt,2Q21,20.709,TRNS_SEC-XBRL-financials_as-presented_10-Q_2020-11-04_0001206774-20-003015.xlsx,Balance Sheet,"(Unaudited) September 26, 2020",Long-Term Debt,us-gaap:LongTermDebtNoncurrent,reported,
balance_sheet,us-gaap:DeferredIncomeTaxLiabilitiesNet,"Deferred Tax Liabilities, net",2Q21,3.072,TRNS_SEC-XBRL-financials_as-presented_10-Q_2020-11-04_0001206774-20-003015.xlsx,Balance Sheet,"(Unaudited) September 26, 2020",Deferred Tax Liabilities,us-gaap:DeferredIncomeTaxLiabilitiesNet,reported,
balance_sheet,us-gaap:OperatingLeaseLiabilityNoncurrent,Lease Liabilities,2Q21,8.197,TRNS_SEC-XBRL-financials_as-presented_10-Q_2020-11-04_0001206774-20-003015.xlsx,Balance Sheet,"(Unaudited) September 26, 2020",Lease Liabilities,us-gaap:OperatingLeaseLiabilityNoncurrent,reported,
balance_sheet,us-gaap:OtherLiabilitiesNoncurrent,Other Liabilities,2Q21,3.345,TRNS_SEC-XBRL-financials_as-presented_10-Q_2020-11-04_0001206774-20-003015.xlsx,Balance Sheet,"(Unaudited) September 26, 2020",Other Liabilities,us-gaap:OtherLiabilitiesNoncurrent,reported,
balance_sheet,us-gaap:Liabilities,Total Liabilities,2Q21,55.958,TRNS_SEC-XBRL-financials_as-presented_10-Q_2020-11-04_0001206774-20-003015.xlsx,Balance Sheet,"(Unaudited) September 26, 2020",Total Liabilities,us-gaap:Liabilities,reported,
balance_sheet,us-gaap:CommonStockValue,"Common Stock, par value $0.50 per share, 30,000,000 shares authorized; 9,333,953 and 9,315,840 shares issued and outstanding as of March 28, 2026 and March 29, 2025, respectively",2Q21,3.716,TRNS_SEC-XBRL-financials_as-presented_10-Q_2020-11-04_0001206774-20-003015.xlsx,Balance Sheet,"(Unaudited) September 26, 2020","Common Stock, par value $0.50 per share, 30,000,000 shares authorized; 7,432,582 and 7,381,180 shares issued and outstanding as of September 26, 2020 and March 28, 2020, respectively",us-gaap:CommonStockValue,reported,
balance_sheet,us-gaap:AdditionalPaidInCapitalCommonStock,Capital in Excess of Par Value,2Q21,18.453,TRNS_SEC-XBRL-financials_as-presented_10-Q_2020-11-04_0001206774-20-003015.xlsx,Balance Sheet,"(Unaudited) September 26, 2020",Capital in Excess of Par Value,us-gaap:AdditionalPaidInCapitalCommonStock,reported,
balance_sheet,us-gaap:AccumulatedOtherComprehensiveIncomeLossNetOfTax,Accumulated Other Comprehensive Loss,2Q21,-0.682,TRNS_SEC-XBRL-financials_as-presented_10-Q_2020-11-04_0001206774-20-003015.xlsx,Balance Sheet,"(Unaudited) September 26, 2020",Accumulated Other Comprehensive Loss,us-gaap:AccumulatedOtherComprehensiveIncomeLossNetOfTax,reported,
balance_sheet,us-gaap:RetainedEarningsAccumulatedDeficit,Retained Earnings,2Q21,48.615,TRNS_SEC-XBRL-financials_as-presented_10-Q_2020-11-04_0001206774-20-003015.xlsx,Balance Sheet,"(Unaudited) September 26, 2020",Retained Earnings,us-gaap:RetainedEarningsAccumulatedDeficit,reported,
balance_sheet,us-gaap:StockholdersEquity,Total Shareholders' Equity,2Q21,70.102,TRNS_SEC-XBRL-financials_as-presented_10-Q_2020-11-04_0001206774-20-003015.xlsx,Balance Sheet,"(Unaudited) September 26, 2020",Total Shareholders' Equity,us-gaap:StockholdersEquity,reported,
balance_sheet,us-gaap:LiabilitiesAndStockholdersEquity,Total Liabilities and Shareholders' Equity,2Q21,126.06,TRNS_SEC-XBRL-financials_as-presented_10-Q_2020-11-04_0001206774-20-003015.xlsx,Balance Sheet,"(Unaudited) September 26, 2020",Total Liabilities and Shareholders' Equity,us-gaap:LiabilitiesAndStockholdersEquity,reported,
cash_flow,us-gaap:NetIncomeLoss,Net Income,6M21,2.822,TRNS_SEC-XBRL-financials_as-presented_10-Q_2020-11-04_0001206774-20-003015.xlsx,Cash Flow,"(Unaudited) Six Months Ended September 26, 2020",Net Income,us-gaap:NetIncomeLoss,reported,
cash_flow,us-gaap:GainLossOnSaleOfPropertyPlantEquipment,Net (Gain) Loss on Disposal of Property and Equipment,6M21,0.068,TRNS_SEC-XBRL-financials_as-presented_10-Q_2020-11-04_0001206774-20-003015.xlsx,Cash Flow,"(Unaudited) Six Months Ended September 26, 2020",Net Loss on Disposal of Property and Equipment,us-gaap:GainLossOnSaleOfPropertyPlantEquipment,reported,
cash_flow,us-gaap:DeferredIncomeTaxesAndTaxCredits,Deferred Income Taxes,6M21,0.047,TRNS_SEC-XBRL-financials_as-presented_10-Q_2020-11-04_0001206774-20-003015.xlsx,Cash Flow,"(Unaudited) Six Months Ended September 26, 2020",Deferred Income Taxes,us-gaap:DeferredIncomeTaxExpenseBenefit,reported,
cash_flow,us-gaap:DepreciationDepletionAndAmortization,Depreciation and Amortization,6M21,3.736,TRNS_SEC-XBRL-financials_as-presented_10-Q_2020-11-04_0001206774-20-003015.xlsx,Cash Flow,"(Unaudited) Six Months Ended September 26, 2020",Depreciation and Amortization,us-gaap:DepreciationDepletionAndAmortization,reported,
cash_flow,trns:AccountsReceivableCreditLossExpenseReversalAndInventoryWritedown,Provision for Accounts Receivable and Inventory Reserves,6M21,0.523,TRNS_SEC-XBRL-financials_as-presented_10-Q_2020-11-04_0001206774-20-003015.xlsx,Cash Flow,"(Unaudited) Six Months Ended September 26, 2020",Provision for Accounts Receivable and Inventory Reserves,us-gaap:ProvisionForDoubtfulAccounts,reported,
cash_flow,us-gaap:ShareBasedCompensation,Stock-Based Compensation Expense,6M21,0.678,TRNS_SEC-XBRL-financials_as-presented_10-Q_2020-11-04_0001206774-20-003015.xlsx,Cash Flow,"(Unaudited) Six Months Ended September 26, 2020",Stock-Based Compensation Expense,us-gaap:ShareBasedCompensation,reported,
cash_flow,us-gaap:IncreaseDecreaseInAccountsAndOtherReceivables,Accounts Receivable and Other Receivables,6M21,3.543,TRNS_SEC-XBRL-financials_as-presented_10-Q_2020-11-04_0001206774-20-003015.xlsx,Cash Flow,"(Unaudited) Six Months Ended September 26, 2020",Accounts Receivable and Other Receivables,us-gaap:IncreaseDecreaseInAccountsAndOtherReceivables,reported,
cash_flow,us-gaap:IncreaseDecreaseInInventories,Inventory,6M21,0.623,TRNS_SEC-XBRL-financials_as-presented_10-Q_2020-11-04_0001206774-20-003015.xlsx,Cash Flow,"(Unaudited) Six Months Ended September 26, 2020",Inventory,us-gaap:IncreaseDecreaseInInventories,reported,
cash_flow,us-gaap:IncreaseDecreaseInPrepaidDeferredExpenseAndOtherAssets,Prepaid Expenses and Other Current Assets,6M21,-0.625,TRNS_SEC-XBRL-financials_as-presented_10-Q_2020-11-04_0001206774-20-003015.xlsx,Cash Flow,"(Unaudited) Six Months Ended September 26, 2020",Prepaid Expenses and Other Assets,us-gaap:IncreaseDecreaseInPrepaidDeferredExpenseAndOtherAssets,reported,
cash_flow,us-gaap:IncreaseDecreaseInAccountsPayable,Accounts Payable,6M21,-0.892,TRNS_SEC-XBRL-financials_as-presented_10-Q_2020-11-04_0001206774-20-003015.xlsx,Cash Flow,"(Unaudited) Six Months Ended September 26, 2020",Accounts Payable,us-gaap:IncreaseDecreaseInAccountsPayable,reported,
cash_flow,us-gaap:IncreaseDecreaseInAccruedLiabilitiesAndOtherOperatingLiabilities,Accrued Compensation and Other Current Liabilities,6M21,1.626,TRNS_SEC-XBRL-financials_as-presented_10-Q_2020-11-04_0001206774-20-003015.xlsx,Cash Flow,"(Unaudited) Six Months Ended September 26, 2020",Accrued Compensation and Other Liabilities,us-gaap:IncreaseDecreaseInEmployeeRelatedLiabilities,reported,
cash_flow,us-gaap:IncreaseDecreaseInAccruedIncomeTaxesPayable,Income Taxes Payable,6M21,0.327,TRNS_SEC-XBRL-financials_as-presented_10-Q_2020-11-04_0001206774-20-003015.xlsx,Cash Flow,"(Unaudited) Six Months Ended September 26, 2020",Income Taxes Payable,us-gaap:IncreaseDecreaseInAccruedIncomeTaxesPayable,reported,
cash_flow,us-gaap:NetCashProvidedByUsedInOperatingActivities,Net Cash Provided by Operating Activities,6M21,12.476,TRNS_SEC-XBRL-financials_as-presented_10-Q_2020-11-04_0001206774-20-003015.xlsx,Cash Flow,"(Unaudited) Six Months Ended September 26, 2020",Net Cash Provided by Operating Activities,us-gaap:NetCashProvidedByUsedInOperatingActivities,reported,
cash_flow,us-gaap:PaymentsToAcquirePropertyPlantAndEquipment,Purchase of Property and Equipment,6M21,-3.116,TRNS_SEC-XBRL-financials_as-presented_10-Q_2020-11-04_0001206774-20-003015.xlsx,Cash Flow,"(Unaudited) Six Months Ended September 26, 2020",Purchases of Property and Equipment,us-gaap:PaymentsToAcquirePropertyPlantAndEquipment,reported,
cash_flow,us-gaap:NetCashProvidedByUsedInInvestingActivities,Net Cash Used in Investing Activities,6M21,-3.116,TRNS_SEC-XBRL-financials_as-presented_10-Q_2020-11-04_0001206774-20-003015.xlsx,Cash Flow,"(Unaudited) Six Months Ended September 26, 2020",Net Cash Used in Investing Activities,us-gaap:NetCashProvidedByUsedInInvestingActivities,reported,
cash_flow,us-gaap:ProceedsFromRepaymentsOfLinesOfCredit,"Proceeds From Revolving Credit Facility, net of lender fees",6M21,-6.632,TRNS_SEC-XBRL-financials_as-presented_10-Q_2020-11-04_0001206774-20-003015.xlsx,Cash Flow,"(Unaudited) Six Months Ended September 26, 2020","(Repayments of) Proceeds from Revolving Credit Facility, net",us-gaap:ProceedsFromRepaymentsOfLinesOfCredit,reported,
cash_flow,us-gaap:RepaymentsOfLongTermDebt,Repayments of Term Loan,6M21,-0.979,TRNS_SEC-XBRL-financials_as-presented_10-Q_2020-11-04_0001206774-20-003015.xlsx,Cash Flow,"(Unaudited) Six Months Ended September 26, 2020",Repayment of Term Loan,us-gaap:RepaymentsOfLongTermDebt,reported,
cash_flow,trns:ProceedsFromIssuanceOfCommonStockNet,"Issuance of Common Stock, net of direct costs",6M21,0.474,TRNS_SEC-XBRL-financials_as-presented_10-Q_2020-11-04_0001206774-20-003015.xlsx,Cash Flow,"(Unaudited) Six Months Ended September 26, 2020",Issuance of Common Stock,us-gaap:ProceedsFromIssuanceOfCommonStock,reported,
cash_flow,us-gaap:PaymentsForRepurchaseOfCommonStock,Repurchase of Common Stock,6M21,-1.287,TRNS_SEC-XBRL-financials_as-presented_10-Q_2020-11-04_0001206774-20-003015.xlsx,Cash Flow,"(Unaudited) Six Months Ended September 26, 2020",Repurchase of Common Stock,us-gaap:PaymentsForRepurchaseOfCommonStock,reported,
cash_flow,us-gaap:NetCashProvidedByUsedInFinancingActivities,Net Cash Provided by Financing Activities,6M21,-8.424,TRNS_SEC-XBRL-financials_as-presented_10-Q_2020-11-04_0001206774-20-003015.xlsx,Cash Flow,"(Unaudited) Six Months Ended September 26, 2020",Net Cash (Used in) Provided by Financing Activities,us-gaap:NetCashProvidedByUsedInFinancingActivities,reported,
cash_flow,us-gaap:EffectOfExchangeRateOnCashCashEquivalentsRestrictedCashAndRestrictedCashEquivalentsIncludingDisposalGroupAndDiscontinuedOperations,Effect of Exchange Rate Changes on Cash,6M21,-0.473,TRNS_SEC-XBRL-financials_as-presented_10-Q_2020-11-04_0001206774-20-003015.xlsx,Cash Flow,"(Unaudited) Six Months Ended September 26, 2020",Effect of Exchange Rate Changes on Cash,us-gaap:EffectOfExchangeRateOnCashAndCashEquivalents,reported,
cash_flow,us-gaap:CashCashEquivalentsRestrictedCashAndRestrictedCashEquivalentsPeriodIncreaseDecreaseIncludingExchangeRateEffect,Net (Decrease) Increase in Cash and Cash Equivalents,6M21,0.463,TRNS_SEC-XBRL-financials_as-presented_10-Q_2020-11-04_0001206774-20-003015.xlsx,Cash Flow,"(Unaudited) Six Months Ended September 26, 2020",Net Increase in Cash,us-gaap:CashCashEquivalentsRestrictedCashAndRestrictedCashEquivalentsPeriodIncreaseDecreaseIncludingExchangeRateEffect,reported,
cash_flow,us-gaap:CashAndCashEquivalentsAtCarryingValue,Cash at Beginning of Period,6M21,0.499,TRNS_SEC-XBRL-financials_as-presented_10-Q_2020-11-04_0001206774-20-003015.xlsx,Cash Flow,"(Unaudited) Six Months Ended September 26, 2020",Cash at Beginning of Period,us-gaap:CashAndCashEquivalentsAtCarryingValue,reported,
cash_flow,trns:InterestPaidReceivedExcludingCapitalizedInterestOperatingActivities,"Interest, net",6M21,0.466,TRNS_SEC-XBRL-financials_as-presented_10-Q_2020-11-04_0001206774-20-003015.xlsx,Cash Flow,"(Unaudited) Six Months Ended September 26, 2020",Interest,us-gaap:InterestPaidNet,reported,
cash_flow,us-gaap:IncomeTaxesPaidNet,"Income Taxes, net",6M21,0.332,TRNS_SEC-XBRL-financials_as-presented_10-Q_2020-11-04_0001206774-20-003015.xlsx,Cash Flow,"(Unaudited) Six Months Ended September 26, 2020","Income Taxes, net",us-gaap:IncomeTaxesPaidNet,reported,
income_statement,us-gaap:Revenues,Service Revenue,3Q21,24.776,TRNS_SEC-XBRL-financials_as-presented_10-Q_2021-02-03_0001206774-21-000273.xlsx,Income Statement,"(Unaudited) Third Quarter Ended December 26, 2020",Service Revenue,us-gaap:Revenues,reported,
income_statement,us-gaap:Revenues,Service Revenue,9M21,72.297,TRNS_SEC-XBRL-financials_as-presented_10-Q_2021-02-03_0001206774-21-000273.xlsx,Income Statement,"(Unaudited) Nine Months Ended December 26, 2020",Service Revenue,us-gaap:Revenues,reported,
income_statement,us-gaap:CostOfGoodsAndServicesSold,Cost of Service Revenue,3Q21,17.861,TRNS_SEC-XBRL-financials_as-presented_10-Q_2021-02-03_0001206774-21-000273.xlsx,Income Statement,"(Unaudited) Third Quarter Ended December 26, 2020",Cost of Service Revenue,us-gaap:CostOfGoodsAndServicesSold,reported,
income_statement,us-gaap:CostOfGoodsAndServicesSold,Cost of Service Revenue,9M21,51.413,TRNS_SEC-XBRL-financials_as-presented_10-Q_2021-02-03_0001206774-21-000273.xlsx,Income Statement,"(Unaudited) Nine Months Ended December 26, 2020",Cost of Service Revenue,us-gaap:CostOfGoodsAndServicesSold,reported,
income_statement,us-gaap:GrossProfit,Gross Profit,3Q21,11.245,TRNS_SEC-XBRL-financials_as-presented_10-Q_2021-02-03_0001206774-21-000273.xlsx,Income Statement,"(Unaudited) Third Quarter Ended December 26, 2020",Gross Profit,us-gaap:GrossProfit,reported,
income_statement,us-gaap:GrossProfit,Gross Profit,9M21,32.148,TRNS_SEC-XBRL-financials_as-presented_10-Q_2021-02-03_0001206774-21-000273.xlsx,Income Statement,"(Unaudited) Nine Months Ended December 26, 2020",Gross Profit,us-gaap:GrossProfit,reported,
income_statement,us-gaap:SellingAndMarketingExpense,"Selling, Marketing and Warehouse Expenses",3Q21,4.675,TRNS_SEC-XBRL-financials_as-presented_10-Q_2021-02-03_0001206774-21-000273.xlsx,Income Statement,"(Unaudited) Third Quarter Ended December 26, 2020","Selling, Marketing and Warehouse Expenses",us-gaap:SellingAndMarketingExpense,reported,
income_statement,us-gaap:SellingAndMarketingExpense,"Selling, Marketing and Warehouse Expenses",9M21,13.04,TRNS_SEC-XBRL-financials_as-presented_10-Q_2021-02-03_0001206774-21-000273.xlsx,Income Statement,"(Unaudited) Nine Months Ended December 26, 2020","Selling, Marketing and Warehouse Expenses",us-gaap:SellingAndMarketingExpense,reported,
income_statement,us-gaap:GeneralAndAdministrativeExpense,General and Administrative Expenses,3Q21,4.051,TRNS_SEC-XBRL-financials_as-presented_10-Q_2021-02-03_0001206774-21-000273.xlsx,Income Statement,"(Unaudited) Third Quarter Ended December 26, 2020",General and Administrative Expenses,us-gaap:GeneralAndAdministrativeExpense,reported,
income_statement,us-gaap:GeneralAndAdministrativeExpense,General and Administrative Expenses,9M21,12.547,TRNS_SEC-XBRL-financials_as-presented_10-Q_2021-02-03_0001206774-21-000273.xlsx,Income Statement,"(Unaudited) Nine Months Ended December 26, 2020",General and Administrative Expenses,us-gaap:GeneralAndAdministrativeExpense,reported,
income_statement,us-gaap:OperatingExpenses,Total Operating Expenses,3Q21,8.726,TRNS_SEC-XBRL-financials_as-presented_10-Q_2021-02-03_0001206774-21-000273.xlsx,Income Statement,"(Unaudited) Third Quarter Ended December 26, 2020",Total Operating Expenses,us-gaap:OperatingExpenses,reported,
income_statement,us-gaap:OperatingExpenses,Total Operating Expenses,9M21,25.587,TRNS_SEC-XBRL-financials_as-presented_10-Q_2021-02-03_0001206774-21-000273.xlsx,Income Statement,"(Unaudited) Nine Months Ended December 26, 2020",Total Operating Expenses,us-gaap:OperatingExpenses,reported,
income_statement,us-gaap:OperatingIncomeLoss,Operating Income,3Q21,2.519,TRNS_SEC-XBRL-financials_as-presented_10-Q_2021-02-03_0001206774-21-000273.xlsx,Income Statement,"(Unaudited) Third Quarter Ended December 26, 2020",Operating Income,us-gaap:OperatingIncomeLoss,reported,
income_statement,us-gaap:OperatingIncomeLoss,Operating Income,9M21,6.561,TRNS_SEC-XBRL-financials_as-presented_10-Q_2021-02-03_0001206774-21-000273.xlsx,Income Statement,"(Unaudited) Nine Months Ended December 26, 2020",Operating Income,us-gaap:OperatingIncomeLoss,reported,
income_statement,us-gaap:NonoperatingIncomeExpense,"Total Interest and Other (Income)/Expense, net",3Q21,0.219,TRNS_SEC-XBRL-financials_as-presented_10-Q_2021-02-03_0001206774-21-000273.xlsx,Income Statement,"(Unaudited) Third Quarter Ended December 26, 2020","Interest and Other Expense, net",us-gaap:NonoperatingIncomeExpense,reported,
income_statement,us-gaap:NonoperatingIncomeExpense,"Total Interest and Other (Income)/Expense, net",9M21,0.779,TRNS_SEC-XBRL-financials_as-presented_10-Q_2021-02-03_0001206774-21-000273.xlsx,Income Statement,"(Unaudited) Nine Months Ended December 26, 2020","Interest and Other Expense, net",us-gaap:NonoperatingIncomeExpense,reported,
income_statement,us-gaap:IncomeLossFromContinuingOperationsBeforeIncomeTaxesExtraordinaryItemsNoncontrollingInterest,Income Before Provision for Income Taxes,3Q21,2.3,TRNS_SEC-XBRL-financials_as-presented_10-Q_2021-02-03_0001206774-21-000273.xlsx,Income Statement,"(Unaudited) Third Quarter Ended December 26, 2020",Income Before Income Taxes,us-gaap:IncomeLossFromContinuingOperationsBeforeIncomeTaxesMinorityInterestAndIncomeLossFromEquityMethodInvestments,reported,
income_statement,us-gaap:IncomeLossFromContinuingOperationsBeforeIncomeTaxesExtraordinaryItemsNoncontrollingInterest,Income Before Provision for Income Taxes,9M21,5.782,TRNS_SEC-XBRL-financials_as-presented_10-Q_2021-02-03_0001206774-21-000273.xlsx,Income Statement,"(Unaudited) Nine Months Ended December 26, 2020",Income Before Income Taxes,us-gaap:IncomeLossFromContinuingOperationsBeforeIncomeTaxesMinorityInterestAndIncomeLossFromEquityMethodInvestments,reported,
income_statement,us-gaap:IncomeTaxExpenseBenefit,Provision for Income Taxes,3Q21,0.539,TRNS_SEC-XBRL-financials_as-presented_10-Q_2021-02-03_0001206774-21-000273.xlsx,Income Statement,"(Unaudited) Third Quarter Ended December 26, 2020",Provision for Income Taxes,us-gaap:IncomeTaxExpenseBenefit,reported,
income_statement,us-gaap:IncomeTaxExpenseBenefit,Provision for Income Taxes,9M21,1.199,TRNS_SEC-XBRL-financials_as-presented_10-Q_2021-02-03_0001206774-21-000273.xlsx,Income Statement,"(Unaudited) Nine Months Ended December 26, 2020",Provision for Income Taxes,us-gaap:IncomeTaxExpenseBenefit,reported,
income_statement,us-gaap:NetIncomeLoss,Net Income,3Q21,1.761,TRNS_SEC-XBRL-financials_as-presented_10-Q_2021-02-03_0001206774-21-000273.xlsx,Income Statement,"(Unaudited) Third Quarter Ended December 26, 2020",Net Income,us-gaap:NetIncomeLoss,reported,
income_statement,us-gaap:NetIncomeLoss,Net Income,9M21,4.583,TRNS_SEC-XBRL-financials_as-presented_10-Q_2021-02-03_0001206774-21-000273.xlsx,Income Statement,"(Unaudited) Nine Months Ended December 26, 2020",Net Income,us-gaap:NetIncomeLoss,reported,
income_statement,us-gaap:EarningsPerShareBasic,Basic Earnings Per Share,3Q21,0.24,TRNS_SEC-XBRL-financials_as-presented_10-Q_2021-02-03_0001206774-21-000273.xlsx,Income Statement,"(Unaudited) Third Quarter Ended December 26, 2020",Basic Earnings Per Share,us-gaap:EarningsPerShareBasic,reported,
income_statement,us-gaap:EarningsPerShareBasic,Basic Earnings Per Share,9M21,0.62,TRNS_SEC-XBRL-financials_as-presented_10-Q_2021-02-03_0001206774-21-000273.xlsx,Income Statement,"(Unaudited) Nine Months Ended December 26, 2020",Basic Earnings Per Share,us-gaap:EarningsPerShareBasic,reported,
income_statement,us-gaap:WeightedAverageNumberOfSharesOutstandingBasic,Average Shares Outstanding,3Q21,7.437,TRNS_SEC-XBRL-financials_as-presented_10-Q_2021-02-03_0001206774-21-000273.xlsx,Income Statement,"(Unaudited) Third Quarter Ended December 26, 2020",Average Shares Outstanding,us-gaap:WeightedAverageNumberOfSharesOutstandingBasic,reported,
income_statement,us-gaap:WeightedAverageNumberOfSharesOutstandingBasic,Average Shares Outstanding,9M21,7.415,TRNS_SEC-XBRL-financials_as-presented_10-Q_2021-02-03_0001206774-21-000273.xlsx,Income Statement,"(Unaudited) Nine Months Ended December 26, 2020",Average Shares Outstanding,us-gaap:WeightedAverageNumberOfSharesOutstandingBasic,reported,
income_statement,us-gaap:EarningsPerShareDiluted,Diluted Earnings Per Share,3Q21,0.23,TRNS_SEC-XBRL-financials_as-presented_10-Q_2021-02-03_0001206774-21-000273.xlsx,Income Statement,"(Unaudited) Third Quarter Ended December 26, 2020",Diluted Earnings Per Share,us-gaap:EarningsPerShareDiluted,reported,
income_statement,us-gaap:EarningsPerShareDiluted,Diluted Earnings Per Share,9M21,0.61,TRNS_SEC-XBRL-financials_as-presented_10-Q_2021-02-03_0001206774-21-000273.xlsx,Income Statement,"(Unaudited) Nine Months Ended December 26, 2020",Diluted Earnings Per Share,us-gaap:EarningsPerShareDiluted,reported,
income_statement,us-gaap:WeightedAverageNumberOfDilutedSharesOutstanding,Average Shares Outstanding,3Q21,7.58,TRNS_SEC-XBRL-financials_as-presented_10-Q_2021-02-03_0001206774-21-000273.xlsx,Income Statement,"(Unaudited) Third Quarter Ended December 26, 2020",Average Shares Outstanding,us-gaap:WeightedAverageNumberOfDilutedSharesOutstanding,reported,
income_statement,us-gaap:WeightedAverageNumberOfDilutedSharesOutstanding,Average Shares Outstanding,9M21,7.532,TRNS_SEC-XBRL-financials_as-presented_10-Q_2021-02-03_0001206774-21-000273.xlsx,Income Statement,"(Unaudited) Nine Months Ended December 26, 2020",Average Shares Outstanding,us-gaap:WeightedAverageNumberOfDilutedSharesOutstanding,reported,
balance_sheet,us-gaap:Cash,Cash,3Q21,1.034,TRNS_SEC-XBRL-financials_as-presented_10-Q_2021-02-03_0001206774-21-000273.xlsx,Balance Sheet,"(Unaudited) December 26, 2020",Cash,us-gaap:Cash,reported,
balance_sheet,us-gaap:AccountsReceivableNetCurrent,"Accounts Receivable, less allowance for credit losses of $851 and $659",3Q21,30.562,TRNS_SEC-XBRL-financials_as-presented_10-Q_2021-02-03_0001206774-21-000273.xlsx,Balance Sheet,"(Unaudited) December 26, 2020","Accounts Receivable, less allowance for doubtful accounts of $640 and $480 as of December 26, 2020 and March 28, 2020, respectively",us-gaap:AccountsReceivableNetCurrent,reported,
balance_sheet,us-gaap:OtherReceivablesNetCurrent,Other Receivables,3Q21,0.86,TRNS_SEC-XBRL-financials_as-presented_10-Q_2021-02-03_0001206774-21-000273.xlsx,Balance Sheet,"(Unaudited) December 26, 2020",Other Receivables,us-gaap:OtherReceivablesNetCurrent,reported,
balance_sheet,us-gaap:InventoryNet,Inventory,3Q21,12.437,TRNS_SEC-XBRL-financials_as-presented_10-Q_2021-02-03_0001206774-21-000273.xlsx,Balance Sheet,"(Unaudited) December 26, 2020","Inventory, net",us-gaap:InventoryNet,reported,
balance_sheet,us-gaap:PrepaidExpenseAndOtherAssetsCurrent,Prepaid Expenses and Other Current Assets,3Q21,2.317,TRNS_SEC-XBRL-financials_as-presented_10-Q_2021-02-03_0001206774-21-000273.xlsx,Balance Sheet,"(Unaudited) December 26, 2020",Prepaid Expenses and Other Current Assets,us-gaap:PrepaidExpenseAndOtherAssetsCurrent,reported,
balance_sheet,us-gaap:AssetsCurrent,Total Current Assets,3Q21,47.21,TRNS_SEC-XBRL-financials_as-presented_10-Q_2021-02-03_0001206774-21-000273.xlsx,Balance Sheet,"(Unaudited) December 26, 2020",Total Current Assets,us-gaap:AssetsCurrent,reported,
balance_sheet,us-gaap:PropertyPlantAndEquipmentNet,"Property and Equipment, net",3Q21,21.292,TRNS_SEC-XBRL-financials_as-presented_10-Q_2021-02-03_0001206774-21-000273.xlsx,Balance Sheet,"(Unaudited) December 26, 2020","Property and Equipment, net",us-gaap:PropertyPlantAndEquipmentNet,reported,
balance_sheet,us-gaap:Goodwill,Goodwill,3Q21,43.945,TRNS_SEC-XBRL-financials_as-presented_10-Q_2021-02-03_0001206774-21-000273.xlsx,Balance Sheet,"(Unaudited) December 26, 2020",Goodwill,us-gaap:Goodwill,reported,
balance_sheet,us-gaap:IntangibleAssetsNetExcludingGoodwill,"Intangible Assets, net",3Q21,7.325,TRNS_SEC-XBRL-financials_as-presented_10-Q_2021-02-03_0001206774-21-000273.xlsx,Balance Sheet,"(Unaudited) December 26, 2020","Intangible Assets, net",us-gaap:IntangibleAssetsNetExcludingGoodwill,reported,
balance_sheet,us-gaap:OperatingLeaseRightOfUseAsset,"Right to Use Assets, net",3Q21,10.205,TRNS_SEC-XBRL-financials_as-presented_10-Q_2021-02-03_0001206774-21-000273.xlsx,Balance Sheet,"(Unaudited) December 26, 2020","Right Of Use Assets, net",us-gaap:OperatingLeaseRightOfUseAsset,reported,
balance_sheet,us-gaap:OtherAssetsNoncurrent,Other Assets,3Q21,0.793,TRNS_SEC-XBRL-financials_as-presented_10-Q_2021-02-03_0001206774-21-000273.xlsx,Balance Sheet,"(Unaudited) December 26, 2020",Other Assets,us-gaap:OtherAssetsNoncurrent,reported,
balance_sheet,us-gaap:Assets,Total Assets,3Q21,130.77,TRNS_SEC-XBRL-financials_as-presented_10-Q_2021-02-03_0001206774-21-000273.xlsx,Balance Sheet,"(Unaudited) December 26, 2020",Total Assets,us-gaap:Assets,reported,
balance_sheet,us-gaap:AccountsPayableCurrent,Accounts Payable,3Q21,9.844,TRNS_SEC-XBRL-financials_as-presented_10-Q_2021-02-03_0001206774-21-000273.xlsx,Balance Sheet,"(Unaudited) December 26, 2020",Accounts Payable,us-gaap:AccountsPayableCurrent,reported,
balance_sheet,us-gaap:EmployeeRelatedLiabilitiesCurrent,Accrued Compensation and Other Current Liabilities,3Q21,7.856,TRNS_SEC-XBRL-financials_as-presented_10-Q_2021-02-03_0001206774-21-000273.xlsx,Balance Sheet,"(Unaudited) December 26, 2020",Accrued Compensation and Other Liabilities,us-gaap:EmployeeRelatedLiabilitiesCurrent,reported,
balance_sheet,us-gaap:AccruedIncomeTaxesCurrent,Income Taxes Payable,3Q21,0.289,TRNS_SEC-XBRL-financials_as-presented_10-Q_2021-02-03_0001206774-21-000273.xlsx,Balance Sheet,"(Unaudited) December 26, 2020",Income Taxes Payable,us-gaap:AccruedIncomeTaxesCurrent,reported,
balance_sheet,us-gaap:LongTermDebtCurrent,Current Portion of Long-Term Debt,3Q21,2.046,TRNS_SEC-XBRL-financials_as-presented_10-Q_2021-02-03_0001206774-21-000273.xlsx,Balance Sheet,"(Unaudited) December 26, 2020",Current Portion of Long-Term Debt,us-gaap:LongTermDebtCurrent,reported,
balance_sheet,us-gaap:LiabilitiesCurrent,Total Current Liabilities,3Q21,20.035,TRNS_SEC-XBRL-financials_as-presented_10-Q_2021-02-03_0001206774-21-000273.xlsx,Balance Sheet,"(Unaudited) December 26, 2020",Total Current Liabilities,us-gaap:LiabilitiesCurrent,reported,
balance_sheet,us-gaap:LongTermDebtNoncurrent,Long-Term Debt,3Q21,22.317,TRNS_SEC-XBRL-financials_as-presented_10-Q_2021-02-03_0001206774-21-000273.xlsx,Balance Sheet,"(Unaudited) December 26, 2020",Long-Term Debt,us-gaap:LongTermDebtNoncurrent,reported,
balance_sheet,us-gaap:DeferredIncomeTaxLiabilitiesNet,"Deferred Tax Liabilities, net",3Q21,3.1,TRNS_SEC-XBRL-financials_as-presented_10-Q_2021-02-03_0001206774-21-000273.xlsx,Balance Sheet,"(Unaudited) December 26, 2020",Deferred Tax Liabilities,us-gaap:DeferredIncomeTaxLiabilitiesNet,reported,
balance_sheet,us-gaap:OperatingLeaseLiabilityNoncurrent,Lease Liabilities,3Q21,8.753,TRNS_SEC-XBRL-financials_as-presented_10-Q_2021-02-03_0001206774-21-000273.xlsx,Balance Sheet,"(Unaudited) December 26, 2020",Lease Liabilities,us-gaap:OperatingLeaseLiabilityNoncurrent,reported,
balance_sheet,us-gaap:OtherLiabilitiesNoncurrent,Other Liabilities,3Q21,4.058,TRNS_SEC-XBRL-financials_as-presented_10-Q_2021-02-03_0001206774-21-000273.xlsx,Balance Sheet,"(Unaudited) December 26, 2020",Other Liabilities,us-gaap:OtherLiabilitiesNoncurrent,reported,
balance_sheet,us-gaap:Liabilities,Total Liabilities,3Q21,58.263,TRNS_SEC-XBRL-financials_as-presented_10-Q_2021-02-03_0001206774-21-000273.xlsx,Balance Sheet,"(Unaudited) December 26, 2020",Total Liabilities,us-gaap:Liabilities,reported,
balance_sheet,us-gaap:CommonStockValue,"Common Stock, par value $0.50 per share, 30,000,000 shares authorized; 9,333,953 and 9,315,840 shares issued and outstanding as of March 28, 2026 and March 29, 2025, respectively",3Q21,3.721,TRNS_SEC-XBRL-financials_as-presented_10-Q_2021-02-03_0001206774-21-000273.xlsx,Balance Sheet,"(Unaudited) December 26, 2020","Common Stock, par value $0.50 per share, 30,000,000 shares authorized; 7,441,571 and 7,381,180 shares issued and outstanding as of December 26, 2020 and March 28, 2020, respectively",us-gaap:CommonStockValue,reported,
balance_sheet,us-gaap:AdditionalPaidInCapitalCommonStock,Capital in Excess of Par Value,3Q21,18.82,TRNS_SEC-XBRL-financials_as-presented_10-Q_2021-02-03_0001206774-21-000273.xlsx,Balance Sheet,"(Unaudited) December 26, 2020",Capital in Excess of Par Value,us-gaap:AdditionalPaidInCapitalCommonStock,reported,
balance_sheet,us-gaap:AccumulatedOtherComprehensiveIncomeLossNetOfTax,Accumulated Other Comprehensive Loss,3Q21,-0.41,TRNS_SEC-XBRL-financials_as-presented_10-Q_2021-02-03_0001206774-21-000273.xlsx,Balance Sheet,"(Unaudited) December 26, 2020",Accumulated Other Comprehensive Loss,us-gaap:AccumulatedOtherComprehensiveIncomeLossNetOfTax,reported,
balance_sheet,us-gaap:RetainedEarningsAccumulatedDeficit,Retained Earnings,3Q21,50.376,TRNS_SEC-XBRL-financials_as-presented_10-Q_2021-02-03_0001206774-21-000273.xlsx,Balance Sheet,"(Unaudited) December 26, 2020",Retained Earnings,us-gaap:RetainedEarningsAccumulatedDeficit,reported,
balance_sheet,us-gaap:StockholdersEquity,Total Shareholders' Equity,3Q21,72.507,TRNS_SEC-XBRL-financials_as-presented_10-Q_2021-02-03_0001206774-21-000273.xlsx,Balance Sheet,"(Unaudited) December 26, 2020",Total Shareholders' Equity,us-gaap:StockholdersEquity,reported,
balance_sheet,us-gaap:LiabilitiesAndStockholdersEquity,Total Liabilities and Shareholders' Equity,3Q21,130.77,TRNS_SEC-XBRL-financials_as-presented_10-Q_2021-02-03_0001206774-21-000273.xlsx,Balance Sheet,"(Unaudited) December 26, 2020",Total Liabilities and Shareholders' Equity,us-gaap:LiabilitiesAndStockholdersEquity,reported,
cash_flow,us-gaap:NetIncomeLoss,Net Income,9M21,4.583,TRNS_SEC-XBRL-financials_as-presented_10-Q_2021-02-03_0001206774-21-000273.xlsx,Cash Flow,"(Unaudited) Nine Months Ended December 26, 2020",Net Income,us-gaap:NetIncomeLoss,reported,
cash_flow,us-gaap:GainLossOnSaleOfPropertyPlantEquipment,Net (Gain) Loss on Disposal of Property and Equipment,9M21,0.065,TRNS_SEC-XBRL-financials_as-presented_10-Q_2021-02-03_0001206774-21-000273.xlsx,Cash Flow,"(Unaudited) Nine Months Ended December 26, 2020",Net Loss on Disposal of Property and Equipment,us-gaap:GainLossOnSaleOfPropertyPlantEquipment,reported,
cash_flow,us-gaap:DeferredIncomeTaxesAndTaxCredits,Deferred Income Taxes,9M21,0.075,TRNS_SEC-XBRL-financials_as-presented_10-Q_2021-02-03_0001206774-21-000273.xlsx,Cash Flow,"(Unaudited) Nine Months Ended December 26, 2020",Deferred Income Taxes,us-gaap:DeferredIncomeTaxExpenseBenefit,reported,
cash_flow,us-gaap:DepreciationDepletionAndAmortization,Depreciation and Amortization,9M21,5.596,TRNS_SEC-XBRL-financials_as-presented_10-Q_2021-02-03_0001206774-21-000273.xlsx,Cash Flow,"(Unaudited) Nine Months Ended December 26, 2020",Depreciation and Amortization,us-gaap:DepreciationDepletionAndAmortization,reported,
cash_flow,trns:AccountsReceivableCreditLossExpenseReversalAndInventoryWritedown,Provision for Accounts Receivable and Inventory Reserves,9M21,0.699,TRNS_SEC-XBRL-financials_as-presented_10-Q_2021-02-03_0001206774-21-000273.xlsx,Cash Flow,"(Unaudited) Nine Months Ended December 26, 2020",Provision for Accounts Receivable and Inventory Reserves,us-gaap:ProvisionForDoubtfulAccounts,reported,
cash_flow,us-gaap:ShareBasedCompensation,Stock-Based Compensation Expense,9M21,0.875,TRNS_SEC-XBRL-financials_as-presented_10-Q_2021-02-03_0001206774-21-000273.xlsx,Cash Flow,"(Unaudited) Nine Months Ended December 26, 2020",Stock-Based Compensation,us-gaap:ShareBasedCompensation,reported,
cash_flow,us-gaap:IncreaseDecreaseInAccountsAndOtherReceivables,Accounts Receivable and Other Receivables,9M21,0.902,TRNS_SEC-XBRL-financials_as-presented_10-Q_2021-02-03_0001206774-21-000273.xlsx,Cash Flow,"(Unaudited) Nine Months Ended December 26, 2020",Accounts Receivable and Other Receivables,us-gaap:IncreaseDecreaseInAccountsAndOtherReceivables,reported,
cash_flow,us-gaap:IncreaseDecreaseInInventories,Inventory,9M21,2.072,TRNS_SEC-XBRL-financials_as-presented_10-Q_2021-02-03_0001206774-21-000273.xlsx,Cash Flow,"(Unaudited) Nine Months Ended December 26, 2020",Inventory,us-gaap:IncreaseDecreaseInInventories,reported,
cash_flow,us-gaap:IncreaseDecreaseInPrepaidDeferredExpenseAndOtherAssets,Prepaid Expenses and Other Current Assets,9M21,-0.678,TRNS_SEC-XBRL-financials_as-presented_10-Q_2021-02-03_0001206774-21-000273.xlsx,Cash Flow,"(Unaudited) Nine Months Ended December 26, 2020",Prepaid Expenses and Other Assets,us-gaap:IncreaseDecreaseInPrepaidDeferredExpenseAndOtherAssets,reported,
cash_flow,us-gaap:IncreaseDecreaseInAccountsPayable,Accounts Payable,9M21,-2.103,TRNS_SEC-XBRL-financials_as-presented_10-Q_2021-02-03_0001206774-21-000273.xlsx,Cash Flow,"(Unaudited) Nine Months Ended December 26, 2020",Accounts Payable,us-gaap:IncreaseDecreaseInAccountsPayable,reported,
cash_flow,us-gaap:IncreaseDecreaseInAccruedLiabilitiesAndOtherOperatingLiabilities,Accrued Compensation and Other Current Liabilities,9M21,3.391,TRNS_SEC-XBRL-financials_as-presented_10-Q_2021-02-03_0001206774-21-000273.xlsx,Cash Flow,"(Unaudited) Nine Months Ended December 26, 2020",Accrued Compensation and Other Liabilities,us-gaap:IncreaseDecreaseInEmployeeRelatedLiabilities,reported,
cash_flow,us-gaap:IncreaseDecreaseInAccruedIncomeTaxesPayable,Income Taxes Payable,9M21,0.17,TRNS_SEC-XBRL-financials_as-presented_10-Q_2021-02-03_0001206774-21-000273.xlsx,Cash Flow,"(Unaudited) Nine Months Ended December 26, 2020",Income Taxes Payable,us-gaap:IncreaseDecreaseInAccruedIncomeTaxesPayable,reported,
cash_flow,us-gaap:NetCashProvidedByUsedInOperatingActivities,Net Cash Provided by Operating Activities,9M21,15.647,TRNS_SEC-XBRL-financials_as-presented_10-Q_2021-02-03_0001206774-21-000273.xlsx,Cash Flow,"(Unaudited) Nine Months Ended December 26, 2020",Net Cash Provided by Operating Activities,us-gaap:NetCashProvidedByUsedInOperatingActivities,reported,
cash_flow,us-gaap:PaymentsToAcquirePropertyPlantAndEquipment,Purchase of Property and Equipment,9M21,-4.295,TRNS_SEC-XBRL-financials_as-presented_10-Q_2021-02-03_0001206774-21-000273.xlsx,Cash Flow,"(Unaudited) Nine Months Ended December 26, 2020",Purchases of Property and Equipment,us-gaap:PaymentsToAcquirePropertyPlantAndEquipment,reported,
cash_flow,us-gaap:PaymentsToAcquireBusinessesNetOfCashAcquired,"Business Acquisitions, net of cash acquired",9M21,-3.447,TRNS_SEC-XBRL-financials_as-presented_10-Q_2021-02-03_0001206774-21-000273.xlsx,Cash Flow,"(Unaudited) Nine Months Ended December 26, 2020","Business Acquisitions, net of cash acquired",us-gaap:PaymentsToAcquireBusinessesNetOfCashAcquired,reported,
cash_flow,us-gaap:NetCashProvidedByUsedInInvestingActivities,Net Cash Used in Investing Activities,9M21,-7.742,TRNS_SEC-XBRL-financials_as-presented_10-Q_2021-02-03_0001206774-21-000273.xlsx,Cash Flow,"(Unaudited) Nine Months Ended December 26, 2020",Net Cash Used in Investing Activities,us-gaap:NetCashProvidedByUsedInInvestingActivities,reported,
cash_flow,us-gaap:ProceedsFromRepaymentsOfLinesOfCredit,"Proceeds From Revolving Credit Facility, net of lender fees",9M21,-4.504,TRNS_SEC-XBRL-financials_as-presented_10-Q_2021-02-03_0001206774-21-000273.xlsx,Cash Flow,"(Unaudited) Nine Months Ended December 26, 2020","(Repayments of) Proceeds from Revolving Credit Facility, net",us-gaap:ProceedsFromRepaymentsOfLinesOfCredit,reported,
cash_flow,us-gaap:RepaymentsOfLongTermDebt,Repayments of Term Loan,9M21,-1.477,TRNS_SEC-XBRL-financials_as-presented_10-Q_2021-02-03_0001206774-21-000273.xlsx,Cash Flow,"(Unaudited) Nine Months Ended December 26, 2020",Repayments of Term Loan,us-gaap:RepaymentsOfLongTermDebt,reported,
cash_flow,trns:ProceedsFromIssuanceOfCommonStockNet,"Issuance of Common Stock, net of direct costs",9M21,0.649,TRNS_SEC-XBRL-financials_as-presented_10-Q_2021-02-03_0001206774-21-000273.xlsx,Cash Flow,"(Unaudited) Nine Months Ended December 26, 2020",Issuance of Common Stock,us-gaap:ProceedsFromIssuanceOfCommonStock,reported,
cash_flow,us-gaap:PaymentsForRepurchaseOfCommonStock,Repurchase of Common Stock,9M21,-1.287,TRNS_SEC-XBRL-financials_as-presented_10-Q_2021-02-03_0001206774-21-000273.xlsx,Cash Flow,"(Unaudited) Nine Months Ended December 26, 2020",Repurchase of Common Stock,us-gaap:PaymentsForRepurchaseOfCommonStock,reported,
cash_flow,us-gaap:NetCashProvidedByUsedInFinancingActivities,Net Cash Provided by Financing Activities,9M21,-6.619,TRNS_SEC-XBRL-financials_as-presented_10-Q_2021-02-03_0001206774-21-000273.xlsx,Cash Flow,"(Unaudited) Nine Months Ended December 26, 2020",Net Cash Used in Financing Activities,us-gaap:NetCashProvidedByUsedInFinancingActivities,reported,
cash_flow,us-gaap:EffectOfExchangeRateOnCashCashEquivalentsRestrictedCashAndRestrictedCashEquivalentsIncludingDisposalGroupAndDiscontinuedOperations,Effect of Exchange Rate Changes on Cash,9M21,-0.751,TRNS_SEC-XBRL-financials_as-presented_10-Q_2021-02-03_0001206774-21-000273.xlsx,Cash Flow,"(Unaudited) Nine Months Ended December 26, 2020",Effect of Exchange Rate Changes on Cash,us-gaap:EffectOfExchangeRateOnCashAndCashEquivalents,reported,
cash_flow,us-gaap:CashCashEquivalentsRestrictedCashAndRestrictedCashEquivalentsPeriodIncreaseDecreaseIncludingExchangeRateEffect,Net (Decrease) Increase in Cash and Cash Equivalents,9M21,0.535,TRNS_SEC-XBRL-financials_as-presented_10-Q_2021-02-03_0001206774-21-000273.xlsx,Cash Flow,"(Unaudited) Nine Months Ended December 26, 2020",Net Increase (Decrease) in Cash,us-gaap:CashCashEquivalentsRestrictedCashAndRestrictedCashEquivalentsPeriodIncreaseDecreaseIncludingExchangeRateEffect,reported,
cash_flow,us-gaap:CashAndCashEquivalentsAtCarryingValue,Cash at Beginning of Period,9M21,0.499,TRNS_SEC-XBRL-financials_as-presented_10-Q_2021-02-03_0001206774-21-000273.xlsx,Cash Flow,"(Unaudited) Nine Months Ended December 26, 2020",Cash at Beginning of Period,us-gaap:CashAndCashEquivalentsAtCarryingValue,reported,
cash_flow,trns:InterestPaidReceivedExcludingCapitalizedInterestOperatingActivities,"Interest, net",9M21,0.679,TRNS_SEC-XBRL-financials_as-presented_10-Q_2021-02-03_0001206774-21-000273.xlsx,Cash Flow,"(Unaudited) Nine Months Ended December 26, 2020",Interest,us-gaap:InterestPaidNet,reported,
cash_flow,us-gaap:IncomeTaxesPaidNet,"Income Taxes, net",9M21,1.018,TRNS_SEC-XBRL-financials_as-presented_10-Q_2021-02-03_0001206774-21-000273.xlsx,Cash Flow,"(Unaudited) Nine Months Ended December 26, 2020",Income Taxes,us-gaap:IncomeTaxesPaidNet,reported,
income_statement,us-gaap:Revenues,Service Revenue,1Q22,27.557,TRNS_SEC-XBRL-financials_as-presented_10-Q_2021-08-03_0001206774-21-001956.xlsx,Income Statement,"(Unaudited) First Quarter Ended June 26, 2021",Service Revenue,us-gaap:Revenues,reported,
income_statement,us-gaap:CostOfGoodsAndServicesSold,Cost of Service Revenue,1Q22,18.805,TRNS_SEC-XBRL-financials_as-presented_10-Q_2021-08-03_0001206774-21-001956.xlsx,Income Statement,"(Unaudited) First Quarter Ended June 26, 2021",Cost of Service Revenue,us-gaap:CostOfGoodsAndServicesSold,reported,
income_statement,us-gaap:GrossProfit,Gross Profit,1Q22,13.52,TRNS_SEC-XBRL-financials_as-presented_10-Q_2021-08-03_0001206774-21-001956.xlsx,Income Statement,"(Unaudited) First Quarter Ended June 26, 2021",Gross Profit,us-gaap:GrossProfit,reported,
income_statement,us-gaap:SellingAndMarketingExpense,"Selling, Marketing and Warehouse Expenses",1Q22,4.997,TRNS_SEC-XBRL-financials_as-presented_10-Q_2021-08-03_0001206774-21-001956.xlsx,Income Statement,"(Unaudited) First Quarter Ended June 26, 2021","Selling, Marketing and Warehouse Expenses",us-gaap:SellingAndMarketingExpense,reported,
income_statement,us-gaap:GeneralAndAdministrativeExpense,General and Administrative Expenses,1Q22,4.834,TRNS_SEC-XBRL-financials_as-presented_10-Q_2021-08-03_0001206774-21-001956.xlsx,Income Statement,"(Unaudited) First Quarter Ended June 26, 2021",General and Administrative Expenses,us-gaap:GeneralAndAdministrativeExpense,reported,
income_statement,us-gaap:OperatingExpenses,Total Operating Expenses,1Q22,9.831,TRNS_SEC-XBRL-financials_as-presented_10-Q_2021-08-03_0001206774-21-001956.xlsx,Income Statement,"(Unaudited) First Quarter Ended June 26, 2021",Total Operating Expenses,us-gaap:OperatingExpenses,reported,
income_statement,us-gaap:OperatingIncomeLoss,Operating Income,1Q22,3.689,TRNS_SEC-XBRL-financials_as-presented_10-Q_2021-08-03_0001206774-21-001956.xlsx,Income Statement,"(Unaudited) First Quarter Ended June 26, 2021",Operating Income,us-gaap:OperatingIncomeLoss,reported,
income_statement,us-gaap:NonoperatingIncomeExpense,"Total Interest and Other (Income)/Expense, net",1Q22,0.195,TRNS_SEC-XBRL-financials_as-presented_10-Q_2021-08-03_0001206774-21-001956.xlsx,Income Statement,"(Unaudited) First Quarter Ended June 26, 2021","Interest and Other Expense, net",us-gaap:NonoperatingIncomeExpense,reported,
income_statement,us-gaap:IncomeLossFromContinuingOperationsBeforeIncomeTaxesExtraordinaryItemsNoncontrollingInterest,Income Before Provision for Income Taxes,1Q22,3.494,TRNS_SEC-XBRL-financials_as-presented_10-Q_2021-08-03_0001206774-21-001956.xlsx,Income Statement,"(Unaudited) First Quarter Ended June 26, 2021",Income Before Income Taxes,us-gaap:IncomeLossFromContinuingOperationsBeforeIncomeTaxesMinorityInterestAndIncomeLossFromEquityMethodInvestments,reported,
income_statement,us-gaap:IncomeTaxExpenseBenefit,Provision for Income Taxes,1Q22,-0.194,TRNS_SEC-XBRL-financials_as-presented_10-Q_2021-08-03_0001206774-21-001956.xlsx,Income Statement,"(Unaudited) First Quarter Ended June 26, 2021",Benefit from Income Taxes,us-gaap:IncomeTaxExpenseBenefit,reported,
income_statement,us-gaap:NetIncomeLoss,Net Income,1Q22,3.688,TRNS_SEC-XBRL-financials_as-presented_10-Q_2021-08-03_0001206774-21-001956.xlsx,Income Statement,"(Unaudited) First Quarter Ended June 26, 2021",Net Income,us-gaap:NetIncomeLoss,reported,
income_statement,us-gaap:EarningsPerShareBasic,Basic Earnings Per Share,1Q22,0.49,TRNS_SEC-XBRL-financials_as-presented_10-Q_2021-08-03_0001206774-21-001956.xlsx,Income Statement,"(Unaudited) First Quarter Ended June 26, 2021",Basic Earnings Per Share,us-gaap:EarningsPerShareBasic,reported,
income_statement,us-gaap:WeightedAverageNumberOfSharesOutstandingBasic,Average Shares Outstanding,1Q22,7.464,TRNS_SEC-XBRL-financials_as-presented_10-Q_2021-08-03_0001206774-21-001956.xlsx,Income Statement,"(Unaudited) First Quarter Ended June 26, 2021",Average Shares Outstanding,us-gaap:WeightedAverageNumberOfSharesOutstandingBasic,reported,
income_statement,us-gaap:EarningsPerShareDiluted,Diluted Earnings Per Share,1Q22,0.49,TRNS_SEC-XBRL-financials_as-presented_10-Q_2021-08-03_0001206774-21-001956.xlsx,Income Statement,"(Unaudited) First Quarter Ended June 26, 2021",Diluted Earnings Per Share,us-gaap:EarningsPerShareDiluted,reported,
income_statement,us-gaap:WeightedAverageNumberOfDilutedSharesOutstanding,Average Shares Outstanding,1Q22,7.593,TRNS_SEC-XBRL-financials_as-presented_10-Q_2021-08-03_0001206774-21-001956.xlsx,Income Statement,"(Unaudited) First Quarter Ended June 26, 2021",Average Shares Outstanding,us-gaap:WeightedAverageNumberOfDilutedSharesOutstanding,reported,
balance_sheet,us-gaap:Cash,Cash,1Q22,0.254,TRNS_SEC-XBRL-financials_as-presented_10-Q_2021-08-03_0001206774-21-001956.xlsx,Balance Sheet,"(Unaudited) June 26, 2021",Cash,us-gaap:Cash,reported,
balance_sheet,us-gaap:AccountsReceivableNetCurrent,"Accounts Receivable, less allowance for credit losses of $851 and $659",1Q22,33.324,TRNS_SEC-XBRL-financials_as-presented_10-Q_2021-08-03_0001206774-21-001956.xlsx,Balance Sheet,"(Unaudited) June 26, 2021","Accounts Receivable, less allowance for doubtful accounts of $615 and $526 as of June 26, 2021 and March 27, 2021, respectively",us-gaap:AccountsReceivableNetCurrent,reported,
balance_sheet,us-gaap:OtherReceivablesNetCurrent,Other Receivables,1Q22,0.38,TRNS_SEC-XBRL-financials_as-presented_10-Q_2021-08-03_0001206774-21-001956.xlsx,Balance Sheet,"(Unaudited) June 26, 2021",Other Receivables,us-gaap:OtherReceivablesNetCurrent,reported,
balance_sheet,us-gaap:InventoryNet,Inventory,1Q22,11.642,TRNS_SEC-XBRL-financials_as-presented_10-Q_2021-08-03_0001206774-21-001956.xlsx,Balance Sheet,"(Unaudited) June 26, 2021","Inventory, net",us-gaap:InventoryNet,reported,
balance_sheet,us-gaap:PrepaidExpenseAndOtherAssetsCurrent,Prepaid Expenses and Other Current Assets,1Q22,3.139,TRNS_SEC-XBRL-financials_as-presented_10-Q_2021-08-03_0001206774-21-001956.xlsx,Balance Sheet,"(Unaudited) June 26, 2021",Prepaid Expenses and Other Current Assets,us-gaap:PrepaidExpenseAndOtherAssetsCurrent,reported,
balance_sheet,us-gaap:AssetsCurrent,Total Current Assets,1Q22,48.739,TRNS_SEC-XBRL-financials_as-presented_10-Q_2021-08-03_0001206774-21-001956.xlsx,Balance Sheet,"(Unaudited) June 26, 2021",Total Current Assets,us-gaap:AssetsCurrent,reported,
balance_sheet,us-gaap:PropertyPlantAndEquipmentNet,"Property and Equipment, net",1Q22,22.172,TRNS_SEC-XBRL-financials_as-presented_10-Q_2021-08-03_0001206774-21-001956.xlsx,Balance Sheet,"(Unaudited) June 26, 2021","Property and Equipment, net",us-gaap:PropertyPlantAndEquipmentNet,reported,
balance_sheet,us-gaap:Goodwill,Goodwill,1Q22,43.904,TRNS_SEC-XBRL-financials_as-presented_10-Q_2021-08-03_0001206774-21-001956.xlsx,Balance Sheet,"(Unaudited) June 26, 2021",Goodwill,us-gaap:Goodwill,reported,
balance_sheet,us-gaap:IntangibleAssetsNetExcludingGoodwill,"Intangible Assets, net",1Q22,6.901,TRNS_SEC-XBRL-financials_as-presented_10-Q_2021-08-03_0001206774-21-001956.xlsx,Balance Sheet,"(Unaudited) June 26, 2021","Intangible Assets, net",us-gaap:IntangibleAssetsNetExcludingGoodwill,reported,
balance_sheet,us-gaap:OperatingLeaseRightOfUseAsset,"Right to Use Assets, net",1Q22,8.467,TRNS_SEC-XBRL-financials_as-presented_10-Q_2021-08-03_0001206774-21-001956.xlsx,Balance Sheet,"(Unaudited) June 26, 2021","Right To Use Assets, net",us-gaap:OperatingLeaseRightOfUseAsset,reported,
balance_sheet,us-gaap:OtherAssetsNoncurrent,Other Assets,1Q22,0.956,TRNS_SEC-XBRL-financials_as-presented_10-Q_2021-08-03_0001206774-21-001956.xlsx,Balance Sheet,"(Unaudited) June 26, 2021",Other Assets,us-gaap:OtherAssetsNoncurrent,reported,
balance_sheet,us-gaap:Assets,Total Assets,1Q22,131.139,TRNS_SEC-XBRL-financials_as-presented_10-Q_2021-08-03_0001206774-21-001956.xlsx,Balance Sheet,"(Unaudited) June 26, 2021",Total Assets,us-gaap:Assets,reported,
balance_sheet,us-gaap:AccountsPayableCurrent,Accounts Payable,1Q22,11.203,TRNS_SEC-XBRL-financials_as-presented_10-Q_2021-08-03_0001206774-21-001956.xlsx,Balance Sheet,"(Unaudited) June 26, 2021",Accounts Payable,us-gaap:AccountsPayableCurrent,reported,
balance_sheet,us-gaap:EmployeeRelatedLiabilitiesCurrent,Accrued Compensation and Other Current Liabilities,1Q22,7.312,TRNS_SEC-XBRL-financials_as-presented_10-Q_2021-08-03_0001206774-21-001956.xlsx,Balance Sheet,"(Unaudited) June 26, 2021",Accrued Compensation and Other Liabilities,us-gaap:EmployeeRelatedLiabilitiesCurrent,reported,
balance_sheet,us-gaap:LongTermDebtCurrent,Current Portion of Long-Term Debt,1Q22,2.089,TRNS_SEC-XBRL-financials_as-presented_10-Q_2021-08-03_0001206774-21-001956.xlsx,Balance Sheet,"(Unaudited) June 26, 2021",Current Portion of Long-Term Debt,us-gaap:LongTermDebtCurrent,reported,
balance_sheet,us-gaap:LiabilitiesCurrent,Total Current Liabilities,1Q22,20.604,TRNS_SEC-XBRL-financials_as-presented_10-Q_2021-08-03_0001206774-21-001956.xlsx,Balance Sheet,"(Unaudited) June 26, 2021",Total Current Liabilities,us-gaap:LiabilitiesCurrent,reported,
balance_sheet,us-gaap:LongTermDebtNoncurrent,Long-Term Debt,1Q22,20.107,TRNS_SEC-XBRL-financials_as-presented_10-Q_2021-08-03_0001206774-21-001956.xlsx,Balance Sheet,"(Unaudited) June 26, 2021",Long-Term Debt,us-gaap:LongTermDebtNoncurrent,reported,
balance_sheet,us-gaap:DeferredIncomeTaxLiabilitiesNet,"Deferred Tax Liabilities, net",1Q22,3.223,TRNS_SEC-XBRL-financials_as-presented_10-Q_2021-08-03_0001206774-21-001956.xlsx,Balance Sheet,"(Unaudited) June 26, 2021",Deferred Income Tax Liabilities,us-gaap:DeferredIncomeTaxLiabilitiesNet,reported,
balance_sheet,us-gaap:OperatingLeaseLiabilityNoncurrent,Lease Liabilities,1Q22,7.235,TRNS_SEC-XBRL-financials_as-presented_10-Q_2021-08-03_0001206774-21-001956.xlsx,Balance Sheet,"(Unaudited) June 26, 2021",Lease Liabilities,us-gaap:OperatingLeaseLiabilityNoncurrent,reported,
balance_sheet,us-gaap:OtherLiabilitiesNoncurrent,Other Liabilities,1Q22,3.263,TRNS_SEC-XBRL-financials_as-presented_10-Q_2021-08-03_0001206774-21-001956.xlsx,Balance Sheet,"(Unaudited) June 26, 2021",Other Liabilities,us-gaap:OtherLiabilitiesNoncurrent,reported,
balance_sheet,us-gaap:Liabilities,Total Liabilities,1Q22,54.432,TRNS_SEC-XBRL-financials_as-presented_10-Q_2021-08-03_0001206774-21-001956.xlsx,Balance Sheet,"(Unaudited) June 26, 2021",Total Liabilities,us-gaap:Liabilities,reported,
balance_sheet,us-gaap:CommonStockValue,"Common Stock, par value $0.50 per share, 30,000,000 shares authorized; 9,333,953 and 9,315,840 shares issued and outstanding as of March 28, 2026 and March 29, 2025, respectively",1Q22,3.734,TRNS_SEC-XBRL-financials_as-presented_10-Q_2021-08-03_0001206774-21-001956.xlsx,Balance Sheet,"(Unaudited) June 26, 2021","Common Stock, par value $0.50 per share, 30,000,000 shares authorized; 7,468,991 and 7,458,251 shares issued and outstanding as of June 26, 2021 and March 27, 2021, respectively",us-gaap:CommonStockValue,reported,
balance_sheet,us-gaap:AdditionalPaidInCapitalCommonStock,Capital in Excess of Par Value,1Q22,19.632,TRNS_SEC-XBRL-financials_as-presented_10-Q_2021-08-03_0001206774-21-001956.xlsx,Balance Sheet,"(Unaudited) June 26, 2021",Capital in Excess of Par Value,us-gaap:AdditionalPaidInCapitalCommonStock,reported,
balance_sheet,us-gaap:AccumulatedOtherComprehensiveIncomeLossNetOfTax,Accumulated Other Comprehensive Loss,1Q22,-0.269,TRNS_SEC-XBRL-financials_as-presented_10-Q_2021-08-03_0001206774-21-001956.xlsx,Balance Sheet,"(Unaudited) June 26, 2021",Accumulated Other Comprehensive Loss,us-gaap:AccumulatedOtherComprehensiveIncomeLossNetOfTax,reported,
balance_sheet,us-gaap:RetainedEarningsAccumulatedDeficit,Retained Earnings,1Q22,53.61,TRNS_SEC-XBRL-financials_as-presented_10-Q_2021-08-03_0001206774-21-001956.xlsx,Balance Sheet,"(Unaudited) June 26, 2021",Retained Earnings,us-gaap:RetainedEarningsAccumulatedDeficit,reported,
balance_sheet,us-gaap:StockholdersEquity,Total Shareholders' Equity,1Q22,76.707,TRNS_SEC-XBRL-financials_as-presented_10-Q_2021-08-03_0001206774-21-001956.xlsx,Balance Sheet,"(Unaudited) June 26, 2021",Total Shareholders' Equity,us-gaap:StockholdersEquity,reported,
balance_sheet,us-gaap:LiabilitiesAndStockholdersEquity,Total Liabilities and Shareholders' Equity,1Q22,131.139,TRNS_SEC-XBRL-financials_as-presented_10-Q_2021-08-03_0001206774-21-001956.xlsx,Balance Sheet,"(Unaudited) June 26, 2021",Total Liabilities and Shareholders' Equity,us-gaap:LiabilitiesAndStockholdersEquity,reported,
cash_flow,us-gaap:NetIncomeLoss,Net Income,1Q22,3.688,TRNS_SEC-XBRL-financials_as-presented_10-Q_2021-08-03_0001206774-21-001956.xlsx,Cash Flow,"(Unaudited) First Quarter Ended June 26, 2021",Net Income,us-gaap:NetIncomeLoss,reported,
cash_flow,us-gaap:GainLossOnSaleOfPropertyPlantEquipment,Net (Gain) Loss on Disposal of Property and Equipment,1Q22,0.05,TRNS_SEC-XBRL-financials_as-presented_10-Q_2021-08-03_0001206774-21-001956.xlsx,Cash Flow,"(Unaudited) First Quarter Ended June 26, 2021",Net Loss (Gain) on Disposal of Property and Equipment,us-gaap:GainLossOnSaleOfPropertyPlantEquipment,reported,
cash_flow,us-gaap:DeferredIncomeTaxesAndTaxCredits,Deferred Income Taxes,1Q22,0.022,TRNS_SEC-XBRL-financials_as-presented_10-Q_2021-08-03_0001206774-21-001956.xlsx,Cash Flow,"(Unaudited) First Quarter Ended June 26, 2021",Deferred Income Taxes,us-gaap:DeferredIncomeTaxExpenseBenefit,reported,
cash_flow,us-gaap:DepreciationDepletionAndAmortization,Depreciation and Amortization,1Q22,1.99,TRNS_SEC-XBRL-financials_as-presented_10-Q_2021-08-03_0001206774-21-001956.xlsx,Cash Flow,"(Unaudited) First Quarter Ended June 26, 2021",Depreciation and Amortization,us-gaap:DepreciationDepletionAndAmortization,reported,
cash_flow,trns:AccountsReceivableCreditLossExpenseReversalAndInventoryWritedown,Provision for Accounts Receivable and Inventory Reserves,1Q22,0.29,TRNS_SEC-XBRL-financials_as-presented_10-Q_2021-08-03_0001206774-21-001956.xlsx,Cash Flow,"(Unaudited) First Quarter Ended June 26, 2021",Provision for Accounts Receivable and Inventory Reserves,us-gaap:ProvisionForDoubtfulAccounts,reported,
cash_flow,us-gaap:ShareBasedCompensation,Stock-Based Compensation Expense,1Q22,0.437,TRNS_SEC-XBRL-financials_as-presented_10-Q_2021-08-03_0001206774-21-001956.xlsx,Cash Flow,"(Unaudited) First Quarter Ended June 26, 2021",Stock-Based Compensation Expense,us-gaap:ShareBasedCompensation,reported,
cash_flow,us-gaap:IncreaseDecreaseInAccountsAndOtherReceivables,Accounts Receivable and Other Receivables,1Q22,0.805,TRNS_SEC-XBRL-financials_as-presented_10-Q_2021-08-03_0001206774-21-001956.xlsx,Cash Flow,"(Unaudited) First Quarter Ended June 26, 2021",Accounts Receivable and Other Receivables,us-gaap:IncreaseDecreaseInAccountsAndOtherReceivables,reported,
cash_flow,us-gaap:IncreaseDecreaseInInventories,Inventory,1Q22,0.033,TRNS_SEC-XBRL-financials_as-presented_10-Q_2021-08-03_0001206774-21-001956.xlsx,Cash Flow,"(Unaudited) First Quarter Ended June 26, 2021",Inventory,us-gaap:IncreaseDecreaseInInventories,reported,
cash_flow,us-gaap:IncreaseDecreaseInPrepaidDeferredExpenseAndOtherAssets,Prepaid Expenses and Other Current Assets,1Q22,-0.918,TRNS_SEC-XBRL-financials_as-presented_10-Q_2021-08-03_0001206774-21-001956.xlsx,Cash Flow,"(Unaudited) First Quarter Ended June 26, 2021",Prepaid Expenses and Other Assets,us-gaap:IncreaseDecreaseInPrepaidDeferredExpenseAndOtherAssets,reported,
cash_flow,us-gaap:IncreaseDecreaseInAccountsPayable,Accounts Payable,1Q22,-1.073,TRNS_SEC-XBRL-financials_as-presented_10-Q_2021-08-03_0001206774-21-001956.xlsx,Cash Flow,"(Unaudited) First Quarter Ended June 26, 2021",Accounts Payable,us-gaap:IncreaseDecreaseInAccountsPayable,reported,
cash_flow,us-gaap:IncreaseDecreaseInAccruedLiabilitiesAndOtherOperatingLiabilities,Accrued Compensation and Other Current Liabilities,1Q22,-2.88,TRNS_SEC-XBRL-financials_as-presented_10-Q_2021-08-03_0001206774-21-001956.xlsx,Cash Flow,"(Unaudited) First Quarter Ended June 26, 2021",Accrued Compensation and Other Liabilities,us-gaap:IncreaseDecreaseInEmployeeRelatedLiabilities,reported,
cash_flow,us-gaap:IncreaseDecreaseInAccruedIncomeTaxesPayable,Income Taxes Payable,1Q22,-0.389,TRNS_SEC-XBRL-financials_as-presented_10-Q_2021-08-03_0001206774-21-001956.xlsx,Cash Flow,"(Unaudited) First Quarter Ended June 26, 2021",Income Taxes Payable,us-gaap:IncreaseDecreaseInAccruedIncomeTaxesPayable,reported,
cash_flow,us-gaap:NetCashProvidedByUsedInOperatingActivities,Net Cash Provided by Operating Activities,1Q22,2.055,TRNS_SEC-XBRL-financials_as-presented_10-Q_2021-08-03_0001206774-21-001956.xlsx,Cash Flow,"(Unaudited) First Quarter Ended June 26, 2021",Net Cash Provided by Operating Activities,us-gaap:NetCashProvidedByUsedInOperatingActivities,reported,
cash_flow,us-gaap:PaymentsToAcquirePropertyPlantAndEquipment,Purchase of Property and Equipment,1Q22,-1.203,TRNS_SEC-XBRL-financials_as-presented_10-Q_2021-08-03_0001206774-21-001956.xlsx,Cash Flow,"(Unaudited) First Quarter Ended June 26, 2021",Purchases of Property and Equipment,us-gaap:PaymentsToAcquirePropertyPlantAndEquipment,reported,
cash_flow,us-gaap:PaymentsToAcquireBusinessesNetOfCashAcquired,"Business Acquisitions, net of cash acquired",1Q22,-0.931,TRNS_SEC-XBRL-financials_as-presented_10-Q_2021-08-03_0001206774-21-001956.xlsx,Cash Flow,"(Unaudited) First Quarter Ended June 26, 2021","Business Acquisitions, net of cash acquired",us-gaap:PaymentsToAcquireBusinessesNetOfCashAcquired,reported,
cash_flow,us-gaap:NetCashProvidedByUsedInInvestingActivities,Net Cash Used in Investing Activities,1Q22,-2.134,TRNS_SEC-XBRL-financials_as-presented_10-Q_2021-08-03_0001206774-21-001956.xlsx,Cash Flow,"(Unaudited) First Quarter Ended June 26, 2021",Net Cash Used in Investing Activities,us-gaap:NetCashProvidedByUsedInInvestingActivities,reported,
cash_flow,us-gaap:ProceedsFromRepaymentsOfLinesOfCredit,"Proceeds From Revolving Credit Facility, net of lender fees",1Q22,3.243,TRNS_SEC-XBRL-financials_as-presented_10-Q_2021-08-03_0001206774-21-001956.xlsx,Cash Flow,"(Unaudited) First Quarter Ended June 26, 2021","Proceeds from (Repayments of) Revolving Credit Facility, net",us-gaap:ProceedsFromRepaymentsOfLinesOfCredit,reported,
cash_flow,us-gaap:RepaymentsOfLongTermDebt,Repayments of Term Loan,1Q22,-0.608,TRNS_SEC-XBRL-financials_as-presented_10-Q_2021-08-03_0001206774-21-001956.xlsx,Cash Flow,"(Unaudited) First Quarter Ended June 26, 2021",Repayment of Term Loan,us-gaap:RepaymentsOfLongTermDebt,reported,
cash_flow,trns:ProceedsFromIssuanceOfCommonStockNet,"Issuance of Common Stock, net of direct costs",1Q22,0.699,TRNS_SEC-XBRL-financials_as-presented_10-Q_2021-08-03_0001206774-21-001956.xlsx,Cash Flow,"(Unaudited) First Quarter Ended June 26, 2021",Issuance of Common Stock,us-gaap:ProceedsFromIssuanceOfCommonStock,reported,
cash_flow,us-gaap:PaymentsForRepurchaseOfCommonStock,Repurchase of Common Stock,1Q22,-3.377,TRNS_SEC-XBRL-financials_as-presented_10-Q_2021-08-03_0001206774-21-001956.xlsx,Cash Flow,"(Unaudited) First Quarter Ended June 26, 2021",Repurchase of Common Stock,us-gaap:PaymentsForRepurchaseOfCommonStock,reported,
cash_flow,us-gaap:NetCashProvidedByUsedInFinancingActivities,Net Cash Provided by Financing Activities,1Q22,-0.043,TRNS_SEC-XBRL-financials_as-presented_10-Q_2021-08-03_0001206774-21-001956.xlsx,Cash Flow,"(Unaudited) First Quarter Ended June 26, 2021",Net Cash Used in Financing Activities,us-gaap:NetCashProvidedByUsedInFinancingActivities,reported,
cash_flow,us-gaap:EffectOfExchangeRateOnCashCashEquivalentsRestrictedCashAndRestrictedCashEquivalentsIncludingDisposalGroupAndDiscontinuedOperations,Effect of Exchange Rate Changes on Cash,1Q22,-0.184,TRNS_SEC-XBRL-financials_as-presented_10-Q_2021-08-03_0001206774-21-001956.xlsx,Cash Flow,"(Unaudited) First Quarter Ended June 26, 2021",Effect of Exchange Rate Changes on Cash,us-gaap:EffectOfExchangeRateOnCashAndCashEquivalents,reported,
cash_flow,us-gaap:CashCashEquivalentsRestrictedCashAndRestrictedCashEquivalentsPeriodIncreaseDecreaseIncludingExchangeRateEffect,Net (Decrease) Increase in Cash and Cash Equivalents,1Q22,-0.306,TRNS_SEC-XBRL-financials_as-presented_10-Q_2021-08-03_0001206774-21-001956.xlsx,Cash Flow,"(Unaudited) First Quarter Ended June 26, 2021",Net Decrease in Cash,us-gaap:CashCashEquivalentsRestrictedCashAndRestrictedCashEquivalentsPeriodIncreaseDecreaseIncludingExchangeRateEffect,reported,
cash_flow,us-gaap:CashAndCashEquivalentsAtCarryingValue,Cash at Beginning of Period,1Q22,0.56,TRNS_SEC-XBRL-financials_as-presented_10-Q_2021-08-03_0001206774-21-001956.xlsx,Cash Flow,"(Unaudited) First Quarter Ended June 26, 2021",Cash at Beginning of Period,us-gaap:CashAndCashEquivalentsAtCarryingValue,reported,
cash_flow,trns:InterestPaidReceivedExcludingCapitalizedInterestOperatingActivities,"Interest, net",1Q22,0.187,TRNS_SEC-XBRL-financials_as-presented_10-Q_2021-08-03_0001206774-21-001956.xlsx,Cash Flow,"(Unaudited) First Quarter Ended June 26, 2021",Interest,us-gaap:InterestPaidNet,reported,
cash_flow,us-gaap:IncomeTaxesPaidNet,"Income Taxes, net",1Q22,0.25,TRNS_SEC-XBRL-financials_as-presented_10-Q_2021-08-03_0001206774-21-001956.xlsx,Cash Flow,"(Unaudited) First Quarter Ended June 26, 2021","Income Taxes, net",us-gaap:IncomeTaxesPaidNet,reported,
income_statement,us-gaap:Revenues,Service Revenue,2Q22,29.544,TRNS_SEC-XBRL-financials_as-presented_10-Q_2021-11-03_0001206774-21-002699.xlsx,Income Statement,"(Unaudited) Second Quarter Ended September 25, 2021",Service Revenue,us-gaap:Revenues,reported,
income_statement,us-gaap:Revenues,Service Revenue,6M22,57.101,TRNS_SEC-XBRL-financials_as-presented_10-Q_2021-11-03_0001206774-21-002699.xlsx,Income Statement,"(Unaudited) Six Months Ended September 25, 2021",Service Revenue,us-gaap:Revenues,reported,
income_statement,us-gaap:CostOfGoodsAndServicesSold,Cost of Service Revenue,2Q22,19.832,TRNS_SEC-XBRL-financials_as-presented_10-Q_2021-11-03_0001206774-21-002699.xlsx,Income Statement,"(Unaudited) Second Quarter Ended September 25, 2021",Cost of Service Revenue,us-gaap:CostOfGoodsAndServicesSold,reported,
income_statement,us-gaap:CostOfGoodsAndServicesSold,Cost of Service Revenue,6M22,38.637,TRNS_SEC-XBRL-financials_as-presented_10-Q_2021-11-03_0001206774-21-002699.xlsx,Income Statement,"(Unaudited) Six Months Ended September 25, 2021",Cost of Service Revenue,us-gaap:CostOfGoodsAndServicesSold,reported,
income_statement,us-gaap:GrossProfit,Gross Profit,2Q22,14.611,TRNS_SEC-XBRL-financials_as-presented_10-Q_2021-11-03_0001206774-21-002699.xlsx,Income Statement,"(Unaudited) Second Quarter Ended September 25, 2021",Gross Profit,us-gaap:GrossProfit,reported,
income_statement,us-gaap:GrossProfit,Gross Profit,6M22,28.131,TRNS_SEC-XBRL-financials_as-presented_10-Q_2021-11-03_0001206774-21-002699.xlsx,Income Statement,"(Unaudited) Six Months Ended September 25, 2021",Gross Profit,us-gaap:GrossProfit,reported,
income_statement,us-gaap:SellingAndMarketingExpense,"Selling, Marketing and Warehouse Expenses",2Q22,4.974,TRNS_SEC-XBRL-financials_as-presented_10-Q_2021-11-03_0001206774-21-002699.xlsx,Income Statement,"(Unaudited) Second Quarter Ended September 25, 2021","Selling, Marketing and Warehouse Expenses",us-gaap:SellingAndMarketingExpense,reported,
income_statement,us-gaap:SellingAndMarketingExpense,"Selling, Marketing and Warehouse Expenses",6M22,9.971,TRNS_SEC-XBRL-financials_as-presented_10-Q_2021-11-03_0001206774-21-002699.xlsx,Income Statement,"(Unaudited) Six Months Ended September 25, 2021","Selling, Marketing and Warehouse Expenses",us-gaap:SellingAndMarketingExpense,reported,
income_statement,us-gaap:GeneralAndAdministrativeExpense,General and Administrative Expenses,2Q22,6.059,TRNS_SEC-XBRL-financials_as-presented_10-Q_2021-11-03_0001206774-21-002699.xlsx,Income Statement,"(Unaudited) Second Quarter Ended September 25, 2021",General and Administrative Expenses,us-gaap:GeneralAndAdministrativeExpense,reported,
income_statement,us-gaap:GeneralAndAdministrativeExpense,General and Administrative Expenses,6M22,10.893,TRNS_SEC-XBRL-financials_as-presented_10-Q_2021-11-03_0001206774-21-002699.xlsx,Income Statement,"(Unaudited) Six Months Ended September 25, 2021",General and Administrative Expenses,us-gaap:GeneralAndAdministrativeExpense,reported,
income_statement,us-gaap:OperatingExpenses,Total Operating Expenses,2Q22,11.033,TRNS_SEC-XBRL-financials_as-presented_10-Q_2021-11-03_0001206774-21-002699.xlsx,Income Statement,"(Unaudited) Second Quarter Ended September 25, 2021",Total Operating Expenses,us-gaap:OperatingExpenses,reported,
income_statement,us-gaap:OperatingExpenses,Total Operating Expenses,6M22,20.864,TRNS_SEC-XBRL-financials_as-presented_10-Q_2021-11-03_0001206774-21-002699.xlsx,Income Statement,"(Unaudited) Six Months Ended September 25, 2021",Total Operating Expenses,us-gaap:OperatingExpenses,reported,
income_statement,us-gaap:OperatingIncomeLoss,Operating Income,2Q22,3.578,TRNS_SEC-XBRL-financials_as-presented_10-Q_2021-11-03_0001206774-21-002699.xlsx,Income Statement,"(Unaudited) Second Quarter Ended September 25, 2021",Operating Income,us-gaap:OperatingIncomeLoss,reported,
income_statement,us-gaap:OperatingIncomeLoss,Operating Income,6M22,7.267,TRNS_SEC-XBRL-financials_as-presented_10-Q_2021-11-03_0001206774-21-002699.xlsx,Income Statement,"(Unaudited) Six Months Ended September 25, 2021",Operating Income,us-gaap:OperatingIncomeLoss,reported,
income_statement,us-gaap:NonoperatingIncomeExpense,"Total Interest and Other (Income)/Expense, net",2Q22,0.25,TRNS_SEC-XBRL-financials_as-presented_10-Q_2021-11-03_0001206774-21-002699.xlsx,Income Statement,"(Unaudited) Second Quarter Ended September 25, 2021","Interest and Other Expense, net",us-gaap:NonoperatingIncomeExpense,reported,
income_statement,us-gaap:NonoperatingIncomeExpense,"Total Interest and Other (Income)/Expense, net",6M22,0.445,TRNS_SEC-XBRL-financials_as-presented_10-Q_2021-11-03_0001206774-21-002699.xlsx,Income Statement,"(Unaudited) Six Months Ended September 25, 2021","Interest and Other Expense, net",us-gaap:NonoperatingIncomeExpense,reported,
income_statement,us-gaap:IncomeLossFromContinuingOperationsBeforeIncomeTaxesExtraordinaryItemsNoncontrollingInterest,Income Before Provision for Income Taxes,2Q22,3.328,TRNS_SEC-XBRL-financials_as-presented_10-Q_2021-11-03_0001206774-21-002699.xlsx,Income Statement,"(Unaudited) Second Quarter Ended September 25, 2021",Income Before Income Taxes,us-gaap:IncomeLossFromContinuingOperationsBeforeIncomeTaxesExtraordinaryItemsNoncontrollingInterest,reported,
income_statement,us-gaap:IncomeLossFromContinuingOperationsBeforeIncomeTaxesExtraordinaryItemsNoncontrollingInterest,Income Before Provision for Income Taxes,6M22,6.822,TRNS_SEC-XBRL-financials_as-presented_10-Q_2021-11-03_0001206774-21-002699.xlsx,Income Statement,"(Unaudited) Six Months Ended September 25, 2021",Income Before Income Taxes,us-gaap:IncomeLossFromContinuingOperationsBeforeIncomeTaxesExtraordinaryItemsNoncontrollingInterest,reported,
income_statement,us-gaap:IncomeTaxExpenseBenefit,Provision for Income Taxes,2Q22,0.313,TRNS_SEC-XBRL-financials_as-presented_10-Q_2021-11-03_0001206774-21-002699.xlsx,Income Statement,"(Unaudited) Second Quarter Ended September 25, 2021",Provision for Income Taxes,us-gaap:IncomeTaxExpenseBenefit,reported,
income_statement,us-gaap:IncomeTaxExpenseBenefit,Provision for Income Taxes,6M22,0.119,TRNS_SEC-XBRL-financials_as-presented_10-Q_2021-11-03_0001206774-21-002699.xlsx,Income Statement,"(Unaudited) Six Months Ended September 25, 2021",Provision for Income Taxes,us-gaap:IncomeTaxExpenseBenefit,reported,
income_statement,us-gaap:NetIncomeLoss,Net Income,2Q22,3.015,TRNS_SEC-XBRL-financials_as-presented_10-Q_2021-11-03_0001206774-21-002699.xlsx,Income Statement,"(Unaudited) Second Quarter Ended September 25, 2021",Net Income,us-gaap:NetIncomeLoss,reported,
income_statement,us-gaap:NetIncomeLoss,Net Income,6M22,6.703,TRNS_SEC-XBRL-financials_as-presented_10-Q_2021-11-03_0001206774-21-002699.xlsx,Income Statement,"(Unaudited) Six Months Ended September 25, 2021",Net Income,us-gaap:NetIncomeLoss,reported,
income_statement,us-gaap:EarningsPerShareBasic,Basic Earnings Per Share,2Q22,0.4,TRNS_SEC-XBRL-financials_as-presented_10-Q_2021-11-03_0001206774-21-002699.xlsx,Income Statement,"(Unaudited) Second Quarter Ended September 25, 2021",Basic Earnings Per Share,us-gaap:EarningsPerShareBasic,reported,
income_statement,us-gaap:EarningsPerShareBasic,Basic Earnings Per Share,6M22,0.9,TRNS_SEC-XBRL-financials_as-presented_10-Q_2021-11-03_0001206774-21-002699.xlsx,Income Statement,"(Unaudited) Six Months Ended September 25, 2021",Basic Earnings Per Share,us-gaap:EarningsPerShareBasic,reported,
income_statement,us-gaap:WeightedAverageNumberOfSharesOutstandingBasic,Average Shares Outstanding,2Q22,7.482,TRNS_SEC-XBRL-financials_as-presented_10-Q_2021-11-03_0001206774-21-002699.xlsx,Income Statement,"(Unaudited) Second Quarter Ended September 25, 2021",Average Shares Outstanding,us-gaap:WeightedAverageNumberOfSharesOutstandingBasic,reported,
income_statement,us-gaap:WeightedAverageNumberOfSharesOutstandingBasic,Average Shares Outstanding,6M22,7.473,TRNS_SEC-XBRL-financials_as-presented_10-Q_2021-11-03_0001206774-21-002699.xlsx,Income Statement,"(Unaudited) Six Months Ended September 25, 2021",Average Shares Outstanding,us-gaap:WeightedAverageNumberOfSharesOutstandingBasic,reported,
income_statement,us-gaap:EarningsPerShareDiluted,Diluted Earnings Per Share,2Q22,0.4,TRNS_SEC-XBRL-financials_as-presented_10-Q_2021-11-03_0001206774-21-002699.xlsx,Income Statement,"(Unaudited) Second Quarter Ended September 25, 2021",Diluted Earnings Per Share,us-gaap:EarningsPerShareDiluted,reported,
income_statement,us-gaap:EarningsPerShareDiluted,Diluted Earnings Per Share,6M22,0.88,TRNS_SEC-XBRL-financials_as-presented_10-Q_2021-11-03_0001206774-21-002699.xlsx,Income Statement,"(Unaudited) Six Months Ended September 25, 2021",Diluted Earnings Per Share,us-gaap:EarningsPerShareDiluted,reported,
income_statement,us-gaap:WeightedAverageNumberOfDilutedSharesOutstanding,Average Shares Outstanding,2Q22,7.595,TRNS_SEC-XBRL-financials_as-presented_10-Q_2021-11-03_0001206774-21-002699.xlsx,Income Statement,"(Unaudited) Second Quarter Ended September 25, 2021",Average Shares Outstanding,us-gaap:WeightedAverageNumberOfDilutedSharesOutstanding,reported,
income_statement,us-gaap:WeightedAverageNumberOfDilutedSharesOutstanding,Average Shares Outstanding,6M22,7.578,TRNS_SEC-XBRL-financials_as-presented_10-Q_2021-11-03_0001206774-21-002699.xlsx,Income Statement,"(Unaudited) Six Months Ended September 25, 2021",Average Shares Outstanding,us-gaap:WeightedAverageNumberOfDilutedSharesOutstanding,reported,
balance_sheet,us-gaap:Cash,Cash,2Q22,2.551,TRNS_SEC-XBRL-financials_as-presented_10-Q_2021-11-03_0001206774-21-002699.xlsx,Balance Sheet,"(Unaudited) September 25, 2021",Cash,us-gaap:Cash,reported,
balance_sheet,us-gaap:AccountsReceivableNetCurrent,"Accounts Receivable, less allowance for credit losses of $851 and $659",2Q22,36.464,TRNS_SEC-XBRL-financials_as-presented_10-Q_2021-11-03_0001206774-21-002699.xlsx,Balance Sheet,"(Unaudited) September 25, 2021","Accounts Receivable, less allowance for doubtful accounts of $698 and $526 as of September 25, 2021 and March 27, 2021, respectively",us-gaap:AccountsReceivableNetCurrent,reported,
balance_sheet,us-gaap:OtherReceivablesNetCurrent,Other Receivables,2Q22,0.448,TRNS_SEC-XBRL-financials_as-presented_10-Q_2021-11-03_0001206774-21-002699.xlsx,Balance Sheet,"(Unaudited) September 25, 2021",Other Receivables,us-gaap:OtherReceivablesNetCurrent,reported,
balance_sheet,us-gaap:InventoryNet,Inventory,2Q22,10.205,TRNS_SEC-XBRL-financials_as-presented_10-Q_2021-11-03_0001206774-21-002699.xlsx,Balance Sheet,"(Unaudited) September 25, 2021","Inventory, net",us-gaap:InventoryNet,reported,
balance_sheet,us-gaap:PrepaidExpenseAndOtherAssetsCurrent,Prepaid Expenses and Other Current Assets,2Q22,4.105,TRNS_SEC-XBRL-financials_as-presented_10-Q_2021-11-03_0001206774-21-002699.xlsx,Balance Sheet,"(Unaudited) September 25, 2021",Prepaid Expenses and Other Current Assets,us-gaap:PrepaidExpenseAndOtherAssetsCurrent,reported,
balance_sheet,us-gaap:AssetsCurrent,Total Current Assets,2Q22,53.773,TRNS_SEC-XBRL-financials_as-presented_10-Q_2021-11-03_0001206774-21-002699.xlsx,Balance Sheet,"(Unaudited) September 25, 2021",Total Current Assets,us-gaap:AssetsCurrent,reported,
balance_sheet,us-gaap:PropertyPlantAndEquipmentNet,"Property and Equipment, net",2Q22,23.034,TRNS_SEC-XBRL-financials_as-presented_10-Q_2021-11-03_0001206774-21-002699.xlsx,Balance Sheet,"(Unaudited) September 25, 2021","Property and Equipment, net",us-gaap:PropertyPlantAndEquipmentNet,reported,
balance_sheet,us-gaap:Goodwill,Goodwill,2Q22,59.441,TRNS_SEC-XBRL-financials_as-presented_10-Q_2021-11-03_0001206774-21-002699.xlsx,Balance Sheet,"(Unaudited) September 25, 2021",Goodwill,us-gaap:Goodwill,reported,
balance_sheet,us-gaap:IntangibleAssetsNetExcludingGoodwill,"Intangible Assets, net",2Q22,12.753,TRNS_SEC-XBRL-financials_as-presented_10-Q_2021-11-03_0001206774-21-002699.xlsx,Balance Sheet,"(Unaudited) September 25, 2021","Intangible Assets, net",us-gaap:IntangibleAssetsNetExcludingGoodwill,reported,
balance_sheet,us-gaap:OperatingLeaseRightOfUseAsset,"Right to Use Assets, net",2Q22,8.393,TRNS_SEC-XBRL-financials_as-presented_10-Q_2021-11-03_0001206774-21-002699.xlsx,Balance Sheet,"(Unaudited) September 25, 2021","Right To Use Asset, net",us-gaap:OperatingLeaseRightOfUseAsset,reported,
balance_sheet,us-gaap:OtherAssetsNoncurrent,Other Assets,2Q22,0.919,TRNS_SEC-XBRL-financials_as-presented_10-Q_2021-11-03_0001206774-21-002699.xlsx,Balance Sheet,"(Unaudited) September 25, 2021",Other Assets,us-gaap:OtherAssetsNoncurrent,reported,
balance_sheet,us-gaap:Assets,Total Assets,2Q22,158.313,TRNS_SEC-XBRL-financials_as-presented_10-Q_2021-11-03_0001206774-21-002699.xlsx,Balance Sheet,"(Unaudited) September 25, 2021",Total Assets,us-gaap:Assets,reported,
balance_sheet,us-gaap:AccountsPayableCurrent,Accounts Payable,2Q22,10.983,TRNS_SEC-XBRL-financials_as-presented_10-Q_2021-11-03_0001206774-21-002699.xlsx,Balance Sheet,"(Unaudited) September 25, 2021",Accounts Payable,us-gaap:AccountsPayableCurrent,reported,
balance_sheet,us-gaap:EmployeeRelatedLiabilitiesCurrent,Accrued Compensation and Other Current Liabilities,2Q22,8.455,TRNS_SEC-XBRL-financials_as-presented_10-Q_2021-11-03_0001206774-21-002699.xlsx,Balance Sheet,"(Unaudited) September 25, 2021",Accrued Compensation and Other Liabilities,us-gaap:EmployeeRelatedLiabilitiesCurrent,reported,
balance_sheet,us-gaap:LongTermDebtCurrent,Current Portion of Long-Term Debt,2Q22,2.134,TRNS_SEC-XBRL-financials_as-presented_10-Q_2021-11-03_0001206774-21-002699.xlsx,Balance Sheet,"(Unaudited) September 25, 2021",Current Portion of Long-Term Debt,us-gaap:LongTermDebtCurrent,reported,
balance_sheet,us-gaap:LiabilitiesCurrent,Total Current Liabilities,2Q22,21.572,TRNS_SEC-XBRL-financials_as-presented_10-Q_2021-11-03_0001206774-21-002699.xlsx,Balance Sheet,"(Unaudited) September 25, 2021",Total Current Liabilities,us-gaap:LiabilitiesCurrent,reported,
balance_sheet,us-gaap:LongTermDebtNoncurrent,Long-Term Debt,2Q22,40.917,TRNS_SEC-XBRL-financials_as-presented_10-Q_2021-11-03_0001206774-21-002699.xlsx,Balance Sheet,"(Unaudited) September 25, 2021",Long-Term Debt,us-gaap:LongTermDebtNoncurrent,reported,
balance_sheet,us-gaap:DeferredIncomeTaxLiabilitiesNet,"Deferred Tax Liabilities, net",2Q22,4.914,TRNS_SEC-XBRL-financials_as-presented_10-Q_2021-11-03_0001206774-21-002699.xlsx,Balance Sheet,"(Unaudited) September 25, 2021",Deferred Tax Liabilities,us-gaap:DeferredIncomeTaxLiabilitiesNet,reported,
balance_sheet,us-gaap:OperatingLeaseLiabilityNoncurrent,Lease Liabilities,2Q22,6.705,TRNS_SEC-XBRL-financials_as-presented_10-Q_2021-11-03_0001206774-21-002699.xlsx,Balance Sheet,"(Unaudited) September 25, 2021",Lease Liabilities,us-gaap:OperatingLeaseLiabilityNoncurrent,reported,
balance_sheet,us-gaap:OtherLiabilitiesNoncurrent,Other Liabilities,2Q22,3.461,TRNS_SEC-XBRL-financials_as-presented_10-Q_2021-11-03_0001206774-21-002699.xlsx,Balance Sheet,"(Unaudited) September 25, 2021",Other Liabilities,us-gaap:OtherLiabilitiesNoncurrent,reported,
balance_sheet,us-gaap:Liabilities,Total Liabilities,2Q22,77.569,TRNS_SEC-XBRL-financials_as-presented_10-Q_2021-11-03_0001206774-21-002699.xlsx,Balance Sheet,"(Unaudited) September 25, 2021",Total Liabilities,us-gaap:Liabilities,reported,
balance_sheet,us-gaap:CommonStockValue,"Common Stock, par value $0.50 per share, 30,000,000 shares authorized; 9,333,953 and 9,315,840 shares issued and outstanding as of March 28, 2026 and March 29, 2025, respectively",2Q22,3.759,TRNS_SEC-XBRL-financials_as-presented_10-Q_2021-11-03_0001206774-21-002699.xlsx,Balance Sheet,"(Unaudited) September 25, 2021","Common Stock, par value $0.50 per share, 30,000,000 shares authorized; 7,518,159 and 7,458,251 shares issued and outstanding as of September 25, 2021 and March 27, 2021, respectively",us-gaap:CommonStockValue,reported,
balance_sheet,us-gaap:AdditionalPaidInCapitalCommonStock,Capital in Excess of Par Value,2Q22,22.713,TRNS_SEC-XBRL-financials_as-presented_10-Q_2021-11-03_0001206774-21-002699.xlsx,Balance Sheet,"(Unaudited) September 25, 2021",Capital in Excess of Par Value,us-gaap:AdditionalPaidInCapitalCommonStock,reported,
balance_sheet,us-gaap:AccumulatedOtherComprehensiveIncomeLossNetOfTax,Accumulated Other Comprehensive Loss,2Q22,-0.502,TRNS_SEC-XBRL-financials_as-presented_10-Q_2021-11-03_0001206774-21-002699.xlsx,Balance Sheet,"(Unaudited) September 25, 2021",Accumulated Other Comprehensive Loss,us-gaap:AccumulatedOtherComprehensiveIncomeLossNetOfTax,reported,
balance_sheet,us-gaap:RetainedEarningsAccumulatedDeficit,Retained Earnings,2Q22,54.774,TRNS_SEC-XBRL-financials_as-presented_10-Q_2021-11-03_0001206774-21-002699.xlsx,Balance Sheet,"(Unaudited) September 25, 2021",Retained Earnings,us-gaap:RetainedEarningsAccumulatedDeficit,reported,
balance_sheet,us-gaap:StockholdersEquity,Total Shareholders' Equity,2Q22,80.744,TRNS_SEC-XBRL-financials_as-presented_10-Q_2021-11-03_0001206774-21-002699.xlsx,Balance Sheet,"(Unaudited) September 25, 2021",Total Shareholders' Equity,us-gaap:StockholdersEquity,reported,
balance_sheet,us-gaap:LiabilitiesAndStockholdersEquity,Total Liabilities and Shareholders' Equity,2Q22,158.313,TRNS_SEC-XBRL-financials_as-presented_10-Q_2021-11-03_0001206774-21-002699.xlsx,Balance Sheet,"(Unaudited) September 25, 2021",Total Liabilities and Shareholders' Equity,us-gaap:LiabilitiesAndStockholdersEquity,reported,
cash_flow,us-gaap:NetIncomeLoss,Net Income,6M22,6.703,TRNS_SEC-XBRL-financials_as-presented_10-Q_2021-11-03_0001206774-21-002699.xlsx,Cash Flow,"(Unaudited) Six Months Ended September 25, 2021",Net Income,us-gaap:NetIncomeLoss,reported,
cash_flow,us-gaap:GainLossOnSaleOfPropertyPlantEquipment,Net (Gain) Loss on Disposal of Property and Equipment,6M22,0.084,TRNS_SEC-XBRL-financials_as-presented_10-Q_2021-11-03_0001206774-21-002699.xlsx,Cash Flow,"(Unaudited) Six Months Ended September 25, 2021",Net Loss on Disposal of Property and Equipment,us-gaap:GainLossOnSaleOfPropertyPlantEquipment,reported,
cash_flow,us-gaap:DeferredIncomeTaxesAndTaxCredits,Deferred Income Taxes,6M22,0.007,TRNS_SEC-XBRL-financials_as-presented_10-Q_2021-11-03_0001206774-21-002699.xlsx,Cash Flow,"(Unaudited) Six Months Ended September 25, 2021",Deferred Income Taxes,us-gaap:DeferredIncomeTaxExpenseBenefit,reported,
cash_flow,us-gaap:DepreciationDepletionAndAmortization,Depreciation and Amortization,6M22,4.131,TRNS_SEC-XBRL-financials_as-presented_10-Q_2021-11-03_0001206774-21-002699.xlsx,Cash Flow,"(Unaudited) Six Months Ended September 25, 2021",Depreciation and Amortization,us-gaap:DepreciationDepletionAndAmortization,reported,
cash_flow,trns:AccountsReceivableCreditLossExpenseReversalAndInventoryWritedown,Provision for Accounts Receivable and Inventory Reserves,6M22,0.499,TRNS_SEC-XBRL-financials_as-presented_10-Q_2021-11-03_0001206774-21-002699.xlsx,Cash Flow,"(Unaudited) Six Months Ended September 25, 2021",Provision for Accounts Receivable and Inventory Reserves,us-gaap:ProvisionForDoubtfulAccounts,reported,
cash_flow,us-gaap:ShareBasedCompensation,Stock-Based Compensation Expense,6M22,1.057,TRNS_SEC-XBRL-financials_as-presented_10-Q_2021-11-03_0001206774-21-002699.xlsx,Cash Flow,"(Unaudited) Six Months Ended September 25, 2021",Stock-Based Compensation Expense,us-gaap:ShareBasedCompensation,reported,
cash_flow,us-gaap:IncreaseDecreaseInAccountsAndOtherReceivables,Accounts Receivable and Other Receivables,6M22,-0.374,TRNS_SEC-XBRL-financials_as-presented_10-Q_2021-11-03_0001206774-21-002699.xlsx,Cash Flow,"(Unaudited) Six Months Ended September 25, 2021",Accounts Receivable and Other Receivables,us-gaap:IncreaseDecreaseInAccountsAndOtherReceivables,reported,
cash_flow,us-gaap:IncreaseDecreaseInInventories,Inventory,6M22,1.739,TRNS_SEC-XBRL-financials_as-presented_10-Q_2021-11-03_0001206774-21-002699.xlsx,Cash Flow,"(Unaudited) Six Months Ended September 25, 2021",Inventory,us-gaap:IncreaseDecreaseInInventories,reported,
cash_flow,us-gaap:IncreaseDecreaseInPrepaidDeferredExpenseAndOtherAssets,Prepaid Expenses and Other Current Assets,6M22,-1.847,TRNS_SEC-XBRL-financials_as-presented_10-Q_2021-11-03_0001206774-21-002699.xlsx,Cash Flow,"(Unaudited) Six Months Ended September 25, 2021",Prepaid Expenses and Other Assets,us-gaap:IncreaseDecreaseInPrepaidDeferredExpenseAndOtherAssets,reported,
cash_flow,us-gaap:IncreaseDecreaseInAccountsPayable,Accounts Payable,6M22,-1.293,TRNS_SEC-XBRL-financials_as-presented_10-Q_2021-11-03_0001206774-21-002699.xlsx,Cash Flow,"(Unaudited) Six Months Ended September 25, 2021",Accounts Payable,us-gaap:IncreaseDecreaseInAccountsPayable,reported,
cash_flow,us-gaap:IncreaseDecreaseInAccruedLiabilitiesAndOtherOperatingLiabilities,Accrued Compensation and Other Current Liabilities,6M22,-2.812,TRNS_SEC-XBRL-financials_as-presented_10-Q_2021-11-03_0001206774-21-002699.xlsx,Cash Flow,"(Unaudited) Six Months Ended September 25, 2021",Accrued Compensation and Other Liabilities,us-gaap:IncreaseDecreaseInEmployeeRelatedLiabilities,reported,
cash_flow,us-gaap:IncreaseDecreaseInAccruedIncomeTaxesPayable,Income Taxes Payable,6M22,-0.392,TRNS_SEC-XBRL-financials_as-presented_10-Q_2021-11-03_0001206774-21-002699.xlsx,Cash Flow,"(Unaudited) Six Months Ended September 25, 2021",Income Taxes Payable,us-gaap:IncreaseDecreaseInAccruedIncomeTaxesPayable,reported,
cash_flow,us-gaap:NetCashProvidedByUsedInOperatingActivities,Net Cash Provided by Operating Activities,6M22,7.502,TRNS_SEC-XBRL-financials_as-presented_10-Q_2021-11-03_0001206774-21-002699.xlsx,Cash Flow,"(Unaudited) Six Months Ended September 25, 2021",Net Cash Provided by Operating Activities,us-gaap:NetCashProvidedByUsedInOperatingActivities,reported,
cash_flow,us-gaap:PaymentsToAcquirePropertyPlantAndEquipment,Purchase of Property and Equipment,6M22,-3.77,TRNS_SEC-XBRL-financials_as-presented_10-Q_2021-11-03_0001206774-21-002699.xlsx,Cash Flow,"(Unaudited) Six Months Ended September 25, 2021",Purchases of Property and Equipment,us-gaap:PaymentsToAcquirePropertyPlantAndEquipment,reported,
cash_flow,us-gaap:PaymentsToAcquireBusinessesNetOfCashAcquired,"Business Acquisitions, net of cash acquired",6M22,-20.91,TRNS_SEC-XBRL-financials_as-presented_10-Q_2021-11-03_0001206774-21-002699.xlsx,Cash Flow,"(Unaudited) Six Months Ended September 25, 2021","Business Acquisitions, net of cash acquired",us-gaap:PaymentsToAcquireBusinessesNetOfCashAcquired,reported,
cash_flow,us-gaap:NetCashProvidedByUsedInInvestingActivities,Net Cash Used in Investing Activities,6M22,-24.68,TRNS_SEC-XBRL-financials_as-presented_10-Q_2021-11-03_0001206774-21-002699.xlsx,Cash Flow,"(Unaudited) Six Months Ended September 25, 2021",Net Cash Used in Investing Activities,us-gaap:NetCashProvidedByUsedInInvestingActivities,reported,
cash_flow,us-gaap:ProceedsFromRepaymentsOfLinesOfCredit,"Proceeds From Revolving Credit Facility, net of lender fees",6M22,24.511,TRNS_SEC-XBRL-financials_as-presented_10-Q_2021-11-03_0001206774-21-002699.xlsx,Cash Flow,"(Unaudited) Six Months Ended September 25, 2021","Proceeds from (Repayment of) Revolving Credit Facility, net",us-gaap:ProceedsFromRepaymentsOfLinesOfCredit,reported,
cash_flow,us-gaap:RepaymentsOfLongTermDebt,Repayments of Term Loan,6M22,-1.021,TRNS_SEC-XBRL-financials_as-presented_10-Q_2021-11-03_0001206774-21-002699.xlsx,Cash Flow,"(Unaudited) Six Months Ended September 25, 2021",Repayment of Term Loan,us-gaap:RepaymentsOfLongTermDebt,reported,
cash_flow,trns:ProceedsFromIssuanceOfCommonStockNet,"Issuance of Common Stock, net of direct costs",6M22,1.238,TRNS_SEC-XBRL-financials_as-presented_10-Q_2021-11-03_0001206774-21-002699.xlsx,Cash Flow,"(Unaudited) Six Months Ended September 25, 2021",Issuance of Common Stock,us-gaap:ProceedsFromIssuanceOfCommonStock,reported,
cash_flow,us-gaap:PaymentsForRepurchaseOfCommonStock,Repurchase of Common Stock,6M22,-5.649,TRNS_SEC-XBRL-financials_as-presented_10-Q_2021-11-03_0001206774-21-002699.xlsx,Cash Flow,"(Unaudited) Six Months Ended September 25, 2021",Repurchase of Common Stock,us-gaap:PaymentsForRepurchaseOfCommonStock,reported,
cash_flow,us-gaap:NetCashProvidedByUsedInFinancingActivities,Net Cash Provided by Financing Activities,6M22,19.079,TRNS_SEC-XBRL-financials_as-presented_10-Q_2021-11-03_0001206774-21-002699.xlsx,Cash Flow,"(Unaudited) Six Months Ended September 25, 2021",Net Cash Provided by (Used in) Financing Activities,us-gaap:NetCashProvidedByUsedInFinancingActivities,reported,
cash_flow,us-gaap:EffectOfExchangeRateOnCashCashEquivalentsRestrictedCashAndRestrictedCashEquivalentsIncludingDisposalGroupAndDiscontinuedOperations,Effect of Exchange Rate Changes on Cash,6M22,0.09,TRNS_SEC-XBRL-financials_as-presented_10-Q_2021-11-03_0001206774-21-002699.xlsx,Cash Flow,"(Unaudited) Six Months Ended September 25, 2021",Effect of Exchange Rate Changes on Cash,us-gaap:EffectOfExchangeRateOnCashAndCashEquivalents,reported,
cash_flow,us-gaap:CashCashEquivalentsRestrictedCashAndRestrictedCashEquivalentsPeriodIncreaseDecreaseIncludingExchangeRateEffect,Net (Decrease) Increase in Cash and Cash Equivalents,6M22,1.991,TRNS_SEC-XBRL-financials_as-presented_10-Q_2021-11-03_0001206774-21-002699.xlsx,Cash Flow,"(Unaudited) Six Months Ended September 25, 2021",Net Increase in Cash,us-gaap:CashCashEquivalentsRestrictedCashAndRestrictedCashEquivalentsPeriodIncreaseDecreaseIncludingExchangeRateEffect,reported,
cash_flow,us-gaap:CashAndCashEquivalentsAtCarryingValue,Cash at Beginning of Period,6M22,0.56,TRNS_SEC-XBRL-financials_as-presented_10-Q_2021-11-03_0001206774-21-002699.xlsx,Cash Flow,"(Unaudited) Six Months Ended September 25, 2021",Cash at Beginning of Period,us-gaap:CashAndCashEquivalentsAtCarryingValue,reported,
cash_flow,trns:InterestPaidReceivedExcludingCapitalizedInterestOperatingActivities,"Interest, net",6M22,0.357,TRNS_SEC-XBRL-financials_as-presented_10-Q_2021-11-03_0001206774-21-002699.xlsx,Cash Flow,"(Unaudited) Six Months Ended September 25, 2021",Interest,us-gaap:InterestPaidNet,reported,
cash_flow,us-gaap:IncomeTaxesPaidNet,"Income Taxes, net",6M22,1.531,TRNS_SEC-XBRL-financials_as-presented_10-Q_2021-11-03_0001206774-21-002699.xlsx,Cash Flow,"(Unaudited) Six Months Ended September 25, 2021","Income Taxes, net",us-gaap:IncomeTaxesPaidNet,reported,
cash_flow,us-gaap:StockIssued1,Common stock issued for acquisitions,6M22,2.368,TRNS_SEC-XBRL-financials_as-presented_10-Q_2021-11-03_0001206774-21-002699.xlsx,Cash Flow,"(Unaudited) Six Months Ended September 25, 2021",Common stock issued for NEXA acquisition,us-gaap:StockIssued1,reported,
cash_flow,us-gaap:NoncashOrPartNoncashAcquisitionValueOfAssetsAcquired1,"Fair value of assets acquired, net of cash acquired",6M22,24.885,TRNS_SEC-XBRL-financials_as-presented_10-Q_2021-11-03_0001206774-21-002699.xlsx,Cash Flow,"(Unaudited) Six Months Ended September 25, 2021","Fair value of assets acquired, net of cash acquired",us-gaap:NoncashOrPartNoncashAcquisitionValueOfAssetsAcquired1,reported,
cash_flow,us-gaap:NoncashOrPartNoncashAcquisitionValueOfLiabilitiesAssumed1,Fair value of liabilities assumed,6M22,2.159,TRNS_SEC-XBRL-financials_as-presented_10-Q_2021-11-03_0001206774-21-002699.xlsx,Cash Flow,"(Unaudited) Six Months Ended September 25, 2021",Fair value of liabilities assumed,us-gaap:NoncashOrPartNoncashAcquisitionValueOfLiabilitiesAssumed1,reported,
cash_flow,trns:AccruedContingentConsiderationRelatedToAcquisition,Accrued contingent consideration related to NEXA acquisition,6M22,0.153,TRNS_SEC-XBRL-financials_as-presented_10-Q_2021-11-03_0001206774-21-002699.xlsx,Cash Flow,"(Unaudited) Six Months Ended September 25, 2021",Accrued contingent consideration related to NEXA acquisition,trns:AccruedContingentConsiderationRelatedToAcquisition,reported,
cash_flow,trns:AccruedEstimatedWorkingCapitalAdjustmentRelatedToAcquisition,Accrued estimated working capital adjustment related to NEXA acquisition,6M22,0.226,TRNS_SEC-XBRL-financials_as-presented_10-Q_2021-11-03_0001206774-21-002699.xlsx,Cash Flow,"(Unaudited) Six Months Ended September 25, 2021",Accrued estimated working capital adjustment related to NEXA acquisition,trns:AccruedEstimatedWorkingCapitalAdjustmentRelatedToAcquisition,reported,
income_statement,us-gaap:Revenues,Service Revenue,3Q22,30.237,TRNS_SEC-XBRL-financials_as-presented_10-Q_2022-02-02_0001206774-22-000295.xlsx,Income Statement,"(Unaudited) Third Quarter Ended December 25, 2021",Service Revenue,us-gaap:Revenues,reported,
income_statement,us-gaap:Revenues,Service Revenue,9M22,87.338,TRNS_SEC-XBRL-financials_as-presented_10-Q_2022-02-02_0001206774-22-000295.xlsx,Income Statement,"(Unaudited) Nine Months Ended December 25, 2021",Service Revenue,us-gaap:Revenues,reported,
income_statement,us-gaap:CostOfGoodsAndServicesSold,Cost of Service Revenue,3Q22,21.254,TRNS_SEC-XBRL-financials_as-presented_10-Q_2022-02-02_0001206774-22-000295.xlsx,Income Statement,"(Unaudited) Third Quarter Ended December 25, 2021",Cost of Service Revenue,us-gaap:CostOfGoodsAndServicesSold,reported,
income_statement,us-gaap:CostOfGoodsAndServicesSold,Cost of Service Revenue,9M22,59.891,TRNS_SEC-XBRL-financials_as-presented_10-Q_2022-02-02_0001206774-22-000295.xlsx,Income Statement,"(Unaudited) Nine Months Ended December 25, 2021",Cost of Service Revenue,us-gaap:CostOfGoodsAndServicesSold,reported,
income_statement,us-gaap:GrossProfit,Gross Profit,3Q22,13.636,TRNS_SEC-XBRL-financials_as-presented_10-Q_2022-02-02_0001206774-22-000295.xlsx,Income Statement,"(Unaudited) Third Quarter Ended December 25, 2021",Gross Profit,us-gaap:GrossProfit,reported,
income_statement,us-gaap:GrossProfit,Gross Profit,9M22,41.767,TRNS_SEC-XBRL-financials_as-presented_10-Q_2022-02-02_0001206774-22-000295.xlsx,Income Statement,"(Unaudited) Nine Months Ended December 25, 2021",Gross Profit,us-gaap:GrossProfit,reported,
income_statement,us-gaap:SellingAndMarketingExpense,"Selling, Marketing and Warehouse Expenses",3Q22,5.051,TRNS_SEC-XBRL-financials_as-presented_10-Q_2022-02-02_0001206774-22-000295.xlsx,Income Statement,"(Unaudited) Third Quarter Ended December 25, 2021","Selling, Marketing and Warehouse Expenses",us-gaap:SellingAndMarketingExpense,reported,
income_statement,us-gaap:SellingAndMarketingExpense,"Selling, Marketing and Warehouse Expenses",9M22,15.022,TRNS_SEC-XBRL-financials_as-presented_10-Q_2022-02-02_0001206774-22-000295.xlsx,Income Statement,"(Unaudited) Nine Months Ended December 25, 2021","Selling, Marketing and Warehouse Expenses",us-gaap:SellingAndMarketingExpense,reported,
income_statement,us-gaap:GeneralAndAdministrativeExpense,General and Administrative Expenses,3Q22,6.224,TRNS_SEC-XBRL-financials_as-presented_10-Q_2022-02-02_0001206774-22-000295.xlsx,Income Statement,"(Unaudited) Third Quarter Ended December 25, 2021",General and Administrative Expenses,us-gaap:GeneralAndAdministrativeExpense,reported,
income_statement,us-gaap:GeneralAndAdministrativeExpense,General and Administrative Expenses,9M22,17.117,TRNS_SEC-XBRL-financials_as-presented_10-Q_2022-02-02_0001206774-22-000295.xlsx,Income Statement,"(Unaudited) Nine Months Ended December 25, 2021",General and Administrative Expenses,us-gaap:GeneralAndAdministrativeExpense,reported,
income_statement,us-gaap:OperatingExpenses,Total Operating Expenses,3Q22,11.275,TRNS_SEC-XBRL-financials_as-presented_10-Q_2022-02-02_0001206774-22-000295.xlsx,Income Statement,"(Unaudited) Third Quarter Ended December 25, 2021",Total Operating Expenses,us-gaap:OperatingExpenses,reported,
income_statement,us-gaap:OperatingExpenses,Total Operating Expenses,9M22,32.139,TRNS_SEC-XBRL-financials_as-presented_10-Q_2022-02-02_0001206774-22-000295.xlsx,Income Statement,"(Unaudited) Nine Months Ended December 25, 2021",Total Operating Expenses,us-gaap:OperatingExpenses,reported,
income_statement,us-gaap:OperatingIncomeLoss,Operating Income,3Q22,2.361,TRNS_SEC-XBRL-financials_as-presented_10-Q_2022-02-02_0001206774-22-000295.xlsx,Income Statement,"(Unaudited) Third Quarter Ended December 25, 2021",Operating Income,us-gaap:OperatingIncomeLoss,reported,
income_statement,us-gaap:OperatingIncomeLoss,Operating Income,9M22,9.628,TRNS_SEC-XBRL-financials_as-presented_10-Q_2022-02-02_0001206774-22-000295.xlsx,Income Statement,"(Unaudited) Nine Months Ended December 25, 2021",Operating Income,us-gaap:OperatingIncomeLoss,reported,
income_statement,us-gaap:NonoperatingIncomeExpense,"Total Interest and Other (Income)/Expense, net",3Q22,0.136,TRNS_SEC-XBRL-financials_as-presented_10-Q_2022-02-02_0001206774-22-000295.xlsx,Income Statement,"(Unaudited) Third Quarter Ended December 25, 2021","Interest and Other Expense, net",us-gaap:NonoperatingIncomeExpense,reported,
income_statement,us-gaap:NonoperatingIncomeExpense,"Total Interest and Other (Income)/Expense, net",9M22,0.581,TRNS_SEC-XBRL-financials_as-presented_10-Q_2022-02-02_0001206774-22-000295.xlsx,Income Statement,"(Unaudited) Nine Months Ended December 25, 2021","Interest and Other Expense, net",us-gaap:NonoperatingIncomeExpense,reported,
income_statement,us-gaap:IncomeLossFromContinuingOperationsBeforeIncomeTaxesExtraordinaryItemsNoncontrollingInterest,Income Before Provision for Income Taxes,3Q22,2.225,TRNS_SEC-XBRL-financials_as-presented_10-Q_2022-02-02_0001206774-22-000295.xlsx,Income Statement,"(Unaudited) Third Quarter Ended December 25, 2021",Income Before Income Taxes,us-gaap:IncomeLossFromContinuingOperationsBeforeIncomeTaxesExtraordinaryItemsNoncontrollingInterest,reported,
income_statement,us-gaap:IncomeLossFromContinuingOperationsBeforeIncomeTaxesExtraordinaryItemsNoncontrollingInterest,Income Before Provision for Income Taxes,9M22,9.047,TRNS_SEC-XBRL-financials_as-presented_10-Q_2022-02-02_0001206774-22-000295.xlsx,Income Statement,"(Unaudited) Nine Months Ended December 25, 2021",Income Before Income Taxes,us-gaap:IncomeLossFromContinuingOperationsBeforeIncomeTaxesExtraordinaryItemsNoncontrollingInterest,reported,
income_statement,us-gaap:IncomeTaxExpenseBenefit,Provision for Income Taxes,3Q22,0.596,TRNS_SEC-XBRL-financials_as-presented_10-Q_2022-02-02_0001206774-22-000295.xlsx,Income Statement,"(Unaudited) Third Quarter Ended December 25, 2021",Provision for Income Taxes,us-gaap:IncomeTaxExpenseBenefit,reported,
income_statement,us-gaap:IncomeTaxExpenseBenefit,Provision for Income Taxes,9M22,0.715,TRNS_SEC-XBRL-financials_as-presented_10-Q_2022-02-02_0001206774-22-000295.xlsx,Income Statement,"(Unaudited) Nine Months Ended December 25, 2021",Provision for Income Taxes,us-gaap:IncomeTaxExpenseBenefit,reported,
income_statement,us-gaap:NetIncomeLoss,Net Income,3Q22,1.629,TRNS_SEC-XBRL-financials_as-presented_10-Q_2022-02-02_0001206774-22-000295.xlsx,Income Statement,"(Unaudited) Third Quarter Ended December 25, 2021",Net Income,us-gaap:NetIncomeLoss,reported,
income_statement,us-gaap:NetIncomeLoss,Net Income,9M22,8.332,TRNS_SEC-XBRL-financials_as-presented_10-Q_2022-02-02_0001206774-22-000295.xlsx,Income Statement,"(Unaudited) Nine Months Ended December 25, 2021",Net Income,us-gaap:NetIncomeLoss,reported,
income_statement,us-gaap:EarningsPerShareBasic,Basic Earnings Per Share,3Q22,0.22,TRNS_SEC-XBRL-financials_as-presented_10-Q_2022-02-02_0001206774-22-000295.xlsx,Income Statement,"(Unaudited) Third Quarter Ended December 25, 2021",Basic Earnings Per Share,us-gaap:EarningsPerShareBasic,reported,
income_statement,us-gaap:EarningsPerShareBasic,Basic Earnings Per Share,9M22,1.11,TRNS_SEC-XBRL-financials_as-presented_10-Q_2022-02-02_0001206774-22-000295.xlsx,Income Statement,"(Unaudited) Nine Months Ended December 25, 2021",Basic Earnings Per Share,us-gaap:EarningsPerShareBasic,reported,
income_statement,us-gaap:WeightedAverageNumberOfSharesOutstandingBasic,Average Shares Outstanding,3Q22,7.519,TRNS_SEC-XBRL-financials_as-presented_10-Q_2022-02-02_0001206774-22-000295.xlsx,Income Statement,"(Unaudited) Third Quarter Ended December 25, 2021",Average Shares Outstanding,us-gaap:WeightedAverageNumberOfSharesOutstandingBasic,reported,
income_statement,us-gaap:WeightedAverageNumberOfSharesOutstandingBasic,Average Shares Outstanding,9M22,7.487,TRNS_SEC-XBRL-financials_as-presented_10-Q_2022-02-02_0001206774-22-000295.xlsx,Income Statement,"(Unaudited) Nine Months Ended December 25, 2021",Average Shares Outstanding,us-gaap:WeightedAverageNumberOfSharesOutstandingBasic,reported,
income_statement,us-gaap:EarningsPerShareDiluted,Diluted Earnings Per Share,3Q22,0.21,TRNS_SEC-XBRL-financials_as-presented_10-Q_2022-02-02_0001206774-22-000295.xlsx,Income Statement,"(Unaudited) Third Quarter Ended December 25, 2021",Diluted Earnings Per Share,us-gaap:EarningsPerShareDiluted,reported,
income_statement,us-gaap:EarningsPerShareDiluted,Diluted Earnings Per Share,9M22,1.1,TRNS_SEC-XBRL-financials_as-presented_10-Q_2022-02-02_0001206774-22-000295.xlsx,Income Statement,"(Unaudited) Nine Months Ended December 25, 2021",Diluted Earnings Per Share,us-gaap:EarningsPerShareDiluted,reported,
income_statement,us-gaap:WeightedAverageNumberOfDilutedSharesOutstanding,Average Shares Outstanding,3Q22,7.653,TRNS_SEC-XBRL-financials_as-presented_10-Q_2022-02-02_0001206774-22-000295.xlsx,Income Statement,"(Unaudited) Third Quarter Ended December 25, 2021",Average Shares Outstanding,us-gaap:WeightedAverageNumberOfDilutedSharesOutstanding,reported,
income_statement,us-gaap:WeightedAverageNumberOfDilutedSharesOutstanding,Average Shares Outstanding,9M22,7.599,TRNS_SEC-XBRL-financials_as-presented_10-Q_2022-02-02_0001206774-22-000295.xlsx,Income Statement,"(Unaudited) Nine Months Ended December 25, 2021",Average Shares Outstanding,us-gaap:WeightedAverageNumberOfDilutedSharesOutstanding,reported,
balance_sheet,us-gaap:Cash,Cash,3Q22,2.779,TRNS_SEC-XBRL-financials_as-presented_10-Q_2022-02-02_0001206774-22-000295.xlsx,Balance Sheet,"(Unaudited) December 25, 2021",Cash,us-gaap:Cash,reported,
balance_sheet,us-gaap:AccountsReceivableNetCurrent,"Accounts Receivable, less allowance for credit losses of $851 and $659",3Q22,34.702,TRNS_SEC-XBRL-financials_as-presented_10-Q_2022-02-02_0001206774-22-000295.xlsx,Balance Sheet,"(Unaudited) December 25, 2021","Accounts Receivable, less allowance for doubtful accounts of $505 and $526 as of December 25, 2021, and March 27, 2021, respectively",us-gaap:AccountsReceivableNetCurrent,reported,
balance_sheet,us-gaap:OtherReceivablesNetCurrent,Other Receivables,3Q22,0.628,TRNS_SEC-XBRL-financials_as-presented_10-Q_2022-02-02_0001206774-22-000295.xlsx,Balance Sheet,"(Unaudited) December 25, 2021",Other Receivables,us-gaap:OtherReceivablesNetCurrent,reported,
balance_sheet,us-gaap:InventoryNet,Inventory,3Q22,13.868,TRNS_SEC-XBRL-financials_as-presented_10-Q_2022-02-02_0001206774-22-000295.xlsx,Balance Sheet,"(Unaudited) December 25, 2021","Inventory, net",us-gaap:InventoryNet,reported,
balance_sheet,us-gaap:PrepaidExpenseAndOtherAssetsCurrent,Prepaid Expenses and Other Current Assets,3Q22,5.572,TRNS_SEC-XBRL-financials_as-presented_10-Q_2022-02-02_0001206774-22-000295.xlsx,Balance Sheet,"(Unaudited) December 25, 2021",Prepaid Expenses and Other Current Assets,us-gaap:PrepaidExpenseAndOtherAssetsCurrent,reported,
balance_sheet,us-gaap:AssetsCurrent,Total Current Assets,3Q22,57.549,TRNS_SEC-XBRL-financials_as-presented_10-Q_2022-02-02_0001206774-22-000295.xlsx,Balance Sheet,"(Unaudited) December 25, 2021",Total Current Assets,us-gaap:AssetsCurrent,reported,
balance_sheet,us-gaap:PropertyPlantAndEquipmentNet,"Property and Equipment, net",3Q22,23.781,TRNS_SEC-XBRL-financials_as-presented_10-Q_2022-02-02_0001206774-22-000295.xlsx,Balance Sheet,"(Unaudited) December 25, 2021","Property and Equipment, net",us-gaap:PropertyPlantAndEquipmentNet,reported,
balance_sheet,us-gaap:Goodwill,Goodwill,3Q22,59.133,TRNS_SEC-XBRL-financials_as-presented_10-Q_2022-02-02_0001206774-22-000295.xlsx,Balance Sheet,"(Unaudited) December 25, 2021",Goodwill,us-gaap:Goodwill,reported,
balance_sheet,us-gaap:IntangibleAssetsNetExcludingGoodwill,"Intangible Assets, net",3Q22,11.503,TRNS_SEC-XBRL-financials_as-presented_10-Q_2022-02-02_0001206774-22-000295.xlsx,Balance Sheet,"(Unaudited) December 25, 2021","Intangible Assets, net",us-gaap:IntangibleAssetsNetExcludingGoodwill,reported,
balance_sheet,us-gaap:OperatingLeaseRightOfUseAsset,"Right to Use Assets, net",3Q22,8.738,TRNS_SEC-XBRL-financials_as-presented_10-Q_2022-02-02_0001206774-22-000295.xlsx,Balance Sheet,"(Unaudited) December 25, 2021","Right to Use Assets, net",us-gaap:OperatingLeaseRightOfUseAsset,reported,
balance_sheet,us-gaap:OtherAssetsNoncurrent,Other Assets,3Q22,0.896,TRNS_SEC-XBRL-financials_as-presented_10-Q_2022-02-02_0001206774-22-000295.xlsx,Balance Sheet,"(Unaudited) December 25, 2021",Other Assets,us-gaap:OtherAssetsNoncurrent,reported,
balance_sheet,us-gaap:Assets,Total Assets,3Q22,161.6,TRNS_SEC-XBRL-financials_as-presented_10-Q_2022-02-02_0001206774-22-000295.xlsx,Balance Sheet,"(Unaudited) December 25, 2021",Total Assets,us-gaap:Assets,reported,
balance_sheet,us-gaap:AccountsPayableCurrent,Accounts Payable,3Q22,12.965,TRNS_SEC-XBRL-financials_as-presented_10-Q_2022-02-02_0001206774-22-000295.xlsx,Balance Sheet,"(Unaudited) December 25, 2021",Accounts Payable,us-gaap:AccountsPayableCurrent,reported,
balance_sheet,us-gaap:EmployeeRelatedLiabilitiesCurrent,Accrued Compensation and Other Current Liabilities,3Q22,9.514,TRNS_SEC-XBRL-financials_as-presented_10-Q_2022-02-02_0001206774-22-000295.xlsx,Balance Sheet,"(Unaudited) December 25, 2021",Accrued Compensation and Other Liabilities,us-gaap:EmployeeRelatedLiabilitiesCurrent,reported,
balance_sheet,us-gaap:LongTermDebtCurrent,Current Portion of Long-Term Debt,3Q22,2.14,TRNS_SEC-XBRL-financials_as-presented_10-Q_2022-02-02_0001206774-22-000295.xlsx,Balance Sheet,"(Unaudited) December 25, 2021",Current Portion of Long-Term Debt,us-gaap:LongTermDebtCurrent,reported,
balance_sheet,us-gaap:LiabilitiesCurrent,Total Current Liabilities,3Q22,24.619,TRNS_SEC-XBRL-financials_as-presented_10-Q_2022-02-02_0001206774-22-000295.xlsx,Balance Sheet,"(Unaudited) December 25, 2021",Total Current Liabilities,us-gaap:LiabilitiesCurrent,reported,
balance_sheet,us-gaap:LongTermDebtNoncurrent,Long-Term Debt,3Q22,38.616,TRNS_SEC-XBRL-financials_as-presented_10-Q_2022-02-02_0001206774-22-000295.xlsx,Balance Sheet,"(Unaudited) December 25, 2021",Long-Term Debt,us-gaap:LongTermDebtNoncurrent,reported,
balance_sheet,us-gaap:DeferredIncomeTaxLiabilitiesNet,"Deferred Tax Liabilities, net",3Q22,4.912,TRNS_SEC-XBRL-financials_as-presented_10-Q_2022-02-02_0001206774-22-000295.xlsx,Balance Sheet,"(Unaudited) December 25, 2021",Deferred Tax Liabilities,us-gaap:DeferredIncomeTaxLiabilitiesNet,reported,
balance_sheet,us-gaap:OperatingLeaseLiabilityNoncurrent,Lease Liabilities,3Q22,7.123,TRNS_SEC-XBRL-financials_as-presented_10-Q_2022-02-02_0001206774-22-000295.xlsx,Balance Sheet,"(Unaudited) December 25, 2021",Lease Liabilities,us-gaap:OperatingLeaseLiabilityNoncurrent,reported,
balance_sheet,us-gaap:OtherLiabilitiesNoncurrent,Other Liabilities,3Q22,3.432,TRNS_SEC-XBRL-financials_as-presented_10-Q_2022-02-02_0001206774-22-000295.xlsx,Balance Sheet,"(Unaudited) December 25, 2021",Other Liabilities,us-gaap:OtherLiabilitiesNoncurrent,reported,
balance_sheet,us-gaap:Liabilities,Total Liabilities,3Q22,78.702,TRNS_SEC-XBRL-financials_as-presented_10-Q_2022-02-02_0001206774-22-000295.xlsx,Balance Sheet,"(Unaudited) December 25, 2021",Total Liabilities,us-gaap:Liabilities,reported,
balance_sheet,us-gaap:CommonStockValue,"Common Stock, par value $0.50 per share, 30,000,000 shares authorized; 9,333,953 and 9,315,840 shares issued and outstanding as of March 28, 2026 and March 29, 2025, respectively",3Q22,3.76,TRNS_SEC-XBRL-financials_as-presented_10-Q_2022-02-02_0001206774-22-000295.xlsx,Balance Sheet,"(Unaudited) December 25, 2021","Common Stock, par value $0.50 per share, 30,000,000 shares authorized; 7,520,719 and 7,458,251 shares issued and outstanding as of December 25, 2021, and March 27, 2021, respectively",us-gaap:CommonStockValue,reported,
balance_sheet,us-gaap:AdditionalPaidInCapitalCommonStock,Capital in Excess of Par Value,3Q22,23.452,TRNS_SEC-XBRL-financials_as-presented_10-Q_2022-02-02_0001206774-22-000295.xlsx,Balance Sheet,"(Unaudited) December 25, 2021",Capital in Excess of Par Value,us-gaap:AdditionalPaidInCapitalCommonStock,reported,
balance_sheet,us-gaap:AccumulatedOtherComprehensiveIncomeLossNetOfTax,Accumulated Other Comprehensive Loss,3Q22,-0.717,TRNS_SEC-XBRL-financials_as-presented_10-Q_2022-02-02_0001206774-22-000295.xlsx,Balance Sheet,"(Unaudited) December 25, 2021",Accumulated Other Comprehensive Loss,us-gaap:AccumulatedOtherComprehensiveIncomeLossNetOfTax,reported,
balance_sheet,us-gaap:RetainedEarningsAccumulatedDeficit,Retained Earnings,3Q22,56.403,TRNS_SEC-XBRL-financials_as-presented_10-Q_2022-02-02_0001206774-22-000295.xlsx,Balance Sheet,"(Unaudited) December 25, 2021",Retained Earnings,us-gaap:RetainedEarningsAccumulatedDeficit,reported,
balance_sheet,us-gaap:StockholdersEquity,Total Shareholders' Equity,3Q22,82.898,TRNS_SEC-XBRL-financials_as-presented_10-Q_2022-02-02_0001206774-22-000295.xlsx,Balance Sheet,"(Unaudited) December 25, 2021",Total Shareholders' Equity,us-gaap:StockholdersEquity,reported,
balance_sheet,us-gaap:LiabilitiesAndStockholdersEquity,Total Liabilities and Shareholders' Equity,3Q22,161.6,TRNS_SEC-XBRL-financials_as-presented_10-Q_2022-02-02_0001206774-22-000295.xlsx,Balance Sheet,"(Unaudited) December 25, 2021",Total Liabilities and Shareholders' Equity,us-gaap:LiabilitiesAndStockholdersEquity,reported,
cash_flow,us-gaap:NetIncomeLoss,Net Income,9M22,8.332,TRNS_SEC-XBRL-financials_as-presented_10-Q_2022-02-02_0001206774-22-000295.xlsx,Cash Flow,"(Unaudited) Nine Months Ended December 25, 2021",Net Income,us-gaap:NetIncomeLoss,reported,
cash_flow,us-gaap:GainLossOnSaleOfPropertyPlantEquipment,Net (Gain) Loss on Disposal of Property and Equipment,9M22,0.113,TRNS_SEC-XBRL-financials_as-presented_10-Q_2022-02-02_0001206774-22-000295.xlsx,Cash Flow,"(Unaudited) Nine Months Ended December 25, 2021",Net Loss on Disposal of Property and Equipment,us-gaap:GainLossOnSaleOfPropertyPlantEquipment,reported,
cash_flow,us-gaap:DeferredIncomeTaxesAndTaxCredits,Deferred Income Taxes,9M22,0.005,TRNS_SEC-XBRL-financials_as-presented_10-Q_2022-02-02_0001206774-22-000295.xlsx,Cash Flow,"(Unaudited) Nine Months Ended December 25, 2021",Deferred Income Taxes,us-gaap:DeferredIncomeTaxExpenseBenefit,reported,
cash_flow,us-gaap:DepreciationDepletionAndAmortization,Depreciation and Amortization,9M22,6.899,TRNS_SEC-XBRL-financials_as-presented_10-Q_2022-02-02_0001206774-22-000295.xlsx,Cash Flow,"(Unaudited) Nine Months Ended December 25, 2021",Depreciation and Amortization,us-gaap:DepreciationDepletionAndAmortization,reported,
cash_flow,trns:AccountsReceivableCreditLossExpenseReversalAndInventoryWritedown,Provision for Accounts Receivable and Inventory Reserves,9M22,0.417,TRNS_SEC-XBRL-financials_as-presented_10-Q_2022-02-02_0001206774-22-000295.xlsx,Cash Flow,"(Unaudited) Nine Months Ended December 25, 2021",Provision for Accounts Receivable and Inventory Reserves,us-gaap:ProvisionForDoubtfulAccounts,reported,
cash_flow,us-gaap:ShareBasedCompensation,Stock-Based Compensation Expense,9M22,1.681,TRNS_SEC-XBRL-financials_as-presented_10-Q_2022-02-02_0001206774-22-000295.xlsx,Cash Flow,"(Unaudited) Nine Months Ended December 25, 2021",Stock-Based Compensation,us-gaap:ShareBasedCompensation,reported,
cash_flow,us-gaap:IncreaseDecreaseInAccountsAndOtherReceivables,Accounts Receivable and Other Receivables,9M22,1.185,TRNS_SEC-XBRL-financials_as-presented_10-Q_2022-02-02_0001206774-22-000295.xlsx,Cash Flow,"(Unaudited) Nine Months Ended December 25, 2021",Accounts Receivable and Other Receivables,us-gaap:IncreaseDecreaseInAccountsAndOtherReceivables,reported,
cash_flow,us-gaap:IncreaseDecreaseInInventories,Inventory,9M22,-1.794,TRNS_SEC-XBRL-financials_as-presented_10-Q_2022-02-02_0001206774-22-000295.xlsx,Cash Flow,"(Unaudited) Nine Months Ended December 25, 2021",Inventory,us-gaap:IncreaseDecreaseInInventories,reported,
cash_flow,us-gaap:IncreaseDecreaseInPrepaidDeferredExpenseAndOtherAssets,Prepaid Expenses and Other Current Assets,9M22,-3.28,TRNS_SEC-XBRL-financials_as-presented_10-Q_2022-02-02_0001206774-22-000295.xlsx,Cash Flow,"(Unaudited) Nine Months Ended December 25, 2021",Prepaid Expenses and Other Assets,us-gaap:IncreaseDecreaseInPrepaidDeferredExpenseAndOtherAssets,reported,
cash_flow,us-gaap:IncreaseDecreaseInAccountsPayable,Accounts Payable,9M22,0.689,TRNS_SEC-XBRL-financials_as-presented_10-Q_2022-02-02_0001206774-22-000295.xlsx,Cash Flow,"(Unaudited) Nine Months Ended December 25, 2021",Accounts Payable,us-gaap:IncreaseDecreaseInAccountsPayable,reported,
cash_flow,us-gaap:IncreaseDecreaseInAccruedLiabilitiesAndOtherOperatingLiabilities,Accrued Compensation and Other Current Liabilities,9M22,-1.47,TRNS_SEC-XBRL-financials_as-presented_10-Q_2022-02-02_0001206774-22-000295.xlsx,Cash Flow,"(Unaudited) Nine Months Ended December 25, 2021",Accrued Compensation and Other Liabilities,us-gaap:IncreaseDecreaseInEmployeeRelatedLiabilities,reported,
cash_flow,us-gaap:IncreaseDecreaseInAccruedIncomeTaxesPayable,Income Taxes Payable,9M22,-0.399,TRNS_SEC-XBRL-financials_as-presented_10-Q_2022-02-02_0001206774-22-000295.xlsx,Cash Flow,"(Unaudited) Nine Months Ended December 25, 2021",Income Taxes Payable,us-gaap:IncreaseDecreaseInAccruedIncomeTaxesPayable,reported,
cash_flow,us-gaap:NetCashProvidedByUsedInOperatingActivities,Net Cash Provided by Operating Activities,9M22,12.378,TRNS_SEC-XBRL-financials_as-presented_10-Q_2022-02-02_0001206774-22-000295.xlsx,Cash Flow,"(Unaudited) Nine Months Ended December 25, 2021",Net Cash Provided by Operating Activities,us-gaap:NetCashProvidedByUsedInOperatingActivities,reported,
cash_flow,us-gaap:PaymentsToAcquirePropertyPlantAndEquipment,Purchase of Property and Equipment,9M22,-5.861,TRNS_SEC-XBRL-financials_as-presented_10-Q_2022-02-02_0001206774-22-000295.xlsx,Cash Flow,"(Unaudited) Nine Months Ended December 25, 2021",Purchases of Property and Equipment,us-gaap:PaymentsToAcquirePropertyPlantAndEquipment,reported,
cash_flow,us-gaap:ProceedsFromSaleOfPropertyPlantAndEquipment,Proceeds from Sale of Property and Equipment,9M22,0.012,TRNS_SEC-XBRL-financials_as-presented_10-Q_2022-02-02_0001206774-22-000295.xlsx,Cash Flow,"(Unaudited) Nine Months Ended December 25, 2021",Proceeds from Sale of Property and Equipment,us-gaap:ProceedsFromSaleOfPropertyPlantAndEquipment,reported,
cash_flow,us-gaap:PaymentsToAcquireBusinessesNetOfCashAcquired,"Business Acquisitions, net of cash acquired",9M22,-20.91,TRNS_SEC-XBRL-financials_as-presented_10-Q_2022-02-02_0001206774-22-000295.xlsx,Cash Flow,"(Unaudited) Nine Months Ended December 25, 2021","Business Acquisitions, net of cash acquired",us-gaap:PaymentsToAcquireBusinessesNetOfCashAcquired,reported,
cash_flow,us-gaap:NetCashProvidedByUsedInInvestingActivities,Net Cash Used in Investing Activities,9M22,-26.759,TRNS_SEC-XBRL-financials_as-presented_10-Q_2022-02-02_0001206774-22-000295.xlsx,Cash Flow,"(Unaudited) Nine Months Ended December 25, 2021",Net Cash Used in Investing Activities,us-gaap:NetCashProvidedByUsedInInvestingActivities,reported,
cash_flow,us-gaap:ProceedsFromRepaymentsOfLinesOfCredit,"Proceeds From Revolving Credit Facility, net of lender fees",9M22,22.76,TRNS_SEC-XBRL-financials_as-presented_10-Q_2022-02-02_0001206774-22-000295.xlsx,Cash Flow,"(Unaudited) Nine Months Ended December 25, 2021","Proceeds from (Repayments of) Revolving Credit Facility, net",us-gaap:ProceedsFromRepaymentsOfLinesOfCredit,reported,
cash_flow,us-gaap:RepaymentsOfLongTermDebt,Repayments of Term Loan,9M22,-1.565,TRNS_SEC-XBRL-financials_as-presented_10-Q_2022-02-02_0001206774-22-000295.xlsx,Cash Flow,"(Unaudited) Nine Months Ended December 25, 2021",Repayments of Term Loan,us-gaap:RepaymentsOfLongTermDebt,reported,
cash_flow,trns:ProceedsFromIssuanceOfCommonStockNet,"Issuance of Common Stock, net of direct costs",9M22,1.354,TRNS_SEC-XBRL-financials_as-presented_10-Q_2022-02-02_0001206774-22-000295.xlsx,Cash Flow,"(Unaudited) Nine Months Ended December 25, 2021",Issuance of Common Stock,us-gaap:ProceedsFromIssuanceOfCommonStock,reported,
cash_flow,us-gaap:PaymentsForRepurchaseOfCommonStock,Repurchase of Common Stock,9M22,-5.649,TRNS_SEC-XBRL-financials_as-presented_10-Q_2022-02-02_0001206774-22-000295.xlsx,Cash Flow,"(Unaudited) Nine Months Ended December 25, 2021",Repurchase of Common Stock,us-gaap:PaymentsForRepurchaseOfCommonStock,reported,
cash_flow,us-gaap:NetCashProvidedByUsedInFinancingActivities,Net Cash Provided by Financing Activities,9M22,16.9,TRNS_SEC-XBRL-financials_as-presented_10-Q_2022-02-02_0001206774-22-000295.xlsx,Cash Flow,"(Unaudited) Nine Months Ended December 25, 2021",Net Cash Provided by (Used in) Financing Activities,us-gaap:NetCashProvidedByUsedInFinancingActivities,reported,
cash_flow,us-gaap:EffectOfExchangeRateOnCashCashEquivalentsRestrictedCashAndRestrictedCashEquivalentsIncludingDisposalGroupAndDiscontinuedOperations,Effect of Exchange Rate Changes on Cash,9M22,-0.3,TRNS_SEC-XBRL-financials_as-presented_10-Q_2022-02-02_0001206774-22-000295.xlsx,Cash Flow,"(Unaudited) Nine Months Ended December 25, 2021",Effect of Exchange Rate Changes on Cash,us-gaap:EffectOfExchangeRateOnCashAndCashEquivalents,reported,
cash_flow,us-gaap:CashCashEquivalentsRestrictedCashAndRestrictedCashEquivalentsPeriodIncreaseDecreaseIncludingExchangeRateEffect,Net (Decrease) Increase in Cash and Cash Equivalents,9M22,2.219,TRNS_SEC-XBRL-financials_as-presented_10-Q_2022-02-02_0001206774-22-000295.xlsx,Cash Flow,"(Unaudited) Nine Months Ended December 25, 2021",Net Increase in Cash,us-gaap:CashCashEquivalentsRestrictedCashAndRestrictedCashEquivalentsPeriodIncreaseDecreaseIncludingExchangeRateEffect,reported,
cash_flow,us-gaap:CashAndCashEquivalentsAtCarryingValue,Cash at Beginning of Period,9M22,0.56,TRNS_SEC-XBRL-financials_as-presented_10-Q_2022-02-02_0001206774-22-000295.xlsx,Cash Flow,"(Unaudited) Nine Months Ended December 25, 2021",Cash at Beginning of Period,us-gaap:CashAndCashEquivalentsAtCarryingValue,reported,
cash_flow,trns:InterestPaidReceivedExcludingCapitalizedInterestOperatingActivities,"Interest, net",9M22,0.531,TRNS_SEC-XBRL-financials_as-presented_10-Q_2022-02-02_0001206774-22-000295.xlsx,Cash Flow,"(Unaudited) Nine Months Ended December 25, 2021",Interest,us-gaap:InterestPaidNet,reported,
cash_flow,us-gaap:IncomeTaxesPaidNet,"Income Taxes, net",9M22,3.263,TRNS_SEC-XBRL-financials_as-presented_10-Q_2022-02-02_0001206774-22-000295.xlsx,Cash Flow,"(Unaudited) Nine Months Ended December 25, 2021","Income Taxes, net",us-gaap:IncomeTaxesPaidNet,reported,
cash_flow,us-gaap:StockIssued1,Common stock issued for acquisitions,9M22,2.368,TRNS_SEC-XBRL-financials_as-presented_10-Q_2022-02-02_0001206774-22-000295.xlsx,Cash Flow,"(Unaudited) Nine Months Ended December 25, 2021",Common stock issued for NEXA acquisition,us-gaap:StockIssued1,reported,
cash_flow,trns:AccruedContingentConsiderationRelatedToAcquisition,Accrued contingent consideration related to NEXA acquisition,9M22,0.153,TRNS_SEC-XBRL-financials_as-presented_10-Q_2022-02-02_0001206774-22-000295.xlsx,Cash Flow,"(Unaudited) Nine Months Ended December 25, 2021",Accrued contingent consideration related to NEXA acquisition,trns:AccruedContingentConsiderationRelatedToAcquisition,reported,
income_statement,us-gaap:Revenues,Service Revenue,1Q23,33.876,TRNS_SEC-XBRL-financials_as-presented_10-Q_2022-08-03_0001206774-22-001900.xlsx,Income Statement,"(Unaudited) First Quarter Ended June 25, 2022",Service Revenue,us-gaap:Revenues,reported,
income_statement,us-gaap:CostOfGoodsAndServicesSold,Cost of Service Revenue,1Q23,23.041,TRNS_SEC-XBRL-financials_as-presented_10-Q_2022-08-03_0001206774-22-001900.xlsx,Income Statement,"(Unaudited) First Quarter Ended June 25, 2022",Cost of Service Revenue,us-gaap:CostOfGoodsAndServicesSold,reported,
income_statement,us-gaap:GrossProfit,Gross Profit,1Q23,16.038,TRNS_SEC-XBRL-financials_as-presented_10-Q_2022-08-03_0001206774-22-001900.xlsx,Income Statement,"(Unaudited) First Quarter Ended June 25, 2022",Gross Profit,us-gaap:GrossProfit,reported,
income_statement,us-gaap:SellingAndMarketingExpense,"Selling, Marketing and Warehouse Expenses",1Q23,5.82,TRNS_SEC-XBRL-financials_as-presented_10-Q_2022-08-03_0001206774-22-001900.xlsx,Income Statement,"(Unaudited) First Quarter Ended June 25, 2022","Selling, Marketing and Warehouse Expenses",us-gaap:SellingAndMarketingExpense,reported,
income_statement,us-gaap:GeneralAndAdministrativeExpense,General and Administrative Expenses,1Q23,6.614,TRNS_SEC-XBRL-financials_as-presented_10-Q_2022-08-03_0001206774-22-001900.xlsx,Income Statement,"(Unaudited) First Quarter Ended June 25, 2022",General and Administrative Expenses,us-gaap:GeneralAndAdministrativeExpense,reported,
income_statement,us-gaap:OperatingExpenses,Total Operating Expenses,1Q23,12.434,TRNS_SEC-XBRL-financials_as-presented_10-Q_2022-08-03_0001206774-22-001900.xlsx,Income Statement,"(Unaudited) First Quarter Ended June 25, 2022",Total Operating Expenses,us-gaap:OperatingExpenses,reported,
income_statement,us-gaap:OperatingIncomeLoss,Operating Income,1Q23,3.604,TRNS_SEC-XBRL-financials_as-presented_10-Q_2022-08-03_0001206774-22-001900.xlsx,Income Statement,"(Unaudited) First Quarter Ended June 25, 2022",Operating Income,us-gaap:OperatingIncomeLoss,reported,
income_statement,us-gaap:NonoperatingIncomeExpense,"Total Interest and Other (Income)/Expense, net",1Q23,0.156,TRNS_SEC-XBRL-financials_as-presented_10-Q_2022-08-03_0001206774-22-001900.xlsx,Income Statement,"(Unaudited) First Quarter Ended June 25, 2022","Interest and Other Expense, net",us-gaap:NonoperatingIncomeExpense,reported,
income_statement,us-gaap:IncomeLossFromContinuingOperationsBeforeIncomeTaxesExtraordinaryItemsNoncontrollingInterest,Income Before Provision for Income Taxes,1Q23,3.448,TRNS_SEC-XBRL-financials_as-presented_10-Q_2022-08-03_0001206774-22-001900.xlsx,Income Statement,"(Unaudited) First Quarter Ended June 25, 2022",Income Before Income Taxes,us-gaap:IncomeLossFromContinuingOperationsBeforeIncomeTaxesExtraordinaryItemsNoncontrollingInterest,reported,
income_statement,us-gaap:IncomeTaxExpenseBenefit,Provision for Income Taxes,1Q23,0.376,TRNS_SEC-XBRL-financials_as-presented_10-Q_2022-08-03_0001206774-22-001900.xlsx,Income Statement,"(Unaudited) First Quarter Ended June 25, 2022",Provision for (Benefit from) Income Taxes,us-gaap:IncomeTaxExpenseBenefit,reported,
income_statement,us-gaap:NetIncomeLoss,Net Income,1Q23,3.072,TRNS_SEC-XBRL-financials_as-presented_10-Q_2022-08-03_0001206774-22-001900.xlsx,Income Statement,"(Unaudited) First Quarter Ended June 25, 2022",Net Income,us-gaap:NetIncomeLoss,reported,
income_statement,us-gaap:EarningsPerShareBasic,Basic Earnings Per Share,1Q23,0.41,TRNS_SEC-XBRL-financials_as-presented_10-Q_2022-08-03_0001206774-22-001900.xlsx,Income Statement,"(Unaudited) First Quarter Ended June 25, 2022",Basic Earnings Per Share,us-gaap:EarningsPerShareBasic,reported,
income_statement,us-gaap:WeightedAverageNumberOfSharesOutstandingBasic,Average Shares Outstanding,1Q23,7.535,TRNS_SEC-XBRL-financials_as-presented_10-Q_2022-08-03_0001206774-22-001900.xlsx,Income Statement,"(Unaudited) First Quarter Ended June 25, 2022",Average Shares Outstanding,us-gaap:WeightedAverageNumberOfSharesOutstandingBasic,reported,
income_statement,us-gaap:EarningsPerShareDiluted,Diluted Earnings Per Share,1Q23,0.4,TRNS_SEC-XBRL-financials_as-presented_10-Q_2022-08-03_0001206774-22-001900.xlsx,Income Statement,"(Unaudited) First Quarter Ended June 25, 2022",Diluted Earnings Per Share,us-gaap:EarningsPerShareDiluted,reported,
income_statement,us-gaap:WeightedAverageNumberOfDilutedSharesOutstanding,Average Shares Outstanding,1Q23,7.629,TRNS_SEC-XBRL-financials_as-presented_10-Q_2022-08-03_0001206774-22-001900.xlsx,Income Statement,"(Unaudited) First Quarter Ended June 25, 2022",Average Shares Outstanding,us-gaap:WeightedAverageNumberOfDilutedSharesOutstanding,reported,
balance_sheet,us-gaap:Cash,Cash,1Q23,0.443,TRNS_SEC-XBRL-financials_as-presented_10-Q_2022-08-03_0001206774-22-001900.xlsx,Balance Sheet,"(Unaudited) June 25, 2022",Cash,us-gaap:Cash,reported,
balance_sheet,us-gaap:AccountsReceivableNetCurrent,"Accounts Receivable, less allowance for credit losses of $851 and $659",1Q23,38.031,TRNS_SEC-XBRL-financials_as-presented_10-Q_2022-08-03_0001206774-22-001900.xlsx,Balance Sheet,"(Unaudited) June 25, 2022","Accounts Receivable, less allowance for doubtful accounts of $482 and $460 as of June 25, 2022 and March 26, 2022, respectively",us-gaap:AccountsReceivableNetCurrent,reported,
balance_sheet,us-gaap:OtherReceivablesNetCurrent,Other Receivables,1Q23,0.533,TRNS_SEC-XBRL-financials_as-presented_10-Q_2022-08-03_0001206774-22-001900.xlsx,Balance Sheet,"(Unaudited) June 25, 2022",Other Receivables,us-gaap:OtherReceivablesNetCurrent,reported,
balance_sheet,us-gaap:InventoryNet,Inventory,1Q23,14.936,TRNS_SEC-XBRL-financials_as-presented_10-Q_2022-08-03_0001206774-22-001900.xlsx,Balance Sheet,"(Unaudited) June 25, 2022","Inventory, net",us-gaap:InventoryNet,reported,
balance_sheet,us-gaap:PrepaidExpenseAndOtherAssetsCurrent,Prepaid Expenses and Other Current Assets,1Q23,4.853,TRNS_SEC-XBRL-financials_as-presented_10-Q_2022-08-03_0001206774-22-001900.xlsx,Balance Sheet,"(Unaudited) June 25, 2022",Prepaid Expenses and Other Current Assets,us-gaap:PrepaidExpenseAndOtherAssetsCurrent,reported,
balance_sheet,us-gaap:AssetsCurrent,Total Current Assets,1Q23,58.796,TRNS_SEC-XBRL-financials_as-presented_10-Q_2022-08-03_0001206774-22-001900.xlsx,Balance Sheet,"(Unaudited) June 25, 2022",Total Current Assets,us-gaap:AssetsCurrent,reported,
balance_sheet,us-gaap:PropertyPlantAndEquipmentNet,"Property and Equipment, net",1Q23,27.186,TRNS_SEC-XBRL-financials_as-presented_10-Q_2022-08-03_0001206774-22-001900.xlsx,Balance Sheet,"(Unaudited) June 25, 2022","Property and Equipment, net",us-gaap:PropertyPlantAndEquipmentNet,reported,
balance_sheet,us-gaap:Goodwill,Goodwill,1Q23,66.645,TRNS_SEC-XBRL-financials_as-presented_10-Q_2022-08-03_0001206774-22-001900.xlsx,Balance Sheet,"(Unaudited) June 25, 2022",Goodwill,us-gaap:Goodwill,reported,
balance_sheet,us-gaap:IntangibleAssetsNetExcludingGoodwill,"Intangible Assets, net",1Q23,16.036,TRNS_SEC-XBRL-financials_as-presented_10-Q_2022-08-03_0001206774-22-001900.xlsx,Balance Sheet,"(Unaudited) June 25, 2022","Intangible Assets, net",us-gaap:IntangibleAssetsNetExcludingGoodwill,reported,
balance_sheet,us-gaap:OperatingLeaseRightOfUseAsset,"Right to Use Assets, net",1Q23,12.546,TRNS_SEC-XBRL-financials_as-presented_10-Q_2022-08-03_0001206774-22-001900.xlsx,Balance Sheet,"(Unaudited) June 25, 2022","Right To Use Assets, net",us-gaap:OperatingLeaseRightOfUseAsset,reported,
balance_sheet,us-gaap:OtherAssetsNoncurrent,Other Assets,1Q23,0.83,TRNS_SEC-XBRL-financials_as-presented_10-Q_2022-08-03_0001206774-22-001900.xlsx,Balance Sheet,"(Unaudited) June 25, 2022",Other Assets,us-gaap:OtherAssetsNoncurrent,reported,
balance_sheet,us-gaap:Assets,Total Assets,1Q23,182.039,TRNS_SEC-XBRL-financials_as-presented_10-Q_2022-08-03_0001206774-22-001900.xlsx,Balance Sheet,"(Unaudited) June 25, 2022",Total Assets,us-gaap:Assets,reported,
balance_sheet,us-gaap:AccruedIncomeTaxesCurrent,Income Taxes Payable,1Q23,12.967,TRNS_SEC-XBRL-financials_as-presented_10-Q_2022-08-03_0001206774-22-001900.xlsx,Balance Sheet,"(Unaudited) June 25, 2022",Accounts Payable,us-gaap:AccruedIncomeTaxesCurrent,reported,
balance_sheet,us-gaap:EmployeeRelatedLiabilitiesCurrent,Accrued Compensation and Other Current Liabilities,1Q23,8.584,TRNS_SEC-XBRL-financials_as-presented_10-Q_2022-08-03_0001206774-22-001900.xlsx,Balance Sheet,"(Unaudited) June 25, 2022",Accrued Compensation and Other Current Liabilities,us-gaap:EmployeeRelatedLiabilitiesCurrent,reported,
balance_sheet,us-gaap:LongTermDebtCurrent,Current Portion of Long-Term Debt,1Q23,2.183,TRNS_SEC-XBRL-financials_as-presented_10-Q_2022-08-03_0001206774-22-001900.xlsx,Balance Sheet,"(Unaudited) June 25, 2022",Current Portion of Long-Term Debt,us-gaap:LongTermDebtCurrent,reported,
balance_sheet,us-gaap:LiabilitiesCurrent,Total Current Liabilities,1Q23,23.734,TRNS_SEC-XBRL-financials_as-presented_10-Q_2022-08-03_0001206774-22-001900.xlsx,Balance Sheet,"(Unaudited) June 25, 2022",Total Current Liabilities,us-gaap:LiabilitiesCurrent,reported,
balance_sheet,us-gaap:LongTermDebtNoncurrent,Long-Term Debt,1Q23,49.595,TRNS_SEC-XBRL-financials_as-presented_10-Q_2022-08-03_0001206774-22-001900.xlsx,Balance Sheet,"(Unaudited) June 25, 2022",Long-Term Debt,us-gaap:LongTermDebtNoncurrent,reported,
balance_sheet,us-gaap:DeferredIncomeTaxLiabilitiesNet,"Deferred Tax Liabilities, net",1Q23,6.701,TRNS_SEC-XBRL-financials_as-presented_10-Q_2022-08-03_0001206774-22-001900.xlsx,Balance Sheet,"(Unaudited) June 25, 2022","Deferred Tax Liabilities, net",us-gaap:DeferredIncomeTaxLiabilitiesNet,reported,
balance_sheet,us-gaap:OperatingLeaseLiabilityNoncurrent,Lease Liabilities,1Q23,10.807,TRNS_SEC-XBRL-financials_as-presented_10-Q_2022-08-03_0001206774-22-001900.xlsx,Balance Sheet,"(Unaudited) June 25, 2022",Lease Liabilities,us-gaap:OperatingLeaseLiabilityNoncurrent,reported,
balance_sheet,us-gaap:OtherLiabilitiesNoncurrent,Other Liabilities,1Q23,1.65,TRNS_SEC-XBRL-financials_as-presented_10-Q_2022-08-03_0001206774-22-001900.xlsx,Balance Sheet,"(Unaudited) June 25, 2022",Other Liabilities,us-gaap:OtherLiabilitiesNoncurrent,reported,
balance_sheet,us-gaap:Liabilities,Total Liabilities,1Q23,92.487,TRNS_SEC-XBRL-financials_as-presented_10-Q_2022-08-03_0001206774-22-001900.xlsx,Balance Sheet,"(Unaudited) June 25, 2022",Total Liabilities,us-gaap:Liabilities,reported,
balance_sheet,us-gaap:CommonStockValue,"Common Stock, par value $0.50 per share, 30,000,000 shares authorized; 9,333,953 and 9,315,840 shares issued and outstanding as of March 28, 2026 and March 29, 2025, respectively",1Q23,3.773,TRNS_SEC-XBRL-financials_as-presented_10-Q_2022-08-03_0001206774-22-001900.xlsx,Balance Sheet,"(Unaudited) June 25, 2022","Common Stock, par value $0.50 per share, 30,000,000 shares authorized; 7,546,577 and 7,529,078 shares issued and outstanding as of June 25, 2022 and March 26, 2022, respectively",us-gaap:CommonStockValue,reported,
balance_sheet,us-gaap:AdditionalPaidInCapitalCommonStock,Capital in Excess of Par Value,1Q23,24.919,TRNS_SEC-XBRL-financials_as-presented_10-Q_2022-08-03_0001206774-22-001900.xlsx,Balance Sheet,"(Unaudited) June 25, 2022",Capital in Excess of Par Value,us-gaap:AdditionalPaidInCapitalCommonStock,reported,
balance_sheet,us-gaap:AccumulatedOtherComprehensiveIncomeLossNetOfTax,Accumulated Other Comprehensive Loss,1Q23,-0.686,TRNS_SEC-XBRL-financials_as-presented_10-Q_2022-08-03_0001206774-22-001900.xlsx,Balance Sheet,"(Unaudited) June 25, 2022",Accumulated Other Comprehensive Loss,us-gaap:AccumulatedOtherComprehensiveIncomeLossNetOfTax,reported,
balance_sheet,us-gaap:RetainedEarningsAccumulatedDeficit,Retained Earnings,1Q23,61.546,TRNS_SEC-XBRL-financials_as-presented_10-Q_2022-08-03_0001206774-22-001900.xlsx,Balance Sheet,"(Unaudited) June 25, 2022",Retained Earnings,us-gaap:RetainedEarningsAccumulatedDeficit,reported,
balance_sheet,us-gaap:StockholdersEquity,Total Shareholders' Equity,1Q23,89.552,TRNS_SEC-XBRL-financials_as-presented_10-Q_2022-08-03_0001206774-22-001900.xlsx,Balance Sheet,"(Unaudited) June 25, 2022",Total Shareholders' Equity,us-gaap:StockholdersEquity,reported,
balance_sheet,us-gaap:LiabilitiesAndStockholdersEquity,Total Liabilities and Shareholders' Equity,1Q23,182.039,TRNS_SEC-XBRL-financials_as-presented_10-Q_2022-08-03_0001206774-22-001900.xlsx,Balance Sheet,"(Unaudited) June 25, 2022",Total Liabilities and Shareholders' Equity,us-gaap:LiabilitiesAndStockholdersEquity,reported,
cash_flow,us-gaap:NetIncomeLoss,Net Income,1Q23,3.072,TRNS_SEC-XBRL-financials_as-presented_10-Q_2022-08-03_0001206774-22-001900.xlsx,Cash Flow,"(Unaudited) First Quarter Ended June 25, 2022",Net Income,us-gaap:NetIncomeLoss,reported,
cash_flow,us-gaap:GainLossOnSaleOfPropertyPlantEquipment,Net (Gain) Loss on Disposal of Property and Equipment,1Q23,0.01,TRNS_SEC-XBRL-financials_as-presented_10-Q_2022-08-03_0001206774-22-001900.xlsx,Cash Flow,"(Unaudited) First Quarter Ended June 25, 2022",Net Loss on Disposal of Property and Equipment,us-gaap:GainLossOnSaleOfPropertyPlantEquipment,reported,
cash_flow,us-gaap:DeferredIncomeTaxesAndTaxCredits,Deferred Income Taxes,1Q23,-0.023,TRNS_SEC-XBRL-financials_as-presented_10-Q_2022-08-03_0001206774-22-001900.xlsx,Cash Flow,"(Unaudited) First Quarter Ended June 25, 2022",Deferred Income Taxes,us-gaap:DeferredIncomeTaxExpenseBenefit,reported,
cash_flow,us-gaap:DepreciationDepletionAndAmortization,Depreciation and Amortization,1Q23,2.641,TRNS_SEC-XBRL-financials_as-presented_10-Q_2022-08-03_0001206774-22-001900.xlsx,Cash Flow,"(Unaudited) First Quarter Ended June 25, 2022",Depreciation and Amortization,us-gaap:DepreciationDepletionAndAmortization,reported,
cash_flow,trns:AccountsReceivableCreditLossExpenseReversalAndInventoryWritedown,Provision for Accounts Receivable and Inventory Reserves,1Q23,0.088,TRNS_SEC-XBRL-financials_as-presented_10-Q_2022-08-03_0001206774-22-001900.xlsx,Cash Flow,"(Unaudited) First Quarter Ended June 25, 2022",Provision for Accounts Receivable and Inventory Reserves,us-gaap:ProvisionForDoubtfulAccounts,reported,
cash_flow,us-gaap:ShareBasedCompensation,Stock-Based Compensation Expense,1Q23,0.828,TRNS_SEC-XBRL-financials_as-presented_10-Q_2022-08-03_0001206774-22-001900.xlsx,Cash Flow,"(Unaudited) First Quarter Ended June 25, 2022",Stock-Based Compensation Expense,us-gaap:ShareBasedCompensation,reported,
cash_flow,us-gaap:IncreaseDecreaseInAccountsAndOtherReceivables,Accounts Receivable and Other Receivables,1Q23,1.578,TRNS_SEC-XBRL-financials_as-presented_10-Q_2022-08-03_0001206774-22-001900.xlsx,Cash Flow,"(Unaudited) First Quarter Ended June 25, 2022",Accounts Receivable and Other Receivables,us-gaap:IncreaseDecreaseInAccountsAndOtherReceivables,reported,
cash_flow,us-gaap:IncreaseDecreaseInInventories,Inventory,1Q23,-2.118,TRNS_SEC-XBRL-financials_as-presented_10-Q_2022-08-03_0001206774-22-001900.xlsx,Cash Flow,"(Unaudited) First Quarter Ended June 25, 2022",Inventory,us-gaap:IncreaseDecreaseInInventories,reported,
cash_flow,us-gaap:IncreaseDecreaseInPrepaidDeferredExpenseAndOtherAssets,Prepaid Expenses and Other Current Assets,1Q23,0.432,TRNS_SEC-XBRL-financials_as-presented_10-Q_2022-08-03_0001206774-22-001900.xlsx,Cash Flow,"(Unaudited) First Quarter Ended June 25, 2022",Prepaid Expenses and Other Current Assets,us-gaap:IncreaseDecreaseInPrepaidDeferredExpenseAndOtherAssets,reported,
cash_flow,us-gaap:IncreaseDecreaseInAccountsPayable,Accounts Payable,1Q23,-1.218,TRNS_SEC-XBRL-financials_as-presented_10-Q_2022-08-03_0001206774-22-001900.xlsx,Cash Flow,"(Unaudited) First Quarter Ended June 25, 2022",Accounts Payable,us-gaap:IncreaseDecreaseInAccountsPayable,reported,
cash_flow,us-gaap:IncreaseDecreaseInAccruedLiabilitiesAndOtherOperatingLiabilities,Accrued Compensation and Other Current Liabilities,1Q23,-3.247,TRNS_SEC-XBRL-financials_as-presented_10-Q_2022-08-03_0001206774-22-001900.xlsx,Cash Flow,"(Unaudited) First Quarter Ended June 25, 2022",Accrued Compensation and Other Current Liabilities,us-gaap:IncreaseDecreaseInEmployeeRelatedLiabilities,reported,
cash_flow,us-gaap:NetCashProvidedByUsedInOperatingActivities,Net Cash Provided by Operating Activities,1Q23,2.043,TRNS_SEC-XBRL-financials_as-presented_10-Q_2022-08-03_0001206774-22-001900.xlsx,Cash Flow,"(Unaudited) First Quarter Ended June 25, 2022",Net Cash Provided by Operating Activities,us-gaap:NetCashProvidedByUsedInOperatingActivities,reported,
cash_flow,us-gaap:PaymentsToAcquirePropertyPlantAndEquipment,Purchase of Property and Equipment,1Q23,-2.399,TRNS_SEC-XBRL-financials_as-presented_10-Q_2022-08-03_0001206774-22-001900.xlsx,Cash Flow,"(Unaudited) First Quarter Ended June 25, 2022",Purchases of Property and Equipment,us-gaap:PaymentsToAcquirePropertyPlantAndEquipment,reported,
cash_flow,us-gaap:ProceedsFromSaleOfPropertyPlantAndEquipment,Proceeds from Sale of Property and Equipment,1Q23,0.01,TRNS_SEC-XBRL-financials_as-presented_10-Q_2022-08-03_0001206774-22-001900.xlsx,Cash Flow,"(Unaudited) First Quarter Ended June 25, 2022",Proceeds from Sale of Property and Equipment,us-gaap:ProceedsFromSaleOfPropertyPlantAndEquipment,reported,
cash_flow,us-gaap:PaymentsToAcquireBusinessesNetOfCashAcquired,"Business Acquisitions, net of cash acquired",1Q23,-4.04,TRNS_SEC-XBRL-financials_as-presented_10-Q_2022-08-03_0001206774-22-001900.xlsx,Cash Flow,"(Unaudited) First Quarter Ended June 25, 2022","Business Acquisitions, net of cash acquired",us-gaap:PaymentsToAcquireBusinessesNetOfCashAcquired,reported,
cash_flow,us-gaap:NetCashProvidedByUsedInInvestingActivities,Net Cash Used in Investing Activities,1Q23,-6.429,TRNS_SEC-XBRL-financials_as-presented_10-Q_2022-08-03_0001206774-22-001900.xlsx,Cash Flow,"(Unaudited) First Quarter Ended June 25, 2022",Net Cash Used in Investing Activities,us-gaap:NetCashProvidedByUsedInInvestingActivities,reported,
cash_flow,us-gaap:ProceedsFromRepaymentsOfLinesOfCredit,"Proceeds From Revolving Credit Facility, net of lender fees",1Q23,3.816,TRNS_SEC-XBRL-financials_as-presented_10-Q_2022-08-03_0001206774-22-001900.xlsx,Cash Flow,"(Unaudited) First Quarter Ended June 25, 2022","Proceeds from Revolving Credit Facility, net",us-gaap:ProceedsFromRepaymentsOfLinesOfCredit,reported,
cash_flow,us-gaap:RepaymentsOfLongTermDebt,Repayments of Term Loan,1Q23,-0.49,TRNS_SEC-XBRL-financials_as-presented_10-Q_2022-08-03_0001206774-22-001900.xlsx,Cash Flow,"(Unaudited) First Quarter Ended June 25, 2022",Repayments of Term Loan,us-gaap:RepaymentsOfLongTermDebt,reported,
cash_flow,trns:ProceedsFromIssuanceOfCommonStockNet,"Issuance of Common Stock, net of direct costs",1Q23,0.221,TRNS_SEC-XBRL-financials_as-presented_10-Q_2022-08-03_0001206774-22-001900.xlsx,Cash Flow,"(Unaudited) First Quarter Ended June 25, 2022",Issuance of Common Stock,us-gaap:ProceedsFromIssuanceOfCommonStock,reported,
cash_flow,us-gaap:PaymentsForRepurchaseOfCommonStock,Repurchase of Common Stock,1Q23,-0.437,TRNS_SEC-XBRL-financials_as-presented_10-Q_2022-08-03_0001206774-22-001900.xlsx,Cash Flow,"(Unaudited) First Quarter Ended June 25, 2022",Repurchase of Common Stock,us-gaap:PaymentsForRepurchaseOfCommonStock,reported,
cash_flow,us-gaap:NetCashProvidedByUsedInFinancingActivities,Net Cash Provided by Financing Activities,1Q23,3.11,TRNS_SEC-XBRL-financials_as-presented_10-Q_2022-08-03_0001206774-22-001900.xlsx,Cash Flow,"(Unaudited) First Quarter Ended June 25, 2022",Net Cash Provided by (Used in) Financing Activities,us-gaap:NetCashProvidedByUsedInFinancingActivities,reported,
cash_flow,us-gaap:EffectOfExchangeRateOnCashCashEquivalentsRestrictedCashAndRestrictedCashEquivalentsIncludingDisposalGroupAndDiscontinuedOperations,Effect of Exchange Rate Changes on Cash,1Q23,0.323,TRNS_SEC-XBRL-financials_as-presented_10-Q_2022-08-03_0001206774-22-001900.xlsx,Cash Flow,"(Unaudited) First Quarter Ended June 25, 2022",Effect of Exchange Rate Changes on Cash,us-gaap:EffectOfExchangeRateOnCashCashEquivalentsRestrictedCashAndRestrictedCashEquivalents,reported,
cash_flow,us-gaap:CashCashEquivalentsRestrictedCashAndRestrictedCashEquivalentsPeriodIncreaseDecreaseIncludingExchangeRateEffect,Net (Decrease) Increase in Cash and Cash Equivalents,1Q23,-0.953,TRNS_SEC-XBRL-financials_as-presented_10-Q_2022-08-03_0001206774-22-001900.xlsx,Cash Flow,"(Unaudited) First Quarter Ended June 25, 2022",Net Decrease in Cash,us-gaap:CashCashEquivalentsRestrictedCashAndRestrictedCashEquivalentsPeriodIncreaseDecreaseIncludingExchangeRateEffect,reported,
cash_flow,us-gaap:CashCashEquivalentsRestrictedCashAndRestrictedCashEquivalents,Cash at Beginning of Period,1Q23,1.396,TRNS_SEC-XBRL-financials_as-presented_10-Q_2022-08-03_0001206774-22-001900.xlsx,Cash Flow,"(Unaudited) First Quarter Ended June 25, 2022",Cash at Beginning of Period,us-gaap:CashCashEquivalentsRestrictedCashAndRestrictedCashEquivalents,reported,
cash_flow,trns:InterestPaidReceivedExcludingCapitalizedInterestOperatingActivities,"Interest, net",1Q23,0.322,TRNS_SEC-XBRL-financials_as-presented_10-Q_2022-08-03_0001206774-22-001900.xlsx,Cash Flow,"(Unaudited) First Quarter Ended June 25, 2022",Interest,us-gaap:InterestPaidNet,reported,
cash_flow,us-gaap:IncomeTaxesPaidNet,"Income Taxes, net",1Q23,0.117,TRNS_SEC-XBRL-financials_as-presented_10-Q_2022-08-03_0001206774-22-001900.xlsx,Cash Flow,"(Unaudited) First Quarter Ended June 25, 2022","Income Taxes, net",us-gaap:IncomeTaxesPaidNet,reported,
cash_flow,us-gaap:StockIssued1,Common stock issued for acquisitions,1Q23,0.145,TRNS_SEC-XBRL-financials_as-presented_10-Q_2022-08-03_0001206774-22-001900.xlsx,Cash Flow,"(Unaudited) First Quarter Ended June 25, 2022",Common stock issued for Alliance acquisition,us-gaap:StockIssued1,reported,
cash_flow,trns:AccruedContingentConsiderationRelatedToAcquisition,Accrued contingent consideration related to NEXA acquisition,1Q23,0.518,TRNS_SEC-XBRL-financials_as-presented_10-Q_2022-08-03_0001206774-22-001900.xlsx,Cash Flow,"(Unaudited) First Quarter Ended June 25, 2022",Accrued holdback consideration related to Alliance acquisition,trns:AccruedContingentConsiderationRelatedToAcquisition,reported,
income_statement,us-gaap:Revenues,Service Revenue,2Q23,35.267,TRNS_SEC-XBRL-financials_as-presented_10-Q_2022-11-02_0001437749-22-025534.xlsx,Income Statement,"(Unaudited) Second Quarter Ended September 24, 2022",Service Revenue,us-gaap:Revenues,reported,
income_statement,us-gaap:Revenues,Service Revenue,6M23,69.143,TRNS_SEC-XBRL-financials_as-presented_10-Q_2022-11-02_0001437749-22-025534.xlsx,Income Statement,"(Unaudited) Six Months Ended September 24, 2022",Service Revenue,us-gaap:Revenues,reported,
income_statement,us-gaap:CostOfGoodsAndServicesSold,Cost of Service Revenue,2Q23,23.78,TRNS_SEC-XBRL-financials_as-presented_10-Q_2022-11-02_0001437749-22-025534.xlsx,Income Statement,"(Unaudited) Second Quarter Ended September 24, 2022",Cost of Service Revenue,us-gaap:CostOfGoodsAndServicesSold,reported,
income_statement,us-gaap:CostOfGoodsAndServicesSold,Cost of Service Revenue,6M23,46.821,TRNS_SEC-XBRL-financials_as-presented_10-Q_2022-11-02_0001437749-22-025534.xlsx,Income Statement,"(Unaudited) Six Months Ended September 24, 2022",Cost of Service Revenue,us-gaap:CostOfGoodsAndServicesSold,reported,
income_statement,us-gaap:GrossProfit,Gross Profit,2Q23,16.767,TRNS_SEC-XBRL-financials_as-presented_10-Q_2022-11-02_0001437749-22-025534.xlsx,Income Statement,"(Unaudited) Second Quarter Ended September 24, 2022",Gross Profit,us-gaap:GrossProfit,reported,
income_statement,us-gaap:GrossProfit,Gross Profit,6M23,32.805,TRNS_SEC-XBRL-financials_as-presented_10-Q_2022-11-02_0001437749-22-025534.xlsx,Income Statement,"(Unaudited) Six Months Ended September 24, 2022",Gross Profit,us-gaap:GrossProfit,reported,
income_statement,us-gaap:SellingAndMarketingExpense,"Selling, Marketing and Warehouse Expenses",2Q23,5.9,TRNS_SEC-XBRL-financials_as-presented_10-Q_2022-11-02_0001437749-22-025534.xlsx,Income Statement,"(Unaudited) Second Quarter Ended September 24, 2022","Selling, Marketing and Warehouse Expenses",us-gaap:SellingAndMarketingExpense,reported,
income_statement,us-gaap:SellingAndMarketingExpense,"Selling, Marketing and Warehouse Expenses",6M23,11.72,TRNS_SEC-XBRL-financials_as-presented_10-Q_2022-11-02_0001437749-22-025534.xlsx,Income Statement,"(Unaudited) Six Months Ended September 24, 2022","Selling, Marketing and Warehouse Expenses",us-gaap:SellingAndMarketingExpense,reported,
income_statement,us-gaap:GeneralAndAdministrativeExpense,General and Administrative Expenses,2Q23,7.241,TRNS_SEC-XBRL-financials_as-presented_10-Q_2022-11-02_0001437749-22-025534.xlsx,Income Statement,"(Unaudited) Second Quarter Ended September 24, 2022",General and Administrative Expenses,us-gaap:GeneralAndAdministrativeExpense,reported,
income_statement,us-gaap:GeneralAndAdministrativeExpense,General and Administrative Expenses,6M23,13.855,TRNS_SEC-XBRL-financials_as-presented_10-Q_2022-11-02_0001437749-22-025534.xlsx,Income Statement,"(Unaudited) Six Months Ended September 24, 2022",General and Administrative Expenses,us-gaap:GeneralAndAdministrativeExpense,reported,
income_statement,us-gaap:OperatingExpenses,Total Operating Expenses,2Q23,13.141,TRNS_SEC-XBRL-financials_as-presented_10-Q_2022-11-02_0001437749-22-025534.xlsx,Income Statement,"(Unaudited) Second Quarter Ended September 24, 2022",Total Operating Expenses,us-gaap:OperatingExpenses,reported,
income_statement,us-gaap:OperatingExpenses,Total Operating Expenses,6M23,25.575,TRNS_SEC-XBRL-financials_as-presented_10-Q_2022-11-02_0001437749-22-025534.xlsx,Income Statement,"(Unaudited) Six Months Ended September 24, 2022",Total Operating Expenses,us-gaap:OperatingExpenses,reported,
income_statement,us-gaap:OperatingIncomeLoss,Operating Income,2Q23,3.626,TRNS_SEC-XBRL-financials_as-presented_10-Q_2022-11-02_0001437749-22-025534.xlsx,Income Statement,"(Unaudited) Second Quarter Ended September 24, 2022",Operating Income,us-gaap:OperatingIncomeLoss,reported,
income_statement,us-gaap:OperatingIncomeLoss,Operating Income,6M23,7.23,TRNS_SEC-XBRL-financials_as-presented_10-Q_2022-11-02_0001437749-22-025534.xlsx,Income Statement,"(Unaudited) Six Months Ended September 24, 2022",Operating Income,us-gaap:OperatingIncomeLoss,reported,
income_statement,us-gaap:NonoperatingIncomeExpense,"Total Interest and Other (Income)/Expense, net",2Q23,0.537,TRNS_SEC-XBRL-financials_as-presented_10-Q_2022-11-02_0001437749-22-025534.xlsx,Income Statement,"(Unaudited) Second Quarter Ended September 24, 2022","Interest and Other Expense, net",us-gaap:NonoperatingIncomeExpense,reported,
income_statement,us-gaap:NonoperatingIncomeExpense,"Total Interest and Other (Income)/Expense, net",6M23,0.693,TRNS_SEC-XBRL-financials_as-presented_10-Q_2022-11-02_0001437749-22-025534.xlsx,Income Statement,"(Unaudited) Six Months Ended September 24, 2022","Interest and Other Expense, net",us-gaap:NonoperatingIncomeExpense,reported,
income_statement,us-gaap:IncomeLossFromContinuingOperationsBeforeIncomeTaxesExtraordinaryItemsNoncontrollingInterest,Income Before Provision for Income Taxes,2Q23,3.089,TRNS_SEC-XBRL-financials_as-presented_10-Q_2022-11-02_0001437749-22-025534.xlsx,Income Statement,"(Unaudited) Second Quarter Ended September 24, 2022",Income Before Income Taxes,us-gaap:IncomeLossFromContinuingOperationsBeforeIncomeTaxesExtraordinaryItemsNoncontrollingInterest,reported,
income_statement,us-gaap:IncomeLossFromContinuingOperationsBeforeIncomeTaxesExtraordinaryItemsNoncontrollingInterest,Income Before Provision for Income Taxes,6M23,6.537,TRNS_SEC-XBRL-financials_as-presented_10-Q_2022-11-02_0001437749-22-025534.xlsx,Income Statement,"(Unaudited) Six Months Ended September 24, 2022",Income Before Income Taxes,us-gaap:IncomeLossFromContinuingOperationsBeforeIncomeTaxesExtraordinaryItemsNoncontrollingInterest,reported,
income_statement,us-gaap:IncomeTaxExpenseBenefit,Provision for Income Taxes,2Q23,0.732,TRNS_SEC-XBRL-financials_as-presented_10-Q_2022-11-02_0001437749-22-025534.xlsx,Income Statement,"(Unaudited) Second Quarter Ended September 24, 2022",Provision for Income Taxes,us-gaap:IncomeTaxExpenseBenefit,reported,
income_statement,us-gaap:IncomeTaxExpenseBenefit,Provision for Income Taxes,6M23,1.108,TRNS_SEC-XBRL-financials_as-presented_10-Q_2022-11-02_0001437749-22-025534.xlsx,Income Statement,"(Unaudited) Six Months Ended September 24, 2022",Provision for Income Taxes,us-gaap:IncomeTaxExpenseBenefit,reported,
income_statement,us-gaap:NetIncomeLoss,Net Income,2Q23,2.357,TRNS_SEC-XBRL-financials_as-presented_10-Q_2022-11-02_0001437749-22-025534.xlsx,Income Statement,"(Unaudited) Second Quarter Ended September 24, 2022",Net Income,us-gaap:NetIncomeLoss,reported,
income_statement,us-gaap:NetIncomeLoss,Net Income,6M23,5.429,TRNS_SEC-XBRL-financials_as-presented_10-Q_2022-11-02_0001437749-22-025534.xlsx,Income Statement,"(Unaudited) Six Months Ended September 24, 2022",Net Income,us-gaap:NetIncomeLoss,reported,
income_statement,us-gaap:EarningsPerShareBasic,Basic Earnings Per Share,2Q23,0.31,TRNS_SEC-XBRL-financials_as-presented_10-Q_2022-11-02_0001437749-22-025534.xlsx,Income Statement,"(Unaudited) Second Quarter Ended September 24, 2022",Basic Earnings Per Share,us-gaap:EarningsPerShareBasic,reported,
income_statement,us-gaap:EarningsPerShareBasic,Basic Earnings Per Share,6M23,0.72,TRNS_SEC-XBRL-financials_as-presented_10-Q_2022-11-02_0001437749-22-025534.xlsx,Income Statement,"(Unaudited) Six Months Ended September 24, 2022",Basic Earnings Per Share,us-gaap:EarningsPerShareBasic,reported,
income_statement,us-gaap:WeightedAverageNumberOfSharesOutstandingBasic,Average Shares Outstanding,2Q23,7.55,TRNS_SEC-XBRL-financials_as-presented_10-Q_2022-11-02_0001437749-22-025534.xlsx,Income Statement,"(Unaudited) Second Quarter Ended September 24, 2022",Average Shares Outstanding,us-gaap:WeightedAverageNumberOfSharesOutstandingBasic,reported,
income_statement,us-gaap:WeightedAverageNumberOfSharesOutstandingBasic,Average Shares Outstanding,6M23,7.542,TRNS_SEC-XBRL-financials_as-presented_10-Q_2022-11-02_0001437749-22-025534.xlsx,Income Statement,"(Unaudited) Six Months Ended September 24, 2022",Average Shares Outstanding,us-gaap:WeightedAverageNumberOfSharesOutstandingBasic,reported,
income_statement,us-gaap:EarningsPerShareDiluted,Diluted Earnings Per Share,2Q23,0.31,TRNS_SEC-XBRL-financials_as-presented_10-Q_2022-11-02_0001437749-22-025534.xlsx,Income Statement,"(Unaudited) Second Quarter Ended September 24, 2022",Diluted Earnings Per Share,us-gaap:EarningsPerShareDiluted,reported,
income_statement,us-gaap:EarningsPerShareDiluted,Diluted Earnings Per Share,6M23,0.71,TRNS_SEC-XBRL-financials_as-presented_10-Q_2022-11-02_0001437749-22-025534.xlsx,Income Statement,"(Unaudited) Six Months Ended September 24, 2022",Diluted Earnings Per Share,us-gaap:EarningsPerShareDiluted,reported,
income_statement,us-gaap:WeightedAverageNumberOfDilutedSharesOutstanding,Average Shares Outstanding,2Q23,7.646,TRNS_SEC-XBRL-financials_as-presented_10-Q_2022-11-02_0001437749-22-025534.xlsx,Income Statement,"(Unaudited) Second Quarter Ended September 24, 2022",Average Shares Outstanding,us-gaap:WeightedAverageNumberOfDilutedSharesOutstanding,reported,
income_statement,us-gaap:WeightedAverageNumberOfDilutedSharesOutstanding,Average Shares Outstanding,6M23,7.635,TRNS_SEC-XBRL-financials_as-presented_10-Q_2022-11-02_0001437749-22-025534.xlsx,Income Statement,"(Unaudited) Six Months Ended September 24, 2022",Average Shares Outstanding,us-gaap:WeightedAverageNumberOfDilutedSharesOutstanding,reported,
balance_sheet,us-gaap:Cash,Cash,2Q23,0.909,TRNS_SEC-XBRL-financials_as-presented_10-Q_2022-11-02_0001437749-22-025534.xlsx,Balance Sheet,"(Unaudited) September 24, 2022",Cash,us-gaap:Cash,reported,
balance_sheet,us-gaap:AccountsReceivableNetCurrent,"Accounts Receivable, less allowance for credit losses of $851 and $659",2Q23,39.744,TRNS_SEC-XBRL-financials_as-presented_10-Q_2022-11-02_0001437749-22-025534.xlsx,Balance Sheet,"(Unaudited) September 24, 2022","Accounts Receivable, less allowance for doubtful accounts of $515 and $460 as of September 24, 2022 and March 26, 2022, respectively",us-gaap:AccountsReceivableNetCurrent,reported,
balance_sheet,us-gaap:OtherReceivablesNetCurrent,Other Receivables,2Q23,0.78,TRNS_SEC-XBRL-financials_as-presented_10-Q_2022-11-02_0001437749-22-025534.xlsx,Balance Sheet,"(Unaudited) September 24, 2022",Other Receivables,us-gaap:OtherReceivablesNetCurrent,reported,
balance_sheet,us-gaap:InventoryNet,Inventory,2Q23,16.764,TRNS_SEC-XBRL-financials_as-presented_10-Q_2022-11-02_0001437749-22-025534.xlsx,Balance Sheet,"(Unaudited) September 24, 2022","Inventory, net",us-gaap:InventoryNet,reported,
balance_sheet,us-gaap:PrepaidExpenseAndOtherAssetsCurrent,Prepaid Expenses and Other Current Assets,2Q23,4.419,TRNS_SEC-XBRL-financials_as-presented_10-Q_2022-11-02_0001437749-22-025534.xlsx,Balance Sheet,"(Unaudited) September 24, 2022",Prepaid Expenses and Other Current Assets,us-gaap:PrepaidExpenseAndOtherAssetsCurrent,reported,
balance_sheet,us-gaap:AssetsCurrent,Total Current Assets,2Q23,62.616,TRNS_SEC-XBRL-financials_as-presented_10-Q_2022-11-02_0001437749-22-025534.xlsx,Balance Sheet,"(Unaudited) September 24, 2022",Total Current Assets,us-gaap:AssetsCurrent,reported,
balance_sheet,us-gaap:PropertyPlantAndEquipmentNet,"Property and Equipment, net",2Q23,27.77,TRNS_SEC-XBRL-financials_as-presented_10-Q_2022-11-02_0001437749-22-025534.xlsx,Balance Sheet,"(Unaudited) September 24, 2022","Property and Equipment, net",us-gaap:PropertyPlantAndEquipmentNet,reported,
balance_sheet,us-gaap:Goodwill,Goodwill,2Q23,66.118,TRNS_SEC-XBRL-financials_as-presented_10-Q_2022-11-02_0001437749-22-025534.xlsx,Balance Sheet,"(Unaudited) September 24, 2022",Goodwill,us-gaap:Goodwill,reported,
balance_sheet,us-gaap:IntangibleAssetsNetExcludingGoodwill,"Intangible Assets, net",2Q23,14.88,TRNS_SEC-XBRL-financials_as-presented_10-Q_2022-11-02_0001437749-22-025534.xlsx,Balance Sheet,"(Unaudited) September 24, 2022","Intangible Assets, net",us-gaap:IntangibleAssetsNetExcludingGoodwill,reported,
balance_sheet,us-gaap:OperatingLeaseRightOfUseAsset,"Right to Use Assets, net",2Q23,14.532,TRNS_SEC-XBRL-financials_as-presented_10-Q_2022-11-02_0001437749-22-025534.xlsx,Balance Sheet,"(Unaudited) September 24, 2022","Right To Use Assets, net",us-gaap:OperatingLeaseRightOfUseAsset,reported,
balance_sheet,us-gaap:OtherAssetsNoncurrent,Other Assets,2Q23,0.805,TRNS_SEC-XBRL-financials_as-presented_10-Q_2022-11-02_0001437749-22-025534.xlsx,Balance Sheet,"(Unaudited) September 24, 2022",Other Assets,us-gaap:OtherAssetsNoncurrent,reported,
balance_sheet,us-gaap:Assets,Total Assets,2Q23,186.721,TRNS_SEC-XBRL-financials_as-presented_10-Q_2022-11-02_0001437749-22-025534.xlsx,Balance Sheet,"(Unaudited) September 24, 2022",Total Assets,us-gaap:Assets,reported,
balance_sheet,us-gaap:AccountsPayableCurrent,Accounts Payable,2Q23,13.599,TRNS_SEC-XBRL-financials_as-presented_10-Q_2022-11-02_0001437749-22-025534.xlsx,Balance Sheet,"(Unaudited) September 24, 2022",Accounts Payable,us-gaap:AccountsPayableCurrent,reported,
balance_sheet,trns:AccruedCompensationAndOtherLiabilitiesCurrent,Accrued Compensation and Other Current Liabilities,2Q23,9.086,TRNS_SEC-XBRL-financials_as-presented_10-Q_2022-11-02_0001437749-22-025534.xlsx,Balance Sheet,"(Unaudited) September 24, 2022",Accrued Compensation and Other Current Liabilities,trns:AccruedCompensationAndOtherLiabilitiesCurrent,reported,
balance_sheet,us-gaap:LongTermDebtCurrent,Current Portion of Long-Term Debt,2Q23,2.205,TRNS_SEC-XBRL-financials_as-presented_10-Q_2022-11-02_0001437749-22-025534.xlsx,Balance Sheet,"(Unaudited) September 24, 2022",Current Portion of Long-Term Debt,us-gaap:LongTermDebtCurrent,reported,
balance_sheet,us-gaap:LiabilitiesCurrent,Total Current Liabilities,2Q23,24.89,TRNS_SEC-XBRL-financials_as-presented_10-Q_2022-11-02_0001437749-22-025534.xlsx,Balance Sheet,"(Unaudited) September 24, 2022",Total Current Liabilities,us-gaap:LiabilitiesCurrent,reported,
balance_sheet,us-gaap:LongTermDebtNoncurrent,Long-Term Debt,2Q23,48.608,TRNS_SEC-XBRL-financials_as-presented_10-Q_2022-11-02_0001437749-22-025534.xlsx,Balance Sheet,"(Unaudited) September 24, 2022",Long-Term Debt,us-gaap:LongTermDebtNoncurrent,reported,
balance_sheet,us-gaap:DeferredIncomeTaxLiabilitiesNet,"Deferred Tax Liabilities, net",2Q23,6.67,TRNS_SEC-XBRL-financials_as-presented_10-Q_2022-11-02_0001437749-22-025534.xlsx,Balance Sheet,"(Unaudited) September 24, 2022","Deferred Tax Liabilities, net",us-gaap:DeferredIncomeTaxLiabilitiesNet,reported,
balance_sheet,us-gaap:OperatingLeaseLiabilityNoncurrent,Lease Liabilities,2Q23,12.733,TRNS_SEC-XBRL-financials_as-presented_10-Q_2022-11-02_0001437749-22-025534.xlsx,Balance Sheet,"(Unaudited) September 24, 2022",Lease Liabilities,us-gaap:OperatingLeaseLiabilityNoncurrent,reported,
balance_sheet,us-gaap:OtherLiabilitiesNoncurrent,Other Liabilities,2Q23,1.492,TRNS_SEC-XBRL-financials_as-presented_10-Q_2022-11-02_0001437749-22-025534.xlsx,Balance Sheet,"(Unaudited) September 24, 2022",Other Liabilities,us-gaap:OtherLiabilitiesNoncurrent,reported,
balance_sheet,us-gaap:Liabilities,Total Liabilities,2Q23,94.393,TRNS_SEC-XBRL-financials_as-presented_10-Q_2022-11-02_0001437749-22-025534.xlsx,Balance Sheet,"(Unaudited) September 24, 2022",Total Liabilities,us-gaap:Liabilities,reported,
balance_sheet,us-gaap:CommonStockValue,"Common Stock, par value $0.50 per share, 30,000,000 shares authorized; 9,333,953 and 9,315,840 shares issued and outstanding as of March 28, 2026 and March 29, 2025, respectively",2Q23,3.779,TRNS_SEC-XBRL-financials_as-presented_10-Q_2022-11-02_0001437749-22-025534.xlsx,Balance Sheet,"(Unaudited) September 24, 2022","Common Stock, par value $0.50 per share, 30,000,000 shares authorized; 7,557,626 and 7,529,078 shares issued and outstanding as of September 24, 2022 and March 26, 2022, respectively",us-gaap:CommonStockValue,reported,
balance_sheet,us-gaap:AdditionalPaidInCapitalCommonStock,Capital in Excess of Par Value,2Q23,26.17,TRNS_SEC-XBRL-financials_as-presented_10-Q_2022-11-02_0001437749-22-025534.xlsx,Balance Sheet,"(Unaudited) September 24, 2022",Capital in Excess of Par Value,us-gaap:AdditionalPaidInCapitalCommonStock,reported,
balance_sheet,us-gaap:AccumulatedOtherComprehensiveIncomeLossNetOfTax,Accumulated Other Comprehensive Loss,2Q23,-1.524,TRNS_SEC-XBRL-financials_as-presented_10-Q_2022-11-02_0001437749-22-025534.xlsx,Balance Sheet,"(Unaudited) September 24, 2022",Accumulated Other Comprehensive Loss,us-gaap:AccumulatedOtherComprehensiveIncomeLossNetOfTax,reported,
balance_sheet,us-gaap:RetainedEarningsAccumulatedDeficit,Retained Earnings,2Q23,63.903,TRNS_SEC-XBRL-financials_as-presented_10-Q_2022-11-02_0001437749-22-025534.xlsx,Balance Sheet,"(Unaudited) September 24, 2022",Retained Earnings,us-gaap:RetainedEarningsAccumulatedDeficit,reported,
balance_sheet,us-gaap:StockholdersEquity,Total Shareholders' Equity,2Q23,92.328,TRNS_SEC-XBRL-financials_as-presented_10-Q_2022-11-02_0001437749-22-025534.xlsx,Balance Sheet,"(Unaudited) September 24, 2022",Total Shareholders' Equity,us-gaap:StockholdersEquity,reported,
balance_sheet,us-gaap:LiabilitiesAndStockholdersEquity,Total Liabilities and Shareholders' Equity,2Q23,186.721,TRNS_SEC-XBRL-financials_as-presented_10-Q_2022-11-02_0001437749-22-025534.xlsx,Balance Sheet,"(Unaudited) September 24, 2022",Total Liabilities and Shareholders' Equity,us-gaap:LiabilitiesAndStockholdersEquity,reported,
cash_flow,us-gaap:NetIncomeLoss,Net Income,6M23,5.429,TRNS_SEC-XBRL-financials_as-presented_10-Q_2022-11-02_0001437749-22-025534.xlsx,Cash Flow,"(Unaudited) Six Months Ended September 24, 2022",Net Income,us-gaap:NetIncomeLoss,reported,
cash_flow,us-gaap:GainLossOnSaleOfPropertyPlantEquipment,Net (Gain) Loss on Disposal of Property and Equipment,6M23,0.034,TRNS_SEC-XBRL-financials_as-presented_10-Q_2022-11-02_0001437749-22-025534.xlsx,Cash Flow,"(Unaudited) Six Months Ended September 24, 2022",Net Loss on Disposal of Property and Equipment,us-gaap:GainLossOnSaleOfPropertyPlantEquipment,reported,
cash_flow,us-gaap:DeferredIncomeTaxesAndTaxCredits,Deferred Income Taxes,6M23,-0.054,TRNS_SEC-XBRL-financials_as-presented_10-Q_2022-11-02_0001437749-22-025534.xlsx,Cash Flow,"(Unaudited) Six Months Ended September 24, 2022",Deferred Income Taxes,us-gaap:DeferredIncomeTaxExpenseBenefit,reported,
cash_flow,us-gaap:DepreciationDepletionAndAmortization,Depreciation and Amortization,6M23,5.419,TRNS_SEC-XBRL-financials_as-presented_10-Q_2022-11-02_0001437749-22-025534.xlsx,Cash Flow,"(Unaudited) Six Months Ended September 24, 2022",Depreciation and Amortization,us-gaap:DepreciationDepletionAndAmortization,reported,
cash_flow,trns:AccountsReceivableCreditLossExpenseReversalAndInventoryWritedown,Provision for Accounts Receivable and Inventory Reserves,6M23,0.094,TRNS_SEC-XBRL-financials_as-presented_10-Q_2022-11-02_0001437749-22-025534.xlsx,Cash Flow,"(Unaudited) Six Months Ended September 24, 2022",Provision for Accounts Receivable and Inventory Reserves,trns:AccountsReceivableCreditLossExpenseReversalAndInventoryWritedown,reported,
cash_flow,us-gaap:ShareBasedCompensation,Stock-Based Compensation Expense,6M23,1.942,TRNS_SEC-XBRL-financials_as-presented_10-Q_2022-11-02_0001437749-22-025534.xlsx,Cash Flow,"(Unaudited) Six Months Ended September 24, 2022",Stock-Based Compensation Expense,us-gaap:ShareBasedCompensation,reported,
cash_flow,us-gaap:IncreaseDecreaseInAccountsAndOtherReceivables,Accounts Receivable and Other Receivables,6M23,-1.238,TRNS_SEC-XBRL-financials_as-presented_10-Q_2022-11-02_0001437749-22-025534.xlsx,Cash Flow,"(Unaudited) Six Months Ended September 24, 2022",Accounts Receivable and Other Receivables,us-gaap:IncreaseDecreaseInAccountsAndOtherReceivables,reported,
cash_flow,us-gaap:IncreaseDecreaseInInventories,Inventory,6M23,-3.724,TRNS_SEC-XBRL-financials_as-presented_10-Q_2022-11-02_0001437749-22-025534.xlsx,Cash Flow,"(Unaudited) Six Months Ended September 24, 2022",Inventory,us-gaap:IncreaseDecreaseInInventories,reported,
cash_flow,us-gaap:IncreaseDecreaseInPrepaidDeferredExpenseAndOtherAssets,Prepaid Expenses and Other Current Assets,6M23,0.881,TRNS_SEC-XBRL-financials_as-presented_10-Q_2022-11-02_0001437749-22-025534.xlsx,Cash Flow,"(Unaudited) Six Months Ended September 24, 2022",Prepaid Expenses and Other Current Assets,us-gaap:IncreaseDecreaseInPrepaidDeferredExpenseAndOtherAssets,reported,
cash_flow,us-gaap:IncreaseDecreaseInAccountsPayable,Accounts Payable,6M23,-0.586,TRNS_SEC-XBRL-financials_as-presented_10-Q_2022-11-02_0001437749-22-025534.xlsx,Cash Flow,"(Unaudited) Six Months Ended September 24, 2022",Accounts Payable,us-gaap:IncreaseDecreaseInAccountsPayable,reported,
cash_flow,us-gaap:IncreaseDecreaseInAccruedLiabilitiesAndOtherOperatingLiabilities,Accrued Compensation and Other Current Liabilities,6M23,-2.962,TRNS_SEC-XBRL-financials_as-presented_10-Q_2022-11-02_0001437749-22-025534.xlsx,Cash Flow,"(Unaudited) Six Months Ended September 24, 2022",Accrued Compensation and Other Current Liabilities,us-gaap:IncreaseDecreaseInAccruedLiabilitiesAndOtherOperatingLiabilities,reported,
cash_flow,us-gaap:NetCashProvidedByUsedInOperatingActivities,Net Cash Provided by Operating Activities,6M23,5.235,TRNS_SEC-XBRL-financials_as-presented_10-Q_2022-11-02_0001437749-22-025534.xlsx,Cash Flow,"(Unaudited) Six Months Ended September 24, 2022",Net Cash Provided by Operating Activities,us-gaap:NetCashProvidedByUsedInOperatingActivities,reported,
cash_flow,us-gaap:PaymentsToAcquirePropertyPlantAndEquipment,Purchase of Property and Equipment,6M23,-4.772,TRNS_SEC-XBRL-financials_as-presented_10-Q_2022-11-02_0001437749-22-025534.xlsx,Cash Flow,"(Unaudited) Six Months Ended September 24, 2022",Purchases of Property and Equipment,us-gaap:PaymentsToAcquirePropertyPlantAndEquipment,reported,
cash_flow,us-gaap:ProceedsFromSaleOfPropertyPlantAndEquipment,Proceeds from Sale of Property and Equipment,6M23,0.01,TRNS_SEC-XBRL-financials_as-presented_10-Q_2022-11-02_0001437749-22-025534.xlsx,Cash Flow,"(Unaudited) Six Months Ended September 24, 2022",Proceeds from Sale of Property and Equipment,us-gaap:ProceedsFromSaleOfPropertyPlantAndEquipment,reported,
cash_flow,us-gaap:PaymentsToAcquireBusinessesNetOfCashAcquired,"Business Acquisitions, net of cash acquired",6M23,-4.04,TRNS_SEC-XBRL-financials_as-presented_10-Q_2022-11-02_0001437749-22-025534.xlsx,Cash Flow,"(Unaudited) Six Months Ended September 24, 2022","Business Acquisitions, net of cash acquired",us-gaap:PaymentsToAcquireBusinessesNetOfCashAcquired,reported,
cash_flow,us-gaap:NetCashProvidedByUsedInInvestingActivities,Net Cash Used in Investing Activities,6M23,-8.802,TRNS_SEC-XBRL-financials_as-presented_10-Q_2022-11-02_0001437749-22-025534.xlsx,Cash Flow,"(Unaudited) Six Months Ended September 24, 2022",Net Cash Used in Investing Activities,us-gaap:NetCashProvidedByUsedInInvestingActivities,reported,
cash_flow,us-gaap:ProceedsFromRepaymentsOfLinesOfCredit,"Proceeds From Revolving Credit Facility, net of lender fees",6M23,3.387,TRNS_SEC-XBRL-financials_as-presented_10-Q_2022-11-02_0001437749-22-025534.xlsx,Cash Flow,"(Unaudited) Six Months Ended September 24, 2022","Proceeds from Revolving Credit Facility, net",us-gaap:ProceedsFromLinesOfCredit,reported,
cash_flow,us-gaap:RepaymentsOfLongTermDebt,Repayments of Term Loan,6M23,-1.026,TRNS_SEC-XBRL-financials_as-presented_10-Q_2022-11-02_0001437749-22-025534.xlsx,Cash Flow,"(Unaudited) Six Months Ended September 24, 2022",Repayments of Term Loan,us-gaap:RepaymentsOfLongTermDebt,reported,
cash_flow,trns:ProceedsFromIssuanceOfCommonStockNet,"Issuance of Common Stock, net of direct costs",6M23,0.364,TRNS_SEC-XBRL-financials_as-presented_10-Q_2022-11-02_0001437749-22-025534.xlsx,Cash Flow,"(Unaudited) Six Months Ended September 24, 2022",Issuance of Common Stock,us-gaap:ProceedsFromIssuanceOfCommonStock,reported,
cash_flow,us-gaap:PaymentsForRepurchaseOfCommonStock,Repurchase of Common Stock,6M23,-0.437,TRNS_SEC-XBRL-financials_as-presented_10-Q_2022-11-02_0001437749-22-025534.xlsx,Cash Flow,"(Unaudited) Six Months Ended September 24, 2022",Repurchase of Common Stock,us-gaap:PaymentsForRepurchaseOfCommonStock,reported,
cash_flow,us-gaap:NetCashProvidedByUsedInFinancingActivities,Net Cash Provided by Financing Activities,6M23,2.288,TRNS_SEC-XBRL-financials_as-presented_10-Q_2022-11-02_0001437749-22-025534.xlsx,Cash Flow,"(Unaudited) Six Months Ended September 24, 2022",Net Cash Provided by Financing Activities,us-gaap:NetCashProvidedByUsedInFinancingActivities,reported,
cash_flow,us-gaap:EffectOfExchangeRateOnCashCashEquivalentsRestrictedCashAndRestrictedCashEquivalentsIncludingDisposalGroupAndDiscontinuedOperations,Effect of Exchange Rate Changes on Cash,6M23,0.792,TRNS_SEC-XBRL-financials_as-presented_10-Q_2022-11-02_0001437749-22-025534.xlsx,Cash Flow,"(Unaudited) Six Months Ended September 24, 2022",Effect of Exchange Rate Changes on Cash,us-gaap:EffectOfExchangeRateOnCashCashEquivalentsRestrictedCashAndRestrictedCashEquivalentsIncludingDisposalGroupAndDiscontinuedOperations,reported,
cash_flow,us-gaap:CashCashEquivalentsRestrictedCashAndRestrictedCashEquivalentsPeriodIncreaseDecreaseIncludingExchangeRateEffect,Net (Decrease) Increase in Cash and Cash Equivalents,6M23,-0.487,TRNS_SEC-XBRL-financials_as-presented_10-Q_2022-11-02_0001437749-22-025534.xlsx,Cash Flow,"(Unaudited) Six Months Ended September 24, 2022",Net (Decrease) Increase in Cash,us-gaap:CashCashEquivalentsRestrictedCashAndRestrictedCashEquivalentsPeriodIncreaseDecreaseIncludingExchangeRateEffect,reported,
cash_flow,us-gaap:CashCashEquivalentsRestrictedCashAndRestrictedCashEquivalentsIncludingDisposalGroupAndDiscontinuedOperations,Cash and Cash Equivalents at Beginning of Fiscal Year,6M23,1.396,TRNS_SEC-XBRL-financials_as-presented_10-Q_2022-11-02_0001437749-22-025534.xlsx,Cash Flow,"(Unaudited) Six Months Ended September 24, 2022",Cash at Beginning of Period,us-gaap:CashCashEquivalentsRestrictedCashAndRestrictedCashEquivalentsIncludingDisposalGroupAndDiscontinuedOperations,reported,
cash_flow,trns:InterestPaidReceivedExcludingCapitalizedInterestOperatingActivities,"Interest, net",6M23,0.829,TRNS_SEC-XBRL-financials_as-presented_10-Q_2022-11-02_0001437749-22-025534.xlsx,Cash Flow,"(Unaudited) Six Months Ended September 24, 2022",Interest,us-gaap:InterestPaidNet,reported,
cash_flow,us-gaap:IncomeTaxesPaidNet,"Income Taxes, net",6M23,0.484,TRNS_SEC-XBRL-financials_as-presented_10-Q_2022-11-02_0001437749-22-025534.xlsx,Cash Flow,"(Unaudited) Six Months Ended September 24, 2022","Income Taxes, net",us-gaap:IncomeTaxesPaidNet,reported,
cash_flow,us-gaap:StockIssued1,Common stock issued for acquisitions,6M23,0.145,TRNS_SEC-XBRL-financials_as-presented_10-Q_2022-11-02_0001437749-22-025534.xlsx,Cash Flow,"(Unaudited) Six Months Ended September 24, 2022",Common stock issued for acquisitions,us-gaap:StockIssued1,reported,
cash_flow,trns:NoncashOrPartNoncashAcquisitionAccruedContingentConsiderationRelatedToAcquisition,Contingent consideration related to NEXA acquisition,6M23,0.518,TRNS_SEC-XBRL-financials_as-presented_10-Q_2022-11-02_0001437749-22-025534.xlsx,Cash Flow,"(Unaudited) Six Months Ended September 24, 2022",Accrued holdback consideration related to Alliance acquisition,trns:NoncashOrPartNoncashAcquisitionAccruedContingentConsiderationRelatedToAcquisition,reported,
income_statement,us-gaap:Revenues,Service Revenue,3Q23,35.977,TRNS_SEC-XBRL-financials_as-presented_10-Q_2023-02-01_0001437749-23-002249.xlsx,Income Statement,"(Unaudited) Third Quarter Ended December 24, 2022",Service Revenue,us-gaap:Revenues,reported,
income_statement,us-gaap:Revenues,Service Revenue,9M23,105.12,TRNS_SEC-XBRL-financials_as-presented_10-Q_2023-02-01_0001437749-23-002249.xlsx,Income Statement,"(Unaudited) Nine Months Ended December 24, 2022",Service Revenue,us-gaap:Revenues,reported,
income_statement,us-gaap:CostOfGoodsAndServicesSold,Cost of Service Revenue,3Q23,25.184,TRNS_SEC-XBRL-financials_as-presented_10-Q_2023-02-01_0001437749-23-002249.xlsx,Income Statement,"(Unaudited) Third Quarter Ended December 24, 2022",Cost of Service Revenue,us-gaap:CostOfGoodsAndServicesSold,reported,
income_statement,us-gaap:CostOfGoodsAndServicesSold,Cost of Service Revenue,9M23,72.005,TRNS_SEC-XBRL-financials_as-presented_10-Q_2023-02-01_0001437749-23-002249.xlsx,Income Statement,"(Unaudited) Nine Months Ended December 24, 2022",Cost of Service Revenue,us-gaap:CostOfGoodsAndServicesSold,reported,
income_statement,us-gaap:GrossProfit,Gross Profit,3Q23,16.4,TRNS_SEC-XBRL-financials_as-presented_10-Q_2023-02-01_0001437749-23-002249.xlsx,Income Statement,"(Unaudited) Third Quarter Ended December 24, 2022",Gross Profit,us-gaap:GrossProfit,reported,
income_statement,us-gaap:GrossProfit,Gross Profit,9M23,49.205,TRNS_SEC-XBRL-financials_as-presented_10-Q_2023-02-01_0001437749-23-002249.xlsx,Income Statement,"(Unaudited) Nine Months Ended December 24, 2022",Gross Profit,us-gaap:GrossProfit,reported,
income_statement,us-gaap:SellingAndMarketingExpense,"Selling, Marketing and Warehouse Expenses",3Q23,6.595,TRNS_SEC-XBRL-financials_as-presented_10-Q_2023-02-01_0001437749-23-002249.xlsx,Income Statement,"(Unaudited) Third Quarter Ended December 24, 2022","Selling, Marketing and Warehouse Expenses",us-gaap:SellingAndMarketingExpense,reported,
income_statement,us-gaap:SellingAndMarketingExpense,"Selling, Marketing and Warehouse Expenses",9M23,18.315,TRNS_SEC-XBRL-financials_as-presented_10-Q_2023-02-01_0001437749-23-002249.xlsx,Income Statement,"(Unaudited) Nine Months Ended December 24, 2022","Selling, Marketing and Warehouse Expenses",us-gaap:SellingAndMarketingExpense,reported,
income_statement,us-gaap:GeneralAndAdministrativeExpense,General and Administrative Expenses,3Q23,6.642,TRNS_SEC-XBRL-financials_as-presented_10-Q_2023-02-01_0001437749-23-002249.xlsx,Income Statement,"(Unaudited) Third Quarter Ended December 24, 2022",General and Administrative Expenses,us-gaap:GeneralAndAdministrativeExpense,reported,
income_statement,us-gaap:GeneralAndAdministrativeExpense,General and Administrative Expenses,9M23,20.497,TRNS_SEC-XBRL-financials_as-presented_10-Q_2023-02-01_0001437749-23-002249.xlsx,Income Statement,"(Unaudited) Nine Months Ended December 24, 2022",General and Administrative Expenses,us-gaap:GeneralAndAdministrativeExpense,reported,
income_statement,us-gaap:OperatingExpenses,Total Operating Expenses,3Q23,13.237,TRNS_SEC-XBRL-financials_as-presented_10-Q_2023-02-01_0001437749-23-002249.xlsx,Income Statement,"(Unaudited) Third Quarter Ended December 24, 2022",Total Operating Expenses,us-gaap:OperatingExpenses,reported,
income_statement,us-gaap:OperatingExpenses,Total Operating Expenses,9M23,38.812,TRNS_SEC-XBRL-financials_as-presented_10-Q_2023-02-01_0001437749-23-002249.xlsx,Income Statement,"(Unaudited) Nine Months Ended December 24, 2022",Total Operating Expenses,us-gaap:OperatingExpenses,reported,
income_statement,us-gaap:OperatingIncomeLoss,Operating Income,3Q23,3.163,TRNS_SEC-XBRL-financials_as-presented_10-Q_2023-02-01_0001437749-23-002249.xlsx,Income Statement,"(Unaudited) Third Quarter Ended December 24, 2022",Operating Income,us-gaap:OperatingIncomeLoss,reported,
income_statement,us-gaap:OperatingIncomeLoss,Operating Income,9M23,10.393,TRNS_SEC-XBRL-financials_as-presented_10-Q_2023-02-01_0001437749-23-002249.xlsx,Income Statement,"(Unaudited) Nine Months Ended December 24, 2022",Operating Income,us-gaap:OperatingIncomeLoss,reported,
income_statement,us-gaap:NonoperatingIncomeExpense,"Total Interest and Other (Income)/Expense, net",3Q23,1.039,TRNS_SEC-XBRL-financials_as-presented_10-Q_2023-02-01_0001437749-23-002249.xlsx,Income Statement,"(Unaudited) Third Quarter Ended December 24, 2022","Interest and Other Expense, net",us-gaap:NonoperatingIncomeExpense,reported,
income_statement,us-gaap:NonoperatingIncomeExpense,"Total Interest and Other (Income)/Expense, net",9M23,1.732,TRNS_SEC-XBRL-financials_as-presented_10-Q_2023-02-01_0001437749-23-002249.xlsx,Income Statement,"(Unaudited) Nine Months Ended December 24, 2022","Interest and Other Expense, net",us-gaap:NonoperatingIncomeExpense,reported,
income_statement,us-gaap:IncomeLossFromContinuingOperationsBeforeIncomeTaxesExtraordinaryItemsNoncontrollingInterest,Income Before Provision for Income Taxes,3Q23,2.124,TRNS_SEC-XBRL-financials_as-presented_10-Q_2023-02-01_0001437749-23-002249.xlsx,Income Statement,"(Unaudited) Third Quarter Ended December 24, 2022",Income Before Income Taxes,us-gaap:IncomeLossFromContinuingOperationsBeforeIncomeTaxesExtraordinaryItemsNoncontrollingInterest,reported,
income_statement,us-gaap:IncomeLossFromContinuingOperationsBeforeIncomeTaxesExtraordinaryItemsNoncontrollingInterest,Income Before Provision for Income Taxes,9M23,8.661,TRNS_SEC-XBRL-financials_as-presented_10-Q_2023-02-01_0001437749-23-002249.xlsx,Income Statement,"(Unaudited) Nine Months Ended December 24, 2022",Income Before Income Taxes,us-gaap:IncomeLossFromContinuingOperationsBeforeIncomeTaxesExtraordinaryItemsNoncontrollingInterest,reported,
income_statement,us-gaap:IncomeTaxExpenseBenefit,Provision for Income Taxes,3Q23,0.523,TRNS_SEC-XBRL-financials_as-presented_10-Q_2023-02-01_0001437749-23-002249.xlsx,Income Statement,"(Unaudited) Third Quarter Ended December 24, 2022",Provision for Income Taxes,us-gaap:IncomeTaxExpenseBenefit,reported,
income_statement,us-gaap:IncomeTaxExpenseBenefit,Provision for Income Taxes,9M23,1.631,TRNS_SEC-XBRL-financials_as-presented_10-Q_2023-02-01_0001437749-23-002249.xlsx,Income Statement,"(Unaudited) Nine Months Ended December 24, 2022",Provision for Income Taxes,us-gaap:IncomeTaxExpenseBenefit,reported,
income_statement,us-gaap:NetIncomeLoss,Net Income,3Q23,1.601,TRNS_SEC-XBRL-financials_as-presented_10-Q_2023-02-01_0001437749-23-002249.xlsx,Income Statement,"(Unaudited) Third Quarter Ended December 24, 2022",Net Income,us-gaap:NetIncomeLoss,reported,
income_statement,us-gaap:NetIncomeLoss,Net Income,9M23,7.03,TRNS_SEC-XBRL-financials_as-presented_10-Q_2023-02-01_0001437749-23-002249.xlsx,Income Statement,"(Unaudited) Nine Months Ended December 24, 2022",Net Income,us-gaap:NetIncomeLoss,reported,
income_statement,us-gaap:EarningsPerShareBasic,Basic Earnings Per Share,3Q23,0.21,TRNS_SEC-XBRL-financials_as-presented_10-Q_2023-02-01_0001437749-23-002249.xlsx,Income Statement,"(Unaudited) Third Quarter Ended December 24, 2022",Basic Earnings Per Share,us-gaap:EarningsPerShareBasic,reported,
income_statement,us-gaap:EarningsPerShareBasic,Basic Earnings Per Share,9M23,0.93,TRNS_SEC-XBRL-financials_as-presented_10-Q_2023-02-01_0001437749-23-002249.xlsx,Income Statement,"(Unaudited) Nine Months Ended December 24, 2022",Basic Earnings Per Share,us-gaap:EarningsPerShareBasic,reported,
income_statement,us-gaap:WeightedAverageNumberOfSharesOutstandingBasic,Average Shares Outstanding,3Q23,7.559,TRNS_SEC-XBRL-financials_as-presented_10-Q_2023-02-01_0001437749-23-002249.xlsx,Income Statement,"(Unaudited) Third Quarter Ended December 24, 2022",Average Shares Outstanding,us-gaap:WeightedAverageNumberOfSharesOutstandingBasic,reported,
income_statement,us-gaap:WeightedAverageNumberOfSharesOutstandingBasic,Average Shares Outstanding,9M23,7.547,TRNS_SEC-XBRL-financials_as-presented_10-Q_2023-02-01_0001437749-23-002249.xlsx,Income Statement,"(Unaudited) Nine Months Ended December 24, 2022",Average Shares Outstanding,us-gaap:WeightedAverageNumberOfSharesOutstandingBasic,reported,
income_statement,us-gaap:EarningsPerShareDiluted,Diluted Earnings Per Share,3Q23,0.21,TRNS_SEC-XBRL-financials_as-presented_10-Q_2023-02-01_0001437749-23-002249.xlsx,Income Statement,"(Unaudited) Third Quarter Ended December 24, 2022",Diluted Earnings Per Share,us-gaap:EarningsPerShareDiluted,reported,
income_statement,us-gaap:EarningsPerShareDiluted,Diluted Earnings Per Share,9M23,0.92,TRNS_SEC-XBRL-financials_as-presented_10-Q_2023-02-01_0001437749-23-002249.xlsx,Income Statement,"(Unaudited) Nine Months Ended December 24, 2022",Diluted Earnings Per Share,us-gaap:EarningsPerShareDiluted,reported,
income_statement,us-gaap:WeightedAverageNumberOfDilutedSharesOutstanding,Average Shares Outstanding,3Q23,7.666,TRNS_SEC-XBRL-financials_as-presented_10-Q_2023-02-01_0001437749-23-002249.xlsx,Income Statement,"(Unaudited) Third Quarter Ended December 24, 2022",Average Shares Outstanding,us-gaap:WeightedAverageNumberOfDilutedSharesOutstanding,reported,
income_statement,us-gaap:WeightedAverageNumberOfDilutedSharesOutstanding,Average Shares Outstanding,9M23,7.644,TRNS_SEC-XBRL-financials_as-presented_10-Q_2023-02-01_0001437749-23-002249.xlsx,Income Statement,"(Unaudited) Nine Months Ended December 24, 2022",Average Shares Outstanding,us-gaap:WeightedAverageNumberOfDilutedSharesOutstanding,reported,
balance_sheet,us-gaap:Cash,Cash,3Q23,1.593,TRNS_SEC-XBRL-financials_as-presented_10-Q_2023-02-01_0001437749-23-002249.xlsx,Balance Sheet,"(Unaudited) December 24, 2022",Cash,us-gaap:Cash,reported,
balance_sheet,us-gaap:AccountsReceivableNetCurrent,"Accounts Receivable, less allowance for credit losses of $851 and $659",3Q23,37.702,TRNS_SEC-XBRL-financials_as-presented_10-Q_2023-02-01_0001437749-23-002249.xlsx,Balance Sheet,"(Unaudited) December 24, 2022","Accounts Receivable, less allowance for doubtful accounts of $488 and $460 as of December 24, 2022 and March 26, 2022, respectively",us-gaap:AccountsReceivableNetCurrent,reported,
balance_sheet,us-gaap:OtherReceivablesNetCurrent,Other Receivables,3Q23,0.377,TRNS_SEC-XBRL-financials_as-presented_10-Q_2023-02-01_0001437749-23-002249.xlsx,Balance Sheet,"(Unaudited) December 24, 2022",Other Receivables,us-gaap:OtherReceivablesNetCurrent,reported,
balance_sheet,us-gaap:InventoryNet,Inventory,3Q23,16.884,TRNS_SEC-XBRL-financials_as-presented_10-Q_2023-02-01_0001437749-23-002249.xlsx,Balance Sheet,"(Unaudited) December 24, 2022","Inventory, net",us-gaap:InventoryNet,reported,
balance_sheet,us-gaap:PrepaidExpenseAndOtherAssetsCurrent,Prepaid Expenses and Other Current Assets,3Q23,4.141,TRNS_SEC-XBRL-financials_as-presented_10-Q_2023-02-01_0001437749-23-002249.xlsx,Balance Sheet,"(Unaudited) December 24, 2022",Prepaid Expenses and Other Current Assets,us-gaap:PrepaidExpenseAndOtherAssetsCurrent,reported,
balance_sheet,us-gaap:AssetsCurrent,Total Current Assets,3Q23,60.697,TRNS_SEC-XBRL-financials_as-presented_10-Q_2023-02-01_0001437749-23-002249.xlsx,Balance Sheet,"(Unaudited) December 24, 2022",Total Current Assets,us-gaap:AssetsCurrent,reported,
balance_sheet,us-gaap:PropertyPlantAndEquipmentNet,"Property and Equipment, net",3Q23,28.334,TRNS_SEC-XBRL-financials_as-presented_10-Q_2023-02-01_0001437749-23-002249.xlsx,Balance Sheet,"(Unaudited) December 24, 2022","Property and Equipment, net",us-gaap:PropertyPlantAndEquipmentNet,reported,
balance_sheet,us-gaap:Goodwill,Goodwill,3Q23,68.826,TRNS_SEC-XBRL-financials_as-presented_10-Q_2023-02-01_0001437749-23-002249.xlsx,Balance Sheet,"(Unaudited) December 24, 2022",Goodwill,us-gaap:Goodwill,reported,
balance_sheet,us-gaap:IntangibleAssetsNetExcludingGoodwill,"Intangible Assets, net",3Q23,14.843,TRNS_SEC-XBRL-financials_as-presented_10-Q_2023-02-01_0001437749-23-002249.xlsx,Balance Sheet,"(Unaudited) December 24, 2022","Intangible Assets, net",us-gaap:IntangibleAssetsNetExcludingGoodwill,reported,
balance_sheet,us-gaap:OperatingLeaseRightOfUseAsset,"Right to Use Assets, net",3Q23,14.874,TRNS_SEC-XBRL-financials_as-presented_10-Q_2023-02-01_0001437749-23-002249.xlsx,Balance Sheet,"(Unaudited) December 24, 2022","Right To Use Assets, net",us-gaap:OperatingLeaseRightOfUseAsset,reported,
balance_sheet,us-gaap:OtherAssetsNoncurrent,Other Assets,3Q23,0.895,TRNS_SEC-XBRL-financials_as-presented_10-Q_2023-02-01_0001437749-23-002249.xlsx,Balance Sheet,"(Unaudited) December 24, 2022",Other Assets,us-gaap:OtherAssetsNoncurrent,reported,
balance_sheet,us-gaap:Assets,Total Assets,3Q23,188.469,TRNS_SEC-XBRL-financials_as-presented_10-Q_2023-02-01_0001437749-23-002249.xlsx,Balance Sheet,"(Unaudited) December 24, 2022",Total Assets,us-gaap:Assets,reported,
balance_sheet,us-gaap:AccountsPayableCurrent,Accounts Payable,3Q23,13.845,TRNS_SEC-XBRL-financials_as-presented_10-Q_2023-02-01_0001437749-23-002249.xlsx,Balance Sheet,"(Unaudited) December 24, 2022",Accounts Payable,us-gaap:AccountsPayableCurrent,reported,
balance_sheet,trns:AccruedCompensationAndOtherLiabilitiesCurrent,Accrued Compensation and Other Current Liabilities,3Q23,9.012,TRNS_SEC-XBRL-financials_as-presented_10-Q_2023-02-01_0001437749-23-002249.xlsx,Balance Sheet,"(Unaudited) December 24, 2022",Accrued Compensation and Other Current Liabilities,trns:AccruedCompensationAndOtherLiabilitiesCurrent,reported,
balance_sheet,us-gaap:LongTermDebtCurrent,Current Portion of Long-Term Debt,3Q23,2.227,TRNS_SEC-XBRL-financials_as-presented_10-Q_2023-02-01_0001437749-23-002249.xlsx,Balance Sheet,"(Unaudited) December 24, 2022",Current Portion of Long-Term Debt,us-gaap:LongTermDebtCurrent,reported,
balance_sheet,us-gaap:LiabilitiesCurrent,Total Current Liabilities,3Q23,25.084,TRNS_SEC-XBRL-financials_as-presented_10-Q_2023-02-01_0001437749-23-002249.xlsx,Balance Sheet,"(Unaudited) December 24, 2022",Total Current Liabilities,us-gaap:LiabilitiesCurrent,reported,
balance_sheet,us-gaap:LongTermDebtNoncurrent,Long-Term Debt,3Q23,46.941,TRNS_SEC-XBRL-financials_as-presented_10-Q_2023-02-01_0001437749-23-002249.xlsx,Balance Sheet,"(Unaudited) December 24, 2022",Long-Term Debt,us-gaap:LongTermDebtNoncurrent,reported,
balance_sheet,us-gaap:DeferredIncomeTaxLiabilitiesNet,"Deferred Tax Liabilities, net",3Q23,6.672,TRNS_SEC-XBRL-financials_as-presented_10-Q_2023-02-01_0001437749-23-002249.xlsx,Balance Sheet,"(Unaudited) December 24, 2022","Deferred Tax Liabilities, net",us-gaap:DeferredIncomeTaxLiabilitiesNet,reported,
balance_sheet,us-gaap:OperatingLeaseLiabilityNoncurrent,Lease Liabilities,3Q23,12.998,TRNS_SEC-XBRL-financials_as-presented_10-Q_2023-02-01_0001437749-23-002249.xlsx,Balance Sheet,"(Unaudited) December 24, 2022",Lease Liabilities,us-gaap:OperatingLeaseLiabilityNoncurrent,reported,
balance_sheet,us-gaap:OtherLiabilitiesNoncurrent,Other Liabilities,3Q23,1.49,TRNS_SEC-XBRL-financials_as-presented_10-Q_2023-02-01_0001437749-23-002249.xlsx,Balance Sheet,"(Unaudited) December 24, 2022",Other Liabilities,us-gaap:OtherLiabilitiesNoncurrent,reported,
balance_sheet,us-gaap:Liabilities,Total Liabilities,3Q23,93.185,TRNS_SEC-XBRL-financials_as-presented_10-Q_2023-02-01_0001437749-23-002249.xlsx,Balance Sheet,"(Unaudited) December 24, 2022",Total Liabilities,us-gaap:Liabilities,reported,
balance_sheet,us-gaap:CommonStockValue,"Common Stock, par value $0.50 per share, 30,000,000 shares authorized; 9,333,953 and 9,315,840 shares issued and outstanding as of March 28, 2026 and March 29, 2025, respectively",3Q23,3.78,TRNS_SEC-XBRL-financials_as-presented_10-Q_2023-02-01_0001437749-23-002249.xlsx,Balance Sheet,"(Unaudited) December 24, 2022","Common Stock, par value $0.50 per share, 30,000,000 shares authorized; 7,560,420 and 7,529,078 shares issued and outstanding as of December 24, 2022 and March 26, 2022, respectively",us-gaap:CommonStockValue,reported,
balance_sheet,us-gaap:AdditionalPaidInCapitalCommonStock,Capital in Excess of Par Value,3Q23,27.123,TRNS_SEC-XBRL-financials_as-presented_10-Q_2023-02-01_0001437749-23-002249.xlsx,Balance Sheet,"(Unaudited) December 24, 2022",Capital in Excess of Par Value,us-gaap:AdditionalPaidInCapitalCommonStock,reported,
balance_sheet,us-gaap:AccumulatedOtherComprehensiveIncomeLossNetOfTax,Accumulated Other Comprehensive Loss,3Q23,-1.123,TRNS_SEC-XBRL-financials_as-presented_10-Q_2023-02-01_0001437749-23-002249.xlsx,Balance Sheet,"(Unaudited) December 24, 2022",Accumulated Other Comprehensive Loss,us-gaap:AccumulatedOtherComprehensiveIncomeLossNetOfTax,reported,
balance_sheet,us-gaap:RetainedEarningsAccumulatedDeficit,Retained Earnings,3Q23,65.504,TRNS_SEC-XBRL-financials_as-presented_10-Q_2023-02-01_0001437749-23-002249.xlsx,Balance Sheet,"(Unaudited) December 24, 2022",Retained Earnings,us-gaap:RetainedEarningsAccumulatedDeficit,reported,
balance_sheet,us-gaap:StockholdersEquity,Total Shareholders' Equity,3Q23,95.284,TRNS_SEC-XBRL-financials_as-presented_10-Q_2023-02-01_0001437749-23-002249.xlsx,Balance Sheet,"(Unaudited) December 24, 2022",Total Shareholders' Equity,us-gaap:StockholdersEquity,reported,
balance_sheet,us-gaap:LiabilitiesAndStockholdersEquity,Total Liabilities and Shareholders' Equity,3Q23,188.469,TRNS_SEC-XBRL-financials_as-presented_10-Q_2023-02-01_0001437749-23-002249.xlsx,Balance Sheet,"(Unaudited) December 24, 2022",Total Liabilities and Shareholders' Equity,us-gaap:LiabilitiesAndStockholdersEquity,reported,
cash_flow,us-gaap:NetIncomeLoss,Net Income,9M23,7.03,TRNS_SEC-XBRL-financials_as-presented_10-Q_2023-02-01_0001437749-23-002249.xlsx,Cash Flow,"(Unaudited) Nine Months Ended December 24, 2022",Net Income,us-gaap:NetIncomeLoss,reported,
cash_flow,us-gaap:GainLossOnSaleOfPropertyPlantEquipment,Net (Gain) Loss on Disposal of Property and Equipment,9M23,0.062,TRNS_SEC-XBRL-financials_as-presented_10-Q_2023-02-01_0001437749-23-002249.xlsx,Cash Flow,"(Unaudited) Nine Months Ended December 24, 2022",Net Loss on Disposal of Property and Equipment,us-gaap:GainLossOnSaleOfPropertyPlantEquipment,reported,
cash_flow,us-gaap:DeferredIncomeTaxesAndTaxCredits,Deferred Income Taxes,9M23,-0.052,TRNS_SEC-XBRL-financials_as-presented_10-Q_2023-02-01_0001437749-23-002249.xlsx,Cash Flow,"(Unaudited) Nine Months Ended December 24, 2022",Deferred Income Taxes,us-gaap:DeferredIncomeTaxExpenseBenefit,reported,
cash_flow,us-gaap:DepreciationDepletionAndAmortization,Depreciation and Amortization,9M23,8.243,TRNS_SEC-XBRL-financials_as-presented_10-Q_2023-02-01_0001437749-23-002249.xlsx,Cash Flow,"(Unaudited) Nine Months Ended December 24, 2022",Depreciation and Amortization,us-gaap:DepreciationDepletionAndAmortization,reported,
cash_flow,trns:AccountsReceivableCreditLossExpenseReversalAndInventoryWritedown,Provision for Accounts Receivable and Inventory Reserves,9M23,0.174,TRNS_SEC-XBRL-financials_as-presented_10-Q_2023-02-01_0001437749-23-002249.xlsx,Cash Flow,"(Unaudited) Nine Months Ended December 24, 2022",Provision for Accounts Receivable and Inventory Reserves,trns:AccountsReceivableCreditLossExpenseReversalAndInventoryWritedown,reported,
cash_flow,us-gaap:ShareBasedCompensation,Stock-Based Compensation Expense,9M23,2.757,TRNS_SEC-XBRL-financials_as-presented_10-Q_2023-02-01_0001437749-23-002249.xlsx,Cash Flow,"(Unaudited) Nine Months Ended December 24, 2022",Stock-Based Compensation Expense,us-gaap:ShareBasedCompensation,reported,
cash_flow,us-gaap:IncreaseDecreaseInAccountsAndOtherReceivables,Accounts Receivable and Other Receivables,9M23,1.85,TRNS_SEC-XBRL-financials_as-presented_10-Q_2023-02-01_0001437749-23-002249.xlsx,Cash Flow,"(Unaudited) Nine Months Ended December 24, 2022",Accounts Receivable and Other Receivables,us-gaap:IncreaseDecreaseInAccountsAndOtherReceivables,reported,
cash_flow,us-gaap:IncreaseDecreaseInInventories,Inventory,9M23,-3.589,TRNS_SEC-XBRL-financials_as-presented_10-Q_2023-02-01_0001437749-23-002249.xlsx,Cash Flow,"(Unaudited) Nine Months Ended December 24, 2022",Inventory,us-gaap:IncreaseDecreaseInInventories,reported,
cash_flow,us-gaap:IncreaseDecreaseInPrepaidDeferredExpenseAndOtherAssets,Prepaid Expenses and Other Current Assets,9M23,1.074,TRNS_SEC-XBRL-financials_as-presented_10-Q_2023-02-01_0001437749-23-002249.xlsx,Cash Flow,"(Unaudited) Nine Months Ended December 24, 2022",Prepaid Expenses and Other Current Assets,us-gaap:IncreaseDecreaseInPrepaidDeferredExpenseAndOtherAssets,reported,
cash_flow,us-gaap:IncreaseDecreaseInAccountsPayable,Accounts Payable,9M23,-0.424,TRNS_SEC-XBRL-financials_as-presented_10-Q_2023-02-01_0001437749-23-002249.xlsx,Cash Flow,"(Unaudited) Nine Months Ended December 24, 2022",Accounts Payable,us-gaap:IncreaseDecreaseInAccountsPayable,reported,
cash_flow,us-gaap:IncreaseDecreaseInAccruedLiabilitiesAndOtherOperatingLiabilities,Accrued Compensation and Other Current Liabilities,9M23,-3.15,TRNS_SEC-XBRL-financials_as-presented_10-Q_2023-02-01_0001437749-23-002249.xlsx,Cash Flow,"(Unaudited) Nine Months Ended December 24, 2022",Accrued Compensation and Other Current Liabilities,us-gaap:IncreaseDecreaseInAccruedLiabilitiesAndOtherOperatingLiabilities,reported,
cash_flow,us-gaap:NetCashProvidedByUsedInOperatingActivities,Net Cash Provided by Operating Activities,9M23,13.975,TRNS_SEC-XBRL-financials_as-presented_10-Q_2023-02-01_0001437749-23-002249.xlsx,Cash Flow,"(Unaudited) Nine Months Ended December 24, 2022",Net Cash Provided by Operating Activities,us-gaap:NetCashProvidedByUsedInOperatingActivities,reported,
cash_flow,us-gaap:PaymentsToAcquirePropertyPlantAndEquipment,Purchase of Property and Equipment,9M23,-7.149,TRNS_SEC-XBRL-financials_as-presented_10-Q_2023-02-01_0001437749-23-002249.xlsx,Cash Flow,"(Unaudited) Nine Months Ended December 24, 2022",Purchases of Property and Equipment,us-gaap:PaymentsToAcquirePropertyPlantAndEquipment,reported,
cash_flow,us-gaap:ProceedsFromSaleOfPropertyPlantAndEquipment,Proceeds from Sale of Property and Equipment,9M23,0.01,TRNS_SEC-XBRL-financials_as-presented_10-Q_2023-02-01_0001437749-23-002249.xlsx,Cash Flow,"(Unaudited) Nine Months Ended December 24, 2022",Proceeds from Sale of Property and Equipment,us-gaap:ProceedsFromSaleOfPropertyPlantAndEquipment,reported,
cash_flow,us-gaap:PaymentsToAcquireBusinessesNetOfCashAcquired,"Business Acquisitions, net of cash acquired",9M23,-8.306,TRNS_SEC-XBRL-financials_as-presented_10-Q_2023-02-01_0001437749-23-002249.xlsx,Cash Flow,"(Unaudited) Nine Months Ended December 24, 2022","Business Acquisitions, net of cash acquired",us-gaap:PaymentsToAcquireBusinessesNetOfCashAcquired,reported,
cash_flow,us-gaap:NetCashProvidedByUsedInInvestingActivities,Net Cash Used in Investing Activities,9M23,-15.445,TRNS_SEC-XBRL-financials_as-presented_10-Q_2023-02-01_0001437749-23-002249.xlsx,Cash Flow,"(Unaudited) Nine Months Ended December 24, 2022",Net Cash Used in Investing Activities,us-gaap:NetCashProvidedByUsedInInvestingActivities,reported,
cash_flow,us-gaap:ProceedsFromRepaymentsOfLinesOfCredit,"Proceeds From Revolving Credit Facility, net of lender fees",9M23,2.286,TRNS_SEC-XBRL-financials_as-presented_10-Q_2023-02-01_0001437749-23-002249.xlsx,Cash Flow,"(Unaudited) Nine Months Ended December 24, 2022","Proceeds from Revolving Credit Facility, net",us-gaap:ProceedsFromLinesOfCredit,reported,
cash_flow,us-gaap:RepaymentsOfLongTermDebt,Repayments of Term Loan,9M23,-1.57,TRNS_SEC-XBRL-financials_as-presented_10-Q_2023-02-01_0001437749-23-002249.xlsx,Cash Flow,"(Unaudited) Nine Months Ended December 24, 2022",Repayments of Term Loan,us-gaap:RepaymentsOfLongTermDebt,reported,
cash_flow,trns:ProceedsFromIssuanceOfCommonStockNet,"Issuance of Common Stock, net of direct costs",9M23,0.503,TRNS_SEC-XBRL-financials_as-presented_10-Q_2023-02-01_0001437749-23-002249.xlsx,Cash Flow,"(Unaudited) Nine Months Ended December 24, 2022",Issuance of Common Stock,us-gaap:ProceedsFromIssuanceOfCommonStock,reported,
cash_flow,us-gaap:PaymentsForRepurchaseOfCommonStock,Repurchase of Common Stock,9M23,-0.437,TRNS_SEC-XBRL-financials_as-presented_10-Q_2023-02-01_0001437749-23-002249.xlsx,Cash Flow,"(Unaudited) Nine Months Ended December 24, 2022",Repurchase of Common Stock,us-gaap:PaymentsForRepurchaseOfCommonStock,reported,
cash_flow,us-gaap:NetCashProvidedByUsedInFinancingActivities,Net Cash Provided by Financing Activities,9M23,0.782,TRNS_SEC-XBRL-financials_as-presented_10-Q_2023-02-01_0001437749-23-002249.xlsx,Cash Flow,"(Unaudited) Nine Months Ended December 24, 2022",Net Cash Provided by Financing Activities,us-gaap:NetCashProvidedByUsedInFinancingActivities,reported,
cash_flow,us-gaap:EffectOfExchangeRateOnCashCashEquivalentsRestrictedCashAndRestrictedCashEquivalentsIncludingDisposalGroupAndDiscontinuedOperations,Effect of Exchange Rate Changes on Cash,9M23,0.885,TRNS_SEC-XBRL-financials_as-presented_10-Q_2023-02-01_0001437749-23-002249.xlsx,Cash Flow,"(Unaudited) Nine Months Ended December 24, 2022",Effect of Exchange Rate Changes on Cash,us-gaap:EffectOfExchangeRateOnCashCashEquivalentsRestrictedCashAndRestrictedCashEquivalentsIncludingDisposalGroupAndDiscontinuedOperations,reported,
cash_flow,us-gaap:CashCashEquivalentsRestrictedCashAndRestrictedCashEquivalentsPeriodIncreaseDecreaseIncludingExchangeRateEffect,Net (Decrease) Increase in Cash and Cash Equivalents,9M23,0.197,TRNS_SEC-XBRL-financials_as-presented_10-Q_2023-02-01_0001437749-23-002249.xlsx,Cash Flow,"(Unaudited) Nine Months Ended December 24, 2022",Net Increase in Cash,us-gaap:CashCashEquivalentsRestrictedCashAndRestrictedCashEquivalentsPeriodIncreaseDecreaseIncludingExchangeRateEffect,reported,
cash_flow,us-gaap:CashCashEquivalentsRestrictedCashAndRestrictedCashEquivalentsIncludingDisposalGroupAndDiscontinuedOperations,Cash and Cash Equivalents at Beginning of Fiscal Year,9M23,1.396,TRNS_SEC-XBRL-financials_as-presented_10-Q_2023-02-01_0001437749-23-002249.xlsx,Cash Flow,"(Unaudited) Nine Months Ended December 24, 2022",Cash at Beginning of Period,us-gaap:CashCashEquivalentsRestrictedCashAndRestrictedCashEquivalentsIncludingDisposalGroupAndDiscontinuedOperations,reported,
cash_flow,trns:InterestPaidReceivedExcludingCapitalizedInterestOperatingActivities,"Interest, net",9M23,1.51,TRNS_SEC-XBRL-financials_as-presented_10-Q_2023-02-01_0001437749-23-002249.xlsx,Cash Flow,"(Unaudited) Nine Months Ended December 24, 2022",Interest,us-gaap:InterestPaidNet,reported,
cash_flow,us-gaap:IncomeTaxesPaidNet,"Income Taxes, net",9M23,0.957,TRNS_SEC-XBRL-financials_as-presented_10-Q_2023-02-01_0001437749-23-002249.xlsx,Cash Flow,"(Unaudited) Nine Months Ended December 24, 2022","Income Taxes, net",us-gaap:IncomeTaxesPaidNet,reported,
cash_flow,us-gaap:StockIssued1,Common stock issued for acquisitions,9M23,0.145,TRNS_SEC-XBRL-financials_as-presented_10-Q_2023-02-01_0001437749-23-002249.xlsx,Cash Flow,"(Unaudited) Nine Months Ended December 24, 2022",Common stock issued for acquisitions,us-gaap:StockIssued1,reported,
cash_flow,trns:NoncashOrPartNoncashAcquisitionAccruedContingentConsiderationRelatedToAcquisition,Contingent consideration related to NEXA acquisition,9M23,0.518,TRNS_SEC-XBRL-financials_as-presented_10-Q_2023-02-01_0001437749-23-002249.xlsx,Cash Flow,"(Unaudited) Nine Months Ended December 24, 2022",Accrued holdback consideration related to Alliance acquisition,trns:NoncashOrPartNoncashAcquisitionAccruedContingentConsiderationRelatedToAcquisition,reported,
income_statement,us-gaap:Revenues,Service Revenue,1Q24,39.853,TRNS_SEC-XBRL-financials_as-presented_10-Q_2023-08-02_0001437749-23-021645.xlsx,Income Statement,"(Unaudited) First Quarter Ended June 24, 2023",Service Revenue,us-gaap:Revenues,reported,
income_statement,us-gaap:CostOfGoodsAndServicesSold,Cost of Service Revenue,1Q24,26.882,TRNS_SEC-XBRL-financials_as-presented_10-Q_2023-08-02_0001437749-23-021645.xlsx,Income Statement,"(Unaudited) First Quarter Ended June 24, 2023",Cost of Service Revenue,us-gaap:CostOfGoodsAndServicesSold,reported,
income_statement,us-gaap:GrossProfit,Gross Profit,1Q24,18.71,TRNS_SEC-XBRL-financials_as-presented_10-Q_2023-08-02_0001437749-23-021645.xlsx,Income Statement,"(Unaudited) First Quarter Ended June 24, 2023",Gross Profit,us-gaap:GrossProfit,reported,
income_statement,us-gaap:SellingAndMarketingExpense,"Selling, Marketing and Warehouse Expenses",1Q24,6.469,TRNS_SEC-XBRL-financials_as-presented_10-Q_2023-08-02_0001437749-23-021645.xlsx,Income Statement,"(Unaudited) First Quarter Ended June 24, 2023","Selling, Marketing and Warehouse Expenses",us-gaap:SellingAndMarketingExpense,reported,
income_statement,us-gaap:GeneralAndAdministrativeExpense,General and Administrative Expenses,1Q24,7.601,TRNS_SEC-XBRL-financials_as-presented_10-Q_2023-08-02_0001437749-23-021645.xlsx,Income Statement,"(Unaudited) First Quarter Ended June 24, 2023",General and Administrative Expenses,us-gaap:GeneralAndAdministrativeExpense,reported,
income_statement,us-gaap:OperatingExpenses,Total Operating Expenses,1Q24,14.07,TRNS_SEC-XBRL-financials_as-presented_10-Q_2023-08-02_0001437749-23-021645.xlsx,Income Statement,"(Unaudited) First Quarter Ended June 24, 2023",Total Operating Expenses,us-gaap:OperatingExpenses,reported,
income_statement,us-gaap:OperatingIncomeLoss,Operating Income,1Q24,4.64,TRNS_SEC-XBRL-financials_as-presented_10-Q_2023-08-02_0001437749-23-021645.xlsx,Income Statement,"(Unaudited) First Quarter Ended June 24, 2023",Operating Income,us-gaap:OperatingIncomeLoss,reported,
income_statement,us-gaap:NonoperatingIncomeExpense,"Total Interest and Other (Income)/Expense, net",1Q24,0.878,TRNS_SEC-XBRL-financials_as-presented_10-Q_2023-08-02_0001437749-23-021645.xlsx,Income Statement,"(Unaudited) First Quarter Ended June 24, 2023","Interest and Other Expense, net",us-gaap:NonoperatingIncomeExpense,reported,
income_statement,us-gaap:IncomeLossFromContinuingOperationsBeforeIncomeTaxesExtraordinaryItemsNoncontrollingInterest,Income Before Provision for Income Taxes,1Q24,3.762,TRNS_SEC-XBRL-financials_as-presented_10-Q_2023-08-02_0001437749-23-021645.xlsx,Income Statement,"(Unaudited) First Quarter Ended June 24, 2023",Income Before Income Taxes,us-gaap:IncomeLossFromContinuingOperationsBeforeIncomeTaxesExtraordinaryItemsNoncontrollingInterest,reported,
income_statement,us-gaap:IncomeTaxExpenseBenefit,Provision for Income Taxes,1Q24,0.813,TRNS_SEC-XBRL-financials_as-presented_10-Q_2023-08-02_0001437749-23-021645.xlsx,Income Statement,"(Unaudited) First Quarter Ended June 24, 2023",Provision for Income Taxes,us-gaap:IncomeTaxExpenseBenefit,reported,
income_statement,us-gaap:NetIncomeLoss,Net Income,1Q24,2.949,TRNS_SEC-XBRL-financials_as-presented_10-Q_2023-08-02_0001437749-23-021645.xlsx,Income Statement,"(Unaudited) First Quarter Ended June 24, 2023",Net Income,us-gaap:NetIncomeLoss,reported,
income_statement,us-gaap:EarningsPerShareBasic,Basic Earnings Per Share,1Q24,0.39,TRNS_SEC-XBRL-financials_as-presented_10-Q_2023-08-02_0001437749-23-021645.xlsx,Income Statement,"(Unaudited) First Quarter Ended June 24, 2023",Basic Earnings Per Share,us-gaap:EarningsPerShareBasic,reported,
income_statement,us-gaap:WeightedAverageNumberOfSharesOutstandingBasic,Average Shares Outstanding,1Q24,7.622,TRNS_SEC-XBRL-financials_as-presented_10-Q_2023-08-02_0001437749-23-021645.xlsx,Income Statement,"(Unaudited) First Quarter Ended June 24, 2023",Average Shares Outstanding,us-gaap:WeightedAverageNumberOfSharesOutstandingBasic,reported,
income_statement,us-gaap:EarningsPerShareDiluted,Diluted Earnings Per Share,1Q24,0.38,TRNS_SEC-XBRL-financials_as-presented_10-Q_2023-08-02_0001437749-23-021645.xlsx,Income Statement,"(Unaudited) First Quarter Ended June 24, 2023",Diluted Earnings Per Share,us-gaap:EarningsPerShareDiluted,reported,
income_statement,us-gaap:WeightedAverageNumberOfDilutedSharesOutstanding,Average Shares Outstanding,1Q24,7.762,TRNS_SEC-XBRL-financials_as-presented_10-Q_2023-08-02_0001437749-23-021645.xlsx,Income Statement,"(Unaudited) First Quarter Ended June 24, 2023",Average Shares Outstanding,us-gaap:WeightedAverageNumberOfDilutedSharesOutstanding,reported,
balance_sheet,us-gaap:Cash,Cash,1Q24,2.149,TRNS_SEC-XBRL-financials_as-presented_10-Q_2023-08-02_0001437749-23-021645.xlsx,Balance Sheet,"(Unaudited) June 24, 2023",Cash,us-gaap:Cash,reported,
balance_sheet,us-gaap:AccountsReceivableNetCurrent,"Accounts Receivable, less allowance for credit losses of $851 and $659",1Q24,42.356,TRNS_SEC-XBRL-financials_as-presented_10-Q_2023-08-02_0001437749-23-021645.xlsx,Balance Sheet,"(Unaudited) June 24, 2023","Accounts Receivable, less allowance for doubtful accounts of $515 and $457 as of June 24, 2023 and March 25, 2023, respectively",us-gaap:AccountsReceivableNetCurrent,reported,
balance_sheet,us-gaap:OtherReceivablesNetCurrent,Other Receivables,1Q24,0.527,TRNS_SEC-XBRL-financials_as-presented_10-Q_2023-08-02_0001437749-23-021645.xlsx,Balance Sheet,"(Unaudited) June 24, 2023",Other Receivables,us-gaap:OtherReceivablesNetCurrent,reported,
balance_sheet,us-gaap:InventoryNet,Inventory,1Q24,15.177,TRNS_SEC-XBRL-financials_as-presented_10-Q_2023-08-02_0001437749-23-021645.xlsx,Balance Sheet,"(Unaudited) June 24, 2023","Inventory, net",us-gaap:InventoryNet,reported,
balance_sheet,us-gaap:PrepaidExpenseAndOtherAssetsCurrent,Prepaid Expenses and Other Current Assets,1Q24,3.393,TRNS_SEC-XBRL-financials_as-presented_10-Q_2023-08-02_0001437749-23-021645.xlsx,Balance Sheet,"(Unaudited) June 24, 2023",Prepaid Expenses and Other Current Assets,us-gaap:PrepaidExpenseAndOtherAssetsCurrent,reported,
balance_sheet,us-gaap:AssetsCurrent,Total Current Assets,1Q24,63.602,TRNS_SEC-XBRL-financials_as-presented_10-Q_2023-08-02_0001437749-23-021645.xlsx,Balance Sheet,"(Unaudited) June 24, 2023",Total Current Assets,us-gaap:AssetsCurrent,reported,
balance_sheet,us-gaap:PropertyPlantAndEquipmentNet,"Property and Equipment, net",1Q24,30.186,TRNS_SEC-XBRL-financials_as-presented_10-Q_2023-08-02_0001437749-23-021645.xlsx,Balance Sheet,"(Unaudited) June 24, 2023","Property and Equipment, net",us-gaap:PropertyPlantAndEquipmentNet,reported,
balance_sheet,us-gaap:Goodwill,Goodwill,1Q24,77.051,TRNS_SEC-XBRL-financials_as-presented_10-Q_2023-08-02_0001437749-23-021645.xlsx,Balance Sheet,"(Unaudited) June 24, 2023",Goodwill,us-gaap:Goodwill,reported,
balance_sheet,us-gaap:IntangibleAssetsNetExcludingGoodwill,"Intangible Assets, net",1Q24,15.144,TRNS_SEC-XBRL-financials_as-presented_10-Q_2023-08-02_0001437749-23-021645.xlsx,Balance Sheet,"(Unaudited) June 24, 2023","Intangible Assets, net",us-gaap:IntangibleAssetsNetExcludingGoodwill,reported,
balance_sheet,us-gaap:OperatingLeaseRightOfUseAsset,"Right to Use Assets, net",1Q24,16.28,TRNS_SEC-XBRL-financials_as-presented_10-Q_2023-08-02_0001437749-23-021645.xlsx,Balance Sheet,"(Unaudited) June 24, 2023","Right To Use Assets, net",us-gaap:OperatingLeaseRightOfUseAsset,reported,
balance_sheet,us-gaap:OtherAssetsNoncurrent,Other Assets,1Q24,1.066,TRNS_SEC-XBRL-financials_as-presented_10-Q_2023-08-02_0001437749-23-021645.xlsx,Balance Sheet,"(Unaudited) June 24, 2023",Other Assets,us-gaap:OtherAssetsNoncurrent,reported,
balance_sheet,us-gaap:Assets,Total Assets,1Q24,203.329,TRNS_SEC-XBRL-financials_as-presented_10-Q_2023-08-02_0001437749-23-021645.xlsx,Balance Sheet,"(Unaudited) June 24, 2023",Total Assets,us-gaap:Assets,reported,
balance_sheet,us-gaap:AccountsPayableCurrent,Accounts Payable,1Q24,11.564,TRNS_SEC-XBRL-financials_as-presented_10-Q_2023-08-02_0001437749-23-021645.xlsx,Balance Sheet,"(Unaudited) June 24, 2023",Accounts Payable,us-gaap:AccountsPayableCurrent,reported,
balance_sheet,trns:AccruedCompensationAndOtherLiabilitiesCurrent,Accrued Compensation and Other Current Liabilities,1Q24,9.29,TRNS_SEC-XBRL-financials_as-presented_10-Q_2023-08-02_0001437749-23-021645.xlsx,Balance Sheet,"(Unaudited) June 24, 2023",Accrued Compensation and Other Current Liabilities,trns:AccruedCompensationAndOtherLiabilitiesCurrent,reported,
balance_sheet,us-gaap:AccruedIncomeTaxesCurrent,Income Taxes Payable,1Q24,0.601,TRNS_SEC-XBRL-financials_as-presented_10-Q_2023-08-02_0001437749-23-021645.xlsx,Balance Sheet,"(Unaudited) June 24, 2023",Income Taxes Payable,us-gaap:AccruedIncomeTaxesCurrent,reported,
balance_sheet,us-gaap:LongTermDebtCurrent,Current Portion of Long-Term Debt,1Q24,2.27,TRNS_SEC-XBRL-financials_as-presented_10-Q_2023-08-02_0001437749-23-021645.xlsx,Balance Sheet,"(Unaudited) June 24, 2023",Current Portion of Long-Term Debt,us-gaap:LongTermDebtCurrent,reported,
balance_sheet,us-gaap:LiabilitiesCurrent,Total Current Liabilities,1Q24,23.725,TRNS_SEC-XBRL-financials_as-presented_10-Q_2023-08-02_0001437749-23-021645.xlsx,Balance Sheet,"(Unaudited) June 24, 2023",Total Current Liabilities,us-gaap:LiabilitiesCurrent,reported,
balance_sheet,us-gaap:LongTermDebtNoncurrent,Long-Term Debt,1Q24,46.09,TRNS_SEC-XBRL-financials_as-presented_10-Q_2023-08-02_0001437749-23-021645.xlsx,Balance Sheet,"(Unaudited) June 24, 2023",Long-Term Debt,us-gaap:LongTermDebtNoncurrent,reported,
balance_sheet,us-gaap:DeferredIncomeTaxLiabilitiesNet,"Deferred Tax Liabilities, net",1Q24,7.184,TRNS_SEC-XBRL-financials_as-presented_10-Q_2023-08-02_0001437749-23-021645.xlsx,Balance Sheet,"(Unaudited) June 24, 2023","Deferred Tax Liabilities, net",us-gaap:DeferredIncomeTaxLiabilitiesNet,reported,
balance_sheet,us-gaap:OperatingLeaseLiabilityNoncurrent,Lease Liabilities,1Q24,14.17,TRNS_SEC-XBRL-financials_as-presented_10-Q_2023-08-02_0001437749-23-021645.xlsx,Balance Sheet,"(Unaudited) June 24, 2023",Lease Liabilities,us-gaap:OperatingLeaseLiabilityNoncurrent,reported,
balance_sheet,us-gaap:OtherLiabilitiesNoncurrent,Other Liabilities,1Q24,1.44,TRNS_SEC-XBRL-financials_as-presented_10-Q_2023-08-02_0001437749-23-021645.xlsx,Balance Sheet,"(Unaudited) June 24, 2023",Other Liabilities,us-gaap:OtherLiabilitiesNoncurrent,reported,
balance_sheet,us-gaap:Liabilities,Total Liabilities,1Q24,92.609,TRNS_SEC-XBRL-financials_as-presented_10-Q_2023-08-02_0001437749-23-021645.xlsx,Balance Sheet,"(Unaudited) June 24, 2023",Total Liabilities,us-gaap:Liabilities,reported,
balance_sheet,us-gaap:CommonStockValue,"Common Stock, par value $0.50 per share, 30,000,000 shares authorized; 9,333,953 and 9,315,840 shares issued and outstanding as of March 28, 2026 and March 29, 2025, respectively",1Q24,3.822,TRNS_SEC-XBRL-financials_as-presented_10-Q_2023-08-02_0001437749-23-021645.xlsx,Balance Sheet,"(Unaudited) June 24, 2023","Common Stock, par value $0.50 per share, 30,000,000 shares authorized; 7,643,099 and 7,562,604 shares issued and outstanding as of June 24, 2023 and March 25, 2023, respectively",us-gaap:CommonStockValue,reported,
balance_sheet,us-gaap:AdditionalPaidInCapitalCommonStock,Capital in Excess of Par Value,1Q24,35.717,TRNS_SEC-XBRL-financials_as-presented_10-Q_2023-08-02_0001437749-23-021645.xlsx,Balance Sheet,"(Unaudited) June 24, 2023",Capital in Excess of Par Value,us-gaap:AdditionalPaidInCapitalCommonStock,reported,
balance_sheet,us-gaap:AccumulatedOtherComprehensiveIncomeLossNetOfTax,Accumulated Other Comprehensive Loss,1Q24,-0.718,TRNS_SEC-XBRL-financials_as-presented_10-Q_2023-08-02_0001437749-23-021645.xlsx,Balance Sheet,"(Unaudited) June 24, 2023",Accumulated Other Comprehensive Loss,us-gaap:AccumulatedOtherComprehensiveIncomeLossNetOfTax,reported,
balance_sheet,us-gaap:RetainedEarningsAccumulatedDeficit,Retained Earnings,1Q24,71.899,TRNS_SEC-XBRL-financials_as-presented_10-Q_2023-08-02_0001437749-23-021645.xlsx,Balance Sheet,"(Unaudited) June 24, 2023",Retained Earnings,us-gaap:RetainedEarningsAccumulatedDeficit,reported,
balance_sheet,us-gaap:StockholdersEquity,Total Shareholders' Equity,1Q24,110.72,TRNS_SEC-XBRL-financials_as-presented_10-Q_2023-08-02_0001437749-23-021645.xlsx,Balance Sheet,"(Unaudited) June 24, 2023",Total Shareholders' Equity,us-gaap:StockholdersEquity,reported,
balance_sheet,us-gaap:LiabilitiesAndStockholdersEquity,Total Liabilities and Shareholders' Equity,1Q24,203.329,TRNS_SEC-XBRL-financials_as-presented_10-Q_2023-08-02_0001437749-23-021645.xlsx,Balance Sheet,"(Unaudited) June 24, 2023",Total Liabilities and Shareholders' Equity,us-gaap:LiabilitiesAndStockholdersEquity,reported,
cash_flow,us-gaap:NetIncomeLoss,Net Income,1Q24,2.949,TRNS_SEC-XBRL-financials_as-presented_10-Q_2023-08-02_0001437749-23-021645.xlsx,Cash Flow,"(Unaudited) First Quarter Ended June 24, 2023",Net Income,us-gaap:NetIncomeLoss,reported,
cash_flow,us-gaap:GainLossOnSaleOfPropertyPlantEquipment,Net (Gain) Loss on Disposal of Property and Equipment,1Q24,0.008,TRNS_SEC-XBRL-financials_as-presented_10-Q_2023-08-02_0001437749-23-021645.xlsx,Cash Flow,"(Unaudited) First Quarter Ended June 24, 2023",Net Loss on Disposal of Property and Equipment,us-gaap:GainLossOnSaleOfPropertyPlantEquipment,reported,
cash_flow,us-gaap:DeferredIncomeTaxesAndTaxCredits,Deferred Income Taxes,1Q24,0.044,TRNS_SEC-XBRL-financials_as-presented_10-Q_2023-08-02_0001437749-23-021645.xlsx,Cash Flow,"(Unaudited) First Quarter Ended June 24, 2023",Deferred Income Taxes,us-gaap:DeferredIncomeTaxesAndTaxCredits,reported,
cash_flow,us-gaap:DepreciationDepletionAndAmortization,Depreciation and Amortization,1Q24,2.79,TRNS_SEC-XBRL-financials_as-presented_10-Q_2023-08-02_0001437749-23-021645.xlsx,Cash Flow,"(Unaudited) First Quarter Ended June 24, 2023",Depreciation and Amortization,us-gaap:DepreciationDepletionAndAmortization,reported,
cash_flow,trns:AccountsReceivableCreditLossExpenseReversalAndInventoryWritedown,Provision for Accounts Receivable and Inventory Reserves,1Q24,0.138,TRNS_SEC-XBRL-financials_as-presented_10-Q_2023-08-02_0001437749-23-021645.xlsx,Cash Flow,"(Unaudited) First Quarter Ended June 24, 2023",Provision for Accounts Receivable and Inventory Reserves,trns:AccountsReceivableCreditLossExpenseReversalAndInventoryWritedown,reported,
cash_flow,us-gaap:ShareBasedCompensation,Stock-Based Compensation Expense,1Q24,0.93,TRNS_SEC-XBRL-financials_as-presented_10-Q_2023-08-02_0001437749-23-021645.xlsx,Cash Flow,"(Unaudited) First Quarter Ended June 24, 2023",Stock-Based Compensation Expense,us-gaap:ShareBasedCompensation,reported,
cash_flow,us-gaap:IncreaseDecreaseInAccountsAndOtherReceivables,Accounts Receivable and Other Receivables,1Q24,3.115,TRNS_SEC-XBRL-financials_as-presented_10-Q_2023-08-02_0001437749-23-021645.xlsx,Cash Flow,"(Unaudited) First Quarter Ended June 24, 2023",Accounts Receivable and Other Receivables,us-gaap:IncreaseDecreaseInAccountsAndOtherReceivables,reported,
cash_flow,us-gaap:IncreaseDecreaseInInventories,Inventory,1Q24,1.95,TRNS_SEC-XBRL-financials_as-presented_10-Q_2023-08-02_0001437749-23-021645.xlsx,Cash Flow,"(Unaudited) First Quarter Ended June 24, 2023",Inventory,us-gaap:IncreaseDecreaseInInventories,reported,
cash_flow,us-gaap:IncreaseDecreaseInPrepaidDeferredExpenseAndOtherAssets,Prepaid Expenses and Other Current Assets,1Q24,0.531,TRNS_SEC-XBRL-financials_as-presented_10-Q_2023-08-02_0001437749-23-021645.xlsx,Cash Flow,"(Unaudited) First Quarter Ended June 24, 2023",Prepaid Expenses and Other Current Assets,us-gaap:IncreaseDecreaseInPrepaidDeferredExpenseAndOtherAssets,reported,
cash_flow,us-gaap:IncreaseDecreaseInAccountsPayable,Accounts Payable,1Q24,-4.315,TRNS_SEC-XBRL-financials_as-presented_10-Q_2023-08-02_0001437749-23-021645.xlsx,Cash Flow,"(Unaudited) First Quarter Ended June 24, 2023",Accounts Payable,us-gaap:IncreaseDecreaseInAccountsPayable,reported,
cash_flow,us-gaap:IncreaseDecreaseInAccruedLiabilitiesAndOtherOperatingLiabilities,Accrued Compensation and Other Current Liabilities,1Q24,-1.203,TRNS_SEC-XBRL-financials_as-presented_10-Q_2023-08-02_0001437749-23-021645.xlsx,Cash Flow,"(Unaudited) First Quarter Ended June 24, 2023",Accrued Compensation and Other Current Liabilities,us-gaap:IncreaseDecreaseInAccruedLiabilitiesAndOtherOperatingLiabilities,reported,
cash_flow,us-gaap:IncreaseDecreaseInAccruedIncomeTaxesPayable,Income Taxes Payable,1Q24,0.599,TRNS_SEC-XBRL-financials_as-presented_10-Q_2023-08-02_0001437749-23-021645.xlsx,Cash Flow,"(Unaudited) First Quarter Ended June 24, 2023",Income Taxes Payable,us-gaap:IncreaseDecreaseInAccruedIncomeTaxesPayable,reported,
cash_flow,us-gaap:NetCashProvidedByUsedInOperatingActivities,Net Cash Provided by Operating Activities,1Q24,7.536,TRNS_SEC-XBRL-financials_as-presented_10-Q_2023-08-02_0001437749-23-021645.xlsx,Cash Flow,"(Unaudited) First Quarter Ended June 24, 2023",Net Cash Provided by Operating Activities,us-gaap:NetCashProvidedByUsedInOperatingActivities,reported,
cash_flow,us-gaap:PaymentsToAcquirePropertyPlantAndEquipment,Purchase of Property and Equipment,1Q24,-2.767,TRNS_SEC-XBRL-financials_as-presented_10-Q_2023-08-02_0001437749-23-021645.xlsx,Cash Flow,"(Unaudited) First Quarter Ended June 24, 2023",Purchases of Property and Equipment,us-gaap:PaymentsToAcquirePropertyPlantAndEquipment,reported,
cash_flow,us-gaap:PaymentsToAcquireBusinessesNetOfCashAcquired,"Business Acquisitions, net of cash acquired",1Q24,-2.869,TRNS_SEC-XBRL-financials_as-presented_10-Q_2023-08-02_0001437749-23-021645.xlsx,Cash Flow,"(Unaudited) First Quarter Ended June 24, 2023","Business Acquisitions, net of cash acquired",us-gaap:PaymentsToAcquireBusinessesNetOfCashAcquired,reported,
cash_flow,us-gaap:NetCashProvidedByUsedInInvestingActivities,Net Cash Used in Investing Activities,1Q24,-5.636,TRNS_SEC-XBRL-financials_as-presented_10-Q_2023-08-02_0001437749-23-021645.xlsx,Cash Flow,"(Unaudited) First Quarter Ended June 24, 2023",Net Cash Used in Investing Activities,us-gaap:NetCashProvidedByUsedInInvestingActivities,reported,
cash_flow,us-gaap:ProceedsFromRepaymentsOfLinesOfCredit,"Proceeds From Revolving Credit Facility, net of lender fees",1Q24,-0.204,TRNS_SEC-XBRL-financials_as-presented_10-Q_2023-08-02_0001437749-23-021645.xlsx,Cash Flow,"(Unaudited) First Quarter Ended June 24, 2023","(Repayments of) Proceeds from Revolving Credit Facility, net",us-gaap:ProceedsFromRepaymentsOfLinesOfCredit,reported,
cash_flow,us-gaap:RepaymentsOfLongTermDebt,Repayments of Term Loan,1Q24,-0.553,TRNS_SEC-XBRL-financials_as-presented_10-Q_2023-08-02_0001437749-23-021645.xlsx,Cash Flow,"(Unaudited) First Quarter Ended June 24, 2023",Repayments of Term Loan,us-gaap:RepaymentsOfLongTermDebt,reported,
cash_flow,trns:ProceedsFromIssuanceOfCommonStockNet,"Issuance of Common Stock, net of direct costs",1Q24,0.199,TRNS_SEC-XBRL-financials_as-presented_10-Q_2023-08-02_0001437749-23-021645.xlsx,Cash Flow,"(Unaudited) First Quarter Ended June 24, 2023",Issuance of Common Stock,us-gaap:ProceedsFromIssuanceOfCommonStock,reported,
cash_flow,us-gaap:PaymentsForRepurchaseOfCommonStock,Repurchase of Common Stock,1Q24,-0.301,TRNS_SEC-XBRL-financials_as-presented_10-Q_2023-08-02_0001437749-23-021645.xlsx,Cash Flow,"(Unaudited) First Quarter Ended June 24, 2023",Repurchase of Common Stock,us-gaap:PaymentsForRepurchaseOfCommonStock,reported,
cash_flow,us-gaap:NetCashProvidedByUsedInFinancingActivities,Net Cash Provided by Financing Activities,1Q24,-0.859,TRNS_SEC-XBRL-financials_as-presented_10-Q_2023-08-02_0001437749-23-021645.xlsx,Cash Flow,"(Unaudited) First Quarter Ended June 24, 2023",Net Cash (Used in) Provided by Financing Activities,us-gaap:NetCashProvidedByUsedInFinancingActivities,reported,
cash_flow,us-gaap:EffectOfExchangeRateOnCashCashEquivalentsRestrictedCashAndRestrictedCashEquivalentsIncludingDisposalGroupAndDiscontinuedOperations,Effect of Exchange Rate Changes on Cash,1Q24,-0.423,TRNS_SEC-XBRL-financials_as-presented_10-Q_2023-08-02_0001437749-23-021645.xlsx,Cash Flow,"(Unaudited) First Quarter Ended June 24, 2023",Effect of Exchange Rate Changes on Cash,us-gaap:EffectOfExchangeRateOnCashCashEquivalentsRestrictedCashAndRestrictedCashEquivalentsIncludingDisposalGroupAndDiscontinuedOperations,reported,
cash_flow,us-gaap:CashCashEquivalentsRestrictedCashAndRestrictedCashEquivalentsPeriodIncreaseDecreaseIncludingExchangeRateEffect,Net (Decrease) Increase in Cash and Cash Equivalents,1Q24,0.618,TRNS_SEC-XBRL-financials_as-presented_10-Q_2023-08-02_0001437749-23-021645.xlsx,Cash Flow,"(Unaudited) First Quarter Ended June 24, 2023",Net Increase (Decrease) in Cash,us-gaap:CashCashEquivalentsRestrictedCashAndRestrictedCashEquivalentsPeriodIncreaseDecreaseIncludingExchangeRateEffect,reported,
cash_flow,us-gaap:CashCashEquivalentsRestrictedCashAndRestrictedCashEquivalentsIncludingDisposalGroupAndDiscontinuedOperations,Cash and Cash Equivalents at Beginning of Fiscal Year,1Q24,1.531,TRNS_SEC-XBRL-financials_as-presented_10-Q_2023-08-02_0001437749-23-021645.xlsx,Cash Flow,"(Unaudited) First Quarter Ended June 24, 2023",Cash at Beginning of Period,us-gaap:CashCashEquivalentsRestrictedCashAndRestrictedCashEquivalentsIncludingDisposalGroupAndDiscontinuedOperations,reported,
cash_flow,trns:InterestPaidReceivedExcludingCapitalizedInterestOperatingActivities,"Interest, net",1Q24,0.816,TRNS_SEC-XBRL-financials_as-presented_10-Q_2023-08-02_0001437749-23-021645.xlsx,Cash Flow,"(Unaudited) First Quarter Ended June 24, 2023",Interest,us-gaap:InterestPaidNet,reported,
cash_flow,us-gaap:IncomeTaxesPaidNet,"Income Taxes, net",1Q24,0.107,TRNS_SEC-XBRL-financials_as-presented_10-Q_2023-08-02_0001437749-23-021645.xlsx,Cash Flow,"(Unaudited) First Quarter Ended June 24, 2023","Income Taxes, net",us-gaap:IncomeTaxesPaidNet,reported,
cash_flow,us-gaap:StockIssued1,Common stock issued for acquisitions,1Q24,6.831,TRNS_SEC-XBRL-financials_as-presented_10-Q_2023-08-02_0001437749-23-021645.xlsx,Cash Flow,"(Unaudited) First Quarter Ended June 24, 2023",Common stock issued for acquisitions,us-gaap:StockIssued1,reported,
income_statement,us-gaap:Revenues,Service Revenue,2Q24,41.431,TRNS_SEC-XBRL-financials_as-presented_10-Q_2023-11-01_0001437749-23-029757.xlsx,Income Statement,"(Unaudited) Second Quarter Ended September 23, 2023",Service Revenue,us-gaap:Revenues,reported,
income_statement,us-gaap:Revenues,Service Revenue,6M24,81.284,TRNS_SEC-XBRL-financials_as-presented_10-Q_2023-11-01_0001437749-23-029757.xlsx,Income Statement,"(Unaudited) Six Months Ended September 23, 2023",Service Revenue,us-gaap:Revenues,reported,
income_statement,us-gaap:CostOfGoodsAndServicesSold,Cost of Service Revenue,2Q24,27.347,TRNS_SEC-XBRL-financials_as-presented_10-Q_2023-11-01_0001437749-23-029757.xlsx,Income Statement,"(Unaudited) Second Quarter Ended September 23, 2023",Cost of Service Revenue,us-gaap:CostOfGoodsAndServicesSold,reported,
income_statement,us-gaap:CostOfGoodsAndServicesSold,Cost of Service Revenue,6M24,54.229,TRNS_SEC-XBRL-financials_as-presented_10-Q_2023-11-01_0001437749-23-029757.xlsx,Income Statement,"(Unaudited) Six Months Ended September 23, 2023",Cost of Service Revenue,us-gaap:CostOfGoodsAndServicesSold,reported,
income_statement,us-gaap:GrossProfit,Gross Profit,2Q24,20.125,TRNS_SEC-XBRL-financials_as-presented_10-Q_2023-11-01_0001437749-23-029757.xlsx,Income Statement,"(Unaudited) Second Quarter Ended September 23, 2023",Gross Profit,us-gaap:GrossProfit,reported,
income_statement,us-gaap:GrossProfit,Gross Profit,6M24,38.835,TRNS_SEC-XBRL-financials_as-presented_10-Q_2023-11-01_0001437749-23-029757.xlsx,Income Statement,"(Unaudited) Six Months Ended September 23, 2023",Gross Profit,us-gaap:GrossProfit,reported,
income_statement,us-gaap:SellingAndMarketingExpense,"Selling, Marketing and Warehouse Expenses",2Q24,6.856,TRNS_SEC-XBRL-financials_as-presented_10-Q_2023-11-01_0001437749-23-029757.xlsx,Income Statement,"(Unaudited) Second Quarter Ended September 23, 2023","Selling, Marketing and Warehouse Expenses",us-gaap:SellingAndMarketingExpense,reported,
income_statement,us-gaap:SellingAndMarketingExpense,"Selling, Marketing and Warehouse Expenses",6M24,13.325,TRNS_SEC-XBRL-financials_as-presented_10-Q_2023-11-01_0001437749-23-029757.xlsx,Income Statement,"(Unaudited) Six Months Ended September 23, 2023","Selling, Marketing and Warehouse Expenses",us-gaap:SellingAndMarketingExpense,reported,
income_statement,us-gaap:GeneralAndAdministrativeExpense,General and Administrative Expenses,2Q24,11.626,TRNS_SEC-XBRL-financials_as-presented_10-Q_2023-11-01_0001437749-23-029757.xlsx,Income Statement,"(Unaudited) Second Quarter Ended September 23, 2023",General and Administrative Expenses,us-gaap:GeneralAndAdministrativeExpense,reported,
income_statement,us-gaap:GeneralAndAdministrativeExpense,General and Administrative Expenses,6M24,19.227,TRNS_SEC-XBRL-financials_as-presented_10-Q_2023-11-01_0001437749-23-029757.xlsx,Income Statement,"(Unaudited) Six Months Ended September 23, 2023",General and Administrative Expenses,us-gaap:GeneralAndAdministrativeExpense,reported,
income_statement,us-gaap:OperatingExpenses,Total Operating Expenses,2Q24,18.482,TRNS_SEC-XBRL-financials_as-presented_10-Q_2023-11-01_0001437749-23-029757.xlsx,Income Statement,"(Unaudited) Second Quarter Ended September 23, 2023",Total Operating Expenses,us-gaap:OperatingExpenses,reported,
income_statement,us-gaap:OperatingExpenses,Total Operating Expenses,6M24,32.552,TRNS_SEC-XBRL-financials_as-presented_10-Q_2023-11-01_0001437749-23-029757.xlsx,Income Statement,"(Unaudited) Six Months Ended September 23, 2023",Total Operating Expenses,us-gaap:OperatingExpenses,reported,
income_statement,us-gaap:OperatingIncomeLoss,Operating Income,2Q24,1.643,TRNS_SEC-XBRL-financials_as-presented_10-Q_2023-11-01_0001437749-23-029757.xlsx,Income Statement,"(Unaudited) Second Quarter Ended September 23, 2023",Operating Income,us-gaap:OperatingIncomeLoss,reported,
income_statement,us-gaap:OperatingIncomeLoss,Operating Income,6M24,6.283,TRNS_SEC-XBRL-financials_as-presented_10-Q_2023-11-01_0001437749-23-029757.xlsx,Income Statement,"(Unaudited) Six Months Ended September 23, 2023",Operating Income,us-gaap:OperatingIncomeLoss,reported,
income_statement,us-gaap:NonoperatingIncomeExpense,"Total Interest and Other (Income)/Expense, net",2Q24,0.841,TRNS_SEC-XBRL-financials_as-presented_10-Q_2023-11-01_0001437749-23-029757.xlsx,Income Statement,"(Unaudited) Second Quarter Ended September 23, 2023","Interest and Other Expense, net",us-gaap:NonoperatingIncomeExpense,reported,
income_statement,us-gaap:NonoperatingIncomeExpense,"Total Interest and Other (Income)/Expense, net",6M24,1.719,TRNS_SEC-XBRL-financials_as-presented_10-Q_2023-11-01_0001437749-23-029757.xlsx,Income Statement,"(Unaudited) Six Months Ended September 23, 2023","Interest and Other Expense, net",us-gaap:NonoperatingIncomeExpense,reported,
income_statement,us-gaap:IncomeLossFromContinuingOperationsBeforeIncomeTaxesExtraordinaryItemsNoncontrollingInterest,Income Before Provision for Income Taxes,2Q24,0.802,TRNS_SEC-XBRL-financials_as-presented_10-Q_2023-11-01_0001437749-23-029757.xlsx,Income Statement,"(Unaudited) Second Quarter Ended September 23, 2023",Income Before Income Taxes,us-gaap:IncomeLossFromContinuingOperationsBeforeIncomeTaxesExtraordinaryItemsNoncontrollingInterest,reported,
income_statement,us-gaap:IncomeLossFromContinuingOperationsBeforeIncomeTaxesExtraordinaryItemsNoncontrollingInterest,Income Before Provision for Income Taxes,6M24,4.564,TRNS_SEC-XBRL-financials_as-presented_10-Q_2023-11-01_0001437749-23-029757.xlsx,Income Statement,"(Unaudited) Six Months Ended September 23, 2023",Income Before Income Taxes,us-gaap:IncomeLossFromContinuingOperationsBeforeIncomeTaxesExtraordinaryItemsNoncontrollingInterest,reported,
income_statement,us-gaap:IncomeTaxExpenseBenefit,Provision for Income Taxes,2Q24,0.342,TRNS_SEC-XBRL-financials_as-presented_10-Q_2023-11-01_0001437749-23-029757.xlsx,Income Statement,"(Unaudited) Second Quarter Ended September 23, 2023",Provision for Income Taxes,us-gaap:IncomeTaxExpenseBenefit,reported,
income_statement,us-gaap:IncomeTaxExpenseBenefit,Provision for Income Taxes,6M24,1.155,TRNS_SEC-XBRL-financials_as-presented_10-Q_2023-11-01_0001437749-23-029757.xlsx,Income Statement,"(Unaudited) Six Months Ended September 23, 2023",Provision for Income Taxes,us-gaap:IncomeTaxExpenseBenefit,reported,
income_statement,us-gaap:NetIncomeLoss,Net Income,2Q24,0.46,TRNS_SEC-XBRL-financials_as-presented_10-Q_2023-11-01_0001437749-23-029757.xlsx,Income Statement,"(Unaudited) Second Quarter Ended September 23, 2023",Net Income,us-gaap:NetIncomeLoss,reported,
income_statement,us-gaap:NetIncomeLoss,Net Income,6M24,3.409,TRNS_SEC-XBRL-financials_as-presented_10-Q_2023-11-01_0001437749-23-029757.xlsx,Income Statement,"(Unaudited) Six Months Ended September 23, 2023",Net Income,us-gaap:NetIncomeLoss,reported,
income_statement,us-gaap:EarningsPerShareBasic,Basic Earnings Per Share,2Q24,0.06,TRNS_SEC-XBRL-financials_as-presented_10-Q_2023-11-01_0001437749-23-029757.xlsx,Income Statement,"(Unaudited) Second Quarter Ended September 23, 2023",Basic Earnings Per Share,us-gaap:EarningsPerShareBasic,reported,
income_statement,us-gaap:EarningsPerShareBasic,Basic Earnings Per Share,6M24,0.44,TRNS_SEC-XBRL-financials_as-presented_10-Q_2023-11-01_0001437749-23-029757.xlsx,Income Statement,"(Unaudited) Six Months Ended September 23, 2023",Basic Earnings Per Share,us-gaap:EarningsPerShareBasic,reported,
income_statement,us-gaap:WeightedAverageNumberOfSharesOutstandingBasic,Average Shares Outstanding,2Q24,7.819,TRNS_SEC-XBRL-financials_as-presented_10-Q_2023-11-01_0001437749-23-029757.xlsx,Income Statement,"(Unaudited) Second Quarter Ended September 23, 2023",Average Shares Outstanding,us-gaap:WeightedAverageNumberOfSharesOutstandingBasic,reported,
income_statement,us-gaap:WeightedAverageNumberOfSharesOutstandingBasic,Average Shares Outstanding,6M24,7.732,TRNS_SEC-XBRL-financials_as-presented_10-Q_2023-11-01_0001437749-23-029757.xlsx,Income Statement,"(Unaudited) Six Months Ended September 23, 2023",Average Shares Outstanding,us-gaap:WeightedAverageNumberOfSharesOutstandingBasic,reported,
income_statement,us-gaap:EarningsPerShareDiluted,Diluted Earnings Per Share,2Q24,0.06,TRNS_SEC-XBRL-financials_as-presented_10-Q_2023-11-01_0001437749-23-029757.xlsx,Income Statement,"(Unaudited) Second Quarter Ended September 23, 2023",Diluted Earnings Per Share,us-gaap:EarningsPerShareDiluted,reported,
income_statement,us-gaap:EarningsPerShareDiluted,Diluted Earnings Per Share,6M24,0.43,TRNS_SEC-XBRL-financials_as-presented_10-Q_2023-11-01_0001437749-23-029757.xlsx,Income Statement,"(Unaudited) Six Months Ended September 23, 2023",Diluted Earnings Per Share,us-gaap:EarningsPerShareDiluted,reported,
income_statement,us-gaap:WeightedAverageNumberOfDilutedSharesOutstanding,Average Shares Outstanding,2Q24,7.948,TRNS_SEC-XBRL-financials_as-presented_10-Q_2023-11-01_0001437749-23-029757.xlsx,Income Statement,"(Unaudited) Second Quarter Ended September 23, 2023",Average Shares Outstanding,us-gaap:WeightedAverageNumberOfDilutedSharesOutstanding,reported,
income_statement,us-gaap:WeightedAverageNumberOfDilutedSharesOutstanding,Average Shares Outstanding,6M24,7.84,TRNS_SEC-XBRL-financials_as-presented_10-Q_2023-11-01_0001437749-23-029757.xlsx,Income Statement,"(Unaudited) Six Months Ended September 23, 2023",Average Shares Outstanding,us-gaap:WeightedAverageNumberOfDilutedSharesOutstanding,reported,
balance_sheet,us-gaap:Cash,Cash,2Q24,1.246,TRNS_SEC-XBRL-financials_as-presented_10-Q_2023-11-01_0001437749-23-029757.xlsx,Balance Sheet,"(Unaudited) September 23, 2023",Cash,us-gaap:Cash,reported,
balance_sheet,us-gaap:AccountsReceivableNetCurrent,"Accounts Receivable, less allowance for credit losses of $851 and $659",2Q24,44.382,TRNS_SEC-XBRL-financials_as-presented_10-Q_2023-11-01_0001437749-23-029757.xlsx,Balance Sheet,"(Unaudited) September 23, 2023","Accounts Receivable, less allowance for credit losses of $614 and $457 as of September 23, 2023 and March 25, 2023, respectively",us-gaap:AccountsReceivableNetCurrent,reported,
balance_sheet,us-gaap:OtherReceivablesNetCurrent,Other Receivables,2Q24,0.335,TRNS_SEC-XBRL-financials_as-presented_10-Q_2023-11-01_0001437749-23-029757.xlsx,Balance Sheet,"(Unaudited) September 23, 2023",Other Receivables,us-gaap:OtherReceivablesNetCurrent,reported,
balance_sheet,us-gaap:InventoryNet,Inventory,2Q24,15.685,TRNS_SEC-XBRL-financials_as-presented_10-Q_2023-11-01_0001437749-23-029757.xlsx,Balance Sheet,"(Unaudited) September 23, 2023","Inventory, net",us-gaap:InventoryNet,reported,
balance_sheet,us-gaap:PrepaidExpenseAndOtherAssetsCurrent,Prepaid Expenses and Other Current Assets,2Q24,3.525,TRNS_SEC-XBRL-financials_as-presented_10-Q_2023-11-01_0001437749-23-029757.xlsx,Balance Sheet,"(Unaudited) September 23, 2023",Prepaid Expenses and Other Current Assets,us-gaap:PrepaidExpenseAndOtherAssetsCurrent,reported,
balance_sheet,us-gaap:AssetsCurrent,Total Current Assets,2Q24,65.173,TRNS_SEC-XBRL-financials_as-presented_10-Q_2023-11-01_0001437749-23-029757.xlsx,Balance Sheet,"(Unaudited) September 23, 2023",Total Current Assets,us-gaap:AssetsCurrent,reported,
balance_sheet,us-gaap:PropertyPlantAndEquipmentNet,"Property and Equipment, net",2Q24,35.648,TRNS_SEC-XBRL-financials_as-presented_10-Q_2023-11-01_0001437749-23-029757.xlsx,Balance Sheet,"(Unaudited) September 23, 2023","Property and Equipment, net",us-gaap:PropertyPlantAndEquipmentNet,reported,
balance_sheet,us-gaap:Goodwill,Goodwill,2Q24,106.366,TRNS_SEC-XBRL-financials_as-presented_10-Q_2023-11-01_0001437749-23-029757.xlsx,Balance Sheet,"(Unaudited) September 23, 2023",Goodwill,us-gaap:Goodwill,reported,
balance_sheet,us-gaap:IntangibleAssetsNetExcludingGoodwill,"Intangible Assets, net",2Q24,23.156,TRNS_SEC-XBRL-financials_as-presented_10-Q_2023-11-01_0001437749-23-029757.xlsx,Balance Sheet,"(Unaudited) September 23, 2023","Intangible Assets, net",us-gaap:IntangibleAssetsNetExcludingGoodwill,reported,
balance_sheet,us-gaap:OperatingLeaseRightOfUseAsset,"Right to Use Assets, net",2Q24,16.784,TRNS_SEC-XBRL-financials_as-presented_10-Q_2023-11-01_0001437749-23-029757.xlsx,Balance Sheet,"(Unaudited) September 23, 2023","Right To Use Assets, net",us-gaap:OperatingLeaseRightOfUseAsset,reported,
balance_sheet,us-gaap:OtherAssetsNoncurrent,Other Assets,2Q24,1.083,TRNS_SEC-XBRL-financials_as-presented_10-Q_2023-11-01_0001437749-23-029757.xlsx,Balance Sheet,"(Unaudited) September 23, 2023",Other Assets,us-gaap:OtherAssetsNoncurrent,reported,
balance_sheet,us-gaap:Assets,Total Assets,2Q24,248.21,TRNS_SEC-XBRL-financials_as-presented_10-Q_2023-11-01_0001437749-23-029757.xlsx,Balance Sheet,"(Unaudited) September 23, 2023",Total Assets,us-gaap:Assets,reported,
balance_sheet,us-gaap:AccountsPayableCurrent,Accounts Payable,2Q24,12.523,TRNS_SEC-XBRL-financials_as-presented_10-Q_2023-11-01_0001437749-23-029757.xlsx,Balance Sheet,"(Unaudited) September 23, 2023",Accounts Payable,us-gaap:AccountsPayableCurrent,reported,
balance_sheet,trns:AccruedCompensationAndOtherLiabilitiesCurrent,Accrued Compensation and Other Current Liabilities,2Q24,13.295,TRNS_SEC-XBRL-financials_as-presented_10-Q_2023-11-01_0001437749-23-029757.xlsx,Balance Sheet,"(Unaudited) September 23, 2023",Accrued Compensation and Other Current Liabilities,trns:AccruedCompensationAndOtherLiabilitiesCurrent,reported,
balance_sheet,us-gaap:LongTermDebtCurrent,Current Portion of Long-Term Debt,2Q24,2.293,TRNS_SEC-XBRL-financials_as-presented_10-Q_2023-11-01_0001437749-23-029757.xlsx,Balance Sheet,"(Unaudited) September 23, 2023",Current Portion of Long-Term Debt,us-gaap:LongTermDebtCurrent,reported,
balance_sheet,us-gaap:LiabilitiesCurrent,Total Current Liabilities,2Q24,28.111,TRNS_SEC-XBRL-financials_as-presented_10-Q_2023-11-01_0001437749-23-029757.xlsx,Balance Sheet,"(Unaudited) September 23, 2023",Total Current Liabilities,us-gaap:LiabilitiesCurrent,reported,
balance_sheet,us-gaap:LongTermDebtNoncurrent,Long-Term Debt,2Q24,51.0,TRNS_SEC-XBRL-financials_as-presented_10-Q_2023-11-01_0001437749-23-029757.xlsx,Balance Sheet,"(Unaudited) September 23, 2023",Long-Term Debt,us-gaap:LongTermDebtNoncurrent,reported,
balance_sheet,us-gaap:DeferredIncomeTaxLiabilitiesNet,"Deferred Tax Liabilities, net",2Q24,10.836,TRNS_SEC-XBRL-financials_as-presented_10-Q_2023-11-01_0001437749-23-029757.xlsx,Balance Sheet,"(Unaudited) September 23, 2023","Deferred Tax Liabilities, net",us-gaap:DeferredIncomeTaxLiabilitiesNet,reported,
balance_sheet,us-gaap:OperatingLeaseLiabilityNoncurrent,Lease Liabilities,2Q24,14.534,TRNS_SEC-XBRL-financials_as-presented_10-Q_2023-11-01_0001437749-23-029757.xlsx,Balance Sheet,"(Unaudited) September 23, 2023",Lease Liabilities,us-gaap:OperatingLeaseLiabilityNoncurrent,reported,
balance_sheet,us-gaap:OtherLiabilitiesNoncurrent,Other Liabilities,2Q24,5.477,TRNS_SEC-XBRL-financials_as-presented_10-Q_2023-11-01_0001437749-23-029757.xlsx,Balance Sheet,"(Unaudited) September 23, 2023",Other Liabilities,us-gaap:OtherLiabilitiesNoncurrent,reported,
balance_sheet,us-gaap:Liabilities,Total Liabilities,2Q24,109.958,TRNS_SEC-XBRL-financials_as-presented_10-Q_2023-11-01_0001437749-23-029757.xlsx,Balance Sheet,"(Unaudited) September 23, 2023",Total Liabilities,us-gaap:Liabilities,reported,
balance_sheet,us-gaap:CommonStockValue,"Common Stock, par value $0.50 per share, 30,000,000 shares authorized; 9,333,953 and 9,315,840 shares issued and outstanding as of March 28, 2026 and March 29, 2025, respectively",2Q24,3.989,TRNS_SEC-XBRL-financials_as-presented_10-Q_2023-11-01_0001437749-23-029757.xlsx,Balance Sheet,"(Unaudited) September 23, 2023","Common Stock, par value $0.50 per share, 30,000,000 shares authorized; 7,978,401 and 7,562,604 shares issued and outstanding as of September 23, 2023 and March 25, 2023, respectively",us-gaap:CommonStockValue,reported,
balance_sheet,us-gaap:AdditionalPaidInCapitalCommonStock,Capital in Excess of Par Value,2Q24,64.31,TRNS_SEC-XBRL-financials_as-presented_10-Q_2023-11-01_0001437749-23-029757.xlsx,Balance Sheet,"(Unaudited) September 23, 2023",Capital in Excess of Par Value,us-gaap:AdditionalPaidInCapitalCommonStock,reported,
balance_sheet,us-gaap:AccumulatedOtherComprehensiveIncomeLossNetOfTax,Accumulated Other Comprehensive Loss,2Q24,-1.064,TRNS_SEC-XBRL-financials_as-presented_10-Q_2023-11-01_0001437749-23-029757.xlsx,Balance Sheet,"(Unaudited) September 23, 2023",Accumulated Other Comprehensive Loss,us-gaap:AccumulatedOtherComprehensiveIncomeLossNetOfTax,reported,
balance_sheet,us-gaap:RetainedEarningsAccumulatedDeficit,Retained Earnings,2Q24,71.017,TRNS_SEC-XBRL-financials_as-presented_10-Q_2023-11-01_0001437749-23-029757.xlsx,Balance Sheet,"(Unaudited) September 23, 2023",Retained Earnings,us-gaap:RetainedEarningsAccumulatedDeficit,reported,
balance_sheet,us-gaap:StockholdersEquity,Total Shareholders' Equity,2Q24,138.252,TRNS_SEC-XBRL-financials_as-presented_10-Q_2023-11-01_0001437749-23-029757.xlsx,Balance Sheet,"(Unaudited) September 23, 2023",Total Shareholders' Equity,us-gaap:StockholdersEquity,reported,
balance_sheet,us-gaap:LiabilitiesAndStockholdersEquity,Total Liabilities and Shareholders' Equity,2Q24,248.21,TRNS_SEC-XBRL-financials_as-presented_10-Q_2023-11-01_0001437749-23-029757.xlsx,Balance Sheet,"(Unaudited) September 23, 2023",Total Liabilities and Shareholders' Equity,us-gaap:LiabilitiesAndStockholdersEquity,reported,
cash_flow,us-gaap:NetIncomeLoss,Net Income,6M24,3.409,TRNS_SEC-XBRL-financials_as-presented_10-Q_2023-11-01_0001437749-23-029757.xlsx,Cash Flow,"(Unaudited) Six Months Ended September 23, 2023",Net Income,us-gaap:NetIncomeLoss,reported,
cash_flow,us-gaap:GainLossOnSaleOfPropertyPlantEquipment,Net (Gain) Loss on Disposal of Property and Equipment,6M24,0.011,TRNS_SEC-XBRL-financials_as-presented_10-Q_2023-11-01_0001437749-23-029757.xlsx,Cash Flow,"(Unaudited) Six Months Ended September 23, 2023",Net Loss on Disposal of Property and Equipment,us-gaap:GainLossOnSaleOfPropertyPlantEquipment,reported,
cash_flow,us-gaap:DeferredIncomeTaxesAndTaxCredits,Deferred Income Taxes,6M24,0.023,TRNS_SEC-XBRL-financials_as-presented_10-Q_2023-11-01_0001437749-23-029757.xlsx,Cash Flow,"(Unaudited) Six Months Ended September 23, 2023",Deferred Income Taxes,us-gaap:DeferredIncomeTaxesAndTaxCredits,reported,
cash_flow,us-gaap:DepreciationDepletionAndAmortization,Depreciation and Amortization,6M24,6.078,TRNS_SEC-XBRL-financials_as-presented_10-Q_2023-11-01_0001437749-23-029757.xlsx,Cash Flow,"(Unaudited) Six Months Ended September 23, 2023",Depreciation and Amortization,us-gaap:DepreciationDepletionAndAmortization,reported,
cash_flow,trns:AccountsReceivableCreditLossExpenseReversalAndInventoryWritedown,Provision for Accounts Receivable and Inventory Reserves,6M24,0.347,TRNS_SEC-XBRL-financials_as-presented_10-Q_2023-11-01_0001437749-23-029757.xlsx,Cash Flow,"(Unaudited) Six Months Ended September 23, 2023",Provision for Accounts Receivable and Inventory Reserves,trns:AccountsReceivableCreditLossExpenseReversalAndInventoryWritedown,reported,
cash_flow,us-gaap:ShareBasedCompensation,Stock-Based Compensation Expense,6M24,2.171,TRNS_SEC-XBRL-financials_as-presented_10-Q_2023-11-01_0001437749-23-029757.xlsx,Cash Flow,"(Unaudited) Six Months Ended September 23, 2023",Stock-Based Compensation Expense,us-gaap:ShareBasedCompensation,reported,
cash_flow,us-gaap:IncreaseDecreaseInAccountsAndOtherReceivables,Accounts Receivable and Other Receivables,6M24,2.384,TRNS_SEC-XBRL-financials_as-presented_10-Q_2023-11-01_0001437749-23-029757.xlsx,Cash Flow,"(Unaudited) Six Months Ended September 23, 2023",Accounts Receivable and Other Receivables,us-gaap:IncreaseDecreaseInAccountsAndOtherReceivables,reported,
cash_flow,us-gaap:IncreaseDecreaseInInventories,Inventory,6M24,3.376,TRNS_SEC-XBRL-financials_as-presented_10-Q_2023-11-01_0001437749-23-029757.xlsx,Cash Flow,"(Unaudited) Six Months Ended September 23, 2023",Inventory,us-gaap:IncreaseDecreaseInInventories,reported,
cash_flow,us-gaap:IncreaseDecreaseInPrepaidDeferredExpenseAndOtherAssets,Prepaid Expenses and Other Current Assets,6M24,0.465,TRNS_SEC-XBRL-financials_as-presented_10-Q_2023-11-01_0001437749-23-029757.xlsx,Cash Flow,"(Unaudited) Six Months Ended September 23, 2023",Prepaid Expenses and Other Current Assets,us-gaap:IncreaseDecreaseInPrepaidDeferredExpenseAndOtherAssets,reported,
cash_flow,us-gaap:IncreaseDecreaseInAccountsPayable,Accounts Payable,6M24,-3.969,TRNS_SEC-XBRL-financials_as-presented_10-Q_2023-11-01_0001437749-23-029757.xlsx,Cash Flow,"(Unaudited) Six Months Ended September 23, 2023",Accounts Payable,us-gaap:IncreaseDecreaseInAccountsPayable,reported,
cash_flow,us-gaap:IncreaseDecreaseInAccruedLiabilitiesAndOtherOperatingLiabilities,Accrued Compensation and Other Current Liabilities,6M24,1.677,TRNS_SEC-XBRL-financials_as-presented_10-Q_2023-11-01_0001437749-23-029757.xlsx,Cash Flow,"(Unaudited) Six Months Ended September 23, 2023",Accrued Compensation and Other Current Liabilities,us-gaap:IncreaseDecreaseInAccruedLiabilitiesAndOtherOperatingLiabilities,reported,
cash_flow,us-gaap:NetCashProvidedByUsedInOperatingActivities,Net Cash Provided by Operating Activities,6M24,15.972,TRNS_SEC-XBRL-financials_as-presented_10-Q_2023-11-01_0001437749-23-029757.xlsx,Cash Flow,"(Unaudited) Six Months Ended September 23, 2023",Net Cash Provided by Operating Activities,us-gaap:NetCashProvidedByUsedInOperatingActivities,reported,
cash_flow,us-gaap:PaymentsToAcquirePropertyPlantAndEquipment,Purchase of Property and Equipment,6M24,-5.444,TRNS_SEC-XBRL-financials_as-presented_10-Q_2023-11-01_0001437749-23-029757.xlsx,Cash Flow,"(Unaudited) Six Months Ended September 23, 2023",Purchases of Property and Equipment,us-gaap:PaymentsToAcquirePropertyPlantAndEquipment,reported,
cash_flow,us-gaap:PaymentsToAcquireBusinessesNetOfCashAcquired,"Business Acquisitions, net of cash acquired",6M24,-12.882,TRNS_SEC-XBRL-financials_as-presented_10-Q_2023-11-01_0001437749-23-029757.xlsx,Cash Flow,"(Unaudited) Six Months Ended September 23, 2023","Business Acquisitions, net of cash acquired",us-gaap:PaymentsToAcquireBusinessesNetOfCashAcquired,reported,
cash_flow,us-gaap:NetCashProvidedByUsedInInvestingActivities,Net Cash Used in Investing Activities,6M24,-18.326,TRNS_SEC-XBRL-financials_as-presented_10-Q_2023-11-01_0001437749-23-029757.xlsx,Cash Flow,"(Unaudited) Six Months Ended September 23, 2023",Net Cash Used in Investing Activities,us-gaap:NetCashProvidedByUsedInInvestingActivities,reported,
cash_flow,us-gaap:ProceedsFromRepaymentsOfLinesOfCredit,"Proceeds From Revolving Credit Facility, net of lender fees",6M24,5.288,TRNS_SEC-XBRL-financials_as-presented_10-Q_2023-11-01_0001437749-23-029757.xlsx,Cash Flow,"(Unaudited) Six Months Ended September 23, 2023","Proceeds from Revolving Credit Facility, net",us-gaap:ProceedsFromRepaymentsOfLinesOfCredit,reported,
cash_flow,us-gaap:RepaymentsOfLongTermDebt,Repayments of Term Loan,6M24,-1.112,TRNS_SEC-XBRL-financials_as-presented_10-Q_2023-11-01_0001437749-23-029757.xlsx,Cash Flow,"(Unaudited) Six Months Ended September 23, 2023",Repayments of Term Loan,us-gaap:RepaymentsOfLongTermDebt,reported,
cash_flow,trns:ProceedsFromIssuanceOfCommonStockNet,"Issuance of Common Stock, net of direct costs",6M24,0.384,TRNS_SEC-XBRL-financials_as-presented_10-Q_2023-11-01_0001437749-23-029757.xlsx,Cash Flow,"(Unaudited) Six Months Ended September 23, 2023",Issuance of Common Stock,us-gaap:ProceedsFromIssuanceOfCommonStock,reported,
cash_flow,us-gaap:PaymentsForRepurchaseOfCommonStock,Repurchase of Common Stock,6M24,-2.247,TRNS_SEC-XBRL-financials_as-presented_10-Q_2023-11-01_0001437749-23-029757.xlsx,Cash Flow,"(Unaudited) Six Months Ended September 23, 2023",Repurchase of Common Stock,us-gaap:PaymentsForRepurchaseOfCommonStock,reported,
cash_flow,us-gaap:NetCashProvidedByUsedInFinancingActivities,Net Cash Provided by Financing Activities,6M24,2.313,TRNS_SEC-XBRL-financials_as-presented_10-Q_2023-11-01_0001437749-23-029757.xlsx,Cash Flow,"(Unaudited) Six Months Ended September 23, 2023",Net Cash Provided by Financing Activities,us-gaap:NetCashProvidedByUsedInFinancingActivities,reported,
cash_flow,us-gaap:EffectOfExchangeRateOnCashCashEquivalentsRestrictedCashAndRestrictedCashEquivalentsIncludingDisposalGroupAndDiscontinuedOperations,Effect of Exchange Rate Changes on Cash,6M24,-0.244,TRNS_SEC-XBRL-financials_as-presented_10-Q_2023-11-01_0001437749-23-029757.xlsx,Cash Flow,"(Unaudited) Six Months Ended September 23, 2023",Effect of Exchange Rate Changes on Cash,us-gaap:EffectOfExchangeRateOnCashCashEquivalentsRestrictedCashAndRestrictedCashEquivalentsIncludingDisposalGroupAndDiscontinuedOperations,reported,
cash_flow,us-gaap:CashCashEquivalentsRestrictedCashAndRestrictedCashEquivalentsPeriodIncreaseDecreaseIncludingExchangeRateEffect,Net (Decrease) Increase in Cash and Cash Equivalents,6M24,-0.285,TRNS_SEC-XBRL-financials_as-presented_10-Q_2023-11-01_0001437749-23-029757.xlsx,Cash Flow,"(Unaudited) Six Months Ended September 23, 2023",Net Decrease in Cash,us-gaap:CashCashEquivalentsRestrictedCashAndRestrictedCashEquivalentsPeriodIncreaseDecreaseIncludingExchangeRateEffect,reported,
cash_flow,us-gaap:CashCashEquivalentsRestrictedCashAndRestrictedCashEquivalentsIncludingDisposalGroupAndDiscontinuedOperations,Cash and Cash Equivalents at Beginning of Fiscal Year,6M24,1.531,TRNS_SEC-XBRL-financials_as-presented_10-Q_2023-11-01_0001437749-23-029757.xlsx,Cash Flow,"(Unaudited) Six Months Ended September 23, 2023",Cash at Beginning of Period,us-gaap:CashCashEquivalentsRestrictedCashAndRestrictedCashEquivalentsIncludingDisposalGroupAndDiscontinuedOperations,reported,
cash_flow,trns:InterestPaidReceivedExcludingCapitalizedInterestOperatingActivities,"Interest, net",6M24,1.68,TRNS_SEC-XBRL-financials_as-presented_10-Q_2023-11-01_0001437749-23-029757.xlsx,Cash Flow,"(Unaudited) Six Months Ended September 23, 2023",Interest,us-gaap:InterestPaidNet,reported,
cash_flow,us-gaap:IncomeTaxesPaidNet,"Income Taxes, net",6M24,1.099,TRNS_SEC-XBRL-financials_as-presented_10-Q_2023-11-01_0001437749-23-029757.xlsx,Cash Flow,"(Unaudited) Six Months Ended September 23, 2023","Income Taxes, net",us-gaap:IncomeTaxesPaidNet,reported,
cash_flow,us-gaap:StockIssued1,Common stock issued for acquisitions,6M24,34.769,TRNS_SEC-XBRL-financials_as-presented_10-Q_2023-11-01_0001437749-23-029757.xlsx,Cash Flow,"(Unaudited) Six Months Ended September 23, 2023",Common stock issued for acquisitions,us-gaap:StockIssued1,reported,
cash_flow,trns:NoncashOrPartNoncashAcquisitionAccruedContingentConsiderationRelatedToAcquisition,Contingent consideration related to NEXA acquisition,6M24,4.859,TRNS_SEC-XBRL-financials_as-presented_10-Q_2023-11-01_0001437749-23-029757.xlsx,Cash Flow,"(Unaudited) Six Months Ended September 23, 2023",Accrued holdback and contingent consideration related to acquisitions,trns:NoncashOrPartNoncashAcquisitionAccruedContingentConsiderationRelatedToAcquisition,reported,
income_statement,us-gaap:Revenues,Service Revenue,3Q24,41.509,TRNS_SEC-XBRL-financials_as-presented_10-Q_2024-01-31_0001437749-24-002702.xlsx,Income Statement,"(Unaudited) Third Quarter Ended December 23, 2023",Service Revenue,us-gaap:Revenues,reported,
income_statement,us-gaap:Revenues,Service Revenue,9M24,122.793,TRNS_SEC-XBRL-financials_as-presented_10-Q_2024-01-31_0001437749-24-002702.xlsx,Income Statement,"(Unaudited) Nine Months Ended December 23, 2023",Service Revenue,us-gaap:Revenues,reported,
income_statement,us-gaap:CostOfGoodsAndServicesSold,Cost of Service Revenue,3Q24,28.015,TRNS_SEC-XBRL-financials_as-presented_10-Q_2024-01-31_0001437749-24-002702.xlsx,Income Statement,"(Unaudited) Third Quarter Ended December 23, 2023",Cost of Service Revenue,us-gaap:CostOfGoodsAndServicesSold,reported,
income_statement,us-gaap:CostOfGoodsAndServicesSold,Cost of Service Revenue,9M24,82.244,TRNS_SEC-XBRL-financials_as-presented_10-Q_2024-01-31_0001437749-24-002702.xlsx,Income Statement,"(Unaudited) Nine Months Ended December 23, 2023",Cost of Service Revenue,us-gaap:CostOfGoodsAndServicesSold,reported,
income_statement,us-gaap:GrossProfit,Gross Profit,3Q24,20.936,TRNS_SEC-XBRL-financials_as-presented_10-Q_2024-01-31_0001437749-24-002702.xlsx,Income Statement,"(Unaudited) Third Quarter Ended December 23, 2023",Gross Profit,us-gaap:GrossProfit,reported,
income_statement,us-gaap:GrossProfit,Gross Profit,9M24,59.771,TRNS_SEC-XBRL-financials_as-presented_10-Q_2024-01-31_0001437749-24-002702.xlsx,Income Statement,"(Unaudited) Nine Months Ended December 23, 2023",Gross Profit,us-gaap:GrossProfit,reported,
income_statement,us-gaap:SellingAndMarketingExpense,"Selling, Marketing and Warehouse Expenses",3Q24,7.519,TRNS_SEC-XBRL-financials_as-presented_10-Q_2024-01-31_0001437749-24-002702.xlsx,Income Statement,"(Unaudited) Third Quarter Ended December 23, 2023","Selling, Marketing and Warehouse Expenses",us-gaap:SellingAndMarketingExpense,reported,
income_statement,us-gaap:SellingAndMarketingExpense,"Selling, Marketing and Warehouse Expenses",9M24,20.844,TRNS_SEC-XBRL-financials_as-presented_10-Q_2024-01-31_0001437749-24-002702.xlsx,Income Statement,"(Unaudited) Nine Months Ended December 23, 2023","Selling, Marketing and Warehouse Expenses",us-gaap:SellingAndMarketingExpense,reported,
income_statement,us-gaap:GeneralAndAdministrativeExpense,General and Administrative Expenses,3Q24,9.123,TRNS_SEC-XBRL-financials_as-presented_10-Q_2024-01-31_0001437749-24-002702.xlsx,Income Statement,"(Unaudited) Third Quarter Ended December 23, 2023",General and Administrative Expenses,us-gaap:GeneralAndAdministrativeExpense,reported,
income_statement,us-gaap:GeneralAndAdministrativeExpense,General and Administrative Expenses,9M24,28.35,TRNS_SEC-XBRL-financials_as-presented_10-Q_2024-01-31_0001437749-24-002702.xlsx,Income Statement,"(Unaudited) Nine Months Ended December 23, 2023",General and Administrative Expenses,us-gaap:GeneralAndAdministrativeExpense,reported,
income_statement,us-gaap:OperatingExpenses,Total Operating Expenses,3Q24,16.642,TRNS_SEC-XBRL-financials_as-presented_10-Q_2024-01-31_0001437749-24-002702.xlsx,Income Statement,"(Unaudited) Third Quarter Ended December 23, 2023",Total Operating Expenses,us-gaap:OperatingExpenses,reported,
income_statement,us-gaap:OperatingExpenses,Total Operating Expenses,9M24,49.194,TRNS_SEC-XBRL-financials_as-presented_10-Q_2024-01-31_0001437749-24-002702.xlsx,Income Statement,"(Unaudited) Nine Months Ended December 23, 2023",Total Operating Expenses,us-gaap:OperatingExpenses,reported,
income_statement,us-gaap:OperatingIncomeLoss,Operating Income,3Q24,4.294,TRNS_SEC-XBRL-financials_as-presented_10-Q_2024-01-31_0001437749-24-002702.xlsx,Income Statement,"(Unaudited) Third Quarter Ended December 23, 2023",Operating Income,us-gaap:OperatingIncomeLoss,reported,
income_statement,us-gaap:OperatingIncomeLoss,Operating Income,9M24,10.577,TRNS_SEC-XBRL-financials_as-presented_10-Q_2024-01-31_0001437749-24-002702.xlsx,Income Statement,"(Unaudited) Nine Months Ended December 23, 2023",Operating Income,us-gaap:OperatingIncomeLoss,reported,
income_statement,us-gaap:NonoperatingIncomeExpense,"Total Interest and Other (Income)/Expense, net",3Q24,-0.24299999999999997,TRNS_SEC-XBRL-financials_as-presented_10-Q_2024-01-31_0001437749-24-002702.xlsx,Income Statement,"(Unaudited) Third Quarter Ended December 23, 2023",Interest Expense; Interest Income; Total Interest and Other,us-gaap:InterestExpense; us-gaap:InvestmentIncomeInterest; us-gaap:NonoperatingIncomeExpense,interest_net,"interest_net: signed_sum=-0.24299999999999997 from values=[0.081, -0.347, 0.023]"
income_statement,us-gaap:NonoperatingIncomeExpense,"Total Interest and Other (Income)/Expense, net",9M24,3.1799999999999997,TRNS_SEC-XBRL-financials_as-presented_10-Q_2024-01-31_0001437749-24-002702.xlsx,Income Statement,"(Unaudited) Nine Months Ended December 23, 2023",Interest Expense; Interest Income; Total Interest and Other,us-gaap:InterestExpense; us-gaap:InvestmentIncomeInterest; us-gaap:NonoperatingIncomeExpense,interest_net,"interest_net: signed_sum=3.1799999999999997 from values=[1.785, -0.347, 1.742]"
income_statement,us-gaap:OtherNonoperatingIncomeExpense,Other (Income) Expense,3Q24,0.289,TRNS_SEC-XBRL-financials_as-presented_10-Q_2024-01-31_0001437749-24-002702.xlsx,Income Statement,"(Unaudited) Third Quarter Ended December 23, 2023",Other Income/Expense,us-gaap:OtherNonoperatingIncomeExpense,reported,
income_statement,us-gaap:OtherNonoperatingIncomeExpense,Other (Income) Expense,9M24,0.304,TRNS_SEC-XBRL-financials_as-presented_10-Q_2024-01-31_0001437749-24-002702.xlsx,Income Statement,"(Unaudited) Nine Months Ended December 23, 2023",Other Income/Expense,us-gaap:OtherNonoperatingIncomeExpense,reported,
income_statement,us-gaap:IncomeLossFromContinuingOperationsBeforeIncomeTaxesExtraordinaryItemsNoncontrollingInterest,Income Before Provision for Income Taxes,3Q24,4.271,TRNS_SEC-XBRL-financials_as-presented_10-Q_2024-01-31_0001437749-24-002702.xlsx,Income Statement,"(Unaudited) Third Quarter Ended December 23, 2023",Income Before Income Taxes,us-gaap:IncomeLossFromContinuingOperationsBeforeIncomeTaxesExtraordinaryItemsNoncontrollingInterest,reported,
income_statement,us-gaap:IncomeLossFromContinuingOperationsBeforeIncomeTaxesExtraordinaryItemsNoncontrollingInterest,Income Before Provision for Income Taxes,9M24,8.835,TRNS_SEC-XBRL-financials_as-presented_10-Q_2024-01-31_0001437749-24-002702.xlsx,Income Statement,"(Unaudited) Nine Months Ended December 23, 2023",Income Before Income Taxes,us-gaap:IncomeLossFromContinuingOperationsBeforeIncomeTaxesExtraordinaryItemsNoncontrollingInterest,reported,
income_statement,us-gaap:IncomeTaxExpenseBenefit,Provision for Income Taxes,3Q24,0.923,TRNS_SEC-XBRL-financials_as-presented_10-Q_2024-01-31_0001437749-24-002702.xlsx,Income Statement,"(Unaudited) Third Quarter Ended December 23, 2023",Provision for Income Taxes,us-gaap:IncomeTaxExpenseBenefit,reported,
income_statement,us-gaap:IncomeTaxExpenseBenefit,Provision for Income Taxes,9M24,2.078,TRNS_SEC-XBRL-financials_as-presented_10-Q_2024-01-31_0001437749-24-002702.xlsx,Income Statement,"(Unaudited) Nine Months Ended December 23, 2023",Provision for Income Taxes,us-gaap:IncomeTaxExpenseBenefit,reported,
income_statement,us-gaap:NetIncomeLoss,Net Income,3Q24,3.348,TRNS_SEC-XBRL-financials_as-presented_10-Q_2024-01-31_0001437749-24-002702.xlsx,Income Statement,"(Unaudited) Third Quarter Ended December 23, 2023",Net Income,us-gaap:NetIncomeLoss,reported,
income_statement,us-gaap:NetIncomeLoss,Net Income,9M24,6.757,TRNS_SEC-XBRL-financials_as-presented_10-Q_2024-01-31_0001437749-24-002702.xlsx,Income Statement,"(Unaudited) Nine Months Ended December 23, 2023",Net Income,us-gaap:NetIncomeLoss,reported,
income_statement,us-gaap:EarningsPerShareBasic,Basic Earnings Per Share,3Q24,0.39,TRNS_SEC-XBRL-financials_as-presented_10-Q_2024-01-31_0001437749-24-002702.xlsx,Income Statement,"(Unaudited) Third Quarter Ended December 23, 2023",Basic Earnings Per Share,us-gaap:EarningsPerShareBasic,reported,
income_statement,us-gaap:EarningsPerShareBasic,Basic Earnings Per Share,9M24,0.84,TRNS_SEC-XBRL-financials_as-presented_10-Q_2024-01-31_0001437749-24-002702.xlsx,Income Statement,"(Unaudited) Nine Months Ended December 23, 2023",Basic Earnings Per Share,us-gaap:EarningsPerShareBasic,reported,
income_statement,us-gaap:WeightedAverageNumberOfSharesOutstandingBasic,Average Shares Outstanding,3Q24,8.615,TRNS_SEC-XBRL-financials_as-presented_10-Q_2024-01-31_0001437749-24-002702.xlsx,Income Statement,"(Unaudited) Third Quarter Ended December 23, 2023",Average Shares Outstanding,us-gaap:WeightedAverageNumberOfSharesOutstandingBasic,reported,
income_statement,us-gaap:WeightedAverageNumberOfSharesOutstandingBasic,Average Shares Outstanding,9M24,8.06,TRNS_SEC-XBRL-financials_as-presented_10-Q_2024-01-31_0001437749-24-002702.xlsx,Income Statement,"(Unaudited) Nine Months Ended December 23, 2023",Average Shares Outstanding,us-gaap:WeightedAverageNumberOfSharesOutstandingBasic,reported,
income_statement,us-gaap:EarningsPerShareDiluted,Diluted Earnings Per Share,3Q24,0.38,TRNS_SEC-XBRL-financials_as-presented_10-Q_2024-01-31_0001437749-24-002702.xlsx,Income Statement,"(Unaudited) Third Quarter Ended December 23, 2023",Diluted Earnings Per Share,us-gaap:EarningsPerShareDiluted,reported,
income_statement,us-gaap:EarningsPerShareDiluted,Diluted Earnings Per Share,9M24,0.83,TRNS_SEC-XBRL-financials_as-presented_10-Q_2024-01-31_0001437749-24-002702.xlsx,Income Statement,"(Unaudited) Nine Months Ended December 23, 2023",Diluted Earnings Per Share,us-gaap:EarningsPerShareDiluted,reported,
income_statement,us-gaap:WeightedAverageNumberOfDilutedSharesOutstanding,Average Shares Outstanding,3Q24,8.752,TRNS_SEC-XBRL-financials_as-presented_10-Q_2024-01-31_0001437749-24-002702.xlsx,Income Statement,"(Unaudited) Third Quarter Ended December 23, 2023",Average Shares Outstanding,us-gaap:WeightedAverageNumberOfDilutedSharesOutstanding,reported,
income_statement,us-gaap:WeightedAverageNumberOfDilutedSharesOutstanding,Average Shares Outstanding,9M24,8.187,TRNS_SEC-XBRL-financials_as-presented_10-Q_2024-01-31_0001437749-24-002702.xlsx,Income Statement,"(Unaudited) Nine Months Ended December 23, 2023",Average Shares Outstanding,us-gaap:WeightedAverageNumberOfDilutedSharesOutstanding,reported,
balance_sheet,us-gaap:CashAndCashEquivalentsAtCarryingValue,Cash and Cash Equivalents,3Q24,35.205,TRNS_SEC-XBRL-financials_as-presented_10-Q_2024-01-31_0001437749-24-002702.xlsx,Balance Sheet,"(Unaudited) December 23, 2023",Cash and cash equivalents,us-gaap:CashAndCashEquivalentsAtCarryingValue,reported,
balance_sheet,us-gaap:AccountsReceivableNetCurrent,"Accounts Receivable, less allowance for credit losses of $851 and $659",3Q24,43.307,TRNS_SEC-XBRL-financials_as-presented_10-Q_2024-01-31_0001437749-24-002702.xlsx,Balance Sheet,"(Unaudited) December 23, 2023","Accounts Receivable, less allowance for credit losses of $579 and $457 as of December 23, 2023 and March 25, 2023, respectively",us-gaap:AccountsReceivableNetCurrent,reported,
balance_sheet,us-gaap:OtherReceivablesNetCurrent,Other Receivables,3Q24,0.819,TRNS_SEC-XBRL-financials_as-presented_10-Q_2024-01-31_0001437749-24-002702.xlsx,Balance Sheet,"(Unaudited) December 23, 2023",Other Receivables,us-gaap:OtherReceivablesNetCurrent,reported,
balance_sheet,us-gaap:InventoryNet,Inventory,3Q24,16.178,TRNS_SEC-XBRL-financials_as-presented_10-Q_2024-01-31_0001437749-24-002702.xlsx,Balance Sheet,"(Unaudited) December 23, 2023","Inventory, net",us-gaap:InventoryNet,reported,
balance_sheet,us-gaap:PrepaidExpenseAndOtherAssetsCurrent,Prepaid Expenses and Other Current Assets,3Q24,3.295,TRNS_SEC-XBRL-financials_as-presented_10-Q_2024-01-31_0001437749-24-002702.xlsx,Balance Sheet,"(Unaudited) December 23, 2023",Prepaid Expenses and Other Current Assets,us-gaap:PrepaidExpenseAndOtherAssetsCurrent,reported,
balance_sheet,us-gaap:AssetsCurrent,Total Current Assets,3Q24,98.804,TRNS_SEC-XBRL-financials_as-presented_10-Q_2024-01-31_0001437749-24-002702.xlsx,Balance Sheet,"(Unaudited) December 23, 2023",Total Current Assets,us-gaap:AssetsCurrent,reported,
balance_sheet,us-gaap:PropertyPlantAndEquipmentNet,"Property and Equipment, net",3Q24,37.222,TRNS_SEC-XBRL-financials_as-presented_10-Q_2024-01-31_0001437749-24-002702.xlsx,Balance Sheet,"(Unaudited) December 23, 2023","Property and Equipment, net",us-gaap:PropertyPlantAndEquipmentNet,reported,
balance_sheet,us-gaap:Goodwill,Goodwill,3Q24,105.7,TRNS_SEC-XBRL-financials_as-presented_10-Q_2024-01-31_0001437749-24-002702.xlsx,Balance Sheet,"(Unaudited) December 23, 2023",Goodwill,us-gaap:Goodwill,reported,
balance_sheet,us-gaap:IntangibleAssetsNetExcludingGoodwill,"Intangible Assets, net",3Q24,21.459,TRNS_SEC-XBRL-financials_as-presented_10-Q_2024-01-31_0001437749-24-002702.xlsx,Balance Sheet,"(Unaudited) December 23, 2023","Intangible Assets, net",us-gaap:IntangibleAssetsNetExcludingGoodwill,reported,
balance_sheet,us-gaap:OperatingLeaseRightOfUseAsset,"Right to Use Assets, net",3Q24,16.834,TRNS_SEC-XBRL-financials_as-presented_10-Q_2024-01-31_0001437749-24-002702.xlsx,Balance Sheet,"(Unaudited) December 23, 2023","Right To Use Assets, net",us-gaap:OperatingLeaseRightOfUseAsset,reported,
balance_sheet,us-gaap:OtherAssetsNoncurrent,Other Assets,3Q24,1.055,TRNS_SEC-XBRL-financials_as-presented_10-Q_2024-01-31_0001437749-24-002702.xlsx,Balance Sheet,"(Unaudited) December 23, 2023",Other Assets,us-gaap:OtherAssetsNoncurrent,reported,
balance_sheet,us-gaap:Assets,Total Assets,3Q24,281.074,TRNS_SEC-XBRL-financials_as-presented_10-Q_2024-01-31_0001437749-24-002702.xlsx,Balance Sheet,"(Unaudited) December 23, 2023",Total Assets,us-gaap:Assets,reported,
balance_sheet,us-gaap:AccountsPayableCurrent,Accounts Payable,3Q24,11.355,TRNS_SEC-XBRL-financials_as-presented_10-Q_2024-01-31_0001437749-24-002702.xlsx,Balance Sheet,"(Unaudited) December 23, 2023",Accounts Payable,us-gaap:AccountsPayableCurrent,reported,
balance_sheet,trns:AccruedCompensationAndOtherLiabilitiesCurrent,Accrued Compensation and Other Current Liabilities,3Q24,15.683,TRNS_SEC-XBRL-financials_as-presented_10-Q_2024-01-31_0001437749-24-002702.xlsx,Balance Sheet,"(Unaudited) December 23, 2023",Accrued Compensation and Other Current Liabilities,trns:AccruedCompensationAndOtherLiabilitiesCurrent,reported,
balance_sheet,us-gaap:LongTermDebtCurrent,Current Portion of Long-Term Debt,3Q24,2.316,TRNS_SEC-XBRL-financials_as-presented_10-Q_2024-01-31_0001437749-24-002702.xlsx,Balance Sheet,"(Unaudited) December 23, 2023",Current Portion of Long-Term Debt,us-gaap:LongTermDebtCurrent,reported,
balance_sheet,us-gaap:LiabilitiesCurrent,Total Current Liabilities,3Q24,29.354,TRNS_SEC-XBRL-financials_as-presented_10-Q_2024-01-31_0001437749-24-002702.xlsx,Balance Sheet,"(Unaudited) December 23, 2023",Total Current Liabilities,us-gaap:LiabilitiesCurrent,reported,
balance_sheet,us-gaap:LongTermDebtNoncurrent,Long-Term Debt,3Q24,2.411,TRNS_SEC-XBRL-financials_as-presented_10-Q_2024-01-31_0001437749-24-002702.xlsx,Balance Sheet,"(Unaudited) December 23, 2023",Long-Term Debt,us-gaap:LongTermDebtNoncurrent,reported,
balance_sheet,us-gaap:DeferredIncomeTaxLiabilitiesNet,"Deferred Tax Liabilities, net",3Q24,10.855,TRNS_SEC-XBRL-financials_as-presented_10-Q_2024-01-31_0001437749-24-002702.xlsx,Balance Sheet,"(Unaudited) December 23, 2023","Deferred Tax Liabilities, net",us-gaap:DeferredIncomeTaxLiabilitiesNet,reported,
balance_sheet,us-gaap:OperatingLeaseLiabilityNoncurrent,Lease Liabilities,3Q24,14.457,TRNS_SEC-XBRL-financials_as-presented_10-Q_2024-01-31_0001437749-24-002702.xlsx,Balance Sheet,"(Unaudited) December 23, 2023",Lease Liabilities,us-gaap:OperatingLeaseLiabilityNoncurrent,reported,
balance_sheet,us-gaap:OtherLiabilitiesNoncurrent,Other Liabilities,3Q24,5.527,TRNS_SEC-XBRL-financials_as-presented_10-Q_2024-01-31_0001437749-24-002702.xlsx,Balance Sheet,"(Unaudited) December 23, 2023",Other Liabilities,us-gaap:OtherLiabilitiesNoncurrent,reported,
balance_sheet,us-gaap:Liabilities,Total Liabilities,3Q24,62.604,TRNS_SEC-XBRL-financials_as-presented_10-Q_2024-01-31_0001437749-24-002702.xlsx,Balance Sheet,"(Unaudited) December 23, 2023",Total Liabilities,us-gaap:Liabilities,reported,
balance_sheet,us-gaap:CommonStockValue,"Common Stock, par value $0.50 per share, 30,000,000 shares authorized; 9,333,953 and 9,315,840 shares issued and outstanding as of March 28, 2026 and March 29, 2025, respectively",3Q24,4.414,TRNS_SEC-XBRL-financials_as-presented_10-Q_2024-01-31_0001437749-24-002702.xlsx,Balance Sheet,"(Unaudited) December 23, 2023","Common Stock, par value $0.50 per share, 30,000,000 shares authorized; 8,828,515 and 7,562,604 shares issued and outstanding as of December 23, 2023 and March 25, 2023, respectively",us-gaap:CommonStockValue,reported,
balance_sheet,us-gaap:AdditionalPaidInCapitalCommonStock,Capital in Excess of Par Value,3Q24,140.382,TRNS_SEC-XBRL-financials_as-presented_10-Q_2024-01-31_0001437749-24-002702.xlsx,Balance Sheet,"(Unaudited) December 23, 2023",Capital in Excess of Par Value,us-gaap:AdditionalPaidInCapitalCommonStock,reported,
balance_sheet,us-gaap:AccumulatedOtherComprehensiveIncomeLossNetOfTax,Accumulated Other Comprehensive Loss,3Q24,-0.691,TRNS_SEC-XBRL-financials_as-presented_10-Q_2024-01-31_0001437749-24-002702.xlsx,Balance Sheet,"(Unaudited) December 23, 2023",Accumulated Other Comprehensive Loss,us-gaap:AccumulatedOtherComprehensiveIncomeLossNetOfTax,reported,
balance_sheet,us-gaap:RetainedEarningsAccumulatedDeficit,Retained Earnings,3Q24,74.365,TRNS_SEC-XBRL-financials_as-presented_10-Q_2024-01-31_0001437749-24-002702.xlsx,Balance Sheet,"(Unaudited) December 23, 2023",Retained Earnings,us-gaap:RetainedEarningsAccumulatedDeficit,reported,
balance_sheet,us-gaap:StockholdersEquity,Total Shareholders' Equity,3Q24,218.47,TRNS_SEC-XBRL-financials_as-presented_10-Q_2024-01-31_0001437749-24-002702.xlsx,Balance Sheet,"(Unaudited) December 23, 2023",Total Shareholders' Equity,us-gaap:StockholdersEquity,reported,
balance_sheet,us-gaap:LiabilitiesAndStockholdersEquity,Total Liabilities and Shareholders' Equity,3Q24,281.074,TRNS_SEC-XBRL-financials_as-presented_10-Q_2024-01-31_0001437749-24-002702.xlsx,Balance Sheet,"(Unaudited) December 23, 2023",Total Liabilities and Shareholders' Equity,us-gaap:LiabilitiesAndStockholdersEquity,reported,
cash_flow,us-gaap:NetIncomeLoss,Net Income,9M24,6.757,TRNS_SEC-XBRL-financials_as-presented_10-Q_2024-01-31_0001437749-24-002702.xlsx,Cash Flow,"(Unaudited) Nine Months Ended December 23, 2023",Net Income,us-gaap:NetIncomeLoss,reported,
cash_flow,us-gaap:GainLossOnSaleOfPropertyPlantEquipment,Net (Gain) Loss on Disposal of Property and Equipment,9M24,0.024,TRNS_SEC-XBRL-financials_as-presented_10-Q_2024-01-31_0001437749-24-002702.xlsx,Cash Flow,"(Unaudited) Nine Months Ended December 23, 2023",Net Loss on Disposal of Property and Equipment,us-gaap:GainLossOnSaleOfPropertyPlantEquipment,reported,
cash_flow,us-gaap:DeferredIncomeTaxesAndTaxCredits,Deferred Income Taxes,9M24,0.042,TRNS_SEC-XBRL-financials_as-presented_10-Q_2024-01-31_0001437749-24-002702.xlsx,Cash Flow,"(Unaudited) Nine Months Ended December 23, 2023",Deferred Income Taxes,us-gaap:DeferredIncomeTaxesAndTaxCredits,reported,
cash_flow,us-gaap:DepreciationDepletionAndAmortization,Depreciation and Amortization,9M24,9.841,TRNS_SEC-XBRL-financials_as-presented_10-Q_2024-01-31_0001437749-24-002702.xlsx,Cash Flow,"(Unaudited) Nine Months Ended December 23, 2023",Depreciation and Amortization,us-gaap:DepreciationDepletionAndAmortization,reported,
cash_flow,trns:AccountsReceivableCreditLossExpenseReversalAndInventoryWritedown,Provision for Accounts Receivable and Inventory Reserves,9M24,0.379,TRNS_SEC-XBRL-financials_as-presented_10-Q_2024-01-31_0001437749-24-002702.xlsx,Cash Flow,"(Unaudited) Nine Months Ended December 23, 2023",Provision for Accounts Receivable and Inventory Reserves,trns:AccountsReceivableCreditLossExpenseReversalAndInventoryWritedown,reported,
cash_flow,us-gaap:ShareBasedCompensation,Stock-Based Compensation Expense,9M24,3.338,TRNS_SEC-XBRL-financials_as-presented_10-Q_2024-01-31_0001437749-24-002702.xlsx,Cash Flow,"(Unaudited) Nine Months Ended December 23, 2023",Stock-Based Compensation Expense,us-gaap:ShareBasedCompensation,reported,
cash_flow,us-gaap:IncreaseDecreaseInAccountsAndOtherReceivables,Accounts Receivable and Other Receivables,9M24,3.819,TRNS_SEC-XBRL-financials_as-presented_10-Q_2024-01-31_0001437749-24-002702.xlsx,Cash Flow,"(Unaudited) Nine Months Ended December 23, 2023",Accounts Receivable and Other Receivables,us-gaap:IncreaseDecreaseInAccountsAndOtherReceivables,reported,
cash_flow,us-gaap:IncreaseDecreaseInInventories,Inventory,9M24,3.208,TRNS_SEC-XBRL-financials_as-presented_10-Q_2024-01-31_0001437749-24-002702.xlsx,Cash Flow,"(Unaudited) Nine Months Ended December 23, 2023",Inventory,us-gaap:IncreaseDecreaseInInventories,reported,
cash_flow,us-gaap:IncreaseDecreaseInPrepaidDeferredExpenseAndOtherAssets,Prepaid Expenses and Other Current Assets,9M24,0.728,TRNS_SEC-XBRL-financials_as-presented_10-Q_2024-01-31_0001437749-24-002702.xlsx,Cash Flow,"(Unaudited) Nine Months Ended December 23, 2023",Prepaid Expenses and Other Current Assets,us-gaap:IncreaseDecreaseInPrepaidDeferredExpenseAndOtherAssets,reported,
cash_flow,us-gaap:IncreaseDecreaseInAccountsPayable,Accounts Payable,9M24,-5.194,TRNS_SEC-XBRL-financials_as-presented_10-Q_2024-01-31_0001437749-24-002702.xlsx,Cash Flow,"(Unaudited) Nine Months Ended December 23, 2023",Accounts Payable,us-gaap:IncreaseDecreaseInAccountsPayable,reported,
cash_flow,us-gaap:IncreaseDecreaseInAccruedLiabilitiesAndOtherOperatingLiabilities,Accrued Compensation and Other Current Liabilities,9M24,3.947,TRNS_SEC-XBRL-financials_as-presented_10-Q_2024-01-31_0001437749-24-002702.xlsx,Cash Flow,"(Unaudited) Nine Months Ended December 23, 2023",Accrued Compensation and Other Current Liabilities,us-gaap:IncreaseDecreaseInAccruedLiabilitiesAndOtherOperatingLiabilities,reported,
cash_flow,us-gaap:NetCashProvidedByUsedInOperatingActivities,Net Cash Provided by Operating Activities,9M24,26.889,TRNS_SEC-XBRL-financials_as-presented_10-Q_2024-01-31_0001437749-24-002702.xlsx,Cash Flow,"(Unaudited) Nine Months Ended December 23, 2023",Net Cash Provided by Operating Activities,us-gaap:NetCashProvidedByUsedInOperatingActivities,reported,
cash_flow,us-gaap:PaymentsToAcquirePropertyPlantAndEquipment,Purchase of Property and Equipment,9M24,-9.099,TRNS_SEC-XBRL-financials_as-presented_10-Q_2024-01-31_0001437749-24-002702.xlsx,Cash Flow,"(Unaudited) Nine Months Ended December 23, 2023",Purchases of Property and Equipment,us-gaap:PaymentsToAcquirePropertyPlantAndEquipment,reported,
cash_flow,us-gaap:PaymentsToAcquireBusinessesNetOfCashAcquired,"Business Acquisitions, net of cash acquired",9M24,-12.932,TRNS_SEC-XBRL-financials_as-presented_10-Q_2024-01-31_0001437749-24-002702.xlsx,Cash Flow,"(Unaudited) Nine Months Ended December 23, 2023","Business Acquisitions, net of cash acquired",us-gaap:PaymentsToAcquireBusinessesNetOfCashAcquired,reported,
cash_flow,us-gaap:NetCashProvidedByUsedInInvestingActivities,Net Cash Used in Investing Activities,9M24,-22.031,TRNS_SEC-XBRL-financials_as-presented_10-Q_2024-01-31_0001437749-24-002702.xlsx,Cash Flow,"(Unaudited) Nine Months Ended December 23, 2023",Net Cash Used in Investing Activities,us-gaap:NetCashProvidedByUsedInInvestingActivities,reported,
cash_flow,us-gaap:ProceedsFromRepaymentsOfLinesOfCredit,"Proceeds From Revolving Credit Facility, net of lender fees",9M24,-42.713,TRNS_SEC-XBRL-financials_as-presented_10-Q_2024-01-31_0001437749-24-002702.xlsx,Cash Flow,"(Unaudited) Nine Months Ended December 23, 2023","(Repayment of) Proceeds from Revolving Credit Facility, net",us-gaap:ProceedsFromRepaymentsOfLinesOfCredit,reported,
cash_flow,us-gaap:RepaymentsOfLongTermDebt,Repayments of Term Loan,9M24,-1.678,TRNS_SEC-XBRL-financials_as-presented_10-Q_2024-01-31_0001437749-24-002702.xlsx,Cash Flow,"(Unaudited) Nine Months Ended December 23, 2023",Repayments of Term Loan,us-gaap:RepaymentsOfLongTermDebt,reported,
cash_flow,trns:ProceedsFromIssuanceOfCommonStockNet,"Issuance of Common Stock, net of direct costs",9M24,75.714,TRNS_SEC-XBRL-financials_as-presented_10-Q_2024-01-31_0001437749-24-002702.xlsx,Cash Flow,"(Unaudited) Nine Months Ended December 23, 2023","Issuance of Common Stock, net of direct costs",trns:ProceedsFromIssuanceOfCommonStockNet,reported,
cash_flow,us-gaap:PaymentsForRepurchaseOfCommonStock,Repurchase of Common Stock,9M24,-2.247,TRNS_SEC-XBRL-financials_as-presented_10-Q_2024-01-31_0001437749-24-002702.xlsx,Cash Flow,"(Unaudited) Nine Months Ended December 23, 2023",Repurchase of Common Stock,us-gaap:PaymentsForRepurchaseOfCommonStock,reported,
cash_flow,us-gaap:NetCashProvidedByUsedInFinancingActivities,Net Cash Provided by Financing Activities,9M24,29.076,TRNS_SEC-XBRL-financials_as-presented_10-Q_2024-01-31_0001437749-24-002702.xlsx,Cash Flow,"(Unaudited) Nine Months Ended December 23, 2023",Net Cash Provided by Financing Activities,us-gaap:NetCashProvidedByUsedInFinancingActivities,reported,
cash_flow,us-gaap:EffectOfExchangeRateOnCashCashEquivalentsRestrictedCashAndRestrictedCashEquivalentsIncludingDisposalGroupAndDiscontinuedOperations,Effect of Exchange Rate Changes on Cash,9M24,-0.26,TRNS_SEC-XBRL-financials_as-presented_10-Q_2024-01-31_0001437749-24-002702.xlsx,Cash Flow,"(Unaudited) Nine Months Ended December 23, 2023",Effect of Exchange Rate Changes on Cash and cash equivalents,us-gaap:EffectOfExchangeRateOnCashCashEquivalentsRestrictedCashAndRestrictedCashEquivalentsIncludingDisposalGroupAndDiscontinuedOperations,reported,
cash_flow,us-gaap:CashCashEquivalentsRestrictedCashAndRestrictedCashEquivalentsPeriodIncreaseDecreaseIncludingExchangeRateEffect,Net (Decrease) Increase in Cash and Cash Equivalents,9M24,33.674,TRNS_SEC-XBRL-financials_as-presented_10-Q_2024-01-31_0001437749-24-002702.xlsx,Cash Flow,"(Unaudited) Nine Months Ended December 23, 2023",Net Increase in Cash and cash equivalents,us-gaap:CashCashEquivalentsRestrictedCashAndRestrictedCashEquivalentsPeriodIncreaseDecreaseIncludingExchangeRateEffect,reported,
cash_flow,us-gaap:CashCashEquivalentsRestrictedCashAndRestrictedCashEquivalentsIncludingDisposalGroupAndDiscontinuedOperations,Cash and Cash Equivalents at Beginning of Fiscal Year,9M24,1.531,TRNS_SEC-XBRL-financials_as-presented_10-Q_2024-01-31_0001437749-24-002702.xlsx,Cash Flow,"(Unaudited) Nine Months Ended December 23, 2023",Cash and cash equivalents at Beginning of Period,us-gaap:CashCashEquivalentsRestrictedCashAndRestrictedCashEquivalentsIncludingDisposalGroupAndDiscontinuedOperations,reported,
cash_flow,trns:InterestPaidReceivedExcludingCapitalizedInterestOperatingActivities,"Interest, net",9M24,1.652,TRNS_SEC-XBRL-financials_as-presented_10-Q_2024-01-31_0001437749-24-002702.xlsx,Cash Flow,"(Unaudited) Nine Months Ended December 23, 2023",Interest,us-gaap:InterestPaidNet,reported,
cash_flow,us-gaap:IncomeTaxesPaidNet,"Income Taxes, net",9M24,1.884,TRNS_SEC-XBRL-financials_as-presented_10-Q_2024-01-31_0001437749-24-002702.xlsx,Cash Flow,"(Unaudited) Nine Months Ended December 23, 2023","Income Taxes, net",us-gaap:IncomeTaxesPaidNet,reported,
cash_flow,us-gaap:StockIssued1,Common stock issued for acquisitions,9M24,34.769,TRNS_SEC-XBRL-financials_as-presented_10-Q_2024-01-31_0001437749-24-002702.xlsx,Cash Flow,"(Unaudited) Nine Months Ended December 23, 2023",Common stock issued for acquisitions,us-gaap:StockIssued1,reported,
cash_flow,trns:NoncashOrPartNoncashAcquisitionAccruedContingentConsiderationRelatedToAcquisition,Contingent consideration related to NEXA acquisition,9M24,4.859,TRNS_SEC-XBRL-financials_as-presented_10-Q_2024-01-31_0001437749-24-002702.xlsx,Cash Flow,"(Unaudited) Nine Months Ended December 23, 2023",Accrued holdback and contingent consideration related to acquisitions,trns:NoncashOrPartNoncashAcquisitionAccruedContingentConsiderationRelatedToAcquisition,reported,
cash_flow,trns:ReclassificationOfPropertyAndEquipmentToInventory,"Balance Sheet Reclassification of Property and Equipment, net to Inventory",9M24,0.737,TRNS_SEC-XBRL-financials_as-presented_10-Q_2024-01-31_0001437749-24-002702.xlsx,Cash Flow,"(Unaudited) Nine Months Ended December 23, 2023","Balance Sheet Reclassification of Property and Equipment, net to Inventory",trns:ReclassificationOfPropertyAndEquipmentToInventory,reported,
income_statement,us-gaap:Revenues,Service Revenue,1Q25,43.778,TRNS_SEC-XBRL-financials_as-presented_10-Q_2024-08-07_0001437749-24-025176.xlsx,Income Statement,"(Unaudited) First Quarter Ended June 29, 2024",Service Revenue,us-gaap:Revenues,reported,
income_statement,us-gaap:CostOfGoodsAndServicesSold,Cost of Service Revenue,1Q25,28.895,TRNS_SEC-XBRL-financials_as-presented_10-Q_2024-08-07_0001437749-24-025176.xlsx,Income Statement,"(Unaudited) First Quarter Ended June 29, 2024",Cost of Service Revenue,us-gaap:CostOfGoodsAndServicesSold,reported,
income_statement,us-gaap:GrossProfit,Gross Profit,1Q25,22.655,TRNS_SEC-XBRL-financials_as-presented_10-Q_2024-08-07_0001437749-24-025176.xlsx,Income Statement,"(Unaudited) First Quarter Ended June 29, 2024",Gross Profit,us-gaap:GrossProfit,reported,
income_statement,us-gaap:SellingAndMarketingExpense,"Selling, Marketing and Warehouse Expenses",1Q25,7.801,TRNS_SEC-XBRL-financials_as-presented_10-Q_2024-08-07_0001437749-24-025176.xlsx,Income Statement,"(Unaudited) First Quarter Ended June 29, 2024","Selling, Marketing and Warehouse Expenses",us-gaap:SellingAndMarketingExpense,reported,
income_statement,us-gaap:GeneralAndAdministrativeExpense,General and Administrative Expenses,1Q25,9.755,TRNS_SEC-XBRL-financials_as-presented_10-Q_2024-08-07_0001437749-24-025176.xlsx,Income Statement,"(Unaudited) First Quarter Ended June 29, 2024",General and Administrative Expenses,us-gaap:GeneralAndAdministrativeExpense,reported,
income_statement,us-gaap:OperatingExpenses,Total Operating Expenses,1Q25,17.556,TRNS_SEC-XBRL-financials_as-presented_10-Q_2024-08-07_0001437749-24-025176.xlsx,Income Statement,"(Unaudited) First Quarter Ended June 29, 2024",Total Operating Expenses,us-gaap:OperatingExpenses,reported,
income_statement,us-gaap:OperatingIncomeLoss,Operating Income,1Q25,5.099,TRNS_SEC-XBRL-financials_as-presented_10-Q_2024-08-07_0001437749-24-025176.xlsx,Income Statement,"(Unaudited) First Quarter Ended June 29, 2024",Operating Income,us-gaap:OperatingIncomeLoss,reported,
income_statement,us-gaap:NonoperatingIncomeExpense,"Total Interest and Other (Income)/Expense, net",1Q25,-0.389,TRNS_SEC-XBRL-financials_as-presented_10-Q_2024-08-07_0001437749-24-025176.xlsx,Income Statement,"(Unaudited) First Quarter Ended June 29, 2024","Interest Expense; Interest Income; Total Interest and Other, net",us-gaap:InterestExpenseNonoperating; us-gaap:InvestmentIncomeInterest; us-gaap:NonoperatingIncomeExpense,interest_net,"interest_net: signed_sum=-0.389 from values=[0.052, -0.312, -0.129]"
income_statement,us-gaap:OtherNonoperatingIncomeExpense,Other (Income) Expense,1Q25,0.131,TRNS_SEC-XBRL-financials_as-presented_10-Q_2024-08-07_0001437749-24-025176.xlsx,Income Statement,"(Unaudited) First Quarter Ended June 29, 2024",Other Expense,us-gaap:OtherNonoperatingIncomeExpense,reported,
income_statement,us-gaap:IncomeLossFromContinuingOperationsBeforeIncomeTaxesExtraordinaryItemsNoncontrollingInterest,Income Before Provision for Income Taxes,1Q25,5.228,TRNS_SEC-XBRL-financials_as-presented_10-Q_2024-08-07_0001437749-24-025176.xlsx,Income Statement,"(Unaudited) First Quarter Ended June 29, 2024",Income Before Provision For Income Taxes,us-gaap:IncomeLossFromContinuingOperationsBeforeIncomeTaxesExtraordinaryItemsNoncontrollingInterest,reported,
income_statement,us-gaap:IncomeTaxExpenseBenefit,Provision for Income Taxes,1Q25,0.82,TRNS_SEC-XBRL-financials_as-presented_10-Q_2024-08-07_0001437749-24-025176.xlsx,Income Statement,"(Unaudited) First Quarter Ended June 29, 2024",Provision for Income Taxes,us-gaap:IncomeTaxExpenseBenefit,reported,
income_statement,us-gaap:NetIncomeLoss,Net Income,1Q25,4.408,TRNS_SEC-XBRL-financials_as-presented_10-Q_2024-08-07_0001437749-24-025176.xlsx,Income Statement,"(Unaudited) First Quarter Ended June 29, 2024",Net Income,us-gaap:NetIncomeLoss,reported,
income_statement,us-gaap:EarningsPerShareBasic,Basic Earnings Per Share,1Q25,0.49,TRNS_SEC-XBRL-financials_as-presented_10-Q_2024-08-07_0001437749-24-025176.xlsx,Income Statement,"(Unaudited) First Quarter Ended June 29, 2024",Basic Earnings Per Share,us-gaap:EarningsPerShareBasic,reported,
income_statement,us-gaap:WeightedAverageNumberOfSharesOutstandingBasic,Average Shares Outstanding,1Q25,9.064,TRNS_SEC-XBRL-financials_as-presented_10-Q_2024-08-07_0001437749-24-025176.xlsx,Income Statement,"(Unaudited) First Quarter Ended June 29, 2024",Average Shares Outstanding,us-gaap:WeightedAverageNumberOfSharesOutstandingBasic,reported,
income_statement,us-gaap:EarningsPerShareDiluted,Diluted Earnings Per Share,1Q25,0.48,TRNS_SEC-XBRL-financials_as-presented_10-Q_2024-08-07_0001437749-24-025176.xlsx,Income Statement,"(Unaudited) First Quarter Ended June 29, 2024",Diluted Earnings Per Share,us-gaap:EarningsPerShareDiluted,reported,
income_statement,us-gaap:WeightedAverageNumberOfDilutedSharesOutstanding,Average Shares Outstanding,1Q25,9.196,TRNS_SEC-XBRL-financials_as-presented_10-Q_2024-08-07_0001437749-24-025176.xlsx,Income Statement,"(Unaudited) First Quarter Ended June 29, 2024",Average Shares Outstanding,us-gaap:WeightedAverageNumberOfDilutedSharesOutstanding,reported,
balance_sheet,us-gaap:CashAndCashEquivalentsAtCarryingValue,Cash and Cash Equivalents,1Q25,22.657,TRNS_SEC-XBRL-financials_as-presented_10-Q_2024-08-07_0001437749-24-025176.xlsx,Balance Sheet,"(Unaudited) June 29, 2024",Cash and Cash Equivalents,us-gaap:CashAndCashEquivalentsAtCarryingValue,reported,
balance_sheet,us-gaap:AccountsReceivableNetCurrent,"Accounts Receivable, less allowance for credit losses of $851 and $659",1Q25,48.156,TRNS_SEC-XBRL-financials_as-presented_10-Q_2024-08-07_0001437749-24-025176.xlsx,Balance Sheet,"(Unaudited) June 29, 2024","Accounts Receivable, less allowance for credit losses of $492 and $544 as of June 29, 2024 and March 30, 2024, respectively",us-gaap:AccountsReceivableNetCurrent,reported,
balance_sheet,us-gaap:OtherReceivablesNetCurrent,Other Receivables,1Q25,0.242,TRNS_SEC-XBRL-financials_as-presented_10-Q_2024-08-07_0001437749-24-025176.xlsx,Balance Sheet,"(Unaudited) June 29, 2024",Other Receivables,us-gaap:OtherReceivablesNetCurrent,reported,
balance_sheet,us-gaap:InventoryNet,Inventory,1Q25,18.128,TRNS_SEC-XBRL-financials_as-presented_10-Q_2024-08-07_0001437749-24-025176.xlsx,Balance Sheet,"(Unaudited) June 29, 2024","Inventory, net",us-gaap:InventoryNet,reported,
balance_sheet,us-gaap:PrepaidExpenseAndOtherAssetsCurrent,Prepaid Expenses and Other Current Assets,1Q25,5.07,TRNS_SEC-XBRL-financials_as-presented_10-Q_2024-08-07_0001437749-24-025176.xlsx,Balance Sheet,"(Unaudited) June 29, 2024",Prepaid Expenses and Other Current Assets,us-gaap:PrepaidExpenseAndOtherAssetsCurrent,reported,
balance_sheet,us-gaap:AssetsCurrent,Total Current Assets,1Q25,94.253,TRNS_SEC-XBRL-financials_as-presented_10-Q_2024-08-07_0001437749-24-025176.xlsx,Balance Sheet,"(Unaudited) June 29, 2024",Total Current Assets,us-gaap:AssetsCurrent,reported,
balance_sheet,us-gaap:PropertyPlantAndEquipmentNet,"Property and Equipment, net",1Q25,45.954,TRNS_SEC-XBRL-financials_as-presented_10-Q_2024-08-07_0001437749-24-025176.xlsx,Balance Sheet,"(Unaudited) June 29, 2024","Property and Equipment, net",us-gaap:PropertyPlantAndEquipmentNet,reported,
balance_sheet,us-gaap:Goodwill,Goodwill,1Q25,138.146,TRNS_SEC-XBRL-financials_as-presented_10-Q_2024-08-07_0001437749-24-025176.xlsx,Balance Sheet,"(Unaudited) June 29, 2024",Goodwill,us-gaap:Goodwill,reported,
balance_sheet,us-gaap:IntangibleAssetsNetExcludingGoodwill,"Intangible Assets, net",1Q25,26.254,TRNS_SEC-XBRL-financials_as-presented_10-Q_2024-08-07_0001437749-24-025176.xlsx,Balance Sheet,"(Unaudited) June 29, 2024","Intangible Assets, net",us-gaap:IntangibleAssetsNetExcludingGoodwill,reported,
balance_sheet,us-gaap:OperatingLeaseRightOfUseAsset,"Right to Use Assets, net",1Q25,17.996,TRNS_SEC-XBRL-financials_as-presented_10-Q_2024-08-07_0001437749-24-025176.xlsx,Balance Sheet,"(Unaudited) June 29, 2024","Right to Use Assets, net",us-gaap:OperatingLeaseRightOfUseAsset,reported,
balance_sheet,us-gaap:OtherAssetsNoncurrent,Other Assets,1Q25,1.049,TRNS_SEC-XBRL-financials_as-presented_10-Q_2024-08-07_0001437749-24-025176.xlsx,Balance Sheet,"(Unaudited) June 29, 2024",Other Assets,us-gaap:OtherAssetsNoncurrent,reported,
balance_sheet,us-gaap:Assets,Total Assets,1Q25,323.652,TRNS_SEC-XBRL-financials_as-presented_10-Q_2024-08-07_0001437749-24-025176.xlsx,Balance Sheet,"(Unaudited) June 29, 2024",Total Assets,us-gaap:Assets,reported,
balance_sheet,us-gaap:AccountsPayableCurrent,Accounts Payable,1Q25,13.076,TRNS_SEC-XBRL-financials_as-presented_10-Q_2024-08-07_0001437749-24-025176.xlsx,Balance Sheet,"(Unaudited) June 29, 2024",Accounts Payable,us-gaap:AccountsPayableCurrent,reported,
balance_sheet,trns:AccruedCompensationAndOtherLiabilitiesCurrent,Accrued Compensation and Other Current Liabilities,1Q25,12.677,TRNS_SEC-XBRL-financials_as-presented_10-Q_2024-08-07_0001437749-24-025176.xlsx,Balance Sheet,"(Unaudited) June 29, 2024",Accrued Compensation and Other Current Liabilities,trns:AccruedCompensationAndOtherLiabilitiesCurrent,reported,
balance_sheet,us-gaap:AccruedIncomeTaxesCurrent,Income Taxes Payable,1Q25,3.687,TRNS_SEC-XBRL-financials_as-presented_10-Q_2024-08-07_0001437749-24-025176.xlsx,Balance Sheet,"(Unaudited) June 29, 2024",Income Taxes Payable,us-gaap:AccruedIncomeTaxesCurrent,reported,
balance_sheet,us-gaap:LongTermDebtCurrent,Current Portion of Long-Term Debt,1Q25,2.362,TRNS_SEC-XBRL-financials_as-presented_10-Q_2024-08-07_0001437749-24-025176.xlsx,Balance Sheet,"(Unaudited) June 29, 2024",Current Portion of Long-Term Debt,us-gaap:LongTermDebtCurrent,reported,
balance_sheet,us-gaap:LiabilitiesCurrent,Total Current Liabilities,1Q25,31.802,TRNS_SEC-XBRL-financials_as-presented_10-Q_2024-08-07_0001437749-24-025176.xlsx,Balance Sheet,"(Unaudited) June 29, 2024",Total Current Liabilities,us-gaap:LiabilitiesCurrent,reported,
balance_sheet,us-gaap:LongTermDebtNoncurrent,Long-Term Debt,1Q25,1.218,TRNS_SEC-XBRL-financials_as-presented_10-Q_2024-08-07_0001437749-24-025176.xlsx,Balance Sheet,"(Unaudited) June 29, 2024",Long-Term Debt,us-gaap:LongTermDebtNoncurrent,reported,
balance_sheet,us-gaap:DeferredIncomeTaxLiabilitiesNet,"Deferred Tax Liabilities, net",1Q25,9.287,TRNS_SEC-XBRL-financials_as-presented_10-Q_2024-08-07_0001437749-24-025176.xlsx,Balance Sheet,"(Unaudited) June 29, 2024","Deferred Tax Liabilities, net",us-gaap:DeferredIncomeTaxLiabilitiesNet,reported,
balance_sheet,us-gaap:OperatingLeaseLiabilityNoncurrent,Lease Liabilities,1Q25,15.4,TRNS_SEC-XBRL-financials_as-presented_10-Q_2024-08-07_0001437749-24-025176.xlsx,Balance Sheet,"(Unaudited) June 29, 2024",Lease Liabilities,us-gaap:OperatingLeaseLiabilityNoncurrent,reported,
balance_sheet,us-gaap:OtherLiabilitiesNoncurrent,Other Liabilities,1Q25,3.657,TRNS_SEC-XBRL-financials_as-presented_10-Q_2024-08-07_0001437749-24-025176.xlsx,Balance Sheet,"(Unaudited) June 29, 2024",Other Liabilities,us-gaap:OtherLiabilitiesNoncurrent,reported,
balance_sheet,us-gaap:Liabilities,Total Liabilities,1Q25,61.364,TRNS_SEC-XBRL-financials_as-presented_10-Q_2024-08-07_0001437749-24-025176.xlsx,Balance Sheet,"(Unaudited) June 29, 2024",Total Liabilities,us-gaap:Liabilities,reported,
balance_sheet,us-gaap:CommonStockValue,"Common Stock, par value $0.50 per share, 30,000,000 shares authorized; 9,333,953 and 9,315,840 shares issued and outstanding as of March 28, 2026 and March 29, 2025, respectively",1Q25,4.572,TRNS_SEC-XBRL-financials_as-presented_10-Q_2024-08-07_0001437749-24-025176.xlsx,Balance Sheet,"(Unaudited) June 29, 2024","Common Stock, par value $0.50 per share, 30,000,000 shares authorized; 9,144,731 and 8,839,299 shares issued and outstanding as of June 29, 2024 and March 30, 2024, respectively",us-gaap:CommonStockValue,reported,
balance_sheet,us-gaap:AdditionalPaidInCapitalCommonStock,Capital in Excess of Par Value,1Q25,175.299,TRNS_SEC-XBRL-financials_as-presented_10-Q_2024-08-07_0001437749-24-025176.xlsx,Balance Sheet,"(Unaudited) June 29, 2024",Capital in Excess of Par Value,us-gaap:AdditionalPaidInCapitalCommonStock,reported,
balance_sheet,us-gaap:AccumulatedOtherComprehensiveIncomeLossNetOfTax,Accumulated Other Comprehensive Loss,1Q25,-1.104,TRNS_SEC-XBRL-financials_as-presented_10-Q_2024-08-07_0001437749-24-025176.xlsx,Balance Sheet,"(Unaudited) June 29, 2024",Accumulated Other Comprehensive Loss,us-gaap:AccumulatedOtherComprehensiveIncomeLossNetOfTax,reported,
balance_sheet,us-gaap:RetainedEarningsAccumulatedDeficit,Retained Earnings,1Q25,83.521,TRNS_SEC-XBRL-financials_as-presented_10-Q_2024-08-07_0001437749-24-025176.xlsx,Balance Sheet,"(Unaudited) June 29, 2024",Retained Earnings,us-gaap:RetainedEarningsAccumulatedDeficit,reported,
balance_sheet,us-gaap:StockholdersEquity,Total Shareholders' Equity,1Q25,262.288,TRNS_SEC-XBRL-financials_as-presented_10-Q_2024-08-07_0001437749-24-025176.xlsx,Balance Sheet,"(Unaudited) June 29, 2024",Total Shareholders' Equity,us-gaap:StockholdersEquity,reported,
balance_sheet,us-gaap:LiabilitiesAndStockholdersEquity,Total Liabilities and Shareholders' Equity,1Q25,323.652,TRNS_SEC-XBRL-financials_as-presented_10-Q_2024-08-07_0001437749-24-025176.xlsx,Balance Sheet,"(Unaudited) June 29, 2024",Total Liabilities and Shareholders' Equity,us-gaap:LiabilitiesAndStockholdersEquity,reported,
cash_flow,us-gaap:NetIncomeLoss,Net Income,1Q25,4.408,TRNS_SEC-XBRL-financials_as-presented_10-Q_2024-08-07_0001437749-24-025176.xlsx,Cash Flow,"(Unaudited) Three Months Ended June 29, 2024",Net Income,us-gaap:NetIncomeLoss,reported,
cash_flow,us-gaap:GainLossOnSaleOfPropertyPlantEquipment,Net (Gain) Loss on Disposal of Property and Equipment,1Q25,-0.004,TRNS_SEC-XBRL-financials_as-presented_10-Q_2024-08-07_0001437749-24-025176.xlsx,Cash Flow,"(Unaudited) Three Months Ended June 29, 2024",Net (Gain)/Loss on Disposal of Property and Equipment,us-gaap:GainLossOnSaleOfPropertyPlantEquipment,reported,
cash_flow,us-gaap:DeferredIncomeTaxesAndTaxCredits,Deferred Income Taxes,1Q25,-0.004,TRNS_SEC-XBRL-financials_as-presented_10-Q_2024-08-07_0001437749-24-025176.xlsx,Cash Flow,"(Unaudited) Three Months Ended June 29, 2024",Deferred Income Taxes,us-gaap:DeferredIncomeTaxesAndTaxCredits,reported,
cash_flow,us-gaap:DepreciationDepletionAndAmortization,Depreciation and Amortization,1Q25,4.113,TRNS_SEC-XBRL-financials_as-presented_10-Q_2024-08-07_0001437749-24-025176.xlsx,Cash Flow,"(Unaudited) Three Months Ended June 29, 2024",Depreciation and Amortization,us-gaap:DepreciationDepletionAndAmortization,reported,
cash_flow,trns:AccountsReceivableCreditLossExpenseReversalAndInventoryWritedown,Provision for Accounts Receivable and Inventory Reserves,1Q25,-0.089,TRNS_SEC-XBRL-financials_as-presented_10-Q_2024-08-07_0001437749-24-025176.xlsx,Cash Flow,"(Unaudited) Three Months Ended June 29, 2024",(Recovery of)/Provision for Accounts Receivable and Inventory Reserves,trns:AccountsReceivableCreditLossExpenseReversalAndInventoryWritedown,reported,
cash_flow,us-gaap:ShareBasedCompensation,Stock-Based Compensation Expense,1Q25,0.697,TRNS_SEC-XBRL-financials_as-presented_10-Q_2024-08-07_0001437749-24-025176.xlsx,Cash Flow,"(Unaudited) Three Months Ended June 29, 2024",Stock-Based Compensation Expense,us-gaap:ShareBasedCompensation,reported,
cash_flow,us-gaap:IncreaseDecreaseInAccountsAndOtherReceivables,Accounts Receivable and Other Receivables,1Q25,2.814,TRNS_SEC-XBRL-financials_as-presented_10-Q_2024-08-07_0001437749-24-025176.xlsx,Cash Flow,"(Unaudited) Three Months Ended June 29, 2024",Accounts Receivable and Other Receivables,us-gaap:IncreaseDecreaseInAccountsAndOtherReceivables,reported,
cash_flow,us-gaap:IncreaseDecreaseInInventories,Inventory,1Q25,-0.235,TRNS_SEC-XBRL-financials_as-presented_10-Q_2024-08-07_0001437749-24-025176.xlsx,Cash Flow,"(Unaudited) Three Months Ended June 29, 2024",Inventory,us-gaap:IncreaseDecreaseInInventories,reported,
cash_flow,us-gaap:IncreaseDecreaseInPrepaidDeferredExpenseAndOtherAssets,Prepaid Expenses and Other Current Assets,1Q25,-0.687,TRNS_SEC-XBRL-financials_as-presented_10-Q_2024-08-07_0001437749-24-025176.xlsx,Cash Flow,"(Unaudited) Three Months Ended June 29, 2024",Prepaid Expenses and Other Current Assets,us-gaap:IncreaseDecreaseInPrepaidDeferredExpenseAndOtherAssets,reported,
cash_flow,us-gaap:IncreaseDecreaseInAccountsPayable,Accounts Payable,1Q25,1.425,TRNS_SEC-XBRL-financials_as-presented_10-Q_2024-08-07_0001437749-24-025176.xlsx,Cash Flow,"(Unaudited) Three Months Ended June 29, 2024",Accounts Payable,us-gaap:IncreaseDecreaseInAccountsPayable,reported,
cash_flow,us-gaap:IncreaseDecreaseInAccruedLiabilitiesAndOtherOperatingLiabilities,Accrued Compensation and Other Current Liabilities,1Q25,-4.273,TRNS_SEC-XBRL-financials_as-presented_10-Q_2024-08-07_0001437749-24-025176.xlsx,Cash Flow,"(Unaudited) Three Months Ended June 29, 2024",Accrued Compensation and Other Current Liabilities,us-gaap:IncreaseDecreaseInAccruedLiabilitiesAndOtherOperatingLiabilities,reported,
cash_flow,us-gaap:IncreaseDecreaseInAccruedIncomeTaxesPayable,Income Taxes Payable,1Q25,0.759,TRNS_SEC-XBRL-financials_as-presented_10-Q_2024-08-07_0001437749-24-025176.xlsx,Cash Flow,"(Unaudited) Three Months Ended June 29, 2024",Income Taxes Payable,us-gaap:IncreaseDecreaseInAccruedIncomeTaxesPayable,reported,
cash_flow,us-gaap:NetCashProvidedByUsedInOperatingActivities,Net Cash Provided by Operating Activities,1Q25,8.924,TRNS_SEC-XBRL-financials_as-presented_10-Q_2024-08-07_0001437749-24-025176.xlsx,Cash Flow,"(Unaudited) Three Months Ended June 29, 2024",Net Cash Provided by Operating Activities,us-gaap:NetCashProvidedByUsedInOperatingActivities,reported,
cash_flow,us-gaap:PaymentsToAcquirePropertyPlantAndEquipment,Purchase of Property and Equipment,1Q25,-3.674,TRNS_SEC-XBRL-financials_as-presented_10-Q_2024-08-07_0001437749-24-025176.xlsx,Cash Flow,"(Unaudited) Three Months Ended June 29, 2024",Purchase of Property and Equipment,us-gaap:PaymentsToAcquirePropertyPlantAndEquipment,reported,
cash_flow,us-gaap:PaymentsToAcquireBusinessesNetOfCashAcquired,"Business Acquisitions, net of cash acquired",1Q25,-15.953,TRNS_SEC-XBRL-financials_as-presented_10-Q_2024-08-07_0001437749-24-025176.xlsx,Cash Flow,"(Unaudited) Three Months Ended June 29, 2024","Business Acquisitions, net of cash acquired",us-gaap:PaymentsToAcquireBusinessesNetOfCashAcquired,reported,
cash_flow,trns:ProceedsFromPaymentsForMarketableSecurities,Sales/(Purchases) of Marketable Securities,1Q25,15.533,TRNS_SEC-XBRL-financials_as-presented_10-Q_2024-08-07_0001437749-24-025176.xlsx,Cash Flow,"(Unaudited) Three Months Ended June 29, 2024",Sales of Marketable Securities,us-gaap:ProceedsFromSaleAndMaturityOfMarketableSecurities,reported,
cash_flow,us-gaap:NetCashProvidedByUsedInInvestingActivities,Net Cash Used in Investing Activities,1Q25,-4.094,TRNS_SEC-XBRL-financials_as-presented_10-Q_2024-08-07_0001437749-24-025176.xlsx,Cash Flow,"(Unaudited) Three Months Ended June 29, 2024",Net Cash Used in Investing Activities,us-gaap:NetCashProvidedByUsedInInvestingActivities,reported,
cash_flow,us-gaap:RepaymentsOfLongTermDebt,Repayments of Term Loan,1Q25,-0.576,TRNS_SEC-XBRL-financials_as-presented_10-Q_2024-08-07_0001437749-24-025176.xlsx,Cash Flow,"(Unaudited) Three Months Ended June 29, 2024",Repayments of Term Loan,us-gaap:RepaymentsOfLongTermDebt,reported,
cash_flow,trns:ProceedsFromIssuanceOfCommonStockNet,"Issuance of Common Stock, net of direct costs",1Q25,0.26,TRNS_SEC-XBRL-financials_as-presented_10-Q_2024-08-07_0001437749-24-025176.xlsx,Cash Flow,"(Unaudited) Three Months Ended June 29, 2024","Issuance of Common Stock, net of direct costs",trns:ProceedsFromIssuanceOfCommonStockNet,reported,
cash_flow,us-gaap:PaymentsForRepurchaseOfCommonStock,Repurchase of Common Stock,1Q25,-1.619,TRNS_SEC-XBRL-financials_as-presented_10-Q_2024-08-07_0001437749-24-025176.xlsx,Cash Flow,"(Unaudited) Three Months Ended June 29, 2024",Repurchase of Common Stock,us-gaap:PaymentsForRepurchaseOfCommonStock,reported,
cash_flow,us-gaap:NetCashProvidedByUsedInFinancingActivities,Net Cash Provided by Financing Activities,1Q25,-1.935,TRNS_SEC-XBRL-financials_as-presented_10-Q_2024-08-07_0001437749-24-025176.xlsx,Cash Flow,"(Unaudited) Three Months Ended June 29, 2024",Net Cash Used in Financing Activities,us-gaap:NetCashProvidedByUsedInFinancingActivities,reported,
cash_flow,us-gaap:EffectOfExchangeRateOnCashCashEquivalentsRestrictedCashAndRestrictedCashEquivalentsIncludingDisposalGroupAndDiscontinuedOperations,Effect of Exchange Rate Changes on Cash,1Q25,0.116,TRNS_SEC-XBRL-financials_as-presented_10-Q_2024-08-07_0001437749-24-025176.xlsx,Cash Flow,"(Unaudited) Three Months Ended June 29, 2024",Effect of Exchange Rate Changes on Cash and Cash Equivalents,us-gaap:EffectOfExchangeRateOnCashCashEquivalentsRestrictedCashAndRestrictedCashEquivalentsIncludingDisposalGroupAndDiscontinuedOperations,reported,
cash_flow,us-gaap:CashCashEquivalentsRestrictedCashAndRestrictedCashEquivalentsPeriodIncreaseDecreaseIncludingExchangeRateEffect,Net (Decrease) Increase in Cash and Cash Equivalents,1Q25,3.011,TRNS_SEC-XBRL-financials_as-presented_10-Q_2024-08-07_0001437749-24-025176.xlsx,Cash Flow,"(Unaudited) Three Months Ended June 29, 2024",Net Increase in Cash and Cash Equivalents,us-gaap:CashCashEquivalentsRestrictedCashAndRestrictedCashEquivalentsPeriodIncreaseDecreaseIncludingExchangeRateEffect,reported,
cash_flow,us-gaap:CashCashEquivalentsRestrictedCashAndRestrictedCashEquivalentsIncludingDisposalGroupAndDiscontinuedOperations,Cash and Cash Equivalents at Beginning of Fiscal Year,1Q25,19.646,TRNS_SEC-XBRL-financials_as-presented_10-Q_2024-08-07_0001437749-24-025176.xlsx,Cash Flow,"(Unaudited) Three Months Ended June 29, 2024",Cash and Cash Equivalents at Beginning of Period,us-gaap:CashCashEquivalentsRestrictedCashAndRestrictedCashEquivalentsIncludingDisposalGroupAndDiscontinuedOperations,reported,
cash_flow,trns:InterestPaidReceivedExcludingCapitalizedInterestOperatingActivities,"Interest, net",1Q25,0.259,TRNS_SEC-XBRL-financials_as-presented_10-Q_2024-08-07_0001437749-24-025176.xlsx,Cash Flow,"(Unaudited) Three Months Ended June 29, 2024",Interest,us-gaap:InterestPaidNet,reported,
cash_flow,us-gaap:IncomeTaxesPaidNet,"Income Taxes, net",1Q25,0.063,TRNS_SEC-XBRL-financials_as-presented_10-Q_2024-08-07_0001437749-24-025176.xlsx,Cash Flow,"(Unaudited) Three Months Ended June 29, 2024","Income Taxes, net",us-gaap:IncomeTaxesPaidNet,reported,
cash_flow,us-gaap:StockIssued1,Common stock issued for acquisitions,1Q25,32.781,TRNS_SEC-XBRL-financials_as-presented_10-Q_2024-08-07_0001437749-24-025176.xlsx,Cash Flow,"(Unaudited) Three Months Ended June 29, 2024",Common stock issued for acquisitions,us-gaap:StockIssued1,reported,
cash_flow,trns:NoncashOrPartNoncashAcquisitionAccruedContingentConsiderationRelatedToAcquisition,Contingent consideration related to NEXA acquisition,1Q25,1.25,TRNS_SEC-XBRL-financials_as-presented_10-Q_2024-08-07_0001437749-24-025176.xlsx,Cash Flow,"(Unaudited) Three Months Ended June 29, 2024",Accrued holdback and contingent consideration related to acquisitions,trns:NoncashOrPartNoncashAcquisitionAccruedContingentConsiderationRelatedToAcquisition,reported,
cash_flow,trns:NoncashOrPartNoncashAcquisitionContingentConsiderationTreatedAsEquity,Contingent consideration treated as equity related to acquisitions,1Q25,0.75,TRNS_SEC-XBRL-financials_as-presented_10-Q_2024-08-07_0001437749-24-025176.xlsx,Cash Flow,"(Unaudited) Three Months Ended June 29, 2024",Contingent consideration treated as equity related to acquisitions,trns:NoncashOrPartNoncashAcquisitionContingentConsiderationTreatedAsEquity,reported,
cash_flow,trns:ReclassificationOfPropertyAndEquipmentToInventory,"Balance Sheet Reclassification of Property and Equipment, net to Inventory",1Q25,0.41,TRNS_SEC-XBRL-financials_as-presented_10-Q_2024-08-07_0001437749-24-025176.xlsx,Cash Flow,"(Unaudited) Three Months Ended June 29, 2024","Balance Sheet Reclassification of Property and Equipment, net to Inventory",trns:ReclassificationOfPropertyAndEquipmentToInventory,reported,
income_statement,us-gaap:Revenues,Service Revenue,2Q25,44.083,TRNS_SEC-XBRL-financials_as-presented_10-Q_2024-11-06_0001437749-24-033612.xlsx,Income Statement,"(Unaudited) Second Quarter Ended September 28, 2024",Service Revenue,us-gaap:Revenues,reported,
income_statement,us-gaap:Revenues,Service Revenue,6M25,87.861,TRNS_SEC-XBRL-financials_as-presented_10-Q_2024-11-06_0001437749-24-033612.xlsx,Income Statement,"(Unaudited) Six Months Ended September 28, 2024",Service Revenue,us-gaap:Revenues,reported,
income_statement,us-gaap:CostOfGoodsAndServicesSold,Cost of Service Revenue,2Q25,29.492,TRNS_SEC-XBRL-financials_as-presented_10-Q_2024-11-06_0001437749-24-033612.xlsx,Income Statement,"(Unaudited) Second Quarter Ended September 28, 2024",Cost of Service Revenue,us-gaap:CostOfGoodsAndServicesSold,reported,
income_statement,us-gaap:CostOfGoodsAndServicesSold,Cost of Service Revenue,6M25,58.387,TRNS_SEC-XBRL-financials_as-presented_10-Q_2024-11-06_0001437749-24-033612.xlsx,Income Statement,"(Unaudited) Six Months Ended September 28, 2024",Cost of Service Revenue,us-gaap:CostOfGoodsAndServicesSold,reported,
income_statement,us-gaap:GrossProfit,Gross Profit,2Q25,21.206,TRNS_SEC-XBRL-financials_as-presented_10-Q_2024-11-06_0001437749-24-033612.xlsx,Income Statement,"(Unaudited) Second Quarter Ended September 28, 2024",Gross Profit,us-gaap:GrossProfit,reported,
income_statement,us-gaap:GrossProfit,Gross Profit,6M25,43.861,TRNS_SEC-XBRL-financials_as-presented_10-Q_2024-11-06_0001437749-24-033612.xlsx,Income Statement,"(Unaudited) Six Months Ended September 28, 2024",Gross Profit,us-gaap:GrossProfit,reported,
income_statement,us-gaap:SellingAndMarketingExpense,"Selling, Marketing and Warehouse Expenses",2Q25,8.181,TRNS_SEC-XBRL-financials_as-presented_10-Q_2024-11-06_0001437749-24-033612.xlsx,Income Statement,"(Unaudited) Second Quarter Ended September 28, 2024","Selling, Marketing and Warehouse Expenses",us-gaap:SellingAndMarketingExpense,reported,
income_statement,us-gaap:SellingAndMarketingExpense,"Selling, Marketing and Warehouse Expenses",6M25,15.982,TRNS_SEC-XBRL-financials_as-presented_10-Q_2024-11-06_0001437749-24-033612.xlsx,Income Statement,"(Unaudited) Six Months Ended September 28, 2024","Selling, Marketing and Warehouse Expenses",us-gaap:SellingAndMarketingExpense,reported,
income_statement,us-gaap:GeneralAndAdministrativeExpense,General and Administrative Expenses,2Q25,9.29,TRNS_SEC-XBRL-financials_as-presented_10-Q_2024-11-06_0001437749-24-033612.xlsx,Income Statement,"(Unaudited) Second Quarter Ended September 28, 2024",General and Administrative Expenses,us-gaap:GeneralAndAdministrativeExpense,reported,
income_statement,us-gaap:GeneralAndAdministrativeExpense,General and Administrative Expenses,6M25,19.045,TRNS_SEC-XBRL-financials_as-presented_10-Q_2024-11-06_0001437749-24-033612.xlsx,Income Statement,"(Unaudited) Six Months Ended September 28, 2024",General and Administrative Expenses,us-gaap:GeneralAndAdministrativeExpense,reported,
income_statement,us-gaap:OperatingExpenses,Total Operating Expenses,2Q25,17.471,TRNS_SEC-XBRL-financials_as-presented_10-Q_2024-11-06_0001437749-24-033612.xlsx,Income Statement,"(Unaudited) Second Quarter Ended September 28, 2024",Total Operating Expenses,us-gaap:OperatingExpenses,reported,
income_statement,us-gaap:OperatingExpenses,Total Operating Expenses,6M25,35.027,TRNS_SEC-XBRL-financials_as-presented_10-Q_2024-11-06_0001437749-24-033612.xlsx,Income Statement,"(Unaudited) Six Months Ended September 28, 2024",Total Operating Expenses,us-gaap:OperatingExpenses,reported,
income_statement,us-gaap:OperatingIncomeLoss,Operating Income,2Q25,3.735,TRNS_SEC-XBRL-financials_as-presented_10-Q_2024-11-06_0001437749-24-033612.xlsx,Income Statement,"(Unaudited) Second Quarter Ended September 28, 2024",Operating Income,us-gaap:OperatingIncomeLoss,reported,
income_statement,us-gaap:OperatingIncomeLoss,Operating Income,6M25,8.834,TRNS_SEC-XBRL-financials_as-presented_10-Q_2024-11-06_0001437749-24-033612.xlsx,Income Statement,"(Unaudited) Six Months Ended September 28, 2024",Operating Income,us-gaap:OperatingIncomeLoss,reported,
income_statement,us-gaap:NonoperatingIncomeExpense,"Total Interest and Other (Income)/Expense, net",2Q25,-0.18799999999999997,TRNS_SEC-XBRL-financials_as-presented_10-Q_2024-11-06_0001437749-24-033612.xlsx,Income Statement,"(Unaudited) Second Quarter Ended September 28, 2024","Interest Expense; Interest Income; Total Interest and Other Expense (Income), net",us-gaap:InterestExpenseNonoperating; us-gaap:InvestmentIncomeInterest; us-gaap:NonoperatingIncomeExpense,interest_net,"interest_net: signed_sum=-0.18799999999999997 from values=[0.076, -0.286, 0.022]"
income_statement,us-gaap:NonoperatingIncomeExpense,"Total Interest and Other (Income)/Expense, net",6M25,-0.577,TRNS_SEC-XBRL-financials_as-presented_10-Q_2024-11-06_0001437749-24-033612.xlsx,Income Statement,"(Unaudited) Six Months Ended September 28, 2024","Interest Expense; Interest Income; Total Interest and Other Expense (Income), net",us-gaap:InterestExpenseNonoperating; us-gaap:InvestmentIncomeInterest; us-gaap:NonoperatingIncomeExpense,interest_net,"interest_net: signed_sum=-0.577 from values=[0.128, -0.598, -0.107]"
income_statement,us-gaap:OtherNonoperatingIncomeExpense,Other (Income) Expense,2Q25,0.232,TRNS_SEC-XBRL-financials_as-presented_10-Q_2024-11-06_0001437749-24-033612.xlsx,Income Statement,"(Unaudited) Second Quarter Ended September 28, 2024",Other Expense (Income),us-gaap:OtherNonoperatingIncomeExpense,reported,
income_statement,us-gaap:OtherNonoperatingIncomeExpense,Other (Income) Expense,6M25,0.363,TRNS_SEC-XBRL-financials_as-presented_10-Q_2024-11-06_0001437749-24-033612.xlsx,Income Statement,"(Unaudited) Six Months Ended September 28, 2024",Other Expense (Income),us-gaap:OtherNonoperatingIncomeExpense,reported,
income_statement,us-gaap:IncomeLossFromContinuingOperationsBeforeIncomeTaxesExtraordinaryItemsNoncontrollingInterest,Income Before Provision for Income Taxes,2Q25,3.713,TRNS_SEC-XBRL-financials_as-presented_10-Q_2024-11-06_0001437749-24-033612.xlsx,Income Statement,"(Unaudited) Second Quarter Ended September 28, 2024",Income Before Provision For Income Taxes,us-gaap:IncomeLossFromContinuingOperationsBeforeIncomeTaxesExtraordinaryItemsNoncontrollingInterest,reported,
income_statement,us-gaap:IncomeLossFromContinuingOperationsBeforeIncomeTaxesExtraordinaryItemsNoncontrollingInterest,Income Before Provision for Income Taxes,6M25,8.941,TRNS_SEC-XBRL-financials_as-presented_10-Q_2024-11-06_0001437749-24-033612.xlsx,Income Statement,"(Unaudited) Six Months Ended September 28, 2024",Income Before Provision For Income Taxes,us-gaap:IncomeLossFromContinuingOperationsBeforeIncomeTaxesExtraordinaryItemsNoncontrollingInterest,reported,
income_statement,us-gaap:IncomeTaxExpenseBenefit,Provision for Income Taxes,2Q25,0.427,TRNS_SEC-XBRL-financials_as-presented_10-Q_2024-11-06_0001437749-24-033612.xlsx,Income Statement,"(Unaudited) Second Quarter Ended September 28, 2024",Provision for Income Taxes,us-gaap:IncomeTaxExpenseBenefit,reported,
income_statement,us-gaap:IncomeTaxExpenseBenefit,Provision for Income Taxes,6M25,1.247,TRNS_SEC-XBRL-financials_as-presented_10-Q_2024-11-06_0001437749-24-033612.xlsx,Income Statement,"(Unaudited) Six Months Ended September 28, 2024",Provision for Income Taxes,us-gaap:IncomeTaxExpenseBenefit,reported,
income_statement,us-gaap:NetIncomeLoss,Net Income,2Q25,3.286,TRNS_SEC-XBRL-financials_as-presented_10-Q_2024-11-06_0001437749-24-033612.xlsx,Income Statement,"(Unaudited) Second Quarter Ended September 28, 2024",Net Income,us-gaap:NetIncomeLoss,reported,
income_statement,us-gaap:NetIncomeLoss,Net Income,6M25,7.694,TRNS_SEC-XBRL-financials_as-presented_10-Q_2024-11-06_0001437749-24-033612.xlsx,Income Statement,"(Unaudited) Six Months Ended September 28, 2024",Net Income,us-gaap:NetIncomeLoss,reported,
income_statement,us-gaap:EarningsPerShareBasic,Basic Earnings Per Share,2Q25,0.36,TRNS_SEC-XBRL-financials_as-presented_10-Q_2024-11-06_0001437749-24-033612.xlsx,Income Statement,"(Unaudited) Second Quarter Ended September 28, 2024",Basic Earnings Per Share,us-gaap:EarningsPerShareBasic,reported,
income_statement,us-gaap:EarningsPerShareBasic,Basic Earnings Per Share,6M25,0.84,TRNS_SEC-XBRL-financials_as-presented_10-Q_2024-11-06_0001437749-24-033612.xlsx,Income Statement,"(Unaudited) Six Months Ended September 28, 2024",Basic Earnings Per Share,us-gaap:EarningsPerShareBasic,reported,
income_statement,us-gaap:WeightedAverageNumberOfSharesOutstandingBasic,Average Shares Outstanding,2Q25,9.16,TRNS_SEC-XBRL-financials_as-presented_10-Q_2024-11-06_0001437749-24-033612.xlsx,Income Statement,"(Unaudited) Second Quarter Ended September 28, 2024",Average Shares Outstanding,us-gaap:WeightedAverageNumberOfSharesOutstandingBasic,reported,
income_statement,us-gaap:WeightedAverageNumberOfSharesOutstandingBasic,Average Shares Outstanding,6M25,9.107,TRNS_SEC-XBRL-financials_as-presented_10-Q_2024-11-06_0001437749-24-033612.xlsx,Income Statement,"(Unaudited) Six Months Ended September 28, 2024",Average Shares Outstanding,us-gaap:WeightedAverageNumberOfSharesOutstandingBasic,reported,
income_statement,us-gaap:EarningsPerShareDiluted,Diluted Earnings Per Share,2Q25,0.35,TRNS_SEC-XBRL-financials_as-presented_10-Q_2024-11-06_0001437749-24-033612.xlsx,Income Statement,"(Unaudited) Second Quarter Ended September 28, 2024",Diluted Earnings Per Share,us-gaap:EarningsPerShareDiluted,reported,
income_statement,us-gaap:EarningsPerShareDiluted,Diluted Earnings Per Share,6M25,0.83,TRNS_SEC-XBRL-financials_as-presented_10-Q_2024-11-06_0001437749-24-033612.xlsx,Income Statement,"(Unaudited) Six Months Ended September 28, 2024",Diluted Earnings Per Share,us-gaap:EarningsPerShareDiluted,reported,
income_statement,us-gaap:WeightedAverageNumberOfDilutedSharesOutstanding,Average Shares Outstanding,2Q25,9.282,TRNS_SEC-XBRL-financials_as-presented_10-Q_2024-11-06_0001437749-24-033612.xlsx,Income Statement,"(Unaudited) Second Quarter Ended September 28, 2024",Average Shares Outstanding,us-gaap:WeightedAverageNumberOfDilutedSharesOutstanding,reported,
income_statement,us-gaap:WeightedAverageNumberOfDilutedSharesOutstanding,Average Shares Outstanding,6M25,9.222,TRNS_SEC-XBRL-financials_as-presented_10-Q_2024-11-06_0001437749-24-033612.xlsx,Income Statement,"(Unaudited) Six Months Ended September 28, 2024",Average Shares Outstanding,us-gaap:WeightedAverageNumberOfDilutedSharesOutstanding,reported,
balance_sheet,us-gaap:CashAndCashEquivalentsAtCarryingValue,Cash and Cash Equivalents,2Q25,23.815,TRNS_SEC-XBRL-financials_as-presented_10-Q_2024-11-06_0001437749-24-033612.xlsx,Balance Sheet,"(Unaudited) September 28, 2024",Cash and Cash Equivalents,us-gaap:CashAndCashEquivalentsAtCarryingValue,reported,
balance_sheet,us-gaap:AccountsReceivableNetCurrent,"Accounts Receivable, less allowance for credit losses of $851 and $659",2Q25,48.933,TRNS_SEC-XBRL-financials_as-presented_10-Q_2024-11-06_0001437749-24-033612.xlsx,Balance Sheet,"(Unaudited) September 28, 2024","Accounts Receivable, less allowance for credit losses of $565 and $544 as of September 28, 2024 and March 30, 2024, respectively",us-gaap:AccountsReceivableNetCurrent,reported,
balance_sheet,us-gaap:OtherReceivablesNetCurrent,Other Receivables,2Q25,0.628,TRNS_SEC-XBRL-financials_as-presented_10-Q_2024-11-06_0001437749-24-033612.xlsx,Balance Sheet,"(Unaudited) September 28, 2024",Other Receivables,us-gaap:OtherReceivablesNetCurrent,reported,
balance_sheet,us-gaap:InventoryNet,Inventory,2Q25,15.549,TRNS_SEC-XBRL-financials_as-presented_10-Q_2024-11-06_0001437749-24-033612.xlsx,Balance Sheet,"(Unaudited) September 28, 2024","Inventory, net",us-gaap:InventoryNet,reported,
balance_sheet,us-gaap:PrepaidExpenseAndOtherAssetsCurrent,Prepaid Expenses and Other Current Assets,2Q25,6.241,TRNS_SEC-XBRL-financials_as-presented_10-Q_2024-11-06_0001437749-24-033612.xlsx,Balance Sheet,"(Unaudited) September 28, 2024",Prepaid Expenses and Other Current Assets,us-gaap:PrepaidExpenseAndOtherAssetsCurrent,reported,
balance_sheet,us-gaap:AssetsCurrent,Total Current Assets,2Q25,95.166,TRNS_SEC-XBRL-financials_as-presented_10-Q_2024-11-06_0001437749-24-033612.xlsx,Balance Sheet,"(Unaudited) September 28, 2024",Total Current Assets,us-gaap:AssetsCurrent,reported,
balance_sheet,us-gaap:PropertyPlantAndEquipmentNet,"Property and Equipment, net",2Q25,47.493,TRNS_SEC-XBRL-financials_as-presented_10-Q_2024-11-06_0001437749-24-033612.xlsx,Balance Sheet,"(Unaudited) September 28, 2024","Property and Equipment, net",us-gaap:PropertyPlantAndEquipmentNet,reported,
balance_sheet,us-gaap:Goodwill,Goodwill,2Q25,138.127,TRNS_SEC-XBRL-financials_as-presented_10-Q_2024-11-06_0001437749-24-033612.xlsx,Balance Sheet,"(Unaudited) September 28, 2024",Goodwill,us-gaap:Goodwill,reported,
balance_sheet,us-gaap:IntangibleAssetsNetExcludingGoodwill,"Intangible Assets, net",2Q25,24.362,TRNS_SEC-XBRL-financials_as-presented_10-Q_2024-11-06_0001437749-24-033612.xlsx,Balance Sheet,"(Unaudited) September 28, 2024","Intangible Assets, net",us-gaap:IntangibleAssetsNetExcludingGoodwill,reported,
balance_sheet,us-gaap:OperatingLeaseRightOfUseAsset,"Right to Use Assets, net",2Q25,17.309,TRNS_SEC-XBRL-financials_as-presented_10-Q_2024-11-06_0001437749-24-033612.xlsx,Balance Sheet,"(Unaudited) September 28, 2024","Right to Use Assets, net",us-gaap:OperatingLeaseRightOfUseAsset,reported,
balance_sheet,us-gaap:OtherAssetsNoncurrent,Other Assets,2Q25,1.096,TRNS_SEC-XBRL-financials_as-presented_10-Q_2024-11-06_0001437749-24-033612.xlsx,Balance Sheet,"(Unaudited) September 28, 2024",Other Assets,us-gaap:OtherAssetsNoncurrent,reported,
balance_sheet,us-gaap:Assets,Total Assets,2Q25,323.553,TRNS_SEC-XBRL-financials_as-presented_10-Q_2024-11-06_0001437749-24-033612.xlsx,Balance Sheet,"(Unaudited) September 28, 2024",Total Assets,us-gaap:Assets,reported,
balance_sheet,us-gaap:AccountsPayableCurrent,Accounts Payable,2Q25,13.043,TRNS_SEC-XBRL-financials_as-presented_10-Q_2024-11-06_0001437749-24-033612.xlsx,Balance Sheet,"(Unaudited) September 28, 2024",Accounts Payable,us-gaap:AccountsPayableCurrent,reported,
balance_sheet,trns:AccruedCompensationAndOtherLiabilitiesCurrent,Accrued Compensation and Other Current Liabilities,2Q25,11.092,TRNS_SEC-XBRL-financials_as-presented_10-Q_2024-11-06_0001437749-24-033612.xlsx,Balance Sheet,"(Unaudited) September 28, 2024",Accrued Compensation and Other Current Liabilities,trns:AccruedCompensationAndOtherLiabilitiesCurrent,reported,
balance_sheet,us-gaap:LongTermDebtCurrent,Current Portion of Long-Term Debt,2Q25,2.386,TRNS_SEC-XBRL-financials_as-presented_10-Q_2024-11-06_0001437749-24-033612.xlsx,Balance Sheet,"(Unaudited) September 28, 2024",Current Portion of Long-Term Debt,us-gaap:LongTermDebtCurrent,reported,
balance_sheet,us-gaap:LiabilitiesCurrent,Total Current Liabilities,2Q25,26.521,TRNS_SEC-XBRL-financials_as-presented_10-Q_2024-11-06_0001437749-24-033612.xlsx,Balance Sheet,"(Unaudited) September 28, 2024",Total Current Liabilities,us-gaap:LiabilitiesCurrent,reported,
balance_sheet,us-gaap:LongTermDebtNoncurrent,Long-Term Debt,2Q25,0.612,TRNS_SEC-XBRL-financials_as-presented_10-Q_2024-11-06_0001437749-24-033612.xlsx,Balance Sheet,"(Unaudited) September 28, 2024",Long-Term Debt,us-gaap:LongTermDebtNoncurrent,reported,
balance_sheet,us-gaap:DeferredIncomeTaxLiabilitiesNet,"Deferred Tax Liabilities, net",2Q25,9.297,TRNS_SEC-XBRL-financials_as-presented_10-Q_2024-11-06_0001437749-24-033612.xlsx,Balance Sheet,"(Unaudited) September 28, 2024","Deferred Tax Liabilities, net",us-gaap:DeferredIncomeTaxLiabilitiesNet,reported,
balance_sheet,us-gaap:OperatingLeaseLiabilityNoncurrent,Lease Liabilities,2Q25,14.661,TRNS_SEC-XBRL-financials_as-presented_10-Q_2024-11-06_0001437749-24-033612.xlsx,Balance Sheet,"(Unaudited) September 28, 2024",Lease Liabilities,us-gaap:OperatingLeaseLiabilityNoncurrent,reported,
balance_sheet,us-gaap:OtherLiabilitiesNoncurrent,Other Liabilities,2Q25,3.705,TRNS_SEC-XBRL-financials_as-presented_10-Q_2024-11-06_0001437749-24-033612.xlsx,Balance Sheet,"(Unaudited) September 28, 2024",Other Liabilities,us-gaap:OtherLiabilitiesNoncurrent,reported,
balance_sheet,us-gaap:Liabilities,Total Liabilities,2Q25,54.796,TRNS_SEC-XBRL-financials_as-presented_10-Q_2024-11-06_0001437749-24-033612.xlsx,Balance Sheet,"(Unaudited) September 28, 2024",Total Liabilities,us-gaap:Liabilities,reported,
balance_sheet,us-gaap:CommonStockValue,"Common Stock, par value $0.50 per share, 30,000,000 shares authorized; 9,333,953 and 9,315,840 shares issued and outstanding as of March 28, 2026 and March 29, 2025, respectively",2Q25,4.6,TRNS_SEC-XBRL-financials_as-presented_10-Q_2024-11-06_0001437749-24-033612.xlsx,Balance Sheet,"(Unaudited) September 28, 2024","Common Stock, par value $0.50 per share, 30,000,000 shares authorized; 9,199,277 and 8,839,299 shares issued and outstanding as of September 28, 2024 and March 30, 2024, respectively",us-gaap:CommonStockValue,reported,
balance_sheet,us-gaap:AdditionalPaidInCapitalCommonStock,Capital in Excess of Par Value,2Q25,178.986,TRNS_SEC-XBRL-financials_as-presented_10-Q_2024-11-06_0001437749-24-033612.xlsx,Balance Sheet,"(Unaudited) September 28, 2024",Capital in Excess of Par Value,us-gaap:AdditionalPaidInCapitalCommonStock,reported,
balance_sheet,us-gaap:AccumulatedOtherComprehensiveIncomeLossNetOfTax,Accumulated Other Comprehensive Loss,2Q25,-0.718,TRNS_SEC-XBRL-financials_as-presented_10-Q_2024-11-06_0001437749-24-033612.xlsx,Balance Sheet,"(Unaudited) September 28, 2024",Accumulated Other Comprehensive Loss,us-gaap:AccumulatedOtherComprehensiveIncomeLossNetOfTax,reported,
balance_sheet,us-gaap:RetainedEarningsAccumulatedDeficit,Retained Earnings,2Q25,85.889,TRNS_SEC-XBRL-financials_as-presented_10-Q_2024-11-06_0001437749-24-033612.xlsx,Balance Sheet,"(Unaudited) September 28, 2024",Retained Earnings,us-gaap:RetainedEarningsAccumulatedDeficit,reported,
balance_sheet,us-gaap:StockholdersEquity,Total Shareholders' Equity,2Q25,268.757,TRNS_SEC-XBRL-financials_as-presented_10-Q_2024-11-06_0001437749-24-033612.xlsx,Balance Sheet,"(Unaudited) September 28, 2024",Total Shareholders' Equity,us-gaap:StockholdersEquity,reported,
balance_sheet,us-gaap:LiabilitiesAndStockholdersEquity,Total Liabilities and Shareholders' Equity,2Q25,323.553,TRNS_SEC-XBRL-financials_as-presented_10-Q_2024-11-06_0001437749-24-033612.xlsx,Balance Sheet,"(Unaudited) September 28, 2024",Total Liabilities and Shareholders' Equity,us-gaap:LiabilitiesAndStockholdersEquity,reported,
cash_flow,us-gaap:NetIncomeLoss,Net Income,6M25,7.694,TRNS_SEC-XBRL-financials_as-presented_10-Q_2024-11-06_0001437749-24-033612.xlsx,Cash Flow,"(Unaudited) Six Months Ended September 28, 2024",Net Income,us-gaap:NetIncomeLoss,reported,
cash_flow,us-gaap:GainLossOnSaleOfPropertyPlantEquipment,Net (Gain) Loss on Disposal of Property and Equipment,6M25,0.043,TRNS_SEC-XBRL-financials_as-presented_10-Q_2024-11-06_0001437749-24-033612.xlsx,Cash Flow,"(Unaudited) Six Months Ended September 28, 2024",Net Loss on Disposal of Property and Equipment,us-gaap:GainLossOnSaleOfPropertyPlantEquipment,reported,
cash_flow,us-gaap:DeferredIncomeTaxesAndTaxCredits,Deferred Income Taxes,6M25,0.006,TRNS_SEC-XBRL-financials_as-presented_10-Q_2024-11-06_0001437749-24-033612.xlsx,Cash Flow,"(Unaudited) Six Months Ended September 28, 2024",Deferred Income Taxes,us-gaap:DeferredIncomeTaxesAndTaxCredits,reported,
cash_flow,us-gaap:DepreciationDepletionAndAmortization,Depreciation and Amortization,6M25,8.513,TRNS_SEC-XBRL-financials_as-presented_10-Q_2024-11-06_0001437749-24-033612.xlsx,Cash Flow,"(Unaudited) Six Months Ended September 28, 2024",Depreciation and Amortization,us-gaap:DepreciationDepletionAndAmortization,reported,
cash_flow,trns:AccountsReceivableCreditLossExpenseReversalAndInventoryWritedown,Provision for Accounts Receivable and Inventory Reserves,6M25,0.108,TRNS_SEC-XBRL-financials_as-presented_10-Q_2024-11-06_0001437749-24-033612.xlsx,Cash Flow,"(Unaudited) Six Months Ended September 28, 2024",Provision for Accounts Receivable and Inventory Reserves,trns:AccountsReceivableCreditLossExpenseReversalAndInventoryWritedown,reported,
cash_flow,us-gaap:ShareBasedCompensation,Stock-Based Compensation Expense,6M25,1.623,TRNS_SEC-XBRL-financials_as-presented_10-Q_2024-11-06_0001437749-24-033612.xlsx,Cash Flow,"(Unaudited) Six Months Ended September 28, 2024",Stock-Based Compensation Expense,us-gaap:ShareBasedCompensation,reported,
cash_flow,us-gaap:IncreaseDecreaseInAccountsAndOtherReceivables,Accounts Receivable and Other Receivables,6M25,1.746,TRNS_SEC-XBRL-financials_as-presented_10-Q_2024-11-06_0001437749-24-033612.xlsx,Cash Flow,"(Unaudited) Six Months Ended September 28, 2024",Accounts Receivable and Other Receivables,us-gaap:IncreaseDecreaseInAccountsAndOtherReceivables,reported,
cash_flow,us-gaap:IncreaseDecreaseInInventories,Inventory,6M25,2.597,TRNS_SEC-XBRL-financials_as-presented_10-Q_2024-11-06_0001437749-24-033612.xlsx,Cash Flow,"(Unaudited) Six Months Ended September 28, 2024",Inventory,us-gaap:IncreaseDecreaseInInventories,reported,
cash_flow,us-gaap:IncreaseDecreaseInPrepaidDeferredExpenseAndOtherAssets,Prepaid Expenses and Other Current Assets,6M25,-1.918,TRNS_SEC-XBRL-financials_as-presented_10-Q_2024-11-06_0001437749-24-033612.xlsx,Cash Flow,"(Unaudited) Six Months Ended September 28, 2024",Prepaid Expenses and Other Current Assets,us-gaap:IncreaseDecreaseInPrepaidDeferredExpenseAndOtherAssets,reported,
cash_flow,us-gaap:IncreaseDecreaseInAccountsPayable,Accounts Payable,6M25,1.525,TRNS_SEC-XBRL-financials_as-presented_10-Q_2024-11-06_0001437749-24-033612.xlsx,Cash Flow,"(Unaudited) Six Months Ended September 28, 2024",Accounts Payable,us-gaap:IncreaseDecreaseInAccountsPayable,reported,
cash_flow,us-gaap:IncreaseDecreaseInAccruedLiabilitiesAndOtherOperatingLiabilities,Accrued Compensation and Other Current Liabilities,6M25,-6.178,TRNS_SEC-XBRL-financials_as-presented_10-Q_2024-11-06_0001437749-24-033612.xlsx,Cash Flow,"(Unaudited) Six Months Ended September 28, 2024",Accrued Compensation and Other Current Liabilities,us-gaap:IncreaseDecreaseInAccruedLiabilitiesAndOtherOperatingLiabilities,reported,
cash_flow,us-gaap:NetCashProvidedByUsedInOperatingActivities,Net Cash Provided by Operating Activities,6M25,15.759,TRNS_SEC-XBRL-financials_as-presented_10-Q_2024-11-06_0001437749-24-033612.xlsx,Cash Flow,"(Unaudited) Six Months Ended September 28, 2024",Net Cash Provided by Operating Activities,us-gaap:NetCashProvidedByUsedInOperatingActivities,reported,
cash_flow,us-gaap:PaymentsToAcquirePropertyPlantAndEquipment,Purchase of Property and Equipment,6M25,-7.633,TRNS_SEC-XBRL-financials_as-presented_10-Q_2024-11-06_0001437749-24-033612.xlsx,Cash Flow,"(Unaudited) Six Months Ended September 28, 2024",Purchase of Property and Equipment,us-gaap:PaymentsToAcquirePropertyPlantAndEquipment,reported,
cash_flow,us-gaap:PaymentsToAcquireBusinessesNetOfCashAcquired,"Business Acquisitions, net of cash acquired",6M25,-15.858,TRNS_SEC-XBRL-financials_as-presented_10-Q_2024-11-06_0001437749-24-033612.xlsx,Cash Flow,"(Unaudited) Six Months Ended September 28, 2024","Business Acquisitions, net of cash acquired",us-gaap:PaymentsToAcquireBusinessesNetOfCashAcquired,reported,
cash_flow,trns:ProceedsFromPaymentsForMarketableSecurities,Sales/(Purchases) of Marketable Securities,6M25,15.533,TRNS_SEC-XBRL-financials_as-presented_10-Q_2024-11-06_0001437749-24-033612.xlsx,Cash Flow,"(Unaudited) Six Months Ended September 28, 2024",Sales of Marketable Securities,us-gaap:ProceedsFromSaleAndMaturityOfMarketableSecurities,reported,
cash_flow,us-gaap:NetCashProvidedByUsedInInvestingActivities,Net Cash Used in Investing Activities,6M25,-7.958,TRNS_SEC-XBRL-financials_as-presented_10-Q_2024-11-06_0001437749-24-033612.xlsx,Cash Flow,"(Unaudited) Six Months Ended September 28, 2024",Net Cash Used in Investing Activities,us-gaap:NetCashProvidedByUsedInInvestingActivities,reported,
cash_flow,us-gaap:RepaymentsOfLongTermDebt,Repayments of Term Loan,6M25,-1.158,TRNS_SEC-XBRL-financials_as-presented_10-Q_2024-11-06_0001437749-24-033612.xlsx,Cash Flow,"(Unaudited) Six Months Ended September 28, 2024",Repayments of Term Loan,us-gaap:RepaymentsOfLongTermDebt,reported,
cash_flow,trns:ProceedsFromIssuanceOfCommonStockNet,"Issuance of Common Stock, net of direct costs",6M25,0.838,TRNS_SEC-XBRL-financials_as-presented_10-Q_2024-11-06_0001437749-24-033612.xlsx,Cash Flow,"(Unaudited) Six Months Ended September 28, 2024","Issuance of Common Stock, net of direct costs",trns:ProceedsFromIssuanceOfCommonStockNet,reported,
cash_flow,us-gaap:PaymentsForRepurchaseOfCommonStock,Repurchase of Common Stock,6M25,-3.026,TRNS_SEC-XBRL-financials_as-presented_10-Q_2024-11-06_0001437749-24-033612.xlsx,Cash Flow,"(Unaudited) Six Months Ended September 28, 2024",Repurchase of Common Stock,us-gaap:PaymentsForRepurchaseOfCommonStock,reported,
cash_flow,us-gaap:NetCashProvidedByUsedInFinancingActivities,Net Cash Provided by Financing Activities,6M25,-3.346,TRNS_SEC-XBRL-financials_as-presented_10-Q_2024-11-06_0001437749-24-033612.xlsx,Cash Flow,"(Unaudited) Six Months Ended September 28, 2024",Net Cash (Used in)/Provided by Financing Activities,us-gaap:NetCashProvidedByUsedInFinancingActivities,reported,
cash_flow,us-gaap:EffectOfExchangeRateOnCashCashEquivalentsRestrictedCashAndRestrictedCashEquivalentsIncludingDisposalGroupAndDiscontinuedOperations,Effect of Exchange Rate Changes on Cash,6M25,-0.286,TRNS_SEC-XBRL-financials_as-presented_10-Q_2024-11-06_0001437749-24-033612.xlsx,Cash Flow,"(Unaudited) Six Months Ended September 28, 2024",Effect of Exchange Rate Changes on Cash and Cash Equivalents,us-gaap:EffectOfExchangeRateOnCashCashEquivalentsRestrictedCashAndRestrictedCashEquivalentsIncludingDisposalGroupAndDiscontinuedOperations,reported,
cash_flow,us-gaap:CashCashEquivalentsRestrictedCashAndRestrictedCashEquivalentsPeriodIncreaseDecreaseIncludingExchangeRateEffect,Net (Decrease) Increase in Cash and Cash Equivalents,6M25,4.169,TRNS_SEC-XBRL-financials_as-presented_10-Q_2024-11-06_0001437749-24-033612.xlsx,Cash Flow,"(Unaudited) Six Months Ended September 28, 2024",Net Increase/(Decrease) in Cash and Cash Equivalents,us-gaap:CashCashEquivalentsRestrictedCashAndRestrictedCashEquivalentsPeriodIncreaseDecreaseIncludingExchangeRateEffect,reported,
cash_flow,us-gaap:CashCashEquivalentsRestrictedCashAndRestrictedCashEquivalentsIncludingDisposalGroupAndDiscontinuedOperations,Cash and Cash Equivalents at Beginning of Fiscal Year,6M25,19.646,TRNS_SEC-XBRL-financials_as-presented_10-Q_2024-11-06_0001437749-24-033612.xlsx,Cash Flow,"(Unaudited) Six Months Ended September 28, 2024",Cash and Cash Equivalents at Beginning of Period,us-gaap:CashCashEquivalentsRestrictedCashAndRestrictedCashEquivalentsIncludingDisposalGroupAndDiscontinuedOperations,reported,
cash_flow,trns:InterestPaidReceivedExcludingCapitalizedInterestOperatingActivities,"Interest, net",6M25,-0.462,TRNS_SEC-XBRL-financials_as-presented_10-Q_2024-11-06_0001437749-24-033612.xlsx,Cash Flow,"(Unaudited) Six Months Ended September 28, 2024",Interest,trns:InterestPaidReceivedExcludingCapitalizedInterestOperatingActivities,reported,
cash_flow,us-gaap:IncomeTaxesPaidNet,"Income Taxes, net",6M25,5.534,TRNS_SEC-XBRL-financials_as-presented_10-Q_2024-11-06_0001437749-24-033612.xlsx,Cash Flow,"(Unaudited) Six Months Ended September 28, 2024","Income Taxes, net",us-gaap:IncomeTaxesPaidNet,reported,
cash_flow,us-gaap:StockIssued1,Common stock issued for acquisitions,6M25,35.479,TRNS_SEC-XBRL-financials_as-presented_10-Q_2024-11-06_0001437749-24-033612.xlsx,Cash Flow,"(Unaudited) Six Months Ended September 28, 2024",Common stock issued for acquisitions,us-gaap:StockIssued1,reported,
cash_flow,trns:NoncashOrPartNoncashAcquisitionAccruedContingentConsiderationRelatedToAcquisition,Contingent consideration related to NEXA acquisition,6M25,1.306,TRNS_SEC-XBRL-financials_as-presented_10-Q_2024-11-06_0001437749-24-033612.xlsx,Cash Flow,"(Unaudited) Six Months Ended September 28, 2024",Accrued holdback and contingent consideration related to acquisitions,trns:NoncashOrPartNoncashAcquisitionAccruedContingentConsiderationRelatedToAcquisition,reported,
cash_flow,trns:NoncashOrPartNoncashAcquisitionContingentConsiderationTreatedAsEquity,Contingent consideration treated as equity related to acquisitions,6M25,0.75,TRNS_SEC-XBRL-financials_as-presented_10-Q_2024-11-06_0001437749-24-033612.xlsx,Cash Flow,"(Unaudited) Six Months Ended September 28, 2024",Contingent consideration treated as equity related to acquisitions,trns:NoncashOrPartNoncashAcquisitionContingentConsiderationTreatedAsEquity,reported,
cash_flow,trns:ReclassificationOfPropertyAndEquipmentToInventory,"Balance Sheet Reclassification of Property and Equipment, net to Inventory",6M25,0.692,TRNS_SEC-XBRL-financials_as-presented_10-Q_2024-11-06_0001437749-24-033612.xlsx,Cash Flow,"(Unaudited) Six Months Ended September 28, 2024","Balance Sheet Reclassification of Property and Equipment, net to Inventory",trns:ReclassificationOfPropertyAndEquipmentToInventory,reported,
income_statement,us-gaap:Revenues,Service Revenue,3Q25,41.557,TRNS_SEC-XBRL-financials_as-presented_10-Q_2025-02-05_0001437749-25-002899.xlsx,Income Statement,"(Unaudited) Third Quarter Ended December 28, 2024",Service Revenue,us-gaap:Revenues,reported,
income_statement,us-gaap:Revenues,Service Revenue,9M25,129.418,TRNS_SEC-XBRL-financials_as-presented_10-Q_2025-02-05_0001437749-25-002899.xlsx,Income Statement,"(Unaudited) Nine Months Ended December 28, 2024",Service Revenue,us-gaap:Revenues,reported,
income_statement,us-gaap:CostOfGoodsAndServicesSold,Cost of Service Revenue,3Q25,29.2,TRNS_SEC-XBRL-financials_as-presented_10-Q_2025-02-05_0001437749-25-002899.xlsx,Income Statement,"(Unaudited) Third Quarter Ended December 28, 2024",Cost of Service Revenue,us-gaap:CostOfGoodsAndServicesSold,reported,
income_statement,us-gaap:CostOfGoodsAndServicesSold,Cost of Service Revenue,9M25,87.587,TRNS_SEC-XBRL-financials_as-presented_10-Q_2025-02-05_0001437749-25-002899.xlsx,Income Statement,"(Unaudited) Nine Months Ended December 28, 2024",Cost of Service Revenue,us-gaap:CostOfGoodsAndServicesSold,reported,
income_statement,us-gaap:GrossProfit,Gross Profit,3Q25,19.679,TRNS_SEC-XBRL-financials_as-presented_10-Q_2025-02-05_0001437749-25-002899.xlsx,Income Statement,"(Unaudited) Third Quarter Ended December 28, 2024",Gross Profit,us-gaap:GrossProfit,reported,
income_statement,us-gaap:GrossProfit,Gross Profit,9M25,63.54,TRNS_SEC-XBRL-financials_as-presented_10-Q_2025-02-05_0001437749-25-002899.xlsx,Income Statement,"(Unaudited) Nine Months Ended December 28, 2024",Gross Profit,us-gaap:GrossProfit,reported,
income_statement,us-gaap:SellingAndMarketingExpense,"Selling, Marketing and Warehouse Expenses",3Q25,8.119,TRNS_SEC-XBRL-financials_as-presented_10-Q_2025-02-05_0001437749-25-002899.xlsx,Income Statement,"(Unaudited) Third Quarter Ended December 28, 2024","Selling, Marketing and Warehouse Expenses",us-gaap:SellingAndMarketingExpense,reported,
income_statement,us-gaap:SellingAndMarketingExpense,"Selling, Marketing and Warehouse Expenses",9M25,24.101,TRNS_SEC-XBRL-financials_as-presented_10-Q_2025-02-05_0001437749-25-002899.xlsx,Income Statement,"(Unaudited) Nine Months Ended December 28, 2024","Selling, Marketing and Warehouse Expenses",us-gaap:SellingAndMarketingExpense,reported,
income_statement,us-gaap:GeneralAndAdministrativeExpense,General and Administrative Expenses,3Q25,9.46,TRNS_SEC-XBRL-financials_as-presented_10-Q_2025-02-05_0001437749-25-002899.xlsx,Income Statement,"(Unaudited) Third Quarter Ended December 28, 2024",General and Administrative Expenses,us-gaap:GeneralAndAdministrativeExpense,reported,
income_statement,us-gaap:GeneralAndAdministrativeExpense,General and Administrative Expenses,9M25,28.505,TRNS_SEC-XBRL-financials_as-presented_10-Q_2025-02-05_0001437749-25-002899.xlsx,Income Statement,"(Unaudited) Nine Months Ended December 28, 2024",General and Administrative Expenses,us-gaap:GeneralAndAdministrativeExpense,reported,
income_statement,us-gaap:OperatingExpenses,Total Operating Expenses,3Q25,17.579,TRNS_SEC-XBRL-financials_as-presented_10-Q_2025-02-05_0001437749-25-002899.xlsx,Income Statement,"(Unaudited) Third Quarter Ended December 28, 2024",Total Operating Expenses,us-gaap:OperatingExpenses,reported,
income_statement,us-gaap:OperatingExpenses,Total Operating Expenses,9M25,52.606,TRNS_SEC-XBRL-financials_as-presented_10-Q_2025-02-05_0001437749-25-002899.xlsx,Income Statement,"(Unaudited) Nine Months Ended December 28, 2024",Total Operating Expenses,us-gaap:OperatingExpenses,reported,
income_statement,us-gaap:OperatingIncomeLoss,Operating Income,3Q25,2.1,TRNS_SEC-XBRL-financials_as-presented_10-Q_2025-02-05_0001437749-25-002899.xlsx,Income Statement,"(Unaudited) Third Quarter Ended December 28, 2024",Operating Income,us-gaap:OperatingIncomeLoss,reported,
income_statement,us-gaap:OperatingIncomeLoss,Operating Income,9M25,10.934,TRNS_SEC-XBRL-financials_as-presented_10-Q_2025-02-05_0001437749-25-002899.xlsx,Income Statement,"(Unaudited) Nine Months Ended December 28, 2024",Operating Income,us-gaap:OperatingIncomeLoss,reported,
income_statement,us-gaap:NonoperatingIncomeExpense,"Total Interest and Other (Income)/Expense, net",3Q25,-1.049,TRNS_SEC-XBRL-financials_as-presented_10-Q_2025-02-05_0001437749-25-002899.xlsx,Income Statement,"(Unaudited) Third Quarter Ended December 28, 2024","Interest Expense; Interest Income; Total Interest and Other (Income)/Expense, net",us-gaap:InterestExpenseNonoperating; us-gaap:InvestmentIncomeInterest; us-gaap:NonoperatingIncomeExpense,interest_net,"interest_net: signed_sum=-1.049 from values=[0.199, -0.219, -1.029]"
income_statement,us-gaap:NonoperatingIncomeExpense,"Total Interest and Other (Income)/Expense, net",9M25,-1.626,TRNS_SEC-XBRL-financials_as-presented_10-Q_2025-02-05_0001437749-25-002899.xlsx,Income Statement,"(Unaudited) Nine Months Ended December 28, 2024","Interest Expense; Interest Income; Total Interest and Other (Income)/Expense, net",us-gaap:InterestExpenseNonoperating; us-gaap:InvestmentIncomeInterest; us-gaap:NonoperatingIncomeExpense,interest_net,"interest_net: signed_sum=-1.626 from values=[0.327, -0.817, -1.136]"
income_statement,us-gaap:OtherNonoperatingIncomeExpense,Other (Income) Expense,3Q25,-1.009,TRNS_SEC-XBRL-financials_as-presented_10-Q_2025-02-05_0001437749-25-002899.xlsx,Income Statement,"(Unaudited) Third Quarter Ended December 28, 2024",Other (Income) Expense,us-gaap:OtherNonoperatingIncomeExpense,reported,
income_statement,us-gaap:OtherNonoperatingIncomeExpense,Other (Income) Expense,9M25,-0.646,TRNS_SEC-XBRL-financials_as-presented_10-Q_2025-02-05_0001437749-25-002899.xlsx,Income Statement,"(Unaudited) Nine Months Ended December 28, 2024",Other (Income) Expense,us-gaap:OtherNonoperatingIncomeExpense,reported,
income_statement,us-gaap:IncomeLossFromContinuingOperationsBeforeIncomeTaxesExtraordinaryItemsNoncontrollingInterest,Income Before Provision for Income Taxes,3Q25,3.129,TRNS_SEC-XBRL-financials_as-presented_10-Q_2025-02-05_0001437749-25-002899.xlsx,Income Statement,"(Unaudited) Third Quarter Ended December 28, 2024",Income Before Provision For Income Taxes,us-gaap:IncomeLossFromContinuingOperationsBeforeIncomeTaxesExtraordinaryItemsNoncontrollingInterest,reported,
income_statement,us-gaap:IncomeLossFromContinuingOperationsBeforeIncomeTaxesExtraordinaryItemsNoncontrollingInterest,Income Before Provision for Income Taxes,9M25,12.07,TRNS_SEC-XBRL-financials_as-presented_10-Q_2025-02-05_0001437749-25-002899.xlsx,Income Statement,"(Unaudited) Nine Months Ended December 28, 2024",Income Before Provision For Income Taxes,us-gaap:IncomeLossFromContinuingOperationsBeforeIncomeTaxesExtraordinaryItemsNoncontrollingInterest,reported,
income_statement,us-gaap:IncomeTaxExpenseBenefit,Provision for Income Taxes,3Q25,0.772,TRNS_SEC-XBRL-financials_as-presented_10-Q_2025-02-05_0001437749-25-002899.xlsx,Income Statement,"(Unaudited) Third Quarter Ended December 28, 2024",Provision for Income Taxes,us-gaap:IncomeTaxExpenseBenefit,reported,
income_statement,us-gaap:IncomeTaxExpenseBenefit,Provision for Income Taxes,9M25,2.019,TRNS_SEC-XBRL-financials_as-presented_10-Q_2025-02-05_0001437749-25-002899.xlsx,Income Statement,"(Unaudited) Nine Months Ended December 28, 2024",Provision for Income Taxes,us-gaap:IncomeTaxExpenseBenefit,reported,
income_statement,us-gaap:NetIncomeLoss,Net Income,3Q25,2.357,TRNS_SEC-XBRL-financials_as-presented_10-Q_2025-02-05_0001437749-25-002899.xlsx,Income Statement,"(Unaudited) Third Quarter Ended December 28, 2024",Net Income,us-gaap:NetIncomeLoss,reported,
income_statement,us-gaap:NetIncomeLoss,Net Income,9M25,10.051,TRNS_SEC-XBRL-financials_as-presented_10-Q_2025-02-05_0001437749-25-002899.xlsx,Income Statement,"(Unaudited) Nine Months Ended December 28, 2024",Net Income,us-gaap:NetIncomeLoss,reported,
income_statement,us-gaap:EarningsPerShareBasic,Basic Earnings Per Share,3Q25,0.26,TRNS_SEC-XBRL-financials_as-presented_10-Q_2025-02-05_0001437749-25-002899.xlsx,Income Statement,"(Unaudited) Third Quarter Ended December 28, 2024",Basic Earnings Per Share,us-gaap:EarningsPerShareBasic,reported,
income_statement,us-gaap:EarningsPerShareBasic,Basic Earnings Per Share,9M25,1.1,TRNS_SEC-XBRL-financials_as-presented_10-Q_2025-02-05_0001437749-25-002899.xlsx,Income Statement,"(Unaudited) Nine Months Ended December 28, 2024",Basic Earnings Per Share,us-gaap:EarningsPerShareBasic,reported,
income_statement,us-gaap:WeightedAverageNumberOfSharesOutstandingBasic,Average Shares Outstanding,3Q25,9.23,TRNS_SEC-XBRL-financials_as-presented_10-Q_2025-02-05_0001437749-25-002899.xlsx,Income Statement,"(Unaudited) Third Quarter Ended December 28, 2024",Average Shares Outstanding,us-gaap:WeightedAverageNumberOfSharesOutstandingBasic,reported,
income_statement,us-gaap:WeightedAverageNumberOfSharesOutstandingBasic,Average Shares Outstanding,9M25,9.147,TRNS_SEC-XBRL-financials_as-presented_10-Q_2025-02-05_0001437749-25-002899.xlsx,Income Statement,"(Unaudited) Nine Months Ended December 28, 2024",Average Shares Outstanding,us-gaap:WeightedAverageNumberOfSharesOutstandingBasic,reported,
income_statement,us-gaap:EarningsPerShareDiluted,Diluted Earnings Per Share,3Q25,0.25,TRNS_SEC-XBRL-financials_as-presented_10-Q_2025-02-05_0001437749-25-002899.xlsx,Income Statement,"(Unaudited) Third Quarter Ended December 28, 2024",Diluted Earnings Per Share,us-gaap:EarningsPerShareDiluted,reported,
income_statement,us-gaap:EarningsPerShareDiluted,Diluted Earnings Per Share,9M25,1.09,TRNS_SEC-XBRL-financials_as-presented_10-Q_2025-02-05_0001437749-25-002899.xlsx,Income Statement,"(Unaudited) Nine Months Ended December 28, 2024",Diluted Earnings Per Share,us-gaap:EarningsPerShareDiluted,reported,
income_statement,us-gaap:WeightedAverageNumberOfDilutedSharesOutstanding,Average Shares Outstanding,3Q25,9.326,TRNS_SEC-XBRL-financials_as-presented_10-Q_2025-02-05_0001437749-25-002899.xlsx,Income Statement,"(Unaudited) Third Quarter Ended December 28, 2024",Average Shares Outstanding,us-gaap:WeightedAverageNumberOfDilutedSharesOutstanding,reported,
income_statement,us-gaap:WeightedAverageNumberOfDilutedSharesOutstanding,Average Shares Outstanding,9M25,9.243,TRNS_SEC-XBRL-financials_as-presented_10-Q_2025-02-05_0001437749-25-002899.xlsx,Income Statement,"(Unaudited) Nine Months Ended December 28, 2024",Average Shares Outstanding,us-gaap:WeightedAverageNumberOfDilutedSharesOutstanding,reported,
balance_sheet,us-gaap:CashAndCashEquivalentsAtCarryingValue,Cash and Cash Equivalents,3Q25,4.64,TRNS_SEC-XBRL-financials_as-presented_10-Q_2025-02-05_0001437749-25-002899.xlsx,Balance Sheet,"(Unaudited) December 28, 2024",Cash and Cash Equivalents,us-gaap:CashAndCashEquivalentsAtCarryingValue,reported,
balance_sheet,us-gaap:AccountsReceivableNetCurrent,"Accounts Receivable, less allowance for credit losses of $851 and $659",3Q25,51.621,TRNS_SEC-XBRL-financials_as-presented_10-Q_2025-02-05_0001437749-25-002899.xlsx,Balance Sheet,"(Unaudited) December 28, 2024","Accounts Receivable, less allowance for credit losses of $577 and $544 as of December 28, 2024 and March 30, 2024, respectively",us-gaap:AccountsReceivableNetCurrent,reported,
balance_sheet,us-gaap:OtherReceivablesNetCurrent,Other Receivables,3Q25,0.734,TRNS_SEC-XBRL-financials_as-presented_10-Q_2025-02-05_0001437749-25-002899.xlsx,Balance Sheet,"(Unaudited) December 28, 2024",Other Receivables,us-gaap:OtherReceivablesNetCurrent,reported,
balance_sheet,us-gaap:InventoryNet,Inventory,3Q25,13.793,TRNS_SEC-XBRL-financials_as-presented_10-Q_2025-02-05_0001437749-25-002899.xlsx,Balance Sheet,"(Unaudited) December 28, 2024","Inventory, net",us-gaap:InventoryNet,reported,
balance_sheet,us-gaap:PrepaidExpenseAndOtherAssetsCurrent,Prepaid Expenses and Other Current Assets,3Q25,5.771,TRNS_SEC-XBRL-financials_as-presented_10-Q_2025-02-05_0001437749-25-002899.xlsx,Balance Sheet,"(Unaudited) December 28, 2024",Prepaid Expenses and Other Current Assets,us-gaap:PrepaidExpenseAndOtherAssetsCurrent,reported,
balance_sheet,us-gaap:AssetsCurrent,Total Current Assets,3Q25,76.559,TRNS_SEC-XBRL-financials_as-presented_10-Q_2025-02-05_0001437749-25-002899.xlsx,Balance Sheet,"(Unaudited) December 28, 2024",Total Current Assets,us-gaap:AssetsCurrent,reported,
balance_sheet,us-gaap:PropertyPlantAndEquipmentNet,"Property and Equipment, net",3Q25,50.49,TRNS_SEC-XBRL-financials_as-presented_10-Q_2025-02-05_0001437749-25-002899.xlsx,Balance Sheet,"(Unaudited) December 28, 2024","Property and Equipment, net",us-gaap:PropertyPlantAndEquipmentNet,reported,
balance_sheet,us-gaap:Goodwill,Goodwill,3Q25,176.617,TRNS_SEC-XBRL-financials_as-presented_10-Q_2025-02-05_0001437749-25-002899.xlsx,Balance Sheet,"(Unaudited) December 28, 2024",Goodwill,us-gaap:Goodwill,reported,
balance_sheet,us-gaap:IntangibleAssetsNetExcludingGoodwill,"Intangible Assets, net",3Q25,57.682,TRNS_SEC-XBRL-financials_as-presented_10-Q_2025-02-05_0001437749-25-002899.xlsx,Balance Sheet,"(Unaudited) December 28, 2024","Intangible Assets, net",us-gaap:IntangibleAssetsNetExcludingGoodwill,reported,
balance_sheet,us-gaap:OperatingLeaseRightOfUseAsset,"Right to Use Assets, net",3Q25,23.568,TRNS_SEC-XBRL-financials_as-presented_10-Q_2025-02-05_0001437749-25-002899.xlsx,Balance Sheet,"(Unaudited) December 28, 2024","Right to Use Assets, net",us-gaap:OperatingLeaseRightOfUseAsset,reported,
balance_sheet,us-gaap:OtherAssetsNoncurrent,Other Assets,3Q25,1.093,TRNS_SEC-XBRL-financials_as-presented_10-Q_2025-02-05_0001437749-25-002899.xlsx,Balance Sheet,"(Unaudited) December 28, 2024",Other Assets,us-gaap:OtherAssetsNoncurrent,reported,
balance_sheet,us-gaap:Assets,Total Assets,3Q25,386.009,TRNS_SEC-XBRL-financials_as-presented_10-Q_2025-02-05_0001437749-25-002899.xlsx,Balance Sheet,"(Unaudited) December 28, 2024",Total Assets,us-gaap:Assets,reported,
balance_sheet,us-gaap:AccountsPayableCurrent,Accounts Payable,3Q25,16.184,TRNS_SEC-XBRL-financials_as-presented_10-Q_2025-02-05_0001437749-25-002899.xlsx,Balance Sheet,"(Unaudited) December 28, 2024",Accounts Payable,us-gaap:AccountsPayableCurrent,reported,
balance_sheet,trns:AccruedCompensationAndOtherLiabilitiesCurrent,Accrued Compensation and Other Current Liabilities,3Q25,13.085,TRNS_SEC-XBRL-financials_as-presented_10-Q_2025-02-05_0001437749-25-002899.xlsx,Balance Sheet,"(Unaudited) December 28, 2024",Accrued Compensation and Other Current Liabilities,trns:AccruedCompensationAndOtherLiabilitiesCurrent,reported,
balance_sheet,us-gaap:LongTermDebtCurrent,Current Portion of Long-Term Debt,3Q25,2.41,TRNS_SEC-XBRL-financials_as-presented_10-Q_2025-02-05_0001437749-25-002899.xlsx,Balance Sheet,"(Unaudited) December 28, 2024",Current Portion of Long-Term Debt,us-gaap:LongTermDebtCurrent,reported,
balance_sheet,us-gaap:LiabilitiesCurrent,Total Current Liabilities,3Q25,31.679,TRNS_SEC-XBRL-financials_as-presented_10-Q_2025-02-05_0001437749-25-002899.xlsx,Balance Sheet,"(Unaudited) December 28, 2024",Total Current Liabilities,us-gaap:LiabilitiesCurrent,reported,
balance_sheet,us-gaap:LongTermDebtNoncurrent,Long-Term Debt,3Q25,39.496,TRNS_SEC-XBRL-financials_as-presented_10-Q_2025-02-05_0001437749-25-002899.xlsx,Balance Sheet,"(Unaudited) December 28, 2024",Long-Term Debt,us-gaap:LongTermDebtNoncurrent,reported,
balance_sheet,us-gaap:DeferredIncomeTaxLiabilitiesNet,"Deferred Tax Liabilities, net",3Q25,9.255,TRNS_SEC-XBRL-financials_as-presented_10-Q_2025-02-05_0001437749-25-002899.xlsx,Balance Sheet,"(Unaudited) December 28, 2024","Deferred Tax Liabilities, net",us-gaap:DeferredIncomeTaxLiabilitiesNet,reported,
balance_sheet,us-gaap:OperatingLeaseLiabilityNoncurrent,Lease Liabilities,3Q25,20.78,TRNS_SEC-XBRL-financials_as-presented_10-Q_2025-02-05_0001437749-25-002899.xlsx,Balance Sheet,"(Unaudited) December 28, 2024",Lease Liabilities,us-gaap:OperatingLeaseLiabilityNoncurrent,reported,
balance_sheet,us-gaap:OtherLiabilitiesNoncurrent,Other Liabilities,3Q25,3.719,TRNS_SEC-XBRL-financials_as-presented_10-Q_2025-02-05_0001437749-25-002899.xlsx,Balance Sheet,"(Unaudited) December 28, 2024",Other Liabilities,us-gaap:OtherLiabilitiesNoncurrent,reported,
balance_sheet,us-gaap:Liabilities,Total Liabilities,3Q25,104.929,TRNS_SEC-XBRL-financials_as-presented_10-Q_2025-02-05_0001437749-25-002899.xlsx,Balance Sheet,"(Unaudited) December 28, 2024",Total Liabilities,us-gaap:Liabilities,reported,
balance_sheet,us-gaap:CommonStockValue,"Common Stock, par value $0.50 per share, 30,000,000 shares authorized; 9,333,953 and 9,315,840 shares issued and outstanding as of March 28, 2026 and March 29, 2025, respectively",3Q25,4.655,TRNS_SEC-XBRL-financials_as-presented_10-Q_2025-02-05_0001437749-25-002899.xlsx,Balance Sheet,"(Unaudited) December 28, 2024","Common Stock, par value $0.50 per share, 30,000,000 shares authorized; 9,309,257 and 8,839,299 shares issued and outstanding as of December 28, 2024 and March 30, 2024, respectively",us-gaap:CommonStockValue,reported,
balance_sheet,us-gaap:AdditionalPaidInCapitalCommonStock,Capital in Excess of Par Value,3Q25,190.2,TRNS_SEC-XBRL-financials_as-presented_10-Q_2025-02-05_0001437749-25-002899.xlsx,Balance Sheet,"(Unaudited) December 28, 2024",Capital in Excess of Par Value,us-gaap:AdditionalPaidInCapitalCommonStock,reported,
balance_sheet,us-gaap:AccumulatedOtherComprehensiveIncomeLossNetOfTax,Accumulated Other Comprehensive Loss,3Q25,-1.881,TRNS_SEC-XBRL-financials_as-presented_10-Q_2025-02-05_0001437749-25-002899.xlsx,Balance Sheet,"(Unaudited) December 28, 2024",Accumulated Other Comprehensive Loss,us-gaap:AccumulatedOtherComprehensiveIncomeLossNetOfTax,reported,
balance_sheet,us-gaap:RetainedEarningsAccumulatedDeficit,Retained Earnings,3Q25,88.106,TRNS_SEC-XBRL-financials_as-presented_10-Q_2025-02-05_0001437749-25-002899.xlsx,Balance Sheet,"(Unaudited) December 28, 2024",Retained Earnings,us-gaap:RetainedEarningsAccumulatedDeficit,reported,
balance_sheet,us-gaap:StockholdersEquity,Total Shareholders' Equity,3Q25,281.08,TRNS_SEC-XBRL-financials_as-presented_10-Q_2025-02-05_0001437749-25-002899.xlsx,Balance Sheet,"(Unaudited) December 28, 2024",Total Shareholders' Equity,us-gaap:StockholdersEquity,reported,
balance_sheet,us-gaap:LiabilitiesAndStockholdersEquity,Total Liabilities and Shareholders' Equity,3Q25,386.009,TRNS_SEC-XBRL-financials_as-presented_10-Q_2025-02-05_0001437749-25-002899.xlsx,Balance Sheet,"(Unaudited) December 28, 2024",Total Liabilities and Shareholders' Equity,us-gaap:LiabilitiesAndStockholdersEquity,reported,
cash_flow,us-gaap:NetIncomeLoss,Net Income,9M25,10.051,TRNS_SEC-XBRL-financials_as-presented_10-Q_2025-02-05_0001437749-25-002899.xlsx,Cash Flow,"(Unaudited) Nine Months Ended December 28, 2024",Net Income,us-gaap:NetIncomeLoss,reported,
cash_flow,us-gaap:GainLossOnSaleOfPropertyPlantEquipment,Net (Gain) Loss on Disposal of Property and Equipment,9M25,-0.064,TRNS_SEC-XBRL-financials_as-presented_10-Q_2025-02-05_0001437749-25-002899.xlsx,Cash Flow,"(Unaudited) Nine Months Ended December 28, 2024",Net (Gain)Loss on Disposal of Property and Equipment,us-gaap:GainLossOnSaleOfPropertyPlantEquipment,reported,
cash_flow,us-gaap:DeferredIncomeTaxesAndTaxCredits,Deferred Income Taxes,9M25,-0.036,TRNS_SEC-XBRL-financials_as-presented_10-Q_2025-02-05_0001437749-25-002899.xlsx,Cash Flow,"(Unaudited) Nine Months Ended December 28, 2024",Deferred Income Taxes,us-gaap:DeferredIncomeTaxesAndTaxCredits,reported,
cash_flow,us-gaap:DepreciationDepletionAndAmortization,Depreciation and Amortization,9M25,12.941,TRNS_SEC-XBRL-financials_as-presented_10-Q_2025-02-05_0001437749-25-002899.xlsx,Cash Flow,"(Unaudited) Nine Months Ended December 28, 2024",Depreciation and Amortization,us-gaap:DepreciationDepletionAndAmortization,reported,
cash_flow,us-gaap:DisposalGroupNotDiscontinuedOperationGainLossOnDisposal,Gain on Sale of Assets,9M25,-0.855,TRNS_SEC-XBRL-financials_as-presented_10-Q_2025-02-05_0001437749-25-002899.xlsx,Cash Flow,"(Unaudited) Nine Months Ended December 28, 2024",Gain on Sale of Assets,us-gaap:DisposalGroupNotDiscontinuedOperationGainLossOnDisposal,reported,
cash_flow,trns:AccountsReceivableCreditLossExpenseReversalAndInventoryWritedown,Provision for Accounts Receivable and Inventory Reserves,9M25,0.147,TRNS_SEC-XBRL-financials_as-presented_10-Q_2025-02-05_0001437749-25-002899.xlsx,Cash Flow,"(Unaudited) Nine Months Ended December 28, 2024",Provision for Accounts Receivable and Inventory Reserves,trns:AccountsReceivableCreditLossExpenseReversalAndInventoryWritedown,reported,
cash_flow,us-gaap:ShareBasedCompensation,Stock-Based Compensation Expense,9M25,2.075,TRNS_SEC-XBRL-financials_as-presented_10-Q_2025-02-05_0001437749-25-002899.xlsx,Cash Flow,"(Unaudited) Nine Months Ended December 28, 2024",Stock-Based Compensation Expense,us-gaap:ShareBasedCompensation,reported,
cash_flow,us-gaap:IncreaseDecreaseInAccountsAndOtherReceivables,Accounts Receivable and Other Receivables,9M25,1.848,TRNS_SEC-XBRL-financials_as-presented_10-Q_2025-02-05_0001437749-25-002899.xlsx,Cash Flow,"(Unaudited) Nine Months Ended December 28, 2024",Accounts Receivable and Other Receivables,us-gaap:IncreaseDecreaseInAccountsAndOtherReceivables,reported,
cash_flow,us-gaap:IncreaseDecreaseInInventories,Inventory,9M25,4.612,TRNS_SEC-XBRL-financials_as-presented_10-Q_2025-02-05_0001437749-25-002899.xlsx,Cash Flow,"(Unaudited) Nine Months Ended December 28, 2024",Inventory,us-gaap:IncreaseDecreaseInInventories,reported,
cash_flow,us-gaap:IncreaseDecreaseInPrepaidDeferredExpenseAndOtherAssets,Prepaid Expenses and Other Current Assets,9M25,-1.419,TRNS_SEC-XBRL-financials_as-presented_10-Q_2025-02-05_0001437749-25-002899.xlsx,Cash Flow,"(Unaudited) Nine Months Ended December 28, 2024",Prepaid Expenses and Other Current Assets,us-gaap:IncreaseDecreaseInPrepaidDeferredExpenseAndOtherAssets,reported,
cash_flow,us-gaap:IncreaseDecreaseInAccountsPayable,Accounts Payable,9M25,4.179,TRNS_SEC-XBRL-financials_as-presented_10-Q_2025-02-05_0001437749-25-002899.xlsx,Cash Flow,"(Unaudited) Nine Months Ended December 28, 2024",Accounts Payable,us-gaap:IncreaseDecreaseInAccountsPayable,reported,
cash_flow,us-gaap:IncreaseDecreaseInAccruedLiabilitiesAndOtherOperatingLiabilities,Accrued Compensation and Other Current Liabilities,9M25,-2.197,TRNS_SEC-XBRL-financials_as-presented_10-Q_2025-02-05_0001437749-25-002899.xlsx,Cash Flow,"(Unaudited) Nine Months Ended December 28, 2024",Accrued Compensation and Other Current Liabilities,us-gaap:IncreaseDecreaseInAccruedLiabilitiesAndOtherOperatingLiabilities,reported,
cash_flow,us-gaap:IncreaseDecreaseInAccruedIncomeTaxesPayable,Income Taxes Payable,9M25,-2.925,TRNS_SEC-XBRL-financials_as-presented_10-Q_2025-02-05_0001437749-25-002899.xlsx,Cash Flow,"(Unaudited) Nine Months Ended December 28, 2024",Income Taxes Payable,us-gaap:IncreaseDecreaseInAccruedIncomeTaxesPayable,reported,
cash_flow,us-gaap:NetCashProvidedByUsedInOperatingActivities,Net Cash Provided by Operating Activities,9M25,28.357,TRNS_SEC-XBRL-financials_as-presented_10-Q_2025-02-05_0001437749-25-002899.xlsx,Cash Flow,"(Unaudited) Nine Months Ended December 28, 2024",Net Cash Provided by Operating Activities,us-gaap:NetCashProvidedByUsedInOperatingActivities,reported,
cash_flow,us-gaap:PaymentsToAcquirePropertyPlantAndEquipment,Purchase of Property and Equipment,9M25,-10.502,TRNS_SEC-XBRL-financials_as-presented_10-Q_2025-02-05_0001437749-25-002899.xlsx,Cash Flow,"(Unaudited) Nine Months Ended December 28, 2024",Purchase of Property and Equipment,us-gaap:PaymentsToAcquirePropertyPlantAndEquipment,reported,
cash_flow,us-gaap:PaymentsToAcquireBusinessesNetOfCashAcquired,"Business Acquisitions, net of cash acquired",9M25,-86.095,TRNS_SEC-XBRL-financials_as-presented_10-Q_2025-02-05_0001437749-25-002899.xlsx,Cash Flow,"(Unaudited) Nine Months Ended December 28, 2024","Business Acquisitions, net of cash acquired",us-gaap:PaymentsToAcquireBusinessesNetOfCashAcquired,reported,
cash_flow,trns:ProceedsFromSaleOfAssets,Proceeds from Sale of Assets,9M25,1.1,TRNS_SEC-XBRL-financials_as-presented_10-Q_2025-02-05_0001437749-25-002899.xlsx,Cash Flow,"(Unaudited) Nine Months Ended December 28, 2024",Proceeds from Sale of Assets,us-gaap:ProceedsFromSaleOfProductiveAssets,reported,
cash_flow,trns:ProceedsFromPaymentsForMarketableSecurities,Sales/(Purchases) of Marketable Securities,9M25,15.533,TRNS_SEC-XBRL-financials_as-presented_10-Q_2025-02-05_0001437749-25-002899.xlsx,Cash Flow,"(Unaudited) Nine Months Ended December 28, 2024",Sales of Marketable Securities,us-gaap:ProceedsFromSaleAndMaturityOfMarketableSecurities,reported,
cash_flow,us-gaap:NetCashProvidedByUsedInInvestingActivities,Net Cash Used in Investing Activities,9M25,-79.964,TRNS_SEC-XBRL-financials_as-presented_10-Q_2025-02-05_0001437749-25-002899.xlsx,Cash Flow,"(Unaudited) Nine Months Ended December 28, 2024",Net Cash Used in Investing Activities,us-gaap:NetCashProvidedByUsedInInvestingActivities,reported,
cash_flow,us-gaap:ProceedsFromRepaymentsOfLinesOfCredit,"Proceeds From Revolving Credit Facility, net of lender fees",9M25,39.495,TRNS_SEC-XBRL-financials_as-presented_10-Q_2025-02-05_0001437749-25-002899.xlsx,Cash Flow,"(Unaudited) Nine Months Ended December 28, 2024","Proceeds From/(Repayment of) Revolving Credit Facility, net",us-gaap:ProceedsFromRepaymentsOfLinesOfCredit,reported,
cash_flow,us-gaap:RepaymentsOfLongTermDebt,Repayments of Term Loan,9M25,-1.745,TRNS_SEC-XBRL-financials_as-presented_10-Q_2025-02-05_0001437749-25-002899.xlsx,Cash Flow,"(Unaudited) Nine Months Ended December 28, 2024",Repayments of Term Loan,us-gaap:RepaymentsOfLongTermDebt,reported,
cash_flow,trns:ProceedsFromIssuanceOfCommonStockNet,"Issuance of Common Stock, net of direct costs",9M25,1.766,TRNS_SEC-XBRL-financials_as-presented_10-Q_2025-02-05_0001437749-25-002899.xlsx,Cash Flow,"(Unaudited) Nine Months Ended December 28, 2024","Issuance of Common Stock, net of direct costs",trns:ProceedsFromIssuanceOfCommonStockNet,reported,
cash_flow,us-gaap:PaymentsForRepurchaseOfCommonStock,Repurchase of Common Stock,9M25,-3.208,TRNS_SEC-XBRL-financials_as-presented_10-Q_2025-02-05_0001437749-25-002899.xlsx,Cash Flow,"(Unaudited) Nine Months Ended December 28, 2024",Repurchase of Common Stock,us-gaap:PaymentsForRepurchaseOfCommonStock,reported,
cash_flow,us-gaap:NetCashProvidedByUsedInFinancingActivities,Net Cash Provided by Financing Activities,9M25,36.308,TRNS_SEC-XBRL-financials_as-presented_10-Q_2025-02-05_0001437749-25-002899.xlsx,Cash Flow,"(Unaudited) Nine Months Ended December 28, 2024",Net Cash Provided by Financing Activities,us-gaap:NetCashProvidedByUsedInFinancingActivities,reported,
cash_flow,us-gaap:EffectOfExchangeRateOnCashCashEquivalentsRestrictedCashAndRestrictedCashEquivalentsIncludingDisposalGroupAndDiscontinuedOperations,Effect of Exchange Rate Changes on Cash,9M25,0.293,TRNS_SEC-XBRL-financials_as-presented_10-Q_2025-02-05_0001437749-25-002899.xlsx,Cash Flow,"(Unaudited) Nine Months Ended December 28, 2024",Effect of Exchange Rate Changes on Cash and Cash Equivalents,us-gaap:EffectOfExchangeRateOnCashCashEquivalentsRestrictedCashAndRestrictedCashEquivalentsIncludingDisposalGroupAndDiscontinuedOperations,reported,
cash_flow,us-gaap:CashCashEquivalentsRestrictedCashAndRestrictedCashEquivalentsPeriodIncreaseDecreaseIncludingExchangeRateEffect,Net (Decrease) Increase in Cash and Cash Equivalents,9M25,-15.006,TRNS_SEC-XBRL-financials_as-presented_10-Q_2025-02-05_0001437749-25-002899.xlsx,Cash Flow,"(Unaudited) Nine Months Ended December 28, 2024",Net (Decrease)/Increase in Cash and Cash Equivalents,us-gaap:CashCashEquivalentsRestrictedCashAndRestrictedCashEquivalentsPeriodIncreaseDecreaseIncludingExchangeRateEffect,reported,
cash_flow,us-gaap:CashCashEquivalentsRestrictedCashAndRestrictedCashEquivalentsIncludingDisposalGroupAndDiscontinuedOperations,Cash and Cash Equivalents at Beginning of Fiscal Year,9M25,19.646,TRNS_SEC-XBRL-financials_as-presented_10-Q_2025-02-05_0001437749-25-002899.xlsx,Cash Flow,"(Unaudited) Nine Months Ended December 28, 2024",Cash and Cash Equivalents at Beginning of Period,us-gaap:CashCashEquivalentsRestrictedCashAndRestrictedCashEquivalentsIncludingDisposalGroupAndDiscontinuedOperations,reported,
cash_flow,trns:InterestPaidReceivedExcludingCapitalizedInterestOperatingActivities,"Interest, net",9M25,-0.611,TRNS_SEC-XBRL-financials_as-presented_10-Q_2025-02-05_0001437749-25-002899.xlsx,Cash Flow,"(Unaudited) Nine Months Ended December 28, 2024",Interest,trns:InterestPaidReceivedExcludingCapitalizedInterestOperatingActivities,reported,
cash_flow,us-gaap:IncomeTaxesPaidNet,"Income Taxes, net",9M25,6.859,TRNS_SEC-XBRL-financials_as-presented_10-Q_2025-02-05_0001437749-25-002899.xlsx,Cash Flow,"(Unaudited) Nine Months Ended December 28, 2024","Income Taxes, net",us-gaap:IncomeTaxesPaidNet,reported,
cash_flow,us-gaap:StockIssued1,Common stock issued for acquisitions,9M25,45.41,TRNS_SEC-XBRL-financials_as-presented_10-Q_2025-02-05_0001437749-25-002899.xlsx,Cash Flow,"(Unaudited) Nine Months Ended December 28, 2024",Common stock issued for acquisitions,us-gaap:StockIssued1,reported,
cash_flow,trns:NoncashOrPartNoncashAcquisitionAccruedContingentConsiderationRelatedToAcquisition,Contingent consideration related to NEXA acquisition,9M25,1.343,TRNS_SEC-XBRL-financials_as-presented_10-Q_2025-02-05_0001437749-25-002899.xlsx,Cash Flow,"(Unaudited) Nine Months Ended December 28, 2024",Accrued holdback and contingent consideration related to acquisitions,trns:NoncashOrPartNoncashAcquisitionAccruedContingentConsiderationRelatedToAcquisition,reported,
cash_flow,trns:NoncashOrPartNoncashAcquisitionContingentConsiderationTreatedAsEquity,Contingent consideration treated as equity related to acquisitions,9M25,0.75,TRNS_SEC-XBRL-financials_as-presented_10-Q_2025-02-05_0001437749-25-002899.xlsx,Cash Flow,"(Unaudited) Nine Months Ended December 28, 2024",Contingent consideration treated as equity related to acquisitions,trns:NoncashOrPartNoncashAcquisitionContingentConsiderationTreatedAsEquity,reported,
cash_flow,trns:ReclassificationOfPropertyAndEquipmentToInventory,"Balance Sheet Reclassification of Property and Equipment, net to Inventory",9M25,1.097,TRNS_SEC-XBRL-financials_as-presented_10-Q_2025-02-05_0001437749-25-002899.xlsx,Cash Flow,"(Unaudited) Nine Months Ended December 28, 2024","Balance Sheet Reclassification of Property and Equipment, net to Inventory",trns:ReclassificationOfPropertyAndEquipmentToInventory,reported,
income_statement,us-gaap:Revenues,Service Revenue,1Q26,49.144,TRNS_SEC-XBRL-financials_as-presented_10-Q_2025-08-06_0001437749-25-025074.xlsx,Income Statement,"(Unaudited) First Quarter Ended June 28, 2025",Service Revenue,us-gaap:Revenues,reported,
income_statement,us-gaap:CostOfGoodsAndServicesSold,Cost of Service Revenue,1Q26,32.935,TRNS_SEC-XBRL-financials_as-presented_10-Q_2025-08-06_0001437749-25-025074.xlsx,Income Statement,"(Unaudited) First Quarter Ended June 28, 2025",Cost of Service Revenue,us-gaap:CostOfGoodsAndServicesSold,reported,
income_statement,us-gaap:GrossProfit,Gross Profit,1Q26,25.821,TRNS_SEC-XBRL-financials_as-presented_10-Q_2025-08-06_0001437749-25-025074.xlsx,Income Statement,"(Unaudited) First Quarter Ended June 28, 2025",Gross Profit,us-gaap:GrossProfit,reported,
income_statement,us-gaap:SellingAndMarketingExpense,"Selling, Marketing and Warehouse Expenses",1Q26,9.515,TRNS_SEC-XBRL-financials_as-presented_10-Q_2025-08-06_0001437749-25-025074.xlsx,Income Statement,"(Unaudited) First Quarter Ended June 28, 2025","Selling, Marketing and Warehouse Expenses",us-gaap:SellingAndMarketingExpense,reported,
income_statement,us-gaap:GeneralAndAdministrativeExpense,General and Administrative Expenses,1Q26,10.968,TRNS_SEC-XBRL-financials_as-presented_10-Q_2025-08-06_0001437749-25-025074.xlsx,Income Statement,"(Unaudited) First Quarter Ended June 28, 2025",General and Administrative Expenses,us-gaap:GeneralAndAdministrativeExpense,reported,
income_statement,us-gaap:OperatingExpenses,Total Operating Expenses,1Q26,20.483,TRNS_SEC-XBRL-financials_as-presented_10-Q_2025-08-06_0001437749-25-025074.xlsx,Income Statement,"(Unaudited) First Quarter Ended June 28, 2025",Total Operating Expenses,us-gaap:OperatingExpenses,reported,
income_statement,us-gaap:OperatingIncomeLoss,Operating Income,1Q26,5.338,TRNS_SEC-XBRL-financials_as-presented_10-Q_2025-08-06_0001437749-25-025074.xlsx,Income Statement,"(Unaudited) First Quarter Ended June 28, 2025",Operating Income,us-gaap:OperatingIncomeLoss,reported,
income_statement,us-gaap:NonoperatingIncomeExpense,"Total Interest and Other (Income)/Expense, net",1Q26,1.213,TRNS_SEC-XBRL-financials_as-presented_10-Q_2025-08-06_0001437749-25-025074.xlsx,Income Statement,"(Unaudited) First Quarter Ended June 28, 2025","Interest Expense; Interest Income; Total Interest and Other Expense/(Income), net",us-gaap:InterestExpenseNonoperating; us-gaap:InvestmentIncomeInterest; us-gaap:NonoperatingIncomeExpense,interest_net,"interest_net: signed_sum=1.213 from values=[0.451, -0.011, 0.773]"
income_statement,us-gaap:OtherNonoperatingIncomeExpense,Other (Income) Expense,1Q26,0.333,TRNS_SEC-XBRL-financials_as-presented_10-Q_2025-08-06_0001437749-25-025074.xlsx,Income Statement,"(Unaudited) First Quarter Ended June 28, 2025",Other Expense,us-gaap:OtherNonoperatingIncomeExpense,reported,
income_statement,us-gaap:IncomeLossFromContinuingOperationsBeforeIncomeTaxesExtraordinaryItemsNoncontrollingInterest,Income Before Provision for Income Taxes,1Q26,4.565,TRNS_SEC-XBRL-financials_as-presented_10-Q_2025-08-06_0001437749-25-025074.xlsx,Income Statement,"(Unaudited) First Quarter Ended June 28, 2025",Income Before Provision For Income Taxes,us-gaap:IncomeLossFromContinuingOperationsBeforeIncomeTaxesExtraordinaryItemsNoncontrollingInterest,reported,
income_statement,us-gaap:IncomeTaxExpenseBenefit,Provision for Income Taxes,1Q26,1.304,TRNS_SEC-XBRL-financials_as-presented_10-Q_2025-08-06_0001437749-25-025074.xlsx,Income Statement,"(Unaudited) First Quarter Ended June 28, 2025",Provision for Income Taxes,us-gaap:IncomeTaxExpenseBenefit,reported,
income_statement,us-gaap:NetIncomeLoss,Net Income,1Q26,3.261,TRNS_SEC-XBRL-financials_as-presented_10-Q_2025-08-06_0001437749-25-025074.xlsx,Income Statement,"(Unaudited) First Quarter Ended June 28, 2025",Net Income,us-gaap:NetIncomeLoss,reported,
income_statement,us-gaap:EarningsPerShareBasic,Basic Earnings Per Share,1Q26,0.35,TRNS_SEC-XBRL-financials_as-presented_10-Q_2025-08-06_0001437749-25-025074.xlsx,Income Statement,"(Unaudited) First Quarter Ended June 28, 2025",Basic Earnings Per Share,us-gaap:EarningsPerShareBasic,reported,
income_statement,us-gaap:WeightedAverageNumberOfSharesOutstandingBasic,Average Shares Outstanding,1Q26,9.317,TRNS_SEC-XBRL-financials_as-presented_10-Q_2025-08-06_0001437749-25-025074.xlsx,Income Statement,"(Unaudited) First Quarter Ended June 28, 2025",Weighted Average Shares Outstanding,us-gaap:WeightedAverageNumberOfSharesOutstandingBasic,reported,
income_statement,us-gaap:EarningsPerShareDiluted,Diluted Earnings Per Share,1Q26,0.35,TRNS_SEC-XBRL-financials_as-presented_10-Q_2025-08-06_0001437749-25-025074.xlsx,Income Statement,"(Unaudited) First Quarter Ended June 28, 2025",Diluted Earnings Per Share,us-gaap:EarningsPerShareDiluted,reported,
income_statement,us-gaap:WeightedAverageNumberOfDilutedSharesOutstanding,Average Shares Outstanding,1Q26,9.389,TRNS_SEC-XBRL-financials_as-presented_10-Q_2025-08-06_0001437749-25-025074.xlsx,Income Statement,"(Unaudited) First Quarter Ended June 28, 2025",Weighted Average Shares Outstanding,us-gaap:WeightedAverageNumberOfDilutedSharesOutstanding,reported,
balance_sheet,us-gaap:CashAndCashEquivalentsAtCarryingValue,Cash and Cash Equivalents,1Q26,1.861,TRNS_SEC-XBRL-financials_as-presented_10-Q_2025-08-06_0001437749-25-025074.xlsx,Balance Sheet,"(Unaudited) June 28, 2025",Cash and Cash Equivalents,us-gaap:CashAndCashEquivalentsAtCarryingValue,reported,
balance_sheet,us-gaap:AccountsReceivableNetCurrent,"Accounts Receivable, less allowance for credit losses of $851 and $659",1Q26,57.651,TRNS_SEC-XBRL-financials_as-presented_10-Q_2025-08-06_0001437749-25-025074.xlsx,Balance Sheet,"(Unaudited) June 28, 2025","Accounts Receivable, less allowance for credit losses of $642 and $659 as of June 28, 2025 and March 29, 2025, respectively",us-gaap:AccountsReceivableNetCurrent,reported,
balance_sheet,us-gaap:OtherReceivablesNetCurrent,Other Receivables,1Q26,0.708,TRNS_SEC-XBRL-financials_as-presented_10-Q_2025-08-06_0001437749-25-025074.xlsx,Balance Sheet,"(Unaudited) June 28, 2025",Other Receivables,us-gaap:OtherReceivablesNetCurrent,reported,
balance_sheet,us-gaap:InventoryNet,Inventory,1Q26,15.392,TRNS_SEC-XBRL-financials_as-presented_10-Q_2025-08-06_0001437749-25-025074.xlsx,Balance Sheet,"(Unaudited) June 28, 2025",Inventory,us-gaap:InventoryNet,reported,
balance_sheet,us-gaap:PrepaidExpenseAndOtherAssetsCurrent,Prepaid Expenses and Other Current Assets,1Q26,4.042,TRNS_SEC-XBRL-financials_as-presented_10-Q_2025-08-06_0001437749-25-025074.xlsx,Balance Sheet,"(Unaudited) June 28, 2025",Prepaid Expenses and Other Current Assets,us-gaap:PrepaidExpenseAndOtherAssetsCurrent,reported,
balance_sheet,us-gaap:AssetsCurrent,Total Current Assets,1Q26,79.654,TRNS_SEC-XBRL-financials_as-presented_10-Q_2025-08-06_0001437749-25-025074.xlsx,Balance Sheet,"(Unaudited) June 28, 2025",Total Current Assets,us-gaap:AssetsCurrent,reported,
balance_sheet,us-gaap:PropertyPlantAndEquipmentNet,"Property and Equipment, net",1Q26,52.161,TRNS_SEC-XBRL-financials_as-presented_10-Q_2025-08-06_0001437749-25-025074.xlsx,Balance Sheet,"(Unaudited) June 28, 2025","Property and Equipment, net",us-gaap:PropertyPlantAndEquipmentNet,reported,
balance_sheet,us-gaap:Goodwill,Goodwill,1Q26,177.114,TRNS_SEC-XBRL-financials_as-presented_10-Q_2025-08-06_0001437749-25-025074.xlsx,Balance Sheet,"(Unaudited) June 28, 2025",Goodwill,us-gaap:Goodwill,reported,
balance_sheet,us-gaap:IntangibleAssetsNetExcludingGoodwill,"Intangible Assets, net",1Q26,51.933,TRNS_SEC-XBRL-financials_as-presented_10-Q_2025-08-06_0001437749-25-025074.xlsx,Balance Sheet,"(Unaudited) June 28, 2025","Intangible Assets, net",us-gaap:IntangibleAssetsNetExcludingGoodwill,reported,
balance_sheet,us-gaap:OperatingLeaseRightOfUseAsset,"Right to Use Assets, net",1Q26,30.505,TRNS_SEC-XBRL-financials_as-presented_10-Q_2025-08-06_0001437749-25-025074.xlsx,Balance Sheet,"(Unaudited) June 28, 2025",Right to Use Assets,us-gaap:OperatingLeaseRightOfUseAsset,reported,
balance_sheet,us-gaap:OtherAssetsNoncurrent,Other Assets,1Q26,1.169,TRNS_SEC-XBRL-financials_as-presented_10-Q_2025-08-06_0001437749-25-025074.xlsx,Balance Sheet,"(Unaudited) June 28, 2025",Other Assets,us-gaap:OtherAssetsNoncurrent,reported,
balance_sheet,us-gaap:Assets,Total Assets,1Q26,392.536,TRNS_SEC-XBRL-financials_as-presented_10-Q_2025-08-06_0001437749-25-025074.xlsx,Balance Sheet,"(Unaudited) June 28, 2025",Total Assets,us-gaap:Assets,reported,
balance_sheet,us-gaap:AccountsPayableCurrent,Accounts Payable,1Q26,13.455,TRNS_SEC-XBRL-financials_as-presented_10-Q_2025-08-06_0001437749-25-025074.xlsx,Balance Sheet,"(Unaudited) June 28, 2025",Accounts Payable,us-gaap:AccountsPayableCurrent,reported,
balance_sheet,trns:AccruedCompensationAndOtherLiabilitiesCurrent,Accrued Compensation and Other Current Liabilities,1Q26,12.608,TRNS_SEC-XBRL-financials_as-presented_10-Q_2025-08-06_0001437749-25-025074.xlsx,Balance Sheet,"(Unaudited) June 28, 2025",Accrued Compensation and Other Current Liabilities,trns:AccruedCompensationAndOtherLiabilitiesCurrent,reported,
balance_sheet,us-gaap:LongTermDebtCurrent,Current Portion of Long-Term Debt,1Q26,1.217,TRNS_SEC-XBRL-financials_as-presented_10-Q_2025-08-06_0001437749-25-025074.xlsx,Balance Sheet,"(Unaudited) June 28, 2025",Current Portion of Long-Term Debt,us-gaap:LongTermDebtCurrent,reported,
balance_sheet,us-gaap:LiabilitiesCurrent,Total Current Liabilities,1Q26,27.28,TRNS_SEC-XBRL-financials_as-presented_10-Q_2025-08-06_0001437749-25-025074.xlsx,Balance Sheet,"(Unaudited) June 28, 2025",Total Current Liabilities,us-gaap:LiabilitiesCurrent,reported,
balance_sheet,us-gaap:LongTermDebtNoncurrent,Long-Term Debt,1Q26,33.182,TRNS_SEC-XBRL-financials_as-presented_10-Q_2025-08-06_0001437749-25-025074.xlsx,Balance Sheet,"(Unaudited) June 28, 2025",Long-Term Debt,us-gaap:LongTermDebtNoncurrent,reported,
balance_sheet,us-gaap:DeferredIncomeTaxLiabilitiesNet,"Deferred Tax Liabilities, net",1Q26,9.31,TRNS_SEC-XBRL-financials_as-presented_10-Q_2025-08-06_0001437749-25-025074.xlsx,Balance Sheet,"(Unaudited) June 28, 2025","Deferred Tax Liabilities, net",us-gaap:DeferredIncomeTaxLiabilitiesNet,reported,
balance_sheet,us-gaap:OperatingLeaseLiabilityNoncurrent,Lease Liabilities,1Q26,27.476,TRNS_SEC-XBRL-financials_as-presented_10-Q_2025-08-06_0001437749-25-025074.xlsx,Balance Sheet,"(Unaudited) June 28, 2025",Lease Liabilities,us-gaap:OperatingLeaseLiabilityNoncurrent,reported,
balance_sheet,us-gaap:OtherLiabilitiesNoncurrent,Other Liabilities,1Q26,2.752,TRNS_SEC-XBRL-financials_as-presented_10-Q_2025-08-06_0001437749-25-025074.xlsx,Balance Sheet,"(Unaudited) June 28, 2025",Other Liabilities,us-gaap:OtherLiabilitiesNoncurrent,reported,
balance_sheet,us-gaap:Liabilities,Total Liabilities,1Q26,100.0,TRNS_SEC-XBRL-financials_as-presented_10-Q_2025-08-06_0001437749-25-025074.xlsx,Balance Sheet,"(Unaudited) June 28, 2025",Total Liabilities,us-gaap:Liabilities,reported,
balance_sheet,us-gaap:CommonStockValue,"Common Stock, par value $0.50 per share, 30,000,000 shares authorized; 9,333,953 and 9,315,840 shares issued and outstanding as of March 28, 2026 and March 29, 2025, respectively",1Q26,4.659,TRNS_SEC-XBRL-financials_as-presented_10-Q_2025-08-06_0001437749-25-025074.xlsx,Balance Sheet,"(Unaudited) June 28, 2025","Common Stock, par value $0.50 per share, 30,000,000 shares authorized; 9,318,490 and 9,315,840 shares issued and outstanding as of June 28, 2025 and March 29, 2025, respectively",us-gaap:CommonStockValue,reported,
balance_sheet,us-gaap:AdditionalPaidInCapitalCommonStock,Capital in Excess of Par Value,1Q26,192.548,TRNS_SEC-XBRL-financials_as-presented_10-Q_2025-08-06_0001437749-25-025074.xlsx,Balance Sheet,"(Unaudited) June 28, 2025",Capital in Excess of Par Value,us-gaap:AdditionalPaidInCapitalCommonStock,reported,
balance_sheet,us-gaap:AccumulatedOtherComprehensiveIncomeLossNetOfTax,Accumulated Other Comprehensive Loss,1Q26,-0.461,TRNS_SEC-XBRL-financials_as-presented_10-Q_2025-08-06_0001437749-25-025074.xlsx,Balance Sheet,"(Unaudited) June 28, 2025",Accumulated Other Comprehensive Loss,us-gaap:AccumulatedOtherComprehensiveIncomeLossNetOfTax,reported,
balance_sheet,us-gaap:RetainedEarningsAccumulatedDeficit,Retained Earnings,1Q26,95.79,TRNS_SEC-XBRL-financials_as-presented_10-Q_2025-08-06_0001437749-25-025074.xlsx,Balance Sheet,"(Unaudited) June 28, 2025",Retained Earnings,us-gaap:RetainedEarningsAccumulatedDeficit,reported,
balance_sheet,us-gaap:StockholdersEquity,Total Shareholders' Equity,1Q26,292.536,TRNS_SEC-XBRL-financials_as-presented_10-Q_2025-08-06_0001437749-25-025074.xlsx,Balance Sheet,"(Unaudited) June 28, 2025",Total Shareholders' Equity,us-gaap:StockholdersEquity,reported,
balance_sheet,us-gaap:LiabilitiesAndStockholdersEquity,Total Liabilities and Shareholders' Equity,1Q26,392.536,TRNS_SEC-XBRL-financials_as-presented_10-Q_2025-08-06_0001437749-25-025074.xlsx,Balance Sheet,"(Unaudited) June 28, 2025",Total Liabilities and Shareholders' Equity,us-gaap:LiabilitiesAndStockholdersEquity,reported,
cash_flow,us-gaap:NetIncomeLoss,Net Income,1Q26,3.261,TRNS_SEC-XBRL-financials_as-presented_10-Q_2025-08-06_0001437749-25-025074.xlsx,Cash Flow,"(Unaudited) Three Months Ended June 28, 2025",Net Income,us-gaap:NetIncomeLoss,reported,
cash_flow,us-gaap:GainLossOnSaleOfPropertyPlantEquipment,Net (Gain) Loss on Disposal of Property and Equipment,1Q26,0.054,TRNS_SEC-XBRL-financials_as-presented_10-Q_2025-08-06_0001437749-25-025074.xlsx,Cash Flow,"(Unaudited) Three Months Ended June 28, 2025",Net Loss/(Gain) on Disposal of Property and Equipment,us-gaap:GainLossOnSaleOfPropertyPlantEquipment,reported,
cash_flow,us-gaap:OperatingLeaseRightOfUseAssetAmortizationExpense,Noncash Lease Expense,1Q26,0.915,TRNS_SEC-XBRL-financials_as-presented_10-Q_2025-08-06_0001437749-25-025074.xlsx,Cash Flow,"(Unaudited) Three Months Ended June 28, 2025",Noncash Lease Expense,us-gaap:OperatingLeaseRightOfUseAssetAmortizationExpense,reported,
cash_flow,us-gaap:DeferredIncomeTaxesAndTaxCredits,Deferred Income Taxes,1Q26,0.024,TRNS_SEC-XBRL-financials_as-presented_10-Q_2025-08-06_0001437749-25-025074.xlsx,Cash Flow,"(Unaudited) Three Months Ended June 28, 2025",Deferred Income Taxes,us-gaap:DeferredIncomeTaxesAndTaxCredits,reported,
cash_flow,us-gaap:DepreciationDepletionAndAmortization,Depreciation and Amortization,1Q26,5.605,TRNS_SEC-XBRL-financials_as-presented_10-Q_2025-08-06_0001437749-25-025074.xlsx,Cash Flow,"(Unaudited) Three Months Ended June 28, 2025",Depreciation and Amortization,us-gaap:DepreciationDepletionAndAmortization,reported,
cash_flow,trns:AccountsReceivableCreditLossExpenseReversalAndInventoryWritedown,Provision for Accounts Receivable and Inventory Reserves,1Q26,0.118,TRNS_SEC-XBRL-financials_as-presented_10-Q_2025-08-06_0001437749-25-025074.xlsx,Cash Flow,"(Unaudited) Three Months Ended June 28, 2025",Provision for Accounts Receivable and Inventory Reserves,trns:AccountsReceivableCreditLossExpenseReversalAndInventoryWritedown,reported,
cash_flow,us-gaap:ShareBasedCompensation,Stock-Based Compensation Expense,1Q26,1.13,TRNS_SEC-XBRL-financials_as-presented_10-Q_2025-08-06_0001437749-25-025074.xlsx,Cash Flow,"(Unaudited) Three Months Ended June 28, 2025",Stock-Based Compensation Expense,us-gaap:ShareBasedCompensation,reported,
cash_flow,us-gaap:IncreaseDecreaseInAccountsAndOtherReceivables,Accounts Receivable and Other Receivables,1Q26,-1.214,TRNS_SEC-XBRL-financials_as-presented_10-Q_2025-08-06_0001437749-25-025074.xlsx,Cash Flow,"(Unaudited) Three Months Ended June 28, 2025",Accounts Receivable and Other Receivables,us-gaap:IncreaseDecreaseInAccountsAndOtherReceivables,reported,
cash_flow,us-gaap:IncreaseDecreaseInInventories,Inventory,1Q26,-0.745,TRNS_SEC-XBRL-financials_as-presented_10-Q_2025-08-06_0001437749-25-025074.xlsx,Cash Flow,"(Unaudited) Three Months Ended June 28, 2025",Inventory,us-gaap:IncreaseDecreaseInInventories,reported,
cash_flow,us-gaap:IncreaseDecreaseInPrepaidDeferredExpenseAndOtherAssets,Prepaid Expenses and Other Current Assets,1Q26,1.737,TRNS_SEC-XBRL-financials_as-presented_10-Q_2025-08-06_0001437749-25-025074.xlsx,Cash Flow,"(Unaudited) Three Months Ended June 28, 2025",Prepaid Expenses and Other Current Assets,us-gaap:IncreaseDecreaseInPrepaidDeferredExpenseAndOtherAssets,reported,
cash_flow,us-gaap:IncreaseDecreaseInAccountsPayable,Accounts Payable,1Q26,-3.3,TRNS_SEC-XBRL-financials_as-presented_10-Q_2025-08-06_0001437749-25-025074.xlsx,Cash Flow,"(Unaudited) Three Months Ended June 28, 2025",Accounts Payable,us-gaap:IncreaseDecreaseInAccountsPayable,reported,
cash_flow,us-gaap:IncreaseDecreaseInAccruedLiabilitiesAndOtherOperatingLiabilities,Accrued Compensation and Other Current Liabilities,1Q26,-4.338,TRNS_SEC-XBRL-financials_as-presented_10-Q_2025-08-06_0001437749-25-025074.xlsx,Cash Flow,"(Unaudited) Three Months Ended June 28, 2025",Accrued Compensation and Other Current Liabilities,us-gaap:IncreaseDecreaseInAccruedLiabilitiesAndOtherOperatingLiabilities,reported,
cash_flow,us-gaap:IncreaseDecreaseInAccruedIncomeTaxesPayable,Income Taxes Payable,1Q26,0.376,TRNS_SEC-XBRL-financials_as-presented_10-Q_2025-08-06_0001437749-25-025074.xlsx,Cash Flow,"(Unaudited) Three Months Ended June 28, 2025",Income Taxes Payable,us-gaap:IncreaseDecreaseInAccruedIncomeTaxesPayable,reported,
cash_flow,us-gaap:NetCashProvidedByUsedInOperatingActivities,Net Cash Provided by Operating Activities,1Q26,3.623,TRNS_SEC-XBRL-financials_as-presented_10-Q_2025-08-06_0001437749-25-025074.xlsx,Cash Flow,"(Unaudited) Three Months Ended June 28, 2025",Net Cash Provided by Operating Activities,us-gaap:NetCashProvidedByUsedInOperatingActivities,reported,
cash_flow,us-gaap:PaymentsToAcquirePropertyPlantAndEquipment,Purchase of Property and Equipment,1Q26,-4.598,TRNS_SEC-XBRL-financials_as-presented_10-Q_2025-08-06_0001437749-25-025074.xlsx,Cash Flow,"(Unaudited) Three Months Ended June 28, 2025",Purchase of Property and Equipment,us-gaap:PaymentsToAcquirePropertyPlantAndEquipment,reported,
cash_flow,us-gaap:NetCashProvidedByUsedInInvestingActivities,Net Cash Used in Investing Activities,1Q26,-4.598,TRNS_SEC-XBRL-financials_as-presented_10-Q_2025-08-06_0001437749-25-025074.xlsx,Cash Flow,"(Unaudited) Three Months Ended June 28, 2025",Net Cash Used in Investing Activities,us-gaap:NetCashProvidedByUsedInInvestingActivities,reported,
cash_flow,us-gaap:ProceedsFromRepaymentsOfLinesOfCredit,"Proceeds From Revolving Credit Facility, net of lender fees",1Q26,2.291,TRNS_SEC-XBRL-financials_as-presented_10-Q_2025-08-06_0001437749-25-025074.xlsx,Cash Flow,"(Unaudited) Three Months Ended June 28, 2025","Proceeds From/(Repayment of) Revolving Credit Facility, net",us-gaap:ProceedsFromRepaymentsOfLinesOfCredit,reported,
cash_flow,us-gaap:RepaymentsOfLongTermDebt,Repayments of Term Loan,1Q26,-0.602,TRNS_SEC-XBRL-financials_as-presented_10-Q_2025-08-06_0001437749-25-025074.xlsx,Cash Flow,"(Unaudited) Three Months Ended June 28, 2025",Repayments of Term Loan,us-gaap:RepaymentsOfLongTermDebt,reported,
cash_flow,trns:ProceedsFromIssuanceOfCommonStockNet,"Issuance of Common Stock, net of direct costs",1Q26,0.257,TRNS_SEC-XBRL-financials_as-presented_10-Q_2025-08-06_0001437749-25-025074.xlsx,Cash Flow,"(Unaudited) Three Months Ended June 28, 2025","Issuance of Common Stock, net of direct costs",trns:ProceedsFromIssuanceOfCommonStockNet,reported,
cash_flow,us-gaap:NetCashProvidedByUsedInFinancingActivities,Net Cash Provided by Financing Activities,1Q26,1.946,TRNS_SEC-XBRL-financials_as-presented_10-Q_2025-08-06_0001437749-25-025074.xlsx,Cash Flow,"(Unaudited) Three Months Ended June 28, 2025",Net Cash Provided by/(Used in) Financing Activities,us-gaap:NetCashProvidedByUsedInFinancingActivities,reported,
cash_flow,us-gaap:EffectOfExchangeRateOnCashCashEquivalentsRestrictedCashAndRestrictedCashEquivalentsIncludingDisposalGroupAndDiscontinuedOperations,Effect of Exchange Rate Changes on Cash,1Q26,-0.627,TRNS_SEC-XBRL-financials_as-presented_10-Q_2025-08-06_0001437749-25-025074.xlsx,Cash Flow,"(Unaudited) Three Months Ended June 28, 2025",Effect of Exchange Rate Changes on Cash and Cash Equivalents,us-gaap:EffectOfExchangeRateOnCashCashEquivalentsRestrictedCashAndRestrictedCashEquivalentsIncludingDisposalGroupAndDiscontinuedOperations,reported,
cash_flow,us-gaap:CashCashEquivalentsRestrictedCashAndRestrictedCashEquivalentsPeriodIncreaseDecreaseIncludingExchangeRateEffect,Net (Decrease) Increase in Cash and Cash Equivalents,1Q26,0.344,TRNS_SEC-XBRL-financials_as-presented_10-Q_2025-08-06_0001437749-25-025074.xlsx,Cash Flow,"(Unaudited) Three Months Ended June 28, 2025",Net Increase in Cash and Cash Equivalents,us-gaap:CashCashEquivalentsRestrictedCashAndRestrictedCashEquivalentsPeriodIncreaseDecreaseIncludingExchangeRateEffect,reported,
cash_flow,us-gaap:CashCashEquivalentsRestrictedCashAndRestrictedCashEquivalentsIncludingDisposalGroupAndDiscontinuedOperations,Cash and Cash Equivalents at Beginning of Fiscal Year,1Q26,1.517,TRNS_SEC-XBRL-financials_as-presented_10-Q_2025-08-06_0001437749-25-025074.xlsx,Cash Flow,"(Unaudited) Three Months Ended June 28, 2025",Cash and Cash Equivalents at Beginning of Period,us-gaap:CashCashEquivalentsRestrictedCashAndRestrictedCashEquivalentsIncludingDisposalGroupAndDiscontinuedOperations,reported,
cash_flow,trns:InterestPaidReceivedExcludingCapitalizedInterestOperatingActivities,"Interest, net",1Q26,0.457,TRNS_SEC-XBRL-financials_as-presented_10-Q_2025-08-06_0001437749-25-025074.xlsx,Cash Flow,"(Unaudited) Three Months Ended June 28, 2025",Interest,trns:InterestPaidReceivedExcludingCapitalizedInterestOperatingActivities,reported,
cash_flow,us-gaap:IncomeTaxesPaidNet,"Income Taxes, net",1Q26,-0.18,TRNS_SEC-XBRL-financials_as-presented_10-Q_2025-08-06_0001437749-25-025074.xlsx,Cash Flow,"(Unaudited) Three Months Ended June 28, 2025","Income Taxes, net",us-gaap:IncomeTaxesPaidNet,reported,
cash_flow,trns:ReclassificationOfPropertyAndEquipmentToInventory,"Balance Sheet Reclassification of Property and Equipment, net to Inventory",1Q26,0.21,TRNS_SEC-XBRL-financials_as-presented_10-Q_2025-08-06_0001437749-25-025074.xlsx,Cash Flow,"(Unaudited) Three Months Ended June 28, 2025","Balance Sheet Reclassification of Property and Equipment, net to Inventory",trns:ReclassificationOfPropertyAndEquipmentToInventory,reported,
income_statement,us-gaap:Revenues,Service Revenue,2Q26,52.836,TRNS_SEC-XBRL-financials_as-presented_10-Q_2025-11-05_0001437749-25-033338.xlsx,Income Statement,"(Unaudited) Second Quarter Ended September 27, 2025",Service Revenue,us-gaap:Revenues,reported,
income_statement,us-gaap:Revenues,Service Revenue,6M26,101.98,TRNS_SEC-XBRL-financials_as-presented_10-Q_2025-11-05_0001437749-25-033338.xlsx,Income Statement,"(Unaudited) Six Months Ended September 27, 2025",Service Revenue,us-gaap:Revenues,reported,
income_statement,us-gaap:CostOfGoodsAndServicesSold,Cost of Service Revenue,2Q26,35.843,TRNS_SEC-XBRL-financials_as-presented_10-Q_2025-11-05_0001437749-25-033338.xlsx,Income Statement,"(Unaudited) Second Quarter Ended September 27, 2025",Cost of Service Revenue,us-gaap:CostOfGoodsAndServicesSold,reported,
income_statement,us-gaap:CostOfGoodsAndServicesSold,Cost of Service Revenue,6M26,68.778,TRNS_SEC-XBRL-financials_as-presented_10-Q_2025-11-05_0001437749-25-033338.xlsx,Income Statement,"(Unaudited) Six Months Ended September 27, 2025",Cost of Service Revenue,us-gaap:CostOfGoodsAndServicesSold,reported,
income_statement,us-gaap:GrossProfit,Gross Profit,2Q26,26.762,TRNS_SEC-XBRL-financials_as-presented_10-Q_2025-11-05_0001437749-25-033338.xlsx,Income Statement,"(Unaudited) Second Quarter Ended September 27, 2025",Gross Profit,us-gaap:GrossProfit,reported,
income_statement,us-gaap:GrossProfit,Gross Profit,6M26,52.583,TRNS_SEC-XBRL-financials_as-presented_10-Q_2025-11-05_0001437749-25-033338.xlsx,Income Statement,"(Unaudited) Six Months Ended September 27, 2025",Gross Profit,us-gaap:GrossProfit,reported,
income_statement,us-gaap:SellingAndMarketingExpense,"Selling, Marketing and Warehouse Expenses",2Q26,10.627,TRNS_SEC-XBRL-financials_as-presented_10-Q_2025-11-05_0001437749-25-033338.xlsx,Income Statement,"(Unaudited) Second Quarter Ended September 27, 2025","Selling, Marketing and Warehouse Expenses",us-gaap:SellingAndMarketingExpense,reported,
income_statement,us-gaap:SellingAndMarketingExpense,"Selling, Marketing and Warehouse Expenses",6M26,20.142,TRNS_SEC-XBRL-financials_as-presented_10-Q_2025-11-05_0001437749-25-033338.xlsx,Income Statement,"(Unaudited) Six Months Ended September 27, 2025","Selling, Marketing and Warehouse Expenses",us-gaap:SellingAndMarketingExpense,reported,
income_statement,us-gaap:GeneralAndAdministrativeExpense,General and Administrative Expenses,2Q26,12.63,TRNS_SEC-XBRL-financials_as-presented_10-Q_2025-11-05_0001437749-25-033338.xlsx,Income Statement,"(Unaudited) Second Quarter Ended September 27, 2025",General and Administrative Expenses,us-gaap:GeneralAndAdministrativeExpense,reported,
income_statement,us-gaap:GeneralAndAdministrativeExpense,General and Administrative Expenses,6M26,23.598,TRNS_SEC-XBRL-financials_as-presented_10-Q_2025-11-05_0001437749-25-033338.xlsx,Income Statement,"(Unaudited) Six Months Ended September 27, 2025",General and Administrative Expenses,us-gaap:GeneralAndAdministrativeExpense,reported,
income_statement,us-gaap:OperatingExpenses,Total Operating Expenses,2Q26,23.257,TRNS_SEC-XBRL-financials_as-presented_10-Q_2025-11-05_0001437749-25-033338.xlsx,Income Statement,"(Unaudited) Second Quarter Ended September 27, 2025",Total Operating Expenses,us-gaap:OperatingExpenses,reported,
income_statement,us-gaap:OperatingExpenses,Total Operating Expenses,6M26,43.74,TRNS_SEC-XBRL-financials_as-presented_10-Q_2025-11-05_0001437749-25-033338.xlsx,Income Statement,"(Unaudited) Six Months Ended September 27, 2025",Total Operating Expenses,us-gaap:OperatingExpenses,reported,
income_statement,us-gaap:OperatingIncomeLoss,Operating Income,2Q26,3.505,TRNS_SEC-XBRL-financials_as-presented_10-Q_2025-11-05_0001437749-25-033338.xlsx,Income Statement,"(Unaudited) Second Quarter Ended September 27, 2025",Operating Income,us-gaap:OperatingIncomeLoss,reported,
income_statement,us-gaap:OperatingIncomeLoss,Operating Income,6M26,8.843,TRNS_SEC-XBRL-financials_as-presented_10-Q_2025-11-05_0001437749-25-033338.xlsx,Income Statement,"(Unaudited) Six Months Ended September 27, 2025",Operating Income,us-gaap:OperatingIncomeLoss,reported,
income_statement,us-gaap:NonoperatingIncomeExpense,"Total Interest and Other (Income)/Expense, net",2Q26,2.7399999999999998,TRNS_SEC-XBRL-financials_as-presented_10-Q_2025-11-05_0001437749-25-033338.xlsx,Income Statement,"(Unaudited) Second Quarter Ended September 27, 2025","Interest Expense; Interest Income; Total Interest and Other Expense/(Income), net",us-gaap:InterestExpenseNonoperating; us-gaap:InvestmentIncomeInterest; us-gaap:NonoperatingIncomeExpense,interest_net,"interest_net: signed_sum=2.7399999999999998 from values=[1.269, -0.005, 1.476]"
income_statement,us-gaap:NonoperatingIncomeExpense,"Total Interest and Other (Income)/Expense, net",6M26,3.9530000000000003,TRNS_SEC-XBRL-financials_as-presented_10-Q_2025-11-05_0001437749-25-033338.xlsx,Income Statement,"(Unaudited) Six Months Ended September 27, 2025","Interest Expense; Interest Income; Total Interest and Other Expense/(Income), net",us-gaap:InterestExpenseNonoperating; us-gaap:InvestmentIncomeInterest; us-gaap:NonoperatingIncomeExpense,interest_net,"interest_net: signed_sum=3.9530000000000003 from values=[1.72, -0.016, 2.249]"
income_statement,us-gaap:OtherNonoperatingIncomeExpense,Other (Income) Expense,2Q26,0.212,TRNS_SEC-XBRL-financials_as-presented_10-Q_2025-11-05_0001437749-25-033338.xlsx,Income Statement,"(Unaudited) Second Quarter Ended September 27, 2025",Other Expense,us-gaap:OtherNonoperatingIncomeExpense,reported,
income_statement,us-gaap:OtherNonoperatingIncomeExpense,Other (Income) Expense,6M26,0.545,TRNS_SEC-XBRL-financials_as-presented_10-Q_2025-11-05_0001437749-25-033338.xlsx,Income Statement,"(Unaudited) Six Months Ended September 27, 2025",Other Expense,us-gaap:OtherNonoperatingIncomeExpense,reported,
income_statement,us-gaap:IncomeLossFromContinuingOperationsBeforeIncomeTaxesExtraordinaryItemsNoncontrollingInterest,Income Before Provision for Income Taxes,2Q26,2.029,TRNS_SEC-XBRL-financials_as-presented_10-Q_2025-11-05_0001437749-25-033338.xlsx,Income Statement,"(Unaudited) Second Quarter Ended September 27, 2025",Income Before Provision For Income Taxes,us-gaap:IncomeLossFromContinuingOperationsBeforeIncomeTaxesExtraordinaryItemsNoncontrollingInterest,reported,
income_statement,us-gaap:IncomeLossFromContinuingOperationsBeforeIncomeTaxesExtraordinaryItemsNoncontrollingInterest,Income Before Provision for Income Taxes,6M26,6.594,TRNS_SEC-XBRL-financials_as-presented_10-Q_2025-11-05_0001437749-25-033338.xlsx,Income Statement,"(Unaudited) Six Months Ended September 27, 2025",Income Before Provision For Income Taxes,us-gaap:IncomeLossFromContinuingOperationsBeforeIncomeTaxesExtraordinaryItemsNoncontrollingInterest,reported,
income_statement,us-gaap:IncomeTaxExpenseBenefit,Provision for Income Taxes,2Q26,0.76,TRNS_SEC-XBRL-financials_as-presented_10-Q_2025-11-05_0001437749-25-033338.xlsx,Income Statement,"(Unaudited) Second Quarter Ended September 27, 2025",Provision for Income Taxes,us-gaap:IncomeTaxExpenseBenefit,reported,
income_statement,us-gaap:IncomeTaxExpenseBenefit,Provision for Income Taxes,6M26,2.064,TRNS_SEC-XBRL-financials_as-presented_10-Q_2025-11-05_0001437749-25-033338.xlsx,Income Statement,"(Unaudited) Six Months Ended September 27, 2025",Provision for Income Taxes,us-gaap:IncomeTaxExpenseBenefit,reported,
income_statement,us-gaap:NetIncomeLoss,Net Income,2Q26,1.269,TRNS_SEC-XBRL-financials_as-presented_10-Q_2025-11-05_0001437749-25-033338.xlsx,Income Statement,"(Unaudited) Second Quarter Ended September 27, 2025",Net Income,us-gaap:NetIncomeLoss,reported,
income_statement,us-gaap:NetIncomeLoss,Net Income,6M26,4.53,TRNS_SEC-XBRL-financials_as-presented_10-Q_2025-11-05_0001437749-25-033338.xlsx,Income Statement,"(Unaudited) Six Months Ended September 27, 2025",Net Income,us-gaap:NetIncomeLoss,reported,
income_statement,us-gaap:EarningsPerShareBasic,Basic Earnings Per Share,2Q26,0.14,TRNS_SEC-XBRL-financials_as-presented_10-Q_2025-11-05_0001437749-25-033338.xlsx,Income Statement,"(Unaudited) Second Quarter Ended September 27, 2025",Basic Earnings Per Share,us-gaap:EarningsPerShareBasic,reported,
income_statement,us-gaap:EarningsPerShareBasic,Basic Earnings Per Share,6M26,0.49,TRNS_SEC-XBRL-financials_as-presented_10-Q_2025-11-05_0001437749-25-033338.xlsx,Income Statement,"(Unaudited) Six Months Ended September 27, 2025",Basic Earnings Per Share,us-gaap:EarningsPerShareBasic,reported,
income_statement,us-gaap:WeightedAverageNumberOfSharesOutstandingBasic,Average Shares Outstanding,2Q26,9.321,TRNS_SEC-XBRL-financials_as-presented_10-Q_2025-11-05_0001437749-25-033338.xlsx,Income Statement,"(Unaudited) Second Quarter Ended September 27, 2025",Basic Average Shares Outstanding,us-gaap:WeightedAverageNumberOfSharesOutstandingBasic,reported,
income_statement,us-gaap:WeightedAverageNumberOfSharesOutstandingBasic,Average Shares Outstanding,6M26,9.319,TRNS_SEC-XBRL-financials_as-presented_10-Q_2025-11-05_0001437749-25-033338.xlsx,Income Statement,"(Unaudited) Six Months Ended September 27, 2025",Basic Average Shares Outstanding,us-gaap:WeightedAverageNumberOfSharesOutstandingBasic,reported,
income_statement,us-gaap:EarningsPerShareDiluted,Diluted Earnings Per Share,2Q26,0.14,TRNS_SEC-XBRL-financials_as-presented_10-Q_2025-11-05_0001437749-25-033338.xlsx,Income Statement,"(Unaudited) Second Quarter Ended September 27, 2025",Diluted Earnings Per Share,us-gaap:EarningsPerShareDiluted,reported,
income_statement,us-gaap:EarningsPerShareDiluted,Diluted Earnings Per Share,6M26,0.48,TRNS_SEC-XBRL-financials_as-presented_10-Q_2025-11-05_0001437749-25-033338.xlsx,Income Statement,"(Unaudited) Six Months Ended September 27, 2025",Diluted Earnings Per Share,us-gaap:EarningsPerShareDiluted,reported,
income_statement,us-gaap:WeightedAverageNumberOfDilutedSharesOutstanding,Average Shares Outstanding,2Q26,9.399,TRNS_SEC-XBRL-financials_as-presented_10-Q_2025-11-05_0001437749-25-033338.xlsx,Income Statement,"(Unaudited) Second Quarter Ended September 27, 2025",Diluted Average Shares Outstanding,us-gaap:WeightedAverageNumberOfDilutedSharesOutstanding,reported,
income_statement,us-gaap:WeightedAverageNumberOfDilutedSharesOutstanding,Average Shares Outstanding,6M26,9.392,TRNS_SEC-XBRL-financials_as-presented_10-Q_2025-11-05_0001437749-25-033338.xlsx,Income Statement,"(Unaudited) Six Months Ended September 27, 2025",Diluted Average Shares Outstanding,us-gaap:WeightedAverageNumberOfDilutedSharesOutstanding,reported,
balance_sheet,us-gaap:CashAndCashEquivalentsAtCarryingValue,Cash and Cash Equivalents,2Q26,5.082,TRNS_SEC-XBRL-financials_as-presented_10-Q_2025-11-05_0001437749-25-033338.xlsx,Balance Sheet,"(Unaudited) September 27, 2025",Cash and Cash Equivalents,us-gaap:CashAndCashEquivalentsAtCarryingValue,reported,
balance_sheet,us-gaap:AccountsReceivableNetCurrent,"Accounts Receivable, less allowance for credit losses of $851 and $659",2Q26,62.573,TRNS_SEC-XBRL-financials_as-presented_10-Q_2025-11-05_0001437749-25-033338.xlsx,Balance Sheet,"(Unaudited) September 27, 2025","Accounts Receivable, less allowance for credit losses of $789 and $659 as of September 27, 2025 and March 29, 2025, respectively",us-gaap:AccountsReceivableNetCurrent,reported,
balance_sheet,us-gaap:OtherReceivablesNetCurrent,Other Receivables,2Q26,0.638,TRNS_SEC-XBRL-financials_as-presented_10-Q_2025-11-05_0001437749-25-033338.xlsx,Balance Sheet,"(Unaudited) September 27, 2025",Other Receivables,us-gaap:OtherReceivablesNetCurrent,reported,
balance_sheet,us-gaap:InventoryNet,Inventory,2Q26,13.065,TRNS_SEC-XBRL-financials_as-presented_10-Q_2025-11-05_0001437749-25-033338.xlsx,Balance Sheet,"(Unaudited) September 27, 2025",Inventory,us-gaap:InventoryNet,reported,
balance_sheet,us-gaap:PrepaidExpenseAndOtherAssetsCurrent,Prepaid Expenses and Other Current Assets,2Q26,4.387,TRNS_SEC-XBRL-financials_as-presented_10-Q_2025-11-05_0001437749-25-033338.xlsx,Balance Sheet,"(Unaudited) September 27, 2025",Prepaid Expenses and Other Current Assets,us-gaap:PrepaidExpenseAndOtherAssetsCurrent,reported,
balance_sheet,us-gaap:AssetsCurrent,Total Current Assets,2Q26,85.745,TRNS_SEC-XBRL-financials_as-presented_10-Q_2025-11-05_0001437749-25-033338.xlsx,Balance Sheet,"(Unaudited) September 27, 2025",Total Current Assets,us-gaap:AssetsCurrent,reported,
balance_sheet,us-gaap:PropertyPlantAndEquipmentNet,"Property and Equipment, net",2Q26,58.127,TRNS_SEC-XBRL-financials_as-presented_10-Q_2025-11-05_0001437749-25-033338.xlsx,Balance Sheet,"(Unaudited) September 27, 2025","Property and Equipment, net",us-gaap:PropertyPlantAndEquipmentNet,reported,
balance_sheet,us-gaap:Goodwill,Goodwill,2Q26,218.362,TRNS_SEC-XBRL-financials_as-presented_10-Q_2025-11-05_0001437749-25-033338.xlsx,Balance Sheet,"(Unaudited) September 27, 2025",Goodwill,us-gaap:Goodwill,reported,
balance_sheet,us-gaap:IntangibleAssetsNetExcludingGoodwill,"Intangible Assets, net",2Q26,85.172,TRNS_SEC-XBRL-financials_as-presented_10-Q_2025-11-05_0001437749-25-033338.xlsx,Balance Sheet,"(Unaudited) September 27, 2025","Intangible Assets, net",us-gaap:IntangibleAssetsNetExcludingGoodwill,reported,
balance_sheet,us-gaap:OperatingLeaseRightOfUseAsset,"Right to Use Assets, net",2Q26,35.495,TRNS_SEC-XBRL-financials_as-presented_10-Q_2025-11-05_0001437749-25-033338.xlsx,Balance Sheet,"(Unaudited) September 27, 2025",Right to Use Assets,us-gaap:OperatingLeaseRightOfUseAsset,reported,
balance_sheet,us-gaap:OtherAssetsNoncurrent,Other Assets,2Q26,1.986,TRNS_SEC-XBRL-financials_as-presented_10-Q_2025-11-05_0001437749-25-033338.xlsx,Balance Sheet,"(Unaudited) September 27, 2025",Other Assets,us-gaap:OtherAssetsNoncurrent,reported,
balance_sheet,us-gaap:Assets,Total Assets,2Q26,484.887,TRNS_SEC-XBRL-financials_as-presented_10-Q_2025-11-05_0001437749-25-033338.xlsx,Balance Sheet,"(Unaudited) September 27, 2025",Total Assets,us-gaap:Assets,reported,
balance_sheet,us-gaap:AccountsPayableCurrent,Accounts Payable,2Q26,15.374,TRNS_SEC-XBRL-financials_as-presented_10-Q_2025-11-05_0001437749-25-033338.xlsx,Balance Sheet,"(Unaudited) September 27, 2025",Accounts Payable,us-gaap:AccountsPayableCurrent,reported,
balance_sheet,trns:AccruedCompensationAndOtherLiabilitiesCurrent,Accrued Compensation and Other Current Liabilities,2Q26,19.931,TRNS_SEC-XBRL-financials_as-presented_10-Q_2025-11-05_0001437749-25-033338.xlsx,Balance Sheet,"(Unaudited) September 27, 2025",Accrued Compensation and Other Current Liabilities,trns:AccruedCompensationAndOtherLiabilitiesCurrent,reported,
balance_sheet,us-gaap:LiabilitiesCurrent,Total Current Liabilities,2Q26,35.305,TRNS_SEC-XBRL-financials_as-presented_10-Q_2025-11-05_0001437749-25-033338.xlsx,Balance Sheet,"(Unaudited) September 27, 2025",Total Current Liabilities,us-gaap:LiabilitiesCurrent,reported,
balance_sheet,us-gaap:LongTermDebtNoncurrent,Long-Term Debt,2Q26,111.885,TRNS_SEC-XBRL-financials_as-presented_10-Q_2025-11-05_0001437749-25-033338.xlsx,Balance Sheet,"(Unaudited) September 27, 2025",Long-Term Debt,us-gaap:LongTermDebtNoncurrent,reported,
balance_sheet,us-gaap:DeferredIncomeTaxLiabilitiesNet,"Deferred Tax Liabilities, net",2Q26,9.297,TRNS_SEC-XBRL-financials_as-presented_10-Q_2025-11-05_0001437749-25-033338.xlsx,Balance Sheet,"(Unaudited) September 27, 2025","Deferred Tax Liabilities, net",us-gaap:DeferredIncomeTaxLiabilitiesNet,reported,
balance_sheet,us-gaap:OperatingLeaseLiabilityNoncurrent,Lease Liabilities,2Q26,31.898,TRNS_SEC-XBRL-financials_as-presented_10-Q_2025-11-05_0001437749-25-033338.xlsx,Balance Sheet,"(Unaudited) September 27, 2025",Lease Liabilities,us-gaap:OperatingLeaseLiabilityNoncurrent,reported,
balance_sheet,us-gaap:OtherLiabilitiesNoncurrent,Other Liabilities,2Q26,1.085,TRNS_SEC-XBRL-financials_as-presented_10-Q_2025-11-05_0001437749-25-033338.xlsx,Balance Sheet,"(Unaudited) September 27, 2025",Other Liabilities,us-gaap:OtherLiabilitiesNoncurrent,reported,
balance_sheet,us-gaap:Liabilities,Total Liabilities,2Q26,189.47,TRNS_SEC-XBRL-financials_as-presented_10-Q_2025-11-05_0001437749-25-033338.xlsx,Balance Sheet,"(Unaudited) September 27, 2025",Total Liabilities,us-gaap:Liabilities,reported,
balance_sheet,us-gaap:CommonStockValue,"Common Stock, par value $0.50 per share, 30,000,000 shares authorized; 9,333,953 and 9,315,840 shares issued and outstanding as of March 28, 2026 and March 29, 2025, respectively",2Q26,4.664,TRNS_SEC-XBRL-financials_as-presented_10-Q_2025-11-05_0001437749-25-033338.xlsx,Balance Sheet,"(Unaudited) September 27, 2025","Common Stock, par value $0.50 per share, 30,000,000 shares authorized; 9,327,667 and 9,315,840 shares issued and outstanding as of September 27, 2025 and March 29, 2025, respectively",us-gaap:CommonStockValue,reported,
balance_sheet,us-gaap:AdditionalPaidInCapitalCommonStock,Capital in Excess of Par Value,2Q26,194.534,TRNS_SEC-XBRL-financials_as-presented_10-Q_2025-11-05_0001437749-25-033338.xlsx,Balance Sheet,"(Unaudited) September 27, 2025",Capital in Excess of Par Value,us-gaap:AdditionalPaidInCapitalCommonStock,reported,
balance_sheet,us-gaap:AccumulatedOtherComprehensiveIncomeLossNetOfTax,Accumulated Other Comprehensive Loss,2Q26,-0.747,TRNS_SEC-XBRL-financials_as-presented_10-Q_2025-11-05_0001437749-25-033338.xlsx,Balance Sheet,"(Unaudited) September 27, 2025",Accumulated Other Comprehensive Loss,us-gaap:AccumulatedOtherComprehensiveIncomeLossNetOfTax,reported,
balance_sheet,us-gaap:RetainedEarningsAccumulatedDeficit,Retained Earnings,2Q26,96.966,TRNS_SEC-XBRL-financials_as-presented_10-Q_2025-11-05_0001437749-25-033338.xlsx,Balance Sheet,"(Unaudited) September 27, 2025",Retained Earnings,us-gaap:RetainedEarningsAccumulatedDeficit,reported,
balance_sheet,us-gaap:StockholdersEquity,Total Shareholders' Equity,2Q26,295.417,TRNS_SEC-XBRL-financials_as-presented_10-Q_2025-11-05_0001437749-25-033338.xlsx,Balance Sheet,"(Unaudited) September 27, 2025",Total Shareholders' Equity,us-gaap:StockholdersEquity,reported,
balance_sheet,us-gaap:LiabilitiesAndStockholdersEquity,Total Liabilities and Shareholders' Equity,2Q26,484.887,TRNS_SEC-XBRL-financials_as-presented_10-Q_2025-11-05_0001437749-25-033338.xlsx,Balance Sheet,"(Unaudited) September 27, 2025",Total Liabilities and Shareholders' Equity,us-gaap:LiabilitiesAndStockholdersEquity,reported,
cash_flow,us-gaap:NetIncomeLoss,Net Income,6M26,4.53,TRNS_SEC-XBRL-financials_as-presented_10-Q_2025-11-05_0001437749-25-033338.xlsx,Cash Flow,"(Unaudited) Six Months Ended September 27, 2025",Net Income,us-gaap:NetIncomeLoss,reported,
cash_flow,us-gaap:GainLossOnSaleOfPropertyPlantEquipment,Net (Gain) Loss on Disposal of Property and Equipment,6M26,0.077,TRNS_SEC-XBRL-financials_as-presented_10-Q_2025-11-05_0001437749-25-033338.xlsx,Cash Flow,"(Unaudited) Six Months Ended September 27, 2025",Net Loss on Disposal of Property and Equipment,us-gaap:GainLossOnSaleOfPropertyPlantEquipment,reported,
cash_flow,us-gaap:OperatingLeaseRightOfUseAssetAmortizationExpense,Noncash Lease Expense,6M26,2.034,TRNS_SEC-XBRL-financials_as-presented_10-Q_2025-11-05_0001437749-25-033338.xlsx,Cash Flow,"(Unaudited) Six Months Ended September 27, 2025",Noncash Lease Expense,us-gaap:OperatingLeaseRightOfUseAssetAmortizationExpense,reported,
cash_flow,us-gaap:DeferredIncomeTaxesAndTaxCredits,Deferred Income Taxes,6M26,0.011,TRNS_SEC-XBRL-financials_as-presented_10-Q_2025-11-05_0001437749-25-033338.xlsx,Cash Flow,"(Unaudited) Six Months Ended September 27, 2025",Deferred Income Taxes,us-gaap:DeferredIncomeTaxesAndTaxCredits,reported,
cash_flow,us-gaap:DepreciationDepletionAndAmortization,Depreciation and Amortization,6M26,12.092,TRNS_SEC-XBRL-financials_as-presented_10-Q_2025-11-05_0001437749-25-033338.xlsx,Cash Flow,"(Unaudited) Six Months Ended September 27, 2025",Depreciation and Amortization,us-gaap:DepreciationDepletionAndAmortization,reported,
cash_flow,us-gaap:AmortizationOfFinancingCosts,Amortization of Deferred Financing Costs,6M26,0.026,TRNS_SEC-XBRL-financials_as-presented_10-Q_2025-11-05_0001437749-25-033338.xlsx,Cash Flow,"(Unaudited) Six Months Ended September 27, 2025",Amortization of Deferred Financing Costs,us-gaap:AmortizationOfFinancingCosts,reported,
cash_flow,trns:AccountsReceivableCreditLossExpenseReversalAndInventoryWritedown,Provision for Accounts Receivable and Inventory Reserves,6M26,0.258,TRNS_SEC-XBRL-financials_as-presented_10-Q_2025-11-05_0001437749-25-033338.xlsx,Cash Flow,"(Unaudited) Six Months Ended September 27, 2025",Provision for Accounts Receivable and Inventory Reserves,trns:AccountsReceivableCreditLossExpenseReversalAndInventoryWritedown,reported,
cash_flow,us-gaap:ShareBasedCompensation,Stock-Based Compensation Expense,6M26,2.97,TRNS_SEC-XBRL-financials_as-presented_10-Q_2025-11-05_0001437749-25-033338.xlsx,Cash Flow,"(Unaudited) Six Months Ended September 27, 2025",Stock-Based Compensation Expense,us-gaap:ShareBasedCompensation,reported,
cash_flow,us-gaap:IncreaseDecreaseInAccountsAndOtherReceivables,Accounts Receivable and Other Receivables,6M26,-3.55,TRNS_SEC-XBRL-financials_as-presented_10-Q_2025-11-05_0001437749-25-033338.xlsx,Cash Flow,"(Unaudited) Six Months Ended September 27, 2025",Accounts Receivable and Other Receivables,us-gaap:IncreaseDecreaseInAccountsAndOtherReceivables,reported,
cash_flow,us-gaap:IncreaseDecreaseInInventories,Inventory,6M26,1.798,TRNS_SEC-XBRL-financials_as-presented_10-Q_2025-11-05_0001437749-25-033338.xlsx,Cash Flow,"(Unaudited) Six Months Ended September 27, 2025",Inventory,us-gaap:IncreaseDecreaseInInventories,reported,
cash_flow,us-gaap:IncreaseDecreaseInPrepaidDeferredExpenseAndOtherAssets,Prepaid Expenses and Other Current Assets,6M26,1.039,TRNS_SEC-XBRL-financials_as-presented_10-Q_2025-11-05_0001437749-25-033338.xlsx,Cash Flow,"(Unaudited) Six Months Ended September 27, 2025",Prepaid Expenses and Other Current Assets,us-gaap:IncreaseDecreaseInPrepaidDeferredExpenseAndOtherAssets,reported,
cash_flow,us-gaap:IncreaseDecreaseInAccountsPayable,Accounts Payable,6M26,-1.573,TRNS_SEC-XBRL-financials_as-presented_10-Q_2025-11-05_0001437749-25-033338.xlsx,Cash Flow,"(Unaudited) Six Months Ended September 27, 2025",Accounts Payable,us-gaap:IncreaseDecreaseInAccountsPayable,reported,
cash_flow,us-gaap:IncreaseDecreaseInAccruedLiabilitiesAndOtherOperatingLiabilities,Accrued Compensation and Other Current Liabilities,6M26,-3.757,TRNS_SEC-XBRL-financials_as-presented_10-Q_2025-11-05_0001437749-25-033338.xlsx,Cash Flow,"(Unaudited) Six Months Ended September 27, 2025",Accrued Compensation and Other Current Liabilities,us-gaap:IncreaseDecreaseInAccruedLiabilitiesAndOtherOperatingLiabilities,reported,
cash_flow,us-gaap:IncreaseDecreaseInAccruedIncomeTaxesPayable,Income Taxes Payable,6M26,0.549,TRNS_SEC-XBRL-financials_as-presented_10-Q_2025-11-05_0001437749-25-033338.xlsx,Cash Flow,"(Unaudited) Six Months Ended September 27, 2025",Income Taxes Payable,us-gaap:IncreaseDecreaseInAccruedIncomeTaxesPayable,reported,
cash_flow,us-gaap:NetCashProvidedByUsedInOperatingActivities,Net Cash Provided by Operating Activities,6M26,16.504,TRNS_SEC-XBRL-financials_as-presented_10-Q_2025-11-05_0001437749-25-033338.xlsx,Cash Flow,"(Unaudited) Six Months Ended September 27, 2025",Net Cash Provided by Operating Activities,us-gaap:NetCashProvidedByUsedInOperatingActivities,reported,
cash_flow,us-gaap:PaymentsToAcquirePropertyPlantAndEquipment,Purchase of Property and Equipment,6M26,-9.03,TRNS_SEC-XBRL-financials_as-presented_10-Q_2025-11-05_0001437749-25-033338.xlsx,Cash Flow,"(Unaudited) Six Months Ended September 27, 2025",Purchase of Property and Equipment,us-gaap:PaymentsToAcquirePropertyPlantAndEquipment,reported,
cash_flow,us-gaap:PaymentsToAcquireBusinessesNetOfCashAcquired,"Business Acquisitions, net of cash acquired",6M26,-82.526,TRNS_SEC-XBRL-financials_as-presented_10-Q_2025-11-05_0001437749-25-033338.xlsx,Cash Flow,"(Unaudited) Six Months Ended September 27, 2025","Business Acquisitions, net of cash acquired",us-gaap:PaymentsToAcquireBusinessesNetOfCashAcquired,reported,
cash_flow,us-gaap:NetCashProvidedByUsedInInvestingActivities,Net Cash Used in Investing Activities,6M26,-91.556,TRNS_SEC-XBRL-financials_as-presented_10-Q_2025-11-05_0001437749-25-033338.xlsx,Cash Flow,"(Unaudited) Six Months Ended September 27, 2025",Net Cash Used in Investing Activities,us-gaap:NetCashProvidedByUsedInInvestingActivities,reported,
cash_flow,us-gaap:ProceedsFromRepaymentsOfLinesOfCredit,"Proceeds From Revolving Credit Facility, net of lender fees",6M26,131.036,TRNS_SEC-XBRL-financials_as-presented_10-Q_2025-11-05_0001437749-25-033338.xlsx,Cash Flow,"(Unaudited) Six Months Ended September 27, 2025",Proceeds From Revolving Credit Facility,us-gaap:ProceedsFromRepaymentsOfLinesOfCredit,reported,
cash_flow,us-gaap:RepaymentsOfLongTermLinesOfCredit,Repayment of Revolving Credit Facility,6M26,-50.042,TRNS_SEC-XBRL-financials_as-presented_10-Q_2025-11-05_0001437749-25-033338.xlsx,Cash Flow,"(Unaudited) Six Months Ended September 27, 2025",Repayment of Revolving Credit Facility,us-gaap:RepaymentsOfLongTermLinesOfCredit,reported,
cash_flow,us-gaap:RepaymentsOfLongTermDebt,Repayments of Term Loan,6M26,-1.816,TRNS_SEC-XBRL-financials_as-presented_10-Q_2025-11-05_0001437749-25-033338.xlsx,Cash Flow,"(Unaudited) Six Months Ended September 27, 2025",Repayments of Term Loan,us-gaap:RepaymentsOfLongTermDebt,reported,
cash_flow,us-gaap:PaymentsOfFinancingCosts,Payments of Deferred Financing Costs,6M26,-0.366,TRNS_SEC-XBRL-financials_as-presented_10-Q_2025-11-05_0001437749-25-033338.xlsx,Cash Flow,"(Unaudited) Six Months Ended September 27, 2025",Payments of Deferred Financing Costs,us-gaap:PaymentsOfFinancingCosts,reported,
cash_flow,trns:ProceedsFromIssuanceOfCommonStockNet,"Issuance of Common Stock, net of direct costs",6M26,0.491,TRNS_SEC-XBRL-financials_as-presented_10-Q_2025-11-05_0001437749-25-033338.xlsx,Cash Flow,"(Unaudited) Six Months Ended September 27, 2025","Issuance of Common Stock, net of direct costs",trns:ProceedsFromIssuanceOfCommonStockNet,reported,
cash_flow,us-gaap:PaymentsForRepurchaseOfCommonStock,Repurchase of Common Stock,6M26,-0.11,TRNS_SEC-XBRL-financials_as-presented_10-Q_2025-11-05_0001437749-25-033338.xlsx,Cash Flow,"(Unaudited) Six Months Ended September 27, 2025",Repurchase of Common Stock,us-gaap:PaymentsForRepurchaseOfCommonStock,reported,
cash_flow,us-gaap:NetCashProvidedByUsedInFinancingActivities,Net Cash Provided by Financing Activities,6M26,79.194,TRNS_SEC-XBRL-financials_as-presented_10-Q_2025-11-05_0001437749-25-033338.xlsx,Cash Flow,"(Unaudited) Six Months Ended September 27, 2025",Net Cash Provided by/(Used in) Financing Activities,us-gaap:NetCashProvidedByUsedInFinancingActivities,reported,
cash_flow,us-gaap:EffectOfExchangeRateOnCashCashEquivalentsRestrictedCashAndRestrictedCashEquivalentsIncludingDisposalGroupAndDiscontinuedOperations,Effect of Exchange Rate Changes on Cash,6M26,-0.576,TRNS_SEC-XBRL-financials_as-presented_10-Q_2025-11-05_0001437749-25-033338.xlsx,Cash Flow,"(Unaudited) Six Months Ended September 27, 2025",Effect of Exchange Rate Changes on Cash and Cash Equivalents,us-gaap:EffectOfExchangeRateOnCashCashEquivalentsRestrictedCashAndRestrictedCashEquivalentsIncludingDisposalGroupAndDiscontinuedOperations,reported,
cash_flow,us-gaap:CashCashEquivalentsRestrictedCashAndRestrictedCashEquivalentsPeriodIncreaseDecreaseIncludingExchangeRateEffect,Net (Decrease) Increase in Cash and Cash Equivalents,6M26,3.565,TRNS_SEC-XBRL-financials_as-presented_10-Q_2025-11-05_0001437749-25-033338.xlsx,Cash Flow,"(Unaudited) Six Months Ended September 27, 2025",Net Increase in Cash and Cash Equivalents,us-gaap:CashCashEquivalentsRestrictedCashAndRestrictedCashEquivalentsPeriodIncreaseDecreaseIncludingExchangeRateEffect,reported,
cash_flow,us-gaap:CashCashEquivalentsRestrictedCashAndRestrictedCashEquivalentsIncludingDisposalGroupAndDiscontinuedOperations,Cash and Cash Equivalents at Beginning of Fiscal Year,6M26,1.517,TRNS_SEC-XBRL-financials_as-presented_10-Q_2025-11-05_0001437749-25-033338.xlsx,Cash Flow,"(Unaudited) Six Months Ended September 27, 2025",Cash and Cash Equivalents at Beginning of Period,us-gaap:CashCashEquivalentsRestrictedCashAndRestrictedCashEquivalentsIncludingDisposalGroupAndDiscontinuedOperations,reported,
balance_sheet,us-gaap:CashAndCashEquivalentsAtCarryingValue,Cash and Cash Equivalents,3Q26,3.471,TRNS_SEC-XBRL-financials_as-presented_10-Q_2026-02-03_0001437749-26-002800.xlsx,Balance Sheet,"(Unaudited) December 27, 2025",Cash and Cash Equivalents,us-gaap:CashAndCashEquivalentsAtCarryingValue,reported,
balance_sheet,us-gaap:AccountsReceivableNetCurrent,"Accounts Receivable, less allowance for credit losses of $851 and $659",3Q26,58.747,TRNS_SEC-XBRL-financials_as-presented_10-Q_2026-02-03_0001437749-26-002800.xlsx,Balance Sheet,"(Unaudited) December 27, 2025","Accounts Receivable, less allowance for credit losses of $861 and $659 as of December 27, 2025 and March 29, 2025, respectively",us-gaap:AccountsReceivableNetCurrent,reported,
balance_sheet,us-gaap:OtherReceivablesNetCurrent,Other Receivables,3Q26,1.041,TRNS_SEC-XBRL-financials_as-presented_10-Q_2026-02-03_0001437749-26-002800.xlsx,Balance Sheet,"(Unaudited) December 27, 2025",Other Receivables,us-gaap:OtherReceivablesNetCurrent,reported,
balance_sheet,us-gaap:InventoryNet,Inventory,3Q26,12.911,TRNS_SEC-XBRL-financials_as-presented_10-Q_2026-02-03_0001437749-26-002800.xlsx,Balance Sheet,"(Unaudited) December 27, 2025",Inventory,us-gaap:InventoryNet,reported,
balance_sheet,us-gaap:PrepaidExpenseAndOtherAssetsCurrent,Prepaid Expenses and Other Current Assets,3Q26,4.637,TRNS_SEC-XBRL-financials_as-presented_10-Q_2026-02-03_0001437749-26-002800.xlsx,Balance Sheet,"(Unaudited) December 27, 2025",Prepaid Expenses and Other Current Assets,us-gaap:PrepaidExpenseAndOtherAssetsCurrent,reported,
balance_sheet,us-gaap:AssetsCurrent,Total Current Assets,3Q26,80.807,TRNS_SEC-XBRL-financials_as-presented_10-Q_2026-02-03_0001437749-26-002800.xlsx,Balance Sheet,"(Unaudited) December 27, 2025",Total Current Assets,us-gaap:AssetsCurrent,reported,
balance_sheet,us-gaap:PropertyPlantAndEquipmentNet,"Property and Equipment, net",3Q26,57.543,TRNS_SEC-XBRL-financials_as-presented_10-Q_2026-02-03_0001437749-26-002800.xlsx,Balance Sheet,"(Unaudited) December 27, 2025","Property and Equipment, net",us-gaap:PropertyPlantAndEquipmentNet,reported,
balance_sheet,us-gaap:Goodwill,Goodwill,3Q26,218.279,TRNS_SEC-XBRL-financials_as-presented_10-Q_2026-02-03_0001437749-26-002800.xlsx,Balance Sheet,"(Unaudited) December 27, 2025",Goodwill,us-gaap:Goodwill,reported,
balance_sheet,us-gaap:IntangibleAssetsNetExcludingGoodwill,"Intangible Assets, net",3Q26,81.195,TRNS_SEC-XBRL-financials_as-presented_10-Q_2026-02-03_0001437749-26-002800.xlsx,Balance Sheet,"(Unaudited) December 27, 2025","Intangible Assets, net",us-gaap:IntangibleAssetsNetExcludingGoodwill,reported,
balance_sheet,us-gaap:OperatingLeaseRightOfUseAsset,"Right to Use Assets, net",3Q26,33.142,TRNS_SEC-XBRL-financials_as-presented_10-Q_2026-02-03_0001437749-26-002800.xlsx,Balance Sheet,"(Unaudited) December 27, 2025",Right to Use Assets,us-gaap:OperatingLeaseRightOfUseAsset,reported,
balance_sheet,us-gaap:OtherAssetsNoncurrent,Other Assets,3Q26,1.925,TRNS_SEC-XBRL-financials_as-presented_10-Q_2026-02-03_0001437749-26-002800.xlsx,Balance Sheet,"(Unaudited) December 27, 2025",Other Assets,us-gaap:OtherAssetsNoncurrent,reported,
balance_sheet,us-gaap:Assets,Total Assets,3Q26,472.891,TRNS_SEC-XBRL-financials_as-presented_10-Q_2026-02-03_0001437749-26-002800.xlsx,Balance Sheet,"(Unaudited) December 27, 2025",Total Assets,us-gaap:Assets,reported,
balance_sheet,us-gaap:AccountsPayableCurrent,Accounts Payable,3Q26,17.486,TRNS_SEC-XBRL-financials_as-presented_10-Q_2026-02-03_0001437749-26-002800.xlsx,Balance Sheet,"(Unaudited) December 27, 2025",Accounts Payable,us-gaap:AccountsPayableCurrent,reported,
balance_sheet,trns:AccruedCompensationAndOtherLiabilitiesCurrent,Accrued Compensation and Other Current Liabilities,3Q26,19.132,TRNS_SEC-XBRL-financials_as-presented_10-Q_2026-02-03_0001437749-26-002800.xlsx,Balance Sheet,"(Unaudited) December 27, 2025",Accrued Compensation and Other Current Liabilities,trns:AccruedCompensationAndOtherLiabilitiesCurrent,reported,
balance_sheet,us-gaap:LiabilitiesCurrent,Total Current Liabilities,3Q26,36.618,TRNS_SEC-XBRL-financials_as-presented_10-Q_2026-02-03_0001437749-26-002800.xlsx,Balance Sheet,"(Unaudited) December 27, 2025",Total Current Liabilities,us-gaap:LiabilitiesCurrent,reported,
balance_sheet,us-gaap:LongTermDebtNoncurrent,Long-Term Debt,3Q26,99.885,TRNS_SEC-XBRL-financials_as-presented_10-Q_2026-02-03_0001437749-26-002800.xlsx,Balance Sheet,"(Unaudited) December 27, 2025",Long-Term Debt,us-gaap:LongTermDebtNoncurrent,reported,
balance_sheet,us-gaap:DeferredIncomeTaxLiabilitiesNet,"Deferred Tax Liabilities, net",3Q26,9.308,TRNS_SEC-XBRL-financials_as-presented_10-Q_2026-02-03_0001437749-26-002800.xlsx,Balance Sheet,"(Unaudited) December 27, 2025","Deferred Tax Liabilities, net",us-gaap:DeferredIncomeTaxLiabilitiesNet,reported,
balance_sheet,us-gaap:OperatingLeaseLiabilityNoncurrent,Lease Liabilities,3Q26,29.237,TRNS_SEC-XBRL-financials_as-presented_10-Q_2026-02-03_0001437749-26-002800.xlsx,Balance Sheet,"(Unaudited) December 27, 2025",Lease Liabilities,us-gaap:OperatingLeaseLiabilityNoncurrent,reported,
balance_sheet,us-gaap:OtherLiabilitiesNoncurrent,Other Liabilities,3Q26,1.073,TRNS_SEC-XBRL-financials_as-presented_10-Q_2026-02-03_0001437749-26-002800.xlsx,Balance Sheet,"(Unaudited) December 27, 2025",Other Liabilities,us-gaap:OtherLiabilitiesNoncurrent,reported,
balance_sheet,us-gaap:Liabilities,Total Liabilities,3Q26,176.121,TRNS_SEC-XBRL-financials_as-presented_10-Q_2026-02-03_0001437749-26-002800.xlsx,Balance Sheet,"(Unaudited) December 27, 2025",Total Liabilities,us-gaap:Liabilities,reported,
balance_sheet,us-gaap:CommonStockValue,"Common Stock, par value $0.50 per share, 30,000,000 shares authorized; 9,333,953 and 9,315,840 shares issued and outstanding as of March 28, 2026 and March 29, 2025, respectively",3Q26,4.666,TRNS_SEC-XBRL-financials_as-presented_10-Q_2026-02-03_0001437749-26-002800.xlsx,Balance Sheet,"(Unaudited) December 27, 2025","Common Stock, par value $0.50 per share, 30,000,000 shares authorized; 9,331,181 and 9,315,840 shares issued and outstanding as of December 27, 2025 and March 29, 2025, respectively",us-gaap:CommonStockValue,reported,
balance_sheet,us-gaap:AdditionalPaidInCapitalCommonStock,Capital in Excess of Par Value,3Q26,196.769,TRNS_SEC-XBRL-financials_as-presented_10-Q_2026-02-03_0001437749-26-002800.xlsx,Balance Sheet,"(Unaudited) December 27, 2025",Capital in Excess of Par Value,us-gaap:AdditionalPaidInCapitalCommonStock,reported,
balance_sheet,us-gaap:AccumulatedOtherComprehensiveIncomeLossNetOfTax,Accumulated Other Comprehensive Loss,3Q26,-0.507,TRNS_SEC-XBRL-financials_as-presented_10-Q_2026-02-03_0001437749-26-002800.xlsx,Balance Sheet,"(Unaudited) December 27, 2025",Accumulated Other Comprehensive Loss,us-gaap:AccumulatedOtherComprehensiveIncomeLossNetOfTax,reported,
balance_sheet,us-gaap:RetainedEarningsAccumulatedDeficit,Retained Earnings,3Q26,95.842,TRNS_SEC-XBRL-financials_as-presented_10-Q_2026-02-03_0001437749-26-002800.xlsx,Balance Sheet,"(Unaudited) December 27, 2025",Retained Earnings,us-gaap:RetainedEarningsAccumulatedDeficit,reported,
balance_sheet,us-gaap:StockholdersEquity,Total Shareholders' Equity,3Q26,296.77,TRNS_SEC-XBRL-financials_as-presented_10-Q_2026-02-03_0001437749-26-002800.xlsx,Balance Sheet,"(Unaudited) December 27, 2025",Total Shareholders' Equity,us-gaap:StockholdersEquity,reported,
balance_sheet,us-gaap:LiabilitiesAndStockholdersEquity,Total Liabilities and Shareholders' Equity,3Q26,472.891,TRNS_SEC-XBRL-financials_as-presented_10-Q_2026-02-03_0001437749-26-002800.xlsx,Balance Sheet,"(Unaudited) December 27, 2025",Total Liabilities and Shareholders' Equity,us-gaap:LiabilitiesAndStockholdersEquity,reported,
cash_flow,us-gaap:NetIncomeLoss,Net Income,9M26,3.429,TRNS_SEC-XBRL-financials_as-presented_10-Q_2026-02-03_0001437749-26-002800.xlsx,Cash Flow,"(Unaudited) Nine Months Ended December 27, 2025",Net Income,us-gaap:NetIncomeLoss,reported,
cash_flow,us-gaap:GainLossOnSaleOfPropertyPlantEquipment,Net (Gain) Loss on Disposal of Property and Equipment,9M26,0.032,TRNS_SEC-XBRL-financials_as-presented_10-Q_2026-02-03_0001437749-26-002800.xlsx,Cash Flow,"(Unaudited) Nine Months Ended December 27, 2025",Net Loss (Gain) on Disposal of Property and Equipment,us-gaap:GainLossOnSaleOfPropertyPlantEquipment,reported,
cash_flow,us-gaap:OperatingLeaseRightOfUseAssetAmortizationExpense,Noncash Lease Expense,9M26,3.186,TRNS_SEC-XBRL-financials_as-presented_10-Q_2026-02-03_0001437749-26-002800.xlsx,Cash Flow,"(Unaudited) Nine Months Ended December 27, 2025",Noncash Lease Expense,us-gaap:OperatingLeaseRightOfUseAssetAmortizationExpense,reported,
cash_flow,us-gaap:DeferredIncomeTaxesAndTaxCredits,Deferred Income Taxes,9M26,0.022,TRNS_SEC-XBRL-financials_as-presented_10-Q_2026-02-03_0001437749-26-002800.xlsx,Cash Flow,"(Unaudited) Nine Months Ended December 27, 2025",Deferred Income Taxes,us-gaap:DeferredIncomeTaxesAndTaxCredits,reported,
cash_flow,us-gaap:DepreciationDepletionAndAmortization,Depreciation and Amortization,9M26,19.222,TRNS_SEC-XBRL-financials_as-presented_10-Q_2026-02-03_0001437749-26-002800.xlsx,Cash Flow,"(Unaudited) Nine Months Ended December 27, 2025",Depreciation and Amortization,us-gaap:DepreciationDepletionAndAmortization,reported,
cash_flow,us-gaap:AmortizationOfFinancingCosts,Amortization of Deferred Financing Costs,9M26,0.065,TRNS_SEC-XBRL-financials_as-presented_10-Q_2026-02-03_0001437749-26-002800.xlsx,Cash Flow,"(Unaudited) Nine Months Ended December 27, 2025",Amortization of Deferred Financing Costs,us-gaap:AmortizationOfFinancingCosts,reported,
cash_flow,trns:AccountsReceivableCreditLossExpenseReversalAndInventoryWritedown,Provision for Accounts Receivable and Inventory Reserves,9M26,0.393,TRNS_SEC-XBRL-financials_as-presented_10-Q_2026-02-03_0001437749-26-002800.xlsx,Cash Flow,"(Unaudited) Nine Months Ended December 27, 2025",Provision for Accounts Receivable and Inventory Reserves,trns:AccountsReceivableCreditLossExpenseReversalAndInventoryWritedown,reported,
cash_flow,us-gaap:ShareBasedCompensation,Stock-Based Compensation Expense,9M26,5.03,TRNS_SEC-XBRL-financials_as-presented_10-Q_2026-02-03_0001437749-26-002800.xlsx,Cash Flow,"(Unaudited) Nine Months Ended December 27, 2025",Stock-Based Compensation Expense,us-gaap:ShareBasedCompensation,reported,
cash_flow,us-gaap:IncreaseDecreaseInAccountsAndOtherReceivables,Accounts Receivable and Other Receivables,9M26,0.124,TRNS_SEC-XBRL-financials_as-presented_10-Q_2026-02-03_0001437749-26-002800.xlsx,Cash Flow,"(Unaudited) Nine Months Ended December 27, 2025",Accounts Receivable and Other Receivables,us-gaap:IncreaseDecreaseInAccountsAndOtherReceivables,reported,
cash_flow,us-gaap:IncreaseDecreaseInInventories,Inventory,9M26,0.749,TRNS_SEC-XBRL-financials_as-presented_10-Q_2026-02-03_0001437749-26-002800.xlsx,Cash Flow,"(Unaudited) Nine Months Ended December 27, 2025",Inventory,us-gaap:IncreaseDecreaseInInventories,reported,
cash_flow,us-gaap:IncreaseDecreaseInPrepaidDeferredExpenseAndOtherAssets,Prepaid Expenses and Other Current Assets,9M26,1.199,TRNS_SEC-XBRL-financials_as-presented_10-Q_2026-02-03_0001437749-26-002800.xlsx,Cash Flow,"(Unaudited) Nine Months Ended December 27, 2025",Prepaid Expenses and Other Current Assets,us-gaap:IncreaseDecreaseInPrepaidDeferredExpenseAndOtherAssets,reported,
cash_flow,us-gaap:IncreaseDecreaseInAccountsPayable,Accounts Payable,9M26,0.521,TRNS_SEC-XBRL-financials_as-presented_10-Q_2026-02-03_0001437749-26-002800.xlsx,Cash Flow,"(Unaudited) Nine Months Ended December 27, 2025",Accounts Payable,us-gaap:IncreaseDecreaseInAccountsPayable,reported,
cash_flow,us-gaap:IncreaseDecreaseInAccruedLiabilitiesAndOtherOperatingLiabilities,Accrued Compensation and Other Current Liabilities,9M26,-2.536,TRNS_SEC-XBRL-financials_as-presented_10-Q_2026-02-03_0001437749-26-002800.xlsx,Cash Flow,"(Unaudited) Nine Months Ended December 27, 2025",Accrued Compensation and Other Current Liabilities,us-gaap:IncreaseDecreaseInAccruedLiabilitiesAndOtherOperatingLiabilities,reported,
cash_flow,us-gaap:IncreaseDecreaseInOperatingLeaseLiability,Lease Liabilities,9M26,-2.787,TRNS_SEC-XBRL-financials_as-presented_10-Q_2026-02-03_0001437749-26-002800.xlsx,Cash Flow,"(Unaudited) Nine Months Ended December 27, 2025",Lease Liabilities,us-gaap:IncreaseDecreaseInOperatingLeaseLiability,reported,
cash_flow,us-gaap:NetCashProvidedByUsedInOperatingActivities,Net Cash Provided by Operating Activities,9M26,28.649,TRNS_SEC-XBRL-financials_as-presented_10-Q_2026-02-03_0001437749-26-002800.xlsx,Cash Flow,"(Unaudited) Nine Months Ended December 27, 2025",Net Cash Provided by Operating Activities,us-gaap:NetCashProvidedByUsedInOperatingActivities,reported,
cash_flow,us-gaap:PaymentsToAcquirePropertyPlantAndEquipment,Purchase of Property and Equipment,9M26,-11.709,TRNS_SEC-XBRL-financials_as-presented_10-Q_2026-02-03_0001437749-26-002800.xlsx,Cash Flow,"(Unaudited) Nine Months Ended December 27, 2025",Purchase of Property and Equipment,us-gaap:PaymentsToAcquirePropertyPlantAndEquipment,reported,
cash_flow,us-gaap:PaymentsToAcquireBusinessesNetOfCashAcquired,"Business Acquisitions, net of cash acquired",9M26,-82.525,TRNS_SEC-XBRL-financials_as-presented_10-Q_2026-02-03_0001437749-26-002800.xlsx,Cash Flow,"(Unaudited) Nine Months Ended December 27, 2025","Business Acquisitions, net of cash acquired",us-gaap:PaymentsToAcquireBusinessesNetOfCashAcquired,reported,
cash_flow,us-gaap:NetCashProvidedByUsedInInvestingActivities,Net Cash Used in Investing Activities,9M26,-94.233,TRNS_SEC-XBRL-financials_as-presented_10-Q_2026-02-03_0001437749-26-002800.xlsx,Cash Flow,"(Unaudited) Nine Months Ended December 27, 2025",Net Cash Used in Investing Activities,us-gaap:NetCashProvidedByUsedInInvestingActivities,reported,
cash_flow,us-gaap:ProceedsFromRepaymentsOfLinesOfCredit,"Proceeds From Revolving Credit Facility, net of lender fees",9M26,130.631,TRNS_SEC-XBRL-financials_as-presented_10-Q_2026-02-03_0001437749-26-002800.xlsx,Cash Flow,"(Unaudited) Nine Months Ended December 27, 2025","Proceeds From Revolving Credit Facility, net of lender fees",us-gaap:ProceedsFromRepaymentsOfLinesOfCredit,reported,
cash_flow,us-gaap:RepaymentsOfLongTermLinesOfCredit,Repayment of Revolving Credit Facility,9M26,-62.041,TRNS_SEC-XBRL-financials_as-presented_10-Q_2026-02-03_0001437749-26-002800.xlsx,Cash Flow,"(Unaudited) Nine Months Ended December 27, 2025",Repayment of Revolving Credit Facility,us-gaap:RepaymentsOfLongTermLinesOfCredit,reported,
cash_flow,us-gaap:RepaymentsOfLongTermDebt,Repayments of Term Loan,9M26,-1.816,TRNS_SEC-XBRL-financials_as-presented_10-Q_2026-02-03_0001437749-26-002800.xlsx,Cash Flow,"(Unaudited) Nine Months Ended December 27, 2025",Repayments of Term Loan,us-gaap:RepaymentsOfLongTermDebt,reported,
cash_flow,us-gaap:PaymentsOfFinancingCosts,Payments of Deferred Financing Costs,9M26,-0.365,TRNS_SEC-XBRL-financials_as-presented_10-Q_2026-02-03_0001437749-26-002800.xlsx,Cash Flow,"(Unaudited) Nine Months Ended December 27, 2025",Payments of Deferred Financing Costs,us-gaap:PaymentsOfFinancingCosts,reported,
cash_flow,trns:ProceedsFromIssuanceOfCommonStockNet,"Issuance of Common Stock, net of direct costs",9M26,0.677,TRNS_SEC-XBRL-financials_as-presented_10-Q_2026-02-03_0001437749-26-002800.xlsx,Cash Flow,"(Unaudited) Nine Months Ended December 27, 2025","Issuance of Common Stock, net of direct costs",trns:ProceedsFromIssuanceOfCommonStockNet,reported,
cash_flow,us-gaap:PaymentsForRepurchaseOfCommonStock,Repurchase of Common Stock,9M26,-0.097,TRNS_SEC-XBRL-financials_as-presented_10-Q_2026-02-03_0001437749-26-002800.xlsx,Cash Flow,"(Unaudited) Nine Months Ended December 27, 2025",Repurchase of Common Stock,us-gaap:PaymentsForRepurchaseOfCommonStock,reported,
cash_flow,us-gaap:NetCashProvidedByUsedInFinancingActivities,Net Cash Provided by Financing Activities,9M26,66.989,TRNS_SEC-XBRL-financials_as-presented_10-Q_2026-02-03_0001437749-26-002800.xlsx,Cash Flow,"(Unaudited) Nine Months Ended December 27, 2025",Net Cash Provided by Financing Activities,us-gaap:NetCashProvidedByUsedInFinancingActivities,reported,
cash_flow,us-gaap:EffectOfExchangeRateOnCashCashEquivalentsRestrictedCashAndRestrictedCashEquivalentsIncludingDisposalGroupAndDiscontinuedOperations,Effect of Exchange Rate Changes on Cash,9M26,0.55,TRNS_SEC-XBRL-financials_as-presented_10-Q_2026-02-03_0001437749-26-002800.xlsx,Cash Flow,"(Unaudited) Nine Months Ended December 27, 2025",Effect of Exchange Rate Changes on Cash and Cash Equivalents,us-gaap:EffectOfExchangeRateOnCashCashEquivalentsRestrictedCashAndRestrictedCashEquivalentsIncludingDisposalGroupAndDiscontinuedOperations,reported,
cash_flow,us-gaap:CashCashEquivalentsRestrictedCashAndRestrictedCashEquivalentsPeriodIncreaseDecreaseIncludingExchangeRateEffect,Net (Decrease) Increase in Cash and Cash Equivalents,9M26,1.954,TRNS_SEC-XBRL-financials_as-presented_10-Q_2026-02-03_0001437749-26-002800.xlsx,Cash Flow,"(Unaudited) Nine Months Ended December 27, 2025",Net Increase (Decrease) in Cash and Cash Equivalents,us-gaap:CashCashEquivalentsRestrictedCashAndRestrictedCashEquivalentsPeriodIncreaseDecreaseIncludingExchangeRateEffect,reported,
cash_flow,us-gaap:CashCashEquivalentsRestrictedCashAndRestrictedCashEquivalentsIncludingDisposalGroupAndDiscontinuedOperations,Cash and Cash Equivalents at Beginning of Fiscal Year,9M26,1.517,TRNS_SEC-XBRL-financials_as-presented_10-Q_2026-02-03_0001437749-26-002800.xlsx,Cash Flow,"(Unaudited) Nine Months Ended December 27, 2025",Cash and Cash Equivalents at Beginning of Period,us-gaap:CashCashEquivalentsRestrictedCashAndRestrictedCashEquivalentsIncludingDisposalGroupAndDiscontinuedOperations,reported,
income_statement,html:cost-of-distribution-sales,Cost of Distribution Sales,,,,,,,html:distribution-sales,row_deduplication,Merged duplicate canonical row html:distribution-sales → html:cost-of-distribution-sales (similar_label_empty)
income_statement,us-gaap:NonoperatingIncomeExpense,"Total Interest and Other (Income)/Expense, net",,,,,,,us-gaap:InterestExpenseNonoperating,row_deduplication,Merged duplicate canonical row us-gaap:InterestExpenseNonoperating → us-gaap:NonoperatingIncomeExpense (similar_label_sparse)
cash_flow,us-gaap:NetIncomeLoss,Net Income,,,,,,,html:adjustments-to-reconcile-net-income-to-net-cash,row_deduplication,Merged duplicate canonical row html:adjustments-to-reconcile-net-income-to-net-cash → us-gaap:NetIncomeLoss (similar_label_sparse)
cash_flow,html:cash-at-beginning-of-period,Cash at Beginning of Period,,,,,,,html:cash-at-end-of-period,row_deduplication,Merged duplicate canonical row html:cash-at-end-of-period → html:cash-at-beginning-of-period (similar_label_empty)
cash_flow,us-gaap:CashAndCashEquivalentsAtCarryingValue,Cash at Beginning of Period,,,,,,,html:cash-at-beginning-of-period,row_deduplication,Merged duplicate canonical row html:cash-at-beginning-of-period → us-gaap:CashAndCashEquivalentsAtCarryingValue (similar_label_sparse)
cash_flow,html:cash-flows-from-investing-activities,Cash Flows from Investing Activities:,,,,,,,html:cash-flows-from-financing-activities,row_deduplication,Merged duplicate canonical row html:cash-flows-from-financing-activities → html:cash-flows-from-investing-activities (similar_label_empty)
cash_flow,html:payment-of-contingent-consideration-and-holdbacks-related-to-business-acquisitions,Payment of Contingent Consideration and Holdbacks Related to Business Acquisitions,,,,,,,html:contingent-consideration-related-to-business-acquisition,row_deduplication,Merged duplicate canonical row html:contingent-consideration-related-to-business-acquisition → html:payment-of-contingent-consideration-and-holdbacks-related-to-business-acquisitions (similar_label_empty)
cash_flow,html:payment-of-contingent-consideration-and-holdbacks-related-to-business-acquisitions,Payment of Contingent Consideration and Holdbacks Related to Business Acquisitions,,,,,,,html:payment-of-holdbacks-related-to-business-acquisition,row_deduplication,Merged duplicate canonical row html:payment-of-holdbacks-related-to-business-acquisition → html:payment-of-contingent-consideration-and-holdbacks-related-to-business-acquisitions (similar_label_empty)
cash_flow,html:payment-of-contingent-consideration-and-holdbacks-related-to-business-acquisitions,Payment of Contingent Consideration and Holdbacks Related to Business Acquisitions,,,,,,,html:payment-of-holdbacks-related-to-business-acquisitions,row_deduplication,Merged duplicate canonical row html:payment-of-holdbacks-related-to-business-acquisitions → html:payment-of-contingent-consideration-and-holdbacks-related-to-business-acquisitions (similar_label_empty)
cash_flow,html:payment-of-contingent-consideration-and-holdbacks-related-to-business-acquisitions,Payment of Contingent Consideration and Holdbacks Related to Business Acquisitions,,,,,,,trns:PaymentOfContingentConsiderationForBusinessAcquisition,row_deduplication,Merged duplicate canonical row trns:PaymentOfContingentConsiderationForBusinessAcquisition → html:payment-of-contingent-consideration-and-holdbacks-related-to-business-acquisitions (similar_label_empty)
cash_flow,us-gaap:ProceedsFromSaleOfPropertyPlantAndEquipment,Proceeds from Sale of Property and Equipment,,,,,,,html:proceeds-from-sale-of-property-and-equipment,row_deduplication,Merged duplicate canonical row html:proceeds-from-sale-of-property-and-equipment → us-gaap:ProceedsFromSaleOfPropertyPlantAndEquipment (similar_label_sparse)
cash_flow,us-gaap:ProceedsFromIssuanceOfLongTermDebt,Proceeds from Term Loan,,,,,,,html:proceeds-from-term-loan,row_deduplication,Merged duplicate canonical row html:proceeds-from-term-loan → us-gaap:ProceedsFromIssuanceOfLongTermDebt (similar_label_empty)
cash_flow,us-gaap:NetCashProvidedByUsedInOperatingActivities,Net Cash Provided by Operating Activities,,,,,,,html:provided-by-operating-activities,row_deduplication,Merged duplicate canonical row html:provided-by-operating-activities → us-gaap:NetCashProvidedByUsedInOperatingActivities (similar_label_sparse)
income_statement,us-gaap:Revenues,Service Revenue,4Q23,39.76300000000001,(derived),,,,,derived,FY23 - 1Q23 - 2Q23 - 3Q23 = 144.883 - 33.876 - 35.267 - 35.977
income_statement,us-gaap:Revenues,Service Revenue,4Q24,46.732,(derived),,,,,derived,FY24 - 1Q24 - 2Q24 - 3Q24 = 169.525 - 39.853 - 41.431 - 41.509
income_statement,us-gaap:Revenues,Service Revenue,4Q25,52.010000000000005,(derived),,,,,derived,FY25 - 1Q25 - 2Q25 - 3Q25 = 181.428 - 43.778 - 44.083 - 41.557
income_statement,us-gaap:Revenues,Service Revenue,4Q26,115.229,(derived),,,,,derived,"FY26 - 1Q26 - 2Q26 - 3Q26(=0, not reported) = 217.209 - 49.144 - 52.836 - 0.0"
income_statement,us-gaap:CostOfGoodsAndServicesSold,Cost of Service Revenue,4Q23,26.240000000000006,(derived),,,,,derived,FY23 - 1Q23 - 2Q23 - 3Q23 = 98.245 - 23.041 - 23.78 - 25.184
income_statement,us-gaap:CostOfGoodsAndServicesSold,Cost of Service Revenue,4Q24,30.028,(derived),,,,,derived,FY24 - 1Q24 - 2Q24 - 3Q24 = 112.272 - 26.882 - 27.347 - 28.015
income_statement,us-gaap:CostOfGoodsAndServicesSold,Cost of Service Revenue,4Q25,33.182,(derived),,,,,derived,FY25 - 1Q25 - 2Q25 - 3Q25 = 120.769 - 28.895 - 29.492 - 29.2
income_statement,us-gaap:CostOfGoodsAndServicesSold,Cost of Service Revenue,4Q26,77.89899999999999,(derived),,,,,derived,"FY26 - 1Q26 - 2Q26 - 3Q26(=0, not reported) = 146.677 - 32.935 - 35.843 - 0.0"
income_statement,us-gaap:GrossProfit,Gross Profit,4Q23,19.150000000000013,(derived),,,,,derived,FY23 - 1Q23 - 2Q23 - 3Q23 = 68.355 - 16.038 - 16.767 - 16.4
income_statement,us-gaap:GrossProfit,Gross Profit,4Q24,24.035000000000004,(derived),,,,,derived,FY24 - 1Q24 - 2Q24 - 3Q24 = 83.806 - 18.71 - 20.125 - 20.936
income_statement,us-gaap:GrossProfit,Gross Profit,4Q25,25.913,(derived),,,,,derived,FY25 - 1Q25 - 2Q25 - 3Q25 = 89.453 - 22.655 - 21.206 - 19.679
income_statement,us-gaap:GrossProfit,Gross Profit,4Q26,55.721000000000004,(derived),,,,,derived,"FY26 - 1Q26 - 2Q26 - 3Q26(=0, not reported) = 108.304 - 25.821 - 26.762 - 0.0"
income_statement,us-gaap:SellingAndMarketingExpense,"Selling, Marketing and Warehouse Expenses",4Q23,6.445999999999999,(derived),,,,,derived,FY23 - 1Q23 - 2Q23 - 3Q23 = 24.761 - 5.82 - 5.9 - 6.595
income_statement,us-gaap:SellingAndMarketingExpense,"Selling, Marketing and Warehouse Expenses",4Q24,7.866,(derived),,,,,derived,FY24 - 1Q24 - 2Q24 - 3Q24 = 28.71 - 6.469 - 6.856 - 7.519
income_statement,us-gaap:SellingAndMarketingExpense,"Selling, Marketing and Warehouse Expenses",4Q25,9.240000000000002,(derived),,,,,derived,FY25 - 1Q25 - 2Q25 - 3Q25 = 33.341 - 7.801 - 8.181 - 8.119
income_statement,us-gaap:SellingAndMarketingExpense,"Selling, Marketing and Warehouse Expenses",4Q26,22.622999999999998,(derived),,,,,derived,"FY26 - 1Q26 - 2Q26 - 3Q26(=0, not reported) = 42.765 - 9.515 - 10.627 - 0.0"
income_statement,us-gaap:GeneralAndAdministrativeExpense,General and Administrative Expenses,4Q23,6.848999999999999,(derived),,,,,derived,FY23 - 1Q23 - 2Q23 - 3Q23 = 27.346 - 6.614 - 7.241 - 6.642
income_statement,us-gaap:GeneralAndAdministrativeExpense,General and Administrative Expenses,4Q24,6.965000000000002,(derived),,,,,derived,FY24 - 1Q24 - 2Q24 - 3Q24 = 35.315 - 7.601 - 11.626 - 9.123
income_statement,us-gaap:GeneralAndAdministrativeExpense,General and Administrative Expenses,4Q25,9.732999999999997,(derived),,,,,derived,FY25 - 1Q25 - 2Q25 - 3Q25 = 38.238 - 9.755 - 9.29 - 9.46
income_statement,us-gaap:GeneralAndAdministrativeExpense,General and Administrative Expenses,4Q26,28.678000000000004,(derived),,,,,derived,"FY26 - 1Q26 - 2Q26 - 3Q26(=0, not reported) = 52.276 - 10.968 - 12.63 - 0.0"
income_statement,us-gaap:OperatingExpenses,Total Operating Expenses,4Q23,13.295000000000003,(derived),,,,,derived,FY23 - 1Q23 - 2Q23 - 3Q23 = 52.107 - 12.434 - 13.141 - 13.237
income_statement,us-gaap:OperatingExpenses,Total Operating Expenses,4Q24,14.831000000000007,(derived),,,,,derived,FY24 - 1Q24 - 2Q24 - 3Q24 = 64.025 - 14.07 - 18.482 - 16.642
income_statement,us-gaap:OperatingExpenses,Total Operating Expenses,4Q25,18.972999999999992,(derived),,,,,derived,FY25 - 1Q25 - 2Q25 - 3Q25 = 71.579 - 17.556 - 17.471 - 17.579
income_statement,us-gaap:OperatingExpenses,Total Operating Expenses,4Q26,51.30099999999999,(derived),,,,,derived,"FY26 - 1Q26 - 2Q26 - 3Q26(=0, not reported) = 95.041 - 20.483 - 23.257 - 0.0"
income_statement,us-gaap:OperatingIncomeLoss,Operating Income,4Q23,5.855000000000002,(derived),,,,,derived,FY23 - 1Q23 - 2Q23 - 3Q23 = 16.248 - 3.604 - 3.626 - 3.163
income_statement,us-gaap:OperatingIncomeLoss,Operating Income,4Q24,9.203999999999997,(derived),,,,,derived,FY24 - 1Q24 - 2Q24 - 3Q24 = 19.781 - 4.64 - 1.643 - 4.294
income_statement,us-gaap:OperatingIncomeLoss,Operating Income,4Q25,6.9399999999999995,(derived),,,,,derived,FY25 - 1Q25 - 2Q25 - 3Q25 = 17.874 - 5.099 - 3.735 - 2.1
income_statement,us-gaap:OperatingIncomeLoss,Operating Income,4Q26,4.42,(derived),,,,,derived,"FY26 - 1Q26 - 2Q26 - 3Q26(=0, not reported) = 13.263 - 5.338 - 3.505 - 0.0"
income_statement,us-gaap:NonoperatingIncomeExpense,"Total Interest and Other (Income)/Expense, net",4Q23,1.0290000000000001,(derived),,,,,derived,FY23 - 1Q23 - 2Q23 - 3Q23 = 2.761 - 0.156 - 0.537 - 1.039
income_statement,us-gaap:NonoperatingIncomeExpense,"Total Interest and Other (Income)/Expense, net",4Q24,-0.3999999999999999,(derived),,,,,derived,FY24 - 1Q24 - 2Q24 - 3Q24 = 1.342 - 0.878 - 0.841 - 0.023
income_statement,us-gaap:NonoperatingIncomeExpense,"Total Interest and Other (Income)/Expense, net",4Q25,0.6839999999999999,(derived),,,,,derived,FY25 - 1Q25 - 2Q25 - 3Q25 = -0.452 - -0.129 - 0.022 - -1.029
income_statement,us-gaap:NonoperatingIncomeExpense,"Total Interest and Other (Income)/Expense, net",4Q26,3.0250000000000004,(derived),,,,,derived,"FY26 - 1Q26 - 2Q26 - 3Q26(=0, not reported) = 5.274 - 0.773 - 1.476 - 0.0"
income_statement,us-gaap:IncomeLossFromContinuingOperationsBeforeIncomeTaxesExtraordinaryItemsNoncontrollingInterest,Income Before Provision for Income Taxes,4Q23,4.825999999999999,(derived),,,,,derived,FY23 - 1Q23 - 2Q23 - 3Q23 = 13.487 - 3.448 - 3.089 - 2.124
income_statement,us-gaap:IncomeLossFromContinuingOperationsBeforeIncomeTaxesExtraordinaryItemsNoncontrollingInterest,Income Before Provision for Income Taxes,4Q24,9.604,(derived),,,,,derived,FY24 - 1Q24 - 2Q24 - 3Q24 = 18.439 - 3.762 - 0.802 - 4.271
income_statement,us-gaap:IncomeLossFromContinuingOperationsBeforeIncomeTaxesExtraordinaryItemsNoncontrollingInterest,Income Before Provision for Income Taxes,4Q25,6.256000000000002,(derived),,,,,derived,FY25 - 1Q25 - 2Q25 - 3Q25 = 18.326 - 5.228 - 3.713 - 3.129
income_statement,us-gaap:IncomeLossFromContinuingOperationsBeforeIncomeTaxesExtraordinaryItemsNoncontrollingInterest,Income Before Provision for Income Taxes,4Q26,1.3949999999999996,(derived),,,,,derived,"FY26 - 1Q26 - 2Q26 - 3Q26(=0, not reported) = 7.989 - 4.565 - 2.029 - 0.0"
income_statement,us-gaap:IncomeTaxExpenseBenefit,Provision for Income Taxes,4Q23,1.1680000000000001,(derived),,,,,derived,FY23 - 1Q23 - 2Q23 - 3Q23 = 2.799 - 0.376 - 0.732 - 0.523
income_statement,us-gaap:IncomeTaxExpenseBenefit,Provision for Income Taxes,4Q24,2.714,(derived),,,,,derived,FY24 - 1Q24 - 2Q24 - 3Q24 = 4.792 - 0.813 - 0.342 - 0.923
income_statement,us-gaap:IncomeTaxExpenseBenefit,Provision for Income Taxes,4Q25,1.792,(derived),,,,,derived,FY25 - 1Q25 - 2Q25 - 3Q25 = 3.811 - 0.82 - 0.427 - 0.772
income_statement,us-gaap:IncomeTaxExpenseBenefit,Provision for Income Taxes,4Q26,0.5489999999999999,(derived),,,,,derived,"FY26 - 1Q26 - 2Q26 - 3Q26(=0, not reported) = 2.613 - 1.304 - 0.76 - 0.0"
income_statement,us-gaap:NetIncomeLoss,Net Income,4Q23,3.6580000000000004,(derived),,,,,derived,FY23 - 1Q23 - 2Q23 - 3Q23 = 10.688 - 3.072 - 2.357 - 1.601
income_statement,us-gaap:NetIncomeLoss,Net Income,4Q24,6.89,(derived),,,,,derived,FY24 - 1Q24 - 2Q24 - 3Q24 = 13.647 - 2.949 - 0.46 - 3.348
income_statement,us-gaap:NetIncomeLoss,Net Income,4Q25,4.4639999999999995,(derived),,,,,derived,FY25 - 1Q25 - 2Q25 - 3Q25 = 14.515 - 4.408 - 3.286 - 2.357
income_statement,us-gaap:NetIncomeLoss,Net Income,4Q26,0.8460000000000003,(derived),,,,,derived,"FY26 - 1Q26 - 2Q26 - 3Q26(=0, not reported) = 5.376 - 3.261 - 1.269 - 0.0"
income_statement,us-gaap:EarningsPerShareBasic,Basic Earnings Per Share,4Q23,0.49,(derived),,,,,derived,FY23 - 1Q23 - 2Q23 - 3Q23 = 1.42 - 0.41 - 0.31 - 0.21
income_statement,us-gaap:EarningsPerShareBasic,Basic Earnings Per Share,4Q24,0.82,(derived),,,,,derived,FY24 - 1Q24 - 2Q24 - 3Q24 = 1.66 - 0.39 - 0.06 - 0.39
income_statement,us-gaap:EarningsPerShareBasic,Basic Earnings Per Share,4Q25,0.4700000000000001,(derived),,,,,derived,FY25 - 1Q25 - 2Q25 - 3Q25 = 1.58 - 0.49 - 0.36 - 0.26
income_statement,us-gaap:EarningsPerShareBasic,Basic Earnings Per Share,4Q26,0.08999999999999997,(derived),,,,,derived,"FY26 - 1Q26 - 2Q26 - 3Q26(=0, not reported) = 0.58 - 0.35 - 0.14 - 0.0"
income_statement,us-gaap:WeightedAverageNumberOfSharesOutstandingBasic,Average Shares Outstanding,4Q23,7.551,(derived),,,,,copied_from_fy_for_wacs,4Q23 = FY23 (weighted-average shares: FY is not the sum of quarters; replacing flow-style bridge)
income_statement,us-gaap:WeightedAverageNumberOfSharesOutstandingBasic,Average Shares Outstanding,4Q24,8.239,(derived),,,,,copied_from_fy_for_wacs,4Q24 = FY24 (weighted-average shares: FY is not the sum of quarters; replacing flow-style bridge)
income_statement,us-gaap:WeightedAverageNumberOfSharesOutstandingBasic,Average Shares Outstanding,4Q25,9.185,(derived),,,,,copied_from_fy_for_wacs,4Q25 = FY25 (weighted-average shares: FY is not the sum of quarters; replacing flow-style bridge)
income_statement,us-gaap:WeightedAverageNumberOfSharesOutstandingBasic,Average Shares Outstanding,4Q26,9.334,(derived),,,,,copied_from_fy_for_wacs,4Q26 = FY26 (weighted-average shares: FY is not the sum of quarters; replacing flow-style bridge)
income_statement,us-gaap:EarningsPerShareDiluted,Diluted Earnings Per Share,4Q23,0.48,(derived),,,,,derived,FY23 - 1Q23 - 2Q23 - 3Q23 = 1.4 - 0.4 - 0.31 - 0.21
income_statement,us-gaap:EarningsPerShareDiluted,Diluted Earnings Per Share,4Q24,0.8099999999999999,(derived),,,,,derived,FY24 - 1Q24 - 2Q24 - 3Q24 = 1.63 - 0.38 - 0.06 - 0.38
income_statement,us-gaap:EarningsPerShareDiluted,Diluted Earnings Per Share,4Q25,0.4900000000000001,(derived),,,,,derived,FY25 - 1Q25 - 2Q25 - 3Q25 = 1.57 - 0.48 - 0.35 - 0.25
income_statement,us-gaap:EarningsPerShareDiluted,Diluted Earnings Per Share,4Q26,0.07999999999999996,(derived),,,,,derived,"FY26 - 1Q26 - 2Q26 - 3Q26(=0, not reported) = 0.57 - 0.35 - 0.14 - 0.0"
income_statement,us-gaap:WeightedAverageNumberOfDilutedSharesOutstanding,Average Shares Outstanding,4Q23,7.645,(derived),,,,,copied_from_fy_for_wacs,4Q23 = FY23 (weighted-average shares: FY is not the sum of quarters; replacing flow-style bridge)
income_statement,us-gaap:WeightedAverageNumberOfDilutedSharesOutstanding,Average Shares Outstanding,4Q24,8.352,(derived),,,,,copied_from_fy_for_wacs,4Q24 = FY24 (weighted-average shares: FY is not the sum of quarters; replacing flow-style bridge)
income_statement,us-gaap:WeightedAverageNumberOfDilutedSharesOutstanding,Average Shares Outstanding,4Q25,9.254,(derived),,,,,copied_from_fy_for_wacs,4Q25 = FY25 (weighted-average shares: FY is not the sum of quarters; replacing flow-style bridge)
income_statement,us-gaap:WeightedAverageNumberOfDilutedSharesOutstanding,Average Shares Outstanding,4Q26,9.38,(derived),,,,,copied_from_fy_for_wacs,4Q26 = FY26 (weighted-average shares: FY is not the sum of quarters; replacing flow-style bridge)
income_statement,us-gaap:OtherNonoperatingIncomeExpense,Other (Income) Expense,4Q24,0.026000000000000023,(derived),,,,,derived,"FY24 - 1Q24(=0, not reported) - 2Q24(=0, not reported) - 3Q24 = 0.315 - 0.0 - 0.0 - 0.289"
income_statement,us-gaap:OtherNonoperatingIncomeExpense,Other (Income) Expense,4Q25,0.22099999999999986,(derived),,,,,derived,FY25 - 1Q25 - 2Q25 - 3Q25 = -0.425 - 0.131 - 0.232 - -1.009
income_statement,us-gaap:OtherNonoperatingIncomeExpense,Other (Income) Expense,4Q26,0.14999999999999994,(derived),,,,,derived,"FY26 - 1Q26 - 2Q26 - 3Q26(=0, not reported) = 0.695 - 0.333 - 0.212 - 0.0"
cash_flow,us-gaap:NetIncomeLoss,Net Income,2Q21,2.024,(derived),,,,,derived,6M21 - 1Q21 = 2.822 - 0.798
cash_flow,us-gaap:NetIncomeLoss,Net Income,3Q21,1.7610000000000001,(derived),,,,,derived,9M21 - 6M21 = 4.583 - 2.822
cash_flow,us-gaap:NetIncomeLoss,Net Income,2Q22,3.015,(derived),,,,,derived,6M22 - 1Q22 = 6.703 - 3.688
cash_flow,us-gaap:NetIncomeLoss,Net Income,3Q22,1.6290000000000004,(derived),,,,,derived,9M22 - 6M22 = 8.332 - 6.703
cash_flow,us-gaap:NetIncomeLoss,Net Income,2Q23,2.357,(derived),,,,,derived,6M23 - 1Q23 = 5.429 - 3.072
cash_flow,us-gaap:NetIncomeLoss,Net Income,3Q23,1.601,(derived),,,,,derived,9M23 - 6M23 = 7.03 - 5.429
cash_flow,us-gaap:NetIncomeLoss,Net Income,4Q23,3.6580000000000004,(derived),,,,,derived,FY23 - 9M23 = 10.688 - 7.03
cash_flow,us-gaap:NetIncomeLoss,Net Income,2Q24,0.45999999999999996,(derived),,,,,derived,6M24 - 1Q24 = 3.409 - 2.949
cash_flow,us-gaap:NetIncomeLoss,Net Income,3Q24,3.348,(derived),,,,,derived,9M24 - 6M24 = 6.757 - 3.409
cash_flow,us-gaap:NetIncomeLoss,Net Income,4Q24,6.890000000000001,(derived),,,,,derived,FY24 - 9M24 = 13.647 - 6.757
cash_flow,us-gaap:NetIncomeLoss,Net Income,2Q25,3.2859999999999996,(derived),,,,,derived,6M25 - 1Q25 = 7.694 - 4.408
cash_flow,us-gaap:NetIncomeLoss,Net Income,3Q25,2.357,(derived),,,,,derived,9M25 - 6M25 = 10.051 - 7.694
cash_flow,us-gaap:NetIncomeLoss,Net Income,4Q25,4.464,(derived),,,,,derived,FY25 - 9M25 = 14.515 - 10.051
cash_flow,us-gaap:NetIncomeLoss,Net Income,2Q26,1.2690000000000001,(derived),,,,,derived,6M26 - 1Q26 = 4.53 - 3.261
cash_flow,us-gaap:NetIncomeLoss,Net Income,3Q26,-1.1010000000000004,(derived),,,,,derived,9M26 - 6M26 = 3.429 - 4.53
cash_flow,us-gaap:NetIncomeLoss,Net Income,4Q26,1.9470000000000005,(derived),,,,,derived,FY26 - 9M26 = 5.376 - 3.429
cash_flow,us-gaap:GainLossOnSaleOfPropertyPlantEquipment,Net (Gain) Loss on Disposal of Property and Equipment,2Q21,0.069,(derived),,,,,derived,6M21 - 1Q21 = 0.068 - -0.001
cash_flow,us-gaap:GainLossOnSaleOfPropertyPlantEquipment,Net (Gain) Loss on Disposal of Property and Equipment,3Q21,-0.0030000000000000027,(derived),,,,,derived,9M21 - 6M21 = 0.065 - 0.068
cash_flow,us-gaap:GainLossOnSaleOfPropertyPlantEquipment,Net (Gain) Loss on Disposal of Property and Equipment,2Q22,0.034,(derived),,,,,derived,6M22 - 1Q22 = 0.084 - 0.05
cash_flow,us-gaap:GainLossOnSaleOfPropertyPlantEquipment,Net (Gain) Loss on Disposal of Property and Equipment,3Q22,0.028999999999999998,(derived),,,,,derived,9M22 - 6M22 = 0.113 - 0.084
cash_flow,us-gaap:GainLossOnSaleOfPropertyPlantEquipment,Net (Gain) Loss on Disposal of Property and Equipment,2Q23,0.024,(derived),,,,,derived,6M23 - 1Q23 = 0.034 - 0.01
cash_flow,us-gaap:GainLossOnSaleOfPropertyPlantEquipment,Net (Gain) Loss on Disposal of Property and Equipment,3Q23,0.027999999999999997,(derived),,,,,derived,9M23 - 6M23 = 0.062 - 0.034
cash_flow,us-gaap:GainLossOnSaleOfPropertyPlantEquipment,Net (Gain) Loss on Disposal of Property and Equipment,4Q23,0.025999999999999995,(derived),,,,,derived,FY23 - 9M23 = 0.088 - 0.062
cash_flow,us-gaap:GainLossOnSaleOfPropertyPlantEquipment,Net (Gain) Loss on Disposal of Property and Equipment,2Q24,0.002999999999999999,(derived),,,,,derived,6M24 - 1Q24 = 0.011 - 0.008
cash_flow,us-gaap:GainLossOnSaleOfPropertyPlantEquipment,Net (Gain) Loss on Disposal of Property and Equipment,3Q24,0.013000000000000001,(derived),,,,,derived,9M24 - 6M24 = 0.024 - 0.011
cash_flow,us-gaap:GainLossOnSaleOfPropertyPlantEquipment,Net (Gain) Loss on Disposal of Property and Equipment,4Q24,0.028999999999999998,(derived),,,,,derived,FY24 - 9M24 = 0.053 - 0.024
cash_flow,us-gaap:GainLossOnSaleOfPropertyPlantEquipment,Net (Gain) Loss on Disposal of Property and Equipment,2Q25,0.047,(derived),,,,,derived,6M25 - 1Q25 = 0.043 - -0.004
cash_flow,us-gaap:GainLossOnSaleOfPropertyPlantEquipment,Net (Gain) Loss on Disposal of Property and Equipment,3Q25,-0.107,(derived),,,,,derived,9M25 - 6M25 = -0.064 - 0.043
cash_flow,us-gaap:GainLossOnSaleOfPropertyPlantEquipment,Net (Gain) Loss on Disposal of Property and Equipment,4Q25,0.033,(derived),,,,,derived,FY25 - 9M25 = -0.031 - -0.064
cash_flow,us-gaap:GainLossOnSaleOfPropertyPlantEquipment,Net (Gain) Loss on Disposal of Property and Equipment,2Q26,0.023,(derived),,,,,derived,6M26 - 1Q26 = 0.077 - 0.054
cash_flow,us-gaap:GainLossOnSaleOfPropertyPlantEquipment,Net (Gain) Loss on Disposal of Property and Equipment,3Q26,-0.045,(derived),,,,,derived,9M26 - 6M26 = 0.032 - 0.077
cash_flow,us-gaap:GainLossOnSaleOfPropertyPlantEquipment,Net (Gain) Loss on Disposal of Property and Equipment,4Q26,0.2,(derived),,,,,derived,FY26 - 9M26 = 0.232 - 0.032
cash_flow,us-gaap:DeferredIncomeTaxesAndTaxCredits,Deferred Income Taxes,2Q21,0.023,(derived),,,,,derived,6M21 - 1Q21 = 0.047 - 0.024
cash_flow,us-gaap:DeferredIncomeTaxesAndTaxCredits,Deferred Income Taxes,3Q21,0.027999999999999997,(derived),,,,,derived,9M21 - 6M21 = 0.075 - 0.047
cash_flow,us-gaap:DeferredIncomeTaxesAndTaxCredits,Deferred Income Taxes,2Q22,-0.015,(derived),,,,,derived,6M22 - 1Q22 = 0.007 - 0.022
cash_flow,us-gaap:DeferredIncomeTaxesAndTaxCredits,Deferred Income Taxes,3Q22,-0.002,(derived),,,,,derived,9M22 - 6M22 = 0.005 - 0.007
cash_flow,us-gaap:DeferredIncomeTaxesAndTaxCredits,Deferred Income Taxes,2Q23,-0.031,(derived),,,,,derived,6M23 - 1Q23 = -0.054 - -0.023
cash_flow,us-gaap:DeferredIncomeTaxesAndTaxCredits,Deferred Income Taxes,3Q23,0.0020000000000000018,(derived),,,,,derived,9M23 - 6M23 = -0.052 - -0.054
cash_flow,us-gaap:DeferredIncomeTaxesAndTaxCredits,Deferred Income Taxes,4Q23,-0.134,(derived),,,,,derived,FY23 - 9M23 = -0.186 - -0.052
cash_flow,us-gaap:DeferredIncomeTaxesAndTaxCredits,Deferred Income Taxes,2Q24,-0.020999999999999998,(derived),,,,,derived,6M24 - 1Q24 = 0.023 - 0.044
cash_flow,us-gaap:DeferredIncomeTaxesAndTaxCredits,Deferred Income Taxes,3Q24,0.019000000000000003,(derived),,,,,derived,9M24 - 6M24 = 0.042 - 0.023
cash_flow,us-gaap:DeferredIncomeTaxesAndTaxCredits,Deferred Income Taxes,4Q24,-1.639,(derived),,,,,derived,FY24 - 9M24 = -1.597 - 0.042
cash_flow,us-gaap:DeferredIncomeTaxesAndTaxCredits,Deferred Income Taxes,2Q25,0.01,(derived),,,,,derived,6M25 - 1Q25 = 0.006 - -0.004
cash_flow,us-gaap:DeferredIncomeTaxesAndTaxCredits,Deferred Income Taxes,3Q25,-0.041999999999999996,(derived),,,,,derived,9M25 - 6M25 = -0.036 - 0.006
cash_flow,us-gaap:DeferredIncomeTaxesAndTaxCredits,Deferred Income Taxes,4Q25,0.030999999999999996,(derived),,,,,derived,FY25 - 9M25 = -0.005 - -0.036
cash_flow,us-gaap:DeferredIncomeTaxesAndTaxCredits,Deferred Income Taxes,2Q26,-0.013000000000000001,(derived),,,,,derived,6M26 - 1Q26 = 0.011 - 0.024
cash_flow,us-gaap:DeferredIncomeTaxesAndTaxCredits,Deferred Income Taxes,3Q26,0.011,(derived),,,,,derived,9M26 - 6M26 = 0.022 - 0.011
cash_flow,us-gaap:DeferredIncomeTaxesAndTaxCredits,Deferred Income Taxes,4Q26,0.8049999999999999,(derived),,,,,derived,FY26 - 9M26 = 0.827 - 0.022
cash_flow,us-gaap:DepreciationDepletionAndAmortization,Depreciation and Amortization,2Q21,1.864,(derived),,,,,derived,6M21 - 1Q21 = 3.736 - 1.872
cash_flow,us-gaap:DepreciationDepletionAndAmortization,Depreciation and Amortization,3Q21,1.8599999999999999,(derived),,,,,derived,9M21 - 6M21 = 5.596 - 3.736
cash_flow,us-gaap:DepreciationDepletionAndAmortization,Depreciation and Amortization,2Q22,2.141,(derived),,,,,derived,6M22 - 1Q22 = 4.131 - 1.99
cash_flow,us-gaap:DepreciationDepletionAndAmortization,Depreciation and Amortization,3Q22,2.768,(derived),,,,,derived,9M22 - 6M22 = 6.899 - 4.131
cash_flow,us-gaap:DepreciationDepletionAndAmortization,Depreciation and Amortization,2Q23,2.7779999999999996,(derived),,,,,derived,6M23 - 1Q23 = 5.419 - 2.641
cash_flow,us-gaap:DepreciationDepletionAndAmortization,Depreciation and Amortization,3Q23,2.8240000000000007,(derived),,,,,derived,9M23 - 6M23 = 8.243 - 5.419
cash_flow,us-gaap:DepreciationDepletionAndAmortization,Depreciation and Amortization,4Q23,2.7119999999999997,(derived),,,,,derived,FY23 - 9M23 = 10.955 - 8.243
cash_flow,us-gaap:DepreciationDepletionAndAmortization,Depreciation and Amortization,2Q24,3.2880000000000003,(derived),,,,,derived,6M24 - 1Q24 = 6.078 - 2.79
cash_flow,us-gaap:DepreciationDepletionAndAmortization,Depreciation and Amortization,3Q24,3.762999999999999,(derived),,,,,derived,9M24 - 6M24 = 9.841 - 6.078
cash_flow,us-gaap:DepreciationDepletionAndAmortization,Depreciation and Amortization,4Q24,3.703000000000001,(derived),,,,,derived,FY24 - 9M24 = 13.544 - 9.841
cash_flow,us-gaap:DepreciationDepletionAndAmortization,Depreciation and Amortization,2Q25,4.3999999999999995,(derived),,,,,derived,6M25 - 1Q25 = 8.513 - 4.113
cash_flow,us-gaap:DepreciationDepletionAndAmortization,Depreciation and Amortization,3Q25,4.428000000000001,(derived),,,,,derived,9M25 - 6M25 = 12.941 - 8.513
cash_flow,us-gaap:DepreciationDepletionAndAmortization,Depreciation and Amortization,4Q25,5.6259999999999994,(derived),,,,,derived,FY25 - 9M25 = 18.567 - 12.941
cash_flow,us-gaap:DepreciationDepletionAndAmortization,Depreciation and Amortization,2Q26,6.487,(derived),,,,,derived,6M26 - 1Q26 = 12.092 - 5.605
cash_flow,us-gaap:DepreciationDepletionAndAmortization,Depreciation and Amortization,3Q26,7.130000000000001,(derived),,,,,derived,9M26 - 6M26 = 19.222 - 12.092
cash_flow,us-gaap:DepreciationDepletionAndAmortization,Depreciation and Amortization,4Q26,6.949999999999999,(derived),,,,,derived,FY26 - 9M26 = 26.172 - 19.222
cash_flow,trns:AccountsReceivableCreditLossExpenseReversalAndInventoryWritedown,Provision for Accounts Receivable and Inventory Reserves,2Q21,-0.038000000000000034,(derived),,,,,derived,6M21 - 1Q21 = 0.523 - 0.561
cash_flow,trns:AccountsReceivableCreditLossExpenseReversalAndInventoryWritedown,Provision for Accounts Receivable and Inventory Reserves,3Q21,0.17599999999999993,(derived),,,,,derived,9M21 - 6M21 = 0.699 - 0.523
cash_flow,trns:AccountsReceivableCreditLossExpenseReversalAndInventoryWritedown,Provision for Accounts Receivable and Inventory Reserves,2Q22,0.20900000000000002,(derived),,,,,derived,6M22 - 1Q22 = 0.499 - 0.29
cash_flow,trns:AccountsReceivableCreditLossExpenseReversalAndInventoryWritedown,Provision for Accounts Receivable and Inventory Reserves,3Q22,-0.08200000000000002,(derived),,,,,derived,9M22 - 6M22 = 0.417 - 0.499
cash_flow,trns:AccountsReceivableCreditLossExpenseReversalAndInventoryWritedown,Provision for Accounts Receivable and Inventory Reserves,2Q23,0.006000000000000005,(derived),,,,,derived,6M23 - 1Q23 = 0.094 - 0.088
cash_flow,trns:AccountsReceivableCreditLossExpenseReversalAndInventoryWritedown,Provision for Accounts Receivable and Inventory Reserves,3Q23,0.07999999999999999,(derived),,,,,derived,9M23 - 6M23 = 0.174 - 0.094
cash_flow,trns:AccountsReceivableCreditLossExpenseReversalAndInventoryWritedown,Provision for Accounts Receivable and Inventory Reserves,4Q23,-0.09999999999999999,(derived),,,,,derived,FY23 - 9M23 = 0.074 - 0.174
cash_flow,trns:AccountsReceivableCreditLossExpenseReversalAndInventoryWritedown,Provision for Accounts Receivable and Inventory Reserves,2Q24,0.20899999999999996,(derived),,,,,derived,6M24 - 1Q24 = 0.347 - 0.138
cash_flow,trns:AccountsReceivableCreditLossExpenseReversalAndInventoryWritedown,Provision for Accounts Receivable and Inventory Reserves,3Q24,0.03200000000000003,(derived),,,,,derived,9M24 - 6M24 = 0.379 - 0.347
cash_flow,trns:AccountsReceivableCreditLossExpenseReversalAndInventoryWritedown,Provision for Accounts Receivable and Inventory Reserves,4Q24,0.027000000000000024,(derived),,,,,derived,FY24 - 9M24 = 0.406 - 0.379
cash_flow,trns:AccountsReceivableCreditLossExpenseReversalAndInventoryWritedown,Provision for Accounts Receivable and Inventory Reserves,2Q25,0.197,(derived),,,,,derived,6M25 - 1Q25 = 0.108 - -0.089
cash_flow,trns:AccountsReceivableCreditLossExpenseReversalAndInventoryWritedown,Provision for Accounts Receivable and Inventory Reserves,3Q25,0.03899999999999999,(derived),,,,,derived,9M25 - 6M25 = 0.147 - 0.108
cash_flow,trns:AccountsReceivableCreditLossExpenseReversalAndInventoryWritedown,Provision for Accounts Receivable and Inventory Reserves,4Q25,0.18900000000000003,(derived),,,,,derived,FY25 - 9M25 = 0.336 - 0.147
cash_flow,trns:AccountsReceivableCreditLossExpenseReversalAndInventoryWritedown,Provision for Accounts Receivable and Inventory Reserves,2Q26,0.14,(derived),,,,,derived,6M26 - 1Q26 = 0.258 - 0.118
cash_flow,trns:AccountsReceivableCreditLossExpenseReversalAndInventoryWritedown,Provision for Accounts Receivable and Inventory Reserves,3Q26,0.135,(derived),,,,,derived,9M26 - 6M26 = 0.393 - 0.258
cash_flow,trns:AccountsReceivableCreditLossExpenseReversalAndInventoryWritedown,Provision for Accounts Receivable and Inventory Reserves,4Q26,0.07799999999999996,(derived),,,,,derived,FY26 - 9M26 = 0.471 - 0.393
cash_flow,us-gaap:ShareBasedCompensation,Stock-Based Compensation Expense,2Q21,0.36600000000000005,(derived),,,,,derived,6M21 - 1Q21 = 0.678 - 0.312
cash_flow,us-gaap:ShareBasedCompensation,Stock-Based Compensation Expense,3Q21,0.19699999999999995,(derived),,,,,derived,9M21 - 6M21 = 0.875 - 0.678
cash_flow,us-gaap:ShareBasedCompensation,Stock-Based Compensation Expense,2Q22,0.6199999999999999,(derived),,,,,derived,6M22 - 1Q22 = 1.057 - 0.437
cash_flow,us-gaap:ShareBasedCompensation,Stock-Based Compensation Expense,3Q22,0.6240000000000001,(derived),,,,,derived,9M22 - 6M22 = 1.681 - 1.057
cash_flow,us-gaap:ShareBasedCompensation,Stock-Based Compensation Expense,2Q23,1.1139999999999999,(derived),,,,,derived,6M23 - 1Q23 = 1.942 - 0.828
cash_flow,us-gaap:ShareBasedCompensation,Stock-Based Compensation Expense,3Q23,0.8150000000000002,(derived),,,,,derived,9M23 - 6M23 = 2.757 - 1.942
cash_flow,us-gaap:ShareBasedCompensation,Stock-Based Compensation Expense,4Q23,0.6199999999999997,(derived),,,,,derived,FY23 - 9M23 = 3.377 - 2.757
cash_flow,us-gaap:ShareBasedCompensation,Stock-Based Compensation Expense,2Q24,1.2409999999999997,(derived),,,,,derived,6M24 - 1Q24 = 2.171 - 0.93
cash_flow,us-gaap:ShareBasedCompensation,Stock-Based Compensation Expense,3Q24,1.1670000000000003,(derived),,,,,derived,9M24 - 6M24 = 3.338 - 2.171
cash_flow,us-gaap:ShareBasedCompensation,Stock-Based Compensation Expense,4Q24,1.1739999999999995,(derived),,,,,derived,FY24 - 9M24 = 4.512 - 3.338
cash_flow,us-gaap:ShareBasedCompensation,Stock-Based Compensation Expense,2Q25,0.926,(derived),,,,,derived,6M25 - 1Q25 = 1.623 - 0.697
cash_flow,us-gaap:ShareBasedCompensation,Stock-Based Compensation Expense,3Q25,0.4520000000000002,(derived),,,,,derived,9M25 - 6M25 = 2.075 - 1.623
cash_flow,us-gaap:ShareBasedCompensation,Stock-Based Compensation Expense,4Q25,1.173,(derived),,,,,derived,FY25 - 9M25 = 3.248 - 2.075
cash_flow,us-gaap:ShareBasedCompensation,Stock-Based Compensation Expense,2Q26,1.8400000000000003,(derived),,,,,derived,6M26 - 1Q26 = 2.97 - 1.13
cash_flow,us-gaap:ShareBasedCompensation,Stock-Based Compensation Expense,3Q26,2.06,(derived),,,,,derived,9M26 - 6M26 = 5.03 - 2.97
cash_flow,us-gaap:ShareBasedCompensation,Stock-Based Compensation Expense,4Q26,2.519,(derived),,,,,derived,FY26 - 9M26 = 7.549 - 5.03
cash_flow,us-gaap:IncreaseDecreaseInAccountsAndOtherReceivables,Accounts Receivable and Other Receivables,2Q21,0.5950000000000002,(derived),,,,,derived,6M21 - 1Q21 = 3.543 - 2.948
cash_flow,us-gaap:IncreaseDecreaseInAccountsAndOtherReceivables,Accounts Receivable and Other Receivables,3Q21,-2.641,(derived),,,,,derived,9M21 - 6M21 = 0.902 - 3.543
cash_flow,us-gaap:IncreaseDecreaseInAccountsAndOtherReceivables,Accounts Receivable and Other Receivables,2Q22,-1.179,(derived),,,,,derived,6M22 - 1Q22 = -0.374 - 0.805
cash_flow,us-gaap:IncreaseDecreaseInAccountsAndOtherReceivables,Accounts Receivable and Other Receivables,3Q22,1.5590000000000002,(derived),,,,,derived,9M22 - 6M22 = 1.185 - -0.374
cash_flow,us-gaap:IncreaseDecreaseInAccountsAndOtherReceivables,Accounts Receivable and Other Receivables,2Q23,-2.816,(derived),,,,,derived,6M23 - 1Q23 = -1.238 - 1.578
cash_flow,us-gaap:IncreaseDecreaseInAccountsAndOtherReceivables,Accounts Receivable and Other Receivables,3Q23,3.088,(derived),,,,,derived,9M23 - 6M23 = 1.85 - -1.238
cash_flow,us-gaap:IncreaseDecreaseInAccountsAndOtherReceivables,Accounts Receivable and Other Receivables,4Q23,-7.0760000000000005,(derived),,,,,derived,FY23 - 9M23 = -5.226 - 1.85
cash_flow,us-gaap:IncreaseDecreaseInAccountsAndOtherReceivables,Accounts Receivable and Other Receivables,2Q24,-0.7310000000000003,(derived),,,,,derived,6M24 - 1Q24 = 2.384 - 3.115
cash_flow,us-gaap:IncreaseDecreaseInAccountsAndOtherReceivables,Accounts Receivable and Other Receivables,3Q24,1.435,(derived),,,,,derived,9M24 - 6M24 = 3.819 - 2.384
cash_flow,us-gaap:IncreaseDecreaseInAccountsAndOtherReceivables,Accounts Receivable and Other Receivables,4Q24,-5.077999999999999,(derived),,,,,derived,FY24 - 9M24 = -1.259 - 3.819
cash_flow,us-gaap:IncreaseDecreaseInAccountsAndOtherReceivables,Accounts Receivable and Other Receivables,2Q25,-1.068,(derived),,,,,derived,6M25 - 1Q25 = 1.746 - 2.814
cash_flow,us-gaap:IncreaseDecreaseInAccountsAndOtherReceivables,Accounts Receivable and Other Receivables,3Q25,0.10200000000000009,(derived),,,,,derived,9M25 - 6M25 = 1.848 - 1.746
cash_flow,us-gaap:IncreaseDecreaseInAccountsAndOtherReceivables,Accounts Receivable and Other Receivables,4Q25,-3.14,(derived),,,,,derived,FY25 - 9M25 = -1.292 - 1.848
cash_flow,us-gaap:IncreaseDecreaseInAccountsAndOtherReceivables,Accounts Receivable and Other Receivables,2Q26,-2.336,(derived),,,,,derived,6M26 - 1Q26 = -3.55 - -1.214
cash_flow,us-gaap:IncreaseDecreaseInAccountsAndOtherReceivables,Accounts Receivable and Other Receivables,3Q26,3.674,(derived),,,,,derived,9M26 - 6M26 = 0.124 - -3.55
cash_flow,us-gaap:IncreaseDecreaseInAccountsAndOtherReceivables,Accounts Receivable and Other Receivables,4Q26,-6.702,(derived),,,,,derived,FY26 - 9M26 = -6.578 - 0.124
cash_flow,us-gaap:IncreaseDecreaseInInventories,Inventory,2Q21,0.618,(derived),,,,,derived,6M21 - 1Q21 = 0.623 - 0.005
cash_flow,us-gaap:IncreaseDecreaseInInventories,Inventory,3Q21,1.449,(derived),,,,,derived,9M21 - 6M21 = 2.072 - 0.623
cash_flow,us-gaap:IncreaseDecreaseInInventories,Inventory,2Q22,1.7060000000000002,(derived),,,,,derived,6M22 - 1Q22 = 1.739 - 0.033
cash_flow,us-gaap:IncreaseDecreaseInInventories,Inventory,3Q22,-3.5330000000000004,(derived),,,,,derived,9M22 - 6M22 = -1.794 - 1.739
cash_flow,us-gaap:IncreaseDecreaseInInventories,Inventory,2Q23,-1.6060000000000003,(derived),,,,,derived,6M23 - 1Q23 = -3.724 - -2.118
cash_flow,us-gaap:IncreaseDecreaseInInventories,Inventory,3Q23,0.13500000000000023,(derived),,,,,derived,9M23 - 6M23 = -3.589 - -3.724
cash_flow,us-gaap:IncreaseDecreaseInInventories,Inventory,4Q23,0.2120000000000002,(derived),,,,,derived,FY23 - 9M23 = -3.377 - -3.589
cash_flow,us-gaap:IncreaseDecreaseInInventories,Inventory,2Q24,1.426,(derived),,,,,derived,6M24 - 1Q24 = 3.376 - 1.95
cash_flow,us-gaap:IncreaseDecreaseInInventories,Inventory,3Q24,-0.1679999999999997,(derived),,,,,derived,9M24 - 6M24 = 3.208 - 3.376
cash_flow,us-gaap:IncreaseDecreaseInInventories,Inventory,4Q24,-0.8900000000000001,(derived),,,,,derived,FY24 - 9M24 = 2.318 - 3.208
cash_flow,us-gaap:IncreaseDecreaseInInventories,Inventory,2Q25,2.832,(derived),,,,,derived,6M25 - 1Q25 = 2.597 - -0.235
cash_flow,us-gaap:IncreaseDecreaseInInventories,Inventory,3Q25,2.015,(derived),,,,,derived,9M25 - 6M25 = 4.612 - 2.597
cash_flow,us-gaap:IncreaseDecreaseInInventories,Inventory,4Q25,-0.2190000000000003,(derived),,,,,derived,FY25 - 9M25 = 4.393 - 4.612
cash_flow,us-gaap:IncreaseDecreaseInInventories,Inventory,2Q26,2.543,(derived),,,,,derived,6M26 - 1Q26 = 1.798 - -0.745
cash_flow,us-gaap:IncreaseDecreaseInInventories,Inventory,3Q26,-1.049,(derived),,,,,derived,9M26 - 6M26 = 0.749 - 1.798
cash_flow,us-gaap:IncreaseDecreaseInInventories,Inventory,4Q26,0.08999999999999997,(derived),,,,,derived,FY26 - 9M26 = 0.839 - 0.749
cash_flow,us-gaap:IncreaseDecreaseInPrepaidDeferredExpenseAndOtherAssets,Prepaid Expenses and Other Current Assets,2Q21,-0.374,(derived),,,,,derived,6M21 - 1Q21 = -0.625 - -0.251
cash_flow,us-gaap:IncreaseDecreaseInPrepaidDeferredExpenseAndOtherAssets,Prepaid Expenses and Other Current Assets,3Q21,-0.05300000000000005,(derived),,,,,derived,9M21 - 6M21 = -0.678 - -0.625
cash_flow,us-gaap:IncreaseDecreaseInPrepaidDeferredExpenseAndOtherAssets,Prepaid Expenses and Other Current Assets,2Q22,-0.9289999999999999,(derived),,,,,derived,6M22 - 1Q22 = -1.847 - -0.918
cash_flow,us-gaap:IncreaseDecreaseInPrepaidDeferredExpenseAndOtherAssets,Prepaid Expenses and Other Current Assets,3Q22,-1.4329999999999998,(derived),,,,,derived,9M22 - 6M22 = -3.28 - -1.847
cash_flow,us-gaap:IncreaseDecreaseInPrepaidDeferredExpenseAndOtherAssets,Prepaid Expenses and Other Current Assets,2Q23,0.449,(derived),,,,,derived,6M23 - 1Q23 = 0.881 - 0.432
cash_flow,us-gaap:IncreaseDecreaseInPrepaidDeferredExpenseAndOtherAssets,Prepaid Expenses and Other Current Assets,3Q23,0.19300000000000006,(derived),,,,,derived,9M23 - 6M23 = 1.074 - 0.881
cash_flow,us-gaap:IncreaseDecreaseInPrepaidDeferredExpenseAndOtherAssets,Prepaid Expenses and Other Current Assets,4Q23,0.04499999999999993,(derived),,,,,derived,FY23 - 9M23 = 1.119 - 1.074
cash_flow,us-gaap:IncreaseDecreaseInPrepaidDeferredExpenseAndOtherAssets,Prepaid Expenses and Other Current Assets,2Q24,-0.066,(derived),,,,,derived,6M24 - 1Q24 = 0.465 - 0.531
cash_flow,us-gaap:IncreaseDecreaseInPrepaidDeferredExpenseAndOtherAssets,Prepaid Expenses and Other Current Assets,3Q24,0.26299999999999996,(derived),,,,,derived,9M24 - 6M24 = 0.728 - 0.465
cash_flow,us-gaap:IncreaseDecreaseInPrepaidDeferredExpenseAndOtherAssets,Prepaid Expenses and Other Current Assets,4Q24,-1.027,(derived),,,,,derived,FY24 - 9M24 = -0.299 - 0.728
cash_flow,us-gaap:IncreaseDecreaseInPrepaidDeferredExpenseAndOtherAssets,Prepaid Expenses and Other Current Assets,2Q25,-1.2309999999999999,(derived),,,,,derived,6M25 - 1Q25 = -1.918 - -0.687
cash_flow,us-gaap:IncreaseDecreaseInPrepaidDeferredExpenseAndOtherAssets,Prepaid Expenses and Other Current Assets,3Q25,0.4989999999999999,(derived),,,,,derived,9M25 - 6M25 = -1.419 - -1.918
cash_flow,us-gaap:IncreaseDecreaseInPrepaidDeferredExpenseAndOtherAssets,Prepaid Expenses and Other Current Assets,4Q25,0.42700000000000005,(derived),,,,,derived,FY25 - 9M25 = -0.992 - -1.419
cash_flow,us-gaap:IncreaseDecreaseInPrepaidDeferredExpenseAndOtherAssets,Prepaid Expenses and Other Current Assets,2Q26,-0.6980000000000002,(derived),,,,,derived,6M26 - 1Q26 = 1.039 - 1.737
cash_flow,us-gaap:IncreaseDecreaseInPrepaidDeferredExpenseAndOtherAssets,Prepaid Expenses and Other Current Assets,3Q26,0.16000000000000014,(derived),,,,,derived,9M26 - 6M26 = 1.199 - 1.039
cash_flow,us-gaap:IncreaseDecreaseInPrepaidDeferredExpenseAndOtherAssets,Prepaid Expenses and Other Current Assets,4Q26,-3.4080000000000004,(derived),,,,,derived,FY26 - 9M26 = -2.209 - 1.199
cash_flow,us-gaap:IncreaseDecreaseInAccountsPayable,Accounts Payable,2Q21,1.729,(derived),,,,,derived,6M21 - 1Q21 = -0.892 - -2.621
cash_flow,us-gaap:IncreaseDecreaseInAccountsPayable,Accounts Payable,3Q21,-1.2110000000000003,(derived),,,,,derived,9M21 - 6M21 = -2.103 - -0.892
cash_flow,us-gaap:IncreaseDecreaseInAccountsPayable,Accounts Payable,2Q22,-0.21999999999999997,(derived),,,,,derived,6M22 - 1Q22 = -1.293 - -1.073
cash_flow,us-gaap:IncreaseDecreaseInAccountsPayable,Accounts Payable,3Q22,1.9819999999999998,(derived),,,,,derived,9M22 - 6M22 = 0.689 - -1.293
cash_flow,us-gaap:IncreaseDecreaseInAccountsPayable,Accounts Payable,2Q23,0.632,(derived),,,,,derived,6M23 - 1Q23 = -0.586 - -1.218
cash_flow,us-gaap:IncreaseDecreaseInAccountsPayable,Accounts Payable,3Q23,0.16199999999999998,(derived),,,,,derived,9M23 - 6M23 = -0.424 - -0.586
cash_flow,us-gaap:IncreaseDecreaseInAccountsPayable,Accounts Payable,4Q23,2.024,(derived),,,,,derived,FY23 - 9M23 = 1.6 - -0.424
cash_flow,us-gaap:IncreaseDecreaseInAccountsPayable,Accounts Payable,2Q24,0.34600000000000053,(derived),,,,,derived,6M24 - 1Q24 = -3.969 - -4.315
cash_flow,us-gaap:IncreaseDecreaseInAccountsPayable,Accounts Payable,3Q24,-1.225,(derived),,,,,derived,9M24 - 6M24 = -5.194 - -3.969
cash_flow,us-gaap:IncreaseDecreaseInAccountsPayable,Accounts Payable,4Q24,0.18900000000000006,(derived),,,,,derived,FY24 - 9M24 = -5.005 - -5.194
cash_flow,us-gaap:IncreaseDecreaseInAccountsPayable,Accounts Payable,2Q25,0.09999999999999987,(derived),,,,,derived,6M25 - 1Q25 = 1.525 - 1.425
cash_flow,us-gaap:IncreaseDecreaseInAccountsPayable,Accounts Payable,3Q25,2.6540000000000004,(derived),,,,,derived,9M25 - 6M25 = 4.179 - 1.525
cash_flow,us-gaap:IncreaseDecreaseInAccountsPayable,Accounts Payable,4Q25,0.7610000000000001,(derived),,,,,derived,FY25 - 9M25 = 4.94 - 4.179
cash_flow,us-gaap:IncreaseDecreaseInAccountsPayable,Accounts Payable,2Q26,1.7269999999999999,(derived),,,,,derived,6M26 - 1Q26 = -1.573 - -3.3
cash_flow,us-gaap:IncreaseDecreaseInAccountsPayable,Accounts Payable,3Q26,2.094,(derived),,,,,derived,9M26 - 6M26 = 0.521 - -1.573
cash_flow,us-gaap:IncreaseDecreaseInAccountsPayable,Accounts Payable,4Q26,0.44399999999999995,(derived),,,,,derived,FY26 - 9M26 = 0.965 - 0.521
cash_flow,us-gaap:IncreaseDecreaseInAccruedLiabilitiesAndOtherOperatingLiabilities,Accrued Compensation and Other Current Liabilities,2Q21,1.132,(derived),,,,,derived,6M21 - 1Q21 = 1.626 - 0.494
cash_flow,us-gaap:IncreaseDecreaseInAccruedLiabilitiesAndOtherOperatingLiabilities,Accrued Compensation and Other Current Liabilities,3Q21,1.7650000000000001,(derived),,,,,derived,9M21 - 6M21 = 3.391 - 1.626
cash_flow,us-gaap:IncreaseDecreaseInAccruedLiabilitiesAndOtherOperatingLiabilities,Accrued Compensation and Other Current Liabilities,2Q22,0.06800000000000006,(derived),,,,,derived,6M22 - 1Q22 = -2.812 - -2.88
cash_flow,us-gaap:IncreaseDecreaseInAccruedLiabilitiesAndOtherOperatingLiabilities,Accrued Compensation and Other Current Liabilities,3Q22,1.3419999999999999,(derived),,,,,derived,9M22 - 6M22 = -1.47 - -2.812
cash_flow,us-gaap:IncreaseDecreaseInAccruedLiabilitiesAndOtherOperatingLiabilities,Accrued Compensation and Other Current Liabilities,2Q23,0.2849999999999997,(derived),,,,,derived,6M23 - 1Q23 = -2.962 - -3.247
cash_flow,us-gaap:IncreaseDecreaseInAccruedLiabilitiesAndOtherOperatingLiabilities,Accrued Compensation and Other Current Liabilities,3Q23,-0.18799999999999972,(derived),,,,,derived,9M23 - 6M23 = -3.15 - -2.962
cash_flow,us-gaap:IncreaseDecreaseInAccruedLiabilitiesAndOtherOperatingLiabilities,Accrued Compensation and Other Current Liabilities,4Q23,0.9889999999999999,(derived),,,,,derived,FY23 - 9M23 = -2.161 - -3.15
cash_flow,us-gaap:IncreaseDecreaseInAccruedLiabilitiesAndOtherOperatingLiabilities,Accrued Compensation and Other Current Liabilities,2Q24,2.88,(derived),,,,,derived,6M24 - 1Q24 = 1.677 - -1.203
cash_flow,us-gaap:IncreaseDecreaseInAccruedLiabilitiesAndOtherOperatingLiabilities,Accrued Compensation and Other Current Liabilities,3Q24,2.27,(derived),,,,,derived,9M24 - 6M24 = 3.947 - 1.677
cash_flow,us-gaap:IncreaseDecreaseInAccruedLiabilitiesAndOtherOperatingLiabilities,Accrued Compensation and Other Current Liabilities,4Q24,-0.5500000000000003,(derived),,,,,derived,FY24 - 9M24 = 3.397 - 3.947
cash_flow,us-gaap:IncreaseDecreaseInAccruedLiabilitiesAndOtherOperatingLiabilities,Accrued Compensation and Other Current Liabilities,2Q25,-1.9050000000000002,(derived),,,,,derived,6M25 - 1Q25 = -6.178 - -4.273
cash_flow,us-gaap:IncreaseDecreaseInAccruedLiabilitiesAndOtherOperatingLiabilities,Accrued Compensation and Other Current Liabilities,3Q25,3.981,(derived),,,,,derived,9M25 - 6M25 = -2.197 - -6.178
cash_flow,us-gaap:IncreaseDecreaseInAccruedLiabilitiesAndOtherOperatingLiabilities,Accrued Compensation and Other Current Liabilities,4Q25,1.283,(derived),,,,,derived,FY25 - 9M25 = -0.914 - -2.197
cash_flow,us-gaap:IncreaseDecreaseInAccruedLiabilitiesAndOtherOperatingLiabilities,Accrued Compensation and Other Current Liabilities,2Q26,0.581,(derived),,,,,derived,6M26 - 1Q26 = -3.757 - -4.338
cash_flow,us-gaap:IncreaseDecreaseInAccruedLiabilitiesAndOtherOperatingLiabilities,Accrued Compensation and Other Current Liabilities,3Q26,1.221,(derived),,,,,derived,9M26 - 6M26 = -2.536 - -3.757
cash_flow,us-gaap:IncreaseDecreaseInAccruedLiabilitiesAndOtherOperatingLiabilities,Accrued Compensation and Other Current Liabilities,4Q26,3.46,(derived),,,,,derived,FY26 - 9M26 = 0.924 - -2.536
cash_flow,us-gaap:NetCashProvidedByUsedInOperatingActivities,Net Cash Provided by Operating Activities,2Q21,8.434000000000001,(derived),,,,,derived,6M21 - 1Q21 = 12.476 - 4.042
cash_flow,us-gaap:NetCashProvidedByUsedInOperatingActivities,Net Cash Provided by Operating Activities,3Q21,3.1709999999999994,(derived),,,,,derived,9M21 - 6M21 = 15.647 - 12.476
cash_flow,us-gaap:NetCashProvidedByUsedInOperatingActivities,Net Cash Provided by Operating Activities,2Q22,5.446999999999999,(derived),,,,,derived,6M22 - 1Q22 = 7.502 - 2.055
cash_flow,us-gaap:NetCashProvidedByUsedInOperatingActivities,Net Cash Provided by Operating Activities,3Q22,4.876,(derived),,,,,derived,9M22 - 6M22 = 12.378 - 7.502
cash_flow,us-gaap:NetCashProvidedByUsedInOperatingActivities,Net Cash Provided by Operating Activities,2Q23,3.192,(derived),,,,,derived,6M23 - 1Q23 = 5.235 - 2.043
cash_flow,us-gaap:NetCashProvidedByUsedInOperatingActivities,Net Cash Provided by Operating Activities,3Q23,8.739999999999998,(derived),,,,,derived,9M23 - 6M23 = 13.975 - 5.235
cash_flow,us-gaap:NetCashProvidedByUsedInOperatingActivities,Net Cash Provided by Operating Activities,4Q23,2.976000000000001,(derived),,,,,derived,FY23 - 9M23 = 16.951 - 13.975
cash_flow,us-gaap:NetCashProvidedByUsedInOperatingActivities,Net Cash Provided by Operating Activities,2Q24,8.436,(derived),,,,,derived,6M24 - 1Q24 = 15.972 - 7.536
cash_flow,us-gaap:NetCashProvidedByUsedInOperatingActivities,Net Cash Provided by Operating Activities,3Q24,10.917,(derived),,,,,derived,9M24 - 6M24 = 26.889 - 15.972
cash_flow,us-gaap:NetCashProvidedByUsedInOperatingActivities,Net Cash Provided by Operating Activities,4Q24,5.727,(derived),,,,,derived,FY24 - 9M24 = 32.616 - 26.889
cash_flow,us-gaap:NetCashProvidedByUsedInOperatingActivities,Net Cash Provided by Operating Activities,2Q25,6.835000000000001,(derived),,,,,derived,6M25 - 1Q25 = 15.759 - 8.924
cash_flow,us-gaap:NetCashProvidedByUsedInOperatingActivities,Net Cash Provided by Operating Activities,3Q25,12.597999999999999,(derived),,,,,derived,9M25 - 6M25 = 28.357 - 15.759
cash_flow,us-gaap:NetCashProvidedByUsedInOperatingActivities,Net Cash Provided by Operating Activities,4Q25,10.628,(derived),,,,,derived,FY25 - 9M25 = 38.985 - 28.357
cash_flow,us-gaap:NetCashProvidedByUsedInOperatingActivities,Net Cash Provided by Operating Activities,2Q26,12.881,(derived),,,,,derived,6M26 - 1Q26 = 16.504 - 3.623
cash_flow,us-gaap:NetCashProvidedByUsedInOperatingActivities,Net Cash Provided by Operating Activities,3Q26,12.145,(derived),,,,,derived,9M26 - 6M26 = 28.649 - 16.504
cash_flow,us-gaap:NetCashProvidedByUsedInOperatingActivities,Net Cash Provided by Operating Activities,4Q26,6.2010000000000005,(derived),,,,,derived,FY26 - 9M26 = 34.85 - 28.649
cash_flow,us-gaap:PaymentsToAcquirePropertyPlantAndEquipment,Purchase of Property and Equipment,2Q21,-1.8550000000000002,(derived),,,,,derived,6M21 - 1Q21 = -3.116 - -1.261
cash_flow,us-gaap:PaymentsToAcquirePropertyPlantAndEquipment,Purchase of Property and Equipment,3Q21,-1.1789999999999998,(derived),,,,,derived,9M21 - 6M21 = -4.295 - -3.116
cash_flow,us-gaap:PaymentsToAcquirePropertyPlantAndEquipment,Purchase of Property and Equipment,2Q22,-2.567,(derived),,,,,derived,6M22 - 1Q22 = -3.77 - -1.203
cash_flow,us-gaap:PaymentsToAcquirePropertyPlantAndEquipment,Purchase of Property and Equipment,3Q22,-2.0909999999999997,(derived),,,,,derived,9M22 - 6M22 = -5.861 - -3.77
cash_flow,us-gaap:PaymentsToAcquirePropertyPlantAndEquipment,Purchase of Property and Equipment,2Q23,-2.373,(derived),,,,,derived,6M23 - 1Q23 = -4.772 - -2.399
cash_flow,us-gaap:PaymentsToAcquirePropertyPlantAndEquipment,Purchase of Property and Equipment,3Q23,-2.377,(derived),,,,,derived,9M23 - 6M23 = -7.149 - -4.772
cash_flow,us-gaap:PaymentsToAcquirePropertyPlantAndEquipment,Purchase of Property and Equipment,4Q23,-2.2649999999999997,(derived),,,,,derived,FY23 - 9M23 = -9.414 - -7.149
cash_flow,us-gaap:PaymentsToAcquirePropertyPlantAndEquipment,Purchase of Property and Equipment,2Q24,-2.677,(derived),,,,,derived,6M24 - 1Q24 = -5.444 - -2.767
cash_flow,us-gaap:PaymentsToAcquirePropertyPlantAndEquipment,Purchase of Property and Equipment,3Q24,-3.6550000000000002,(derived),,,,,derived,9M24 - 6M24 = -9.099 - -5.444
cash_flow,us-gaap:PaymentsToAcquirePropertyPlantAndEquipment,Purchase of Property and Equipment,4Q24,-4.180999999999999,(derived),,,,,derived,FY24 - 9M24 = -13.28 - -9.099
cash_flow,us-gaap:PaymentsToAcquirePropertyPlantAndEquipment,Purchase of Property and Equipment,2Q25,-3.959,(derived),,,,,derived,6M25 - 1Q25 = -7.633 - -3.674
cash_flow,us-gaap:PaymentsToAcquirePropertyPlantAndEquipment,Purchase of Property and Equipment,3Q25,-2.8690000000000007,(derived),,,,,derived,9M25 - 6M25 = -10.502 - -7.633
cash_flow,us-gaap:PaymentsToAcquirePropertyPlantAndEquipment,Purchase of Property and Equipment,4Q25,-2.6949999999999985,(derived),,,,,derived,FY25 - 9M25 = -13.197 - -10.502
cash_flow,us-gaap:PaymentsToAcquirePropertyPlantAndEquipment,Purchase of Property and Equipment,2Q26,-4.4319999999999995,(derived),,,,,derived,6M26 - 1Q26 = -9.03 - -4.598
cash_flow,us-gaap:PaymentsToAcquirePropertyPlantAndEquipment,Purchase of Property and Equipment,3Q26,-2.6790000000000003,(derived),,,,,derived,9M26 - 6M26 = -11.709 - -9.03
cash_flow,us-gaap:PaymentsToAcquirePropertyPlantAndEquipment,Purchase of Property and Equipment,4Q26,-3.5890000000000004,(derived),,,,,derived,FY26 - 9M26 = -15.298 - -11.709
cash_flow,us-gaap:ProceedsFromSaleOfPropertyPlantAndEquipment,Proceeds from Sale of Property and Equipment,3Q22,0.012,(derived),,,,,derived,"9M22 - 6M22(=0, not reported) = 0.012 - 0.0"
cash_flow,us-gaap:ProceedsFromSaleOfPropertyPlantAndEquipment,Proceeds from Sale of Property and Equipment,2Q23,0.0,(derived),,,,,derived,6M23 - 1Q23 = 0.01 - 0.01
cash_flow,us-gaap:ProceedsFromSaleOfPropertyPlantAndEquipment,Proceeds from Sale of Property and Equipment,3Q23,0.0,(derived),,,,,derived,9M23 - 6M23 = 0.01 - 0.01
cash_flow,us-gaap:ProceedsFromSaleOfPropertyPlantAndEquipment,Proceeds from Sale of Property and Equipment,4Q23,0.0,(derived),,,,,derived,FY23 - 9M23 = 0.01 - 0.01
cash_flow,us-gaap:PaymentsToAcquireBusinessesNetOfCashAcquired,"Business Acquisitions, net of cash acquired",3Q21,-3.447,(derived),,,,,derived,"9M21 - 6M21(=0, not reported) = -3.447 - 0.0"
cash_flow,us-gaap:PaymentsToAcquireBusinessesNetOfCashAcquired,"Business Acquisitions, net of cash acquired",2Q22,-19.979,(derived),,,,,derived,6M22 - 1Q22 = -20.91 - -0.931
cash_flow,us-gaap:PaymentsToAcquireBusinessesNetOfCashAcquired,"Business Acquisitions, net of cash acquired",3Q22,0.0,(derived),,,,,derived,9M22 - 6M22 = -20.91 - -20.91
cash_flow,us-gaap:PaymentsToAcquireBusinessesNetOfCashAcquired,"Business Acquisitions, net of cash acquired",2Q23,0.0,(derived),,,,,derived,6M23 - 1Q23 = -4.04 - -4.04
cash_flow,us-gaap:PaymentsToAcquireBusinessesNetOfCashAcquired,"Business Acquisitions, net of cash acquired",3Q23,-4.265999999999999,(derived),,,,,derived,9M23 - 6M23 = -8.306 - -4.04
cash_flow,us-gaap:PaymentsToAcquireBusinessesNetOfCashAcquired,"Business Acquisitions, net of cash acquired",4Q23,-0.8030000000000008,(derived),,,,,derived,FY23 - 9M23 = -9.109 - -8.306
cash_flow,us-gaap:PaymentsToAcquireBusinessesNetOfCashAcquired,"Business Acquisitions, net of cash acquired",2Q24,-10.013,(derived),,,,,derived,6M24 - 1Q24 = -12.882 - -2.869
cash_flow,us-gaap:PaymentsToAcquireBusinessesNetOfCashAcquired,"Business Acquisitions, net of cash acquired",3Q24,-0.05000000000000071,(derived),,,,,derived,9M24 - 6M24 = -12.932 - -12.882
cash_flow,us-gaap:PaymentsToAcquireBusinessesNetOfCashAcquired,"Business Acquisitions, net of cash acquired",4Q24,0.0730000000000004,(derived),,,,,derived,FY24 - 9M24 = -12.859 - -12.932
cash_flow,us-gaap:PaymentsToAcquireBusinessesNetOfCashAcquired,"Business Acquisitions, net of cash acquired",2Q25,0.09499999999999886,(derived),,,,,derived,6M25 - 1Q25 = -15.858 - -15.953
cash_flow,us-gaap:PaymentsToAcquireBusinessesNetOfCashAcquired,"Business Acquisitions, net of cash acquired",3Q25,-70.237,(derived),,,,,derived,9M25 - 6M25 = -86.095 - -15.858
cash_flow,us-gaap:PaymentsToAcquireBusinessesNetOfCashAcquired,"Business Acquisitions, net of cash acquired",4Q25,-1.3410000000000082,(derived),,,,,derived,FY25 - 9M25 = -87.436 - -86.095
cash_flow,us-gaap:PaymentsToAcquireBusinessesNetOfCashAcquired,"Business Acquisitions, net of cash acquired",2Q26,-82.526,(derived),,,,,derived,"6M26 - 1Q26(=0, not reported) = -82.526 - 0.0"
cash_flow,us-gaap:PaymentsToAcquireBusinessesNetOfCashAcquired,"Business Acquisitions, net of cash acquired",3Q26,0.000999999999990564,(derived),,,,,derived,9M26 - 6M26 = -82.525 - -82.526
cash_flow,us-gaap:PaymentsToAcquireBusinessesNetOfCashAcquired,"Business Acquisitions, net of cash acquired",4Q26,0.0,(derived),,,,,derived,FY26 - 9M26 = -82.525 - -82.525
cash_flow,us-gaap:NetCashProvidedByUsedInInvestingActivities,Net Cash Used in Investing Activities,2Q21,-1.8550000000000002,(derived),,,,,derived,6M21 - 1Q21 = -3.116 - -1.261
cash_flow,us-gaap:NetCashProvidedByUsedInInvestingActivities,Net Cash Used in Investing Activities,3Q21,-4.6259999999999994,(derived),,,,,derived,9M21 - 6M21 = -7.742 - -3.116
cash_flow,us-gaap:NetCashProvidedByUsedInInvestingActivities,Net Cash Used in Investing Activities,2Q22,-22.546,(derived),,,,,derived,6M22 - 1Q22 = -24.68 - -2.134
cash_flow,us-gaap:NetCashProvidedByUsedInInvestingActivities,Net Cash Used in Investing Activities,3Q22,-2.0790000000000006,(derived),,,,,derived,9M22 - 6M22 = -26.759 - -24.68
cash_flow,us-gaap:NetCashProvidedByUsedInInvestingActivities,Net Cash Used in Investing Activities,2Q23,-2.3729999999999993,(derived),,,,,derived,6M23 - 1Q23 = -8.802 - -6.429
cash_flow,us-gaap:NetCashProvidedByUsedInInvestingActivities,Net Cash Used in Investing Activities,3Q23,-6.643000000000001,(derived),,,,,derived,9M23 - 6M23 = -15.445 - -8.802
cash_flow,us-gaap:NetCashProvidedByUsedInInvestingActivities,Net Cash Used in Investing Activities,4Q23,-3.0680000000000014,(derived),,,,,derived,FY23 - 9M23 = -18.513 - -15.445
cash_flow,us-gaap:NetCashProvidedByUsedInInvestingActivities,Net Cash Used in Investing Activities,2Q24,-12.690000000000001,(derived),,,,,derived,6M24 - 1Q24 = -18.326 - -5.636
cash_flow,us-gaap:NetCashProvidedByUsedInInvestingActivities,Net Cash Used in Investing Activities,3Q24,-3.7049999999999983,(derived),,,,,derived,9M24 - 6M24 = -22.031 - -18.326
cash_flow,us-gaap:NetCashProvidedByUsedInInvestingActivities,Net Cash Used in Investing Activities,4Q24,-19.641,(derived),,,,,derived,FY24 - 9M24 = -41.672 - -22.031
cash_flow,us-gaap:NetCashProvidedByUsedInInvestingActivities,Net Cash Used in Investing Activities,2Q25,-3.864,(derived),,,,,derived,6M25 - 1Q25 = -7.958 - -4.094
cash_flow,us-gaap:NetCashProvidedByUsedInInvestingActivities,Net Cash Used in Investing Activities,3Q25,-72.006,(derived),,,,,derived,9M25 - 6M25 = -79.964 - -7.958
cash_flow,us-gaap:NetCashProvidedByUsedInInvestingActivities,Net Cash Used in Investing Activities,4Q25,-4.036000000000001,(derived),,,,,derived,FY25 - 9M25 = -84.0 - -79.964
cash_flow,us-gaap:NetCashProvidedByUsedInInvestingActivities,Net Cash Used in Investing Activities,2Q26,-86.958,(derived),,,,,derived,6M26 - 1Q26 = -91.556 - -4.598
cash_flow,us-gaap:NetCashProvidedByUsedInInvestingActivities,Net Cash Used in Investing Activities,3Q26,-2.6770000000000067,(derived),,,,,derived,9M26 - 6M26 = -94.233 - -91.556
cash_flow,us-gaap:NetCashProvidedByUsedInInvestingActivities,Net Cash Used in Investing Activities,4Q26,-3.589999999999989,(derived),,,,,derived,FY26 - 9M26 = -97.823 - -94.233
cash_flow,us-gaap:ProceedsFromRepaymentsOfLinesOfCredit,"Proceeds From Revolving Credit Facility, net of lender fees",2Q21,-5.302,(derived),,,,,derived,6M21 - 1Q21 = -6.632 - -1.33
cash_flow,us-gaap:ProceedsFromRepaymentsOfLinesOfCredit,"Proceeds From Revolving Credit Facility, net of lender fees",3Q21,2.128,(derived),,,,,derived,9M21 - 6M21 = -4.504 - -6.632
cash_flow,us-gaap:ProceedsFromRepaymentsOfLinesOfCredit,"Proceeds From Revolving Credit Facility, net of lender fees",2Q22,21.268,(derived),,,,,derived,6M22 - 1Q22 = 24.511 - 3.243
cash_flow,us-gaap:ProceedsFromRepaymentsOfLinesOfCredit,"Proceeds From Revolving Credit Facility, net of lender fees",3Q22,-1.7509999999999977,(derived),,,,,derived,9M22 - 6M22 = 22.76 - 24.511
cash_flow,us-gaap:ProceedsFromRepaymentsOfLinesOfCredit,"Proceeds From Revolving Credit Facility, net of lender fees",2Q23,-0.4289999999999998,(derived),,,,,derived,6M23 - 1Q23 = 3.387 - 3.816
cash_flow,us-gaap:ProceedsFromRepaymentsOfLinesOfCredit,"Proceeds From Revolving Credit Facility, net of lender fees",3Q23,-1.101,(derived),,,,,derived,9M23 - 6M23 = 2.286 - 3.387
cash_flow,us-gaap:ProceedsFromRepaymentsOfLinesOfCredit,"Proceeds From Revolving Credit Facility, net of lender fees",4Q23,0.5,(derived),,,,,derived,FY23 - 9M23 = 2.786 - 2.286
cash_flow,us-gaap:ProceedsFromRepaymentsOfLinesOfCredit,"Proceeds From Revolving Credit Facility, net of lender fees",2Q24,5.492,(derived),,,,,derived,6M24 - 1Q24 = 5.288 - -0.204
cash_flow,us-gaap:ProceedsFromRepaymentsOfLinesOfCredit,"Proceeds From Revolving Credit Facility, net of lender fees",3Q24,-48.001000000000005,(derived),,,,,derived,9M24 - 6M24 = -42.713 - 5.288
cash_flow,us-gaap:ProceedsFromRepaymentsOfLinesOfCredit,"Proceeds From Revolving Credit Facility, net of lender fees",4Q24,0.0,(derived),,,,,derived,FY24 - 9M24 = -42.713 - -42.713
cash_flow,us-gaap:ProceedsFromRepaymentsOfLinesOfCredit,"Proceeds From Revolving Credit Facility, net of lender fees",3Q25,39.495,(derived),,,,,derived,"9M25 - 6M25(=0, not reported) = 39.495 - 0.0"
cash_flow,us-gaap:ProceedsFromRepaymentsOfLinesOfCredit,"Proceeds From Revolving Credit Facility, net of lender fees",4Q25,-8.604,(derived),,,,,derived,FY25 - 9M25 = 30.891 - 39.495
cash_flow,us-gaap:ProceedsFromRepaymentsOfLinesOfCredit,"Proceeds From Revolving Credit Facility, net of lender fees",2Q26,128.745,(derived),,,,,derived,6M26 - 1Q26 = 131.036 - 2.291
cash_flow,us-gaap:ProceedsFromRepaymentsOfLinesOfCredit,"Proceeds From Revolving Credit Facility, net of lender fees",3Q26,-0.40500000000000114,(derived),,,,,derived,9M26 - 6M26 = 130.631 - 131.036
cash_flow,us-gaap:ProceedsFromRepaymentsOfLinesOfCredit,"Proceeds From Revolving Credit Facility, net of lender fees",4Q26,26.04400000000001,(derived),,,,,derived,FY26 - 9M26 = 156.675 - 130.631
cash_flow,us-gaap:RepaymentsOfLongTermDebt,Repayments of Term Loan,2Q21,-0.492,(derived),,,,,derived,6M21 - 1Q21 = -0.979 - -0.487
cash_flow,us-gaap:RepaymentsOfLongTermDebt,Repayments of Term Loan,3Q21,-0.4980000000000001,(derived),,,,,derived,9M21 - 6M21 = -1.477 - -0.979
cash_flow,us-gaap:RepaymentsOfLongTermDebt,Repayments of Term Loan,2Q22,-0.4129999999999999,(derived),,,,,derived,6M22 - 1Q22 = -1.021 - -0.608
cash_flow,us-gaap:RepaymentsOfLongTermDebt,Repayments of Term Loan,3Q22,-0.544,(derived),,,,,derived,9M22 - 6M22 = -1.565 - -1.021
cash_flow,us-gaap:RepaymentsOfLongTermDebt,Repayments of Term Loan,2Q23,-0.536,(derived),,,,,derived,6M23 - 1Q23 = -1.026 - -0.49
cash_flow,us-gaap:RepaymentsOfLongTermDebt,Repayments of Term Loan,3Q23,-0.544,(derived),,,,,derived,9M23 - 6M23 = -1.57 - -1.026
cash_flow,us-gaap:RepaymentsOfLongTermDebt,Repayments of Term Loan,4Q23,-0.5509999999999999,(derived),,,,,derived,FY23 - 9M23 = -2.121 - -1.57
cash_flow,us-gaap:RepaymentsOfLongTermDebt,Repayments of Term Loan,2Q24,-0.559,(derived),,,,,derived,6M24 - 1Q24 = -1.112 - -0.553
cash_flow,us-gaap:RepaymentsOfLongTermDebt,Repayments of Term Loan,3Q24,-0.5659999999999998,(derived),,,,,derived,9M24 - 6M24 = -1.678 - -1.112
cash_flow,us-gaap:RepaymentsOfLongTermDebt,Repayments of Term Loan,4Q24,-0.5700000000000003,(derived),,,,,derived,FY24 - 9M24 = -2.248 - -1.678
cash_flow,us-gaap:RepaymentsOfLongTermDebt,Repayments of Term Loan,2Q25,-0.582,(derived),,,,,derived,6M25 - 1Q25 = -1.158 - -0.576
cash_flow,us-gaap:RepaymentsOfLongTermDebt,Repayments of Term Loan,3Q25,-0.5870000000000002,(derived),,,,,derived,9M25 - 6M25 = -1.745 - -1.158
cash_flow,us-gaap:RepaymentsOfLongTermDebt,Repayments of Term Loan,4Q25,-0.593,(derived),,,,,derived,FY25 - 9M25 = -2.338 - -1.745
cash_flow,us-gaap:RepaymentsOfLongTermDebt,Repayments of Term Loan,2Q26,-1.214,(derived),,,,,derived,6M26 - 1Q26 = -1.816 - -0.602
cash_flow,us-gaap:RepaymentsOfLongTermDebt,Repayments of Term Loan,3Q26,0.0,(derived),,,,,derived,9M26 - 6M26 = -1.816 - -1.816
cash_flow,us-gaap:RepaymentsOfLongTermDebt,Repayments of Term Loan,4Q26,0.0,(derived),,,,,derived,FY26 - 9M26 = -1.816 - -1.816
cash_flow,trns:ProceedsFromIssuanceOfCommonStockNet,"Issuance of Common Stock, net of direct costs",2Q21,0.09099999999999997,(derived),,,,,derived,6M21 - 1Q21 = 0.474 - 0.383
cash_flow,trns:ProceedsFromIssuanceOfCommonStockNet,"Issuance of Common Stock, net of direct costs",3Q21,0.17500000000000004,(derived),,,,,derived,9M21 - 6M21 = 0.649 - 0.474
cash_flow,trns:ProceedsFromIssuanceOfCommonStockNet,"Issuance of Common Stock, net of direct costs",2Q22,0.539,(derived),,,,,derived,6M22 - 1Q22 = 1.238 - 0.699
cash_flow,trns:ProceedsFromIssuanceOfCommonStockNet,"Issuance of Common Stock, net of direct costs",3Q22,0.1160000000000001,(derived),,,,,derived,9M22 - 6M22 = 1.354 - 1.238
cash_flow,trns:ProceedsFromIssuanceOfCommonStockNet,"Issuance of Common Stock, net of direct costs",2Q23,0.143,(derived),,,,,derived,6M23 - 1Q23 = 0.364 - 0.221
cash_flow,trns:ProceedsFromIssuanceOfCommonStockNet,"Issuance of Common Stock, net of direct costs",3Q23,0.139,(derived),,,,,derived,9M23 - 6M23 = 0.503 - 0.364
cash_flow,trns:ProceedsFromIssuanceOfCommonStockNet,"Issuance of Common Stock, net of direct costs",4Q23,0.15500000000000003,(derived),,,,,derived,FY23 - 9M23 = 0.658 - 0.503
cash_flow,trns:ProceedsFromIssuanceOfCommonStockNet,"Issuance of Common Stock, net of direct costs",2Q24,0.185,(derived),,,,,derived,6M24 - 1Q24 = 0.384 - 0.199
cash_flow,trns:ProceedsFromIssuanceOfCommonStockNet,"Issuance of Common Stock, net of direct costs",3Q24,75.33,(derived),,,,,derived,9M24 - 6M24 = 75.714 - 0.384
cash_flow,trns:ProceedsFromIssuanceOfCommonStockNet,"Issuance of Common Stock, net of direct costs",4Q24,1.5520000000000067,(derived),,,,,derived,FY24 - 9M24 = 77.266 - 75.714
cash_flow,trns:ProceedsFromIssuanceOfCommonStockNet,"Issuance of Common Stock, net of direct costs",2Q25,0.578,(derived),,,,,derived,6M25 - 1Q25 = 0.838 - 0.26
cash_flow,trns:ProceedsFromIssuanceOfCommonStockNet,"Issuance of Common Stock, net of direct costs",3Q25,0.928,(derived),,,,,derived,9M25 - 6M25 = 1.766 - 0.838
cash_flow,trns:ProceedsFromIssuanceOfCommonStockNet,"Issuance of Common Stock, net of direct costs",4Q25,0.1080000000000001,(derived),,,,,derived,FY25 - 9M25 = 1.874 - 1.766
cash_flow,trns:ProceedsFromIssuanceOfCommonStockNet,"Issuance of Common Stock, net of direct costs",2Q26,0.23399999999999999,(derived),,,,,derived,6M26 - 1Q26 = 0.491 - 0.257
cash_flow,trns:ProceedsFromIssuanceOfCommonStockNet,"Issuance of Common Stock, net of direct costs",3Q26,0.18600000000000005,(derived),,,,,derived,9M26 - 6M26 = 0.677 - 0.491
cash_flow,trns:ProceedsFromIssuanceOfCommonStockNet,"Issuance of Common Stock, net of direct costs",4Q26,0.16499999999999992,(derived),,,,,derived,FY26 - 9M26 = 0.842 - 0.677
cash_flow,us-gaap:PaymentsForRepurchaseOfCommonStock,Repurchase of Common Stock,2Q21,0.0,(derived),,,,,derived,6M21 - 1Q21 = -1.287 - -1.287
cash_flow,us-gaap:PaymentsForRepurchaseOfCommonStock,Repurchase of Common Stock,3Q21,0.0,(derived),,,,,derived,9M21 - 6M21 = -1.287 - -1.287
cash_flow,us-gaap:PaymentsForRepurchaseOfCommonStock,Repurchase of Common Stock,2Q22,-2.2720000000000002,(derived),,,,,derived,6M22 - 1Q22 = -5.649 - -3.377
cash_flow,us-gaap:PaymentsForRepurchaseOfCommonStock,Repurchase of Common Stock,3Q22,0.0,(derived),,,,,derived,9M22 - 6M22 = -5.649 - -5.649
cash_flow,us-gaap:PaymentsForRepurchaseOfCommonStock,Repurchase of Common Stock,2Q23,0.0,(derived),,,,,derived,6M23 - 1Q23 = -0.437 - -0.437
cash_flow,us-gaap:PaymentsForRepurchaseOfCommonStock,Repurchase of Common Stock,3Q23,0.0,(derived),,,,,derived,9M23 - 6M23 = -0.437 - -0.437
cash_flow,us-gaap:PaymentsForRepurchaseOfCommonStock,Repurchase of Common Stock,4Q23,-0.010000000000000009,(derived),,,,,derived,FY23 - 9M23 = -0.447 - -0.437
cash_flow,us-gaap:PaymentsForRepurchaseOfCommonStock,Repurchase of Common Stock,2Q24,-1.946,(derived),,,,,derived,6M24 - 1Q24 = -2.247 - -0.301
cash_flow,us-gaap:PaymentsForRepurchaseOfCommonStock,Repurchase of Common Stock,3Q24,0.0,(derived),,,,,derived,9M24 - 6M24 = -2.247 - -2.247
cash_flow,us-gaap:PaymentsForRepurchaseOfCommonStock,Repurchase of Common Stock,4Q24,-2.659,(derived),,,,,derived,FY24 - 9M24 = -4.906 - -2.247
cash_flow,us-gaap:PaymentsForRepurchaseOfCommonStock,Repurchase of Common Stock,2Q25,-1.4069999999999998,(derived),,,,,derived,6M25 - 1Q25 = -3.026 - -1.619
cash_flow,us-gaap:PaymentsForRepurchaseOfCommonStock,Repurchase of Common Stock,3Q25,-0.18200000000000038,(derived),,,,,derived,9M25 - 6M25 = -3.208 - -3.026
cash_flow,us-gaap:PaymentsForRepurchaseOfCommonStock,Repurchase of Common Stock,4Q25,-0.35699999999999976,(derived),,,,,derived,FY25 - 9M25 = -3.565 - -3.208
cash_flow,us-gaap:PaymentsForRepurchaseOfCommonStock,Repurchase of Common Stock,2Q26,-0.11,(derived),,,,,derived,"6M26 - 1Q26(=0, not reported) = -0.11 - 0.0"
cash_flow,us-gaap:PaymentsForRepurchaseOfCommonStock,Repurchase of Common Stock,3Q26,0.012999999999999998,(derived),,,,,derived,9M26 - 6M26 = -0.097 - -0.11
cash_flow,us-gaap:PaymentsForRepurchaseOfCommonStock,Repurchase of Common Stock,4Q26,-0.372,(derived),,,,,derived,FY26 - 9M26 = -0.469 - -0.097
cash_flow,us-gaap:NetCashProvidedByUsedInFinancingActivities,Net Cash Provided by Financing Activities,2Q21,-5.702999999999999,(derived),,,,,derived,6M21 - 1Q21 = -8.424 - -2.721
cash_flow,us-gaap:NetCashProvidedByUsedInFinancingActivities,Net Cash Provided by Financing Activities,3Q21,1.8049999999999997,(derived),,,,,derived,9M21 - 6M21 = -6.619 - -8.424
cash_flow,us-gaap:NetCashProvidedByUsedInFinancingActivities,Net Cash Provided by Financing Activities,2Q22,19.122,(derived),,,,,derived,6M22 - 1Q22 = 19.079 - -0.043
cash_flow,us-gaap:NetCashProvidedByUsedInFinancingActivities,Net Cash Provided by Financing Activities,3Q22,-2.179000000000002,(derived),,,,,derived,9M22 - 6M22 = 16.9 - 19.079
cash_flow,us-gaap:NetCashProvidedByUsedInFinancingActivities,Net Cash Provided by Financing Activities,2Q23,-0.8220000000000001,(derived),,,,,derived,6M23 - 1Q23 = 2.288 - 3.11
cash_flow,us-gaap:NetCashProvidedByUsedInFinancingActivities,Net Cash Provided by Financing Activities,3Q23,-1.5059999999999998,(derived),,,,,derived,9M23 - 6M23 = 0.782 - 2.288
cash_flow,us-gaap:NetCashProvidedByUsedInFinancingActivities,Net Cash Provided by Financing Activities,4Q23,0.09399999999999997,(derived),,,,,derived,FY23 - 9M23 = 0.876 - 0.782
cash_flow,us-gaap:NetCashProvidedByUsedInFinancingActivities,Net Cash Provided by Financing Activities,2Q24,3.172,(derived),,,,,derived,6M24 - 1Q24 = 2.313 - -0.859
cash_flow,us-gaap:NetCashProvidedByUsedInFinancingActivities,Net Cash Provided by Financing Activities,3Q24,26.763,(derived),,,,,derived,9M24 - 6M24 = 29.076 - 2.313
cash_flow,us-gaap:NetCashProvidedByUsedInFinancingActivities,Net Cash Provided by Financing Activities,4Q24,-1.6769999999999996,(derived),,,,,derived,FY24 - 9M24 = 27.399 - 29.076
cash_flow,us-gaap:NetCashProvidedByUsedInFinancingActivities,Net Cash Provided by Financing Activities,2Q25,-1.411,(derived),,,,,derived,6M25 - 1Q25 = -3.346 - -1.935
cash_flow,us-gaap:NetCashProvidedByUsedInFinancingActivities,Net Cash Provided by Financing Activities,3Q25,39.653999999999996,(derived),,,,,derived,9M25 - 6M25 = 36.308 - -3.346
cash_flow,us-gaap:NetCashProvidedByUsedInFinancingActivities,Net Cash Provided by Financing Activities,4Q25,-9.446000000000002,(derived),,,,,derived,FY25 - 9M25 = 26.862 - 36.308
cash_flow,us-gaap:NetCashProvidedByUsedInFinancingActivities,Net Cash Provided by Financing Activities,2Q26,77.248,(derived),,,,,derived,6M26 - 1Q26 = 79.194 - 1.946
cash_flow,us-gaap:NetCashProvidedByUsedInFinancingActivities,Net Cash Provided by Financing Activities,3Q26,-12.204999999999998,(derived),,,,,derived,9M26 - 6M26 = 66.989 - 79.194
cash_flow,us-gaap:NetCashProvidedByUsedInFinancingActivities,Net Cash Provided by Financing Activities,4Q26,-0.48799999999999955,(derived),,,,,derived,FY26 - 9M26 = 66.501 - 66.989
cash_flow,us-gaap:EffectOfExchangeRateOnCashCashEquivalentsRestrictedCashAndRestrictedCashEquivalentsIncludingDisposalGroupAndDiscontinuedOperations,Effect of Exchange Rate Changes on Cash,2Q21,-0.27999999999999997,(derived),,,,,derived,6M21 - 1Q21 = -0.473 - -0.193
cash_flow,us-gaap:EffectOfExchangeRateOnCashCashEquivalentsRestrictedCashAndRestrictedCashEquivalentsIncludingDisposalGroupAndDiscontinuedOperations,Effect of Exchange Rate Changes on Cash,3Q21,-0.278,(derived),,,,,derived,9M21 - 6M21 = -0.751 - -0.473
cash_flow,us-gaap:EffectOfExchangeRateOnCashCashEquivalentsRestrictedCashAndRestrictedCashEquivalentsIncludingDisposalGroupAndDiscontinuedOperations,Effect of Exchange Rate Changes on Cash,2Q22,0.274,(derived),,,,,derived,6M22 - 1Q22 = 0.09 - -0.184
cash_flow,us-gaap:EffectOfExchangeRateOnCashCashEquivalentsRestrictedCashAndRestrictedCashEquivalentsIncludingDisposalGroupAndDiscontinuedOperations,Effect of Exchange Rate Changes on Cash,3Q22,-0.39,(derived),,,,,derived,9M22 - 6M22 = -0.3 - 0.09
cash_flow,us-gaap:EffectOfExchangeRateOnCashCashEquivalentsRestrictedCashAndRestrictedCashEquivalentsIncludingDisposalGroupAndDiscontinuedOperations,Effect of Exchange Rate Changes on Cash,2Q23,0.46900000000000003,(derived),,,,,derived,6M23 - 1Q23 = 0.792 - 0.323
cash_flow,us-gaap:EffectOfExchangeRateOnCashCashEquivalentsRestrictedCashAndRestrictedCashEquivalentsIncludingDisposalGroupAndDiscontinuedOperations,Effect of Exchange Rate Changes on Cash,3Q23,0.09299999999999997,(derived),,,,,derived,9M23 - 6M23 = 0.885 - 0.792
cash_flow,us-gaap:EffectOfExchangeRateOnCashCashEquivalentsRestrictedCashAndRestrictedCashEquivalentsIncludingDisposalGroupAndDiscontinuedOperations,Effect of Exchange Rate Changes on Cash,4Q23,-0.06400000000000006,(derived),,,,,derived,FY23 - 9M23 = 0.821 - 0.885
cash_flow,us-gaap:EffectOfExchangeRateOnCashCashEquivalentsRestrictedCashAndRestrictedCashEquivalentsIncludingDisposalGroupAndDiscontinuedOperations,Effect of Exchange Rate Changes on Cash,2Q24,0.179,(derived),,,,,derived,6M24 - 1Q24 = -0.244 - -0.423
cash_flow,us-gaap:EffectOfExchangeRateOnCashCashEquivalentsRestrictedCashAndRestrictedCashEquivalentsIncludingDisposalGroupAndDiscontinuedOperations,Effect of Exchange Rate Changes on Cash,3Q24,-0.016000000000000014,(derived),,,,,derived,9M24 - 6M24 = -0.26 - -0.244
cash_flow,us-gaap:EffectOfExchangeRateOnCashCashEquivalentsRestrictedCashAndRestrictedCashEquivalentsIncludingDisposalGroupAndDiscontinuedOperations,Effect of Exchange Rate Changes on Cash,4Q24,0.032,(derived),,,,,derived,FY24 - 9M24 = -0.228 - -0.26
cash_flow,us-gaap:EffectOfExchangeRateOnCashCashEquivalentsRestrictedCashAndRestrictedCashEquivalentsIncludingDisposalGroupAndDiscontinuedOperations,Effect of Exchange Rate Changes on Cash,2Q25,-0.40199999999999997,(derived),,,,,derived,6M25 - 1Q25 = -0.286 - 0.116
cash_flow,us-gaap:EffectOfExchangeRateOnCashCashEquivalentsRestrictedCashAndRestrictedCashEquivalentsIncludingDisposalGroupAndDiscontinuedOperations,Effect of Exchange Rate Changes on Cash,3Q25,0.579,(derived),,,,,derived,9M25 - 6M25 = 0.293 - -0.286
cash_flow,us-gaap:EffectOfExchangeRateOnCashCashEquivalentsRestrictedCashAndRestrictedCashEquivalentsIncludingDisposalGroupAndDiscontinuedOperations,Effect of Exchange Rate Changes on Cash,4Q25,-0.26899999999999996,(derived),,,,,derived,FY25 - 9M25 = 0.024 - 0.293
cash_flow,us-gaap:EffectOfExchangeRateOnCashCashEquivalentsRestrictedCashAndRestrictedCashEquivalentsIncludingDisposalGroupAndDiscontinuedOperations,Effect of Exchange Rate Changes on Cash,2Q26,0.051000000000000045,(derived),,,,,derived,6M26 - 1Q26 = -0.576 - -0.627
cash_flow,us-gaap:EffectOfExchangeRateOnCashCashEquivalentsRestrictedCashAndRestrictedCashEquivalentsIncludingDisposalGroupAndDiscontinuedOperations,Effect of Exchange Rate Changes on Cash,3Q26,1.126,(derived),,,,,derived,9M26 - 6M26 = 0.55 - -0.576
cash_flow,us-gaap:EffectOfExchangeRateOnCashCashEquivalentsRestrictedCashAndRestrictedCashEquivalentsIncludingDisposalGroupAndDiscontinuedOperations,Effect of Exchange Rate Changes on Cash,4Q26,-0.653,(derived),,,,,derived,FY26 - 9M26 = -0.103 - 0.55
cash_flow,us-gaap:CashCashEquivalentsRestrictedCashAndRestrictedCashEquivalentsPeriodIncreaseDecreaseIncludingExchangeRateEffect,Net (Decrease) Increase in Cash and Cash Equivalents,2Q21,0.5960000000000001,(derived),,,,,derived,6M21 - 1Q21 = 0.463 - -0.133
cash_flow,us-gaap:CashCashEquivalentsRestrictedCashAndRestrictedCashEquivalentsPeriodIncreaseDecreaseIncludingExchangeRateEffect,Net (Decrease) Increase in Cash and Cash Equivalents,3Q21,0.07200000000000001,(derived),,,,,derived,9M21 - 6M21 = 0.535 - 0.463
cash_flow,us-gaap:CashCashEquivalentsRestrictedCashAndRestrictedCashEquivalentsPeriodIncreaseDecreaseIncludingExchangeRateEffect,Net (Decrease) Increase in Cash and Cash Equivalents,2Q22,2.297,(derived),,,,,derived,6M22 - 1Q22 = 1.991 - -0.306
cash_flow,us-gaap:CashCashEquivalentsRestrictedCashAndRestrictedCashEquivalentsPeriodIncreaseDecreaseIncludingExchangeRateEffect,Net (Decrease) Increase in Cash and Cash Equivalents,3Q22,0.22799999999999976,(derived),,,,,derived,9M22 - 6M22 = 2.219 - 1.991
cash_flow,us-gaap:CashCashEquivalentsRestrictedCashAndRestrictedCashEquivalentsPeriodIncreaseDecreaseIncludingExchangeRateEffect,Net (Decrease) Increase in Cash and Cash Equivalents,2Q23,0.46599999999999997,(derived),,,,,derived,6M23 - 1Q23 = -0.487 - -0.953
cash_flow,us-gaap:CashCashEquivalentsRestrictedCashAndRestrictedCashEquivalentsPeriodIncreaseDecreaseIncludingExchangeRateEffect,Net (Decrease) Increase in Cash and Cash Equivalents,3Q23,0.6839999999999999,(derived),,,,,derived,9M23 - 6M23 = 0.197 - -0.487
cash_flow,us-gaap:CashCashEquivalentsRestrictedCashAndRestrictedCashEquivalentsPeriodIncreaseDecreaseIncludingExchangeRateEffect,Net (Decrease) Increase in Cash and Cash Equivalents,4Q23,-0.062,(derived),,,,,derived,FY23 - 9M23 = 0.135 - 0.197
cash_flow,us-gaap:CashCashEquivalentsRestrictedCashAndRestrictedCashEquivalentsPeriodIncreaseDecreaseIncludingExchangeRateEffect,Net (Decrease) Increase in Cash and Cash Equivalents,2Q24,-0.903,(derived),,,,,derived,6M24 - 1Q24 = -0.285 - 0.618
cash_flow,us-gaap:CashCashEquivalentsRestrictedCashAndRestrictedCashEquivalentsPeriodIncreaseDecreaseIncludingExchangeRateEffect,Net (Decrease) Increase in Cash and Cash Equivalents,3Q24,33.958999999999996,(derived),,,,,derived,9M24 - 6M24 = 33.674 - -0.285
cash_flow,us-gaap:CashCashEquivalentsRestrictedCashAndRestrictedCashEquivalentsPeriodIncreaseDecreaseIncludingExchangeRateEffect,Net (Decrease) Increase in Cash and Cash Equivalents,4Q24,-15.559000000000001,(derived),,,,,derived,FY24 - 9M24 = 18.115 - 33.674
cash_flow,us-gaap:CashCashEquivalentsRestrictedCashAndRestrictedCashEquivalentsPeriodIncreaseDecreaseIncludingExchangeRateEffect,Net (Decrease) Increase in Cash and Cash Equivalents,2Q25,1.1579999999999995,(derived),,,,,derived,6M25 - 1Q25 = 4.169 - 3.011
cash_flow,us-gaap:CashCashEquivalentsRestrictedCashAndRestrictedCashEquivalentsPeriodIncreaseDecreaseIncludingExchangeRateEffect,Net (Decrease) Increase in Cash and Cash Equivalents,3Q25,-19.175,(derived),,,,,derived,9M25 - 6M25 = -15.006 - 4.169
cash_flow,us-gaap:CashCashEquivalentsRestrictedCashAndRestrictedCashEquivalentsPeriodIncreaseDecreaseIncludingExchangeRateEffect,Net (Decrease) Increase in Cash and Cash Equivalents,4Q25,-3.123000000000001,(derived),,,,,derived,FY25 - 9M25 = -18.129 - -15.006
cash_flow,us-gaap:CashCashEquivalentsRestrictedCashAndRestrictedCashEquivalentsPeriodIncreaseDecreaseIncludingExchangeRateEffect,Net (Decrease) Increase in Cash and Cash Equivalents,2Q26,3.221,(derived),,,,,derived,6M26 - 1Q26 = 3.565 - 0.344
cash_flow,us-gaap:CashCashEquivalentsRestrictedCashAndRestrictedCashEquivalentsPeriodIncreaseDecreaseIncludingExchangeRateEffect,Net (Decrease) Increase in Cash and Cash Equivalents,3Q26,-1.611,(derived),,,,,derived,9M26 - 6M26 = 1.954 - 3.565
cash_flow,us-gaap:CashCashEquivalentsRestrictedCashAndRestrictedCashEquivalentsPeriodIncreaseDecreaseIncludingExchangeRateEffect,Net (Decrease) Increase in Cash and Cash Equivalents,4Q26,1.4709999999999999,(derived),,,,,derived,FY26 - 9M26 = 3.425 - 1.954
cash_flow,us-gaap:CashCashEquivalentsRestrictedCashAndRestrictedCashEquivalentsIncludingDisposalGroupAndDiscontinuedOperations,Cash and Cash Equivalents at Beginning of Fiscal Year,2Q24,0.0,(derived),,,,,derived,6M24 - 1Q24 = 1.531 - 1.531
cash_flow,us-gaap:CashCashEquivalentsRestrictedCashAndRestrictedCashEquivalentsIncludingDisposalGroupAndDiscontinuedOperations,Cash and Cash Equivalents at Beginning of Fiscal Year,3Q24,0.0,(derived),,,,,derived,9M24 - 6M24 = 1.531 - 1.531
cash_flow,us-gaap:CashCashEquivalentsRestrictedCashAndRestrictedCashEquivalentsIncludingDisposalGroupAndDiscontinuedOperations,Cash and Cash Equivalents at Beginning of Fiscal Year,4Q24,0.0,(derived),,,,,derived,FY24 - 9M24 = 1.531 - 1.531
cash_flow,us-gaap:CashCashEquivalentsRestrictedCashAndRestrictedCashEquivalentsIncludingDisposalGroupAndDiscontinuedOperations,Cash and Cash Equivalents at Beginning of Fiscal Year,2Q25,0.0,(derived),,,,,derived,6M25 - 1Q25 = 19.646 - 19.646
cash_flow,us-gaap:CashCashEquivalentsRestrictedCashAndRestrictedCashEquivalentsIncludingDisposalGroupAndDiscontinuedOperations,Cash and Cash Equivalents at Beginning of Fiscal Year,3Q25,0.0,(derived),,,,,derived,9M25 - 6M25 = 19.646 - 19.646
cash_flow,us-gaap:CashCashEquivalentsRestrictedCashAndRestrictedCashEquivalentsIncludingDisposalGroupAndDiscontinuedOperations,Cash and Cash Equivalents at Beginning of Fiscal Year,4Q25,0.0,(derived),,,,,derived,FY25 - 9M25 = 19.646 - 19.646
cash_flow,us-gaap:CashCashEquivalentsRestrictedCashAndRestrictedCashEquivalentsIncludingDisposalGroupAndDiscontinuedOperations,Cash and Cash Equivalents at Beginning of Fiscal Year,2Q26,0.0,(derived),,,,,derived,6M26 - 1Q26 = 1.517 - 1.517
cash_flow,us-gaap:CashCashEquivalentsRestrictedCashAndRestrictedCashEquivalentsIncludingDisposalGroupAndDiscontinuedOperations,Cash and Cash Equivalents at Beginning of Fiscal Year,3Q26,0.0,(derived),,,,,derived,9M26 - 6M26 = 1.517 - 1.517
cash_flow,us-gaap:CashCashEquivalentsRestrictedCashAndRestrictedCashEquivalentsIncludingDisposalGroupAndDiscontinuedOperations,Cash and Cash Equivalents at Beginning of Fiscal Year,4Q26,0.0,(derived),,,,,derived,FY26 - 9M26 = 1.517 - 1.517
cash_flow,us-gaap:CashCashEquivalentsRestrictedCashAndRestrictedCashEquivalentsIncludingDisposalGroupAndDiscontinuedOperations,Cash and Cash Equivalents at Beginning of Fiscal Year,2Q23,1.396,(derived),,,,,derived,"6M23 - 1Q23(=0, not reported) = 1.396 - 0.0"
cash_flow,us-gaap:CashCashEquivalentsRestrictedCashAndRestrictedCashEquivalentsIncludingDisposalGroupAndDiscontinuedOperations,Cash and Cash Equivalents at Beginning of Fiscal Year,3Q23,0.0,(derived),,,,,derived,9M23 - 6M23 = 1.396 - 1.396
cash_flow,us-gaap:CashCashEquivalentsRestrictedCashAndRestrictedCashEquivalentsIncludingDisposalGroupAndDiscontinuedOperations,Cash and Cash Equivalents at Beginning of Fiscal Year,4Q23,0.0,(derived),,,,,derived,FY23 - 9M23 = 1.396 - 1.396
cash_flow,trns:InterestPaidReceivedExcludingCapitalizedInterestOperatingActivities,"Interest, net",2Q21,0.24100000000000002,(derived),,,,,derived,6M21 - 1Q21 = 0.466 - 0.225
cash_flow,trns:InterestPaidReceivedExcludingCapitalizedInterestOperatingActivities,"Interest, net",3Q21,0.21300000000000002,(derived),,,,,derived,9M21 - 6M21 = 0.679 - 0.466
cash_flow,trns:InterestPaidReceivedExcludingCapitalizedInterestOperatingActivities,"Interest, net",2Q22,0.16999999999999998,(derived),,,,,derived,6M22 - 1Q22 = 0.357 - 0.187
cash_flow,trns:InterestPaidReceivedExcludingCapitalizedInterestOperatingActivities,"Interest, net",3Q22,0.17400000000000004,(derived),,,,,derived,9M22 - 6M22 = 0.531 - 0.357
cash_flow,trns:InterestPaidReceivedExcludingCapitalizedInterestOperatingActivities,"Interest, net",2Q23,0.5069999999999999,(derived),,,,,derived,6M23 - 1Q23 = 0.829 - 0.322
cash_flow,trns:InterestPaidReceivedExcludingCapitalizedInterestOperatingActivities,"Interest, net",3Q23,0.681,(derived),,,,,derived,9M23 - 6M23 = 1.51 - 0.829
cash_flow,trns:InterestPaidReceivedExcludingCapitalizedInterestOperatingActivities,"Interest, net",4Q23,0.7529999999999999,(derived),,,,,derived,FY23 - 9M23 = 2.263 - 1.51
cash_flow,trns:InterestPaidReceivedExcludingCapitalizedInterestOperatingActivities,"Interest, net",2Q24,0.864,(derived),,,,,derived,6M24 - 1Q24 = 1.68 - 0.816
cash_flow,trns:InterestPaidReceivedExcludingCapitalizedInterestOperatingActivities,"Interest, net",3Q24,-0.028000000000000025,(derived),,,,,derived,9M24 - 6M24 = 1.652 - 1.68
cash_flow,trns:InterestPaidReceivedExcludingCapitalizedInterestOperatingActivities,"Interest, net",4Q24,-0.4119999999999999,(derived),,,,,derived,FY24 - 9M24 = 1.24 - 1.652
cash_flow,trns:InterestPaidReceivedExcludingCapitalizedInterestOperatingActivities,"Interest, net",2Q25,-0.7210000000000001,(derived),,,,,derived,6M25 - 1Q25 = -0.462 - 0.259
cash_flow,trns:InterestPaidReceivedExcludingCapitalizedInterestOperatingActivities,"Interest, net",3Q25,-0.14899999999999997,(derived),,,,,derived,9M25 - 6M25 = -0.611 - -0.462
cash_flow,trns:InterestPaidReceivedExcludingCapitalizedInterestOperatingActivities,"Interest, net",4Q25,0.45999999999999996,(derived),,,,,derived,FY25 - 9M25 = -0.151 - -0.611
cash_flow,trns:InterestPaidReceivedExcludingCapitalizedInterestOperatingActivities,"Interest, net",4Q26,4.184,(derived),,,,,derived,"FY26 - 9M26(=0, not reported) = 4.184 - 0.0"
cash_flow,us-gaap:IncomeTaxesPaidNet,"Income Taxes, net",2Q21,0.271,(derived),,,,,derived,6M21 - 1Q21 = 0.332 - 0.061
cash_flow,us-gaap:IncomeTaxesPaidNet,"Income Taxes, net",3Q21,0.6859999999999999,(derived),,,,,derived,9M21 - 6M21 = 1.018 - 0.332
cash_flow,us-gaap:IncomeTaxesPaidNet,"Income Taxes, net",2Q22,1.281,(derived),,,,,derived,6M22 - 1Q22 = 1.531 - 0.25
cash_flow,us-gaap:IncomeTaxesPaidNet,"Income Taxes, net",3Q22,1.732,(derived),,,,,derived,9M22 - 6M22 = 3.263 - 1.531
cash_flow,us-gaap:IncomeTaxesPaidNet,"Income Taxes, net",2Q23,0.367,(derived),,,,,derived,6M23 - 1Q23 = 0.484 - 0.117
cash_flow,us-gaap:IncomeTaxesPaidNet,"Income Taxes, net",3Q23,0.473,(derived),,,,,derived,9M23 - 6M23 = 0.957 - 0.484
cash_flow,us-gaap:IncomeTaxesPaidNet,"Income Taxes, net",4Q23,0.15900000000000014,(derived),,,,,derived,FY23 - 9M23 = 1.116 - 0.957
cash_flow,us-gaap:IncomeTaxesPaidNet,"Income Taxes, net",2Q24,0.992,(derived),,,,,derived,6M24 - 1Q24 = 1.099 - 0.107
cash_flow,us-gaap:IncomeTaxesPaidNet,"Income Taxes, net",3Q24,0.7849999999999999,(derived),,,,,derived,9M24 - 6M24 = 1.884 - 1.099
cash_flow,us-gaap:IncomeTaxesPaidNet,"Income Taxes, net",4Q24,1.2150000000000003,(derived),,,,,derived,FY24 - 9M24 = 3.099 - 1.884
cash_flow,us-gaap:IncomeTaxesPaidNet,"Income Taxes, net",2Q25,5.471,(derived),,,,,derived,6M25 - 1Q25 = 5.534 - 0.063
cash_flow,us-gaap:IncomeTaxesPaidNet,"Income Taxes, net",3Q25,1.3250000000000002,(derived),,,,,derived,9M25 - 6M25 = 6.859 - 5.534
cash_flow,us-gaap:IncomeTaxesPaidNet,"Income Taxes, net",4Q25,0.984,(derived),,,,,derived,FY25 - 9M25 = 7.843 - 6.859
cash_flow,us-gaap:IncomeTaxesPaidNet,"Income Taxes, net",4Q26,2.217,(derived),,,,,derived,"FY26 - 9M26(=0, not reported) = 2.217 - 0.0"
cash_flow,us-gaap:StockIssued1,Common stock issued for acquisitions,2Q24,27.938,(derived),,,,,derived,6M24 - 1Q24 = 34.769 - 6.831
cash_flow,us-gaap:StockIssued1,Common stock issued for acquisitions,3Q24,0.0,(derived),,,,,derived,9M24 - 6M24 = 34.769 - 34.769
cash_flow,us-gaap:StockIssued1,Common stock issued for acquisitions,4Q24,0.0,(derived),,,,,derived,FY24 - 9M24 = 34.769 - 34.769
cash_flow,us-gaap:StockIssued1,Common stock issued for acquisitions,2Q25,2.6980000000000004,(derived),,,,,derived,6M25 - 1Q25 = 35.479 - 32.781
cash_flow,us-gaap:StockIssued1,Common stock issued for acquisitions,3Q25,9.930999999999997,(derived),,,,,derived,9M25 - 6M25 = 45.41 - 35.479
cash_flow,us-gaap:StockIssued1,Common stock issued for acquisitions,4Q25,0.0,(derived),,,,,derived,FY25 - 9M25 = 45.41 - 45.41
cash_flow,us-gaap:StockIssued1,Common stock issued for acquisitions,2Q22,2.368,(derived),,,,,derived,"6M22 - 1Q22(=0, not reported) = 2.368 - 0.0"
cash_flow,us-gaap:StockIssued1,Common stock issued for acquisitions,3Q22,0.0,(derived),,,,,derived,9M22 - 6M22 = 2.368 - 2.368
cash_flow,us-gaap:StockIssued1,Common stock issued for acquisitions,2Q23,0.0,(derived),,,,,derived,6M23 - 1Q23 = 0.145 - 0.145
cash_flow,us-gaap:StockIssued1,Common stock issued for acquisitions,3Q23,0.0,(derived),,,,,derived,9M23 - 6M23 = 0.145 - 0.145
cash_flow,us-gaap:StockIssued1,Common stock issued for acquisitions,4Q23,0.0,(derived),,,,,derived,FY23 - 9M23 = 0.145 - 0.145
cash_flow,trns:NoncashOrPartNoncashAcquisitionAccruedContingentConsiderationRelatedToAcquisition,Contingent consideration related to NEXA acquisition,2Q24,4.859,(derived),,,,,derived,"6M24 - 1Q24(=0, not reported) = 4.859 - 0.0"
cash_flow,trns:NoncashOrPartNoncashAcquisitionAccruedContingentConsiderationRelatedToAcquisition,Contingent consideration related to NEXA acquisition,3Q24,0.0,(derived),,,,,derived,9M24 - 6M24 = 4.859 - 4.859
cash_flow,trns:NoncashOrPartNoncashAcquisitionAccruedContingentConsiderationRelatedToAcquisition,Contingent consideration related to NEXA acquisition,4Q24,0.0,(derived),,,,,derived,FY24 - 9M24 = 4.859 - 4.859
cash_flow,trns:NoncashOrPartNoncashAcquisitionAccruedContingentConsiderationRelatedToAcquisition,Contingent consideration related to NEXA acquisition,2Q25,0.05600000000000005,(derived),,,,,derived,6M25 - 1Q25 = 1.306 - 1.25
cash_flow,trns:NoncashOrPartNoncashAcquisitionAccruedContingentConsiderationRelatedToAcquisition,Contingent consideration related to NEXA acquisition,3Q25,0.03699999999999992,(derived),,,,,derived,9M25 - 6M25 = 1.343 - 1.306
cash_flow,trns:NoncashOrPartNoncashAcquisitionAccruedContingentConsiderationRelatedToAcquisition,Contingent consideration related to NEXA acquisition,4Q25,1.4300000000000002,(derived),,,,,derived,FY25 - 9M25 = 2.773 - 1.343
cash_flow,trns:NoncashOrPartNoncashAcquisitionAccruedContingentConsiderationRelatedToAcquisition,Contingent consideration related to NEXA acquisition,2Q23,0.518,(derived),,,,,derived,"6M23 - 1Q23(=0, not reported) = 0.518 - 0.0"
cash_flow,trns:NoncashOrPartNoncashAcquisitionAccruedContingentConsiderationRelatedToAcquisition,Contingent consideration related to NEXA acquisition,3Q23,0.0,(derived),,,,,derived,9M23 - 6M23 = 0.518 - 0.518
cash_flow,trns:NoncashOrPartNoncashAcquisitionAccruedContingentConsiderationRelatedToAcquisition,Contingent consideration related to NEXA acquisition,4Q23,0.07199999999999995,(derived),,,,,derived,FY23 - 9M23 = 0.59 - 0.518
cash_flow,us-gaap:IncreaseDecreaseInAccruedIncomeTaxesPayable,Income Taxes Payable,2Q21,0.42600000000000005,(derived),,,,,derived,6M21 - 1Q21 = 0.327 - -0.099
cash_flow,us-gaap:IncreaseDecreaseInAccruedIncomeTaxesPayable,Income Taxes Payable,3Q21,-0.157,(derived),,,,,derived,9M21 - 6M21 = 0.17 - 0.327
cash_flow,us-gaap:IncreaseDecreaseInAccruedIncomeTaxesPayable,Income Taxes Payable,2Q22,-0.0030000000000000027,(derived),,,,,derived,6M22 - 1Q22 = -0.392 - -0.389
cash_flow,us-gaap:IncreaseDecreaseInAccruedIncomeTaxesPayable,Income Taxes Payable,3Q22,-0.007000000000000006,(derived),,,,,derived,9M22 - 6M22 = -0.399 - -0.392
cash_flow,us-gaap:IncreaseDecreaseInAccruedIncomeTaxesPayable,Income Taxes Payable,4Q24,2.899,(derived),,,,,derived,"FY24 - 9M24(=0, not reported) = 2.899 - 0.0"
cash_flow,us-gaap:IncreaseDecreaseInAccruedIncomeTaxesPayable,Income Taxes Payable,3Q25,-2.925,(derived),,,,,derived,"9M25 - 6M25(=0, not reported) = -2.925 - 0.0"
cash_flow,us-gaap:IncreaseDecreaseInAccruedIncomeTaxesPayable,Income Taxes Payable,4Q25,0.0,(derived),,,,,derived,FY25 - 9M25 = -2.925 - -2.925
cash_flow,us-gaap:IncreaseDecreaseInAccruedIncomeTaxesPayable,Income Taxes Payable,2Q26,0.17300000000000004,(derived),,,,,derived,6M26 - 1Q26 = 0.549 - 0.376
cash_flow,trns:ProceedsFromPaymentsForMarketableSecurities,Sales/(Purchases) of Marketable Securities,4Q24,-15.533,(derived),,,,,derived,"FY24 - 9M24(=0, not reported) = -15.533 - 0.0"
cash_flow,trns:ProceedsFromPaymentsForMarketableSecurities,Sales/(Purchases) of Marketable Securities,2Q25,0.0,(derived),,,,,derived,6M25 - 1Q25 = 15.533 - 15.533
cash_flow,trns:ProceedsFromPaymentsForMarketableSecurities,Sales/(Purchases) of Marketable Securities,3Q25,0.0,(derived),,,,,derived,9M25 - 6M25 = 15.533 - 15.533
cash_flow,trns:ProceedsFromPaymentsForMarketableSecurities,Sales/(Purchases) of Marketable Securities,4Q25,0.0,(derived),,,,,derived,FY25 - 9M25 = 15.533 - 15.533
cash_flow,trns:ReclassificationOfPropertyAndEquipmentToInventory,"Balance Sheet Reclassification of Property and Equipment, net to Inventory",3Q24,0.737,(derived),,,,,derived,"9M24 - 6M24(=0, not reported) = 0.737 - 0.0"
cash_flow,trns:ReclassificationOfPropertyAndEquipmentToInventory,"Balance Sheet Reclassification of Property and Equipment, net to Inventory",4Q24,0.31900000000000006,(derived),,,,,derived,FY24 - 9M24 = 1.056 - 0.737
cash_flow,trns:ReclassificationOfPropertyAndEquipmentToInventory,"Balance Sheet Reclassification of Property and Equipment, net to Inventory",2Q25,0.282,(derived),,,,,derived,6M25 - 1Q25 = 0.692 - 0.41
cash_flow,trns:ReclassificationOfPropertyAndEquipmentToInventory,"Balance Sheet Reclassification of Property and Equipment, net to Inventory",3Q25,0.405,(derived),,,,,derived,9M25 - 6M25 = 1.097 - 0.692
cash_flow,trns:ReclassificationOfPropertyAndEquipmentToInventory,"Balance Sheet Reclassification of Property and Equipment, net to Inventory",4Q25,0.41300000000000003,(derived),,,,,derived,FY25 - 9M25 = 1.51 - 1.097
cash_flow,trns:ReclassificationOfPropertyAndEquipmentToInventory,"Balance Sheet Reclassification of Property and Equipment, net to Inventory",4Q26,0.877,(derived),,,,,derived,"FY26 - 9M26(=0, not reported) = 0.877 - 0.0"
cash_flow,us-gaap:DisposalGroupNotDiscontinuedOperationGainLossOnDisposal,Gain on Sale of Assets,3Q25,-0.855,(derived),,,,,derived,"9M25 - 6M25(=0, not reported) = -0.855 - 0.0"
cash_flow,us-gaap:DisposalGroupNotDiscontinuedOperationGainLossOnDisposal,Gain on Sale of Assets,4Q25,0.0,(derived),,,,,derived,FY25 - 9M25 = -0.855 - -0.855
cash_flow,trns:ProceedsFromSaleOfAssets,Proceeds from Sale of Assets,3Q25,1.1,(derived),,,,,derived,"9M25 - 6M25(=0, not reported) = 1.1 - 0.0"
cash_flow,trns:ProceedsFromSaleOfAssets,Proceeds from Sale of Assets,4Q25,0.0,(derived),,,,,derived,FY25 - 9M25 = 1.1 - 1.1
cash_flow,trns:NoncashOrPartNoncashAcquisitionContingentConsiderationTreatedAsEquity,Contingent consideration treated as equity related to acquisitions,2Q25,0.0,(derived),,,,,derived,6M25 - 1Q25 = 0.75 - 0.75
cash_flow,trns:NoncashOrPartNoncashAcquisitionContingentConsiderationTreatedAsEquity,Contingent consideration treated as equity related to acquisitions,3Q25,0.0,(derived),,,,,derived,9M25 - 6M25 = 0.75 - 0.75
cash_flow,trns:NoncashOrPartNoncashAcquisitionContingentConsiderationTreatedAsEquity,Contingent consideration treated as equity related to acquisitions,4Q25,0.0,(derived),,,,,derived,FY25 - 9M25 = 0.75 - 0.75
cash_flow,us-gaap:OperatingLeaseRightOfUseAssetAmortizationExpense,Noncash Lease Expense,2Q26,1.1189999999999998,(derived),,,,,derived,6M26 - 1Q26 = 2.034 - 0.915
cash_flow,us-gaap:OperatingLeaseRightOfUseAssetAmortizationExpense,Noncash Lease Expense,3Q26,1.1520000000000001,(derived),,,,,derived,9M26 - 6M26 = 3.186 - 2.034
cash_flow,us-gaap:OperatingLeaseRightOfUseAssetAmortizationExpense,Noncash Lease Expense,4Q26,2.835,(derived),,,,,derived,FY26 - 9M26 = 6.021 - 3.186
cash_flow,us-gaap:AmortizationOfFinancingCosts,Amortization of Deferred Financing Costs,2Q26,0.026,(derived),,,,,derived,"6M26 - 1Q26(=0, not reported) = 0.026 - 0.0"
cash_flow,us-gaap:AmortizationOfFinancingCosts,Amortization of Deferred Financing Costs,3Q26,0.03900000000000001,(derived),,,,,derived,9M26 - 6M26 = 0.065 - 0.026
cash_flow,us-gaap:AmortizationOfFinancingCosts,Amortization of Deferred Financing Costs,4Q26,0.03899999999999999,(derived),,,,,derived,FY26 - 9M26 = 0.104 - 0.065
cash_flow,us-gaap:IncreaseDecreaseInOperatingLeaseLiability,Lease Liabilities,3Q26,-2.787,(derived),,,,,derived,"9M26 - 6M26(=0, not reported) = -2.787 - 0.0"
cash_flow,us-gaap:IncreaseDecreaseInOperatingLeaseLiability,Lease Liabilities,4Q26,-3.0549999999999997,(derived),,,,,derived,FY26 - 9M26 = -5.842 - -2.787
cash_flow,us-gaap:RepaymentsOfLongTermLinesOfCredit,Repayment of Revolving Credit Facility,2Q26,-50.042,(derived),,,,,derived,"6M26 - 1Q26(=0, not reported) = -50.042 - 0.0"
cash_flow,us-gaap:RepaymentsOfLongTermLinesOfCredit,Repayment of Revolving Credit Facility,3Q26,-11.998999999999995,(derived),,,,,derived,9M26 - 6M26 = -62.041 - -50.042
cash_flow,us-gaap:RepaymentsOfLongTermLinesOfCredit,Repayment of Revolving Credit Facility,4Q26,-26.045,(derived),,,,,derived,FY26 - 9M26 = -88.086 - -62.041
cash_flow,us-gaap:PaymentsOfFinancingCosts,Payments of Deferred Financing Costs,2Q26,-0.366,(derived),,,,,derived,"6M26 - 1Q26(=0, not reported) = -0.366 - 0.0"
cash_flow,us-gaap:PaymentsOfFinancingCosts,Payments of Deferred Financing Costs,3Q26,0.0010000000000000009,(derived),,,,,derived,9M26 - 6M26 = -0.365 - -0.366
cash_flow,us-gaap:PaymentsOfFinancingCosts,Payments of Deferred Financing Costs,4Q26,0.0,(derived),,,,,derived,FY26 - 9M26 = -0.365 - -0.365
cash_flow,us-gaap:FinanceLeasePrincipalPayments,Principal Payments on Finance Leases,4Q26,-0.28,(derived),,,,,derived,"FY26 - 9M26(=0, not reported) = -0.28 - 0.0"
cash_flow,trns:ReclassificationOfInventoryToPropertyAndEquipment,Balance Sheet Reclassification of Inventory to Property and Equipment,4Q26,0.741,(derived),,,,,derived,"FY26 - 9M26(=0, not reported) = 0.741 - 0.0"
cash_flow,us-gaap:CashAndCashEquivalentsAtCarryingValue,Cash at Beginning of Period,2Q21,0.0,(derived),,,,,derived,6M21 - 1Q21 = 0.499 - 0.499
cash_flow,us-gaap:CashAndCashEquivalentsAtCarryingValue,Cash at Beginning of Period,3Q21,0.0,(derived),,,,,derived,9M21 - 6M21 = 0.499 - 0.499
cash_flow,us-gaap:CashAndCashEquivalentsAtCarryingValue,Cash at Beginning of Period,2Q22,0.0,(derived),,,,,derived,6M22 - 1Q22 = 0.56 - 0.56
cash_flow,us-gaap:CashAndCashEquivalentsAtCarryingValue,Cash at Beginning of Period,3Q22,0.0,(derived),,,,,derived,9M22 - 6M22 = 0.56 - 0.56
cash_flow,us-gaap:NoncashOrPartNoncashAcquisitionValueOfAssetsAcquired1,"Fair value of assets acquired, net of cash acquired",2Q22,24.885,(derived),,,,,derived,"6M22 - 1Q22(=0, not reported) = 24.885 - 0.0"
cash_flow,us-gaap:NoncashOrPartNoncashAcquisitionValueOfLiabilitiesAssumed1,Fair value of liabilities assumed,2Q22,2.159,(derived),,,,,derived,"6M22 - 1Q22(=0, not reported) = 2.159 - 0.0"
cash_flow,trns:AccruedContingentConsiderationRelatedToAcquisition,Accrued contingent consideration related to NEXA acquisition,2Q22,0.153,(derived),,,,,derived,"6M22 - 1Q22(=0, not reported) = 0.153 - 0.0"
cash_flow,trns:AccruedContingentConsiderationRelatedToAcquisition,Accrued contingent consideration related to NEXA acquisition,3Q22,0.0,(derived),,,,,derived,9M22 - 6M22 = 0.153 - 0.153
cash_flow,trns:AccruedEstimatedWorkingCapitalAdjustmentRelatedToAcquisition,Accrued estimated working capital adjustment related to NEXA acquisition,2Q22,0.226,(derived),,,,,derived,"6M22 - 1Q22(=0, not reported) = 0.226 - 0.0"
