statement_type,canonical_row_id,period,value,source_file,source_sheet,source_column,raw_concept,resolution
income_statement,us-gaap:Revenues,FY19,67684.0,PG_SEC-XBRL-financials_as-presented_10-K_2019-08-06_0000080424-19-000050.xlsx,Income Statement,FY19,us-gaap:Revenues,Kept period-primary filing PG_SEC-XBRL-financials_as-presented_10-K_2019-08-06_0000080424-19-000050.xlsx
income_statement,us-gaap:Revenues,FY19,67684.0,PG_SEC-XBRL-financials_as-presented_10-K_2020-08-06_0000080424-20-000053.xlsx,Income Statement,FY19,us-gaap:Revenues,Kept period-primary filing PG_SEC-XBRL-financials_as-presented_10-K_2019-08-06_0000080424-19-000050.xlsx
income_statement,us-gaap:Revenues,FY19,67684.0,PG_SEC-XBRL-financials_as-presented_10-K_2021-08-06_0000080424-21-000100.xlsx,Income Statement,FY19,us-gaap:Revenues,Kept period-primary filing PG_SEC-XBRL-financials_as-presented_10-K_2019-08-06_0000080424-19-000050.xlsx
income_statement,us-gaap:Revenues,FY19,36038.0,PG_SEC-XBRL-financials_as-presented_10-Q_2020-01-23_0000080424-20-000017.xlsx,Income Statement,FY19,us-gaap:Revenues,Kept period-primary filing PG_SEC-XBRL-financials_as-presented_10-K_2019-08-06_0000080424-19-000050.xlsx
income_statement,us-gaap:CostOfGoodsAndServicesSold,FY19,34768.0,PG_SEC-XBRL-financials_as-presented_10-K_2019-08-06_0000080424-19-000050.xlsx,Income Statement,FY19,us-gaap:CostOfGoodsAndServicesSold,Kept period-primary filing PG_SEC-XBRL-financials_as-presented_10-K_2019-08-06_0000080424-19-000050.xlsx
income_statement,us-gaap:CostOfGoodsAndServicesSold,FY19,34768.0,PG_SEC-XBRL-financials_as-presented_10-K_2020-08-06_0000080424-20-000053.xlsx,Income Statement,FY19,us-gaap:CostOfGoodsAndServicesSold,Kept period-primary filing PG_SEC-XBRL-financials_as-presented_10-K_2019-08-06_0000080424-19-000050.xlsx
income_statement,us-gaap:CostOfGoodsAndServicesSold,FY19,34768.0,PG_SEC-XBRL-financials_as-presented_10-K_2021-08-06_0000080424-21-000100.xlsx,Income Statement,FY19,us-gaap:CostOfGoodsAndServicesSold,Kept period-primary filing PG_SEC-XBRL-financials_as-presented_10-K_2019-08-06_0000080424-19-000050.xlsx
income_statement,us-gaap:CostOfGoodsAndServicesSold,FY19,17592.0,PG_SEC-XBRL-financials_as-presented_10-Q_2020-01-23_0000080424-20-000017.xlsx,Income Statement,FY19,us-gaap:CostOfGoodsAndServicesSold,Kept period-primary filing PG_SEC-XBRL-financials_as-presented_10-K_2019-08-06_0000080424-19-000050.xlsx
income_statement,us-gaap:SellingGeneralAndAdministrativeExpense,FY19,19084.0,PG_SEC-XBRL-financials_as-presented_10-K_2019-08-06_0000080424-19-000050.xlsx,Income Statement,FY19,us-gaap:SellingGeneralAndAdministrativeExpense,Kept period-primary filing PG_SEC-XBRL-financials_as-presented_10-K_2019-08-06_0000080424-19-000050.xlsx
income_statement,us-gaap:SellingGeneralAndAdministrativeExpense,FY19,19084.0,PG_SEC-XBRL-financials_as-presented_10-K_2020-08-06_0000080424-20-000053.xlsx,Income Statement,FY19,us-gaap:SellingGeneralAndAdministrativeExpense,Kept period-primary filing PG_SEC-XBRL-financials_as-presented_10-K_2019-08-06_0000080424-19-000050.xlsx
income_statement,us-gaap:SellingGeneralAndAdministrativeExpense,FY19,19084.0,PG_SEC-XBRL-financials_as-presented_10-K_2021-08-06_0000080424-21-000100.xlsx,Income Statement,FY19,us-gaap:SellingGeneralAndAdministrativeExpense,Kept period-primary filing PG_SEC-XBRL-financials_as-presented_10-K_2019-08-06_0000080424-19-000050.xlsx
income_statement,us-gaap:SellingGeneralAndAdministrativeExpense,FY19,9674.0,PG_SEC-XBRL-financials_as-presented_10-Q_2020-01-23_0000080424-20-000017.xlsx,Income Statement,FY19,us-gaap:SellingGeneralAndAdministrativeExpense,Kept period-primary filing PG_SEC-XBRL-financials_as-presented_10-K_2019-08-06_0000080424-19-000050.xlsx
income_statement,us-gaap:OperatingIncomeLoss,FY19,5487.0,PG_SEC-XBRL-financials_as-presented_10-K_2019-08-06_0000080424-19-000050.xlsx,Income Statement,FY19,us-gaap:OperatingIncomeLoss,Kept period-primary filing PG_SEC-XBRL-financials_as-presented_10-K_2019-08-06_0000080424-19-000050.xlsx
income_statement,us-gaap:OperatingIncomeLoss,FY19,5487.0,PG_SEC-XBRL-financials_as-presented_10-K_2020-08-06_0000080424-20-000053.xlsx,Income Statement,FY19,us-gaap:OperatingIncomeLoss,Kept period-primary filing PG_SEC-XBRL-financials_as-presented_10-K_2019-08-06_0000080424-19-000050.xlsx
income_statement,us-gaap:OperatingIncomeLoss,FY19,5487.0,PG_SEC-XBRL-financials_as-presented_10-K_2021-08-06_0000080424-21-000100.xlsx,Income Statement,FY19,us-gaap:OperatingIncomeLoss,Kept period-primary filing PG_SEC-XBRL-financials_as-presented_10-K_2019-08-06_0000080424-19-000050.xlsx
income_statement,us-gaap:OperatingIncomeLoss,FY19,8772.0,PG_SEC-XBRL-financials_as-presented_10-Q_2020-01-23_0000080424-20-000017.xlsx,Income Statement,FY19,us-gaap:OperatingIncomeLoss,Kept period-primary filing PG_SEC-XBRL-financials_as-presented_10-K_2019-08-06_0000080424-19-000050.xlsx
income_statement,us-gaap:InterestExpenseNonoperating,FY19,509.0,PG_SEC-XBRL-financials_as-presented_10-K_2019-08-06_0000080424-19-000050.xlsx,Income Statement,FY19,us-gaap:InterestExpense,Kept period-primary filing PG_SEC-XBRL-financials_as-presented_10-K_2019-08-06_0000080424-19-000050.xlsx
income_statement,us-gaap:InterestExpenseNonoperating,FY19,-509.0,PG_SEC-XBRL-financials_as-presented_10-K_2020-08-06_0000080424-20-000053.xlsx,Income Statement,FY19,us-gaap:InterestExpense,Kept period-primary filing PG_SEC-XBRL-financials_as-presented_10-K_2019-08-06_0000080424-19-000050.xlsx
income_statement,us-gaap:InterestExpenseNonoperating,FY19,-509.0,PG_SEC-XBRL-financials_as-presented_10-K_2021-08-06_0000080424-21-000100.xlsx,Income Statement,FY19,us-gaap:InterestExpense,Kept period-primary filing PG_SEC-XBRL-financials_as-presented_10-K_2019-08-06_0000080424-19-000050.xlsx
income_statement,us-gaap:InterestExpenseNonoperating,FY19,-208.0,PG_SEC-XBRL-financials_as-presented_10-Q_2020-01-23_0000080424-20-000017.xlsx,Income Statement,FY19,us-gaap:InterestExpense,Kept period-primary filing PG_SEC-XBRL-financials_as-presented_10-K_2019-08-06_0000080424-19-000050.xlsx
income_statement,us-gaap:InvestmentIncomeInterest,FY19,220.0,PG_SEC-XBRL-financials_as-presented_10-K_2019-08-06_0000080424-19-000050.xlsx,Income Statement,FY19,us-gaap:InvestmentIncomeInterest,Kept period-primary filing PG_SEC-XBRL-financials_as-presented_10-K_2019-08-06_0000080424-19-000050.xlsx
income_statement,us-gaap:InvestmentIncomeInterest,FY19,220.0,PG_SEC-XBRL-financials_as-presented_10-K_2020-08-06_0000080424-20-000053.xlsx,Income Statement,FY19,us-gaap:InvestmentIncomeInterest,Kept period-primary filing PG_SEC-XBRL-financials_as-presented_10-K_2019-08-06_0000080424-19-000050.xlsx
income_statement,us-gaap:InvestmentIncomeInterest,FY19,220.0,PG_SEC-XBRL-financials_as-presented_10-K_2021-08-06_0000080424-21-000100.xlsx,Income Statement,FY19,us-gaap:InvestmentIncomeInterest,Kept period-primary filing PG_SEC-XBRL-financials_as-presented_10-K_2019-08-06_0000080424-19-000050.xlsx
income_statement,us-gaap:InvestmentIncomeInterest,FY19,94.0,PG_SEC-XBRL-financials_as-presented_10-Q_2020-01-23_0000080424-20-000017.xlsx,Income Statement,FY19,us-gaap:InvestmentIncomeInterest,Kept period-primary filing PG_SEC-XBRL-financials_as-presented_10-K_2019-08-06_0000080424-19-000050.xlsx
income_statement,us-gaap:OtherNonoperatingIncomeExpense,FY19,871.0,PG_SEC-XBRL-financials_as-presented_10-K_2019-08-06_0000080424-19-000050.xlsx,Income Statement,FY19,us-gaap:OtherNonoperatingIncomeExpense,Kept period-primary filing PG_SEC-XBRL-financials_as-presented_10-K_2019-08-06_0000080424-19-000050.xlsx
income_statement,us-gaap:OtherNonoperatingIncomeExpense,FY19,871.0,PG_SEC-XBRL-financials_as-presented_10-K_2020-08-06_0000080424-20-000053.xlsx,Income Statement,FY19,us-gaap:OtherNonoperatingIncomeExpense,Kept period-primary filing PG_SEC-XBRL-financials_as-presented_10-K_2019-08-06_0000080424-19-000050.xlsx
income_statement,us-gaap:OtherNonoperatingIncomeExpense,FY19,871.0,PG_SEC-XBRL-financials_as-presented_10-K_2021-08-06_0000080424-21-000100.xlsx,Income Statement,FY19,us-gaap:OtherNonoperatingIncomeExpense,Kept period-primary filing PG_SEC-XBRL-financials_as-presented_10-K_2019-08-06_0000080424-19-000050.xlsx
income_statement,us-gaap:OtherNonoperatingIncomeExpense,FY19,217.0,PG_SEC-XBRL-financials_as-presented_10-Q_2020-01-23_0000080424-20-000017.xlsx,Income Statement,FY19,us-gaap:OtherNonoperatingIncomeExpense,Kept period-primary filing PG_SEC-XBRL-financials_as-presented_10-K_2019-08-06_0000080424-19-000050.xlsx
income_statement,us-gaap:IncomeLossIncludingPortionAttributableToNoncontrollingInterest,FY19,6069.0,PG_SEC-XBRL-financials_as-presented_10-K_2019-08-06_0000080424-19-000050.xlsx,Income Statement,FY19,pg:IncomeLossFromContinuingOperationsBeforeIncomeTaxes,Kept period-primary filing PG_SEC-XBRL-financials_as-presented_10-K_2019-08-06_0000080424-19-000050.xlsx
income_statement,us-gaap:IncomeLossIncludingPortionAttributableToNoncontrollingInterest,FY19,6069.0,PG_SEC-XBRL-financials_as-presented_10-K_2020-08-06_0000080424-20-000053.xlsx,Income Statement,FY19,pg:IncomeLossFromContinuingOperationsBeforeIncomeTaxes,Kept period-primary filing PG_SEC-XBRL-financials_as-presented_10-K_2019-08-06_0000080424-19-000050.xlsx
income_statement,us-gaap:IncomeLossIncludingPortionAttributableToNoncontrollingInterest,FY19,6069.0,PG_SEC-XBRL-financials_as-presented_10-K_2021-08-06_0000080424-21-000100.xlsx,Income Statement,FY19,pg:IncomeLossFromContinuingOperationsBeforeIncomeTaxes,Kept period-primary filing PG_SEC-XBRL-financials_as-presented_10-K_2019-08-06_0000080424-19-000050.xlsx
income_statement,us-gaap:IncomeLossIncludingPortionAttributableToNoncontrollingInterest,FY19,8875.0,PG_SEC-XBRL-financials_as-presented_10-Q_2020-01-23_0000080424-20-000017.xlsx,Income Statement,FY19,pg:IncomeLossFromContinuingOperationsBeforeIncomeTaxes,Kept period-primary filing PG_SEC-XBRL-financials_as-presented_10-K_2019-08-06_0000080424-19-000050.xlsx
income_statement,us-gaap:IncomeTaxExpenseBenefit,FY19,2103.0,PG_SEC-XBRL-financials_as-presented_10-K_2019-08-06_0000080424-19-000050.xlsx,Income Statement,FY19,us-gaap:IncomeTaxExpenseBenefit,Kept period-primary filing PG_SEC-XBRL-financials_as-presented_10-K_2019-08-06_0000080424-19-000050.xlsx
income_statement,us-gaap:IncomeTaxExpenseBenefit,FY19,2103.0,PG_SEC-XBRL-financials_as-presented_10-K_2020-08-06_0000080424-20-000053.xlsx,Income Statement,FY19,us-gaap:IncomeTaxExpenseBenefit,Kept period-primary filing PG_SEC-XBRL-financials_as-presented_10-K_2019-08-06_0000080424-19-000050.xlsx
income_statement,us-gaap:IncomeTaxExpenseBenefit,FY19,2103.0,PG_SEC-XBRL-financials_as-presented_10-K_2021-08-06_0000080424-21-000100.xlsx,Income Statement,FY19,us-gaap:IncomeTaxExpenseBenefit,Kept period-primary filing PG_SEC-XBRL-financials_as-presented_10-K_2019-08-06_0000080424-19-000050.xlsx
income_statement,us-gaap:IncomeTaxExpenseBenefit,FY19,1515.0,PG_SEC-XBRL-financials_as-presented_10-Q_2020-01-23_0000080424-20-000017.xlsx,Income Statement,FY19,us-gaap:IncomeTaxExpenseBenefit,Kept period-primary filing PG_SEC-XBRL-financials_as-presented_10-K_2019-08-06_0000080424-19-000050.xlsx
income_statement,us-gaap:ProfitLoss,FY19,3966.0,PG_SEC-XBRL-financials_as-presented_10-K_2019-08-06_0000080424-19-000050.xlsx,Income Statement,FY19,us-gaap:IncomeLossFromContinuingOperationsIncludingPortionAttributableToNoncontrollingInterest + us-gaap:ProfitLoss,Kept period-primary filing PG_SEC-XBRL-financials_as-presented_10-K_2019-08-06_0000080424-19-000050.xlsx
income_statement,us-gaap:ProfitLoss,FY19,3966.0,PG_SEC-XBRL-financials_as-presented_10-K_2020-08-06_0000080424-20-000053.xlsx,Income Statement,FY19,us-gaap:ProfitLoss,Kept period-primary filing PG_SEC-XBRL-financials_as-presented_10-K_2019-08-06_0000080424-19-000050.xlsx
income_statement,us-gaap:ProfitLoss,FY19,3966.0,PG_SEC-XBRL-financials_as-presented_10-K_2021-08-06_0000080424-21-000100.xlsx,Income Statement,FY19,us-gaap:ProfitLoss,Kept period-primary filing PG_SEC-XBRL-financials_as-presented_10-K_2019-08-06_0000080424-19-000050.xlsx
income_statement,us-gaap:ProfitLoss,FY19,7360.0,PG_SEC-XBRL-financials_as-presented_10-Q_2020-01-23_0000080424-20-000017.xlsx,Income Statement,FY19,us-gaap:ProfitLoss,Kept period-primary filing PG_SEC-XBRL-financials_as-presented_10-K_2019-08-06_0000080424-19-000050.xlsx
income_statement,us-gaap:NetIncomeLossAttributableToNoncontrollingInterest,FY19,69.0,PG_SEC-XBRL-financials_as-presented_10-K_2019-08-06_0000080424-19-000050.xlsx,Income Statement,FY19,us-gaap:NetIncomeLossAttributableToNoncontrollingInterest,Kept period-primary filing PG_SEC-XBRL-financials_as-presented_10-K_2019-08-06_0000080424-19-000050.xlsx
income_statement,us-gaap:NetIncomeLossAttributableToNoncontrollingInterest,FY19,69.0,PG_SEC-XBRL-financials_as-presented_10-K_2020-08-06_0000080424-20-000053.xlsx,Income Statement,FY19,us-gaap:NetIncomeLossAttributableToNoncontrollingInterest,Kept period-primary filing PG_SEC-XBRL-financials_as-presented_10-K_2019-08-06_0000080424-19-000050.xlsx
income_statement,us-gaap:NetIncomeLossAttributableToNoncontrollingInterest,FY19,69.0,PG_SEC-XBRL-financials_as-presented_10-K_2021-08-06_0000080424-21-000100.xlsx,Income Statement,FY19,us-gaap:NetIncomeLossAttributableToNoncontrollingInterest,Kept period-primary filing PG_SEC-XBRL-financials_as-presented_10-K_2019-08-06_0000080424-19-000050.xlsx
income_statement,us-gaap:NetIncomeLossAttributableToNoncontrollingInterest,FY19,50.0,PG_SEC-XBRL-financials_as-presented_10-Q_2020-01-23_0000080424-20-000017.xlsx,Income Statement,FY19,us-gaap:NetIncomeLossAttributableToNoncontrollingInterest,Kept period-primary filing PG_SEC-XBRL-financials_as-presented_10-K_2019-08-06_0000080424-19-000050.xlsx
income_statement,us-gaap:NetIncomeLoss,FY19,3897.0,PG_SEC-XBRL-financials_as-presented_10-K_2019-08-06_0000080424-19-000050.xlsx,Income Statement,FY19,us-gaap:NetIncomeLoss,Kept period-primary filing PG_SEC-XBRL-financials_as-presented_10-K_2019-08-06_0000080424-19-000050.xlsx
income_statement,us-gaap:NetIncomeLoss,FY19,3897.0,PG_SEC-XBRL-financials_as-presented_10-K_2020-08-06_0000080424-20-000053.xlsx,Income Statement,FY19,us-gaap:NetIncomeLoss,Kept period-primary filing PG_SEC-XBRL-financials_as-presented_10-K_2019-08-06_0000080424-19-000050.xlsx
income_statement,us-gaap:NetIncomeLoss,FY19,3897.0,PG_SEC-XBRL-financials_as-presented_10-K_2021-08-06_0000080424-21-000100.xlsx,Income Statement,FY19,us-gaap:NetIncomeLoss,Kept period-primary filing PG_SEC-XBRL-financials_as-presented_10-K_2019-08-06_0000080424-19-000050.xlsx
income_statement,us-gaap:NetIncomeLoss,FY19,7310.0,PG_SEC-XBRL-financials_as-presented_10-Q_2020-01-23_0000080424-20-000017.xlsx,Income Statement,FY19,us-gaap:NetIncomeLoss,Kept period-primary filing PG_SEC-XBRL-financials_as-presented_10-K_2019-08-06_0000080424-19-000050.xlsx
income_statement,us-gaap:EarningsPerShareBasic,FY19,1.45,PG_SEC-XBRL-financials_as-presented_10-K_2019-08-06_0000080424-19-000050.xlsx,Income Statement,FY19,us-gaap:EarningsPerShareBasic,Kept period-primary filing PG_SEC-XBRL-financials_as-presented_10-K_2019-08-06_0000080424-19-000050.xlsx
income_statement,us-gaap:EarningsPerShareBasic,FY19,1.45,PG_SEC-XBRL-financials_as-presented_10-K_2020-08-06_0000080424-20-000053.xlsx,Income Statement,FY19,us-gaap:EarningsPerShareBasic,Kept period-primary filing PG_SEC-XBRL-financials_as-presented_10-K_2019-08-06_0000080424-19-000050.xlsx
income_statement,us-gaap:EarningsPerShareBasic,FY19,1.45,PG_SEC-XBRL-financials_as-presented_10-K_2021-08-06_0000080424-21-000100.xlsx,Income Statement,FY19,us-gaap:EarningsPerShareBasic,Kept period-primary filing PG_SEC-XBRL-financials_as-presented_10-K_2019-08-06_0000080424-19-000050.xlsx
income_statement,us-gaap:EarningsPerShareBasic,FY19,2.88,PG_SEC-XBRL-financials_as-presented_10-Q_2020-01-23_0000080424-20-000017.xlsx,Income Statement,FY19,us-gaap:EarningsPerShareBasic,Kept period-primary filing PG_SEC-XBRL-financials_as-presented_10-K_2019-08-06_0000080424-19-000050.xlsx
income_statement,us-gaap:EarningsPerShareDiluted,FY19,1.43,PG_SEC-XBRL-financials_as-presented_10-K_2019-08-06_0000080424-19-000050.xlsx,Income Statement,FY19,us-gaap:EarningsPerShareDiluted,Kept period-primary filing PG_SEC-XBRL-financials_as-presented_10-K_2019-08-06_0000080424-19-000050.xlsx
income_statement,us-gaap:EarningsPerShareDiluted,FY19,1.43,PG_SEC-XBRL-financials_as-presented_10-K_2020-08-06_0000080424-20-000053.xlsx,Income Statement,FY19,us-gaap:EarningsPerShareDiluted,Kept period-primary filing PG_SEC-XBRL-financials_as-presented_10-K_2019-08-06_0000080424-19-000050.xlsx
income_statement,us-gaap:EarningsPerShareDiluted,FY19,1.43,PG_SEC-XBRL-financials_as-presented_10-K_2021-08-06_0000080424-21-000100.xlsx,Income Statement,FY19,us-gaap:EarningsPerShareDiluted,Kept period-primary filing PG_SEC-XBRL-financials_as-presented_10-K_2019-08-06_0000080424-19-000050.xlsx
income_statement,us-gaap:EarningsPerShareDiluted,FY19,2.77,PG_SEC-XBRL-financials_as-presented_10-Q_2020-01-23_0000080424-20-000017.xlsx,Income Statement,FY19,us-gaap:EarningsPerShareDiluted + us-gaap:WeightedAverageNumberOfDilutedSharesOutstanding,Kept period-primary filing PG_SEC-XBRL-financials_as-presented_10-K_2019-08-06_0000080424-19-000050.xlsx
balance_sheet,us-gaap:CashCashEquivalentsRestrictedCashAndRestrictedCashEquivalents,FY19,4239.0,PG_SEC-XBRL-financials_as-presented_10-K_2019-08-06_0000080424-19-000050.xlsx,Balance Sheet,FY19,us-gaap:CashAndCashEquivalentsAtCarryingValue,Kept period-primary filing PG_SEC-XBRL-financials_as-presented_10-K_2019-08-06_0000080424-19-000050.xlsx
balance_sheet,us-gaap:CashCashEquivalentsRestrictedCashAndRestrictedCashEquivalents,FY19,4239.0,PG_SEC-XBRL-financials_as-presented_10-K_2020-08-06_0000080424-20-000053.xlsx,Balance Sheet,FY19,us-gaap:CashCashEquivalentsRestrictedCashAndRestrictedCashEquivalents,Kept period-primary filing PG_SEC-XBRL-financials_as-presented_10-K_2019-08-06_0000080424-19-000050.xlsx
balance_sheet,us-gaap:CashCashEquivalentsRestrictedCashAndRestrictedCashEquivalents,FY19,6279.0,PG_SEC-XBRL-financials_as-presented_10-Q_2020-01-23_0000080424-20-000017.xlsx,Balance Sheet,"December 31, 2019",us-gaap:CashCashEquivalentsRestrictedCashAndRestrictedCashEquivalents,Kept period-primary filing PG_SEC-XBRL-financials_as-presented_10-K_2019-08-06_0000080424-19-000050.xlsx
balance_sheet,us-gaap:AccountsReceivableNetCurrent,FY19,4951.0,PG_SEC-XBRL-financials_as-presented_10-K_2019-08-06_0000080424-19-000050.xlsx,Balance Sheet,FY19,us-gaap:AccountsReceivableNetCurrent,Kept period-primary filing PG_SEC-XBRL-financials_as-presented_10-K_2019-08-06_0000080424-19-000050.xlsx
balance_sheet,us-gaap:AccountsReceivableNetCurrent,FY19,4951.0,PG_SEC-XBRL-financials_as-presented_10-K_2020-08-06_0000080424-20-000053.xlsx,Balance Sheet,FY19,us-gaap:AccountsReceivableNetCurrent,Kept period-primary filing PG_SEC-XBRL-financials_as-presented_10-K_2019-08-06_0000080424-19-000050.xlsx
balance_sheet,us-gaap:AccountsReceivableNetCurrent,FY19,5196.0,PG_SEC-XBRL-financials_as-presented_10-Q_2020-01-23_0000080424-20-000017.xlsx,Balance Sheet,"December 31, 2019",us-gaap:AccountsReceivableNetCurrent,Kept period-primary filing PG_SEC-XBRL-financials_as-presented_10-K_2019-08-06_0000080424-19-000050.xlsx
balance_sheet,us-gaap:InventoryRawMaterialsAndSuppliesNetOfReserves,FY19,1289.0,PG_SEC-XBRL-financials_as-presented_10-K_2019-08-06_0000080424-19-000050.xlsx,Balance Sheet,FY19,us-gaap:InventoryRawMaterialsAndSupplies,Kept period-primary filing PG_SEC-XBRL-financials_as-presented_10-K_2019-08-06_0000080424-19-000050.xlsx
balance_sheet,us-gaap:InventoryRawMaterialsAndSuppliesNetOfReserves,FY19,1289.0,PG_SEC-XBRL-financials_as-presented_10-K_2020-08-06_0000080424-20-000053.xlsx,Balance Sheet,FY19,us-gaap:InventoryRawMaterialsAndSupplies,Kept period-primary filing PG_SEC-XBRL-financials_as-presented_10-K_2019-08-06_0000080424-19-000050.xlsx
balance_sheet,us-gaap:InventoryRawMaterialsAndSuppliesNetOfReserves,FY19,1458.0,PG_SEC-XBRL-financials_as-presented_10-Q_2020-01-23_0000080424-20-000017.xlsx,Balance Sheet,"December 31, 2019",us-gaap:InventoryRawMaterialsAndSuppliesNetOfReserves,Kept period-primary filing PG_SEC-XBRL-financials_as-presented_10-K_2019-08-06_0000080424-19-000050.xlsx
balance_sheet,us-gaap:InventoryWorkInProcessNetOfReserves,FY19,612.0,PG_SEC-XBRL-financials_as-presented_10-K_2019-08-06_0000080424-19-000050.xlsx,Balance Sheet,FY19,us-gaap:InventoryWorkInProcess,Kept period-primary filing PG_SEC-XBRL-financials_as-presented_10-K_2019-08-06_0000080424-19-000050.xlsx
balance_sheet,us-gaap:InventoryWorkInProcessNetOfReserves,FY19,612.0,PG_SEC-XBRL-financials_as-presented_10-K_2020-08-06_0000080424-20-000053.xlsx,Balance Sheet,FY19,us-gaap:InventoryWorkInProcess,Kept period-primary filing PG_SEC-XBRL-financials_as-presented_10-K_2019-08-06_0000080424-19-000050.xlsx
balance_sheet,us-gaap:InventoryWorkInProcessNetOfReserves,FY19,632.0,PG_SEC-XBRL-financials_as-presented_10-Q_2020-01-23_0000080424-20-000017.xlsx,Balance Sheet,"December 31, 2019",us-gaap:InventoryWorkInProcessNetOfReserves,Kept period-primary filing PG_SEC-XBRL-financials_as-presented_10-K_2019-08-06_0000080424-19-000050.xlsx
balance_sheet,us-gaap:InventoryFinishedGoodsNetOfReserves,FY19,3116.0,PG_SEC-XBRL-financials_as-presented_10-K_2019-08-06_0000080424-19-000050.xlsx,Balance Sheet,FY19,us-gaap:InventoryFinishedGoods,Kept period-primary filing PG_SEC-XBRL-financials_as-presented_10-K_2019-08-06_0000080424-19-000050.xlsx
balance_sheet,us-gaap:InventoryFinishedGoodsNetOfReserves,FY19,3116.0,PG_SEC-XBRL-financials_as-presented_10-K_2020-08-06_0000080424-20-000053.xlsx,Balance Sheet,FY19,us-gaap:InventoryFinishedGoods,Kept period-primary filing PG_SEC-XBRL-financials_as-presented_10-K_2019-08-06_0000080424-19-000050.xlsx
balance_sheet,us-gaap:InventoryFinishedGoodsNetOfReserves,FY19,3431.0,PG_SEC-XBRL-financials_as-presented_10-Q_2020-01-23_0000080424-20-000017.xlsx,Balance Sheet,"December 31, 2019",us-gaap:InventoryFinishedGoodsNetOfReserves,Kept period-primary filing PG_SEC-XBRL-financials_as-presented_10-K_2019-08-06_0000080424-19-000050.xlsx
balance_sheet,us-gaap:InventoryNet,FY19,5017.0,PG_SEC-XBRL-financials_as-presented_10-K_2019-08-06_0000080424-19-000050.xlsx,Balance Sheet,FY19,us-gaap:InventoryNet,Kept period-primary filing PG_SEC-XBRL-financials_as-presented_10-K_2019-08-06_0000080424-19-000050.xlsx
balance_sheet,us-gaap:InventoryNet,FY19,5017.0,PG_SEC-XBRL-financials_as-presented_10-K_2020-08-06_0000080424-20-000053.xlsx,Balance Sheet,FY19,us-gaap:InventoryNet,Kept period-primary filing PG_SEC-XBRL-financials_as-presented_10-K_2019-08-06_0000080424-19-000050.xlsx
balance_sheet,us-gaap:InventoryNet,FY19,5521.0,PG_SEC-XBRL-financials_as-presented_10-Q_2020-01-23_0000080424-20-000017.xlsx,Balance Sheet,"December 31, 2019",us-gaap:InventoryNet,Kept period-primary filing PG_SEC-XBRL-financials_as-presented_10-K_2019-08-06_0000080424-19-000050.xlsx
balance_sheet,us-gaap:PrepaidExpenseAndOtherAssetsCurrent,FY19,2218.0,PG_SEC-XBRL-financials_as-presented_10-K_2019-08-06_0000080424-19-000050.xlsx,Balance Sheet,FY19,us-gaap:PrepaidExpenseAndOtherAssetsCurrent,Kept period-primary filing PG_SEC-XBRL-financials_as-presented_10-K_2019-08-06_0000080424-19-000050.xlsx
balance_sheet,us-gaap:PrepaidExpenseAndOtherAssetsCurrent,FY19,2218.0,PG_SEC-XBRL-financials_as-presented_10-K_2020-08-06_0000080424-20-000053.xlsx,Balance Sheet,FY19,us-gaap:PrepaidExpenseAndOtherAssetsCurrent,Kept period-primary filing PG_SEC-XBRL-financials_as-presented_10-K_2019-08-06_0000080424-19-000050.xlsx
balance_sheet,us-gaap:PrepaidExpenseAndOtherAssetsCurrent,FY19,1921.0,PG_SEC-XBRL-financials_as-presented_10-Q_2020-01-23_0000080424-20-000017.xlsx,Balance Sheet,"December 31, 2019",us-gaap:PrepaidExpenseAndOtherAssetsCurrent,Kept period-primary filing PG_SEC-XBRL-financials_as-presented_10-K_2019-08-06_0000080424-19-000050.xlsx
balance_sheet,us-gaap:AssetsCurrent,FY19,22473.0,PG_SEC-XBRL-financials_as-presented_10-K_2019-08-06_0000080424-19-000050.xlsx,Balance Sheet,FY19,us-gaap:AssetsCurrent,Kept period-primary filing PG_SEC-XBRL-financials_as-presented_10-K_2019-08-06_0000080424-19-000050.xlsx
balance_sheet,us-gaap:AssetsCurrent,FY19,22473.0,PG_SEC-XBRL-financials_as-presented_10-K_2020-08-06_0000080424-20-000053.xlsx,Balance Sheet,FY19,us-gaap:AssetsCurrent,Kept period-primary filing PG_SEC-XBRL-financials_as-presented_10-K_2019-08-06_0000080424-19-000050.xlsx
balance_sheet,us-gaap:AssetsCurrent,FY19,18917.0,PG_SEC-XBRL-financials_as-presented_10-Q_2020-01-23_0000080424-20-000017.xlsx,Balance Sheet,"December 31, 2019",us-gaap:AssetsCurrent,Kept period-primary filing PG_SEC-XBRL-financials_as-presented_10-K_2019-08-06_0000080424-19-000050.xlsx
balance_sheet,us-gaap:PropertyPlantAndEquipmentNet,FY19,21271.0,PG_SEC-XBRL-financials_as-presented_10-K_2019-08-06_0000080424-19-000050.xlsx,Balance Sheet,FY19,us-gaap:PropertyPlantAndEquipmentNet,Kept period-primary filing PG_SEC-XBRL-financials_as-presented_10-K_2019-08-06_0000080424-19-000050.xlsx
balance_sheet,us-gaap:PropertyPlantAndEquipmentNet,FY19,21271.0,PG_SEC-XBRL-financials_as-presented_10-K_2020-08-06_0000080424-20-000053.xlsx,Balance Sheet,FY19,us-gaap:PropertyPlantAndEquipmentNet,Kept period-primary filing PG_SEC-XBRL-financials_as-presented_10-K_2019-08-06_0000080424-19-000050.xlsx
balance_sheet,us-gaap:PropertyPlantAndEquipmentNet,FY19,21250.0,PG_SEC-XBRL-financials_as-presented_10-Q_2020-01-23_0000080424-20-000017.xlsx,Balance Sheet,"December 31, 2019",us-gaap:PropertyPlantAndEquipmentNet,Kept period-primary filing PG_SEC-XBRL-financials_as-presented_10-K_2019-08-06_0000080424-19-000050.xlsx
balance_sheet,us-gaap:Goodwill,FY19,40273.0,PG_SEC-XBRL-financials_as-presented_10-K_2019-08-06_0000080424-19-000050.xlsx,Balance Sheet,FY19,us-gaap:Goodwill,Kept period-primary filing PG_SEC-XBRL-financials_as-presented_10-K_2019-08-06_0000080424-19-000050.xlsx
balance_sheet,us-gaap:Goodwill,FY19,40273.0,PG_SEC-XBRL-financials_as-presented_10-K_2020-08-06_0000080424-20-000053.xlsx,Balance Sheet,FY19,us-gaap:Goodwill,Kept period-primary filing PG_SEC-XBRL-financials_as-presented_10-K_2019-08-06_0000080424-19-000050.xlsx
balance_sheet,us-gaap:Goodwill,FY19,39998.0,PG_SEC-XBRL-financials_as-presented_10-Q_2020-01-23_0000080424-20-000017.xlsx,Balance Sheet,"December 31, 2019",us-gaap:Goodwill,Kept period-primary filing PG_SEC-XBRL-financials_as-presented_10-K_2019-08-06_0000080424-19-000050.xlsx
balance_sheet,us-gaap:IntangibleAssetsNetExcludingGoodwill,FY19,24215.0,PG_SEC-XBRL-financials_as-presented_10-K_2019-08-06_0000080424-19-000050.xlsx,Balance Sheet,FY19,us-gaap:IntangibleAssetsNetExcludingGoodwill,Kept period-primary filing PG_SEC-XBRL-financials_as-presented_10-K_2019-08-06_0000080424-19-000050.xlsx
balance_sheet,us-gaap:IntangibleAssetsNetExcludingGoodwill,FY19,24215.0,PG_SEC-XBRL-financials_as-presented_10-K_2020-08-06_0000080424-20-000053.xlsx,Balance Sheet,FY19,us-gaap:IntangibleAssetsNetExcludingGoodwill,Kept period-primary filing PG_SEC-XBRL-financials_as-presented_10-K_2019-08-06_0000080424-19-000050.xlsx
balance_sheet,us-gaap:IntangibleAssetsNetExcludingGoodwill,FY19,23980.0,PG_SEC-XBRL-financials_as-presented_10-Q_2020-01-23_0000080424-20-000017.xlsx,Balance Sheet,"December 31, 2019",us-gaap:IntangibleAssetsNetExcludingGoodwill,Kept period-primary filing PG_SEC-XBRL-financials_as-presented_10-K_2019-08-06_0000080424-19-000050.xlsx
balance_sheet,us-gaap:OtherAssetsNoncurrent,FY19,6863.0,PG_SEC-XBRL-financials_as-presented_10-K_2019-08-06_0000080424-19-000050.xlsx,Balance Sheet,FY19,us-gaap:OtherAssetsNoncurrent,Kept period-primary filing PG_SEC-XBRL-financials_as-presented_10-K_2019-08-06_0000080424-19-000050.xlsx
balance_sheet,us-gaap:OtherAssetsNoncurrent,FY19,6863.0,PG_SEC-XBRL-financials_as-presented_10-K_2020-08-06_0000080424-20-000053.xlsx,Balance Sheet,FY19,us-gaap:OtherAssetsNoncurrent,Kept period-primary filing PG_SEC-XBRL-financials_as-presented_10-K_2019-08-06_0000080424-19-000050.xlsx
balance_sheet,us-gaap:OtherAssetsNoncurrent,FY19,7578.0,PG_SEC-XBRL-financials_as-presented_10-Q_2020-01-23_0000080424-20-000017.xlsx,Balance Sheet,"December 31, 2019",us-gaap:OtherAssetsNoncurrent,Kept period-primary filing PG_SEC-XBRL-financials_as-presented_10-K_2019-08-06_0000080424-19-000050.xlsx
balance_sheet,us-gaap:Assets,FY19,115095.0,PG_SEC-XBRL-financials_as-presented_10-K_2019-08-06_0000080424-19-000050.xlsx,Balance Sheet,FY19,us-gaap:Assets,Kept period-primary filing PG_SEC-XBRL-financials_as-presented_10-K_2019-08-06_0000080424-19-000050.xlsx
balance_sheet,us-gaap:Assets,FY19,115095.0,PG_SEC-XBRL-financials_as-presented_10-K_2020-08-06_0000080424-20-000053.xlsx,Balance Sheet,FY19,us-gaap:Assets,Kept period-primary filing PG_SEC-XBRL-financials_as-presented_10-K_2019-08-06_0000080424-19-000050.xlsx
balance_sheet,us-gaap:Assets,FY19,111723.0,PG_SEC-XBRL-financials_as-presented_10-Q_2020-01-23_0000080424-20-000017.xlsx,Balance Sheet,"December 31, 2019",us-gaap:Assets,Kept period-primary filing PG_SEC-XBRL-financials_as-presented_10-K_2019-08-06_0000080424-19-000050.xlsx
balance_sheet,us-gaap:AccountsPayableCurrent,FY19,11260.0,PG_SEC-XBRL-financials_as-presented_10-K_2019-08-06_0000080424-19-000050.xlsx,Balance Sheet,FY19,us-gaap:AccountsPayableCurrent,Kept period-primary filing PG_SEC-XBRL-financials_as-presented_10-K_2019-08-06_0000080424-19-000050.xlsx
balance_sheet,us-gaap:AccountsPayableCurrent,FY19,11260.0,PG_SEC-XBRL-financials_as-presented_10-K_2020-08-06_0000080424-20-000053.xlsx,Balance Sheet,FY19,us-gaap:AccountsPayableCurrent,Kept period-primary filing PG_SEC-XBRL-financials_as-presented_10-K_2019-08-06_0000080424-19-000050.xlsx
balance_sheet,us-gaap:AccountsPayableCurrent,FY19,10781.0,PG_SEC-XBRL-financials_as-presented_10-Q_2020-01-23_0000080424-20-000017.xlsx,Balance Sheet,"December 31, 2019",us-gaap:AccountsPayableCurrent,Kept period-primary filing PG_SEC-XBRL-financials_as-presented_10-K_2019-08-06_0000080424-19-000050.xlsx
balance_sheet,us-gaap:AccruedLiabilitiesCurrent,FY19,9054.0,PG_SEC-XBRL-financials_as-presented_10-K_2019-08-06_0000080424-19-000050.xlsx,Balance Sheet,FY19,us-gaap:AccruedLiabilitiesCurrent,Kept period-primary filing PG_SEC-XBRL-financials_as-presented_10-K_2019-08-06_0000080424-19-000050.xlsx
balance_sheet,us-gaap:AccruedLiabilitiesCurrent,FY19,9054.0,PG_SEC-XBRL-financials_as-presented_10-K_2020-08-06_0000080424-20-000053.xlsx,Balance Sheet,FY19,us-gaap:AccruedLiabilitiesCurrent,Kept period-primary filing PG_SEC-XBRL-financials_as-presented_10-K_2019-08-06_0000080424-19-000050.xlsx
balance_sheet,us-gaap:AccruedLiabilitiesCurrent,FY19,10230.0,PG_SEC-XBRL-financials_as-presented_10-Q_2020-01-23_0000080424-20-000017.xlsx,Balance Sheet,"December 31, 2019",us-gaap:AccruedLiabilitiesCurrent,Kept period-primary filing PG_SEC-XBRL-financials_as-presented_10-K_2019-08-06_0000080424-19-000050.xlsx
balance_sheet,us-gaap:DebtCurrent,FY19,9697.0,PG_SEC-XBRL-financials_as-presented_10-K_2019-08-06_0000080424-19-000050.xlsx,Balance Sheet,FY19,us-gaap:DebtCurrent,Kept period-primary filing PG_SEC-XBRL-financials_as-presented_10-K_2019-08-06_0000080424-19-000050.xlsx
balance_sheet,us-gaap:DebtCurrent,FY19,9697.0,PG_SEC-XBRL-financials_as-presented_10-K_2020-08-06_0000080424-20-000053.xlsx,Balance Sheet,FY19,us-gaap:DebtCurrent,Kept period-primary filing PG_SEC-XBRL-financials_as-presented_10-K_2019-08-06_0000080424-19-000050.xlsx
balance_sheet,us-gaap:DebtCurrent,FY19,9153.0,PG_SEC-XBRL-financials_as-presented_10-Q_2020-01-23_0000080424-20-000017.xlsx,Balance Sheet,"December 31, 2019",us-gaap:DebtCurrent,Kept period-primary filing PG_SEC-XBRL-financials_as-presented_10-K_2019-08-06_0000080424-19-000050.xlsx
balance_sheet,us-gaap:LiabilitiesCurrent,FY19,30011.0,PG_SEC-XBRL-financials_as-presented_10-K_2019-08-06_0000080424-19-000050.xlsx,Balance Sheet,FY19,us-gaap:LiabilitiesCurrent,Kept period-primary filing PG_SEC-XBRL-financials_as-presented_10-K_2019-08-06_0000080424-19-000050.xlsx
balance_sheet,us-gaap:LiabilitiesCurrent,FY19,30011.0,PG_SEC-XBRL-financials_as-presented_10-K_2020-08-06_0000080424-20-000053.xlsx,Balance Sheet,FY19,us-gaap:LiabilitiesCurrent,Kept period-primary filing PG_SEC-XBRL-financials_as-presented_10-K_2019-08-06_0000080424-19-000050.xlsx
balance_sheet,us-gaap:LiabilitiesCurrent,FY19,30164.0,PG_SEC-XBRL-financials_as-presented_10-Q_2020-01-23_0000080424-20-000017.xlsx,Balance Sheet,"December 31, 2019",us-gaap:LiabilitiesCurrent,Kept period-primary filing PG_SEC-XBRL-financials_as-presented_10-K_2019-08-06_0000080424-19-000050.xlsx
balance_sheet,us-gaap:LongTermDebtNoncurrent,FY19,20395.0,PG_SEC-XBRL-financials_as-presented_10-K_2019-08-06_0000080424-19-000050.xlsx,Balance Sheet,FY19,us-gaap:LongTermDebtNoncurrent,Kept period-primary filing PG_SEC-XBRL-financials_as-presented_10-K_2019-08-06_0000080424-19-000050.xlsx
balance_sheet,us-gaap:LongTermDebtNoncurrent,FY19,20395.0,PG_SEC-XBRL-financials_as-presented_10-K_2020-08-06_0000080424-20-000053.xlsx,Balance Sheet,FY19,us-gaap:LongTermDebtNoncurrent,Kept period-primary filing PG_SEC-XBRL-financials_as-presented_10-K_2019-08-06_0000080424-19-000050.xlsx
balance_sheet,us-gaap:LongTermDebtNoncurrent,FY19,18985.0,PG_SEC-XBRL-financials_as-presented_10-Q_2020-01-23_0000080424-20-000017.xlsx,Balance Sheet,"December 31, 2019",us-gaap:LongTermDebtNoncurrent,Kept period-primary filing PG_SEC-XBRL-financials_as-presented_10-K_2019-08-06_0000080424-19-000050.xlsx
balance_sheet,us-gaap:DeferredIncomeTaxLiabilitiesNet,FY19,6899.0,PG_SEC-XBRL-financials_as-presented_10-K_2019-08-06_0000080424-19-000050.xlsx,Balance Sheet,FY19,us-gaap:DeferredTaxLiabilitiesNoncurrent,Kept period-primary filing PG_SEC-XBRL-financials_as-presented_10-K_2019-08-06_0000080424-19-000050.xlsx
balance_sheet,us-gaap:DeferredIncomeTaxLiabilitiesNet,FY19,6899.0,PG_SEC-XBRL-financials_as-presented_10-K_2020-08-06_0000080424-20-000053.xlsx,Balance Sheet,FY19,us-gaap:DeferredIncomeTaxLiabilitiesNet,Kept period-primary filing PG_SEC-XBRL-financials_as-presented_10-K_2019-08-06_0000080424-19-000050.xlsx
balance_sheet,us-gaap:DeferredIncomeTaxLiabilitiesNet,FY19,6242.0,PG_SEC-XBRL-financials_as-presented_10-Q_2020-01-23_0000080424-20-000017.xlsx,Balance Sheet,"December 31, 2019",us-gaap:DeferredTaxLiabilitiesNoncurrent,Kept period-primary filing PG_SEC-XBRL-financials_as-presented_10-K_2019-08-06_0000080424-19-000050.xlsx
balance_sheet,us-gaap:OtherLiabilitiesNoncurrent,FY19,10211.0,PG_SEC-XBRL-financials_as-presented_10-K_2019-08-06_0000080424-19-000050.xlsx,Balance Sheet,FY19,us-gaap:OtherLiabilitiesNoncurrent,Kept period-primary filing PG_SEC-XBRL-financials_as-presented_10-K_2019-08-06_0000080424-19-000050.xlsx
balance_sheet,us-gaap:OtherLiabilitiesNoncurrent,FY19,10211.0,PG_SEC-XBRL-financials_as-presented_10-K_2020-08-06_0000080424-20-000053.xlsx,Balance Sheet,FY19,us-gaap:OtherLiabilitiesNoncurrent,Kept period-primary filing PG_SEC-XBRL-financials_as-presented_10-K_2019-08-06_0000080424-19-000050.xlsx
balance_sheet,us-gaap:OtherLiabilitiesNoncurrent,FY19,10424.0,PG_SEC-XBRL-financials_as-presented_10-Q_2020-01-23_0000080424-20-000017.xlsx,Balance Sheet,"December 31, 2019",us-gaap:OtherLiabilitiesNoncurrent,Kept period-primary filing PG_SEC-XBRL-financials_as-presented_10-K_2019-08-06_0000080424-19-000050.xlsx
balance_sheet,us-gaap:Liabilities,FY19,67516.0,PG_SEC-XBRL-financials_as-presented_10-K_2019-08-06_0000080424-19-000050.xlsx,Balance Sheet,FY19,us-gaap:Liabilities,Kept period-primary filing PG_SEC-XBRL-financials_as-presented_10-K_2019-08-06_0000080424-19-000050.xlsx
balance_sheet,us-gaap:Liabilities,FY19,67516.0,PG_SEC-XBRL-financials_as-presented_10-K_2020-08-06_0000080424-20-000053.xlsx,Balance Sheet,FY19,us-gaap:Liabilities,Kept period-primary filing PG_SEC-XBRL-financials_as-presented_10-K_2019-08-06_0000080424-19-000050.xlsx
balance_sheet,us-gaap:Liabilities,FY19,65815.0,PG_SEC-XBRL-financials_as-presented_10-Q_2020-01-23_0000080424-20-000017.xlsx,Balance Sheet,"December 31, 2019",us-gaap:Liabilities,Kept period-primary filing PG_SEC-XBRL-financials_as-presented_10-K_2019-08-06_0000080424-19-000050.xlsx
balance_sheet,us-gaap:PreferredStockValue,FY19,928.0,PG_SEC-XBRL-financials_as-presented_10-K_2019-08-06_0000080424-19-000050.xlsx,Balance Sheet,FY19,us-gaap:PreferredStockValue,Kept period-primary filing PG_SEC-XBRL-financials_as-presented_10-K_2019-08-06_0000080424-19-000050.xlsx
balance_sheet,us-gaap:PreferredStockValue,FY19,928.0,PG_SEC-XBRL-financials_as-presented_10-K_2020-08-06_0000080424-20-000053.xlsx,Balance Sheet,FY19,us-gaap:PreferredStockValue,Kept period-primary filing PG_SEC-XBRL-financials_as-presented_10-K_2019-08-06_0000080424-19-000050.xlsx
balance_sheet,us-gaap:PreferredStockValue,FY19,911.0,PG_SEC-XBRL-financials_as-presented_10-Q_2020-01-23_0000080424-20-000017.xlsx,Balance Sheet,"December 31, 2019",us-gaap:PreferredStockValue,Kept period-primary filing PG_SEC-XBRL-financials_as-presented_10-K_2019-08-06_0000080424-19-000050.xlsx
balance_sheet,us-gaap:AdditionalPaidInCapital,FY19,63827.0,PG_SEC-XBRL-financials_as-presented_10-K_2019-08-06_0000080424-19-000050.xlsx,Balance Sheet,FY19,us-gaap:AdditionalPaidInCapital,Kept period-primary filing PG_SEC-XBRL-financials_as-presented_10-K_2019-08-06_0000080424-19-000050.xlsx
balance_sheet,us-gaap:AdditionalPaidInCapital,FY19,63827.0,PG_SEC-XBRL-financials_as-presented_10-K_2020-08-06_0000080424-20-000053.xlsx,Balance Sheet,FY19,us-gaap:AdditionalPaidInCapital,Kept period-primary filing PG_SEC-XBRL-financials_as-presented_10-K_2019-08-06_0000080424-19-000050.xlsx
balance_sheet,us-gaap:AdditionalPaidInCapital,FY19,64019.0,PG_SEC-XBRL-financials_as-presented_10-Q_2020-01-23_0000080424-20-000017.xlsx,Balance Sheet,"December 31, 2019",us-gaap:AdditionalPaidInCapital,Kept period-primary filing PG_SEC-XBRL-financials_as-presented_10-K_2019-08-06_0000080424-19-000050.xlsx
balance_sheet,pg:ReserveForEsopDebtRetirement,FY19,-1146.0,PG_SEC-XBRL-financials_as-presented_10-K_2019-08-06_0000080424-19-000050.xlsx,Balance Sheet,FY19,pg:ReserveForEsopDebtRetirement,Kept period-primary filing PG_SEC-XBRL-financials_as-presented_10-K_2019-08-06_0000080424-19-000050.xlsx
balance_sheet,pg:ReserveForEsopDebtRetirement,FY19,-1146.0,PG_SEC-XBRL-financials_as-presented_10-K_2020-08-06_0000080424-20-000053.xlsx,Balance Sheet,FY19,pg:ReserveForEsopDebtRetirement,Kept period-primary filing PG_SEC-XBRL-financials_as-presented_10-K_2019-08-06_0000080424-19-000050.xlsx
balance_sheet,pg:ReserveForEsopDebtRetirement,FY19,-1112.0,PG_SEC-XBRL-financials_as-presented_10-Q_2020-01-23_0000080424-20-000017.xlsx,Balance Sheet,"December 31, 2019",pg:ReserveForEsopDebtRetirement,Kept period-primary filing PG_SEC-XBRL-financials_as-presented_10-K_2019-08-06_0000080424-19-000050.xlsx
balance_sheet,us-gaap:AccumulatedOtherComprehensiveIncomeLossNetOfTax,FY19,-14936.0,PG_SEC-XBRL-financials_as-presented_10-K_2019-08-06_0000080424-19-000050.xlsx,Balance Sheet,FY19,us-gaap:AccumulatedOtherComprehensiveIncomeLossNetOfTax,Kept period-primary filing PG_SEC-XBRL-financials_as-presented_10-K_2019-08-06_0000080424-19-000050.xlsx
balance_sheet,us-gaap:AccumulatedOtherComprehensiveIncomeLossNetOfTax,FY19,-14936.0,PG_SEC-XBRL-financials_as-presented_10-K_2020-08-06_0000080424-20-000053.xlsx,Balance Sheet,FY19,us-gaap:AccumulatedOtherComprehensiveIncomeLossNetOfTax,Kept period-primary filing PG_SEC-XBRL-financials_as-presented_10-K_2019-08-06_0000080424-19-000050.xlsx
balance_sheet,us-gaap:AccumulatedOtherComprehensiveIncomeLossNetOfTax,FY19,-14942.0,PG_SEC-XBRL-financials_as-presented_10-Q_2020-01-23_0000080424-20-000017.xlsx,Balance Sheet,"December 31, 2019",us-gaap:AccumulatedOtherComprehensiveIncomeLossNetOfTax,Kept period-primary filing PG_SEC-XBRL-financials_as-presented_10-K_2019-08-06_0000080424-19-000050.xlsx
balance_sheet,us-gaap:TreasuryStockCommonShares,FY19,-100406.0,PG_SEC-XBRL-financials_as-presented_10-K_2019-08-06_0000080424-19-000050.xlsx,Balance Sheet,FY19,us-gaap:TreasuryStockValue,Kept period-primary filing PG_SEC-XBRL-financials_as-presented_10-K_2019-08-06_0000080424-19-000050.xlsx
balance_sheet,us-gaap:TreasuryStockCommonShares,FY19,-100406.0,PG_SEC-XBRL-financials_as-presented_10-K_2020-08-06_0000080424-20-000053.xlsx,Balance Sheet,FY19,us-gaap:TreasuryStockValue,Kept period-primary filing PG_SEC-XBRL-financials_as-presented_10-K_2019-08-06_0000080424-19-000050.xlsx
balance_sheet,us-gaap:TreasuryStockCommonShares,FY19,-105761.0,PG_SEC-XBRL-financials_as-presented_10-Q_2020-01-23_0000080424-20-000017.xlsx,Balance Sheet,"December 31, 2019",us-gaap:TreasuryStockValue,Kept period-primary filing PG_SEC-XBRL-financials_as-presented_10-K_2019-08-06_0000080424-19-000050.xlsx
balance_sheet,us-gaap:RetainedEarningsAccumulatedDeficit,FY19,94918.0,PG_SEC-XBRL-financials_as-presented_10-K_2019-08-06_0000080424-19-000050.xlsx,Balance Sheet,FY19,us-gaap:RetainedEarningsAccumulatedDeficit,Kept period-primary filing PG_SEC-XBRL-financials_as-presented_10-K_2019-08-06_0000080424-19-000050.xlsx
balance_sheet,us-gaap:RetainedEarningsAccumulatedDeficit,FY19,94918.0,PG_SEC-XBRL-financials_as-presented_10-K_2020-08-06_0000080424-20-000053.xlsx,Balance Sheet,FY19,us-gaap:RetainedEarningsAccumulatedDeficit,Kept period-primary filing PG_SEC-XBRL-financials_as-presented_10-K_2019-08-06_0000080424-19-000050.xlsx
balance_sheet,us-gaap:RetainedEarningsAccumulatedDeficit,FY19,98414.0,PG_SEC-XBRL-financials_as-presented_10-Q_2020-01-23_0000080424-20-000017.xlsx,Balance Sheet,"December 31, 2019",us-gaap:RetainedEarningsAccumulatedDeficit,Kept period-primary filing PG_SEC-XBRL-financials_as-presented_10-K_2019-08-06_0000080424-19-000050.xlsx
balance_sheet,us-gaap:MinorityInterest,FY19,385.0,PG_SEC-XBRL-financials_as-presented_10-K_2019-08-06_0000080424-19-000050.xlsx,Balance Sheet,FY19,us-gaap:MinorityInterest,Kept period-primary filing PG_SEC-XBRL-financials_as-presented_10-K_2019-08-06_0000080424-19-000050.xlsx
balance_sheet,us-gaap:MinorityInterest,FY19,385.0,PG_SEC-XBRL-financials_as-presented_10-K_2020-08-06_0000080424-20-000053.xlsx,Balance Sheet,FY19,us-gaap:MinorityInterest,Kept period-primary filing PG_SEC-XBRL-financials_as-presented_10-K_2019-08-06_0000080424-19-000050.xlsx
balance_sheet,us-gaap:MinorityInterest,FY19,370.0,PG_SEC-XBRL-financials_as-presented_10-Q_2020-01-23_0000080424-20-000017.xlsx,Balance Sheet,"December 31, 2019",us-gaap:MinorityInterest,Kept period-primary filing PG_SEC-XBRL-financials_as-presented_10-K_2019-08-06_0000080424-19-000050.xlsx
balance_sheet,us-gaap:StockholdersEquityIncludingPortionAttributableToNoncontrollingInterest,FY19,47579.0,PG_SEC-XBRL-financials_as-presented_10-K_2019-08-06_0000080424-19-000050.xlsx,Balance Sheet,FY19,us-gaap:StockholdersEquityIncludingPortionAttributableToNoncontrollingInterest,Kept period-primary filing PG_SEC-XBRL-financials_as-presented_10-K_2019-08-06_0000080424-19-000050.xlsx
balance_sheet,us-gaap:StockholdersEquityIncludingPortionAttributableToNoncontrollingInterest,FY19,47579.0,PG_SEC-XBRL-financials_as-presented_10-K_2020-08-06_0000080424-20-000053.xlsx,Balance Sheet,FY19,us-gaap:StockholdersEquityIncludingPortionAttributableToNoncontrollingInterest,Kept period-primary filing PG_SEC-XBRL-financials_as-presented_10-K_2019-08-06_0000080424-19-000050.xlsx
balance_sheet,us-gaap:StockholdersEquityIncludingPortionAttributableToNoncontrollingInterest,FY19,45908.0,PG_SEC-XBRL-financials_as-presented_10-Q_2020-01-23_0000080424-20-000017.xlsx,Balance Sheet,"December 31, 2019",us-gaap:StockholdersEquityIncludingPortionAttributableToNoncontrollingInterest,Kept period-primary filing PG_SEC-XBRL-financials_as-presented_10-K_2019-08-06_0000080424-19-000050.xlsx
balance_sheet,us-gaap:LiabilitiesAndStockholdersEquity,FY19,115095.0,PG_SEC-XBRL-financials_as-presented_10-K_2019-08-06_0000080424-19-000050.xlsx,Balance Sheet,FY19,us-gaap:LiabilitiesAndStockholdersEquity,Kept period-primary filing PG_SEC-XBRL-financials_as-presented_10-K_2019-08-06_0000080424-19-000050.xlsx
balance_sheet,us-gaap:LiabilitiesAndStockholdersEquity,FY19,115095.0,PG_SEC-XBRL-financials_as-presented_10-K_2020-08-06_0000080424-20-000053.xlsx,Balance Sheet,FY19,us-gaap:LiabilitiesAndStockholdersEquity,Kept period-primary filing PG_SEC-XBRL-financials_as-presented_10-K_2019-08-06_0000080424-19-000050.xlsx
balance_sheet,us-gaap:LiabilitiesAndStockholdersEquity,FY19,111723.0,PG_SEC-XBRL-financials_as-presented_10-Q_2020-01-23_0000080424-20-000017.xlsx,Balance Sheet,"December 31, 2019",us-gaap:LiabilitiesAndStockholdersEquity,Kept period-primary filing PG_SEC-XBRL-financials_as-presented_10-K_2019-08-06_0000080424-19-000050.xlsx
income_statement,us-gaap:Revenues,FY20,70950.0,PG_SEC-XBRL-financials_as-presented_10-K_2020-08-06_0000080424-20-000053.xlsx,Income Statement,FY20,us-gaap:Revenues,Kept period-primary filing PG_SEC-XBRL-financials_as-presented_10-K_2020-08-06_0000080424-20-000053.xlsx
income_statement,us-gaap:Revenues,FY20,70950.0,PG_SEC-XBRL-financials_as-presented_10-K_2021-08-06_0000080424-21-000100.xlsx,Income Statement,FY20,us-gaap:Revenues,Kept period-primary filing PG_SEC-XBRL-financials_as-presented_10-K_2020-08-06_0000080424-20-000053.xlsx
income_statement,us-gaap:Revenues,FY20,70950.0,PG_SEC-XBRL-financials_as-presented_10-K_2022-08-05_0000080424-22-000064.xlsx,Income Statement,FY20,us-gaap:Revenues,Kept period-primary filing PG_SEC-XBRL-financials_as-presented_10-K_2020-08-06_0000080424-20-000053.xlsx
income_statement,us-gaap:Revenues,FY20,53252.0,PG_SEC-XBRL-financials_as-presented_10-Q_2020-04-20_0000080424-20-000038.xlsx,Income Statement,FY20,us-gaap:Revenues,Kept period-primary filing PG_SEC-XBRL-financials_as-presented_10-K_2020-08-06_0000080424-20-000053.xlsx
income_statement,us-gaap:CostOfGoodsAndServicesSold,FY20,35250.0,PG_SEC-XBRL-financials_as-presented_10-K_2020-08-06_0000080424-20-000053.xlsx,Income Statement,FY20,us-gaap:CostOfGoodsAndServicesSold,Kept period-primary filing PG_SEC-XBRL-financials_as-presented_10-K_2020-08-06_0000080424-20-000053.xlsx
income_statement,us-gaap:CostOfGoodsAndServicesSold,FY20,35250.0,PG_SEC-XBRL-financials_as-presented_10-K_2021-08-06_0000080424-21-000100.xlsx,Income Statement,FY20,us-gaap:CostOfGoodsAndServicesSold,Kept period-primary filing PG_SEC-XBRL-financials_as-presented_10-K_2020-08-06_0000080424-20-000053.xlsx
income_statement,us-gaap:CostOfGoodsAndServicesSold,FY20,35250.0,PG_SEC-XBRL-financials_as-presented_10-K_2022-08-05_0000080424-22-000064.xlsx,Income Statement,FY20,us-gaap:CostOfGoodsAndServicesSold,Kept period-primary filing PG_SEC-XBRL-financials_as-presented_10-K_2020-08-06_0000080424-20-000053.xlsx
income_statement,us-gaap:CostOfGoodsAndServicesSold,FY20,26308.0,PG_SEC-XBRL-financials_as-presented_10-Q_2020-04-20_0000080424-20-000038.xlsx,Income Statement,FY20,us-gaap:CostOfGoodsAndServicesSold,Kept period-primary filing PG_SEC-XBRL-financials_as-presented_10-K_2020-08-06_0000080424-20-000053.xlsx
income_statement,us-gaap:SellingGeneralAndAdministrativeExpense,FY20,19994.0,PG_SEC-XBRL-financials_as-presented_10-K_2020-08-06_0000080424-20-000053.xlsx,Income Statement,FY20,us-gaap:SellingGeneralAndAdministrativeExpense,Kept period-primary filing PG_SEC-XBRL-financials_as-presented_10-K_2020-08-06_0000080424-20-000053.xlsx
income_statement,us-gaap:SellingGeneralAndAdministrativeExpense,FY20,19994.0,PG_SEC-XBRL-financials_as-presented_10-K_2021-08-06_0000080424-21-000100.xlsx,Income Statement,FY20,us-gaap:SellingGeneralAndAdministrativeExpense,Kept period-primary filing PG_SEC-XBRL-financials_as-presented_10-K_2020-08-06_0000080424-20-000053.xlsx
income_statement,us-gaap:SellingGeneralAndAdministrativeExpense,FY20,19994.0,PG_SEC-XBRL-financials_as-presented_10-K_2022-08-05_0000080424-22-000064.xlsx,Income Statement,FY20,us-gaap:SellingGeneralAndAdministrativeExpense,Kept period-primary filing PG_SEC-XBRL-financials_as-presented_10-K_2020-08-06_0000080424-20-000053.xlsx
income_statement,us-gaap:SellingGeneralAndAdministrativeExpense,FY20,14719.0,PG_SEC-XBRL-financials_as-presented_10-Q_2020-04-20_0000080424-20-000038.xlsx,Income Statement,FY20,us-gaap:SellingGeneralAndAdministrativeExpense,Kept period-primary filing PG_SEC-XBRL-financials_as-presented_10-K_2020-08-06_0000080424-20-000053.xlsx
income_statement,us-gaap:OperatingIncomeLoss,FY20,15706.0,PG_SEC-XBRL-financials_as-presented_10-K_2020-08-06_0000080424-20-000053.xlsx,Income Statement,FY20,us-gaap:OperatingIncomeLoss,Kept period-primary filing PG_SEC-XBRL-financials_as-presented_10-K_2020-08-06_0000080424-20-000053.xlsx
income_statement,us-gaap:OperatingIncomeLoss,FY20,15706.0,PG_SEC-XBRL-financials_as-presented_10-K_2021-08-06_0000080424-21-000100.xlsx,Income Statement,FY20,us-gaap:OperatingIncomeLoss,Kept period-primary filing PG_SEC-XBRL-financials_as-presented_10-K_2020-08-06_0000080424-20-000053.xlsx
income_statement,us-gaap:OperatingIncomeLoss,FY20,15706.0,PG_SEC-XBRL-financials_as-presented_10-K_2022-08-05_0000080424-22-000064.xlsx,Income Statement,FY20,us-gaap:OperatingIncomeLoss,Kept period-primary filing PG_SEC-XBRL-financials_as-presented_10-K_2020-08-06_0000080424-20-000053.xlsx
income_statement,us-gaap:OperatingIncomeLoss,FY20,12225.0,PG_SEC-XBRL-financials_as-presented_10-Q_2020-04-20_0000080424-20-000038.xlsx,Income Statement,FY20,us-gaap:OperatingIncomeLoss,Kept period-primary filing PG_SEC-XBRL-financials_as-presented_10-K_2020-08-06_0000080424-20-000053.xlsx
income_statement,us-gaap:InterestExpenseNonoperating,FY20,-465.0,PG_SEC-XBRL-financials_as-presented_10-K_2020-08-06_0000080424-20-000053.xlsx,Income Statement,FY20,us-gaap:InterestExpense,Kept period-primary filing PG_SEC-XBRL-financials_as-presented_10-K_2020-08-06_0000080424-20-000053.xlsx
income_statement,us-gaap:InterestExpenseNonoperating,FY20,-465.0,PG_SEC-XBRL-financials_as-presented_10-K_2021-08-06_0000080424-21-000100.xlsx,Income Statement,FY20,us-gaap:InterestExpense,Kept period-primary filing PG_SEC-XBRL-financials_as-presented_10-K_2020-08-06_0000080424-20-000053.xlsx
income_statement,us-gaap:InterestExpenseNonoperating,FY20,-465.0,PG_SEC-XBRL-financials_as-presented_10-K_2022-08-05_0000080424-22-000064.xlsx,Income Statement,FY20,us-gaap:InterestExpense,Kept period-primary filing PG_SEC-XBRL-financials_as-presented_10-K_2020-08-06_0000080424-20-000053.xlsx
income_statement,us-gaap:InterestExpenseNonoperating,FY20,-308.0,PG_SEC-XBRL-financials_as-presented_10-Q_2020-04-20_0000080424-20-000038.xlsx,Income Statement,FY20,us-gaap:InterestExpense,Kept period-primary filing PG_SEC-XBRL-financials_as-presented_10-K_2020-08-06_0000080424-20-000053.xlsx
income_statement,us-gaap:InvestmentIncomeInterest,FY20,155.0,PG_SEC-XBRL-financials_as-presented_10-K_2020-08-06_0000080424-20-000053.xlsx,Income Statement,FY20,us-gaap:InvestmentIncomeInterest,Kept period-primary filing PG_SEC-XBRL-financials_as-presented_10-K_2020-08-06_0000080424-20-000053.xlsx
income_statement,us-gaap:InvestmentIncomeInterest,FY20,155.0,PG_SEC-XBRL-financials_as-presented_10-K_2021-08-06_0000080424-21-000100.xlsx,Income Statement,FY20,us-gaap:InvestmentIncomeInterest,Kept period-primary filing PG_SEC-XBRL-financials_as-presented_10-K_2020-08-06_0000080424-20-000053.xlsx
income_statement,us-gaap:InvestmentIncomeInterest,FY20,155.0,PG_SEC-XBRL-financials_as-presented_10-K_2022-08-05_0000080424-22-000064.xlsx,Income Statement,FY20,us-gaap:InvestmentIncomeInterest,Kept period-primary filing PG_SEC-XBRL-financials_as-presented_10-K_2020-08-06_0000080424-20-000053.xlsx
income_statement,us-gaap:InvestmentIncomeInterest,FY20,133.0,PG_SEC-XBRL-financials_as-presented_10-Q_2020-04-20_0000080424-20-000038.xlsx,Income Statement,FY20,us-gaap:InvestmentIncomeInterest,Kept period-primary filing PG_SEC-XBRL-financials_as-presented_10-K_2020-08-06_0000080424-20-000053.xlsx
income_statement,us-gaap:OtherNonoperatingIncomeExpense,FY20,438.0,PG_SEC-XBRL-financials_as-presented_10-K_2020-08-06_0000080424-20-000053.xlsx,Income Statement,FY20,us-gaap:OtherNonoperatingIncomeExpense,Kept period-primary filing PG_SEC-XBRL-financials_as-presented_10-K_2020-08-06_0000080424-20-000053.xlsx
income_statement,us-gaap:OtherNonoperatingIncomeExpense,FY20,438.0,PG_SEC-XBRL-financials_as-presented_10-K_2021-08-06_0000080424-21-000100.xlsx,Income Statement,FY20,us-gaap:OtherNonoperatingIncomeExpense,Kept period-primary filing PG_SEC-XBRL-financials_as-presented_10-K_2020-08-06_0000080424-20-000053.xlsx
income_statement,us-gaap:OtherNonoperatingIncomeExpense,FY20,438.0,PG_SEC-XBRL-financials_as-presented_10-K_2022-08-05_0000080424-22-000064.xlsx,Income Statement,FY20,us-gaap:OtherNonoperatingIncomeExpense,Kept period-primary filing PG_SEC-XBRL-financials_as-presented_10-K_2020-08-06_0000080424-20-000053.xlsx
income_statement,us-gaap:OtherNonoperatingIncomeExpense,FY20,323.0,PG_SEC-XBRL-financials_as-presented_10-Q_2020-04-20_0000080424-20-000038.xlsx,Income Statement,FY20,us-gaap:OtherNonoperatingIncomeExpense,Kept period-primary filing PG_SEC-XBRL-financials_as-presented_10-K_2020-08-06_0000080424-20-000053.xlsx
income_statement,us-gaap:IncomeLossIncludingPortionAttributableToNoncontrollingInterest,FY20,15834.0,PG_SEC-XBRL-financials_as-presented_10-K_2020-08-06_0000080424-20-000053.xlsx,Income Statement,FY20,pg:IncomeLossFromContinuingOperationsBeforeIncomeTaxes,Kept period-primary filing PG_SEC-XBRL-financials_as-presented_10-K_2020-08-06_0000080424-20-000053.xlsx
income_statement,us-gaap:IncomeLossIncludingPortionAttributableToNoncontrollingInterest,FY20,15834.0,PG_SEC-XBRL-financials_as-presented_10-K_2021-08-06_0000080424-21-000100.xlsx,Income Statement,FY20,pg:IncomeLossFromContinuingOperationsBeforeIncomeTaxes,Kept period-primary filing PG_SEC-XBRL-financials_as-presented_10-K_2020-08-06_0000080424-20-000053.xlsx
income_statement,us-gaap:IncomeLossIncludingPortionAttributableToNoncontrollingInterest,FY20,15834.0,PG_SEC-XBRL-financials_as-presented_10-K_2022-08-05_0000080424-22-000064.xlsx,Income Statement,FY20,pg:IncomeLossFromContinuingOperationsBeforeIncomeTaxes,Kept period-primary filing PG_SEC-XBRL-financials_as-presented_10-K_2020-08-06_0000080424-20-000053.xlsx
income_statement,us-gaap:IncomeLossIncludingPortionAttributableToNoncontrollingInterest,FY20,12373.0,PG_SEC-XBRL-financials_as-presented_10-Q_2020-04-20_0000080424-20-000038.xlsx,Income Statement,FY20,pg:IncomeLossFromContinuingOperationsBeforeIncomeTaxes,Kept period-primary filing PG_SEC-XBRL-financials_as-presented_10-K_2020-08-06_0000080424-20-000053.xlsx
income_statement,us-gaap:IncomeTaxExpenseBenefit,FY20,2731.0,PG_SEC-XBRL-financials_as-presented_10-K_2020-08-06_0000080424-20-000053.xlsx,Income Statement,FY20,us-gaap:IncomeTaxExpenseBenefit,Kept period-primary filing PG_SEC-XBRL-financials_as-presented_10-K_2020-08-06_0000080424-20-000053.xlsx
income_statement,us-gaap:IncomeTaxExpenseBenefit,FY20,2731.0,PG_SEC-XBRL-financials_as-presented_10-K_2021-08-06_0000080424-21-000100.xlsx,Income Statement,FY20,us-gaap:IncomeTaxExpenseBenefit,Kept period-primary filing PG_SEC-XBRL-financials_as-presented_10-K_2020-08-06_0000080424-20-000053.xlsx
income_statement,us-gaap:IncomeTaxExpenseBenefit,FY20,2731.0,PG_SEC-XBRL-financials_as-presented_10-K_2022-08-05_0000080424-22-000064.xlsx,Income Statement,FY20,us-gaap:IncomeTaxExpenseBenefit,Kept period-primary filing PG_SEC-XBRL-financials_as-presented_10-K_2020-08-06_0000080424-20-000053.xlsx
income_statement,us-gaap:IncomeTaxExpenseBenefit,FY20,2056.0,PG_SEC-XBRL-financials_as-presented_10-Q_2020-04-20_0000080424-20-000038.xlsx,Income Statement,FY20,us-gaap:IncomeTaxExpenseBenefit,Kept period-primary filing PG_SEC-XBRL-financials_as-presented_10-K_2020-08-06_0000080424-20-000053.xlsx
income_statement,us-gaap:ProfitLoss,FY20,13103.0,PG_SEC-XBRL-financials_as-presented_10-K_2020-08-06_0000080424-20-000053.xlsx,Income Statement,FY20,us-gaap:ProfitLoss,Kept period-primary filing PG_SEC-XBRL-financials_as-presented_10-K_2020-08-06_0000080424-20-000053.xlsx
income_statement,us-gaap:ProfitLoss,FY20,13103.0,PG_SEC-XBRL-financials_as-presented_10-K_2021-08-06_0000080424-21-000100.xlsx,Income Statement,FY20,us-gaap:ProfitLoss,Kept period-primary filing PG_SEC-XBRL-financials_as-presented_10-K_2020-08-06_0000080424-20-000053.xlsx
income_statement,us-gaap:ProfitLoss,FY20,13103.0,PG_SEC-XBRL-financials_as-presented_10-K_2022-08-05_0000080424-22-000064.xlsx,Income Statement,FY20,us-gaap:ProfitLoss,Kept period-primary filing PG_SEC-XBRL-financials_as-presented_10-K_2020-08-06_0000080424-20-000053.xlsx
income_statement,us-gaap:ProfitLoss,FY20,10317.0,PG_SEC-XBRL-financials_as-presented_10-Q_2020-04-20_0000080424-20-000038.xlsx,Income Statement,FY20,us-gaap:ProfitLoss,Kept period-primary filing PG_SEC-XBRL-financials_as-presented_10-K_2020-08-06_0000080424-20-000053.xlsx
income_statement,us-gaap:NetIncomeLossAttributableToNoncontrollingInterest,FY20,76.0,PG_SEC-XBRL-financials_as-presented_10-K_2020-08-06_0000080424-20-000053.xlsx,Income Statement,FY20,us-gaap:NetIncomeLossAttributableToNoncontrollingInterest,Kept period-primary filing PG_SEC-XBRL-financials_as-presented_10-K_2020-08-06_0000080424-20-000053.xlsx
income_statement,us-gaap:NetIncomeLossAttributableToNoncontrollingInterest,FY20,76.0,PG_SEC-XBRL-financials_as-presented_10-K_2021-08-06_0000080424-21-000100.xlsx,Income Statement,FY20,us-gaap:NetIncomeLossAttributableToNoncontrollingInterest,Kept period-primary filing PG_SEC-XBRL-financials_as-presented_10-K_2020-08-06_0000080424-20-000053.xlsx
income_statement,us-gaap:NetIncomeLossAttributableToNoncontrollingInterest,FY20,76.0,PG_SEC-XBRL-financials_as-presented_10-K_2022-08-05_0000080424-22-000064.xlsx,Income Statement,FY20,us-gaap:NetIncomeLossAttributableToNoncontrollingInterest,Kept period-primary filing PG_SEC-XBRL-financials_as-presented_10-K_2020-08-06_0000080424-20-000053.xlsx
income_statement,us-gaap:NetIncomeLossAttributableToNoncontrollingInterest,FY20,90.0,PG_SEC-XBRL-financials_as-presented_10-Q_2020-04-20_0000080424-20-000038.xlsx,Income Statement,FY20,us-gaap:NetIncomeLossAttributableToNoncontrollingInterest,Kept period-primary filing PG_SEC-XBRL-financials_as-presented_10-K_2020-08-06_0000080424-20-000053.xlsx
income_statement,us-gaap:NetIncomeLoss,FY20,13027.0,PG_SEC-XBRL-financials_as-presented_10-K_2020-08-06_0000080424-20-000053.xlsx,Income Statement,FY20,us-gaap:NetIncomeLoss,Kept period-primary filing PG_SEC-XBRL-financials_as-presented_10-K_2020-08-06_0000080424-20-000053.xlsx
income_statement,us-gaap:NetIncomeLoss,FY20,13027.0,PG_SEC-XBRL-financials_as-presented_10-K_2021-08-06_0000080424-21-000100.xlsx,Income Statement,FY20,us-gaap:NetIncomeLoss,Kept period-primary filing PG_SEC-XBRL-financials_as-presented_10-K_2020-08-06_0000080424-20-000053.xlsx
income_statement,us-gaap:NetIncomeLoss,FY20,13027.0,PG_SEC-XBRL-financials_as-presented_10-K_2022-08-05_0000080424-22-000064.xlsx,Income Statement,FY20,us-gaap:NetIncomeLoss,Kept period-primary filing PG_SEC-XBRL-financials_as-presented_10-K_2020-08-06_0000080424-20-000053.xlsx
income_statement,us-gaap:NetIncomeLoss,FY20,10227.0,PG_SEC-XBRL-financials_as-presented_10-Q_2020-04-20_0000080424-20-000038.xlsx,Income Statement,FY20,us-gaap:NetIncomeLoss,Kept period-primary filing PG_SEC-XBRL-financials_as-presented_10-K_2020-08-06_0000080424-20-000053.xlsx
income_statement,us-gaap:EarningsPerShareBasic,FY20,5.13,PG_SEC-XBRL-financials_as-presented_10-K_2020-08-06_0000080424-20-000053.xlsx,Income Statement,FY20,us-gaap:EarningsPerShareBasic,Kept period-primary filing PG_SEC-XBRL-financials_as-presented_10-K_2020-08-06_0000080424-20-000053.xlsx
income_statement,us-gaap:EarningsPerShareBasic,FY20,5.13,PG_SEC-XBRL-financials_as-presented_10-K_2021-08-06_0000080424-21-000100.xlsx,Income Statement,FY20,us-gaap:EarningsPerShareBasic,Kept period-primary filing PG_SEC-XBRL-financials_as-presented_10-K_2020-08-06_0000080424-20-000053.xlsx
income_statement,us-gaap:EarningsPerShareBasic,FY20,5.13,PG_SEC-XBRL-financials_as-presented_10-K_2022-08-05_0000080424-22-000064.xlsx,Income Statement,FY20,us-gaap:EarningsPerShareBasic,Kept period-primary filing PG_SEC-XBRL-financials_as-presented_10-K_2020-08-06_0000080424-20-000053.xlsx
income_statement,us-gaap:EarningsPerShareBasic,FY20,4.03,PG_SEC-XBRL-financials_as-presented_10-Q_2020-04-20_0000080424-20-000038.xlsx,Income Statement,FY20,us-gaap:EarningsPerShareBasic,Kept period-primary filing PG_SEC-XBRL-financials_as-presented_10-K_2020-08-06_0000080424-20-000053.xlsx
income_statement,us-gaap:EarningsPerShareDiluted,FY20,4.96,PG_SEC-XBRL-financials_as-presented_10-K_2020-08-06_0000080424-20-000053.xlsx,Income Statement,FY20,us-gaap:EarningsPerShareDiluted,Kept period-primary filing PG_SEC-XBRL-financials_as-presented_10-K_2020-08-06_0000080424-20-000053.xlsx
income_statement,us-gaap:EarningsPerShareDiluted,FY20,4.96,PG_SEC-XBRL-financials_as-presented_10-K_2021-08-06_0000080424-21-000100.xlsx,Income Statement,FY20,us-gaap:EarningsPerShareDiluted,Kept period-primary filing PG_SEC-XBRL-financials_as-presented_10-K_2020-08-06_0000080424-20-000053.xlsx
income_statement,us-gaap:EarningsPerShareDiluted,FY20,4.96,PG_SEC-XBRL-financials_as-presented_10-K_2022-08-05_0000080424-22-000064.xlsx,Income Statement,FY20,us-gaap:EarningsPerShareDiluted,Kept period-primary filing PG_SEC-XBRL-financials_as-presented_10-K_2020-08-06_0000080424-20-000053.xlsx
income_statement,us-gaap:EarningsPerShareDiluted,FY20,3.89,PG_SEC-XBRL-financials_as-presented_10-Q_2020-04-20_0000080424-20-000038.xlsx,Income Statement,FY20,us-gaap:EarningsPerShareDiluted + us-gaap:WeightedAverageNumberOfDilutedSharesOutstanding,Kept period-primary filing PG_SEC-XBRL-financials_as-presented_10-K_2020-08-06_0000080424-20-000053.xlsx
balance_sheet,us-gaap:CashCashEquivalentsRestrictedCashAndRestrictedCashEquivalents,FY20,16181.0,PG_SEC-XBRL-financials_as-presented_10-K_2020-08-06_0000080424-20-000053.xlsx,Balance Sheet,FY20,us-gaap:CashCashEquivalentsRestrictedCashAndRestrictedCashEquivalents,Kept period-primary filing PG_SEC-XBRL-financials_as-presented_10-K_2020-08-06_0000080424-20-000053.xlsx
balance_sheet,us-gaap:CashCashEquivalentsRestrictedCashAndRestrictedCashEquivalents,FY20,16181.0,PG_SEC-XBRL-financials_as-presented_10-K_2021-08-06_0000080424-21-000100.xlsx,Balance Sheet,FY20,us-gaap:CashCashEquivalentsRestrictedCashAndRestrictedCashEquivalents,Kept period-primary filing PG_SEC-XBRL-financials_as-presented_10-K_2020-08-06_0000080424-20-000053.xlsx
balance_sheet,us-gaap:CashCashEquivalentsRestrictedCashAndRestrictedCashEquivalents,FY20,11941.0,PG_SEC-XBRL-financials_as-presented_10-Q_2021-01-20_0000080424-21-000026.xlsx,Balance Sheet,"December 31, 2020",us-gaap:CashCashEquivalentsRestrictedCashAndRestrictedCashEquivalents,Kept period-primary filing PG_SEC-XBRL-financials_as-presented_10-K_2020-08-06_0000080424-20-000053.xlsx
balance_sheet,us-gaap:AccountsReceivableNetCurrent,FY20,4178.0,PG_SEC-XBRL-financials_as-presented_10-K_2020-08-06_0000080424-20-000053.xlsx,Balance Sheet,FY20,us-gaap:AccountsReceivableNetCurrent,Kept period-primary filing PG_SEC-XBRL-financials_as-presented_10-K_2020-08-06_0000080424-20-000053.xlsx
balance_sheet,us-gaap:AccountsReceivableNetCurrent,FY20,4178.0,PG_SEC-XBRL-financials_as-presented_10-K_2021-08-06_0000080424-21-000100.xlsx,Balance Sheet,FY20,us-gaap:AccountsReceivableNetCurrent,Kept period-primary filing PG_SEC-XBRL-financials_as-presented_10-K_2020-08-06_0000080424-20-000053.xlsx
balance_sheet,us-gaap:AccountsReceivableNetCurrent,FY20,4819.0,PG_SEC-XBRL-financials_as-presented_10-Q_2021-01-20_0000080424-21-000026.xlsx,Balance Sheet,"December 31, 2020",us-gaap:AccountsReceivableNetCurrent,Kept period-primary filing PG_SEC-XBRL-financials_as-presented_10-K_2020-08-06_0000080424-20-000053.xlsx
balance_sheet,us-gaap:InventoryRawMaterialsAndSuppliesNetOfReserves,FY20,1414.0,PG_SEC-XBRL-financials_as-presented_10-K_2020-08-06_0000080424-20-000053.xlsx,Balance Sheet,FY20,us-gaap:InventoryRawMaterialsAndSupplies,Kept period-primary filing PG_SEC-XBRL-financials_as-presented_10-K_2020-08-06_0000080424-20-000053.xlsx
balance_sheet,us-gaap:InventoryRawMaterialsAndSuppliesNetOfReserves,FY20,1414.0,PG_SEC-XBRL-financials_as-presented_10-K_2021-08-06_0000080424-21-000100.xlsx,Balance Sheet,FY20,us-gaap:InventoryRawMaterialsAndSuppliesNetOfReserves,Kept period-primary filing PG_SEC-XBRL-financials_as-presented_10-K_2020-08-06_0000080424-20-000053.xlsx
balance_sheet,us-gaap:InventoryRawMaterialsAndSuppliesNetOfReserves,FY20,1556.0,PG_SEC-XBRL-financials_as-presented_10-Q_2021-01-20_0000080424-21-000026.xlsx,Balance Sheet,"December 31, 2020",us-gaap:InventoryRawMaterialsAndSuppliesNetOfReserves,Kept period-primary filing PG_SEC-XBRL-financials_as-presented_10-K_2020-08-06_0000080424-20-000053.xlsx
balance_sheet,us-gaap:InventoryWorkInProcessNetOfReserves,FY20,674.0,PG_SEC-XBRL-financials_as-presented_10-K_2020-08-06_0000080424-20-000053.xlsx,Balance Sheet,FY20,us-gaap:InventoryWorkInProcess,Kept period-primary filing PG_SEC-XBRL-financials_as-presented_10-K_2020-08-06_0000080424-20-000053.xlsx
balance_sheet,us-gaap:InventoryWorkInProcessNetOfReserves,FY20,674.0,PG_SEC-XBRL-financials_as-presented_10-K_2021-08-06_0000080424-21-000100.xlsx,Balance Sheet,FY20,us-gaap:InventoryWorkInProcessNetOfReserves,Kept period-primary filing PG_SEC-XBRL-financials_as-presented_10-K_2020-08-06_0000080424-20-000053.xlsx
balance_sheet,us-gaap:InventoryWorkInProcessNetOfReserves,FY20,699.0,PG_SEC-XBRL-financials_as-presented_10-Q_2021-01-20_0000080424-21-000026.xlsx,Balance Sheet,"December 31, 2020",us-gaap:InventoryWorkInProcessNetOfReserves,Kept period-primary filing PG_SEC-XBRL-financials_as-presented_10-K_2020-08-06_0000080424-20-000053.xlsx
balance_sheet,us-gaap:InventoryFinishedGoodsNetOfReserves,FY20,3410.0,PG_SEC-XBRL-financials_as-presented_10-K_2020-08-06_0000080424-20-000053.xlsx,Balance Sheet,FY20,us-gaap:InventoryFinishedGoods,Kept period-primary filing PG_SEC-XBRL-financials_as-presented_10-K_2020-08-06_0000080424-20-000053.xlsx
balance_sheet,us-gaap:InventoryFinishedGoodsNetOfReserves,FY20,3410.0,PG_SEC-XBRL-financials_as-presented_10-K_2021-08-06_0000080424-21-000100.xlsx,Balance Sheet,FY20,us-gaap:InventoryFinishedGoodsNetOfReserves,Kept period-primary filing PG_SEC-XBRL-financials_as-presented_10-K_2020-08-06_0000080424-20-000053.xlsx
balance_sheet,us-gaap:InventoryFinishedGoodsNetOfReserves,FY20,3702.0,PG_SEC-XBRL-financials_as-presented_10-Q_2021-01-20_0000080424-21-000026.xlsx,Balance Sheet,"December 31, 2020",us-gaap:InventoryFinishedGoodsNetOfReserves,Kept period-primary filing PG_SEC-XBRL-financials_as-presented_10-K_2020-08-06_0000080424-20-000053.xlsx
balance_sheet,us-gaap:InventoryNet,FY20,5498.0,PG_SEC-XBRL-financials_as-presented_10-K_2020-08-06_0000080424-20-000053.xlsx,Balance Sheet,FY20,us-gaap:InventoryNet,Kept period-primary filing PG_SEC-XBRL-financials_as-presented_10-K_2020-08-06_0000080424-20-000053.xlsx
balance_sheet,us-gaap:InventoryNet,FY20,5498.0,PG_SEC-XBRL-financials_as-presented_10-K_2021-08-06_0000080424-21-000100.xlsx,Balance Sheet,FY20,us-gaap:InventoryNet,Kept period-primary filing PG_SEC-XBRL-financials_as-presented_10-K_2020-08-06_0000080424-20-000053.xlsx
balance_sheet,us-gaap:InventoryNet,FY20,5957.0,PG_SEC-XBRL-financials_as-presented_10-Q_2021-01-20_0000080424-21-000026.xlsx,Balance Sheet,"December 31, 2020",us-gaap:InventoryNet,Kept period-primary filing PG_SEC-XBRL-financials_as-presented_10-K_2020-08-06_0000080424-20-000053.xlsx
balance_sheet,us-gaap:PrepaidExpenseAndOtherAssetsCurrent,FY20,2130.0,PG_SEC-XBRL-financials_as-presented_10-K_2020-08-06_0000080424-20-000053.xlsx,Balance Sheet,FY20,us-gaap:PrepaidExpenseAndOtherAssetsCurrent,Kept period-primary filing PG_SEC-XBRL-financials_as-presented_10-K_2020-08-06_0000080424-20-000053.xlsx
balance_sheet,us-gaap:PrepaidExpenseAndOtherAssetsCurrent,FY20,2130.0,PG_SEC-XBRL-financials_as-presented_10-K_2021-08-06_0000080424-21-000100.xlsx,Balance Sheet,FY20,us-gaap:PrepaidExpenseAndOtherAssetsCurrent,Kept period-primary filing PG_SEC-XBRL-financials_as-presented_10-K_2020-08-06_0000080424-20-000053.xlsx
balance_sheet,us-gaap:PrepaidExpenseAndOtherAssetsCurrent,FY20,1938.0,PG_SEC-XBRL-financials_as-presented_10-Q_2021-01-20_0000080424-21-000026.xlsx,Balance Sheet,"December 31, 2020",us-gaap:PrepaidExpenseAndOtherAssetsCurrent,Kept period-primary filing PG_SEC-XBRL-financials_as-presented_10-K_2020-08-06_0000080424-20-000053.xlsx
balance_sheet,us-gaap:AssetsCurrent,FY20,27987.0,PG_SEC-XBRL-financials_as-presented_10-K_2020-08-06_0000080424-20-000053.xlsx,Balance Sheet,FY20,us-gaap:AssetsCurrent,Kept period-primary filing PG_SEC-XBRL-financials_as-presented_10-K_2020-08-06_0000080424-20-000053.xlsx
balance_sheet,us-gaap:AssetsCurrent,FY20,27987.0,PG_SEC-XBRL-financials_as-presented_10-K_2021-08-06_0000080424-21-000100.xlsx,Balance Sheet,FY20,us-gaap:AssetsCurrent,Kept period-primary filing PG_SEC-XBRL-financials_as-presented_10-K_2020-08-06_0000080424-20-000053.xlsx
balance_sheet,us-gaap:AssetsCurrent,FY20,24655.0,PG_SEC-XBRL-financials_as-presented_10-Q_2021-01-20_0000080424-21-000026.xlsx,Balance Sheet,"December 31, 2020",us-gaap:AssetsCurrent,Kept period-primary filing PG_SEC-XBRL-financials_as-presented_10-K_2020-08-06_0000080424-20-000053.xlsx
balance_sheet,us-gaap:PropertyPlantAndEquipmentNet,FY20,20692.0,PG_SEC-XBRL-financials_as-presented_10-K_2020-08-06_0000080424-20-000053.xlsx,Balance Sheet,FY20,us-gaap:PropertyPlantAndEquipmentNet,Kept period-primary filing PG_SEC-XBRL-financials_as-presented_10-K_2020-08-06_0000080424-20-000053.xlsx
balance_sheet,us-gaap:PropertyPlantAndEquipmentNet,FY20,20692.0,PG_SEC-XBRL-financials_as-presented_10-K_2021-08-06_0000080424-21-000100.xlsx,Balance Sheet,FY20,us-gaap:PropertyPlantAndEquipmentNet,Kept period-primary filing PG_SEC-XBRL-financials_as-presented_10-K_2020-08-06_0000080424-20-000053.xlsx
balance_sheet,us-gaap:PropertyPlantAndEquipmentNet,FY20,21416.0,PG_SEC-XBRL-financials_as-presented_10-Q_2021-01-20_0000080424-21-000026.xlsx,Balance Sheet,"December 31, 2020",us-gaap:PropertyPlantAndEquipmentNet,Kept period-primary filing PG_SEC-XBRL-financials_as-presented_10-K_2020-08-06_0000080424-20-000053.xlsx
balance_sheet,us-gaap:Goodwill,FY20,39901.0,PG_SEC-XBRL-financials_as-presented_10-K_2020-08-06_0000080424-20-000053.xlsx,Balance Sheet,FY20,us-gaap:Goodwill,Kept period-primary filing PG_SEC-XBRL-financials_as-presented_10-K_2020-08-06_0000080424-20-000053.xlsx
balance_sheet,us-gaap:Goodwill,FY20,39901.0,PG_SEC-XBRL-financials_as-presented_10-K_2021-08-06_0000080424-21-000100.xlsx,Balance Sheet,FY20,us-gaap:Goodwill,Kept period-primary filing PG_SEC-XBRL-financials_as-presented_10-K_2020-08-06_0000080424-20-000053.xlsx
balance_sheet,us-gaap:Goodwill,FY20,41381.0,PG_SEC-XBRL-financials_as-presented_10-Q_2021-01-20_0000080424-21-000026.xlsx,Balance Sheet,"December 31, 2020",us-gaap:Goodwill,Kept period-primary filing PG_SEC-XBRL-financials_as-presented_10-K_2020-08-06_0000080424-20-000053.xlsx
balance_sheet,us-gaap:IntangibleAssetsNetExcludingGoodwill,FY20,23792.0,PG_SEC-XBRL-financials_as-presented_10-K_2020-08-06_0000080424-20-000053.xlsx,Balance Sheet,FY20,us-gaap:IntangibleAssetsNetExcludingGoodwill,Kept period-primary filing PG_SEC-XBRL-financials_as-presented_10-K_2020-08-06_0000080424-20-000053.xlsx
balance_sheet,us-gaap:IntangibleAssetsNetExcludingGoodwill,FY20,23792.0,PG_SEC-XBRL-financials_as-presented_10-K_2021-08-06_0000080424-21-000100.xlsx,Balance Sheet,FY20,us-gaap:IntangibleAssetsNetExcludingGoodwill,Kept period-primary filing PG_SEC-XBRL-financials_as-presented_10-K_2020-08-06_0000080424-20-000053.xlsx
balance_sheet,us-gaap:IntangibleAssetsNetExcludingGoodwill,FY20,23864.0,PG_SEC-XBRL-financials_as-presented_10-Q_2021-01-20_0000080424-21-000026.xlsx,Balance Sheet,"December 31, 2020",us-gaap:IntangibleAssetsNetExcludingGoodwill,Kept period-primary filing PG_SEC-XBRL-financials_as-presented_10-K_2020-08-06_0000080424-20-000053.xlsx
balance_sheet,us-gaap:OtherAssetsNoncurrent,FY20,8328.0,PG_SEC-XBRL-financials_as-presented_10-K_2020-08-06_0000080424-20-000053.xlsx,Balance Sheet,FY20,us-gaap:OtherAssetsNoncurrent,Kept period-primary filing PG_SEC-XBRL-financials_as-presented_10-K_2020-08-06_0000080424-20-000053.xlsx
balance_sheet,us-gaap:OtherAssetsNoncurrent,FY20,8328.0,PG_SEC-XBRL-financials_as-presented_10-K_2021-08-06_0000080424-21-000100.xlsx,Balance Sheet,FY20,us-gaap:OtherAssetsNoncurrent,Kept period-primary filing PG_SEC-XBRL-financials_as-presented_10-K_2020-08-06_0000080424-20-000053.xlsx
balance_sheet,us-gaap:OtherAssetsNoncurrent,FY20,8796.0,PG_SEC-XBRL-financials_as-presented_10-Q_2021-01-20_0000080424-21-000026.xlsx,Balance Sheet,"December 31, 2020",us-gaap:OtherAssetsNoncurrent,Kept period-primary filing PG_SEC-XBRL-financials_as-presented_10-K_2020-08-06_0000080424-20-000053.xlsx
balance_sheet,us-gaap:Assets,FY20,120700.0,PG_SEC-XBRL-financials_as-presented_10-K_2020-08-06_0000080424-20-000053.xlsx,Balance Sheet,FY20,us-gaap:Assets,Kept period-primary filing PG_SEC-XBRL-financials_as-presented_10-K_2020-08-06_0000080424-20-000053.xlsx
balance_sheet,us-gaap:Assets,FY20,120700.0,PG_SEC-XBRL-financials_as-presented_10-K_2021-08-06_0000080424-21-000100.xlsx,Balance Sheet,FY20,us-gaap:Assets,Kept period-primary filing PG_SEC-XBRL-financials_as-presented_10-K_2020-08-06_0000080424-20-000053.xlsx
balance_sheet,us-gaap:Assets,FY20,120112.0,PG_SEC-XBRL-financials_as-presented_10-Q_2021-01-20_0000080424-21-000026.xlsx,Balance Sheet,"December 31, 2020",us-gaap:Assets,Kept period-primary filing PG_SEC-XBRL-financials_as-presented_10-K_2020-08-06_0000080424-20-000053.xlsx
balance_sheet,us-gaap:AccountsPayableCurrent,FY20,12071.0,PG_SEC-XBRL-financials_as-presented_10-K_2020-08-06_0000080424-20-000053.xlsx,Balance Sheet,FY20,us-gaap:AccountsPayableCurrent,Kept period-primary filing PG_SEC-XBRL-financials_as-presented_10-K_2020-08-06_0000080424-20-000053.xlsx
balance_sheet,us-gaap:AccountsPayableCurrent,FY20,12071.0,PG_SEC-XBRL-financials_as-presented_10-K_2021-08-06_0000080424-21-000100.xlsx,Balance Sheet,FY20,us-gaap:AccountsPayableCurrent,Kept period-primary filing PG_SEC-XBRL-financials_as-presented_10-K_2020-08-06_0000080424-20-000053.xlsx
balance_sheet,us-gaap:AccountsPayableCurrent,FY20,12027.0,PG_SEC-XBRL-financials_as-presented_10-Q_2021-01-20_0000080424-21-000026.xlsx,Balance Sheet,"December 31, 2020",us-gaap:AccountsPayableCurrent,Kept period-primary filing PG_SEC-XBRL-financials_as-presented_10-K_2020-08-06_0000080424-20-000053.xlsx
balance_sheet,us-gaap:AccruedLiabilitiesCurrent,FY20,9722.0,PG_SEC-XBRL-financials_as-presented_10-K_2020-08-06_0000080424-20-000053.xlsx,Balance Sheet,FY20,us-gaap:AccruedLiabilitiesCurrent,Kept period-primary filing PG_SEC-XBRL-financials_as-presented_10-K_2020-08-06_0000080424-20-000053.xlsx
balance_sheet,us-gaap:AccruedLiabilitiesCurrent,FY20,9722.0,PG_SEC-XBRL-financials_as-presented_10-K_2021-08-06_0000080424-21-000100.xlsx,Balance Sheet,FY20,us-gaap:AccruedLiabilitiesCurrent,Kept period-primary filing PG_SEC-XBRL-financials_as-presented_10-K_2020-08-06_0000080424-20-000053.xlsx
balance_sheet,us-gaap:AccruedLiabilitiesCurrent,FY20,11131.0,PG_SEC-XBRL-financials_as-presented_10-Q_2021-01-20_0000080424-21-000026.xlsx,Balance Sheet,"December 31, 2020",us-gaap:AccruedLiabilitiesCurrent,Kept period-primary filing PG_SEC-XBRL-financials_as-presented_10-K_2020-08-06_0000080424-20-000053.xlsx
balance_sheet,us-gaap:DebtCurrent,FY20,11183.0,PG_SEC-XBRL-financials_as-presented_10-K_2020-08-06_0000080424-20-000053.xlsx,Balance Sheet,FY20,us-gaap:DebtCurrent,Kept period-primary filing PG_SEC-XBRL-financials_as-presented_10-K_2020-08-06_0000080424-20-000053.xlsx
balance_sheet,us-gaap:DebtCurrent,FY20,11183.0,PG_SEC-XBRL-financials_as-presented_10-K_2021-08-06_0000080424-21-000100.xlsx,Balance Sheet,FY20,us-gaap:DebtCurrent,Kept period-primary filing PG_SEC-XBRL-financials_as-presented_10-K_2020-08-06_0000080424-20-000053.xlsx
balance_sheet,us-gaap:DebtCurrent,FY20,8586.0,PG_SEC-XBRL-financials_as-presented_10-Q_2021-01-20_0000080424-21-000026.xlsx,Balance Sheet,"December 31, 2020",us-gaap:DebtCurrent,Kept period-primary filing PG_SEC-XBRL-financials_as-presented_10-K_2020-08-06_0000080424-20-000053.xlsx
balance_sheet,us-gaap:LiabilitiesCurrent,FY20,32976.0,PG_SEC-XBRL-financials_as-presented_10-K_2020-08-06_0000080424-20-000053.xlsx,Balance Sheet,FY20,us-gaap:LiabilitiesCurrent,Kept period-primary filing PG_SEC-XBRL-financials_as-presented_10-K_2020-08-06_0000080424-20-000053.xlsx
balance_sheet,us-gaap:LiabilitiesCurrent,FY20,32976.0,PG_SEC-XBRL-financials_as-presented_10-K_2021-08-06_0000080424-21-000100.xlsx,Balance Sheet,FY20,us-gaap:LiabilitiesCurrent,Kept period-primary filing PG_SEC-XBRL-financials_as-presented_10-K_2020-08-06_0000080424-20-000053.xlsx
balance_sheet,us-gaap:LiabilitiesCurrent,FY20,31744.0,PG_SEC-XBRL-financials_as-presented_10-Q_2021-01-20_0000080424-21-000026.xlsx,Balance Sheet,"December 31, 2020",us-gaap:LiabilitiesCurrent,Kept period-primary filing PG_SEC-XBRL-financials_as-presented_10-K_2020-08-06_0000080424-20-000053.xlsx
balance_sheet,us-gaap:LongTermDebtNoncurrent,FY20,23537.0,PG_SEC-XBRL-financials_as-presented_10-K_2020-08-06_0000080424-20-000053.xlsx,Balance Sheet,FY20,us-gaap:LongTermDebtNoncurrent,Kept period-primary filing PG_SEC-XBRL-financials_as-presented_10-K_2020-08-06_0000080424-20-000053.xlsx
balance_sheet,us-gaap:LongTermDebtNoncurrent,FY20,23537.0,PG_SEC-XBRL-financials_as-presented_10-K_2021-08-06_0000080424-21-000100.xlsx,Balance Sheet,FY20,us-gaap:LongTermDebtNoncurrent,Kept period-primary filing PG_SEC-XBRL-financials_as-presented_10-K_2020-08-06_0000080424-20-000053.xlsx
balance_sheet,us-gaap:LongTermDebtNoncurrent,FY20,22514.0,PG_SEC-XBRL-financials_as-presented_10-Q_2021-01-20_0000080424-21-000026.xlsx,Balance Sheet,"December 31, 2020",us-gaap:LongTermDebtNoncurrent,Kept period-primary filing PG_SEC-XBRL-financials_as-presented_10-K_2020-08-06_0000080424-20-000053.xlsx
balance_sheet,us-gaap:DeferredIncomeTaxLiabilitiesNet,FY20,6199.0,PG_SEC-XBRL-financials_as-presented_10-K_2020-08-06_0000080424-20-000053.xlsx,Balance Sheet,FY20,us-gaap:DeferredIncomeTaxLiabilitiesNet,Kept period-primary filing PG_SEC-XBRL-financials_as-presented_10-K_2020-08-06_0000080424-20-000053.xlsx
balance_sheet,us-gaap:DeferredIncomeTaxLiabilitiesNet,FY20,6199.0,PG_SEC-XBRL-financials_as-presented_10-K_2021-08-06_0000080424-21-000100.xlsx,Balance Sheet,FY20,us-gaap:DeferredIncomeTaxLiabilitiesNet,Kept period-primary filing PG_SEC-XBRL-financials_as-presented_10-K_2020-08-06_0000080424-20-000053.xlsx
balance_sheet,us-gaap:DeferredIncomeTaxLiabilitiesNet,FY20,6073.0,PG_SEC-XBRL-financials_as-presented_10-Q_2021-01-20_0000080424-21-000026.xlsx,Balance Sheet,"December 31, 2020",us-gaap:DeferredIncomeTaxLiabilitiesNet,Kept period-primary filing PG_SEC-XBRL-financials_as-presented_10-K_2020-08-06_0000080424-20-000053.xlsx
balance_sheet,us-gaap:OtherLiabilitiesNoncurrent,FY20,11110.0,PG_SEC-XBRL-financials_as-presented_10-K_2020-08-06_0000080424-20-000053.xlsx,Balance Sheet,FY20,us-gaap:OtherLiabilitiesNoncurrent,Kept period-primary filing PG_SEC-XBRL-financials_as-presented_10-K_2020-08-06_0000080424-20-000053.xlsx
balance_sheet,us-gaap:OtherLiabilitiesNoncurrent,FY20,11110.0,PG_SEC-XBRL-financials_as-presented_10-K_2021-08-06_0000080424-21-000100.xlsx,Balance Sheet,FY20,us-gaap:OtherLiabilitiesNoncurrent,Kept period-primary filing PG_SEC-XBRL-financials_as-presented_10-K_2020-08-06_0000080424-20-000053.xlsx
balance_sheet,us-gaap:OtherLiabilitiesNoncurrent,FY20,11241.0,PG_SEC-XBRL-financials_as-presented_10-Q_2021-01-20_0000080424-21-000026.xlsx,Balance Sheet,"December 31, 2020",us-gaap:OtherLiabilitiesNoncurrent,Kept period-primary filing PG_SEC-XBRL-financials_as-presented_10-K_2020-08-06_0000080424-20-000053.xlsx
balance_sheet,us-gaap:Liabilities,FY20,73822.0,PG_SEC-XBRL-financials_as-presented_10-K_2020-08-06_0000080424-20-000053.xlsx,Balance Sheet,FY20,us-gaap:Liabilities,Kept period-primary filing PG_SEC-XBRL-financials_as-presented_10-K_2020-08-06_0000080424-20-000053.xlsx
balance_sheet,us-gaap:Liabilities,FY20,73822.0,PG_SEC-XBRL-financials_as-presented_10-K_2021-08-06_0000080424-21-000100.xlsx,Balance Sheet,FY20,us-gaap:Liabilities,Kept period-primary filing PG_SEC-XBRL-financials_as-presented_10-K_2020-08-06_0000080424-20-000053.xlsx
balance_sheet,us-gaap:Liabilities,FY20,71572.0,PG_SEC-XBRL-financials_as-presented_10-Q_2021-01-20_0000080424-21-000026.xlsx,Balance Sheet,"December 31, 2020",us-gaap:Liabilities,Kept period-primary filing PG_SEC-XBRL-financials_as-presented_10-K_2020-08-06_0000080424-20-000053.xlsx
balance_sheet,us-gaap:PreferredStockValue,FY20,897.0,PG_SEC-XBRL-financials_as-presented_10-K_2020-08-06_0000080424-20-000053.xlsx,Balance Sheet,FY20,us-gaap:PreferredStockValue,Kept period-primary filing PG_SEC-XBRL-financials_as-presented_10-K_2020-08-06_0000080424-20-000053.xlsx
balance_sheet,us-gaap:PreferredStockValue,FY20,885.0,PG_SEC-XBRL-financials_as-presented_10-Q_2021-01-20_0000080424-21-000026.xlsx,Balance Sheet,"December 31, 2020",us-gaap:PreferredStockValue,Kept period-primary filing PG_SEC-XBRL-financials_as-presented_10-K_2020-08-06_0000080424-20-000053.xlsx
balance_sheet,us-gaap:AdditionalPaidInCapital,FY20,64194.0,PG_SEC-XBRL-financials_as-presented_10-K_2020-08-06_0000080424-20-000053.xlsx,Balance Sheet,FY20,us-gaap:AdditionalPaidInCapital,Kept period-primary filing PG_SEC-XBRL-financials_as-presented_10-K_2020-08-06_0000080424-20-000053.xlsx
balance_sheet,us-gaap:AdditionalPaidInCapital,FY20,64194.0,PG_SEC-XBRL-financials_as-presented_10-K_2021-08-06_0000080424-21-000100.xlsx,Balance Sheet,FY20,us-gaap:AdditionalPaidInCapital,Kept period-primary filing PG_SEC-XBRL-financials_as-presented_10-K_2020-08-06_0000080424-20-000053.xlsx
balance_sheet,us-gaap:AdditionalPaidInCapital,FY20,64672.0,PG_SEC-XBRL-financials_as-presented_10-Q_2021-01-20_0000080424-21-000026.xlsx,Balance Sheet,"December 31, 2020",us-gaap:AdditionalPaidInCapital,Kept period-primary filing PG_SEC-XBRL-financials_as-presented_10-K_2020-08-06_0000080424-20-000053.xlsx
balance_sheet,pg:ReserveForEsopDebtRetirement,FY20,-1080.0,PG_SEC-XBRL-financials_as-presented_10-K_2020-08-06_0000080424-20-000053.xlsx,Balance Sheet,FY20,pg:ReserveForEsopDebtRetirement,Kept period-primary filing PG_SEC-XBRL-financials_as-presented_10-K_2020-08-06_0000080424-20-000053.xlsx
balance_sheet,pg:ReserveForEsopDebtRetirement,FY20,-1080.0,PG_SEC-XBRL-financials_as-presented_10-K_2021-08-06_0000080424-21-000100.xlsx,Balance Sheet,FY20,pg:ReserveForEsopDebtRetirement,Kept period-primary filing PG_SEC-XBRL-financials_as-presented_10-K_2020-08-06_0000080424-20-000053.xlsx
balance_sheet,pg:ReserveForEsopDebtRetirement,FY20,-1072.0,PG_SEC-XBRL-financials_as-presented_10-Q_2021-01-20_0000080424-21-000026.xlsx,Balance Sheet,"December 31, 2020",pg:ReserveForEsopDebtRetirement,Kept period-primary filing PG_SEC-XBRL-financials_as-presented_10-K_2020-08-06_0000080424-20-000053.xlsx
balance_sheet,us-gaap:AccumulatedOtherComprehensiveIncomeLossNetOfTax,FY20,-16165.0,PG_SEC-XBRL-financials_as-presented_10-K_2020-08-06_0000080424-20-000053.xlsx,Balance Sheet,FY20,us-gaap:AccumulatedOtherComprehensiveIncomeLossNetOfTax,Kept period-primary filing PG_SEC-XBRL-financials_as-presented_10-K_2020-08-06_0000080424-20-000053.xlsx
balance_sheet,us-gaap:AccumulatedOtherComprehensiveIncomeLossNetOfTax,FY20,-16165.0,PG_SEC-XBRL-financials_as-presented_10-K_2021-08-06_0000080424-21-000100.xlsx,Balance Sheet,FY20,us-gaap:AccumulatedOtherComprehensiveIncomeLossNetOfTax,Kept period-primary filing PG_SEC-XBRL-financials_as-presented_10-K_2020-08-06_0000080424-20-000053.xlsx
balance_sheet,us-gaap:AccumulatedOtherComprehensiveIncomeLossNetOfTax,FY20,-15091.0,PG_SEC-XBRL-financials_as-presented_10-Q_2021-01-20_0000080424-21-000026.xlsx,Balance Sheet,"December 31, 2020",us-gaap:AccumulatedOtherComprehensiveIncomeLossNetOfTax,Kept period-primary filing PG_SEC-XBRL-financials_as-presented_10-K_2020-08-06_0000080424-20-000053.xlsx
balance_sheet,us-gaap:TreasuryStockCommonShares,FY20,-105573.0,PG_SEC-XBRL-financials_as-presented_10-K_2020-08-06_0000080424-20-000053.xlsx,Balance Sheet,FY20,us-gaap:TreasuryStockValue,Kept period-primary filing PG_SEC-XBRL-financials_as-presented_10-K_2020-08-06_0000080424-20-000053.xlsx
balance_sheet,us-gaap:TreasuryStockCommonShares,FY20,-105573.0,PG_SEC-XBRL-financials_as-presented_10-K_2021-08-06_0000080424-21-000100.xlsx,Balance Sheet,FY20,us-gaap:TreasuryStockShares,Kept period-primary filing PG_SEC-XBRL-financials_as-presented_10-K_2020-08-06_0000080424-20-000053.xlsx
balance_sheet,us-gaap:TreasuryStockCommonShares,FY20,-109583.0,PG_SEC-XBRL-financials_as-presented_10-Q_2021-01-20_0000080424-21-000026.xlsx,Balance Sheet,"December 31, 2020",us-gaap:TreasuryStockValue,Kept period-primary filing PG_SEC-XBRL-financials_as-presented_10-K_2020-08-06_0000080424-20-000053.xlsx
balance_sheet,us-gaap:RetainedEarningsAccumulatedDeficit,FY20,100239.0,PG_SEC-XBRL-financials_as-presented_10-K_2020-08-06_0000080424-20-000053.xlsx,Balance Sheet,FY20,us-gaap:RetainedEarningsAccumulatedDeficit,Kept period-primary filing PG_SEC-XBRL-financials_as-presented_10-K_2020-08-06_0000080424-20-000053.xlsx
balance_sheet,us-gaap:RetainedEarningsAccumulatedDeficit,FY20,100239.0,PG_SEC-XBRL-financials_as-presented_10-K_2021-08-06_0000080424-21-000100.xlsx,Balance Sheet,FY20,us-gaap:RetainedEarningsAccumulatedDeficit,Kept period-primary filing PG_SEC-XBRL-financials_as-presented_10-K_2020-08-06_0000080424-20-000053.xlsx
balance_sheet,us-gaap:RetainedEarningsAccumulatedDeficit,FY20,104361.0,PG_SEC-XBRL-financials_as-presented_10-Q_2021-01-20_0000080424-21-000026.xlsx,Balance Sheet,"December 31, 2020",us-gaap:RetainedEarningsAccumulatedDeficit,Kept period-primary filing PG_SEC-XBRL-financials_as-presented_10-K_2020-08-06_0000080424-20-000053.xlsx
balance_sheet,us-gaap:MinorityInterest,FY20,357.0,PG_SEC-XBRL-financials_as-presented_10-K_2020-08-06_0000080424-20-000053.xlsx,Balance Sheet,FY20,us-gaap:MinorityInterest,Kept period-primary filing PG_SEC-XBRL-financials_as-presented_10-K_2020-08-06_0000080424-20-000053.xlsx
balance_sheet,us-gaap:MinorityInterest,FY20,357.0,PG_SEC-XBRL-financials_as-presented_10-K_2021-08-06_0000080424-21-000100.xlsx,Balance Sheet,FY20,us-gaap:MinorityInterest,Kept period-primary filing PG_SEC-XBRL-financials_as-presented_10-K_2020-08-06_0000080424-20-000053.xlsx
balance_sheet,us-gaap:MinorityInterest,FY20,359.0,PG_SEC-XBRL-financials_as-presented_10-Q_2021-01-20_0000080424-21-000026.xlsx,Balance Sheet,"December 31, 2020",us-gaap:MinorityInterest,Kept period-primary filing PG_SEC-XBRL-financials_as-presented_10-K_2020-08-06_0000080424-20-000053.xlsx
balance_sheet,us-gaap:StockholdersEquityIncludingPortionAttributableToNoncontrollingInterest,FY20,46878.0,PG_SEC-XBRL-financials_as-presented_10-K_2020-08-06_0000080424-20-000053.xlsx,Balance Sheet,FY20,us-gaap:StockholdersEquityIncludingPortionAttributableToNoncontrollingInterest,Kept period-primary filing PG_SEC-XBRL-financials_as-presented_10-K_2020-08-06_0000080424-20-000053.xlsx
balance_sheet,us-gaap:StockholdersEquityIncludingPortionAttributableToNoncontrollingInterest,FY20,46878.0,PG_SEC-XBRL-financials_as-presented_10-K_2021-08-06_0000080424-21-000100.xlsx,Balance Sheet,FY20,us-gaap:StockholdersEquityIncludingPortionAttributableToNoncontrollingInterest,Kept period-primary filing PG_SEC-XBRL-financials_as-presented_10-K_2020-08-06_0000080424-20-000053.xlsx
balance_sheet,us-gaap:StockholdersEquityIncludingPortionAttributableToNoncontrollingInterest,FY20,48540.0,PG_SEC-XBRL-financials_as-presented_10-Q_2021-01-20_0000080424-21-000026.xlsx,Balance Sheet,"December 31, 2020",us-gaap:StockholdersEquityIncludingPortionAttributableToNoncontrollingInterest,Kept period-primary filing PG_SEC-XBRL-financials_as-presented_10-K_2020-08-06_0000080424-20-000053.xlsx
balance_sheet,us-gaap:LiabilitiesAndStockholdersEquity,FY20,120700.0,PG_SEC-XBRL-financials_as-presented_10-K_2020-08-06_0000080424-20-000053.xlsx,Balance Sheet,FY20,us-gaap:LiabilitiesAndStockholdersEquity,Kept period-primary filing PG_SEC-XBRL-financials_as-presented_10-K_2020-08-06_0000080424-20-000053.xlsx
balance_sheet,us-gaap:LiabilitiesAndStockholdersEquity,FY20,120700.0,PG_SEC-XBRL-financials_as-presented_10-K_2021-08-06_0000080424-21-000100.xlsx,Balance Sheet,FY20,us-gaap:LiabilitiesAndStockholdersEquity,Kept period-primary filing PG_SEC-XBRL-financials_as-presented_10-K_2020-08-06_0000080424-20-000053.xlsx
balance_sheet,us-gaap:LiabilitiesAndStockholdersEquity,FY20,120112.0,PG_SEC-XBRL-financials_as-presented_10-Q_2021-01-20_0000080424-21-000026.xlsx,Balance Sheet,"December 31, 2020",us-gaap:LiabilitiesAndStockholdersEquity,Kept period-primary filing PG_SEC-XBRL-financials_as-presented_10-K_2020-08-06_0000080424-20-000053.xlsx
balance_sheet,us-gaap:CashCashEquivalentsRestrictedCashAndRestrictedCashEquivalents,FY21,10288.0,PG_SEC-XBRL-financials_as-presented_10-K_2021-08-06_0000080424-21-000100.xlsx,Balance Sheet,FY21,us-gaap:CashCashEquivalentsRestrictedCashAndRestrictedCashEquivalents,Kept period-primary filing PG_SEC-XBRL-financials_as-presented_10-K_2021-08-06_0000080424-21-000100.xlsx
balance_sheet,us-gaap:CashCashEquivalentsRestrictedCashAndRestrictedCashEquivalents,FY21,10288.0,PG_SEC-XBRL-financials_as-presented_10-K_2022-08-05_0000080424-22-000064.xlsx,Balance Sheet,FY21,us-gaap:CashCashEquivalentsRestrictedCashAndRestrictedCashEquivalents,Kept period-primary filing PG_SEC-XBRL-financials_as-presented_10-K_2021-08-06_0000080424-21-000100.xlsx
balance_sheet,us-gaap:CashCashEquivalentsRestrictedCashAndRestrictedCashEquivalents,FY21,11544.0,PG_SEC-XBRL-financials_as-presented_10-Q_2022-01-19_0000080424-22-000016.xlsx,Balance Sheet,"December 31, 2021",us-gaap:CashCashEquivalentsRestrictedCashAndRestrictedCashEquivalents,Kept period-primary filing PG_SEC-XBRL-financials_as-presented_10-K_2021-08-06_0000080424-21-000100.xlsx
balance_sheet,us-gaap:AccountsReceivableNetCurrent,FY21,4725.0,PG_SEC-XBRL-financials_as-presented_10-K_2021-08-06_0000080424-21-000100.xlsx,Balance Sheet,FY21,us-gaap:AccountsReceivableNetCurrent,Kept period-primary filing PG_SEC-XBRL-financials_as-presented_10-K_2021-08-06_0000080424-21-000100.xlsx
balance_sheet,us-gaap:AccountsReceivableNetCurrent,FY21,4725.0,PG_SEC-XBRL-financials_as-presented_10-K_2022-08-05_0000080424-22-000064.xlsx,Balance Sheet,FY21,us-gaap:AccountsReceivableNetCurrent,Kept period-primary filing PG_SEC-XBRL-financials_as-presented_10-K_2021-08-06_0000080424-21-000100.xlsx
balance_sheet,us-gaap:AccountsReceivableNetCurrent,FY21,5241.0,PG_SEC-XBRL-financials_as-presented_10-Q_2022-01-19_0000080424-22-000016.xlsx,Balance Sheet,"December 31, 2021",us-gaap:AccountsReceivableNetCurrent,Kept period-primary filing PG_SEC-XBRL-financials_as-presented_10-K_2021-08-06_0000080424-21-000100.xlsx
balance_sheet,us-gaap:InventoryRawMaterialsAndSuppliesNetOfReserves,FY21,1645.0,PG_SEC-XBRL-financials_as-presented_10-K_2021-08-06_0000080424-21-000100.xlsx,Balance Sheet,FY21,us-gaap:InventoryRawMaterialsAndSuppliesNetOfReserves,Kept period-primary filing PG_SEC-XBRL-financials_as-presented_10-K_2021-08-06_0000080424-21-000100.xlsx
balance_sheet,us-gaap:InventoryRawMaterialsAndSuppliesNetOfReserves,FY21,1645.0,PG_SEC-XBRL-financials_as-presented_10-K_2022-08-05_0000080424-22-000064.xlsx,Balance Sheet,FY21,us-gaap:InventoryRawMaterialsAndSuppliesNetOfReserves,Kept period-primary filing PG_SEC-XBRL-financials_as-presented_10-K_2021-08-06_0000080424-21-000100.xlsx
balance_sheet,us-gaap:InventoryRawMaterialsAndSuppliesNetOfReserves,FY21,2061.0,PG_SEC-XBRL-financials_as-presented_10-Q_2022-01-19_0000080424-22-000016.xlsx,Balance Sheet,"December 31, 2021",us-gaap:InventoryRawMaterialsAndSuppliesNetOfReserves,Kept period-primary filing PG_SEC-XBRL-financials_as-presented_10-K_2021-08-06_0000080424-21-000100.xlsx
balance_sheet,us-gaap:InventoryWorkInProcessNetOfReserves,FY21,719.0,PG_SEC-XBRL-financials_as-presented_10-K_2021-08-06_0000080424-21-000100.xlsx,Balance Sheet,FY21,us-gaap:InventoryWorkInProcessNetOfReserves,Kept period-primary filing PG_SEC-XBRL-financials_as-presented_10-K_2021-08-06_0000080424-21-000100.xlsx
balance_sheet,us-gaap:InventoryWorkInProcessNetOfReserves,FY21,719.0,PG_SEC-XBRL-financials_as-presented_10-K_2022-08-05_0000080424-22-000064.xlsx,Balance Sheet,FY21,us-gaap:InventoryWorkInProcessNetOfReserves,Kept period-primary filing PG_SEC-XBRL-financials_as-presented_10-K_2021-08-06_0000080424-21-000100.xlsx
balance_sheet,us-gaap:InventoryWorkInProcessNetOfReserves,FY21,766.0,PG_SEC-XBRL-financials_as-presented_10-Q_2022-01-19_0000080424-22-000016.xlsx,Balance Sheet,"December 31, 2021",us-gaap:InventoryWorkInProcessNetOfReserves,Kept period-primary filing PG_SEC-XBRL-financials_as-presented_10-K_2021-08-06_0000080424-21-000100.xlsx
balance_sheet,us-gaap:InventoryFinishedGoodsNetOfReserves,FY21,3619.0,PG_SEC-XBRL-financials_as-presented_10-K_2021-08-06_0000080424-21-000100.xlsx,Balance Sheet,FY21,us-gaap:InventoryFinishedGoodsNetOfReserves,Kept period-primary filing PG_SEC-XBRL-financials_as-presented_10-K_2021-08-06_0000080424-21-000100.xlsx
balance_sheet,us-gaap:InventoryFinishedGoodsNetOfReserves,FY21,3619.0,PG_SEC-XBRL-financials_as-presented_10-K_2022-08-05_0000080424-22-000064.xlsx,Balance Sheet,FY21,us-gaap:InventoryFinishedGoodsNetOfReserves,Kept period-primary filing PG_SEC-XBRL-financials_as-presented_10-K_2021-08-06_0000080424-21-000100.xlsx
balance_sheet,us-gaap:InventoryFinishedGoodsNetOfReserves,FY21,3846.0,PG_SEC-XBRL-financials_as-presented_10-Q_2022-01-19_0000080424-22-000016.xlsx,Balance Sheet,"December 31, 2021",us-gaap:InventoryFinishedGoodsNetOfReserves,Kept period-primary filing PG_SEC-XBRL-financials_as-presented_10-K_2021-08-06_0000080424-21-000100.xlsx
balance_sheet,us-gaap:InventoryNet,FY21,5983.0,PG_SEC-XBRL-financials_as-presented_10-K_2021-08-06_0000080424-21-000100.xlsx,Balance Sheet,FY21,us-gaap:InventoryNet,Kept period-primary filing PG_SEC-XBRL-financials_as-presented_10-K_2021-08-06_0000080424-21-000100.xlsx
balance_sheet,us-gaap:InventoryNet,FY21,5983.0,PG_SEC-XBRL-financials_as-presented_10-K_2022-08-05_0000080424-22-000064.xlsx,Balance Sheet,FY21,us-gaap:InventoryNet,Kept period-primary filing PG_SEC-XBRL-financials_as-presented_10-K_2021-08-06_0000080424-21-000100.xlsx
balance_sheet,us-gaap:InventoryNet,FY21,6673.0,PG_SEC-XBRL-financials_as-presented_10-Q_2022-01-19_0000080424-22-000016.xlsx,Balance Sheet,"December 31, 2021",us-gaap:InventoryNet,Kept period-primary filing PG_SEC-XBRL-financials_as-presented_10-K_2021-08-06_0000080424-21-000100.xlsx
balance_sheet,us-gaap:PrepaidExpenseAndOtherAssetsCurrent,FY21,2095.0,PG_SEC-XBRL-financials_as-presented_10-K_2021-08-06_0000080424-21-000100.xlsx,Balance Sheet,FY21,us-gaap:PrepaidExpenseAndOtherAssetsCurrent,Kept period-primary filing PG_SEC-XBRL-financials_as-presented_10-K_2021-08-06_0000080424-21-000100.xlsx
balance_sheet,us-gaap:PrepaidExpenseAndOtherAssetsCurrent,FY21,2095.0,PG_SEC-XBRL-financials_as-presented_10-K_2022-08-05_0000080424-22-000064.xlsx,Balance Sheet,FY21,us-gaap:PrepaidExpenseAndOtherAssetsCurrent,Kept period-primary filing PG_SEC-XBRL-financials_as-presented_10-K_2021-08-06_0000080424-21-000100.xlsx
balance_sheet,us-gaap:PrepaidExpenseAndOtherAssetsCurrent,FY21,2087.0,PG_SEC-XBRL-financials_as-presented_10-Q_2022-01-19_0000080424-22-000016.xlsx,Balance Sheet,"December 31, 2021",us-gaap:PrepaidExpenseAndOtherAssetsCurrent,Kept period-primary filing PG_SEC-XBRL-financials_as-presented_10-K_2021-08-06_0000080424-21-000100.xlsx
balance_sheet,us-gaap:AssetsCurrent,FY21,23091.0,PG_SEC-XBRL-financials_as-presented_10-K_2021-08-06_0000080424-21-000100.xlsx,Balance Sheet,FY21,us-gaap:AssetsCurrent,Kept period-primary filing PG_SEC-XBRL-financials_as-presented_10-K_2021-08-06_0000080424-21-000100.xlsx
balance_sheet,us-gaap:AssetsCurrent,FY21,23091.0,PG_SEC-XBRL-financials_as-presented_10-K_2022-08-05_0000080424-22-000064.xlsx,Balance Sheet,FY21,us-gaap:AssetsCurrent,Kept period-primary filing PG_SEC-XBRL-financials_as-presented_10-K_2021-08-06_0000080424-21-000100.xlsx
balance_sheet,us-gaap:AssetsCurrent,FY21,25545.0,PG_SEC-XBRL-financials_as-presented_10-Q_2022-01-19_0000080424-22-000016.xlsx,Balance Sheet,"December 31, 2021",us-gaap:AssetsCurrent,Kept period-primary filing PG_SEC-XBRL-financials_as-presented_10-K_2021-08-06_0000080424-21-000100.xlsx
balance_sheet,us-gaap:PropertyPlantAndEquipmentNet,FY21,21686.0,PG_SEC-XBRL-financials_as-presented_10-K_2021-08-06_0000080424-21-000100.xlsx,Balance Sheet,FY21,us-gaap:PropertyPlantAndEquipmentNet,Kept period-primary filing PG_SEC-XBRL-financials_as-presented_10-K_2021-08-06_0000080424-21-000100.xlsx
balance_sheet,us-gaap:PropertyPlantAndEquipmentNet,FY21,21686.0,PG_SEC-XBRL-financials_as-presented_10-K_2022-08-05_0000080424-22-000064.xlsx,Balance Sheet,FY21,us-gaap:PropertyPlantAndEquipmentNet,Kept period-primary filing PG_SEC-XBRL-financials_as-presented_10-K_2021-08-06_0000080424-21-000100.xlsx
balance_sheet,us-gaap:PropertyPlantAndEquipmentNet,FY21,21357.0,PG_SEC-XBRL-financials_as-presented_10-Q_2022-01-19_0000080424-22-000016.xlsx,Balance Sheet,"December 31, 2021",us-gaap:PropertyPlantAndEquipmentNet,Kept period-primary filing PG_SEC-XBRL-financials_as-presented_10-K_2021-08-06_0000080424-21-000100.xlsx
balance_sheet,us-gaap:Goodwill,FY21,40924.0,PG_SEC-XBRL-financials_as-presented_10-K_2021-08-06_0000080424-21-000100.xlsx,Balance Sheet,FY21,us-gaap:Goodwill,Kept period-primary filing PG_SEC-XBRL-financials_as-presented_10-K_2021-08-06_0000080424-21-000100.xlsx
balance_sheet,us-gaap:Goodwill,FY21,40924.0,PG_SEC-XBRL-financials_as-presented_10-K_2022-08-05_0000080424-22-000064.xlsx,Balance Sheet,FY21,us-gaap:Goodwill,Kept period-primary filing PG_SEC-XBRL-financials_as-presented_10-K_2021-08-06_0000080424-21-000100.xlsx
balance_sheet,us-gaap:Goodwill,FY21,40315.0,PG_SEC-XBRL-financials_as-presented_10-Q_2022-01-19_0000080424-22-000016.xlsx,Balance Sheet,"December 31, 2021",us-gaap:Goodwill,Kept period-primary filing PG_SEC-XBRL-financials_as-presented_10-K_2021-08-06_0000080424-21-000100.xlsx
balance_sheet,us-gaap:IntangibleAssetsNetExcludingGoodwill,FY21,23642.0,PG_SEC-XBRL-financials_as-presented_10-K_2021-08-06_0000080424-21-000100.xlsx,Balance Sheet,FY21,us-gaap:IntangibleAssetsNetExcludingGoodwill,Kept period-primary filing PG_SEC-XBRL-financials_as-presented_10-K_2021-08-06_0000080424-21-000100.xlsx
balance_sheet,us-gaap:IntangibleAssetsNetExcludingGoodwill,FY21,23642.0,PG_SEC-XBRL-financials_as-presented_10-K_2022-08-05_0000080424-22-000064.xlsx,Balance Sheet,FY21,us-gaap:IntangibleAssetsNetExcludingGoodwill,Kept period-primary filing PG_SEC-XBRL-financials_as-presented_10-K_2021-08-06_0000080424-21-000100.xlsx
balance_sheet,us-gaap:IntangibleAssetsNetExcludingGoodwill,FY21,23538.0,PG_SEC-XBRL-financials_as-presented_10-Q_2022-01-19_0000080424-22-000016.xlsx,Balance Sheet,"December 31, 2021",us-gaap:IntangibleAssetsNetExcludingGoodwill,Kept period-primary filing PG_SEC-XBRL-financials_as-presented_10-K_2021-08-06_0000080424-21-000100.xlsx
balance_sheet,us-gaap:OtherAssetsNoncurrent,FY21,9964.0,PG_SEC-XBRL-financials_as-presented_10-K_2021-08-06_0000080424-21-000100.xlsx,Balance Sheet,FY21,us-gaap:OtherAssetsNoncurrent,Kept period-primary filing PG_SEC-XBRL-financials_as-presented_10-K_2021-08-06_0000080424-21-000100.xlsx
balance_sheet,us-gaap:OtherAssetsNoncurrent,FY21,9964.0,PG_SEC-XBRL-financials_as-presented_10-K_2022-08-05_0000080424-22-000064.xlsx,Balance Sheet,FY21,us-gaap:OtherAssetsNoncurrent,Kept period-primary filing PG_SEC-XBRL-financials_as-presented_10-K_2021-08-06_0000080424-21-000100.xlsx
balance_sheet,us-gaap:OtherAssetsNoncurrent,FY21,10661.0,PG_SEC-XBRL-financials_as-presented_10-Q_2022-01-19_0000080424-22-000016.xlsx,Balance Sheet,"December 31, 2021",us-gaap:OtherAssetsNoncurrent,Kept period-primary filing PG_SEC-XBRL-financials_as-presented_10-K_2021-08-06_0000080424-21-000100.xlsx
balance_sheet,us-gaap:Assets,FY21,119307.0,PG_SEC-XBRL-financials_as-presented_10-K_2021-08-06_0000080424-21-000100.xlsx,Balance Sheet,FY21,us-gaap:Assets,Kept period-primary filing PG_SEC-XBRL-financials_as-presented_10-K_2021-08-06_0000080424-21-000100.xlsx
balance_sheet,us-gaap:Assets,FY21,119307.0,PG_SEC-XBRL-financials_as-presented_10-K_2022-08-05_0000080424-22-000064.xlsx,Balance Sheet,FY21,us-gaap:Assets,Kept period-primary filing PG_SEC-XBRL-financials_as-presented_10-K_2021-08-06_0000080424-21-000100.xlsx
balance_sheet,us-gaap:Assets,FY21,121416.0,PG_SEC-XBRL-financials_as-presented_10-Q_2022-01-19_0000080424-22-000016.xlsx,Balance Sheet,"December 31, 2021",us-gaap:Assets,Kept period-primary filing PG_SEC-XBRL-financials_as-presented_10-K_2021-08-06_0000080424-21-000100.xlsx
balance_sheet,us-gaap:AccountsPayableCurrent,FY21,13720.0,PG_SEC-XBRL-financials_as-presented_10-K_2021-08-06_0000080424-21-000100.xlsx,Balance Sheet,FY21,us-gaap:AccountsPayableCurrent,Kept period-primary filing PG_SEC-XBRL-financials_as-presented_10-K_2021-08-06_0000080424-21-000100.xlsx
balance_sheet,us-gaap:AccountsPayableCurrent,FY21,13720.0,PG_SEC-XBRL-financials_as-presented_10-K_2022-08-05_0000080424-22-000064.xlsx,Balance Sheet,FY21,us-gaap:AccountsPayableCurrent,Kept period-primary filing PG_SEC-XBRL-financials_as-presented_10-K_2021-08-06_0000080424-21-000100.xlsx
balance_sheet,us-gaap:AccountsPayableCurrent,FY21,14154.0,PG_SEC-XBRL-financials_as-presented_10-Q_2022-01-19_0000080424-22-000016.xlsx,Balance Sheet,"December 31, 2021",us-gaap:AccountsPayableCurrent,Kept period-primary filing PG_SEC-XBRL-financials_as-presented_10-K_2021-08-06_0000080424-21-000100.xlsx
balance_sheet,us-gaap:AccruedLiabilitiesCurrent,FY21,10523.0,PG_SEC-XBRL-financials_as-presented_10-K_2021-08-06_0000080424-21-000100.xlsx,Balance Sheet,FY21,us-gaap:AccruedLiabilitiesCurrent,Kept period-primary filing PG_SEC-XBRL-financials_as-presented_10-K_2021-08-06_0000080424-21-000100.xlsx
balance_sheet,us-gaap:AccruedLiabilitiesCurrent,FY21,10523.0,PG_SEC-XBRL-financials_as-presented_10-K_2022-08-05_0000080424-22-000064.xlsx,Balance Sheet,FY21,us-gaap:AccruedLiabilitiesCurrent,Kept period-primary filing PG_SEC-XBRL-financials_as-presented_10-K_2021-08-06_0000080424-21-000100.xlsx
balance_sheet,us-gaap:AccruedLiabilitiesCurrent,FY21,10542.0,PG_SEC-XBRL-financials_as-presented_10-Q_2022-01-19_0000080424-22-000016.xlsx,Balance Sheet,"December 31, 2021",us-gaap:AccruedLiabilitiesCurrent,Kept period-primary filing PG_SEC-XBRL-financials_as-presented_10-K_2021-08-06_0000080424-21-000100.xlsx
balance_sheet,us-gaap:DebtCurrent,FY21,8889.0,PG_SEC-XBRL-financials_as-presented_10-K_2021-08-06_0000080424-21-000100.xlsx,Balance Sheet,FY21,us-gaap:DebtCurrent,Kept period-primary filing PG_SEC-XBRL-financials_as-presented_10-K_2021-08-06_0000080424-21-000100.xlsx
balance_sheet,us-gaap:DebtCurrent,FY21,8889.0,PG_SEC-XBRL-financials_as-presented_10-K_2022-08-05_0000080424-22-000064.xlsx,Balance Sheet,FY21,us-gaap:DebtCurrent,Kept period-primary filing PG_SEC-XBRL-financials_as-presented_10-K_2021-08-06_0000080424-21-000100.xlsx
balance_sheet,us-gaap:DebtCurrent,FY21,13331.0,PG_SEC-XBRL-financials_as-presented_10-Q_2022-01-19_0000080424-22-000016.xlsx,Balance Sheet,"December 31, 2021",us-gaap:DebtCurrent,Kept period-primary filing PG_SEC-XBRL-financials_as-presented_10-K_2021-08-06_0000080424-21-000100.xlsx
balance_sheet,us-gaap:LiabilitiesCurrent,FY21,33132.0,PG_SEC-XBRL-financials_as-presented_10-K_2021-08-06_0000080424-21-000100.xlsx,Balance Sheet,FY21,us-gaap:LiabilitiesCurrent,Kept period-primary filing PG_SEC-XBRL-financials_as-presented_10-K_2021-08-06_0000080424-21-000100.xlsx
balance_sheet,us-gaap:LiabilitiesCurrent,FY21,33132.0,PG_SEC-XBRL-financials_as-presented_10-K_2022-08-05_0000080424-22-000064.xlsx,Balance Sheet,FY21,us-gaap:LiabilitiesCurrent,Kept period-primary filing PG_SEC-XBRL-financials_as-presented_10-K_2021-08-06_0000080424-21-000100.xlsx
balance_sheet,us-gaap:LiabilitiesCurrent,FY21,38027.0,PG_SEC-XBRL-financials_as-presented_10-Q_2022-01-19_0000080424-22-000016.xlsx,Balance Sheet,"December 31, 2021",us-gaap:LiabilitiesCurrent,Kept period-primary filing PG_SEC-XBRL-financials_as-presented_10-K_2021-08-06_0000080424-21-000100.xlsx
balance_sheet,us-gaap:LongTermDebtNoncurrent,FY21,23099.0,PG_SEC-XBRL-financials_as-presented_10-K_2021-08-06_0000080424-21-000100.xlsx,Balance Sheet,FY21,us-gaap:LongTermDebtNoncurrent,Kept period-primary filing PG_SEC-XBRL-financials_as-presented_10-K_2021-08-06_0000080424-21-000100.xlsx
balance_sheet,us-gaap:LongTermDebtNoncurrent,FY21,23099.0,PG_SEC-XBRL-financials_as-presented_10-K_2022-08-05_0000080424-22-000064.xlsx,Balance Sheet,FY21,us-gaap:LongTermDebtNoncurrent,Kept period-primary filing PG_SEC-XBRL-financials_as-presented_10-K_2021-08-06_0000080424-21-000100.xlsx
balance_sheet,us-gaap:LongTermDebtNoncurrent,FY21,22322.0,PG_SEC-XBRL-financials_as-presented_10-Q_2022-01-19_0000080424-22-000016.xlsx,Balance Sheet,"December 31, 2021",us-gaap:LongTermDebtNoncurrent,Kept period-primary filing PG_SEC-XBRL-financials_as-presented_10-K_2021-08-06_0000080424-21-000100.xlsx
balance_sheet,us-gaap:DeferredIncomeTaxLiabilitiesNet,FY21,6153.0,PG_SEC-XBRL-financials_as-presented_10-K_2021-08-06_0000080424-21-000100.xlsx,Balance Sheet,FY21,us-gaap:DeferredIncomeTaxLiabilitiesNet,Kept period-primary filing PG_SEC-XBRL-financials_as-presented_10-K_2021-08-06_0000080424-21-000100.xlsx
balance_sheet,us-gaap:DeferredIncomeTaxLiabilitiesNet,FY21,6153.0,PG_SEC-XBRL-financials_as-presented_10-K_2022-08-05_0000080424-22-000064.xlsx,Balance Sheet,FY21,us-gaap:DeferredIncomeTaxLiabilitiesNet,Kept period-primary filing PG_SEC-XBRL-financials_as-presented_10-K_2021-08-06_0000080424-21-000100.xlsx
balance_sheet,us-gaap:DeferredIncomeTaxLiabilitiesNet,FY21,6506.0,PG_SEC-XBRL-financials_as-presented_10-Q_2022-01-19_0000080424-22-000016.xlsx,Balance Sheet,"December 31, 2021",us-gaap:DeferredIncomeTaxLiabilitiesNet,Kept period-primary filing PG_SEC-XBRL-financials_as-presented_10-K_2021-08-06_0000080424-21-000100.xlsx
balance_sheet,us-gaap:OtherLiabilitiesNoncurrent,FY21,10269.0,PG_SEC-XBRL-financials_as-presented_10-K_2021-08-06_0000080424-21-000100.xlsx,Balance Sheet,FY21,us-gaap:OtherLiabilitiesNoncurrent,Kept period-primary filing PG_SEC-XBRL-financials_as-presented_10-K_2021-08-06_0000080424-21-000100.xlsx
balance_sheet,us-gaap:OtherLiabilitiesNoncurrent,FY21,10269.0,PG_SEC-XBRL-financials_as-presented_10-K_2022-08-05_0000080424-22-000064.xlsx,Balance Sheet,FY21,us-gaap:OtherLiabilitiesNoncurrent,Kept period-primary filing PG_SEC-XBRL-financials_as-presented_10-K_2021-08-06_0000080424-21-000100.xlsx
balance_sheet,us-gaap:OtherLiabilitiesNoncurrent,FY21,9668.0,PG_SEC-XBRL-financials_as-presented_10-Q_2022-01-19_0000080424-22-000016.xlsx,Balance Sheet,"December 31, 2021",us-gaap:OtherLiabilitiesNoncurrent,Kept period-primary filing PG_SEC-XBRL-financials_as-presented_10-K_2021-08-06_0000080424-21-000100.xlsx
balance_sheet,us-gaap:Liabilities,FY21,72653.0,PG_SEC-XBRL-financials_as-presented_10-K_2021-08-06_0000080424-21-000100.xlsx,Balance Sheet,FY21,us-gaap:Liabilities,Kept period-primary filing PG_SEC-XBRL-financials_as-presented_10-K_2021-08-06_0000080424-21-000100.xlsx
balance_sheet,us-gaap:Liabilities,FY21,72653.0,PG_SEC-XBRL-financials_as-presented_10-K_2022-08-05_0000080424-22-000064.xlsx,Balance Sheet,FY21,us-gaap:Liabilities,Kept period-primary filing PG_SEC-XBRL-financials_as-presented_10-K_2021-08-06_0000080424-21-000100.xlsx
balance_sheet,us-gaap:Liabilities,FY21,76523.0,PG_SEC-XBRL-financials_as-presented_10-Q_2022-01-19_0000080424-22-000016.xlsx,Balance Sheet,"December 31, 2021",us-gaap:Liabilities,Kept period-primary filing PG_SEC-XBRL-financials_as-presented_10-K_2021-08-06_0000080424-21-000100.xlsx
balance_sheet,us-gaap:AdditionalPaidInCapital,FY21,64848.0,PG_SEC-XBRL-financials_as-presented_10-K_2021-08-06_0000080424-21-000100.xlsx,Balance Sheet,FY21,us-gaap:AdditionalPaidInCapital,Kept period-primary filing PG_SEC-XBRL-financials_as-presented_10-K_2021-08-06_0000080424-21-000100.xlsx
balance_sheet,us-gaap:AdditionalPaidInCapital,FY21,64848.0,PG_SEC-XBRL-financials_as-presented_10-K_2022-08-05_0000080424-22-000064.xlsx,Balance Sheet,FY21,us-gaap:AdditionalPaidInCapital,Kept period-primary filing PG_SEC-XBRL-financials_as-presented_10-K_2021-08-06_0000080424-21-000100.xlsx
balance_sheet,us-gaap:AdditionalPaidInCapital,FY21,65432.0,PG_SEC-XBRL-financials_as-presented_10-Q_2022-01-19_0000080424-22-000016.xlsx,Balance Sheet,"December 31, 2021",us-gaap:AdditionalPaidInCapital,Kept period-primary filing PG_SEC-XBRL-financials_as-presented_10-K_2021-08-06_0000080424-21-000100.xlsx
balance_sheet,pg:ReserveForEsopDebtRetirement,FY21,-1006.0,PG_SEC-XBRL-financials_as-presented_10-K_2021-08-06_0000080424-21-000100.xlsx,Balance Sheet,FY21,pg:ReserveForEsopDebtRetirement,Kept period-primary filing PG_SEC-XBRL-financials_as-presented_10-K_2021-08-06_0000080424-21-000100.xlsx
balance_sheet,pg:ReserveForEsopDebtRetirement,FY21,-1006.0,PG_SEC-XBRL-financials_as-presented_10-K_2022-08-05_0000080424-22-000064.xlsx,Balance Sheet,FY21,pg:ReserveForEsopDebtRetirement,Kept period-primary filing PG_SEC-XBRL-financials_as-presented_10-K_2021-08-06_0000080424-21-000100.xlsx
balance_sheet,pg:ReserveForEsopDebtRetirement,FY21,-965.0,PG_SEC-XBRL-financials_as-presented_10-Q_2022-01-19_0000080424-22-000016.xlsx,Balance Sheet,"December 31, 2021",pg:ReserveForEsopDebtRetirement,Kept period-primary filing PG_SEC-XBRL-financials_as-presented_10-K_2021-08-06_0000080424-21-000100.xlsx
balance_sheet,us-gaap:AccumulatedOtherComprehensiveIncomeLossNetOfTax,FY21,-13744.0,PG_SEC-XBRL-financials_as-presented_10-K_2021-08-06_0000080424-21-000100.xlsx,Balance Sheet,FY21,us-gaap:AccumulatedOtherComprehensiveIncomeLossNetOfTax,Kept period-primary filing PG_SEC-XBRL-financials_as-presented_10-K_2021-08-06_0000080424-21-000100.xlsx
balance_sheet,us-gaap:AccumulatedOtherComprehensiveIncomeLossNetOfTax,FY21,-13744.0,PG_SEC-XBRL-financials_as-presented_10-K_2022-08-05_0000080424-22-000064.xlsx,Balance Sheet,FY21,us-gaap:AccumulatedOtherComprehensiveIncomeLossNetOfTax,Kept period-primary filing PG_SEC-XBRL-financials_as-presented_10-K_2021-08-06_0000080424-21-000100.xlsx
balance_sheet,us-gaap:AccumulatedOtherComprehensiveIncomeLossNetOfTax,FY21,-13564.0,PG_SEC-XBRL-financials_as-presented_10-Q_2022-01-19_0000080424-22-000016.xlsx,Balance Sheet,"December 31, 2021",us-gaap:AccumulatedOtherComprehensiveIncomeLossNetOfTax,Kept period-primary filing PG_SEC-XBRL-financials_as-presented_10-K_2021-08-06_0000080424-21-000100.xlsx
balance_sheet,us-gaap:TreasuryStockCommonShares,FY21,-114973.0,PG_SEC-XBRL-financials_as-presented_10-K_2021-08-06_0000080424-21-000100.xlsx,Balance Sheet,FY21,us-gaap:TreasuryStockShares,Kept period-primary filing PG_SEC-XBRL-financials_as-presented_10-K_2021-08-06_0000080424-21-000100.xlsx
balance_sheet,us-gaap:TreasuryStockCommonShares,FY21,-114973.0,PG_SEC-XBRL-financials_as-presented_10-K_2022-08-05_0000080424-22-000064.xlsx,Balance Sheet,FY21,us-gaap:TreasuryStockShares,Kept period-primary filing PG_SEC-XBRL-financials_as-presented_10-K_2021-08-06_0000080424-21-000100.xlsx
balance_sheet,us-gaap:TreasuryStockCommonShares,FY21,-121543.0,PG_SEC-XBRL-financials_as-presented_10-Q_2022-01-19_0000080424-22-000016.xlsx,Balance Sheet,"December 31, 2021",us-gaap:TreasuryStockValue,Kept period-primary filing PG_SEC-XBRL-financials_as-presented_10-K_2021-08-06_0000080424-21-000100.xlsx
balance_sheet,us-gaap:RetainedEarningsAccumulatedDeficit,FY21,106374.0,PG_SEC-XBRL-financials_as-presented_10-K_2021-08-06_0000080424-21-000100.xlsx,Balance Sheet,FY21,us-gaap:RetainedEarningsAccumulatedDeficit,Kept period-primary filing PG_SEC-XBRL-financials_as-presented_10-K_2021-08-06_0000080424-21-000100.xlsx
balance_sheet,us-gaap:RetainedEarningsAccumulatedDeficit,FY21,106374.0,PG_SEC-XBRL-financials_as-presented_10-K_2022-08-05_0000080424-22-000064.xlsx,Balance Sheet,FY21,us-gaap:RetainedEarningsAccumulatedDeficit,Kept period-primary filing PG_SEC-XBRL-financials_as-presented_10-K_2021-08-06_0000080424-21-000100.xlsx
balance_sheet,us-gaap:RetainedEarningsAccumulatedDeficit,FY21,110393.0,PG_SEC-XBRL-financials_as-presented_10-Q_2022-01-19_0000080424-22-000016.xlsx,Balance Sheet,"December 31, 2021",us-gaap:RetainedEarningsAccumulatedDeficit,Kept period-primary filing PG_SEC-XBRL-financials_as-presented_10-K_2021-08-06_0000080424-21-000100.xlsx
balance_sheet,us-gaap:MinorityInterest,FY21,276.0,PG_SEC-XBRL-financials_as-presented_10-K_2021-08-06_0000080424-21-000100.xlsx,Balance Sheet,FY21,us-gaap:MinorityInterest,Kept period-primary filing PG_SEC-XBRL-financials_as-presented_10-K_2021-08-06_0000080424-21-000100.xlsx
balance_sheet,us-gaap:MinorityInterest,FY21,276.0,PG_SEC-XBRL-financials_as-presented_10-K_2022-08-05_0000080424-22-000064.xlsx,Balance Sheet,FY21,us-gaap:MinorityInterest,Kept period-primary filing PG_SEC-XBRL-financials_as-presented_10-K_2021-08-06_0000080424-21-000100.xlsx
balance_sheet,us-gaap:MinorityInterest,FY21,275.0,PG_SEC-XBRL-financials_as-presented_10-Q_2022-01-19_0000080424-22-000016.xlsx,Balance Sheet,"December 31, 2021",us-gaap:MinorityInterest,Kept period-primary filing PG_SEC-XBRL-financials_as-presented_10-K_2021-08-06_0000080424-21-000100.xlsx
balance_sheet,us-gaap:StockholdersEquityIncludingPortionAttributableToNoncontrollingInterest,FY21,46654.0,PG_SEC-XBRL-financials_as-presented_10-K_2021-08-06_0000080424-21-000100.xlsx,Balance Sheet,FY21,us-gaap:StockholdersEquityIncludingPortionAttributableToNoncontrollingInterest,Kept period-primary filing PG_SEC-XBRL-financials_as-presented_10-K_2021-08-06_0000080424-21-000100.xlsx
balance_sheet,us-gaap:StockholdersEquityIncludingPortionAttributableToNoncontrollingInterest,FY21,46654.0,PG_SEC-XBRL-financials_as-presented_10-K_2022-08-05_0000080424-22-000064.xlsx,Balance Sheet,FY21,us-gaap:StockholdersEquityIncludingPortionAttributableToNoncontrollingInterest,Kept period-primary filing PG_SEC-XBRL-financials_as-presented_10-K_2021-08-06_0000080424-21-000100.xlsx
balance_sheet,us-gaap:StockholdersEquityIncludingPortionAttributableToNoncontrollingInterest,FY21,44893.0,PG_SEC-XBRL-financials_as-presented_10-Q_2022-01-19_0000080424-22-000016.xlsx,Balance Sheet,"December 31, 2021",us-gaap:StockholdersEquityIncludingPortionAttributableToNoncontrollingInterest,Kept period-primary filing PG_SEC-XBRL-financials_as-presented_10-K_2021-08-06_0000080424-21-000100.xlsx
balance_sheet,us-gaap:LiabilitiesAndStockholdersEquity,FY21,119307.0,PG_SEC-XBRL-financials_as-presented_10-K_2021-08-06_0000080424-21-000100.xlsx,Balance Sheet,FY21,us-gaap:LiabilitiesAndStockholdersEquity,Kept period-primary filing PG_SEC-XBRL-financials_as-presented_10-K_2021-08-06_0000080424-21-000100.xlsx
balance_sheet,us-gaap:LiabilitiesAndStockholdersEquity,FY21,119307.0,PG_SEC-XBRL-financials_as-presented_10-K_2022-08-05_0000080424-22-000064.xlsx,Balance Sheet,FY21,us-gaap:LiabilitiesAndStockholdersEquity,Kept period-primary filing PG_SEC-XBRL-financials_as-presented_10-K_2021-08-06_0000080424-21-000100.xlsx
balance_sheet,us-gaap:LiabilitiesAndStockholdersEquity,FY21,121416.0,PG_SEC-XBRL-financials_as-presented_10-Q_2022-01-19_0000080424-22-000016.xlsx,Balance Sheet,"December 31, 2021",us-gaap:LiabilitiesAndStockholdersEquity,Kept period-primary filing PG_SEC-XBRL-financials_as-presented_10-K_2021-08-06_0000080424-21-000100.xlsx
balance_sheet,us-gaap:CashCashEquivalentsRestrictedCashAndRestrictedCashEquivalents,FY22,7214.0,PG_SEC-XBRL-financials_as-presented_10-K_2022-08-05_0000080424-22-000064.xlsx,Balance Sheet,FY22,us-gaap:CashCashEquivalentsRestrictedCashAndRestrictedCashEquivalents,Kept period-primary filing PG_SEC-XBRL-financials_as-presented_10-K_2022-08-05_0000080424-22-000064.xlsx
balance_sheet,us-gaap:CashCashEquivalentsRestrictedCashAndRestrictedCashEquivalents,FY22,7214.0,PG_SEC-XBRL-financials_as-presented_10-K_2023-08-04_0000080424-23-000073.xlsx,Balance Sheet,FY22,us-gaap:CashCashEquivalentsRestrictedCashAndRestrictedCashEquivalents,Kept period-primary filing PG_SEC-XBRL-financials_as-presented_10-K_2022-08-05_0000080424-22-000064.xlsx
balance_sheet,us-gaap:CashCashEquivalentsRestrictedCashAndRestrictedCashEquivalents,FY22,6854.0,PG_SEC-XBRL-financials_as-presented_10-Q_2023-01-19_0000080424-23-000014.xlsx,Balance Sheet,"December 31, 2022",us-gaap:CashCashEquivalentsRestrictedCashAndRestrictedCashEquivalents,Kept period-primary filing PG_SEC-XBRL-financials_as-presented_10-K_2022-08-05_0000080424-22-000064.xlsx
balance_sheet,us-gaap:AccountsReceivableNetCurrent,FY22,5143.0,PG_SEC-XBRL-financials_as-presented_10-K_2022-08-05_0000080424-22-000064.xlsx,Balance Sheet,FY22,us-gaap:AccountsReceivableNetCurrent,Kept period-primary filing PG_SEC-XBRL-financials_as-presented_10-K_2022-08-05_0000080424-22-000064.xlsx
balance_sheet,us-gaap:AccountsReceivableNetCurrent,FY22,5143.0,PG_SEC-XBRL-financials_as-presented_10-K_2023-08-04_0000080424-23-000073.xlsx,Balance Sheet,FY22,us-gaap:AccountsReceivableNetCurrent,Kept period-primary filing PG_SEC-XBRL-financials_as-presented_10-K_2022-08-05_0000080424-22-000064.xlsx
balance_sheet,us-gaap:AccountsReceivableNetCurrent,FY22,5767.0,PG_SEC-XBRL-financials_as-presented_10-Q_2023-01-19_0000080424-23-000014.xlsx,Balance Sheet,"December 31, 2022",us-gaap:AccountsReceivableNetCurrent,Kept period-primary filing PG_SEC-XBRL-financials_as-presented_10-K_2022-08-05_0000080424-22-000064.xlsx
balance_sheet,us-gaap:InventoryRawMaterialsAndSuppliesNetOfReserves,FY22,2168.0,PG_SEC-XBRL-financials_as-presented_10-K_2022-08-05_0000080424-22-000064.xlsx,Balance Sheet,FY22,us-gaap:InventoryRawMaterialsAndSuppliesNetOfReserves,Kept period-primary filing PG_SEC-XBRL-financials_as-presented_10-K_2022-08-05_0000080424-22-000064.xlsx
balance_sheet,us-gaap:InventoryRawMaterialsAndSuppliesNetOfReserves,FY22,2168.0,PG_SEC-XBRL-financials_as-presented_10-K_2023-08-04_0000080424-23-000073.xlsx,Balance Sheet,FY22,us-gaap:InventoryRawMaterialsAndSuppliesNetOfReserves,Kept period-primary filing PG_SEC-XBRL-financials_as-presented_10-K_2022-08-05_0000080424-22-000064.xlsx
balance_sheet,us-gaap:InventoryRawMaterialsAndSuppliesNetOfReserves,FY22,2232.0,PG_SEC-XBRL-financials_as-presented_10-Q_2023-01-19_0000080424-23-000014.xlsx,Balance Sheet,"December 31, 2022",us-gaap:InventoryRawMaterialsAndSuppliesNetOfReserves,Kept period-primary filing PG_SEC-XBRL-financials_as-presented_10-K_2022-08-05_0000080424-22-000064.xlsx
balance_sheet,us-gaap:InventoryWorkInProcessNetOfReserves,FY22,856.0,PG_SEC-XBRL-financials_as-presented_10-K_2022-08-05_0000080424-22-000064.xlsx,Balance Sheet,FY22,us-gaap:InventoryWorkInProcessNetOfReserves,Kept period-primary filing PG_SEC-XBRL-financials_as-presented_10-K_2022-08-05_0000080424-22-000064.xlsx
balance_sheet,us-gaap:InventoryWorkInProcessNetOfReserves,FY22,856.0,PG_SEC-XBRL-financials_as-presented_10-K_2023-08-04_0000080424-23-000073.xlsx,Balance Sheet,FY22,us-gaap:InventoryWorkInProcessNetOfReserves,Kept period-primary filing PG_SEC-XBRL-financials_as-presented_10-K_2022-08-05_0000080424-22-000064.xlsx
balance_sheet,us-gaap:InventoryWorkInProcessNetOfReserves,FY22,946.0,PG_SEC-XBRL-financials_as-presented_10-Q_2023-01-19_0000080424-23-000014.xlsx,Balance Sheet,"December 31, 2022",us-gaap:InventoryWorkInProcessNetOfReserves,Kept period-primary filing PG_SEC-XBRL-financials_as-presented_10-K_2022-08-05_0000080424-22-000064.xlsx
balance_sheet,us-gaap:InventoryFinishedGoodsNetOfReserves,FY22,3900.0,PG_SEC-XBRL-financials_as-presented_10-K_2022-08-05_0000080424-22-000064.xlsx,Balance Sheet,FY22,us-gaap:InventoryFinishedGoodsNetOfReserves,Kept period-primary filing PG_SEC-XBRL-financials_as-presented_10-K_2022-08-05_0000080424-22-000064.xlsx
balance_sheet,us-gaap:InventoryFinishedGoodsNetOfReserves,FY22,3900.0,PG_SEC-XBRL-financials_as-presented_10-K_2023-08-04_0000080424-23-000073.xlsx,Balance Sheet,FY22,us-gaap:InventoryFinishedGoodsNetOfReserves,Kept period-primary filing PG_SEC-XBRL-financials_as-presented_10-K_2022-08-05_0000080424-22-000064.xlsx
balance_sheet,us-gaap:InventoryFinishedGoodsNetOfReserves,FY22,4363.0,PG_SEC-XBRL-financials_as-presented_10-Q_2023-01-19_0000080424-23-000014.xlsx,Balance Sheet,"December 31, 2022",us-gaap:InventoryFinishedGoodsNetOfReserves,Kept period-primary filing PG_SEC-XBRL-financials_as-presented_10-K_2022-08-05_0000080424-22-000064.xlsx
balance_sheet,us-gaap:InventoryNet,FY22,6924.0,PG_SEC-XBRL-financials_as-presented_10-K_2022-08-05_0000080424-22-000064.xlsx,Balance Sheet,FY22,us-gaap:InventoryNet,Kept period-primary filing PG_SEC-XBRL-financials_as-presented_10-K_2022-08-05_0000080424-22-000064.xlsx
balance_sheet,us-gaap:InventoryNet,FY22,6924.0,PG_SEC-XBRL-financials_as-presented_10-K_2023-08-04_0000080424-23-000073.xlsx,Balance Sheet,FY22,us-gaap:InventoryNet,Kept period-primary filing PG_SEC-XBRL-financials_as-presented_10-K_2022-08-05_0000080424-22-000064.xlsx
balance_sheet,us-gaap:InventoryNet,FY22,7541.0,PG_SEC-XBRL-financials_as-presented_10-Q_2023-01-19_0000080424-23-000014.xlsx,Balance Sheet,"December 31, 2022",us-gaap:InventoryNet,Kept period-primary filing PG_SEC-XBRL-financials_as-presented_10-K_2022-08-05_0000080424-22-000064.xlsx
balance_sheet,us-gaap:PrepaidExpenseAndOtherAssetsCurrent,FY22,2372.0,PG_SEC-XBRL-financials_as-presented_10-K_2022-08-05_0000080424-22-000064.xlsx,Balance Sheet,FY22,us-gaap:PrepaidExpenseAndOtherAssetsCurrent,Kept period-primary filing PG_SEC-XBRL-financials_as-presented_10-K_2022-08-05_0000080424-22-000064.xlsx
balance_sheet,us-gaap:PrepaidExpenseAndOtherAssetsCurrent,FY22,2372.0,PG_SEC-XBRL-financials_as-presented_10-K_2023-08-04_0000080424-23-000073.xlsx,Balance Sheet,FY22,us-gaap:PrepaidExpenseAndOtherAssetsCurrent,Kept period-primary filing PG_SEC-XBRL-financials_as-presented_10-K_2022-08-05_0000080424-22-000064.xlsx
balance_sheet,us-gaap:PrepaidExpenseAndOtherAssetsCurrent,FY22,1704.0,PG_SEC-XBRL-financials_as-presented_10-Q_2023-01-19_0000080424-23-000014.xlsx,Balance Sheet,"December 31, 2022",us-gaap:PrepaidExpenseAndOtherAssetsCurrent,Kept period-primary filing PG_SEC-XBRL-financials_as-presented_10-K_2022-08-05_0000080424-22-000064.xlsx
balance_sheet,us-gaap:AssetsCurrent,FY22,21653.0,PG_SEC-XBRL-financials_as-presented_10-K_2022-08-05_0000080424-22-000064.xlsx,Balance Sheet,FY22,us-gaap:AssetsCurrent,Kept period-primary filing PG_SEC-XBRL-financials_as-presented_10-K_2022-08-05_0000080424-22-000064.xlsx
balance_sheet,us-gaap:AssetsCurrent,FY22,21653.0,PG_SEC-XBRL-financials_as-presented_10-K_2023-08-04_0000080424-23-000073.xlsx,Balance Sheet,FY22,us-gaap:AssetsCurrent,Kept period-primary filing PG_SEC-XBRL-financials_as-presented_10-K_2022-08-05_0000080424-22-000064.xlsx
balance_sheet,us-gaap:AssetsCurrent,FY22,21866.0,PG_SEC-XBRL-financials_as-presented_10-Q_2023-01-19_0000080424-23-000014.xlsx,Balance Sheet,"December 31, 2022",us-gaap:AssetsCurrent,Kept period-primary filing PG_SEC-XBRL-financials_as-presented_10-K_2022-08-05_0000080424-22-000064.xlsx
balance_sheet,us-gaap:PropertyPlantAndEquipmentNet,FY22,21195.0,PG_SEC-XBRL-financials_as-presented_10-K_2022-08-05_0000080424-22-000064.xlsx,Balance Sheet,FY22,us-gaap:PropertyPlantAndEquipmentNet,Kept period-primary filing PG_SEC-XBRL-financials_as-presented_10-K_2022-08-05_0000080424-22-000064.xlsx
balance_sheet,us-gaap:PropertyPlantAndEquipmentNet,FY22,21195.0,PG_SEC-XBRL-financials_as-presented_10-K_2023-08-04_0000080424-23-000073.xlsx,Balance Sheet,FY22,us-gaap:PropertyPlantAndEquipmentNet,Kept period-primary filing PG_SEC-XBRL-financials_as-presented_10-K_2022-08-05_0000080424-22-000064.xlsx
balance_sheet,us-gaap:PropertyPlantAndEquipmentNet,FY22,21167.0,PG_SEC-XBRL-financials_as-presented_10-Q_2023-01-19_0000080424-23-000014.xlsx,Balance Sheet,"December 31, 2022",us-gaap:PropertyPlantAndEquipmentNet,Kept period-primary filing PG_SEC-XBRL-financials_as-presented_10-K_2022-08-05_0000080424-22-000064.xlsx
balance_sheet,us-gaap:Goodwill,FY22,39700.0,PG_SEC-XBRL-financials_as-presented_10-K_2022-08-05_0000080424-22-000064.xlsx,Balance Sheet,FY22,us-gaap:Goodwill,Kept period-primary filing PG_SEC-XBRL-financials_as-presented_10-K_2022-08-05_0000080424-22-000064.xlsx
balance_sheet,us-gaap:Goodwill,FY22,39700.0,PG_SEC-XBRL-financials_as-presented_10-K_2023-08-04_0000080424-23-000073.xlsx,Balance Sheet,FY22,us-gaap:Goodwill,Kept period-primary filing PG_SEC-XBRL-financials_as-presented_10-K_2022-08-05_0000080424-22-000064.xlsx
balance_sheet,us-gaap:Goodwill,FY22,39951.0,PG_SEC-XBRL-financials_as-presented_10-Q_2023-01-19_0000080424-23-000014.xlsx,Balance Sheet,"December 31, 2022",us-gaap:Goodwill,Kept period-primary filing PG_SEC-XBRL-financials_as-presented_10-K_2022-08-05_0000080424-22-000064.xlsx
balance_sheet,us-gaap:IntangibleAssetsNetExcludingGoodwill,FY22,23679.0,PG_SEC-XBRL-financials_as-presented_10-K_2022-08-05_0000080424-22-000064.xlsx,Balance Sheet,FY22,us-gaap:IntangibleAssetsNetExcludingGoodwill,Kept period-primary filing PG_SEC-XBRL-financials_as-presented_10-K_2022-08-05_0000080424-22-000064.xlsx
balance_sheet,us-gaap:IntangibleAssetsNetExcludingGoodwill,FY22,23679.0,PG_SEC-XBRL-financials_as-presented_10-K_2023-08-04_0000080424-23-000073.xlsx,Balance Sheet,FY22,us-gaap:IntangibleAssetsNetExcludingGoodwill,Kept period-primary filing PG_SEC-XBRL-financials_as-presented_10-K_2022-08-05_0000080424-22-000064.xlsx
balance_sheet,us-gaap:IntangibleAssetsNetExcludingGoodwill,FY22,23594.0,PG_SEC-XBRL-financials_as-presented_10-Q_2023-01-19_0000080424-23-000014.xlsx,Balance Sheet,"December 31, 2022",us-gaap:IntangibleAssetsNetExcludingGoodwill,Kept period-primary filing PG_SEC-XBRL-financials_as-presented_10-K_2022-08-05_0000080424-22-000064.xlsx
balance_sheet,us-gaap:OtherAssetsNoncurrent,FY22,10981.0,PG_SEC-XBRL-financials_as-presented_10-K_2022-08-05_0000080424-22-000064.xlsx,Balance Sheet,FY22,us-gaap:OtherAssetsNoncurrent,Kept period-primary filing PG_SEC-XBRL-financials_as-presented_10-K_2022-08-05_0000080424-22-000064.xlsx
balance_sheet,us-gaap:OtherAssetsNoncurrent,FY22,10981.0,PG_SEC-XBRL-financials_as-presented_10-K_2023-08-04_0000080424-23-000073.xlsx,Balance Sheet,FY22,us-gaap:OtherAssetsNoncurrent,Kept period-primary filing PG_SEC-XBRL-financials_as-presented_10-K_2022-08-05_0000080424-22-000064.xlsx
balance_sheet,us-gaap:OtherAssetsNoncurrent,FY22,11137.0,PG_SEC-XBRL-financials_as-presented_10-Q_2023-01-19_0000080424-23-000014.xlsx,Balance Sheet,"December 31, 2022",us-gaap:OtherAssetsNoncurrent,Kept period-primary filing PG_SEC-XBRL-financials_as-presented_10-K_2022-08-05_0000080424-22-000064.xlsx
balance_sheet,us-gaap:Assets,FY22,117208.0,PG_SEC-XBRL-financials_as-presented_10-K_2022-08-05_0000080424-22-000064.xlsx,Balance Sheet,FY22,us-gaap:Assets,Kept period-primary filing PG_SEC-XBRL-financials_as-presented_10-K_2022-08-05_0000080424-22-000064.xlsx
balance_sheet,us-gaap:Assets,FY22,117208.0,PG_SEC-XBRL-financials_as-presented_10-K_2023-08-04_0000080424-23-000073.xlsx,Balance Sheet,FY22,us-gaap:Assets,Kept period-primary filing PG_SEC-XBRL-financials_as-presented_10-K_2022-08-05_0000080424-22-000064.xlsx
balance_sheet,us-gaap:Assets,FY22,117715.0,PG_SEC-XBRL-financials_as-presented_10-Q_2023-01-19_0000080424-23-000014.xlsx,Balance Sheet,"December 31, 2022",us-gaap:Assets,Kept period-primary filing PG_SEC-XBRL-financials_as-presented_10-K_2022-08-05_0000080424-22-000064.xlsx
balance_sheet,us-gaap:AccountsPayableCurrent,FY22,14882.0,PG_SEC-XBRL-financials_as-presented_10-K_2022-08-05_0000080424-22-000064.xlsx,Balance Sheet,FY22,us-gaap:AccountsPayableCurrent,Kept period-primary filing PG_SEC-XBRL-financials_as-presented_10-K_2022-08-05_0000080424-22-000064.xlsx
balance_sheet,us-gaap:AccountsPayableCurrent,FY22,14882.0,PG_SEC-XBRL-financials_as-presented_10-K_2023-08-04_0000080424-23-000073.xlsx,Balance Sheet,FY22,us-gaap:AccountsPayableCurrent,Kept period-primary filing PG_SEC-XBRL-financials_as-presented_10-K_2022-08-05_0000080424-22-000064.xlsx
balance_sheet,us-gaap:AccountsPayableCurrent,FY22,14153.0,PG_SEC-XBRL-financials_as-presented_10-Q_2023-01-19_0000080424-23-000014.xlsx,Balance Sheet,"December 31, 2022",us-gaap:AccountsPayableCurrent,Kept period-primary filing PG_SEC-XBRL-financials_as-presented_10-K_2022-08-05_0000080424-22-000064.xlsx
balance_sheet,us-gaap:AccruedLiabilitiesCurrent,FY22,9554.0,PG_SEC-XBRL-financials_as-presented_10-K_2022-08-05_0000080424-22-000064.xlsx,Balance Sheet,FY22,us-gaap:AccruedLiabilitiesCurrent,Kept period-primary filing PG_SEC-XBRL-financials_as-presented_10-K_2022-08-05_0000080424-22-000064.xlsx
balance_sheet,us-gaap:AccruedLiabilitiesCurrent,FY22,9554.0,PG_SEC-XBRL-financials_as-presented_10-K_2023-08-04_0000080424-23-000073.xlsx,Balance Sheet,FY22,us-gaap:AccruedLiabilitiesCurrent,Kept period-primary filing PG_SEC-XBRL-financials_as-presented_10-K_2022-08-05_0000080424-22-000064.xlsx
balance_sheet,us-gaap:AccruedLiabilitiesCurrent,FY22,10293.0,PG_SEC-XBRL-financials_as-presented_10-Q_2023-01-19_0000080424-23-000014.xlsx,Balance Sheet,"December 31, 2022",us-gaap:AccruedLiabilitiesCurrent,Kept period-primary filing PG_SEC-XBRL-financials_as-presented_10-K_2022-08-05_0000080424-22-000064.xlsx
balance_sheet,us-gaap:DebtCurrent,FY22,8645.0,PG_SEC-XBRL-financials_as-presented_10-K_2022-08-05_0000080424-22-000064.xlsx,Balance Sheet,FY22,us-gaap:DebtCurrent,Kept period-primary filing PG_SEC-XBRL-financials_as-presented_10-K_2022-08-05_0000080424-22-000064.xlsx
balance_sheet,us-gaap:DebtCurrent,FY22,8645.0,PG_SEC-XBRL-financials_as-presented_10-K_2023-08-04_0000080424-23-000073.xlsx,Balance Sheet,FY22,us-gaap:DebtCurrent,Kept period-primary filing PG_SEC-XBRL-financials_as-presented_10-K_2022-08-05_0000080424-22-000064.xlsx
balance_sheet,us-gaap:DebtCurrent,FY22,14300.0,PG_SEC-XBRL-financials_as-presented_10-Q_2023-01-19_0000080424-23-000014.xlsx,Balance Sheet,"December 31, 2022",us-gaap:DebtCurrent,Kept period-primary filing PG_SEC-XBRL-financials_as-presented_10-K_2022-08-05_0000080424-22-000064.xlsx
balance_sheet,us-gaap:LiabilitiesCurrent,FY22,33081.0,PG_SEC-XBRL-financials_as-presented_10-K_2022-08-05_0000080424-22-000064.xlsx,Balance Sheet,FY22,us-gaap:LiabilitiesCurrent,Kept period-primary filing PG_SEC-XBRL-financials_as-presented_10-K_2022-08-05_0000080424-22-000064.xlsx
balance_sheet,us-gaap:LiabilitiesCurrent,FY22,33081.0,PG_SEC-XBRL-financials_as-presented_10-K_2023-08-04_0000080424-23-000073.xlsx,Balance Sheet,FY22,us-gaap:LiabilitiesCurrent,Kept period-primary filing PG_SEC-XBRL-financials_as-presented_10-K_2022-08-05_0000080424-22-000064.xlsx
balance_sheet,us-gaap:LiabilitiesCurrent,FY22,38746.0,PG_SEC-XBRL-financials_as-presented_10-Q_2023-01-19_0000080424-23-000014.xlsx,Balance Sheet,"December 31, 2022",us-gaap:LiabilitiesCurrent,Kept period-primary filing PG_SEC-XBRL-financials_as-presented_10-K_2022-08-05_0000080424-22-000064.xlsx
balance_sheet,us-gaap:LongTermDebtNoncurrent,FY22,22848.0,PG_SEC-XBRL-financials_as-presented_10-K_2022-08-05_0000080424-22-000064.xlsx,Balance Sheet,FY22,us-gaap:LongTermDebtNoncurrent,Kept period-primary filing PG_SEC-XBRL-financials_as-presented_10-K_2022-08-05_0000080424-22-000064.xlsx
balance_sheet,us-gaap:LongTermDebtNoncurrent,FY22,22848.0,PG_SEC-XBRL-financials_as-presented_10-K_2023-08-04_0000080424-23-000073.xlsx,Balance Sheet,FY22,us-gaap:LongTermDebtNoncurrent,Kept period-primary filing PG_SEC-XBRL-financials_as-presented_10-K_2022-08-05_0000080424-22-000064.xlsx
balance_sheet,us-gaap:LongTermDebtNoncurrent,FY22,20582.0,PG_SEC-XBRL-financials_as-presented_10-Q_2023-01-19_0000080424-23-000014.xlsx,Balance Sheet,"December 31, 2022",us-gaap:LongTermDebtNoncurrent,Kept period-primary filing PG_SEC-XBRL-financials_as-presented_10-K_2022-08-05_0000080424-22-000064.xlsx
balance_sheet,us-gaap:DeferredIncomeTaxLiabilitiesNet,FY22,6809.0,PG_SEC-XBRL-financials_as-presented_10-K_2022-08-05_0000080424-22-000064.xlsx,Balance Sheet,FY22,us-gaap:DeferredIncomeTaxLiabilitiesNet,Kept period-primary filing PG_SEC-XBRL-financials_as-presented_10-K_2022-08-05_0000080424-22-000064.xlsx
balance_sheet,us-gaap:DeferredIncomeTaxLiabilitiesNet,FY22,6809.0,PG_SEC-XBRL-financials_as-presented_10-K_2023-08-04_0000080424-23-000073.xlsx,Balance Sheet,FY22,us-gaap:DeferredIncomeTaxLiabilitiesNet,Kept period-primary filing PG_SEC-XBRL-financials_as-presented_10-K_2022-08-05_0000080424-22-000064.xlsx
balance_sheet,us-gaap:DeferredIncomeTaxLiabilitiesNet,FY22,6462.0,PG_SEC-XBRL-financials_as-presented_10-Q_2023-01-19_0000080424-23-000014.xlsx,Balance Sheet,"December 31, 2022",us-gaap:DeferredIncomeTaxLiabilitiesNet,Kept period-primary filing PG_SEC-XBRL-financials_as-presented_10-K_2022-08-05_0000080424-22-000064.xlsx
balance_sheet,us-gaap:OtherLiabilitiesNoncurrent,FY22,7616.0,PG_SEC-XBRL-financials_as-presented_10-K_2022-08-05_0000080424-22-000064.xlsx,Balance Sheet,FY22,us-gaap:OtherLiabilitiesNoncurrent,Kept period-primary filing PG_SEC-XBRL-financials_as-presented_10-K_2022-08-05_0000080424-22-000064.xlsx
balance_sheet,us-gaap:OtherLiabilitiesNoncurrent,FY22,7616.0,PG_SEC-XBRL-financials_as-presented_10-K_2023-08-04_0000080424-23-000073.xlsx,Balance Sheet,FY22,us-gaap:OtherLiabilitiesNoncurrent,Kept period-primary filing PG_SEC-XBRL-financials_as-presented_10-K_2022-08-05_0000080424-22-000064.xlsx
balance_sheet,us-gaap:OtherLiabilitiesNoncurrent,FY22,7200.0,PG_SEC-XBRL-financials_as-presented_10-Q_2023-01-19_0000080424-23-000014.xlsx,Balance Sheet,"December 31, 2022",us-gaap:OtherLiabilitiesNoncurrent,Kept period-primary filing PG_SEC-XBRL-financials_as-presented_10-K_2022-08-05_0000080424-22-000064.xlsx
balance_sheet,us-gaap:Liabilities,FY22,70354.0,PG_SEC-XBRL-financials_as-presented_10-K_2022-08-05_0000080424-22-000064.xlsx,Balance Sheet,FY22,us-gaap:Liabilities,Kept period-primary filing PG_SEC-XBRL-financials_as-presented_10-K_2022-08-05_0000080424-22-000064.xlsx
balance_sheet,us-gaap:Liabilities,FY22,70354.0,PG_SEC-XBRL-financials_as-presented_10-K_2023-08-04_0000080424-23-000073.xlsx,Balance Sheet,FY22,us-gaap:Liabilities,Kept period-primary filing PG_SEC-XBRL-financials_as-presented_10-K_2022-08-05_0000080424-22-000064.xlsx
balance_sheet,us-gaap:Liabilities,FY22,72990.0,PG_SEC-XBRL-financials_as-presented_10-Q_2023-01-19_0000080424-23-000014.xlsx,Balance Sheet,"December 31, 2022",us-gaap:Liabilities,Kept period-primary filing PG_SEC-XBRL-financials_as-presented_10-K_2022-08-05_0000080424-22-000064.xlsx
balance_sheet,us-gaap:AdditionalPaidInCapital,FY22,65795.0,PG_SEC-XBRL-financials_as-presented_10-K_2022-08-05_0000080424-22-000064.xlsx,Balance Sheet,FY22,us-gaap:AdditionalPaidInCapital,Kept period-primary filing PG_SEC-XBRL-financials_as-presented_10-K_2022-08-05_0000080424-22-000064.xlsx
balance_sheet,us-gaap:AdditionalPaidInCapital,FY22,65795.0,PG_SEC-XBRL-financials_as-presented_10-K_2023-08-04_0000080424-23-000073.xlsx,Balance Sheet,FY22,us-gaap:AdditionalPaidInCapital,Kept period-primary filing PG_SEC-XBRL-financials_as-presented_10-K_2022-08-05_0000080424-22-000064.xlsx
balance_sheet,us-gaap:AdditionalPaidInCapital,FY22,66145.0,PG_SEC-XBRL-financials_as-presented_10-Q_2023-01-19_0000080424-23-000014.xlsx,Balance Sheet,"December 31, 2022",us-gaap:AdditionalPaidInCapital,Kept period-primary filing PG_SEC-XBRL-financials_as-presented_10-K_2022-08-05_0000080424-22-000064.xlsx
balance_sheet,pg:ReserveForEsopDebtRetirement,FY22,-916.0,PG_SEC-XBRL-financials_as-presented_10-K_2022-08-05_0000080424-22-000064.xlsx,Balance Sheet,FY22,pg:ReserveForEsopDebtRetirement,Kept period-primary filing PG_SEC-XBRL-financials_as-presented_10-K_2022-08-05_0000080424-22-000064.xlsx
balance_sheet,pg:ReserveForEsopDebtRetirement,FY22,-916.0,PG_SEC-XBRL-financials_as-presented_10-K_2023-08-04_0000080424-23-000073.xlsx,Balance Sheet,FY22,pg:ReserveForEsopDebtRetirement,Kept period-primary filing PG_SEC-XBRL-financials_as-presented_10-K_2022-08-05_0000080424-22-000064.xlsx
balance_sheet,pg:ReserveForEsopDebtRetirement,FY22,-870.0,PG_SEC-XBRL-financials_as-presented_10-Q_2023-01-19_0000080424-23-000014.xlsx,Balance Sheet,"December 31, 2022",pg:ReserveForEsopDebtRetirement,Kept period-primary filing PG_SEC-XBRL-financials_as-presented_10-K_2022-08-05_0000080424-22-000064.xlsx
balance_sheet,us-gaap:AccumulatedOtherComprehensiveIncomeLossNetOfTax,FY22,-12189.0,PG_SEC-XBRL-financials_as-presented_10-K_2022-08-05_0000080424-22-000064.xlsx,Balance Sheet,FY22,us-gaap:AccumulatedOtherComprehensiveIncomeLossNetOfTax,Kept period-primary filing PG_SEC-XBRL-financials_as-presented_10-K_2022-08-05_0000080424-22-000064.xlsx
balance_sheet,us-gaap:AccumulatedOtherComprehensiveIncomeLossNetOfTax,FY22,-12189.0,PG_SEC-XBRL-financials_as-presented_10-K_2023-08-04_0000080424-23-000073.xlsx,Balance Sheet,FY22,us-gaap:AccumulatedOtherComprehensiveIncomeLossNetOfTax,Kept period-primary filing PG_SEC-XBRL-financials_as-presented_10-K_2022-08-05_0000080424-22-000064.xlsx
balance_sheet,us-gaap:AccumulatedOtherComprehensiveIncomeLossNetOfTax,FY22,-12506.0,PG_SEC-XBRL-financials_as-presented_10-Q_2023-01-19_0000080424-23-000014.xlsx,Balance Sheet,"December 31, 2022",us-gaap:AccumulatedOtherComprehensiveIncomeLossNetOfTax,Kept period-primary filing PG_SEC-XBRL-financials_as-presented_10-K_2022-08-05_0000080424-22-000064.xlsx
balance_sheet,us-gaap:TreasuryStockCommonShares,FY22,-123382.0,PG_SEC-XBRL-financials_as-presented_10-K_2022-08-05_0000080424-22-000064.xlsx,Balance Sheet,FY22,us-gaap:TreasuryStockShares,Kept period-primary filing PG_SEC-XBRL-financials_as-presented_10-K_2022-08-05_0000080424-22-000064.xlsx
balance_sheet,us-gaap:TreasuryStockCommonShares,FY22,-123382.0,PG_SEC-XBRL-financials_as-presented_10-K_2023-08-04_0000080424-23-000073.xlsx,Balance Sheet,FY22,us-gaap:TreasuryStockShares,Kept period-primary filing PG_SEC-XBRL-financials_as-presented_10-K_2022-08-05_0000080424-22-000064.xlsx
balance_sheet,us-gaap:TreasuryStockCommonShares,FY22,-129012.0,PG_SEC-XBRL-financials_as-presented_10-Q_2023-01-19_0000080424-23-000014.xlsx,Balance Sheet,"December 31, 2022",us-gaap:TreasuryStockValue,Kept period-primary filing PG_SEC-XBRL-financials_as-presented_10-K_2022-08-05_0000080424-22-000064.xlsx
balance_sheet,us-gaap:RetainedEarningsAccumulatedDeficit,FY22,112429.0,PG_SEC-XBRL-financials_as-presented_10-K_2022-08-05_0000080424-22-000064.xlsx,Balance Sheet,FY22,us-gaap:RetainedEarningsAccumulatedDeficit,Kept period-primary filing PG_SEC-XBRL-financials_as-presented_10-K_2022-08-05_0000080424-22-000064.xlsx
balance_sheet,us-gaap:RetainedEarningsAccumulatedDeficit,FY22,112429.0,PG_SEC-XBRL-financials_as-presented_10-K_2023-08-04_0000080424-23-000073.xlsx,Balance Sheet,FY22,us-gaap:RetainedEarningsAccumulatedDeficit,Kept period-primary filing PG_SEC-XBRL-financials_as-presented_10-K_2022-08-05_0000080424-22-000064.xlsx
balance_sheet,us-gaap:RetainedEarningsAccumulatedDeficit,FY22,115858.0,PG_SEC-XBRL-financials_as-presented_10-Q_2023-01-19_0000080424-23-000014.xlsx,Balance Sheet,"December 31, 2022",us-gaap:RetainedEarningsAccumulatedDeficit,Kept period-primary filing PG_SEC-XBRL-financials_as-presented_10-K_2022-08-05_0000080424-22-000064.xlsx
balance_sheet,us-gaap:MinorityInterest,FY22,265.0,PG_SEC-XBRL-financials_as-presented_10-K_2022-08-05_0000080424-22-000064.xlsx,Balance Sheet,FY22,us-gaap:MinorityInterest,Kept period-primary filing PG_SEC-XBRL-financials_as-presented_10-K_2022-08-05_0000080424-22-000064.xlsx
balance_sheet,us-gaap:MinorityInterest,FY22,265.0,PG_SEC-XBRL-financials_as-presented_10-K_2023-08-04_0000080424-23-000073.xlsx,Balance Sheet,FY22,us-gaap:MinorityInterest,Kept period-primary filing PG_SEC-XBRL-financials_as-presented_10-K_2022-08-05_0000080424-22-000064.xlsx
balance_sheet,us-gaap:MinorityInterest,FY22,270.0,PG_SEC-XBRL-financials_as-presented_10-Q_2023-01-19_0000080424-23-000014.xlsx,Balance Sheet,"December 31, 2022",us-gaap:MinorityInterest,Kept period-primary filing PG_SEC-XBRL-financials_as-presented_10-K_2022-08-05_0000080424-22-000064.xlsx
balance_sheet,us-gaap:StockholdersEquityIncludingPortionAttributableToNoncontrollingInterest,FY22,46854.0,PG_SEC-XBRL-financials_as-presented_10-K_2022-08-05_0000080424-22-000064.xlsx,Balance Sheet,FY22,us-gaap:StockholdersEquityIncludingPortionAttributableToNoncontrollingInterest,Kept period-primary filing PG_SEC-XBRL-financials_as-presented_10-K_2022-08-05_0000080424-22-000064.xlsx
balance_sheet,us-gaap:StockholdersEquityIncludingPortionAttributableToNoncontrollingInterest,FY22,46854.0,PG_SEC-XBRL-financials_as-presented_10-K_2023-08-04_0000080424-23-000073.xlsx,Balance Sheet,FY22,us-gaap:StockholdersEquityIncludingPortionAttributableToNoncontrollingInterest,Kept period-primary filing PG_SEC-XBRL-financials_as-presented_10-K_2022-08-05_0000080424-22-000064.xlsx
balance_sheet,us-gaap:StockholdersEquityIncludingPortionAttributableToNoncontrollingInterest,FY22,44725.0,PG_SEC-XBRL-financials_as-presented_10-Q_2023-01-19_0000080424-23-000014.xlsx,Balance Sheet,"December 31, 2022",us-gaap:StockholdersEquityIncludingPortionAttributableToNoncontrollingInterest,Kept period-primary filing PG_SEC-XBRL-financials_as-presented_10-K_2022-08-05_0000080424-22-000064.xlsx
balance_sheet,us-gaap:LiabilitiesAndStockholdersEquity,FY22,117208.0,PG_SEC-XBRL-financials_as-presented_10-K_2022-08-05_0000080424-22-000064.xlsx,Balance Sheet,FY22,us-gaap:LiabilitiesAndStockholdersEquity,Kept period-primary filing PG_SEC-XBRL-financials_as-presented_10-K_2022-08-05_0000080424-22-000064.xlsx
balance_sheet,us-gaap:LiabilitiesAndStockholdersEquity,FY22,117208.0,PG_SEC-XBRL-financials_as-presented_10-K_2023-08-04_0000080424-23-000073.xlsx,Balance Sheet,FY22,us-gaap:LiabilitiesAndStockholdersEquity,Kept period-primary filing PG_SEC-XBRL-financials_as-presented_10-K_2022-08-05_0000080424-22-000064.xlsx
balance_sheet,us-gaap:LiabilitiesAndStockholdersEquity,FY22,117715.0,PG_SEC-XBRL-financials_as-presented_10-Q_2023-01-19_0000080424-23-000014.xlsx,Balance Sheet,"December 31, 2022",us-gaap:LiabilitiesAndStockholdersEquity,Kept period-primary filing PG_SEC-XBRL-financials_as-presented_10-K_2022-08-05_0000080424-22-000064.xlsx
balance_sheet,us-gaap:CashCashEquivalentsRestrictedCashAndRestrictedCashEquivalents,FY23,8246.0,PG_SEC-XBRL-financials_as-presented_10-K_2023-08-04_0000080424-23-000073.xlsx,Balance Sheet,FY23,us-gaap:CashCashEquivalentsRestrictedCashAndRestrictedCashEquivalents,Kept period-primary filing PG_SEC-XBRL-financials_as-presented_10-K_2023-08-04_0000080424-23-000073.xlsx
balance_sheet,us-gaap:CashCashEquivalentsRestrictedCashAndRestrictedCashEquivalents,FY23,8246.0,PG_SEC-XBRL-financials_as-presented_10-K_2024-08-05_0000080424-24-000083.xlsx,Balance Sheet,FY23,us-gaap:CashCashEquivalentsRestrictedCashAndRestrictedCashEquivalents,Kept period-primary filing PG_SEC-XBRL-financials_as-presented_10-K_2023-08-04_0000080424-23-000073.xlsx
balance_sheet,us-gaap:CashCashEquivalentsRestrictedCashAndRestrictedCashEquivalents,FY23,7890.0,PG_SEC-XBRL-financials_as-presented_10-Q_2024-01-23_0000080424-24-000018.xlsx,Balance Sheet,"December 31, 2023",us-gaap:CashCashEquivalentsRestrictedCashAndRestrictedCashEquivalents,Kept period-primary filing PG_SEC-XBRL-financials_as-presented_10-K_2023-08-04_0000080424-23-000073.xlsx
balance_sheet,us-gaap:AccountsReceivableNetCurrent,FY23,5471.0,PG_SEC-XBRL-financials_as-presented_10-K_2023-08-04_0000080424-23-000073.xlsx,Balance Sheet,FY23,us-gaap:AccountsReceivableNetCurrent,Kept period-primary filing PG_SEC-XBRL-financials_as-presented_10-K_2023-08-04_0000080424-23-000073.xlsx
balance_sheet,us-gaap:AccountsReceivableNetCurrent,FY23,5471.0,PG_SEC-XBRL-financials_as-presented_10-K_2024-08-05_0000080424-24-000083.xlsx,Balance Sheet,FY23,us-gaap:AccountsReceivableNetCurrent,Kept period-primary filing PG_SEC-XBRL-financials_as-presented_10-K_2023-08-04_0000080424-23-000073.xlsx
balance_sheet,us-gaap:AccountsReceivableNetCurrent,FY23,6334.0,PG_SEC-XBRL-financials_as-presented_10-Q_2024-01-23_0000080424-24-000018.xlsx,Balance Sheet,"December 31, 2023",us-gaap:AccountsReceivableNetCurrent,Kept period-primary filing PG_SEC-XBRL-financials_as-presented_10-K_2023-08-04_0000080424-23-000073.xlsx
balance_sheet,us-gaap:InventoryRawMaterialsAndSuppliesNetOfReserves,FY23,1863.0,PG_SEC-XBRL-financials_as-presented_10-K_2023-08-04_0000080424-23-000073.xlsx,Balance Sheet,FY23,us-gaap:InventoryRawMaterialsAndSuppliesNetOfReserves,Kept period-primary filing PG_SEC-XBRL-financials_as-presented_10-K_2023-08-04_0000080424-23-000073.xlsx
balance_sheet,us-gaap:InventoryRawMaterialsAndSuppliesNetOfReserves,FY23,1863.0,PG_SEC-XBRL-financials_as-presented_10-K_2024-08-05_0000080424-24-000083.xlsx,Balance Sheet,FY23,us-gaap:InventoryRawMaterialsAndSuppliesNetOfReserves,Kept period-primary filing PG_SEC-XBRL-financials_as-presented_10-K_2023-08-04_0000080424-23-000073.xlsx
balance_sheet,us-gaap:InventoryRawMaterialsAndSuppliesNetOfReserves,FY23,1780.0,PG_SEC-XBRL-financials_as-presented_10-Q_2024-01-23_0000080424-24-000018.xlsx,Balance Sheet,"December 31, 2023",us-gaap:InventoryRawMaterialsAndSuppliesNetOfReserves,Kept period-primary filing PG_SEC-XBRL-financials_as-presented_10-K_2023-08-04_0000080424-23-000073.xlsx
balance_sheet,us-gaap:InventoryWorkInProcessNetOfReserves,FY23,956.0,PG_SEC-XBRL-financials_as-presented_10-K_2023-08-04_0000080424-23-000073.xlsx,Balance Sheet,FY23,us-gaap:InventoryWorkInProcessNetOfReserves,Kept period-primary filing PG_SEC-XBRL-financials_as-presented_10-K_2023-08-04_0000080424-23-000073.xlsx
balance_sheet,us-gaap:InventoryWorkInProcessNetOfReserves,FY23,956.0,PG_SEC-XBRL-financials_as-presented_10-K_2024-08-05_0000080424-24-000083.xlsx,Balance Sheet,FY23,us-gaap:InventoryWorkInProcessNetOfReserves,Kept period-primary filing PG_SEC-XBRL-financials_as-presented_10-K_2023-08-04_0000080424-23-000073.xlsx
balance_sheet,us-gaap:InventoryWorkInProcessNetOfReserves,FY23,962.0,PG_SEC-XBRL-financials_as-presented_10-Q_2024-01-23_0000080424-24-000018.xlsx,Balance Sheet,"December 31, 2023",us-gaap:InventoryWorkInProcessNetOfReserves,Kept period-primary filing PG_SEC-XBRL-financials_as-presented_10-K_2023-08-04_0000080424-23-000073.xlsx
balance_sheet,us-gaap:InventoryFinishedGoodsNetOfReserves,FY23,4254.0,PG_SEC-XBRL-financials_as-presented_10-K_2023-08-04_0000080424-23-000073.xlsx,Balance Sheet,FY23,us-gaap:InventoryFinishedGoodsNetOfReserves,Kept period-primary filing PG_SEC-XBRL-financials_as-presented_10-K_2023-08-04_0000080424-23-000073.xlsx
balance_sheet,us-gaap:InventoryFinishedGoodsNetOfReserves,FY23,4254.0,PG_SEC-XBRL-financials_as-presented_10-K_2024-08-05_0000080424-24-000083.xlsx,Balance Sheet,FY23,us-gaap:InventoryFinishedGoodsNetOfReserves,Kept period-primary filing PG_SEC-XBRL-financials_as-presented_10-K_2023-08-04_0000080424-23-000073.xlsx
balance_sheet,us-gaap:InventoryFinishedGoodsNetOfReserves,FY23,4410.0,PG_SEC-XBRL-financials_as-presented_10-Q_2024-01-23_0000080424-24-000018.xlsx,Balance Sheet,"December 31, 2023",us-gaap:InventoryFinishedGoodsNetOfReserves,Kept period-primary filing PG_SEC-XBRL-financials_as-presented_10-K_2023-08-04_0000080424-23-000073.xlsx
balance_sheet,us-gaap:InventoryNet,FY23,7073.0,PG_SEC-XBRL-financials_as-presented_10-K_2023-08-04_0000080424-23-000073.xlsx,Balance Sheet,FY23,us-gaap:InventoryNet,Kept period-primary filing PG_SEC-XBRL-financials_as-presented_10-K_2023-08-04_0000080424-23-000073.xlsx
balance_sheet,us-gaap:InventoryNet,FY23,7073.0,PG_SEC-XBRL-financials_as-presented_10-K_2024-08-05_0000080424-24-000083.xlsx,Balance Sheet,FY23,us-gaap:InventoryNet,Kept period-primary filing PG_SEC-XBRL-financials_as-presented_10-K_2023-08-04_0000080424-23-000073.xlsx
balance_sheet,us-gaap:InventoryNet,FY23,7151.0,PG_SEC-XBRL-financials_as-presented_10-Q_2024-01-23_0000080424-24-000018.xlsx,Balance Sheet,"December 31, 2023",us-gaap:InventoryNet,Kept period-primary filing PG_SEC-XBRL-financials_as-presented_10-K_2023-08-04_0000080424-23-000073.xlsx
balance_sheet,us-gaap:PrepaidExpenseAndOtherAssetsCurrent,FY23,1858.0,PG_SEC-XBRL-financials_as-presented_10-K_2023-08-04_0000080424-23-000073.xlsx,Balance Sheet,FY23,us-gaap:PrepaidExpenseAndOtherAssetsCurrent,Kept period-primary filing PG_SEC-XBRL-financials_as-presented_10-K_2023-08-04_0000080424-23-000073.xlsx
balance_sheet,us-gaap:PrepaidExpenseAndOtherAssetsCurrent,FY23,1858.0,PG_SEC-XBRL-financials_as-presented_10-K_2024-08-05_0000080424-24-000083.xlsx,Balance Sheet,FY23,us-gaap:PrepaidExpenseAndOtherAssetsCurrent,Kept period-primary filing PG_SEC-XBRL-financials_as-presented_10-K_2023-08-04_0000080424-23-000073.xlsx
balance_sheet,us-gaap:PrepaidExpenseAndOtherAssetsCurrent,FY23,1736.0,PG_SEC-XBRL-financials_as-presented_10-Q_2024-01-23_0000080424-24-000018.xlsx,Balance Sheet,"December 31, 2023",us-gaap:PrepaidExpenseAndOtherAssetsCurrent,Kept period-primary filing PG_SEC-XBRL-financials_as-presented_10-K_2023-08-04_0000080424-23-000073.xlsx
balance_sheet,us-gaap:AssetsCurrent,FY23,22648.0,PG_SEC-XBRL-financials_as-presented_10-K_2023-08-04_0000080424-23-000073.xlsx,Balance Sheet,FY23,us-gaap:AssetsCurrent,Kept period-primary filing PG_SEC-XBRL-financials_as-presented_10-K_2023-08-04_0000080424-23-000073.xlsx
balance_sheet,us-gaap:AssetsCurrent,FY23,22648.0,PG_SEC-XBRL-financials_as-presented_10-K_2024-08-05_0000080424-24-000083.xlsx,Balance Sheet,FY23,us-gaap:AssetsCurrent,Kept period-primary filing PG_SEC-XBRL-financials_as-presented_10-K_2023-08-04_0000080424-23-000073.xlsx
balance_sheet,us-gaap:AssetsCurrent,FY23,23111.0,PG_SEC-XBRL-financials_as-presented_10-Q_2024-01-23_0000080424-24-000018.xlsx,Balance Sheet,"December 31, 2023",us-gaap:AssetsCurrent,Kept period-primary filing PG_SEC-XBRL-financials_as-presented_10-K_2023-08-04_0000080424-23-000073.xlsx
balance_sheet,us-gaap:PropertyPlantAndEquipmentNet,FY23,21909.0,PG_SEC-XBRL-financials_as-presented_10-K_2023-08-04_0000080424-23-000073.xlsx,Balance Sheet,FY23,us-gaap:PropertyPlantAndEquipmentNet,Kept period-primary filing PG_SEC-XBRL-financials_as-presented_10-K_2023-08-04_0000080424-23-000073.xlsx
balance_sheet,us-gaap:PropertyPlantAndEquipmentNet,FY23,21909.0,PG_SEC-XBRL-financials_as-presented_10-K_2024-08-05_0000080424-24-000083.xlsx,Balance Sheet,FY23,us-gaap:PropertyPlantAndEquipmentNet,Kept period-primary filing PG_SEC-XBRL-financials_as-presented_10-K_2023-08-04_0000080424-23-000073.xlsx
balance_sheet,us-gaap:PropertyPlantAndEquipmentNet,FY23,22132.0,PG_SEC-XBRL-financials_as-presented_10-Q_2024-01-23_0000080424-24-000018.xlsx,Balance Sheet,"December 31, 2023",us-gaap:PropertyPlantAndEquipmentNet,Kept period-primary filing PG_SEC-XBRL-financials_as-presented_10-K_2023-08-04_0000080424-23-000073.xlsx
balance_sheet,us-gaap:Goodwill,FY23,40659.0,PG_SEC-XBRL-financials_as-presented_10-K_2023-08-04_0000080424-23-000073.xlsx,Balance Sheet,FY23,us-gaap:Goodwill,Kept period-primary filing PG_SEC-XBRL-financials_as-presented_10-K_2023-08-04_0000080424-23-000073.xlsx
balance_sheet,us-gaap:Goodwill,FY23,40659.0,PG_SEC-XBRL-financials_as-presented_10-K_2024-08-05_0000080424-24-000083.xlsx,Balance Sheet,FY23,us-gaap:Goodwill,Kept period-primary filing PG_SEC-XBRL-financials_as-presented_10-K_2023-08-04_0000080424-23-000073.xlsx
balance_sheet,us-gaap:Goodwill,FY23,40916.0,PG_SEC-XBRL-financials_as-presented_10-Q_2024-01-23_0000080424-24-000018.xlsx,Balance Sheet,"December 31, 2023",us-gaap:Goodwill,Kept period-primary filing PG_SEC-XBRL-financials_as-presented_10-K_2023-08-04_0000080424-23-000073.xlsx
balance_sheet,us-gaap:IntangibleAssetsNetExcludingGoodwill,FY23,23783.0,PG_SEC-XBRL-financials_as-presented_10-K_2023-08-04_0000080424-23-000073.xlsx,Balance Sheet,FY23,us-gaap:IntangibleAssetsNetExcludingGoodwill,Kept period-primary filing PG_SEC-XBRL-financials_as-presented_10-K_2023-08-04_0000080424-23-000073.xlsx
balance_sheet,us-gaap:IntangibleAssetsNetExcludingGoodwill,FY23,23783.0,PG_SEC-XBRL-financials_as-presented_10-K_2024-08-05_0000080424-24-000083.xlsx,Balance Sheet,FY23,us-gaap:IntangibleAssetsNetExcludingGoodwill,Kept period-primary filing PG_SEC-XBRL-financials_as-presented_10-K_2023-08-04_0000080424-23-000073.xlsx
balance_sheet,us-gaap:IntangibleAssetsNetExcludingGoodwill,FY23,22302.0,PG_SEC-XBRL-financials_as-presented_10-Q_2024-01-23_0000080424-24-000018.xlsx,Balance Sheet,"December 31, 2023",us-gaap:IntangibleAssetsNetExcludingGoodwill,Kept period-primary filing PG_SEC-XBRL-financials_as-presented_10-K_2023-08-04_0000080424-23-000073.xlsx
balance_sheet,us-gaap:OtherAssetsNoncurrent,FY23,11830.0,PG_SEC-XBRL-financials_as-presented_10-K_2023-08-04_0000080424-23-000073.xlsx,Balance Sheet,FY23,us-gaap:OtherAssetsNoncurrent,Kept period-primary filing PG_SEC-XBRL-financials_as-presented_10-K_2023-08-04_0000080424-23-000073.xlsx
balance_sheet,us-gaap:OtherAssetsNoncurrent,FY23,11830.0,PG_SEC-XBRL-financials_as-presented_10-K_2024-08-05_0000080424-24-000083.xlsx,Balance Sheet,FY23,us-gaap:OtherAssetsNoncurrent,Kept period-primary filing PG_SEC-XBRL-financials_as-presented_10-K_2023-08-04_0000080424-23-000073.xlsx
balance_sheet,us-gaap:OtherAssetsNoncurrent,FY23,12248.0,PG_SEC-XBRL-financials_as-presented_10-Q_2024-01-23_0000080424-24-000018.xlsx,Balance Sheet,"December 31, 2023",us-gaap:OtherAssetsNoncurrent,Kept period-primary filing PG_SEC-XBRL-financials_as-presented_10-K_2023-08-04_0000080424-23-000073.xlsx
balance_sheet,us-gaap:Assets,FY23,120829.0,PG_SEC-XBRL-financials_as-presented_10-K_2023-08-04_0000080424-23-000073.xlsx,Balance Sheet,FY23,us-gaap:Assets,Kept period-primary filing PG_SEC-XBRL-financials_as-presented_10-K_2023-08-04_0000080424-23-000073.xlsx
balance_sheet,us-gaap:Assets,FY23,120829.0,PG_SEC-XBRL-financials_as-presented_10-K_2024-08-05_0000080424-24-000083.xlsx,Balance Sheet,FY23,us-gaap:Assets,Kept period-primary filing PG_SEC-XBRL-financials_as-presented_10-K_2023-08-04_0000080424-23-000073.xlsx
balance_sheet,us-gaap:Assets,FY23,120709.0,PG_SEC-XBRL-financials_as-presented_10-Q_2024-01-23_0000080424-24-000018.xlsx,Balance Sheet,"December 31, 2023",us-gaap:Assets,Kept period-primary filing PG_SEC-XBRL-financials_as-presented_10-K_2023-08-04_0000080424-23-000073.xlsx
balance_sheet,us-gaap:AccountsPayableCurrent,FY23,14598.0,PG_SEC-XBRL-financials_as-presented_10-K_2023-08-04_0000080424-23-000073.xlsx,Balance Sheet,FY23,us-gaap:AccountsPayableCurrent,Kept period-primary filing PG_SEC-XBRL-financials_as-presented_10-K_2023-08-04_0000080424-23-000073.xlsx
balance_sheet,us-gaap:AccountsPayableCurrent,FY23,14598.0,PG_SEC-XBRL-financials_as-presented_10-K_2024-08-05_0000080424-24-000083.xlsx,Balance Sheet,FY23,us-gaap:AccountsPayableCurrent,Kept period-primary filing PG_SEC-XBRL-financials_as-presented_10-K_2023-08-04_0000080424-23-000073.xlsx
balance_sheet,us-gaap:AccountsPayableCurrent,FY23,14234.0,PG_SEC-XBRL-financials_as-presented_10-Q_2024-01-23_0000080424-24-000018.xlsx,Balance Sheet,"December 31, 2023",us-gaap:AccountsPayableCurrent,Kept period-primary filing PG_SEC-XBRL-financials_as-presented_10-K_2023-08-04_0000080424-23-000073.xlsx
balance_sheet,us-gaap:AccruedLiabilitiesCurrent,FY23,10929.0,PG_SEC-XBRL-financials_as-presented_10-K_2023-08-04_0000080424-23-000073.xlsx,Balance Sheet,FY23,us-gaap:AccruedLiabilitiesCurrent,Kept period-primary filing PG_SEC-XBRL-financials_as-presented_10-K_2023-08-04_0000080424-23-000073.xlsx
balance_sheet,us-gaap:AccruedLiabilitiesCurrent,FY23,10929.0,PG_SEC-XBRL-financials_as-presented_10-K_2024-08-05_0000080424-24-000083.xlsx,Balance Sheet,FY23,us-gaap:AccruedLiabilitiesCurrent,Kept period-primary filing PG_SEC-XBRL-financials_as-presented_10-K_2023-08-04_0000080424-23-000073.xlsx
balance_sheet,us-gaap:AccruedLiabilitiesCurrent,FY23,11100.0,PG_SEC-XBRL-financials_as-presented_10-Q_2024-01-23_0000080424-24-000018.xlsx,Balance Sheet,"December 31, 2023",us-gaap:AccruedLiabilitiesCurrent,Kept period-primary filing PG_SEC-XBRL-financials_as-presented_10-K_2023-08-04_0000080424-23-000073.xlsx
balance_sheet,us-gaap:DebtCurrent,FY23,10229.0,PG_SEC-XBRL-financials_as-presented_10-K_2023-08-04_0000080424-23-000073.xlsx,Balance Sheet,FY23,us-gaap:DebtCurrent,Kept period-primary filing PG_SEC-XBRL-financials_as-presented_10-K_2023-08-04_0000080424-23-000073.xlsx
balance_sheet,us-gaap:DebtCurrent,FY23,10229.0,PG_SEC-XBRL-financials_as-presented_10-K_2024-08-05_0000080424-24-000083.xlsx,Balance Sheet,FY23,us-gaap:DebtCurrent,Kept period-primary filing PG_SEC-XBRL-financials_as-presented_10-K_2023-08-04_0000080424-23-000073.xlsx
balance_sheet,us-gaap:DebtCurrent,FY23,10616.0,PG_SEC-XBRL-financials_as-presented_10-Q_2024-01-23_0000080424-24-000018.xlsx,Balance Sheet,"December 31, 2023",us-gaap:DebtCurrent,Kept period-primary filing PG_SEC-XBRL-financials_as-presented_10-K_2023-08-04_0000080424-23-000073.xlsx
balance_sheet,us-gaap:LiabilitiesCurrent,FY23,35756.0,PG_SEC-XBRL-financials_as-presented_10-K_2023-08-04_0000080424-23-000073.xlsx,Balance Sheet,FY23,us-gaap:LiabilitiesCurrent,Kept period-primary filing PG_SEC-XBRL-financials_as-presented_10-K_2023-08-04_0000080424-23-000073.xlsx
balance_sheet,us-gaap:LiabilitiesCurrent,FY23,35756.0,PG_SEC-XBRL-financials_as-presented_10-K_2024-08-05_0000080424-24-000083.xlsx,Balance Sheet,FY23,us-gaap:LiabilitiesCurrent,Kept period-primary filing PG_SEC-XBRL-financials_as-presented_10-K_2023-08-04_0000080424-23-000073.xlsx
balance_sheet,us-gaap:LiabilitiesCurrent,FY23,35950.0,PG_SEC-XBRL-financials_as-presented_10-Q_2024-01-23_0000080424-24-000018.xlsx,Balance Sheet,"December 31, 2023",us-gaap:LiabilitiesCurrent,Kept period-primary filing PG_SEC-XBRL-financials_as-presented_10-K_2023-08-04_0000080424-23-000073.xlsx
balance_sheet,us-gaap:LongTermDebtNoncurrent,FY23,24378.0,PG_SEC-XBRL-financials_as-presented_10-K_2023-08-04_0000080424-23-000073.xlsx,Balance Sheet,FY23,us-gaap:LongTermDebtNoncurrent,Kept period-primary filing PG_SEC-XBRL-financials_as-presented_10-K_2023-08-04_0000080424-23-000073.xlsx
balance_sheet,us-gaap:LongTermDebtNoncurrent,FY23,24378.0,PG_SEC-XBRL-financials_as-presented_10-K_2024-08-05_0000080424-24-000083.xlsx,Balance Sheet,FY23,us-gaap:LongTermDebtNoncurrent,Kept period-primary filing PG_SEC-XBRL-financials_as-presented_10-K_2023-08-04_0000080424-23-000073.xlsx
balance_sheet,us-gaap:LongTermDebtNoncurrent,FY23,23096.0,PG_SEC-XBRL-financials_as-presented_10-Q_2024-01-23_0000080424-24-000018.xlsx,Balance Sheet,"December 31, 2023",us-gaap:LongTermDebtNoncurrent,Kept period-primary filing PG_SEC-XBRL-financials_as-presented_10-K_2023-08-04_0000080424-23-000073.xlsx
balance_sheet,us-gaap:DeferredIncomeTaxLiabilitiesNet,FY23,6478.0,PG_SEC-XBRL-financials_as-presented_10-K_2023-08-04_0000080424-23-000073.xlsx,Balance Sheet,FY23,us-gaap:DeferredIncomeTaxLiabilitiesNet,Kept period-primary filing PG_SEC-XBRL-financials_as-presented_10-K_2023-08-04_0000080424-23-000073.xlsx
balance_sheet,us-gaap:DeferredIncomeTaxLiabilitiesNet,FY23,6478.0,PG_SEC-XBRL-financials_as-presented_10-K_2024-08-05_0000080424-24-000083.xlsx,Balance Sheet,FY23,us-gaap:DeferredIncomeTaxLiabilitiesNet,Kept period-primary filing PG_SEC-XBRL-financials_as-presented_10-K_2023-08-04_0000080424-23-000073.xlsx
balance_sheet,us-gaap:DeferredIncomeTaxLiabilitiesNet,FY23,6219.0,PG_SEC-XBRL-financials_as-presented_10-Q_2024-01-23_0000080424-24-000018.xlsx,Balance Sheet,"December 31, 2023",us-gaap:DeferredIncomeTaxLiabilitiesNet,Kept period-primary filing PG_SEC-XBRL-financials_as-presented_10-K_2023-08-04_0000080424-23-000073.xlsx
balance_sheet,us-gaap:OtherLiabilitiesNoncurrent,FY23,7152.0,PG_SEC-XBRL-financials_as-presented_10-K_2023-08-04_0000080424-23-000073.xlsx,Balance Sheet,FY23,us-gaap:OtherLiabilitiesNoncurrent,Kept period-primary filing PG_SEC-XBRL-financials_as-presented_10-K_2023-08-04_0000080424-23-000073.xlsx
balance_sheet,us-gaap:OtherLiabilitiesNoncurrent,FY23,7152.0,PG_SEC-XBRL-financials_as-presented_10-K_2024-08-05_0000080424-24-000083.xlsx,Balance Sheet,FY23,us-gaap:OtherLiabilitiesNoncurrent,Kept period-primary filing PG_SEC-XBRL-financials_as-presented_10-K_2023-08-04_0000080424-23-000073.xlsx
balance_sheet,us-gaap:OtherLiabilitiesNoncurrent,FY23,6614.0,PG_SEC-XBRL-financials_as-presented_10-Q_2024-01-23_0000080424-24-000018.xlsx,Balance Sheet,"December 31, 2023",us-gaap:OtherLiabilitiesNoncurrent,Kept period-primary filing PG_SEC-XBRL-financials_as-presented_10-K_2023-08-04_0000080424-23-000073.xlsx
balance_sheet,us-gaap:Liabilities,FY23,73764.0,PG_SEC-XBRL-financials_as-presented_10-K_2023-08-04_0000080424-23-000073.xlsx,Balance Sheet,FY23,us-gaap:Liabilities,Kept period-primary filing PG_SEC-XBRL-financials_as-presented_10-K_2023-08-04_0000080424-23-000073.xlsx
balance_sheet,us-gaap:Liabilities,FY23,73764.0,PG_SEC-XBRL-financials_as-presented_10-K_2024-08-05_0000080424-24-000083.xlsx,Balance Sheet,FY23,us-gaap:Liabilities,Kept period-primary filing PG_SEC-XBRL-financials_as-presented_10-K_2023-08-04_0000080424-23-000073.xlsx
balance_sheet,us-gaap:Liabilities,FY23,71880.0,PG_SEC-XBRL-financials_as-presented_10-Q_2024-01-23_0000080424-24-000018.xlsx,Balance Sheet,"December 31, 2023",us-gaap:Liabilities,Kept period-primary filing PG_SEC-XBRL-financials_as-presented_10-K_2023-08-04_0000080424-23-000073.xlsx
balance_sheet,us-gaap:AdditionalPaidInCapital,FY23,66556.0,PG_SEC-XBRL-financials_as-presented_10-K_2023-08-04_0000080424-23-000073.xlsx,Balance Sheet,FY23,us-gaap:AdditionalPaidInCapital,Kept period-primary filing PG_SEC-XBRL-financials_as-presented_10-K_2023-08-04_0000080424-23-000073.xlsx
balance_sheet,us-gaap:AdditionalPaidInCapital,FY23,66556.0,PG_SEC-XBRL-financials_as-presented_10-K_2024-08-05_0000080424-24-000083.xlsx,Balance Sheet,FY23,us-gaap:AdditionalPaidInCapital,Kept period-primary filing PG_SEC-XBRL-financials_as-presented_10-K_2023-08-04_0000080424-23-000073.xlsx
balance_sheet,us-gaap:AdditionalPaidInCapital,FY23,66935.0,PG_SEC-XBRL-financials_as-presented_10-Q_2024-01-23_0000080424-24-000018.xlsx,Balance Sheet,"December 31, 2023",us-gaap:AdditionalPaidInCapital,Kept period-primary filing PG_SEC-XBRL-financials_as-presented_10-K_2023-08-04_0000080424-23-000073.xlsx
balance_sheet,pg:ReserveForEsopDebtRetirement,FY23,-821.0,PG_SEC-XBRL-financials_as-presented_10-K_2023-08-04_0000080424-23-000073.xlsx,Balance Sheet,FY23,pg:ReserveForEsopDebtRetirement,Kept period-primary filing PG_SEC-XBRL-financials_as-presented_10-K_2023-08-04_0000080424-23-000073.xlsx
balance_sheet,pg:ReserveForEsopDebtRetirement,FY23,-821.0,PG_SEC-XBRL-financials_as-presented_10-K_2024-08-05_0000080424-24-000083.xlsx,Balance Sheet,FY23,pg:ReserveForEsopDebtRetirement,Kept period-primary filing PG_SEC-XBRL-financials_as-presented_10-K_2023-08-04_0000080424-23-000073.xlsx
balance_sheet,pg:ReserveForEsopDebtRetirement,FY23,-782.0,PG_SEC-XBRL-financials_as-presented_10-Q_2024-01-23_0000080424-24-000018.xlsx,Balance Sheet,"December 31, 2023",pg:ReserveForEsopDebtRetirement,Kept period-primary filing PG_SEC-XBRL-financials_as-presented_10-K_2023-08-04_0000080424-23-000073.xlsx
balance_sheet,us-gaap:AccumulatedOtherComprehensiveIncomeLossNetOfTax,FY23,-12220.0,PG_SEC-XBRL-financials_as-presented_10-K_2023-08-04_0000080424-23-000073.xlsx,Balance Sheet,FY23,us-gaap:AccumulatedOtherComprehensiveIncomeLossNetOfTax,Kept period-primary filing PG_SEC-XBRL-financials_as-presented_10-K_2023-08-04_0000080424-23-000073.xlsx
balance_sheet,us-gaap:AccumulatedOtherComprehensiveIncomeLossNetOfTax,FY23,-12220.0,PG_SEC-XBRL-financials_as-presented_10-K_2024-08-05_0000080424-24-000083.xlsx,Balance Sheet,FY23,us-gaap:AccumulatedOtherComprehensiveIncomeLossNetOfTax,Kept period-primary filing PG_SEC-XBRL-financials_as-presented_10-K_2023-08-04_0000080424-23-000073.xlsx
balance_sheet,us-gaap:AccumulatedOtherComprehensiveIncomeLossNetOfTax,FY23,-12167.0,PG_SEC-XBRL-financials_as-presented_10-Q_2024-01-23_0000080424-24-000018.xlsx,Balance Sheet,"December 31, 2023",us-gaap:AccumulatedOtherComprehensiveIncomeLossNetOfTax,Kept period-primary filing PG_SEC-XBRL-financials_as-presented_10-K_2023-08-04_0000080424-23-000073.xlsx
balance_sheet,us-gaap:TreasuryStockCommonShares,FY23,-129736.0,PG_SEC-XBRL-financials_as-presented_10-K_2023-08-04_0000080424-23-000073.xlsx,Balance Sheet,FY23,us-gaap:TreasuryStockShares,Kept period-primary filing PG_SEC-XBRL-financials_as-presented_10-K_2023-08-04_0000080424-23-000073.xlsx
balance_sheet,us-gaap:TreasuryStockCommonShares,FY23,-129736.0,PG_SEC-XBRL-financials_as-presented_10-K_2024-08-05_0000080424-24-000083.xlsx,Balance Sheet,FY23,us-gaap:TreasuryStockCommonShares,Kept period-primary filing PG_SEC-XBRL-financials_as-presented_10-K_2023-08-04_0000080424-23-000073.xlsx
balance_sheet,us-gaap:TreasuryStockCommonShares,FY23,-131887.0,PG_SEC-XBRL-financials_as-presented_10-Q_2024-01-23_0000080424-24-000018.xlsx,Balance Sheet,"December 31, 2023",us-gaap:TreasuryStockValue,Kept period-primary filing PG_SEC-XBRL-financials_as-presented_10-K_2023-08-04_0000080424-23-000073.xlsx
balance_sheet,us-gaap:RetainedEarningsAccumulatedDeficit,FY23,118170.0,PG_SEC-XBRL-financials_as-presented_10-K_2023-08-04_0000080424-23-000073.xlsx,Balance Sheet,FY23,us-gaap:RetainedEarningsAccumulatedDeficit,Kept period-primary filing PG_SEC-XBRL-financials_as-presented_10-K_2023-08-04_0000080424-23-000073.xlsx
balance_sheet,us-gaap:RetainedEarningsAccumulatedDeficit,FY23,118170.0,PG_SEC-XBRL-financials_as-presented_10-K_2024-08-05_0000080424-24-000083.xlsx,Balance Sheet,FY23,us-gaap:RetainedEarningsAccumulatedDeficit,Kept period-primary filing PG_SEC-XBRL-financials_as-presented_10-K_2023-08-04_0000080424-23-000073.xlsx
balance_sheet,us-gaap:RetainedEarningsAccumulatedDeficit,FY23,121617.0,PG_SEC-XBRL-financials_as-presented_10-Q_2024-01-23_0000080424-24-000018.xlsx,Balance Sheet,"December 31, 2023",us-gaap:RetainedEarningsAccumulatedDeficit,Kept period-primary filing PG_SEC-XBRL-financials_as-presented_10-K_2023-08-04_0000080424-23-000073.xlsx
balance_sheet,us-gaap:MinorityInterest,FY23,288.0,PG_SEC-XBRL-financials_as-presented_10-K_2023-08-04_0000080424-23-000073.xlsx,Balance Sheet,FY23,us-gaap:MinorityInterest,Kept period-primary filing PG_SEC-XBRL-financials_as-presented_10-K_2023-08-04_0000080424-23-000073.xlsx
balance_sheet,us-gaap:MinorityInterest,FY23,288.0,PG_SEC-XBRL-financials_as-presented_10-K_2024-08-05_0000080424-24-000083.xlsx,Balance Sheet,FY23,us-gaap:MinorityInterest,Kept period-primary filing PG_SEC-XBRL-financials_as-presented_10-K_2023-08-04_0000080424-23-000073.xlsx
balance_sheet,us-gaap:MinorityInterest,FY23,294.0,PG_SEC-XBRL-financials_as-presented_10-Q_2024-01-23_0000080424-24-000018.xlsx,Balance Sheet,"December 31, 2023",us-gaap:MinorityInterest,Kept period-primary filing PG_SEC-XBRL-financials_as-presented_10-K_2023-08-04_0000080424-23-000073.xlsx
balance_sheet,us-gaap:StockholdersEquityIncludingPortionAttributableToNoncontrollingInterest,FY23,47065.0,PG_SEC-XBRL-financials_as-presented_10-K_2023-08-04_0000080424-23-000073.xlsx,Balance Sheet,FY23,us-gaap:StockholdersEquityIncludingPortionAttributableToNoncontrollingInterest,Kept period-primary filing PG_SEC-XBRL-financials_as-presented_10-K_2023-08-04_0000080424-23-000073.xlsx
balance_sheet,us-gaap:StockholdersEquityIncludingPortionAttributableToNoncontrollingInterest,FY23,47065.0,PG_SEC-XBRL-financials_as-presented_10-K_2024-08-05_0000080424-24-000083.xlsx,Balance Sheet,FY23,us-gaap:StockholdersEquityIncludingPortionAttributableToNoncontrollingInterest,Kept period-primary filing PG_SEC-XBRL-financials_as-presented_10-K_2023-08-04_0000080424-23-000073.xlsx
balance_sheet,us-gaap:StockholdersEquityIncludingPortionAttributableToNoncontrollingInterest,FY23,48829.0,PG_SEC-XBRL-financials_as-presented_10-Q_2024-01-23_0000080424-24-000018.xlsx,Balance Sheet,"December 31, 2023",us-gaap:StockholdersEquityIncludingPortionAttributableToNoncontrollingInterest,Kept period-primary filing PG_SEC-XBRL-financials_as-presented_10-K_2023-08-04_0000080424-23-000073.xlsx
balance_sheet,us-gaap:LiabilitiesAndStockholdersEquity,FY23,120829.0,PG_SEC-XBRL-financials_as-presented_10-K_2023-08-04_0000080424-23-000073.xlsx,Balance Sheet,FY23,us-gaap:LiabilitiesAndStockholdersEquity,Kept period-primary filing PG_SEC-XBRL-financials_as-presented_10-K_2023-08-04_0000080424-23-000073.xlsx
balance_sheet,us-gaap:LiabilitiesAndStockholdersEquity,FY23,120829.0,PG_SEC-XBRL-financials_as-presented_10-K_2024-08-05_0000080424-24-000083.xlsx,Balance Sheet,FY23,us-gaap:LiabilitiesAndStockholdersEquity,Kept period-primary filing PG_SEC-XBRL-financials_as-presented_10-K_2023-08-04_0000080424-23-000073.xlsx
balance_sheet,us-gaap:LiabilitiesAndStockholdersEquity,FY23,120709.0,PG_SEC-XBRL-financials_as-presented_10-Q_2024-01-23_0000080424-24-000018.xlsx,Balance Sheet,"December 31, 2023",us-gaap:LiabilitiesAndStockholdersEquity,Kept period-primary filing PG_SEC-XBRL-financials_as-presented_10-K_2023-08-04_0000080424-23-000073.xlsx
balance_sheet,us-gaap:CashCashEquivalentsRestrictedCashAndRestrictedCashEquivalents,FY24,9482.0,PG_SEC-XBRL-financials_as-presented_10-K_2024-08-05_0000080424-24-000083.xlsx,Balance Sheet,FY24,us-gaap:CashCashEquivalentsRestrictedCashAndRestrictedCashEquivalents,Kept period-primary filing PG_SEC-XBRL-financials_as-presented_10-K_2024-08-05_0000080424-24-000083.xlsx
balance_sheet,us-gaap:CashCashEquivalentsRestrictedCashAndRestrictedCashEquivalents,FY24,9482.0,PG_SEC-XBRL-financials_as-presented_10-K_2025-08-04_0000080424-25-000076.xlsx,Balance Sheet,FY24,us-gaap:CashCashEquivalentsRestrictedCashAndRestrictedCashEquivalents,Kept period-primary filing PG_SEC-XBRL-financials_as-presented_10-K_2024-08-05_0000080424-24-000083.xlsx
balance_sheet,us-gaap:CashCashEquivalentsRestrictedCashAndRestrictedCashEquivalents,FY24,10230.0,PG_SEC-XBRL-financials_as-presented_10-Q_2025-01-22_0000080424-25-000013.xlsx,Balance Sheet,"December 31, 2024",us-gaap:CashCashEquivalentsRestrictedCashAndRestrictedCashEquivalents,Kept period-primary filing PG_SEC-XBRL-financials_as-presented_10-K_2024-08-05_0000080424-24-000083.xlsx
balance_sheet,us-gaap:AccountsReceivableNetCurrent,FY24,6118.0,PG_SEC-XBRL-financials_as-presented_10-K_2024-08-05_0000080424-24-000083.xlsx,Balance Sheet,FY24,us-gaap:AccountsReceivableNetCurrent,Kept period-primary filing PG_SEC-XBRL-financials_as-presented_10-K_2024-08-05_0000080424-24-000083.xlsx
balance_sheet,us-gaap:AccountsReceivableNetCurrent,FY24,6118.0,PG_SEC-XBRL-financials_as-presented_10-K_2025-08-04_0000080424-25-000076.xlsx,Balance Sheet,FY24,us-gaap:AccountsReceivableNetCurrent,Kept period-primary filing PG_SEC-XBRL-financials_as-presented_10-K_2024-08-05_0000080424-24-000083.xlsx
balance_sheet,us-gaap:AccountsReceivableNetCurrent,FY24,6234.0,PG_SEC-XBRL-financials_as-presented_10-Q_2025-01-22_0000080424-25-000013.xlsx,Balance Sheet,"December 31, 2024",us-gaap:AccountsReceivableNetCurrent,Kept period-primary filing PG_SEC-XBRL-financials_as-presented_10-K_2024-08-05_0000080424-24-000083.xlsx
balance_sheet,us-gaap:InventoryRawMaterialsAndSuppliesNetOfReserves,FY24,1617.0,PG_SEC-XBRL-financials_as-presented_10-K_2024-08-05_0000080424-24-000083.xlsx,Balance Sheet,FY24,us-gaap:InventoryRawMaterialsAndSuppliesNetOfReserves,Kept period-primary filing PG_SEC-XBRL-financials_as-presented_10-K_2024-08-05_0000080424-24-000083.xlsx
balance_sheet,us-gaap:InventoryRawMaterialsAndSuppliesNetOfReserves,FY24,1617.0,PG_SEC-XBRL-financials_as-presented_10-K_2025-08-04_0000080424-25-000076.xlsx,Balance Sheet,FY24,us-gaap:InventoryRawMaterialsAndSuppliesNetOfReserves,Kept period-primary filing PG_SEC-XBRL-financials_as-presented_10-K_2024-08-05_0000080424-24-000083.xlsx
balance_sheet,us-gaap:InventoryRawMaterialsAndSuppliesNetOfReserves,FY24,1949.0,PG_SEC-XBRL-financials_as-presented_10-Q_2025-01-22_0000080424-25-000013.xlsx,Balance Sheet,"December 31, 2024",us-gaap:InventoryRawMaterialsAndSuppliesNetOfReserves,Kept period-primary filing PG_SEC-XBRL-financials_as-presented_10-K_2024-08-05_0000080424-24-000083.xlsx
balance_sheet,us-gaap:InventoryWorkInProcessNetOfReserves,FY24,929.0,PG_SEC-XBRL-financials_as-presented_10-K_2024-08-05_0000080424-24-000083.xlsx,Balance Sheet,FY24,us-gaap:InventoryWorkInProcessNetOfReserves,Kept period-primary filing PG_SEC-XBRL-financials_as-presented_10-K_2024-08-05_0000080424-24-000083.xlsx
balance_sheet,us-gaap:InventoryWorkInProcessNetOfReserves,FY24,929.0,PG_SEC-XBRL-financials_as-presented_10-K_2025-08-04_0000080424-25-000076.xlsx,Balance Sheet,FY24,us-gaap:InventoryWorkInProcessNetOfReserves,Kept period-primary filing PG_SEC-XBRL-financials_as-presented_10-K_2024-08-05_0000080424-24-000083.xlsx
balance_sheet,us-gaap:InventoryWorkInProcessNetOfReserves,FY24,879.0,PG_SEC-XBRL-financials_as-presented_10-Q_2025-01-22_0000080424-25-000013.xlsx,Balance Sheet,"December 31, 2024",us-gaap:InventoryWorkInProcessNetOfReserves,Kept period-primary filing PG_SEC-XBRL-financials_as-presented_10-K_2024-08-05_0000080424-24-000083.xlsx
balance_sheet,us-gaap:InventoryFinishedGoodsNetOfReserves,FY24,4470.0,PG_SEC-XBRL-financials_as-presented_10-K_2024-08-05_0000080424-24-000083.xlsx,Balance Sheet,FY24,us-gaap:InventoryFinishedGoodsNetOfReserves,Kept period-primary filing PG_SEC-XBRL-financials_as-presented_10-K_2024-08-05_0000080424-24-000083.xlsx
balance_sheet,us-gaap:InventoryFinishedGoodsNetOfReserves,FY24,4470.0,PG_SEC-XBRL-financials_as-presented_10-K_2025-08-04_0000080424-25-000076.xlsx,Balance Sheet,FY24,us-gaap:InventoryFinishedGoodsNetOfReserves,Kept period-primary filing PG_SEC-XBRL-financials_as-presented_10-K_2024-08-05_0000080424-24-000083.xlsx
balance_sheet,us-gaap:InventoryFinishedGoodsNetOfReserves,FY24,4192.0,PG_SEC-XBRL-financials_as-presented_10-Q_2025-01-22_0000080424-25-000013.xlsx,Balance Sheet,"December 31, 2024",us-gaap:InventoryFinishedGoodsNetOfReserves,Kept period-primary filing PG_SEC-XBRL-financials_as-presented_10-K_2024-08-05_0000080424-24-000083.xlsx
balance_sheet,us-gaap:InventoryNet,FY24,7016.0,PG_SEC-XBRL-financials_as-presented_10-K_2024-08-05_0000080424-24-000083.xlsx,Balance Sheet,FY24,us-gaap:InventoryNet,Kept period-primary filing PG_SEC-XBRL-financials_as-presented_10-K_2024-08-05_0000080424-24-000083.xlsx
balance_sheet,us-gaap:InventoryNet,FY24,7016.0,PG_SEC-XBRL-financials_as-presented_10-K_2025-08-04_0000080424-25-000076.xlsx,Balance Sheet,FY24,us-gaap:InventoryNet,Kept period-primary filing PG_SEC-XBRL-financials_as-presented_10-K_2024-08-05_0000080424-24-000083.xlsx
balance_sheet,us-gaap:InventoryNet,FY24,7020.0,PG_SEC-XBRL-financials_as-presented_10-Q_2025-01-22_0000080424-25-000013.xlsx,Balance Sheet,"December 31, 2024",us-gaap:InventoryNet,Kept period-primary filing PG_SEC-XBRL-financials_as-presented_10-K_2024-08-05_0000080424-24-000083.xlsx
balance_sheet,us-gaap:PrepaidExpenseAndOtherAssetsCurrent,FY24,2095.0,PG_SEC-XBRL-financials_as-presented_10-K_2024-08-05_0000080424-24-000083.xlsx,Balance Sheet,FY24,us-gaap:PrepaidExpenseAndOtherAssetsCurrent,Kept period-primary filing PG_SEC-XBRL-financials_as-presented_10-K_2024-08-05_0000080424-24-000083.xlsx
balance_sheet,us-gaap:PrepaidExpenseAndOtherAssetsCurrent,FY24,2095.0,PG_SEC-XBRL-financials_as-presented_10-K_2025-08-04_0000080424-25-000076.xlsx,Balance Sheet,FY24,us-gaap:PrepaidExpenseAndOtherAssetsCurrent,Kept period-primary filing PG_SEC-XBRL-financials_as-presented_10-K_2024-08-05_0000080424-24-000083.xlsx
balance_sheet,us-gaap:PrepaidExpenseAndOtherAssetsCurrent,FY24,2158.0,PG_SEC-XBRL-financials_as-presented_10-Q_2025-01-22_0000080424-25-000013.xlsx,Balance Sheet,"December 31, 2024",us-gaap:PrepaidExpenseAndOtherAssetsCurrent,Kept period-primary filing PG_SEC-XBRL-financials_as-presented_10-K_2024-08-05_0000080424-24-000083.xlsx
balance_sheet,us-gaap:AssetsCurrent,FY24,24709.0,PG_SEC-XBRL-financials_as-presented_10-K_2024-08-05_0000080424-24-000083.xlsx,Balance Sheet,FY24,us-gaap:AssetsCurrent,Kept period-primary filing PG_SEC-XBRL-financials_as-presented_10-K_2024-08-05_0000080424-24-000083.xlsx
balance_sheet,us-gaap:AssetsCurrent,FY24,24709.0,PG_SEC-XBRL-financials_as-presented_10-K_2025-08-04_0000080424-25-000076.xlsx,Balance Sheet,FY24,us-gaap:AssetsCurrent,Kept period-primary filing PG_SEC-XBRL-financials_as-presented_10-K_2024-08-05_0000080424-24-000083.xlsx
balance_sheet,us-gaap:AssetsCurrent,FY24,25642.0,PG_SEC-XBRL-financials_as-presented_10-Q_2025-01-22_0000080424-25-000013.xlsx,Balance Sheet,"December 31, 2024",us-gaap:AssetsCurrent,Kept period-primary filing PG_SEC-XBRL-financials_as-presented_10-K_2024-08-05_0000080424-24-000083.xlsx
balance_sheet,us-gaap:PropertyPlantAndEquipmentNet,FY24,22152.0,PG_SEC-XBRL-financials_as-presented_10-K_2024-08-05_0000080424-24-000083.xlsx,Balance Sheet,FY24,us-gaap:PropertyPlantAndEquipmentNet,Kept period-primary filing PG_SEC-XBRL-financials_as-presented_10-K_2024-08-05_0000080424-24-000083.xlsx
balance_sheet,us-gaap:PropertyPlantAndEquipmentNet,FY24,22152.0,PG_SEC-XBRL-financials_as-presented_10-K_2025-08-04_0000080424-25-000076.xlsx,Balance Sheet,FY24,us-gaap:PropertyPlantAndEquipmentNet,Kept period-primary filing PG_SEC-XBRL-financials_as-presented_10-K_2024-08-05_0000080424-24-000083.xlsx
balance_sheet,us-gaap:PropertyPlantAndEquipmentNet,FY24,22074.0,PG_SEC-XBRL-financials_as-presented_10-Q_2025-01-22_0000080424-25-000013.xlsx,Balance Sheet,"December 31, 2024",us-gaap:PropertyPlantAndEquipmentNet,Kept period-primary filing PG_SEC-XBRL-financials_as-presented_10-K_2024-08-05_0000080424-24-000083.xlsx
balance_sheet,us-gaap:Goodwill,FY24,40303.0,PG_SEC-XBRL-financials_as-presented_10-K_2024-08-05_0000080424-24-000083.xlsx,Balance Sheet,FY24,us-gaap:Goodwill,Kept period-primary filing PG_SEC-XBRL-financials_as-presented_10-K_2024-08-05_0000080424-24-000083.xlsx
balance_sheet,us-gaap:Goodwill,FY24,40303.0,PG_SEC-XBRL-financials_as-presented_10-K_2025-08-04_0000080424-25-000076.xlsx,Balance Sheet,FY24,us-gaap:Goodwill,Kept period-primary filing PG_SEC-XBRL-financials_as-presented_10-K_2024-08-05_0000080424-24-000083.xlsx
balance_sheet,us-gaap:Goodwill,FY24,39898.0,PG_SEC-XBRL-financials_as-presented_10-Q_2025-01-22_0000080424-25-000013.xlsx,Balance Sheet,"December 31, 2024",us-gaap:Goodwill,Kept period-primary filing PG_SEC-XBRL-financials_as-presented_10-K_2024-08-05_0000080424-24-000083.xlsx
balance_sheet,us-gaap:IntangibleAssetsNetExcludingGoodwill,FY24,22047.0,PG_SEC-XBRL-financials_as-presented_10-K_2024-08-05_0000080424-24-000083.xlsx,Balance Sheet,FY24,us-gaap:IntangibleAssetsNetExcludingGoodwill,Kept period-primary filing PG_SEC-XBRL-financials_as-presented_10-K_2024-08-05_0000080424-24-000083.xlsx
balance_sheet,us-gaap:IntangibleAssetsNetExcludingGoodwill,FY24,22047.0,PG_SEC-XBRL-financials_as-presented_10-K_2025-08-04_0000080424-25-000076.xlsx,Balance Sheet,FY24,us-gaap:IntangibleAssetsNetExcludingGoodwill,Kept period-primary filing PG_SEC-XBRL-financials_as-presented_10-K_2024-08-05_0000080424-24-000083.xlsx
balance_sheet,us-gaap:IntangibleAssetsNetExcludingGoodwill,FY24,21833.0,PG_SEC-XBRL-financials_as-presented_10-Q_2025-01-22_0000080424-25-000013.xlsx,Balance Sheet,"December 31, 2024",us-gaap:IntangibleAssetsNetExcludingGoodwill,Kept period-primary filing PG_SEC-XBRL-financials_as-presented_10-K_2024-08-05_0000080424-24-000083.xlsx
balance_sheet,us-gaap:OtherAssetsNoncurrent,FY24,13158.0,PG_SEC-XBRL-financials_as-presented_10-K_2024-08-05_0000080424-24-000083.xlsx,Balance Sheet,FY24,us-gaap:OtherAssetsNoncurrent,Kept period-primary filing PG_SEC-XBRL-financials_as-presented_10-K_2024-08-05_0000080424-24-000083.xlsx
balance_sheet,us-gaap:OtherAssetsNoncurrent,FY24,13158.0,PG_SEC-XBRL-financials_as-presented_10-K_2025-08-04_0000080424-25-000076.xlsx,Balance Sheet,FY24,us-gaap:OtherAssetsNoncurrent,Kept period-primary filing PG_SEC-XBRL-financials_as-presented_10-K_2024-08-05_0000080424-24-000083.xlsx
balance_sheet,us-gaap:OtherAssetsNoncurrent,FY24,13192.0,PG_SEC-XBRL-financials_as-presented_10-Q_2025-01-22_0000080424-25-000013.xlsx,Balance Sheet,"December 31, 2024",us-gaap:OtherAssetsNoncurrent,Kept period-primary filing PG_SEC-XBRL-financials_as-presented_10-K_2024-08-05_0000080424-24-000083.xlsx
balance_sheet,us-gaap:Assets,FY24,122370.0,PG_SEC-XBRL-financials_as-presented_10-K_2024-08-05_0000080424-24-000083.xlsx,Balance Sheet,FY24,us-gaap:Assets,Kept period-primary filing PG_SEC-XBRL-financials_as-presented_10-K_2024-08-05_0000080424-24-000083.xlsx
balance_sheet,us-gaap:Assets,FY24,122370.0,PG_SEC-XBRL-financials_as-presented_10-K_2025-08-04_0000080424-25-000076.xlsx,Balance Sheet,FY24,us-gaap:Assets,Kept period-primary filing PG_SEC-XBRL-financials_as-presented_10-K_2024-08-05_0000080424-24-000083.xlsx
balance_sheet,us-gaap:Assets,FY24,122639.0,PG_SEC-XBRL-financials_as-presented_10-Q_2025-01-22_0000080424-25-000013.xlsx,Balance Sheet,"December 31, 2024",us-gaap:Assets,Kept period-primary filing PG_SEC-XBRL-financials_as-presented_10-K_2024-08-05_0000080424-24-000083.xlsx
balance_sheet,us-gaap:AccountsPayableCurrent,FY24,15364.0,PG_SEC-XBRL-financials_as-presented_10-K_2024-08-05_0000080424-24-000083.xlsx,Balance Sheet,FY24,us-gaap:AccountsPayableCurrent,Kept period-primary filing PG_SEC-XBRL-financials_as-presented_10-K_2024-08-05_0000080424-24-000083.xlsx
balance_sheet,us-gaap:AccountsPayableCurrent,FY24,15364.0,PG_SEC-XBRL-financials_as-presented_10-K_2025-08-04_0000080424-25-000076.xlsx,Balance Sheet,FY24,us-gaap:AccountsPayableCurrent,Kept period-primary filing PG_SEC-XBRL-financials_as-presented_10-K_2024-08-05_0000080424-24-000083.xlsx
balance_sheet,us-gaap:AccountsPayableCurrent,FY24,14495.0,PG_SEC-XBRL-financials_as-presented_10-Q_2025-01-22_0000080424-25-000013.xlsx,Balance Sheet,"December 31, 2024",us-gaap:AccountsPayableCurrent,Kept period-primary filing PG_SEC-XBRL-financials_as-presented_10-K_2024-08-05_0000080424-24-000083.xlsx
balance_sheet,us-gaap:AccruedLiabilitiesCurrent,FY24,11073.0,PG_SEC-XBRL-financials_as-presented_10-K_2024-08-05_0000080424-24-000083.xlsx,Balance Sheet,FY24,us-gaap:AccruedLiabilitiesCurrent,Kept period-primary filing PG_SEC-XBRL-financials_as-presented_10-K_2024-08-05_0000080424-24-000083.xlsx
balance_sheet,us-gaap:AccruedLiabilitiesCurrent,FY24,11073.0,PG_SEC-XBRL-financials_as-presented_10-K_2025-08-04_0000080424-25-000076.xlsx,Balance Sheet,FY24,us-gaap:AccruedLiabilitiesCurrent,Kept period-primary filing PG_SEC-XBRL-financials_as-presented_10-K_2024-08-05_0000080424-24-000083.xlsx
balance_sheet,us-gaap:AccruedLiabilitiesCurrent,FY24,9879.0,PG_SEC-XBRL-financials_as-presented_10-Q_2025-01-22_0000080424-25-000013.xlsx,Balance Sheet,"December 31, 2024",us-gaap:AccruedLiabilitiesCurrent,Kept period-primary filing PG_SEC-XBRL-financials_as-presented_10-K_2024-08-05_0000080424-24-000083.xlsx
balance_sheet,us-gaap:DebtCurrent,FY24,7191.0,PG_SEC-XBRL-financials_as-presented_10-K_2024-08-05_0000080424-24-000083.xlsx,Balance Sheet,FY24,us-gaap:DebtCurrent,Kept period-primary filing PG_SEC-XBRL-financials_as-presented_10-K_2024-08-05_0000080424-24-000083.xlsx
balance_sheet,us-gaap:DebtCurrent,FY24,7191.0,PG_SEC-XBRL-financials_as-presented_10-K_2025-08-04_0000080424-25-000076.xlsx,Balance Sheet,FY24,us-gaap:DebtCurrent,Kept period-primary filing PG_SEC-XBRL-financials_as-presented_10-K_2024-08-05_0000080424-24-000083.xlsx
balance_sheet,us-gaap:DebtCurrent,FY24,9424.0,PG_SEC-XBRL-financials_as-presented_10-Q_2025-01-22_0000080424-25-000013.xlsx,Balance Sheet,"December 31, 2024",us-gaap:DebtCurrent,Kept period-primary filing PG_SEC-XBRL-financials_as-presented_10-K_2024-08-05_0000080424-24-000083.xlsx
balance_sheet,us-gaap:LiabilitiesCurrent,FY24,33627.0,PG_SEC-XBRL-financials_as-presented_10-K_2024-08-05_0000080424-24-000083.xlsx,Balance Sheet,FY24,us-gaap:LiabilitiesCurrent,Kept period-primary filing PG_SEC-XBRL-financials_as-presented_10-K_2024-08-05_0000080424-24-000083.xlsx
balance_sheet,us-gaap:LiabilitiesCurrent,FY24,33627.0,PG_SEC-XBRL-financials_as-presented_10-K_2025-08-04_0000080424-25-000076.xlsx,Balance Sheet,FY24,us-gaap:LiabilitiesCurrent,Kept period-primary filing PG_SEC-XBRL-financials_as-presented_10-K_2024-08-05_0000080424-24-000083.xlsx
balance_sheet,us-gaap:LiabilitiesCurrent,FY24,33797.0,PG_SEC-XBRL-financials_as-presented_10-Q_2025-01-22_0000080424-25-000013.xlsx,Balance Sheet,"December 31, 2024",us-gaap:LiabilitiesCurrent,Kept period-primary filing PG_SEC-XBRL-financials_as-presented_10-K_2024-08-05_0000080424-24-000083.xlsx
balance_sheet,us-gaap:LongTermDebtNoncurrent,FY24,25269.0,PG_SEC-XBRL-financials_as-presented_10-K_2024-08-05_0000080424-24-000083.xlsx,Balance Sheet,FY24,us-gaap:LongTermDebtNoncurrent,Kept period-primary filing PG_SEC-XBRL-financials_as-presented_10-K_2024-08-05_0000080424-24-000083.xlsx
balance_sheet,us-gaap:LongTermDebtNoncurrent,FY24,25269.0,PG_SEC-XBRL-financials_as-presented_10-K_2025-08-04_0000080424-25-000076.xlsx,Balance Sheet,FY24,us-gaap:LongTermDebtNoncurrent,Kept period-primary filing PG_SEC-XBRL-financials_as-presented_10-K_2024-08-05_0000080424-24-000083.xlsx
balance_sheet,us-gaap:LongTermDebtNoncurrent,FY24,25263.0,PG_SEC-XBRL-financials_as-presented_10-Q_2025-01-22_0000080424-25-000013.xlsx,Balance Sheet,"December 31, 2024",us-gaap:LongTermDebtNoncurrent,Kept period-primary filing PG_SEC-XBRL-financials_as-presented_10-K_2024-08-05_0000080424-24-000083.xlsx
balance_sheet,us-gaap:DeferredIncomeTaxLiabilitiesNet,FY24,6516.0,PG_SEC-XBRL-financials_as-presented_10-K_2024-08-05_0000080424-24-000083.xlsx,Balance Sheet,FY24,us-gaap:DeferredIncomeTaxLiabilitiesNet,Kept period-primary filing PG_SEC-XBRL-financials_as-presented_10-K_2024-08-05_0000080424-24-000083.xlsx
balance_sheet,us-gaap:DeferredIncomeTaxLiabilitiesNet,FY24,6516.0,PG_SEC-XBRL-financials_as-presented_10-K_2025-08-04_0000080424-25-000076.xlsx,Balance Sheet,FY24,us-gaap:DeferredIncomeTaxLiabilitiesNet,Kept period-primary filing PG_SEC-XBRL-financials_as-presented_10-K_2024-08-05_0000080424-24-000083.xlsx
balance_sheet,us-gaap:DeferredIncomeTaxLiabilitiesNet,FY24,6725.0,PG_SEC-XBRL-financials_as-presented_10-Q_2025-01-22_0000080424-25-000013.xlsx,Balance Sheet,"December 31, 2024",us-gaap:DeferredIncomeTaxLiabilitiesNet,Kept period-primary filing PG_SEC-XBRL-financials_as-presented_10-K_2024-08-05_0000080424-24-000083.xlsx
balance_sheet,us-gaap:OtherLiabilitiesNoncurrent,FY24,6398.0,PG_SEC-XBRL-financials_as-presented_10-K_2024-08-05_0000080424-24-000083.xlsx,Balance Sheet,FY24,us-gaap:OtherLiabilitiesNoncurrent,Kept period-primary filing PG_SEC-XBRL-financials_as-presented_10-K_2024-08-05_0000080424-24-000083.xlsx
balance_sheet,us-gaap:OtherLiabilitiesNoncurrent,FY24,6398.0,PG_SEC-XBRL-financials_as-presented_10-K_2025-08-04_0000080424-25-000076.xlsx,Balance Sheet,FY24,us-gaap:OtherLiabilitiesNoncurrent,Kept period-primary filing PG_SEC-XBRL-financials_as-presented_10-K_2024-08-05_0000080424-24-000083.xlsx
balance_sheet,us-gaap:OtherLiabilitiesNoncurrent,FY24,5411.0,PG_SEC-XBRL-financials_as-presented_10-Q_2025-01-22_0000080424-25-000013.xlsx,Balance Sheet,"December 31, 2024",us-gaap:OtherLiabilitiesNoncurrent,Kept period-primary filing PG_SEC-XBRL-financials_as-presented_10-K_2024-08-05_0000080424-24-000083.xlsx
balance_sheet,us-gaap:Liabilities,FY24,71811.0,PG_SEC-XBRL-financials_as-presented_10-K_2024-08-05_0000080424-24-000083.xlsx,Balance Sheet,FY24,us-gaap:Liabilities,Kept period-primary filing PG_SEC-XBRL-financials_as-presented_10-K_2024-08-05_0000080424-24-000083.xlsx
balance_sheet,us-gaap:Liabilities,FY24,71811.0,PG_SEC-XBRL-financials_as-presented_10-K_2025-08-04_0000080424-25-000076.xlsx,Balance Sheet,FY24,us-gaap:Liabilities,Kept period-primary filing PG_SEC-XBRL-financials_as-presented_10-K_2024-08-05_0000080424-24-000083.xlsx
balance_sheet,us-gaap:Liabilities,FY24,71195.0,PG_SEC-XBRL-financials_as-presented_10-Q_2025-01-22_0000080424-25-000013.xlsx,Balance Sheet,"December 31, 2024",us-gaap:Liabilities,Kept period-primary filing PG_SEC-XBRL-financials_as-presented_10-K_2024-08-05_0000080424-24-000083.xlsx
balance_sheet,us-gaap:AdditionalPaidInCapital,FY24,67684.0,PG_SEC-XBRL-financials_as-presented_10-K_2024-08-05_0000080424-24-000083.xlsx,Balance Sheet,FY24,us-gaap:AdditionalPaidInCapital,Kept period-primary filing PG_SEC-XBRL-financials_as-presented_10-K_2024-08-05_0000080424-24-000083.xlsx
balance_sheet,us-gaap:AdditionalPaidInCapital,FY24,67684.0,PG_SEC-XBRL-financials_as-presented_10-K_2025-08-04_0000080424-25-000076.xlsx,Balance Sheet,FY24,us-gaap:AdditionalPaidInCapital,Kept period-primary filing PG_SEC-XBRL-financials_as-presented_10-K_2024-08-05_0000080424-24-000083.xlsx
balance_sheet,us-gaap:AdditionalPaidInCapital,FY24,68283.0,PG_SEC-XBRL-financials_as-presented_10-Q_2025-01-22_0000080424-25-000013.xlsx,Balance Sheet,"December 31, 2024",us-gaap:AdditionalPaidInCapital,Kept period-primary filing PG_SEC-XBRL-financials_as-presented_10-K_2024-08-05_0000080424-24-000083.xlsx
balance_sheet,pg:ReserveForEsopDebtRetirement,FY24,-737.0,PG_SEC-XBRL-financials_as-presented_10-K_2024-08-05_0000080424-24-000083.xlsx,Balance Sheet,FY24,pg:ReserveForEsopDebtRetirement,Kept period-primary filing PG_SEC-XBRL-financials_as-presented_10-K_2024-08-05_0000080424-24-000083.xlsx
balance_sheet,pg:ReserveForEsopDebtRetirement,FY24,-737.0,PG_SEC-XBRL-financials_as-presented_10-K_2025-08-04_0000080424-25-000076.xlsx,Balance Sheet,FY24,pg:ReserveForEsopDebtRetirement,Kept period-primary filing PG_SEC-XBRL-financials_as-presented_10-K_2024-08-05_0000080424-24-000083.xlsx
balance_sheet,pg:ReserveForEsopDebtRetirement,FY24,-707.0,PG_SEC-XBRL-financials_as-presented_10-Q_2025-01-22_0000080424-25-000013.xlsx,Balance Sheet,"December 31, 2024",pg:ReserveForEsopDebtRetirement,Kept period-primary filing PG_SEC-XBRL-financials_as-presented_10-K_2024-08-05_0000080424-24-000083.xlsx
balance_sheet,us-gaap:AccumulatedOtherComprehensiveIncomeLossNetOfTax,FY24,-11900.0,PG_SEC-XBRL-financials_as-presented_10-K_2024-08-05_0000080424-24-000083.xlsx,Balance Sheet,FY24,us-gaap:AccumulatedOtherComprehensiveIncomeLossNetOfTax,Kept period-primary filing PG_SEC-XBRL-financials_as-presented_10-K_2024-08-05_0000080424-24-000083.xlsx
balance_sheet,us-gaap:AccumulatedOtherComprehensiveIncomeLossNetOfTax,FY24,-11900.0,PG_SEC-XBRL-financials_as-presented_10-K_2025-08-04_0000080424-25-000076.xlsx,Balance Sheet,FY24,us-gaap:AccumulatedOtherComprehensiveIncomeLossNetOfTax,Kept period-primary filing PG_SEC-XBRL-financials_as-presented_10-K_2024-08-05_0000080424-24-000083.xlsx
balance_sheet,us-gaap:AccumulatedOtherComprehensiveIncomeLossNetOfTax,FY24,-11637.0,PG_SEC-XBRL-financials_as-presented_10-Q_2025-01-22_0000080424-25-000013.xlsx,Balance Sheet,"December 31, 2024",us-gaap:AccumulatedOtherComprehensiveIncomeLossNetOfTax,Kept period-primary filing PG_SEC-XBRL-financials_as-presented_10-K_2024-08-05_0000080424-24-000083.xlsx
balance_sheet,us-gaap:TreasuryStockCommonShares,FY24,-133379.0,PG_SEC-XBRL-financials_as-presented_10-K_2024-08-05_0000080424-24-000083.xlsx,Balance Sheet,FY24,us-gaap:TreasuryStockCommonShares,Kept period-primary filing PG_SEC-XBRL-financials_as-presented_10-K_2024-08-05_0000080424-24-000083.xlsx
balance_sheet,us-gaap:TreasuryStockCommonShares,FY24,-133379.0,PG_SEC-XBRL-financials_as-presented_10-K_2025-08-04_0000080424-25-000076.xlsx,Balance Sheet,FY24,us-gaap:TreasuryStockCommonShares,Kept period-primary filing PG_SEC-XBRL-financials_as-presented_10-K_2024-08-05_0000080424-24-000083.xlsx
balance_sheet,us-gaap:TreasuryStockCommonShares,FY24,-137112.0,PG_SEC-XBRL-financials_as-presented_10-Q_2025-01-22_0000080424-25-000013.xlsx,Balance Sheet,"December 31, 2024",us-gaap:TreasuryStockCommonValue,Kept period-primary filing PG_SEC-XBRL-financials_as-presented_10-K_2024-08-05_0000080424-24-000083.xlsx
balance_sheet,us-gaap:RetainedEarningsAccumulatedDeficit,FY24,123811.0,PG_SEC-XBRL-financials_as-presented_10-K_2024-08-05_0000080424-24-000083.xlsx,Balance Sheet,FY24,us-gaap:RetainedEarningsAccumulatedDeficit,Kept period-primary filing PG_SEC-XBRL-financials_as-presented_10-K_2024-08-05_0000080424-24-000083.xlsx
balance_sheet,us-gaap:RetainedEarningsAccumulatedDeficit,FY24,123811.0,PG_SEC-XBRL-financials_as-presented_10-K_2025-08-04_0000080424-25-000076.xlsx,Balance Sheet,FY24,us-gaap:RetainedEarningsAccumulatedDeficit,Kept period-primary filing PG_SEC-XBRL-financials_as-presented_10-K_2024-08-05_0000080424-24-000083.xlsx
balance_sheet,us-gaap:RetainedEarningsAccumulatedDeficit,FY24,127544.0,PG_SEC-XBRL-financials_as-presented_10-Q_2025-01-22_0000080424-25-000013.xlsx,Balance Sheet,"December 31, 2024",us-gaap:RetainedEarningsAccumulatedDeficit,Kept period-primary filing PG_SEC-XBRL-financials_as-presented_10-K_2024-08-05_0000080424-24-000083.xlsx
balance_sheet,us-gaap:MinorityInterest,FY24,272.0,PG_SEC-XBRL-financials_as-presented_10-K_2024-08-05_0000080424-24-000083.xlsx,Balance Sheet,FY24,us-gaap:MinorityInterest,Kept period-primary filing PG_SEC-XBRL-financials_as-presented_10-K_2024-08-05_0000080424-24-000083.xlsx
balance_sheet,us-gaap:MinorityInterest,FY24,272.0,PG_SEC-XBRL-financials_as-presented_10-K_2025-08-04_0000080424-25-000076.xlsx,Balance Sheet,FY24,us-gaap:MinorityInterest,Kept period-primary filing PG_SEC-XBRL-financials_as-presented_10-K_2024-08-05_0000080424-24-000083.xlsx
balance_sheet,us-gaap:MinorityInterest,FY24,275.0,PG_SEC-XBRL-financials_as-presented_10-Q_2025-01-22_0000080424-25-000013.xlsx,Balance Sheet,"December 31, 2024",us-gaap:MinorityInterest,Kept period-primary filing PG_SEC-XBRL-financials_as-presented_10-K_2024-08-05_0000080424-24-000083.xlsx
balance_sheet,us-gaap:StockholdersEquityIncludingPortionAttributableToNoncontrollingInterest,FY24,50559.0,PG_SEC-XBRL-financials_as-presented_10-K_2024-08-05_0000080424-24-000083.xlsx,Balance Sheet,FY24,us-gaap:StockholdersEquityIncludingPortionAttributableToNoncontrollingInterest,Kept period-primary filing PG_SEC-XBRL-financials_as-presented_10-K_2024-08-05_0000080424-24-000083.xlsx
balance_sheet,us-gaap:StockholdersEquityIncludingPortionAttributableToNoncontrollingInterest,FY24,50559.0,PG_SEC-XBRL-financials_as-presented_10-K_2025-08-04_0000080424-25-000076.xlsx,Balance Sheet,FY24,us-gaap:StockholdersEquityIncludingPortionAttributableToNoncontrollingInterest,Kept period-primary filing PG_SEC-XBRL-financials_as-presented_10-K_2024-08-05_0000080424-24-000083.xlsx
balance_sheet,us-gaap:StockholdersEquityIncludingPortionAttributableToNoncontrollingInterest,FY24,51443.0,PG_SEC-XBRL-financials_as-presented_10-Q_2025-01-22_0000080424-25-000013.xlsx,Balance Sheet,"December 31, 2024",us-gaap:StockholdersEquityIncludingPortionAttributableToNoncontrollingInterest,Kept period-primary filing PG_SEC-XBRL-financials_as-presented_10-K_2024-08-05_0000080424-24-000083.xlsx
balance_sheet,us-gaap:LiabilitiesAndStockholdersEquity,FY24,122370.0,PG_SEC-XBRL-financials_as-presented_10-K_2024-08-05_0000080424-24-000083.xlsx,Balance Sheet,FY24,us-gaap:LiabilitiesAndStockholdersEquity,Kept period-primary filing PG_SEC-XBRL-financials_as-presented_10-K_2024-08-05_0000080424-24-000083.xlsx
balance_sheet,us-gaap:LiabilitiesAndStockholdersEquity,FY24,122370.0,PG_SEC-XBRL-financials_as-presented_10-K_2025-08-04_0000080424-25-000076.xlsx,Balance Sheet,FY24,us-gaap:LiabilitiesAndStockholdersEquity,Kept period-primary filing PG_SEC-XBRL-financials_as-presented_10-K_2024-08-05_0000080424-24-000083.xlsx
balance_sheet,us-gaap:LiabilitiesAndStockholdersEquity,FY24,122639.0,PG_SEC-XBRL-financials_as-presented_10-Q_2025-01-22_0000080424-25-000013.xlsx,Balance Sheet,"December 31, 2024",us-gaap:LiabilitiesAndStockholdersEquity,Kept period-primary filing PG_SEC-XBRL-financials_as-presented_10-K_2024-08-05_0000080424-24-000083.xlsx
balance_sheet,us-gaap:CashCashEquivalentsRestrictedCashAndRestrictedCashEquivalents,FY25,9556.0,PG_SEC-XBRL-financials_as-presented_10-K_2025-08-04_0000080424-25-000076.xlsx,Balance Sheet,FY25,us-gaap:CashCashEquivalentsRestrictedCashAndRestrictedCashEquivalents,Kept period-primary filing PG_SEC-XBRL-financials_as-presented_10-K_2025-08-04_0000080424-25-000076.xlsx
balance_sheet,us-gaap:CashCashEquivalentsRestrictedCashAndRestrictedCashEquivalents,FY25,10825.0,PG_SEC-XBRL-financials_as-presented_10-Q_2026-01-23_0000080424-26-000011.xlsx,Balance Sheet,"December 31, 2025",us-gaap:CashCashEquivalentsRestrictedCashAndRestrictedCashEquivalents,Kept period-primary filing PG_SEC-XBRL-financials_as-presented_10-K_2025-08-04_0000080424-25-000076.xlsx
balance_sheet,us-gaap:AccountsReceivableNetCurrent,FY25,6185.0,PG_SEC-XBRL-financials_as-presented_10-K_2025-08-04_0000080424-25-000076.xlsx,Balance Sheet,FY25,us-gaap:AccountsReceivableNetCurrent,Kept period-primary filing PG_SEC-XBRL-financials_as-presented_10-K_2025-08-04_0000080424-25-000076.xlsx
balance_sheet,us-gaap:AccountsReceivableNetCurrent,FY25,6279.0,PG_SEC-XBRL-financials_as-presented_10-Q_2026-01-23_0000080424-26-000011.xlsx,Balance Sheet,"December 31, 2025",us-gaap:AccountsReceivableNetCurrent,Kept period-primary filing PG_SEC-XBRL-financials_as-presented_10-K_2025-08-04_0000080424-25-000076.xlsx
balance_sheet,us-gaap:InventoryRawMaterialsAndSuppliesNetOfReserves,FY25,2022.0,PG_SEC-XBRL-financials_as-presented_10-K_2025-08-04_0000080424-25-000076.xlsx,Balance Sheet,FY25,us-gaap:InventoryRawMaterialsAndSuppliesNetOfReserves,Kept period-primary filing PG_SEC-XBRL-financials_as-presented_10-K_2025-08-04_0000080424-25-000076.xlsx
balance_sheet,us-gaap:InventoryRawMaterialsAndSuppliesNetOfReserves,FY25,2139.0,PG_SEC-XBRL-financials_as-presented_10-Q_2026-01-23_0000080424-26-000011.xlsx,Balance Sheet,"December 31, 2025",us-gaap:InventoryRawMaterialsAndSuppliesNetOfReserves,Kept period-primary filing PG_SEC-XBRL-financials_as-presented_10-K_2025-08-04_0000080424-25-000076.xlsx
balance_sheet,us-gaap:InventoryWorkInProcessNetOfReserves,FY25,1012.0,PG_SEC-XBRL-financials_as-presented_10-K_2025-08-04_0000080424-25-000076.xlsx,Balance Sheet,FY25,us-gaap:InventoryWorkInProcessNetOfReserves,Kept period-primary filing PG_SEC-XBRL-financials_as-presented_10-K_2025-08-04_0000080424-25-000076.xlsx
balance_sheet,us-gaap:InventoryWorkInProcessNetOfReserves,FY25,1007.0,PG_SEC-XBRL-financials_as-presented_10-Q_2026-01-23_0000080424-26-000011.xlsx,Balance Sheet,"December 31, 2025",us-gaap:InventoryWorkInProcessNetOfReserves,Kept period-primary filing PG_SEC-XBRL-financials_as-presented_10-K_2025-08-04_0000080424-25-000076.xlsx
balance_sheet,us-gaap:InventoryFinishedGoodsNetOfReserves,FY25,4516.0,PG_SEC-XBRL-financials_as-presented_10-K_2025-08-04_0000080424-25-000076.xlsx,Balance Sheet,FY25,us-gaap:InventoryFinishedGoodsNetOfReserves,Kept period-primary filing PG_SEC-XBRL-financials_as-presented_10-K_2025-08-04_0000080424-25-000076.xlsx
balance_sheet,us-gaap:InventoryFinishedGoodsNetOfReserves,FY25,4672.0,PG_SEC-XBRL-financials_as-presented_10-Q_2026-01-23_0000080424-26-000011.xlsx,Balance Sheet,"December 31, 2025",us-gaap:InventoryFinishedGoodsNetOfReserves,Kept period-primary filing PG_SEC-XBRL-financials_as-presented_10-K_2025-08-04_0000080424-25-000076.xlsx
balance_sheet,us-gaap:InventoryNet,FY25,7551.0,PG_SEC-XBRL-financials_as-presented_10-K_2025-08-04_0000080424-25-000076.xlsx,Balance Sheet,FY25,us-gaap:InventoryNet,Kept period-primary filing PG_SEC-XBRL-financials_as-presented_10-K_2025-08-04_0000080424-25-000076.xlsx
balance_sheet,us-gaap:InventoryNet,FY25,7817.0,PG_SEC-XBRL-financials_as-presented_10-Q_2026-01-23_0000080424-26-000011.xlsx,Balance Sheet,"December 31, 2025",us-gaap:InventoryNet,Kept period-primary filing PG_SEC-XBRL-financials_as-presented_10-K_2025-08-04_0000080424-25-000076.xlsx
balance_sheet,us-gaap:PrepaidExpenseAndOtherAssetsCurrent,FY25,2100.0,PG_SEC-XBRL-financials_as-presented_10-K_2025-08-04_0000080424-25-000076.xlsx,Balance Sheet,FY25,us-gaap:PrepaidExpenseAndOtherAssetsCurrent,Kept period-primary filing PG_SEC-XBRL-financials_as-presented_10-K_2025-08-04_0000080424-25-000076.xlsx
balance_sheet,us-gaap:PrepaidExpenseAndOtherAssetsCurrent,FY25,1666.0,PG_SEC-XBRL-financials_as-presented_10-Q_2026-01-23_0000080424-26-000011.xlsx,Balance Sheet,"December 31, 2025",us-gaap:PrepaidExpenseAndOtherAssetsCurrent,Kept period-primary filing PG_SEC-XBRL-financials_as-presented_10-K_2025-08-04_0000080424-25-000076.xlsx
balance_sheet,us-gaap:AssetsCurrent,FY25,25392.0,PG_SEC-XBRL-financials_as-presented_10-K_2025-08-04_0000080424-25-000076.xlsx,Balance Sheet,FY25,us-gaap:AssetsCurrent,Kept period-primary filing PG_SEC-XBRL-financials_as-presented_10-K_2025-08-04_0000080424-25-000076.xlsx
balance_sheet,us-gaap:AssetsCurrent,FY25,26588.0,PG_SEC-XBRL-financials_as-presented_10-Q_2026-01-23_0000080424-26-000011.xlsx,Balance Sheet,"December 31, 2025",us-gaap:AssetsCurrent,Kept period-primary filing PG_SEC-XBRL-financials_as-presented_10-K_2025-08-04_0000080424-25-000076.xlsx
balance_sheet,us-gaap:PropertyPlantAndEquipmentNet,FY25,23897.0,PG_SEC-XBRL-financials_as-presented_10-K_2025-08-04_0000080424-25-000076.xlsx,Balance Sheet,FY25,us-gaap:PropertyPlantAndEquipmentNet,Kept period-primary filing PG_SEC-XBRL-financials_as-presented_10-K_2025-08-04_0000080424-25-000076.xlsx
balance_sheet,us-gaap:PropertyPlantAndEquipmentNet,FY25,24487.0,PG_SEC-XBRL-financials_as-presented_10-Q_2026-01-23_0000080424-26-000011.xlsx,Balance Sheet,"December 31, 2025",us-gaap:PropertyPlantAndEquipmentNet,Kept period-primary filing PG_SEC-XBRL-financials_as-presented_10-K_2025-08-04_0000080424-25-000076.xlsx
balance_sheet,us-gaap:Goodwill,FY25,41650.0,PG_SEC-XBRL-financials_as-presented_10-K_2025-08-04_0000080424-25-000076.xlsx,Balance Sheet,FY25,us-gaap:Goodwill,Kept period-primary filing PG_SEC-XBRL-financials_as-presented_10-K_2025-08-04_0000080424-25-000076.xlsx
balance_sheet,us-gaap:Goodwill,FY25,41665.0,PG_SEC-XBRL-financials_as-presented_10-Q_2026-01-23_0000080424-26-000011.xlsx,Balance Sheet,"December 31, 2025",us-gaap:Goodwill,Kept period-primary filing PG_SEC-XBRL-financials_as-presented_10-K_2025-08-04_0000080424-25-000076.xlsx
balance_sheet,us-gaap:IntangibleAssetsNetExcludingGoodwill,FY25,21910.0,PG_SEC-XBRL-financials_as-presented_10-K_2025-08-04_0000080424-25-000076.xlsx,Balance Sheet,FY25,us-gaap:IntangibleAssetsNetExcludingGoodwill,Kept period-primary filing PG_SEC-XBRL-financials_as-presented_10-K_2025-08-04_0000080424-25-000076.xlsx
balance_sheet,us-gaap:IntangibleAssetsNetExcludingGoodwill,FY25,21737.0,PG_SEC-XBRL-financials_as-presented_10-Q_2026-01-23_0000080424-26-000011.xlsx,Balance Sheet,"December 31, 2025",us-gaap:IntangibleAssetsNetExcludingGoodwill,Kept period-primary filing PG_SEC-XBRL-financials_as-presented_10-K_2025-08-04_0000080424-25-000076.xlsx
balance_sheet,us-gaap:OtherAssetsNoncurrent,FY25,12381.0,PG_SEC-XBRL-financials_as-presented_10-K_2025-08-04_0000080424-25-000076.xlsx,Balance Sheet,FY25,us-gaap:OtherAssetsNoncurrent,Kept period-primary filing PG_SEC-XBRL-financials_as-presented_10-K_2025-08-04_0000080424-25-000076.xlsx
balance_sheet,us-gaap:OtherAssetsNoncurrent,FY25,12809.0,PG_SEC-XBRL-financials_as-presented_10-Q_2026-01-23_0000080424-26-000011.xlsx,Balance Sheet,"December 31, 2025",us-gaap:OtherAssetsNoncurrent,Kept period-primary filing PG_SEC-XBRL-financials_as-presented_10-K_2025-08-04_0000080424-25-000076.xlsx
balance_sheet,us-gaap:Assets,FY25,125231.0,PG_SEC-XBRL-financials_as-presented_10-K_2025-08-04_0000080424-25-000076.xlsx,Balance Sheet,FY25,us-gaap:Assets,Kept period-primary filing PG_SEC-XBRL-financials_as-presented_10-K_2025-08-04_0000080424-25-000076.xlsx
balance_sheet,us-gaap:Assets,FY25,127286.0,PG_SEC-XBRL-financials_as-presented_10-Q_2026-01-23_0000080424-26-000011.xlsx,Balance Sheet,"December 31, 2025",us-gaap:Assets,Kept period-primary filing PG_SEC-XBRL-financials_as-presented_10-K_2025-08-04_0000080424-25-000076.xlsx
balance_sheet,us-gaap:AccountsPayableCurrent,FY25,15227.0,PG_SEC-XBRL-financials_as-presented_10-K_2025-08-04_0000080424-25-000076.xlsx,Balance Sheet,FY25,us-gaap:AccountsPayableCurrent,Kept period-primary filing PG_SEC-XBRL-financials_as-presented_10-K_2025-08-04_0000080424-25-000076.xlsx
balance_sheet,us-gaap:AccountsPayableCurrent,FY25,15173.0,PG_SEC-XBRL-financials_as-presented_10-Q_2026-01-23_0000080424-26-000011.xlsx,Balance Sheet,"December 31, 2025",us-gaap:AccountsPayableCurrent,Kept period-primary filing PG_SEC-XBRL-financials_as-presented_10-K_2025-08-04_0000080424-25-000076.xlsx
balance_sheet,us-gaap:AccruedLiabilitiesCurrent,FY25,11318.0,PG_SEC-XBRL-financials_as-presented_10-K_2025-08-04_0000080424-25-000076.xlsx,Balance Sheet,FY25,us-gaap:AccruedLiabilitiesCurrent,Kept period-primary filing PG_SEC-XBRL-financials_as-presented_10-K_2025-08-04_0000080424-25-000076.xlsx
balance_sheet,us-gaap:AccruedLiabilitiesCurrent,FY25,10463.0,PG_SEC-XBRL-financials_as-presented_10-Q_2026-01-23_0000080424-26-000011.xlsx,Balance Sheet,"December 31, 2025",us-gaap:AccruedLiabilitiesCurrent,Kept period-primary filing PG_SEC-XBRL-financials_as-presented_10-K_2025-08-04_0000080424-25-000076.xlsx
balance_sheet,us-gaap:DebtCurrent,FY25,9513.0,PG_SEC-XBRL-financials_as-presented_10-K_2025-08-04_0000080424-25-000076.xlsx,Balance Sheet,FY25,us-gaap:DebtCurrent,Kept period-primary filing PG_SEC-XBRL-financials_as-presented_10-K_2025-08-04_0000080424-25-000076.xlsx
balance_sheet,us-gaap:DebtCurrent,FY25,11062.0,PG_SEC-XBRL-financials_as-presented_10-Q_2026-01-23_0000080424-26-000011.xlsx,Balance Sheet,"December 31, 2025",us-gaap:DebtCurrent,Kept period-primary filing PG_SEC-XBRL-financials_as-presented_10-K_2025-08-04_0000080424-25-000076.xlsx
balance_sheet,us-gaap:LiabilitiesCurrent,FY25,36058.0,PG_SEC-XBRL-financials_as-presented_10-K_2025-08-04_0000080424-25-000076.xlsx,Balance Sheet,FY25,us-gaap:LiabilitiesCurrent,Kept period-primary filing PG_SEC-XBRL-financials_as-presented_10-K_2025-08-04_0000080424-25-000076.xlsx
balance_sheet,us-gaap:LiabilitiesCurrent,FY25,36699.0,PG_SEC-XBRL-financials_as-presented_10-Q_2026-01-23_0000080424-26-000011.xlsx,Balance Sheet,"December 31, 2025",us-gaap:LiabilitiesCurrent,Kept period-primary filing PG_SEC-XBRL-financials_as-presented_10-K_2025-08-04_0000080424-25-000076.xlsx
balance_sheet,us-gaap:LongTermDebtNoncurrent,FY25,24995.0,PG_SEC-XBRL-financials_as-presented_10-K_2025-08-04_0000080424-25-000076.xlsx,Balance Sheet,FY25,us-gaap:LongTermDebtNoncurrent,Kept period-primary filing PG_SEC-XBRL-financials_as-presented_10-K_2025-08-04_0000080424-25-000076.xlsx
balance_sheet,us-gaap:LongTermDebtNoncurrent,FY25,25577.0,PG_SEC-XBRL-financials_as-presented_10-Q_2026-01-23_0000080424-26-000011.xlsx,Balance Sheet,"December 31, 2025",us-gaap:LongTermDebtNoncurrent,Kept period-primary filing PG_SEC-XBRL-financials_as-presented_10-K_2025-08-04_0000080424-25-000076.xlsx
balance_sheet,us-gaap:DeferredIncomeTaxLiabilitiesNet,FY25,5774.0,PG_SEC-XBRL-financials_as-presented_10-K_2025-08-04_0000080424-25-000076.xlsx,Balance Sheet,FY25,us-gaap:DeferredIncomeTaxLiabilitiesNet,Kept period-primary filing PG_SEC-XBRL-financials_as-presented_10-K_2025-08-04_0000080424-25-000076.xlsx
balance_sheet,us-gaap:DeferredIncomeTaxLiabilitiesNet,FY25,5974.0,PG_SEC-XBRL-financials_as-presented_10-Q_2026-01-23_0000080424-26-000011.xlsx,Balance Sheet,"December 31, 2025",us-gaap:DeferredIncomeTaxLiabilitiesNet,Kept period-primary filing PG_SEC-XBRL-financials_as-presented_10-K_2025-08-04_0000080424-25-000076.xlsx
balance_sheet,us-gaap:OtherLiabilitiesNoncurrent,FY25,6120.0,PG_SEC-XBRL-financials_as-presented_10-K_2025-08-04_0000080424-25-000076.xlsx,Balance Sheet,FY25,us-gaap:OtherLiabilitiesNoncurrent,Kept period-primary filing PG_SEC-XBRL-financials_as-presented_10-K_2025-08-04_0000080424-25-000076.xlsx
balance_sheet,us-gaap:OtherLiabilitiesNoncurrent,FY25,5719.0,PG_SEC-XBRL-financials_as-presented_10-Q_2026-01-23_0000080424-26-000011.xlsx,Balance Sheet,"December 31, 2025",us-gaap:OtherLiabilitiesNoncurrent,Kept period-primary filing PG_SEC-XBRL-financials_as-presented_10-K_2025-08-04_0000080424-25-000076.xlsx
balance_sheet,us-gaap:Liabilities,FY25,72946.0,PG_SEC-XBRL-financials_as-presented_10-K_2025-08-04_0000080424-25-000076.xlsx,Balance Sheet,FY25,us-gaap:Liabilities,Kept period-primary filing PG_SEC-XBRL-financials_as-presented_10-K_2025-08-04_0000080424-25-000076.xlsx
balance_sheet,us-gaap:Liabilities,FY25,73969.0,PG_SEC-XBRL-financials_as-presented_10-Q_2026-01-23_0000080424-26-000011.xlsx,Balance Sheet,"December 31, 2025",us-gaap:Liabilities,Kept period-primary filing PG_SEC-XBRL-financials_as-presented_10-K_2025-08-04_0000080424-25-000076.xlsx
balance_sheet,us-gaap:AdditionalPaidInCapital,FY25,68770.0,PG_SEC-XBRL-financials_as-presented_10-K_2025-08-04_0000080424-25-000076.xlsx,Balance Sheet,FY25,us-gaap:AdditionalPaidInCapital,Kept period-primary filing PG_SEC-XBRL-financials_as-presented_10-K_2025-08-04_0000080424-25-000076.xlsx
balance_sheet,us-gaap:AdditionalPaidInCapital,FY25,69010.0,PG_SEC-XBRL-financials_as-presented_10-Q_2026-01-23_0000080424-26-000011.xlsx,Balance Sheet,"December 31, 2025",us-gaap:AdditionalPaidInCapital,Kept period-primary filing PG_SEC-XBRL-financials_as-presented_10-K_2025-08-04_0000080424-25-000076.xlsx
balance_sheet,pg:ReserveForEsopDebtRetirement,FY25,-672.0,PG_SEC-XBRL-financials_as-presented_10-K_2025-08-04_0000080424-25-000076.xlsx,Balance Sheet,FY25,pg:ReserveForEsopDebtRetirement,Kept period-primary filing PG_SEC-XBRL-financials_as-presented_10-K_2025-08-04_0000080424-25-000076.xlsx
balance_sheet,pg:ReserveForEsopDebtRetirement,FY25,-637.0,PG_SEC-XBRL-financials_as-presented_10-Q_2026-01-23_0000080424-26-000011.xlsx,Balance Sheet,"December 31, 2025",pg:ReserveForEsopDebtRetirement,Kept period-primary filing PG_SEC-XBRL-financials_as-presented_10-K_2025-08-04_0000080424-25-000076.xlsx
balance_sheet,us-gaap:AccumulatedOtherComprehensiveIncomeLossNetOfTax,FY25,-12143.0,PG_SEC-XBRL-financials_as-presented_10-K_2025-08-04_0000080424-25-000076.xlsx,Balance Sheet,FY25,us-gaap:AccumulatedOtherComprehensiveIncomeLossNetOfTax,Kept period-primary filing PG_SEC-XBRL-financials_as-presented_10-K_2025-08-04_0000080424-25-000076.xlsx
balance_sheet,us-gaap:AccumulatedOtherComprehensiveIncomeLossNetOfTax,FY25,-12108.0,PG_SEC-XBRL-financials_as-presented_10-Q_2026-01-23_0000080424-26-000011.xlsx,Balance Sheet,"December 31, 2025",us-gaap:AccumulatedOtherComprehensiveIncomeLossNetOfTax,Kept period-primary filing PG_SEC-XBRL-financials_as-presented_10-K_2025-08-04_0000080424-25-000076.xlsx
balance_sheet,us-gaap:TreasuryStockCommonShares,FY25,-138702.0,PG_SEC-XBRL-financials_as-presented_10-K_2025-08-04_0000080424-25-000076.xlsx,Balance Sheet,FY25,us-gaap:TreasuryStockCommonShares,Kept period-primary filing PG_SEC-XBRL-financials_as-presented_10-K_2025-08-04_0000080424-25-000076.xlsx
balance_sheet,us-gaap:TreasuryStockCommonShares,FY25,-141981.0,PG_SEC-XBRL-financials_as-presented_10-Q_2026-01-23_0000080424-26-000011.xlsx,Balance Sheet,"December 31, 2025",us-gaap:TreasuryStockCommonValue,Kept period-primary filing PG_SEC-XBRL-financials_as-presented_10-K_2025-08-04_0000080424-25-000076.xlsx
balance_sheet,us-gaap:RetainedEarningsAccumulatedDeficit,FY25,129973.0,PG_SEC-XBRL-financials_as-presented_10-K_2025-08-04_0000080424-25-000076.xlsx,Balance Sheet,FY25,us-gaap:RetainedEarningsAccumulatedDeficit,Kept period-primary filing PG_SEC-XBRL-financials_as-presented_10-K_2025-08-04_0000080424-25-000076.xlsx
balance_sheet,us-gaap:RetainedEarningsAccumulatedDeficit,FY25,133981.0,PG_SEC-XBRL-financials_as-presented_10-Q_2026-01-23_0000080424-26-000011.xlsx,Balance Sheet,"December 31, 2025",us-gaap:RetainedEarningsAccumulatedDeficit,Kept period-primary filing PG_SEC-XBRL-financials_as-presented_10-K_2025-08-04_0000080424-25-000076.xlsx
balance_sheet,us-gaap:MinorityInterest,FY25,272.0,PG_SEC-XBRL-financials_as-presented_10-K_2025-08-04_0000080424-25-000076.xlsx,Balance Sheet,FY25,us-gaap:MinorityInterest,Kept period-primary filing PG_SEC-XBRL-financials_as-presented_10-K_2025-08-04_0000080424-25-000076.xlsx
balance_sheet,us-gaap:MinorityInterest,FY25,276.0,PG_SEC-XBRL-financials_as-presented_10-Q_2026-01-23_0000080424-26-000011.xlsx,Balance Sheet,"December 31, 2025",us-gaap:MinorityInterest,Kept period-primary filing PG_SEC-XBRL-financials_as-presented_10-K_2025-08-04_0000080424-25-000076.xlsx
balance_sheet,us-gaap:StockholdersEquityIncludingPortionAttributableToNoncontrollingInterest,FY25,52284.0,PG_SEC-XBRL-financials_as-presented_10-K_2025-08-04_0000080424-25-000076.xlsx,Balance Sheet,FY25,us-gaap:StockholdersEquityIncludingPortionAttributableToNoncontrollingInterest,Kept period-primary filing PG_SEC-XBRL-financials_as-presented_10-K_2025-08-04_0000080424-25-000076.xlsx
balance_sheet,us-gaap:StockholdersEquityIncludingPortionAttributableToNoncontrollingInterest,FY25,53317.0,PG_SEC-XBRL-financials_as-presented_10-Q_2026-01-23_0000080424-26-000011.xlsx,Balance Sheet,"December 31, 2025",us-gaap:StockholdersEquityIncludingPortionAttributableToNoncontrollingInterest,Kept period-primary filing PG_SEC-XBRL-financials_as-presented_10-K_2025-08-04_0000080424-25-000076.xlsx
balance_sheet,us-gaap:LiabilitiesAndStockholdersEquity,FY25,125231.0,PG_SEC-XBRL-financials_as-presented_10-K_2025-08-04_0000080424-25-000076.xlsx,Balance Sheet,FY25,us-gaap:LiabilitiesAndStockholdersEquity,Kept period-primary filing PG_SEC-XBRL-financials_as-presented_10-K_2025-08-04_0000080424-25-000076.xlsx
balance_sheet,us-gaap:LiabilitiesAndStockholdersEquity,FY25,127286.0,PG_SEC-XBRL-financials_as-presented_10-Q_2026-01-23_0000080424-26-000011.xlsx,Balance Sheet,"December 31, 2025",us-gaap:LiabilitiesAndStockholdersEquity,Kept period-primary filing PG_SEC-XBRL-financials_as-presented_10-K_2025-08-04_0000080424-25-000076.xlsx
