statement_type,canonical_row_id,master_display_label,output_period,value,source_file,source_sheet,source_column,raw_line_label,raw_concept,source_method,derivation_formula
income_statement,us-gaap:RevenueFromContractWithCustomerExcludingAssessedTax,Revenue,1Q19,1541.101,ADI_SEC-XBRL-financials_as-presented_10-Q_2019-02-20_0000006281-19-000013.xlsx,Income Statement,"ANALOG DEVICES, INC.CONDENSED CONSOLIDATED STATEMENTS OF INCOME(Unaudited)(in thousands, except per share amounts) Three Months Ended February 2, 2019",Revenue,html:revenue,reported,
income_statement,us-gaap:CostOfGoodsAndServicesSold,Cost of sales,1Q19,506.529,ADI_SEC-XBRL-financials_as-presented_10-Q_2019-02-20_0000006281-19-000013.xlsx,Income Statement,"ANALOG DEVICES, INC.CONDENSED CONSOLIDATED STATEMENTS OF INCOME(Unaudited)(in thousands, except per share amounts) Three Months Ended February 2, 2019",Cost of sales; Cost of sales (1),html:cost-of-sales + html:cost-of-sales-1,summed_within_file,SUM(html:cost-of-sales + html:cost-of-sales-1) in ADI_SEC-XBRL-financials_as-presented_10-Q_2019-02-20_0000006281-19-000013.xlsx
income_statement,us-gaap:GrossProfit,Gross margin,1Q19,1039.656,ADI_SEC-XBRL-financials_as-presented_10-Q_2019-02-20_0000006281-19-000013.xlsx,Income Statement,"ANALOG DEVICES, INC.CONDENSED CONSOLIDATED STATEMENTS OF INCOME(Unaudited)(in thousands, except per share amounts) Three Months Ended February 2, 2019",Gross margin,html:gross-margin,reported,
income_statement,us-gaap:ResearchAndDevelopmentExpense,Research and development,1Q19,306.307,ADI_SEC-XBRL-financials_as-presented_10-Q_2019-02-20_0000006281-19-000013.xlsx,Income Statement,"ANALOG DEVICES, INC.CONDENSED CONSOLIDATED STATEMENTS OF INCOME(Unaudited)(in thousands, except per share amounts) Three Months Ended February 2, 2019",Research and development; Research and development (1),html:research-and-development + html:research-and-development-1,summed_within_file,SUM(html:research-and-development + html:research-and-development-1) in ADI_SEC-XBRL-financials_as-presented_10-Q_2019-02-20_0000006281-19-000013.xlsx
income_statement,us-gaap:SellingGeneralAndAdministrativeExpense,"Selling, marketing, general and administrative",1Q19,179.726,ADI_SEC-XBRL-financials_as-presented_10-Q_2019-02-20_0000006281-19-000013.xlsx,Income Statement,"ANALOG DEVICES, INC.CONDENSED CONSOLIDATED STATEMENTS OF INCOME(Unaudited)(in thousands, except per share amounts) Three Months Ended February 2, 2019","Selling, marketing, general and administrative; Selling, marketing, general and administrative (1)",html:selling-marketing-general-and-administrative + html:selling-marketing-general-and-administrative-1,summed_within_file,SUM(html:selling-marketing-general-and-administrative + html:selling-marketing-general-and-administrative-1) in ADI_SEC-XBRL-financials_as-presented_10-Q_2019-02-20_0000006281-19-000013.xlsx
income_statement,adi:AmortizationofintangibleAssetsOperatingExpenses,Amortization of intangibles,1Q19,107.324,ADI_SEC-XBRL-financials_as-presented_10-Q_2019-02-20_0000006281-19-000013.xlsx,Income Statement,"ANALOG DEVICES, INC.CONDENSED CONSOLIDATED STATEMENTS OF INCOME(Unaudited)(in thousands, except per share amounts) Three Months Ended February 2, 2019",Amortization of intangibles,html:amortization-of-intangibles,reported,
income_statement,us-gaap:RestructuringCharges,Special charges,1Q19,21.782,ADI_SEC-XBRL-financials_as-presented_10-Q_2019-02-20_0000006281-19-000013.xlsx,Income Statement,"ANALOG DEVICES, INC.CONDENSED CONSOLIDATED STATEMENTS OF INCOME(Unaudited)(in thousands, except per share amounts) Three Months Ended February 2, 2019",Special charges,html:special-charges,reported,
income_statement,us-gaap:OperatingIncomeLoss,Operating income,1Q19,455.826,ADI_SEC-XBRL-financials_as-presented_10-Q_2019-02-20_0000006281-19-000013.xlsx,Income Statement,"ANALOG DEVICES, INC.CONDENSED CONSOLIDATED STATEMENTS OF INCOME(Unaudited)(in thousands, except per share amounts) Three Months Ended February 2, 2019",Operating income,html:operating-income,reported,
income_statement,us-gaap:InterestExpense,Interest expense,1Q19,58.728,ADI_SEC-XBRL-financials_as-presented_10-Q_2019-02-20_0000006281-19-000013.xlsx,Income Statement,"ANALOG DEVICES, INC.CONDENSED CONSOLIDATED STATEMENTS OF INCOME(Unaudited)(in thousands, except per share amounts) Three Months Ended February 2, 2019",Interest expense,html:interest-expense,reported,
income_statement,us-gaap:InvestmentIncomeInterest,Interest income,1Q19,-2.688,ADI_SEC-XBRL-financials_as-presented_10-Q_2019-02-20_0000006281-19-000013.xlsx,Income Statement,"ANALOG DEVICES, INC.CONDENSED CONSOLIDATED STATEMENTS OF INCOME(Unaudited)(in thousands, except per share amounts) Three Months Ended February 2, 2019",Interest income,html:interest-income,reported,
income_statement,us-gaap:OtherNonoperatingIncomeExpense,"Other, net",1Q19,-0.16,ADI_SEC-XBRL-financials_as-presented_10-Q_2019-02-20_0000006281-19-000013.xlsx,Income Statement,"ANALOG DEVICES, INC.CONDENSED CONSOLIDATED STATEMENTS OF INCOME(Unaudited)(in thousands, except per share amounts) Three Months Ended February 2, 2019","Other, net",html:other-net,reported,
income_statement,us-gaap:IncomeLossFromContinuingOperationsBeforeIncomeTaxesMinorityInterestAndIncomeLossFromEquityMethodInvestments,Income before income taxes,1Q19,399.946,ADI_SEC-XBRL-financials_as-presented_10-Q_2019-02-20_0000006281-19-000013.xlsx,Income Statement,"ANALOG DEVICES, INC.CONDENSED CONSOLIDATED STATEMENTS OF INCOME(Unaudited)(in thousands, except per share amounts) Three Months Ended February 2, 2019",Income before income taxes,html:income-before-income-taxes,reported,
income_statement,us-gaap:IncomeTaxExpenseBenefit,Provision for income taxes,1Q19,44.94,ADI_SEC-XBRL-financials_as-presented_10-Q_2019-02-20_0000006281-19-000013.xlsx,Income Statement,"ANALOG DEVICES, INC.CONDENSED CONSOLIDATED STATEMENTS OF INCOME(Unaudited)(in thousands, except per share amounts) Three Months Ended February 2, 2019",Provision for income taxes,html:provision-for-income-taxes,reported,
income_statement,us-gaap:NetIncomeLoss,Net income,1Q19,355.006,ADI_SEC-XBRL-financials_as-presented_10-Q_2019-02-20_0000006281-19-000013.xlsx,Income Statement,"ANALOG DEVICES, INC.CONDENSED CONSOLIDATED STATEMENTS OF INCOME(Unaudited)(in thousands, except per share amounts) Three Months Ended February 2, 2019",Net income,html:net-income,reported,
income_statement,us-gaap:WeightedAverageNumberOfSharesOutstandingBasic,Shares used to compute earnings per common share – basic,1Q19,368.703,ADI_SEC-XBRL-financials_as-presented_10-Q_2019-02-20_0000006281-19-000013.xlsx,Income Statement,"ANALOG DEVICES, INC.CONDENSED CONSOLIDATED STATEMENTS OF INCOME(Unaudited)(in thousands, except per share amounts) Three Months Ended February 2, 2019",Shares used to compute earnings per common share – basic,html:shares-used-to-compute-earnings-per-common-share-basic,reported,
income_statement,us-gaap:WeightedAverageNumberOfDilutedSharesOutstanding,Shares used to compute earnings per common share – diluted,1Q19,372.506,ADI_SEC-XBRL-financials_as-presented_10-Q_2019-02-20_0000006281-19-000013.xlsx,Income Statement,"ANALOG DEVICES, INC.CONDENSED CONSOLIDATED STATEMENTS OF INCOME(Unaudited)(in thousands, except per share amounts) Three Months Ended February 2, 2019",Shares used to compute earnings per common share – diluted,html:shares-used-to-compute-earnings-per-common-share-diluted,reported,
income_statement,us-gaap:IncomeLossFromContinuingOperationsPerBasicShare,Basic earnings per common share,1Q19,0.96,ADI_SEC-XBRL-financials_as-presented_10-Q_2019-02-20_0000006281-19-000013.xlsx,Income Statement,"ANALOG DEVICES, INC.CONDENSED CONSOLIDATED STATEMENTS OF INCOME(Unaudited)(in thousands, except per share amounts) Three Months Ended February 2, 2019",Basic earnings per common share,html:basic-earnings-per-common-share,reported,
income_statement,us-gaap:IncomeLossFromContinuingOperationsPerDilutedShare,Diluted earnings per common share,1Q19,0.95,ADI_SEC-XBRL-financials_as-presented_10-Q_2019-02-20_0000006281-19-000013.xlsx,Income Statement,"ANALOG DEVICES, INC.CONDENSED CONSOLIDATED STATEMENTS OF INCOME(Unaudited)(in thousands, except per share amounts) Three Months Ended February 2, 2019",Diluted earnings per common share,html:diluted-earnings-per-common-share,reported,
income_statement,html:dividends-declared-and-paid-per-share,Dividends declared and paid per share,1Q19,0.48,ADI_SEC-XBRL-financials_as-presented_10-Q_2019-02-20_0000006281-19-000013.xlsx,Income Statement,"ANALOG DEVICES, INC.CONDENSED CONSOLIDATED STATEMENTS OF INCOME(Unaudited)(in thousands, except per share amounts) Three Months Ended February 2, 2019",Dividends declared and paid per share,html:dividends-declared-and-paid-per-share,reported,
balance_sheet,html:cash-and-cash-equivalents,Cash and cash equivalents,1Q19,605.864,ADI_SEC-XBRL-financials_as-presented_10-Q_2019-02-20_0000006281-19-000013.xlsx,Balance Sheet,"ANALOG DEVICES, INC.CONDENSED CONSOLIDATED BALANCE SHEETS(Unaudited)(in thousands, except share and per share amounts) February 2, 2019",Cash and cash equivalents,html:cash-and-cash-equivalents,reported,
balance_sheet,html:accounts-receivable,Accounts receivable,1Q19,713.73,ADI_SEC-XBRL-financials_as-presented_10-Q_2019-02-20_0000006281-19-000013.xlsx,Balance Sheet,"ANALOG DEVICES, INC.CONDENSED CONSOLIDATED BALANCE SHEETS(Unaudited)(in thousands, except share and per share amounts) February 2, 2019",Accounts receivable,html:accounts-receivable,reported,
balance_sheet,html:inventories-2,Inventories (2),1Q19,593.211,ADI_SEC-XBRL-financials_as-presented_10-Q_2019-02-20_0000006281-19-000013.xlsx,Balance Sheet,"ANALOG DEVICES, INC.CONDENSED CONSOLIDATED BALANCE SHEETS(Unaudited)(in thousands, except share and per share amounts) February 2, 2019",Inventories (2),html:inventories-2,reported,
balance_sheet,html:prepaid-income-tax,Prepaid income tax,1Q19,3.831,ADI_SEC-XBRL-financials_as-presented_10-Q_2019-02-20_0000006281-19-000013.xlsx,Balance Sheet,"ANALOG DEVICES, INC.CONDENSED CONSOLIDATED BALANCE SHEETS(Unaudited)(in thousands, except share and per share amounts) February 2, 2019",Prepaid income tax,html:prepaid-income-tax,reported,
balance_sheet,html:prepaid-expenses-and-other-current-assets,Prepaid expenses and other current assets,1Q19,68.544,ADI_SEC-XBRL-financials_as-presented_10-Q_2019-02-20_0000006281-19-000013.xlsx,Balance Sheet,"ANALOG DEVICES, INC.CONDENSED CONSOLIDATED BALANCE SHEETS(Unaudited)(in thousands, except share and per share amounts) February 2, 2019",Prepaid expenses and other current assets,html:prepaid-expenses-and-other-current-assets,reported,
balance_sheet,html:total-current-assets,Total current assets,1Q19,1985.18,ADI_SEC-XBRL-financials_as-presented_10-Q_2019-02-20_0000006281-19-000013.xlsx,Balance Sheet,"ANALOG DEVICES, INC.CONDENSED CONSOLIDATED BALANCE SHEETS(Unaudited)(in thousands, except share and per share amounts) February 2, 2019",Total current assets,html:total-current-assets,reported,
balance_sheet,html:land-and-buildings,Land and buildings,1Q19,887.765,ADI_SEC-XBRL-financials_as-presented_10-Q_2019-02-20_0000006281-19-000013.xlsx,Balance Sheet,"ANALOG DEVICES, INC.CONDENSED CONSOLIDATED BALANCE SHEETS(Unaudited)(in thousands, except share and per share amounts) February 2, 2019",Land and buildings,html:land-and-buildings,reported,
balance_sheet,html:machinery-and-equipment,Machinery and equipment,1Q19,2530.281,ADI_SEC-XBRL-financials_as-presented_10-Q_2019-02-20_0000006281-19-000013.xlsx,Balance Sheet,"ANALOG DEVICES, INC.CONDENSED CONSOLIDATED BALANCE SHEETS(Unaudited)(in thousands, except share and per share amounts) February 2, 2019",Machinery and equipment,html:machinery-and-equipment,reported,
balance_sheet,html:office-equipment,Office equipment,1Q19,78.048,ADI_SEC-XBRL-financials_as-presented_10-Q_2019-02-20_0000006281-19-000013.xlsx,Balance Sheet,"ANALOG DEVICES, INC.CONDENSED CONSOLIDATED BALANCE SHEETS(Unaudited)(in thousands, except share and per share amounts) February 2, 2019",Office equipment,html:office-equipment,reported,
balance_sheet,html:leasehold-improvements,Leasehold improvements,1Q19,117.829,ADI_SEC-XBRL-financials_as-presented_10-Q_2019-02-20_0000006281-19-000013.xlsx,Balance Sheet,"ANALOG DEVICES, INC.CONDENSED CONSOLIDATED BALANCE SHEETS(Unaudited)(in thousands, except share and per share amounts) February 2, 2019",Leasehold improvements,html:leasehold-improvements,reported,
balance_sheet,html:less-accumulated-depreciation-and-amortization,Less accumulated depreciation and amortization,1Q19,2432.188,ADI_SEC-XBRL-financials_as-presented_10-Q_2019-02-20_0000006281-19-000013.xlsx,Balance Sheet,"ANALOG DEVICES, INC.CONDENSED CONSOLIDATED BALANCE SHEETS(Unaudited)(in thousands, except share and per share amounts) February 2, 2019",Less accumulated depreciation and amortization,html:less-accumulated-depreciation-and-amortization,reported,
balance_sheet,html:net-property-plant-and-equipment,"Net property, plant and equipment",1Q19,1181.735,ADI_SEC-XBRL-financials_as-presented_10-Q_2019-02-20_0000006281-19-000013.xlsx,Balance Sheet,"ANALOG DEVICES, INC.CONDENSED CONSOLIDATED BALANCE SHEETS(Unaudited)(in thousands, except share and per share amounts) February 2, 2019","Net property, plant and equipment",html:net-property-plant-and-equipment,reported,
balance_sheet,html:deferred-compensation-plan-investments,Deferred compensation plan investments,1Q19,43.37,ADI_SEC-XBRL-financials_as-presented_10-Q_2019-02-20_0000006281-19-000013.xlsx,Balance Sheet,"ANALOG DEVICES, INC.CONDENSED CONSOLIDATED BALANCE SHEETS(Unaudited)(in thousands, except share and per share amounts) February 2, 2019",Deferred compensation plan investments,html:deferred-compensation-plan-investments,reported,
balance_sheet,html:other-investments,Other investments,1Q19,34.757,ADI_SEC-XBRL-financials_as-presented_10-Q_2019-02-20_0000006281-19-000013.xlsx,Balance Sheet,"ANALOG DEVICES, INC.CONDENSED CONSOLIDATED BALANCE SHEETS(Unaudited)(in thousands, except share and per share amounts) February 2, 2019",Other investments,html:other-investments,reported,
balance_sheet,html:goodwill,Goodwill,1Q19,12253.891,ADI_SEC-XBRL-financials_as-presented_10-Q_2019-02-20_0000006281-19-000013.xlsx,Balance Sheet,"ANALOG DEVICES, INC.CONDENSED CONSOLIDATED BALANCE SHEETS(Unaudited)(in thousands, except share and per share amounts) February 2, 2019",Goodwill,html:goodwill,reported,
balance_sheet,html:intangible-assets-net,"Intangible assets, net",1Q19,4631.697,ADI_SEC-XBRL-financials_as-presented_10-Q_2019-02-20_0000006281-19-000013.xlsx,Balance Sheet,"ANALOG DEVICES, INC.CONDENSED CONSOLIDATED BALANCE SHEETS(Unaudited)(in thousands, except share and per share amounts) February 2, 2019","Intangible assets, net",html:intangible-assets-net,reported,
balance_sheet,html:deferred-tax-assets,Deferred tax assets,1Q19,1634.719,ADI_SEC-XBRL-financials_as-presented_10-Q_2019-02-20_0000006281-19-000013.xlsx,Balance Sheet,"ANALOG DEVICES, INC.CONDENSED CONSOLIDATED BALANCE SHEETS(Unaudited)(in thousands, except share and per share amounts) February 2, 2019",Deferred tax assets,html:deferred-tax-assets,reported,
balance_sheet,html:other-assets,Other assets:,1Q19,62.929,ADI_SEC-XBRL-financials_as-presented_10-Q_2019-02-20_0000006281-19-000013.xlsx,Balance Sheet,"ANALOG DEVICES, INC.CONDENSED CONSOLIDATED BALANCE SHEETS(Unaudited)(in thousands, except share and per share amounts) February 2, 2019",Other assets,html:other-assets,reported,
balance_sheet,html:total-other-assets,Total other assets,1Q19,18661.363,ADI_SEC-XBRL-financials_as-presented_10-Q_2019-02-20_0000006281-19-000013.xlsx,Balance Sheet,"ANALOG DEVICES, INC.CONDENSED CONSOLIDATED BALANCE SHEETS(Unaudited)(in thousands, except share and per share amounts) February 2, 2019",Total other assets,html:total-other-assets,reported,
balance_sheet,html:accounts-payable,Accounts payable,1Q19,222.552,ADI_SEC-XBRL-financials_as-presented_10-Q_2019-02-20_0000006281-19-000013.xlsx,Balance Sheet,"ANALOG DEVICES, INC.CONDENSED CONSOLIDATED BALANCE SHEETS(Unaudited)(in thousands, except share and per share amounts) February 2, 2019",Accounts payable,html:accounts-payable,reported,
balance_sheet,html:income-taxes-payable,Income taxes payable,1Q19,39.132,ADI_SEC-XBRL-financials_as-presented_10-Q_2019-02-20_0000006281-19-000013.xlsx,Balance Sheet,"ANALOG DEVICES, INC.CONDENSED CONSOLIDATED BALANCE SHEETS(Unaudited)(in thousands, except share and per share amounts) February 2, 2019",Income taxes payable,html:income-taxes-payable,reported,
balance_sheet,html:accrued-liabilities,Accrued liabilities,1Q19,588.271,ADI_SEC-XBRL-financials_as-presented_10-Q_2019-02-20_0000006281-19-000013.xlsx,Balance Sheet,"ANALOG DEVICES, INC.CONDENSED CONSOLIDATED BALANCE SHEETS(Unaudited)(in thousands, except share and per share amounts) February 2, 2019",Accrued liabilities,html:accrued-liabilities,reported,
balance_sheet,html:total-current-liabilities,Total current liabilities,1Q19,849.955,ADI_SEC-XBRL-financials_as-presented_10-Q_2019-02-20_0000006281-19-000013.xlsx,Balance Sheet,"ANALOG DEVICES, INC.CONDENSED CONSOLIDATED BALANCE SHEETS(Unaudited)(in thousands, except share and per share amounts) February 2, 2019",Total current liabilities,html:total-current-liabilities,reported,
balance_sheet,html:long-term-debt,Long-term debt,1Q19,6234.517,ADI_SEC-XBRL-financials_as-presented_10-Q_2019-02-20_0000006281-19-000013.xlsx,Balance Sheet,"ANALOG DEVICES, INC.CONDENSED CONSOLIDATED BALANCE SHEETS(Unaudited)(in thousands, except share and per share amounts) February 2, 2019",Long-term debt,html:long-term-debt,reported,
balance_sheet,html:deferred-income-taxes,Deferred income taxes,1Q19,2288.615,ADI_SEC-XBRL-financials_as-presented_10-Q_2019-02-20_0000006281-19-000013.xlsx,Balance Sheet,"ANALOG DEVICES, INC.CONDENSED CONSOLIDATED BALANCE SHEETS(Unaudited)(in thousands, except share and per share amounts) February 2, 2019",Deferred income taxes,html:deferred-income-taxes,reported,
balance_sheet,html:deferred-compensation-plan-liability,Deferred compensation plan liability,1Q19,43.334,ADI_SEC-XBRL-financials_as-presented_10-Q_2019-02-20_0000006281-19-000013.xlsx,Balance Sheet,"ANALOG DEVICES, INC.CONDENSED CONSOLIDATED BALANCE SHEETS(Unaudited)(in thousands, except share and per share amounts) February 2, 2019",Deferred compensation plan liability,html:deferred-compensation-plan-liability,reported,
balance_sheet,html:other-non-current-liabilities,Other non-current liabilities,1Q19,119.764,ADI_SEC-XBRL-financials_as-presented_10-Q_2019-02-20_0000006281-19-000013.xlsx,Balance Sheet,"ANALOG DEVICES, INC.CONDENSED CONSOLIDATED BALANCE SHEETS(Unaudited)(in thousands, except share and per share amounts) February 2, 2019",Other non-current liabilities,html:other-non-current-liabilities,reported,
balance_sheet,html:total-non-current-liabilities,Total non-current liabilities,1Q19,9392.886,ADI_SEC-XBRL-financials_as-presented_10-Q_2019-02-20_0000006281-19-000013.xlsx,Balance Sheet,"ANALOG DEVICES, INC.CONDENSED CONSOLIDATED BALANCE SHEETS(Unaudited)(in thousands, except share and per share amounts) February 2, 2019",Total non-current liabilities,html:total-non-current-liabilities,reported,
balance_sheet,html:common-stock-0-16-2-3-par-value-1-200-000-000-shares-authorized-368-314-314-shares-outstanding-370-159-553-on-november-3-2018,"Common stock, $0.16 2/3 par value, 1,200,000,000 shares authorized, 368,314,314 shares outstanding (370,159,553 on November 3, 2018)",1Q19,61.387,ADI_SEC-XBRL-financials_as-presented_10-Q_2019-02-20_0000006281-19-000013.xlsx,Balance Sheet,"ANALOG DEVICES, INC.CONDENSED CONSOLIDATED BALANCE SHEETS(Unaudited)(in thousands, except share and per share amounts) February 2, 2019","Common stock, $0.16 2/3 par value, 1,200,000,000 shares authorized, 368,314,314 shares outstanding (370,159,553 on November 3, 2018)",html:common-stock-0-16-2-3-par-value-1-200-000-000-shares-authorized-368-314-314-shares-outstanding-370-159-553-on-november-3-2018,reported,
balance_sheet,html:capital-in-excess-of-par-value,Capital in excess of par value,1Q19,5111.058,ADI_SEC-XBRL-financials_as-presented_10-Q_2019-02-20_0000006281-19-000013.xlsx,Balance Sheet,"ANALOG DEVICES, INC.CONDENSED CONSOLIDATED BALANCE SHEETS(Unaudited)(in thousands, except share and per share amounts) February 2, 2019",Capital in excess of par value,html:capital-in-excess-of-par-value,reported,
balance_sheet,html:retained-earnings,Retained earnings,1Q19,6491.013,ADI_SEC-XBRL-financials_as-presented_10-Q_2019-02-20_0000006281-19-000013.xlsx,Balance Sheet,"ANALOG DEVICES, INC.CONDENSED CONSOLIDATED BALANCE SHEETS(Unaudited)(in thousands, except share and per share amounts) February 2, 2019",Retained earnings,html:retained-earnings,reported,
balance_sheet,html:accumulated-other-comprehensive-loss,Accumulated other comprehensive loss,1Q19,-78.021,ADI_SEC-XBRL-financials_as-presented_10-Q_2019-02-20_0000006281-19-000013.xlsx,Balance Sheet,"ANALOG DEVICES, INC.CONDENSED CONSOLIDATED BALANCE SHEETS(Unaudited)(in thousands, except share and per share amounts) February 2, 2019",Accumulated other comprehensive loss,html:accumulated-other-comprehensive-loss,reported,
balance_sheet,html:total-shareholders-equity,Total shareholders’ equity,1Q19,11585.437,ADI_SEC-XBRL-financials_as-presented_10-Q_2019-02-20_0000006281-19-000013.xlsx,Balance Sheet,"ANALOG DEVICES, INC.CONDENSED CONSOLIDATED BALANCE SHEETS(Unaudited)(in thousands, except share and per share amounts) February 2, 2019",Total shareholders’ equity,html:total-shareholders-equity,reported,
cash_flow,html:net-income,Net income,1Q19,355.006,ADI_SEC-XBRL-financials_as-presented_10-Q_2019-02-20_0000006281-19-000013.xlsx,Cash Flow,"Three Months Ended February 2, 2019",Net income,html:net-income,reported,
cash_flow,html:depreciation,Depreciation,1Q19,58.293,ADI_SEC-XBRL-financials_as-presented_10-Q_2019-02-20_0000006281-19-000013.xlsx,Cash Flow,"Three Months Ended February 2, 2019",Depreciation,html:depreciation,reported,
cash_flow,html:amortization-of-intangibles,Amortization of intangibles,1Q19,142.292,ADI_SEC-XBRL-financials_as-presented_10-Q_2019-02-20_0000006281-19-000013.xlsx,Cash Flow,"Three Months Ended February 2, 2019",Amortization of intangibles,html:amortization-of-intangibles,reported,
cash_flow,html:stock-based-compensation-expense,Stock-based compensation expense,1Q19,36.393,ADI_SEC-XBRL-financials_as-presented_10-Q_2019-02-20_0000006281-19-000013.xlsx,Cash Flow,"Three Months Ended February 2, 2019",Stock-based compensation expense,html:stock-based-compensation-expense,reported,
cash_flow,html:non-cash-portion-of-special-charge,Non-cash portion of special charge,1Q19,4.367,ADI_SEC-XBRL-financials_as-presented_10-Q_2019-02-20_0000006281-19-000013.xlsx,Cash Flow,"Three Months Ended February 2, 2019",Non-cash portion of special charge,html:non-cash-portion-of-special-charge,reported,
cash_flow,html:deferred-income-taxes,Deferred income taxes,1Q19,15.652,ADI_SEC-XBRL-financials_as-presented_10-Q_2019-02-20_0000006281-19-000013.xlsx,Cash Flow,"Three Months Ended February 2, 2019",Deferred income taxes,html:deferred-income-taxes,reported,
cash_flow,html:other-non-cash-activity,Other non-cash activity,1Q19,6.693,ADI_SEC-XBRL-financials_as-presented_10-Q_2019-02-20_0000006281-19-000013.xlsx,Cash Flow,"Three Months Ended February 2, 2019",Other non-cash activity,html:other-non-cash-activity,reported,
cash_flow,html:changes-in-operating-assets-and-liabilities,Changes in operating assets and liabilities,1Q19,-246.929,ADI_SEC-XBRL-financials_as-presented_10-Q_2019-02-20_0000006281-19-000013.xlsx,Cash Flow,"Three Months Ended February 2, 2019",Changes in operating assets and liabilities,html:changes-in-operating-assets-and-liabilities,reported,
cash_flow,html:total-adjustments,Total adjustments,1Q19,16.761,ADI_SEC-XBRL-financials_as-presented_10-Q_2019-02-20_0000006281-19-000013.xlsx,Cash Flow,"Three Months Ended February 2, 2019",Total adjustments,html:total-adjustments,reported,
cash_flow,html:net-cash-provided-by-operating-activities,Net cash provided by operating activities,1Q19,371.767,ADI_SEC-XBRL-financials_as-presented_10-Q_2019-02-20_0000006281-19-000013.xlsx,Cash Flow,"Three Months Ended February 2, 2019",Net cash provided by operating activities,html:net-cash-provided-by-operating-activities,reported,
cash_flow,html:additions-to-property-plant-and-equipment,"Additions to property, plant and equipment",1Q19,-90.993,ADI_SEC-XBRL-financials_as-presented_10-Q_2019-02-20_0000006281-19-000013.xlsx,Cash Flow,"Three Months Ended February 2, 2019","Additions to property, plant and equipment",html:additions-to-property-plant-and-equipment,reported,
cash_flow,html:changes-in-other-assets,Changes in other assets,1Q19,-5.222,ADI_SEC-XBRL-financials_as-presented_10-Q_2019-02-20_0000006281-19-000013.xlsx,Cash Flow,"Three Months Ended February 2, 2019",Changes in other assets,html:changes-in-other-assets,reported,
cash_flow,html:net-cash-used-for-investing-activities,Net cash used for investing activities,1Q19,-96.215,ADI_SEC-XBRL-financials_as-presented_10-Q_2019-02-20_0000006281-19-000013.xlsx,Cash Flow,"Three Months Ended February 2, 2019",Net cash used for investing activities,html:net-cash-used-for-investing-activities,reported,
cash_flow,html:proceeds-from-revolver,Proceeds from revolver,1Q19,75.0,ADI_SEC-XBRL-financials_as-presented_10-Q_2019-02-20_0000006281-19-000013.xlsx,Cash Flow,"Three Months Ended February 2, 2019",Proceeds from revolver,html:proceeds-from-revolver,reported,
cash_flow,html:payments-on-revolver,Payments on revolver,1Q19,-75.0,ADI_SEC-XBRL-financials_as-presented_10-Q_2019-02-20_0000006281-19-000013.xlsx,Cash Flow,"Three Months Ended February 2, 2019",Payments on revolver,html:payments-on-revolver,reported,
cash_flow,html:debt-repayments,Debt repayments,1Q19,-100.0,ADI_SEC-XBRL-financials_as-presented_10-Q_2019-02-20_0000006281-19-000013.xlsx,Cash Flow,"Three Months Ended February 2, 2019",Debt repayments,html:debt-repayments,reported,
cash_flow,html:dividend-payments-to-shareholders,Dividend payments to shareholders,1Q19,-177.716,ADI_SEC-XBRL-financials_as-presented_10-Q_2019-02-20_0000006281-19-000013.xlsx,Cash Flow,"Three Months Ended February 2, 2019",Dividend payments to shareholders,html:dividend-payments-to-shareholders,reported,
cash_flow,html:repurchase-of-common-stock,Repurchase of common stock,1Q19,-227.093,ADI_SEC-XBRL-financials_as-presented_10-Q_2019-02-20_0000006281-19-000013.xlsx,Cash Flow,"Three Months Ended February 2, 2019",Repurchase of common stock,html:repurchase-of-common-stock,reported,
cash_flow,html:proceeds-from-employee-stock-plans,Proceeds from employee stock plans,1Q19,19.229,ADI_SEC-XBRL-financials_as-presented_10-Q_2019-02-20_0000006281-19-000013.xlsx,Cash Flow,"Three Months Ended February 2, 2019",Proceeds from employee stock plans,html:proceeds-from-employee-stock-plans,reported,
cash_flow,html:changes-in-other-financing-activities,Changes in other financing activities,1Q19,-0.569,ADI_SEC-XBRL-financials_as-presented_10-Q_2019-02-20_0000006281-19-000013.xlsx,Cash Flow,"Three Months Ended February 2, 2019",Changes in other financing activities,html:changes-in-other-financing-activities,reported,
cash_flow,html:net-cash-used-for-financing-activities,Net cash used for financing activities,1Q19,-486.149,ADI_SEC-XBRL-financials_as-presented_10-Q_2019-02-20_0000006281-19-000013.xlsx,Cash Flow,"Three Months Ended February 2, 2019",Net cash used for financing activities,html:net-cash-used-for-financing-activities,reported,
cash_flow,html:effect-of-exchange-rate-changes-on-cash,Effect of exchange rate changes on cash,1Q19,-0.13,ADI_SEC-XBRL-financials_as-presented_10-Q_2019-02-20_0000006281-19-000013.xlsx,Cash Flow,"Three Months Ended February 2, 2019",Effect of exchange rate changes on cash,html:effect-of-exchange-rate-changes-on-cash,reported,
cash_flow,html:net-decrease-in-cash-and-cash-equivalents,Net decrease in cash and cash equivalents,1Q19,-210.727,ADI_SEC-XBRL-financials_as-presented_10-Q_2019-02-20_0000006281-19-000013.xlsx,Cash Flow,"Three Months Ended February 2, 2019",Net decrease in cash and cash equivalents,html:net-decrease-in-cash-and-cash-equivalents,reported,
cash_flow,html:cash-and-cash-equivalents-at-beginning-of-period,Cash and cash equivalents at beginning of period,1Q19,816.591,ADI_SEC-XBRL-financials_as-presented_10-Q_2019-02-20_0000006281-19-000013.xlsx,Cash Flow,"Three Months Ended February 2, 2019",Cash and cash equivalents at beginning of period,html:cash-and-cash-equivalents-at-beginning-of-period,reported,
cash_flow,html:cash-and-cash-equivalents-at-end-of-period,Cash and cash equivalents at end of period,1Q19,605.864,ADI_SEC-XBRL-financials_as-presented_10-Q_2019-02-20_0000006281-19-000013.xlsx,Cash Flow,"Three Months Ended February 2, 2019",Cash and cash equivalents at end of period,html:cash-and-cash-equivalents-at-end-of-period,reported,
income_statement,us-gaap:RevenueFromContractWithCustomerExcludingAssessedTax,Revenue,2Q19,1526.602,ADI_SEC-XBRL-financials_as-presented_10-Q_2019-05-22_0000006281-19-000089.xlsx,Income Statement,"ANALOG DEVICES, INC.CONDENSED CONSOLIDATED STATEMENTS OF INCOME(Unaudited)(in thousands, except per share amounts) Three Months Ended May 4, 2019",Revenue,us-gaap:RevenueFromContractWithCustomerExcludingAssessedTax,reported,
income_statement,us-gaap:RevenueFromContractWithCustomerExcludingAssessedTax,Revenue,6M19,3067.703,ADI_SEC-XBRL-financials_as-presented_10-Q_2019-05-22_0000006281-19-000089.xlsx,Income Statement,"ANALOG DEVICES, INC.CONDENSED CONSOLIDATED STATEMENTS OF INCOME(Unaudited)(in thousands, except per share amounts) Six Months Ended May 4, 2019",Revenue,us-gaap:RevenueFromContractWithCustomerExcludingAssessedTax,reported,
income_statement,us-gaap:CostOfGoodsAndServicesSold,Cost of sales,2Q19,532.739,ADI_SEC-XBRL-financials_as-presented_10-Q_2019-05-22_0000006281-19-000089.xlsx,Income Statement,"ANALOG DEVICES, INC.CONDENSED CONSOLIDATED STATEMENTS OF INCOME(Unaudited)(in thousands, except per share amounts) Three Months Ended May 4, 2019","Cost of sales; Cost of sales (1); Research and development; Selling, marketing, general and administrative",us-gaap:AllocatedShareBasedCompensationExpense + us-gaap:CostOfRevenue,summed_within_file,SUM(us-gaap:AllocatedShareBasedCompensationExpense + us-gaap:CostOfRevenue) in ADI_SEC-XBRL-financials_as-presented_10-Q_2019-05-22_0000006281-19-000089.xlsx
income_statement,us-gaap:CostOfGoodsAndServicesSold,Cost of sales,6M19,1070.577,ADI_SEC-XBRL-financials_as-presented_10-Q_2019-05-22_0000006281-19-000089.xlsx,Income Statement,"ANALOG DEVICES, INC.CONDENSED CONSOLIDATED STATEMENTS OF INCOME(Unaudited)(in thousands, except per share amounts) Six Months Ended May 4, 2019","Cost of sales; Cost of sales (1); Research and development; Selling, marketing, general and administrative",us-gaap:AllocatedShareBasedCompensationExpense + us-gaap:CostOfRevenue,summed_within_file,SUM(us-gaap:AllocatedShareBasedCompensationExpense + us-gaap:CostOfRevenue) in ADI_SEC-XBRL-financials_as-presented_10-Q_2019-05-22_0000006281-19-000089.xlsx
income_statement,us-gaap:GrossProfit,Gross margin,2Q19,1034.092,ADI_SEC-XBRL-financials_as-presented_10-Q_2019-05-22_0000006281-19-000089.xlsx,Income Statement,"ANALOG DEVICES, INC.CONDENSED CONSOLIDATED STATEMENTS OF INCOME(Unaudited)(in thousands, except per share amounts) Three Months Ended May 4, 2019",Gross margin,us-gaap:GrossProfit,reported,
income_statement,us-gaap:GrossProfit,Gross margin,6M19,2073.748,ADI_SEC-XBRL-financials_as-presented_10-Q_2019-05-22_0000006281-19-000089.xlsx,Income Statement,"ANALOG DEVICES, INC.CONDENSED CONSOLIDATED STATEMENTS OF INCOME(Unaudited)(in thousands, except per share amounts) Six Months Ended May 4, 2019",Gross margin,us-gaap:GrossProfit,reported,
income_statement,us-gaap:ResearchAndDevelopmentExpense,Research and development,2Q19,285.846,ADI_SEC-XBRL-financials_as-presented_10-Q_2019-05-22_0000006281-19-000089.xlsx,Income Statement,"ANALOG DEVICES, INC.CONDENSED CONSOLIDATED STATEMENTS OF INCOME(Unaudited)(in thousands, except per share amounts) Three Months Ended May 4, 2019",Research and development (1),us-gaap:ResearchAndDevelopmentExpense,reported,
income_statement,us-gaap:ResearchAndDevelopmentExpense,Research and development,6M19,573.228,ADI_SEC-XBRL-financials_as-presented_10-Q_2019-05-22_0000006281-19-000089.xlsx,Income Statement,"ANALOG DEVICES, INC.CONDENSED CONSOLIDATED STATEMENTS OF INCOME(Unaudited)(in thousands, except per share amounts) Six Months Ended May 4, 2019",Research and development (1),us-gaap:ResearchAndDevelopmentExpense,reported,
income_statement,us-gaap:SellingGeneralAndAdministrativeExpense,"Selling, marketing, general and administrative",2Q19,163.128,ADI_SEC-XBRL-financials_as-presented_10-Q_2019-05-22_0000006281-19-000089.xlsx,Income Statement,"ANALOG DEVICES, INC.CONDENSED CONSOLIDATED STATEMENTS OF INCOME(Unaudited)(in thousands, except per share amounts) Three Months Ended May 4, 2019","Selling, marketing, general and administrative (1)",us-gaap:SellingGeneralAndAdministrativeExpense,reported,
income_statement,us-gaap:SellingGeneralAndAdministrativeExpense,"Selling, marketing, general and administrative",6M19,330.47,ADI_SEC-XBRL-financials_as-presented_10-Q_2019-05-22_0000006281-19-000089.xlsx,Income Statement,"ANALOG DEVICES, INC.CONDENSED CONSOLIDATED STATEMENTS OF INCOME(Unaudited)(in thousands, except per share amounts) Six Months Ended May 4, 2019","Selling, marketing, general and administrative (1)",us-gaap:SellingGeneralAndAdministrativeExpense,reported,
income_statement,adi:AmortizationofintangibleAssetsOperatingExpenses,Amortization of intangibles,2Q19,107.261,ADI_SEC-XBRL-financials_as-presented_10-Q_2019-05-22_0000006281-19-000089.xlsx,Income Statement,"ANALOG DEVICES, INC.CONDENSED CONSOLIDATED STATEMENTS OF INCOME(Unaudited)(in thousands, except per share amounts) Three Months Ended May 4, 2019",Amortization of intangibles,adi:Operatingexpensesamortizationofintangibles,reported,
income_statement,adi:AmortizationofintangibleAssetsOperatingExpenses,Amortization of intangibles,6M19,214.585,ADI_SEC-XBRL-financials_as-presented_10-Q_2019-05-22_0000006281-19-000089.xlsx,Income Statement,"ANALOG DEVICES, INC.CONDENSED CONSOLIDATED STATEMENTS OF INCOME(Unaudited)(in thousands, except per share amounts) Six Months Ended May 4, 2019",Amortization of intangibles,adi:Operatingexpensesamortizationofintangibles,reported,
income_statement,us-gaap:RestructuringCharges,Special charges,2Q19,8.162,ADI_SEC-XBRL-financials_as-presented_10-Q_2019-05-22_0000006281-19-000089.xlsx,Income Statement,"ANALOG DEVICES, INC.CONDENSED CONSOLIDATED STATEMENTS OF INCOME(Unaudited)(in thousands, except per share amounts) Three Months Ended May 4, 2019",Special charges,us-gaap:RestructuringCharges,reported,
income_statement,us-gaap:RestructuringCharges,Special charges,6M19,29.944,ADI_SEC-XBRL-financials_as-presented_10-Q_2019-05-22_0000006281-19-000089.xlsx,Income Statement,"ANALOG DEVICES, INC.CONDENSED CONSOLIDATED STATEMENTS OF INCOME(Unaudited)(in thousands, except per share amounts) Six Months Ended May 4, 2019",Special charges,us-gaap:RestructuringCharges,reported,
income_statement,us-gaap:OperatingExpenses,operating expenses operating expenses operating expenses operating expenses,2Q19,564.397,ADI_SEC-XBRL-financials_as-presented_10-Q_2019-05-22_0000006281-19-000089.xlsx,Income Statement,"ANALOG DEVICES, INC.CONDENSED CONSOLIDATED STATEMENTS OF INCOME(Unaudited)(in thousands, except per share amounts) Three Months Ended May 4, 2019",operating expenses operating expenses operating expenses operating expenses,us-gaap:OperatingExpenses,reported,
income_statement,us-gaap:OperatingExpenses,operating expenses operating expenses operating expenses operating expenses,6M19,1148.227,ADI_SEC-XBRL-financials_as-presented_10-Q_2019-05-22_0000006281-19-000089.xlsx,Income Statement,"ANALOG DEVICES, INC.CONDENSED CONSOLIDATED STATEMENTS OF INCOME(Unaudited)(in thousands, except per share amounts) Six Months Ended May 4, 2019",operating expenses operating expenses operating expenses operating expenses,us-gaap:OperatingExpenses,reported,
income_statement,us-gaap:OperatingIncomeLoss,Operating income,2Q19,469.695,ADI_SEC-XBRL-financials_as-presented_10-Q_2019-05-22_0000006281-19-000089.xlsx,Income Statement,"ANALOG DEVICES, INC.CONDENSED CONSOLIDATED STATEMENTS OF INCOME(Unaudited)(in thousands, except per share amounts) Three Months Ended May 4, 2019",Operating income,us-gaap:OperatingIncomeLoss,reported,
income_statement,us-gaap:OperatingIncomeLoss,Operating income,6M19,925.521,ADI_SEC-XBRL-financials_as-presented_10-Q_2019-05-22_0000006281-19-000089.xlsx,Income Statement,"ANALOG DEVICES, INC.CONDENSED CONSOLIDATED STATEMENTS OF INCOME(Unaudited)(in thousands, except per share amounts) Six Months Ended May 4, 2019",Operating income,us-gaap:OperatingIncomeLoss,reported,
income_statement,us-gaap:InterestExpense,Interest expense,2Q19,59.701,ADI_SEC-XBRL-financials_as-presented_10-Q_2019-05-22_0000006281-19-000089.xlsx,Income Statement,"ANALOG DEVICES, INC.CONDENSED CONSOLIDATED STATEMENTS OF INCOME(Unaudited)(in thousands, except per share amounts) Three Months Ended May 4, 2019",Interest expense,us-gaap:InterestExpense,reported,
income_statement,us-gaap:InterestExpense,Interest expense,6M19,118.429,ADI_SEC-XBRL-financials_as-presented_10-Q_2019-05-22_0000006281-19-000089.xlsx,Income Statement,"ANALOG DEVICES, INC.CONDENSED CONSOLIDATED STATEMENTS OF INCOME(Unaudited)(in thousands, except per share amounts) Six Months Ended May 4, 2019",Interest expense,us-gaap:InterestExpense,reported,
income_statement,us-gaap:InvestmentIncomeInterest,Interest income,2Q19,-2.928,ADI_SEC-XBRL-financials_as-presented_10-Q_2019-05-22_0000006281-19-000089.xlsx,Income Statement,"ANALOG DEVICES, INC.CONDENSED CONSOLIDATED STATEMENTS OF INCOME(Unaudited)(in thousands, except per share amounts) Three Months Ended May 4, 2019",Interest income,us-gaap:InvestmentIncomeInterest,reported,
income_statement,us-gaap:InvestmentIncomeInterest,Interest income,6M19,-5.616,ADI_SEC-XBRL-financials_as-presented_10-Q_2019-05-22_0000006281-19-000089.xlsx,Income Statement,"ANALOG DEVICES, INC.CONDENSED CONSOLIDATED STATEMENTS OF INCOME(Unaudited)(in thousands, except per share amounts) Six Months Ended May 4, 2019",Interest income,us-gaap:InvestmentIncomeInterest,reported,
income_statement,us-gaap:OtherNonoperatingIncomeExpense,"Other, net",2Q19,4.525,ADI_SEC-XBRL-financials_as-presented_10-Q_2019-05-22_0000006281-19-000089.xlsx,Income Statement,"ANALOG DEVICES, INC.CONDENSED CONSOLIDATED STATEMENTS OF INCOME(Unaudited)(in thousands, except per share amounts) Three Months Ended May 4, 2019","Other, net",us-gaap:OtherNonoperatingIncomeExpense,reported,
income_statement,us-gaap:OtherNonoperatingIncomeExpense,"Other, net",6M19,4.365,ADI_SEC-XBRL-financials_as-presented_10-Q_2019-05-22_0000006281-19-000089.xlsx,Income Statement,"ANALOG DEVICES, INC.CONDENSED CONSOLIDATED STATEMENTS OF INCOME(Unaudited)(in thousands, except per share amounts) Six Months Ended May 4, 2019","Other, net",us-gaap:OtherNonoperatingIncomeExpense,reported,
income_statement,us-gaap:NonoperatingIncomeExpense,nonoperating income expense nonoperating income expense nonoperating income expense nonoperating income expense,2Q19,61.298,ADI_SEC-XBRL-financials_as-presented_10-Q_2019-05-22_0000006281-19-000089.xlsx,Income Statement,"ANALOG DEVICES, INC.CONDENSED CONSOLIDATED STATEMENTS OF INCOME(Unaudited)(in thousands, except per share amounts) Three Months Ended May 4, 2019",nonoperating income expense nonoperating income expense nonoperating income expense nonoperating income expense,us-gaap:NonoperatingIncomeExpense,reported,
income_statement,us-gaap:NonoperatingIncomeExpense,nonoperating income expense nonoperating income expense nonoperating income expense nonoperating income expense,6M19,117.178,ADI_SEC-XBRL-financials_as-presented_10-Q_2019-05-22_0000006281-19-000089.xlsx,Income Statement,"ANALOG DEVICES, INC.CONDENSED CONSOLIDATED STATEMENTS OF INCOME(Unaudited)(in thousands, except per share amounts) Six Months Ended May 4, 2019",nonoperating income expense nonoperating income expense nonoperating income expense nonoperating income expense,us-gaap:NonoperatingIncomeExpense,reported,
income_statement,us-gaap:IncomeLossFromContinuingOperationsBeforeIncomeTaxesMinorityInterestAndIncomeLossFromEquityMethodInvestments,Income before income taxes,2Q19,408.397,ADI_SEC-XBRL-financials_as-presented_10-Q_2019-05-22_0000006281-19-000089.xlsx,Income Statement,"ANALOG DEVICES, INC.CONDENSED CONSOLIDATED STATEMENTS OF INCOME(Unaudited)(in thousands, except per share amounts) Three Months Ended May 4, 2019",Income before income taxes,us-gaap:IncomeLossFromContinuingOperationsBeforeIncomeTaxesMinorityInterestAndIncomeLossFromEquityMethodInvestments,reported,
income_statement,us-gaap:IncomeLossFromContinuingOperationsBeforeIncomeTaxesMinorityInterestAndIncomeLossFromEquityMethodInvestments,Income before income taxes,6M19,808.343,ADI_SEC-XBRL-financials_as-presented_10-Q_2019-05-22_0000006281-19-000089.xlsx,Income Statement,"ANALOG DEVICES, INC.CONDENSED CONSOLIDATED STATEMENTS OF INCOME(Unaudited)(in thousands, except per share amounts) Six Months Ended May 4, 2019",Income before income taxes,us-gaap:IncomeLossFromContinuingOperationsBeforeIncomeTaxesMinorityInterestAndIncomeLossFromEquityMethodInvestments,reported,
income_statement,us-gaap:IncomeTaxExpenseBenefit,Provision for income taxes,2Q19,40.46,ADI_SEC-XBRL-financials_as-presented_10-Q_2019-05-22_0000006281-19-000089.xlsx,Income Statement,"ANALOG DEVICES, INC.CONDENSED CONSOLIDATED STATEMENTS OF INCOME(Unaudited)(in thousands, except per share amounts) Three Months Ended May 4, 2019",Provision for income taxes,us-gaap:IncomeTaxExpenseBenefit,reported,
income_statement,us-gaap:IncomeTaxExpenseBenefit,Provision for income taxes,6M19,85.4,ADI_SEC-XBRL-financials_as-presented_10-Q_2019-05-22_0000006281-19-000089.xlsx,Income Statement,"ANALOG DEVICES, INC.CONDENSED CONSOLIDATED STATEMENTS OF INCOME(Unaudited)(in thousands, except per share amounts) Six Months Ended May 4, 2019",Provision for income taxes,us-gaap:IncomeTaxExpenseBenefit,reported,
income_statement,us-gaap:NetIncomeLoss,Net income,2Q19,367.937,ADI_SEC-XBRL-financials_as-presented_10-Q_2019-05-22_0000006281-19-000089.xlsx,Income Statement,"ANALOG DEVICES, INC.CONDENSED CONSOLIDATED STATEMENTS OF INCOME(Unaudited)(in thousands, except per share amounts) Three Months Ended May 4, 2019",Net income,us-gaap:NetIncomeLoss,reported,
income_statement,us-gaap:NetIncomeLoss,Net income,6M19,722.943,ADI_SEC-XBRL-financials_as-presented_10-Q_2019-05-22_0000006281-19-000089.xlsx,Income Statement,"ANALOG DEVICES, INC.CONDENSED CONSOLIDATED STATEMENTS OF INCOME(Unaudited)(in thousands, except per share amounts) Six Months Ended May 4, 2019",Net income,us-gaap:NetIncomeLoss,reported,
income_statement,us-gaap:WeightedAverageNumberOfSharesOutstandingBasic,Shares used to compute earnings per common share – basic,2Q19,369.246,ADI_SEC-XBRL-financials_as-presented_10-Q_2019-05-22_0000006281-19-000089.xlsx,Income Statement,"ANALOG DEVICES, INC.CONDENSED CONSOLIDATED STATEMENTS OF INCOME(Unaudited)(in thousands, except per share amounts) Three Months Ended May 4, 2019",Shares used to compute earnings per common share – basic,us-gaap:WeightedAverageNumberOfSharesOutstandingBasic,reported,
income_statement,us-gaap:WeightedAverageNumberOfSharesOutstandingBasic,Shares used to compute earnings per common share – basic,6M19,368.974,ADI_SEC-XBRL-financials_as-presented_10-Q_2019-05-22_0000006281-19-000089.xlsx,Income Statement,"ANALOG DEVICES, INC.CONDENSED CONSOLIDATED STATEMENTS OF INCOME(Unaudited)(in thousands, except per share amounts) Six Months Ended May 4, 2019",Shares used to compute earnings per common share – basic,us-gaap:WeightedAverageNumberOfSharesOutstandingBasic,reported,
income_statement,us-gaap:WeightedAverageNumberOfDilutedSharesOutstanding,Shares used to compute earnings per common share – diluted,2Q19,373.342,ADI_SEC-XBRL-financials_as-presented_10-Q_2019-05-22_0000006281-19-000089.xlsx,Income Statement,"ANALOG DEVICES, INC.CONDENSED CONSOLIDATED STATEMENTS OF INCOME(Unaudited)(in thousands, except per share amounts) Three Months Ended May 4, 2019",Shares used to compute earnings per common share – diluted,us-gaap:WeightedAverageNumberOfDilutedSharesOutstanding,reported,
income_statement,us-gaap:WeightedAverageNumberOfDilutedSharesOutstanding,Shares used to compute earnings per common share – diluted,6M19,372.912,ADI_SEC-XBRL-financials_as-presented_10-Q_2019-05-22_0000006281-19-000089.xlsx,Income Statement,"ANALOG DEVICES, INC.CONDENSED CONSOLIDATED STATEMENTS OF INCOME(Unaudited)(in thousands, except per share amounts) Six Months Ended May 4, 2019",Shares used to compute earnings per common share – diluted,us-gaap:WeightedAverageNumberOfDilutedSharesOutstanding,reported,
income_statement,us-gaap:IncomeLossFromContinuingOperationsPerBasicShare,Basic earnings per common share,2Q19,0.99,ADI_SEC-XBRL-financials_as-presented_10-Q_2019-05-22_0000006281-19-000089.xlsx,Income Statement,"ANALOG DEVICES, INC.CONDENSED CONSOLIDATED STATEMENTS OF INCOME(Unaudited)(in thousands, except per share amounts) Three Months Ended May 4, 2019",Basic earnings per common share,us-gaap:EarningsPerShareBasic,reported,
income_statement,us-gaap:IncomeLossFromContinuingOperationsPerBasicShare,Basic earnings per common share,6M19,1.95,ADI_SEC-XBRL-financials_as-presented_10-Q_2019-05-22_0000006281-19-000089.xlsx,Income Statement,"ANALOG DEVICES, INC.CONDENSED CONSOLIDATED STATEMENTS OF INCOME(Unaudited)(in thousands, except per share amounts) Six Months Ended May 4, 2019",Basic earnings per common share,us-gaap:EarningsPerShareBasic,reported,
income_statement,us-gaap:IncomeLossFromContinuingOperationsPerDilutedShare,Diluted earnings per common share,2Q19,0.98,ADI_SEC-XBRL-financials_as-presented_10-Q_2019-05-22_0000006281-19-000089.xlsx,Income Statement,"ANALOG DEVICES, INC.CONDENSED CONSOLIDATED STATEMENTS OF INCOME(Unaudited)(in thousands, except per share amounts) Three Months Ended May 4, 2019",Diluted earnings per common share,us-gaap:EarningsPerShareDiluted,reported,
income_statement,us-gaap:IncomeLossFromContinuingOperationsPerDilutedShare,Diluted earnings per common share,6M19,1.93,ADI_SEC-XBRL-financials_as-presented_10-Q_2019-05-22_0000006281-19-000089.xlsx,Income Statement,"ANALOG DEVICES, INC.CONDENSED CONSOLIDATED STATEMENTS OF INCOME(Unaudited)(in thousands, except per share amounts) Six Months Ended May 4, 2019",Diluted earnings per common share,us-gaap:EarningsPerShareDiluted,reported,
balance_sheet,us-gaap:CashAndCashEquivalentsAtCarryingValue,Cash and cash equivalents,2Q19,713.601,ADI_SEC-XBRL-financials_as-presented_10-Q_2019-05-22_0000006281-19-000089.xlsx,Balance Sheet,"ANALOG DEVICES, INC.CONDENSED CONSOLIDATED BALANCE SHEETS(Unaudited)(in thousands, except share and per share amounts) May 4, 2019",Cash and cash equivalents,us-gaap:CashAndCashEquivalentsAtCarryingValue,reported,
balance_sheet,us-gaap:AccountsReceivableNetCurrent,Accounts receivable,2Q19,685.978,ADI_SEC-XBRL-financials_as-presented_10-Q_2019-05-22_0000006281-19-000089.xlsx,Balance Sheet,"ANALOG DEVICES, INC.CONDENSED CONSOLIDATED BALANCE SHEETS(Unaudited)(in thousands, except share and per share amounts) May 4, 2019",Accounts receivable,us-gaap:AccountsReceivableNetCurrent,reported,
balance_sheet,us-gaap:InventoryNet,Inventories (2),2Q19,608.085,ADI_SEC-XBRL-financials_as-presented_10-Q_2019-05-22_0000006281-19-000089.xlsx,Balance Sheet,"ANALOG DEVICES, INC.CONDENSED CONSOLIDATED BALANCE SHEETS(Unaudited)(in thousands, except share and per share amounts) May 4, 2019",Inventories (2),us-gaap:InventoryNet,reported,
balance_sheet,us-gaap:PrepaidTaxes,Prepaid income tax,2Q19,2.935,ADI_SEC-XBRL-financials_as-presented_10-Q_2019-05-22_0000006281-19-000089.xlsx,Balance Sheet,"ANALOG DEVICES, INC.CONDENSED CONSOLIDATED BALANCE SHEETS(Unaudited)(in thousands, except share and per share amounts) May 4, 2019",Prepaid income tax,us-gaap:PrepaidTaxes,reported,
balance_sheet,us-gaap:PrepaidExpenseAndOtherAssetsCurrent,Prepaid expenses and other current assets,2Q19,69.89,ADI_SEC-XBRL-financials_as-presented_10-Q_2019-05-22_0000006281-19-000089.xlsx,Balance Sheet,"ANALOG DEVICES, INC.CONDENSED CONSOLIDATED BALANCE SHEETS(Unaudited)(in thousands, except share and per share amounts) May 4, 2019",Prepaid expenses and other current assets,us-gaap:PrepaidExpenseAndOtherAssetsCurrent,reported,
balance_sheet,us-gaap:AssetsCurrent,Total current assets,2Q19,2080.489,ADI_SEC-XBRL-financials_as-presented_10-Q_2019-05-22_0000006281-19-000089.xlsx,Balance Sheet,"ANALOG DEVICES, INC.CONDENSED CONSOLIDATED BALANCE SHEETS(Unaudited)(in thousands, except share and per share amounts) May 4, 2019",Total current assets,us-gaap:AssetsCurrent,reported,
balance_sheet,adi:LandAndBuildingsGross,Land and buildings,2Q19,903.378,ADI_SEC-XBRL-financials_as-presented_10-Q_2019-05-22_0000006281-19-000089.xlsx,Balance Sheet,"ANALOG DEVICES, INC.CONDENSED CONSOLIDATED BALANCE SHEETS(Unaudited)(in thousands, except share and per share amounts) May 4, 2019",Land and buildings,adi:LandAndBuildingsGross,reported,
balance_sheet,us-gaap:MachineryAndEquipmentGross,Machinery and equipment,2Q19,2560.573,ADI_SEC-XBRL-financials_as-presented_10-Q_2019-05-22_0000006281-19-000089.xlsx,Balance Sheet,"ANALOG DEVICES, INC.CONDENSED CONSOLIDATED BALANCE SHEETS(Unaudited)(in thousands, except share and per share amounts) May 4, 2019",Machinery and equipment,us-gaap:MachineryAndEquipmentGross,reported,
balance_sheet,us-gaap:FurnitureAndFixturesGross,Office equipment,2Q19,82.706,ADI_SEC-XBRL-financials_as-presented_10-Q_2019-05-22_0000006281-19-000089.xlsx,Balance Sheet,"ANALOG DEVICES, INC.CONDENSED CONSOLIDATED BALANCE SHEETS(Unaudited)(in thousands, except share and per share amounts) May 4, 2019",Office equipment,us-gaap:FurnitureAndFixturesGross,reported,
balance_sheet,us-gaap:LeaseholdImprovementsGross,Leasehold improvements,2Q19,147.253,ADI_SEC-XBRL-financials_as-presented_10-Q_2019-05-22_0000006281-19-000089.xlsx,Balance Sheet,"ANALOG DEVICES, INC.CONDENSED CONSOLIDATED BALANCE SHEETS(Unaudited)(in thousands, except share and per share amounts) May 4, 2019",Leasehold improvements,us-gaap:LeaseholdImprovementsGross,reported,
balance_sheet,us-gaap:PropertyPlantAndEquipmentGross,property plant and equipment gross property plant and equipment gross,2Q19,3693.91,ADI_SEC-XBRL-financials_as-presented_10-Q_2019-05-22_0000006281-19-000089.xlsx,Balance Sheet,"ANALOG DEVICES, INC.CONDENSED CONSOLIDATED BALANCE SHEETS(Unaudited)(in thousands, except share and per share amounts) May 4, 2019",property plant and equipment gross property plant and equipment gross,us-gaap:PropertyPlantAndEquipmentGross,reported,
balance_sheet,us-gaap:AccumulatedDepreciationDepletionAndAmortizationPropertyPlantAndEquipment,Less accumulated depreciation and amortization,2Q19,2482.443,ADI_SEC-XBRL-financials_as-presented_10-Q_2019-05-22_0000006281-19-000089.xlsx,Balance Sheet,"ANALOG DEVICES, INC.CONDENSED CONSOLIDATED BALANCE SHEETS(Unaudited)(in thousands, except share and per share amounts) May 4, 2019",Less accumulated depreciation and amortization,us-gaap:AccumulatedDepreciationDepletionAndAmortizationPropertyPlantAndEquipment,reported,
balance_sheet,us-gaap:PropertyPlantAndEquipmentNet,"Net property, plant and equipment",2Q19,1211.467,ADI_SEC-XBRL-financials_as-presented_10-Q_2019-05-22_0000006281-19-000089.xlsx,Balance Sheet,"ANALOG DEVICES, INC.CONDENSED CONSOLIDATED BALANCE SHEETS(Unaudited)(in thousands, except share and per share amounts) May 4, 2019","Net property, plant and equipment",us-gaap:PropertyPlantAndEquipmentNet,reported,
balance_sheet,us-gaap:DeferredCompensationPlanAssets,Deferred compensation plan investments,2Q19,42.661,ADI_SEC-XBRL-financials_as-presented_10-Q_2019-05-22_0000006281-19-000089.xlsx,Balance Sheet,"ANALOG DEVICES, INC.CONDENSED CONSOLIDATED BALANCE SHEETS(Unaudited)(in thousands, except share and per share amounts) May 4, 2019",Deferred compensation plan investments,us-gaap:DeferredCompensationPlanAssets,reported,
balance_sheet,us-gaap:LongTermInvestments,Other investments,2Q19,31.616,ADI_SEC-XBRL-financials_as-presented_10-Q_2019-05-22_0000006281-19-000089.xlsx,Balance Sheet,"ANALOG DEVICES, INC.CONDENSED CONSOLIDATED BALANCE SHEETS(Unaudited)(in thousands, except share and per share amounts) May 4, 2019",Other investments,us-gaap:LongTermInvestments,reported,
balance_sheet,us-gaap:Goodwill,Goodwill,2Q19,12250.37,ADI_SEC-XBRL-financials_as-presented_10-Q_2019-05-22_0000006281-19-000089.xlsx,Balance Sheet,"ANALOG DEVICES, INC.CONDENSED CONSOLIDATED BALANCE SHEETS(Unaudited)(in thousands, except share and per share amounts) May 4, 2019",Goodwill,us-gaap:Goodwill,reported,
balance_sheet,us-gaap:IntangibleAssetsNetExcludingGoodwill,"Intangible assets, net",2Q19,4489.182,ADI_SEC-XBRL-financials_as-presented_10-Q_2019-05-22_0000006281-19-000089.xlsx,Balance Sheet,"ANALOG DEVICES, INC.CONDENSED CONSOLIDATED BALANCE SHEETS(Unaudited)(in thousands, except share and per share amounts) May 4, 2019","Intangible assets, net",us-gaap:IntangibleAssetsNetExcludingGoodwill,reported,
balance_sheet,us-gaap:DeferredIncomeTaxAssetsNet,Deferred tax assets,2Q19,1610.109,ADI_SEC-XBRL-financials_as-presented_10-Q_2019-05-22_0000006281-19-000089.xlsx,Balance Sheet,"ANALOG DEVICES, INC.CONDENSED CONSOLIDATED BALANCE SHEETS(Unaudited)(in thousands, except share and per share amounts) May 4, 2019",Deferred tax assets,us-gaap:DeferredIncomeTaxAssetsNet,reported,
balance_sheet,us-gaap:OtherAssetsNoncurrent,Other assets,2Q19,60.431,ADI_SEC-XBRL-financials_as-presented_10-Q_2019-05-22_0000006281-19-000089.xlsx,Balance Sheet,"ANALOG DEVICES, INC.CONDENSED CONSOLIDATED BALANCE SHEETS(Unaudited)(in thousands, except share and per share amounts) May 4, 2019",Other assets,us-gaap:OtherAssetsNoncurrent,reported,
balance_sheet,us-gaap:AssetsNoncurrent,Total other assets,2Q19,18484.369,ADI_SEC-XBRL-financials_as-presented_10-Q_2019-05-22_0000006281-19-000089.xlsx,Balance Sheet,"ANALOG DEVICES, INC.CONDENSED CONSOLIDATED BALANCE SHEETS(Unaudited)(in thousands, except share and per share amounts) May 4, 2019",Total other assets,us-gaap:AssetsNoncurrent,reported,
balance_sheet,us-gaap:Assets,assets assets,2Q19,21776.325,ADI_SEC-XBRL-financials_as-presented_10-Q_2019-05-22_0000006281-19-000089.xlsx,Balance Sheet,"ANALOG DEVICES, INC.CONDENSED CONSOLIDATED BALANCE SHEETS(Unaudited)(in thousands, except share and per share amounts) May 4, 2019",assets assets,us-gaap:Assets,reported,
balance_sheet,us-gaap:AccountsPayableCurrent,Accounts payable,2Q19,208.243,ADI_SEC-XBRL-financials_as-presented_10-Q_2019-05-22_0000006281-19-000089.xlsx,Balance Sheet,"ANALOG DEVICES, INC.CONDENSED CONSOLIDATED BALANCE SHEETS(Unaudited)(in thousands, except share and per share amounts) May 4, 2019",Accounts payable,us-gaap:AccountsPayableCurrent,reported,
balance_sheet,us-gaap:AccruedIncomeTaxesCurrent,Income taxes payable,2Q19,124.356,ADI_SEC-XBRL-financials_as-presented_10-Q_2019-05-22_0000006281-19-000089.xlsx,Balance Sheet,"ANALOG DEVICES, INC.CONDENSED CONSOLIDATED BALANCE SHEETS(Unaudited)(in thousands, except share and per share amounts) May 4, 2019",Income taxes payable,us-gaap:AccruedIncomeTaxesCurrent,reported,
balance_sheet,us-gaap:DebtCurrent,"Debt, current",2Q19,374.165,ADI_SEC-XBRL-financials_as-presented_10-Q_2019-05-22_0000006281-19-000089.xlsx,Balance Sheet,"ANALOG DEVICES, INC.CONDENSED CONSOLIDATED BALANCE SHEETS(Unaudited)(in thousands, except share and per share amounts) May 4, 2019","Debt, current",us-gaap:DebtCurrent,reported,
balance_sheet,us-gaap:AccruedLiabilitiesCurrent,Accrued liabilities,2Q19,658.271,ADI_SEC-XBRL-financials_as-presented_10-Q_2019-05-22_0000006281-19-000089.xlsx,Balance Sheet,"ANALOG DEVICES, INC.CONDENSED CONSOLIDATED BALANCE SHEETS(Unaudited)(in thousands, except share and per share amounts) May 4, 2019",Accrued liabilities,us-gaap:AccruedLiabilitiesCurrent,reported,
balance_sheet,us-gaap:LiabilitiesCurrent,Total current liabilities,2Q19,1365.035,ADI_SEC-XBRL-financials_as-presented_10-Q_2019-05-22_0000006281-19-000089.xlsx,Balance Sheet,"ANALOG DEVICES, INC.CONDENSED CONSOLIDATED BALANCE SHEETS(Unaudited)(in thousands, except share and per share amounts) May 4, 2019",Total current liabilities,us-gaap:LiabilitiesCurrent,reported,
balance_sheet,us-gaap:UnsecuredLongTermDebt,Long-term debt,2Q19,5612.365,ADI_SEC-XBRL-financials_as-presented_10-Q_2019-05-22_0000006281-19-000089.xlsx,Balance Sheet,"ANALOG DEVICES, INC.CONDENSED CONSOLIDATED BALANCE SHEETS(Unaudited)(in thousands, except share and per share amounts) May 4, 2019",Long-term debt,us-gaap:UnsecuredLongTermDebt,reported,
balance_sheet,us-gaap:DeferredIncomeTaxLiabilitiesNet,Deferred income taxes,2Q19,2228.822,ADI_SEC-XBRL-financials_as-presented_10-Q_2019-05-22_0000006281-19-000089.xlsx,Balance Sheet,"ANALOG DEVICES, INC.CONDENSED CONSOLIDATED BALANCE SHEETS(Unaudited)(in thousands, except share and per share amounts) May 4, 2019",Deferred income taxes,us-gaap:DeferredIncomeTaxLiabilitiesNet,reported,
balance_sheet,us-gaap:DeferredCompensationLiabilityClassifiedNoncurrent,Deferred compensation plan liability,2Q19,42.661,ADI_SEC-XBRL-financials_as-presented_10-Q_2019-05-22_0000006281-19-000089.xlsx,Balance Sheet,"ANALOG DEVICES, INC.CONDENSED CONSOLIDATED BALANCE SHEETS(Unaudited)(in thousands, except share and per share amounts) May 4, 2019",Deferred compensation plan liability,us-gaap:DeferredCompensationLiabilityClassifiedNoncurrent,reported,
balance_sheet,adi:TaxesPayableNoncurrent,Income taxes payable,2Q19,647.714,ADI_SEC-XBRL-financials_as-presented_10-Q_2019-05-22_0000006281-19-000089.xlsx,Balance Sheet,"ANALOG DEVICES, INC.CONDENSED CONSOLIDATED BALANCE SHEETS(Unaudited)(in thousands, except share and per share amounts) May 4, 2019",Income taxes payable,adi:TaxesPayableNoncurrent,reported,
balance_sheet,us-gaap:OtherLiabilitiesNoncurrent,Other non-current liabilities,2Q19,137.47,ADI_SEC-XBRL-financials_as-presented_10-Q_2019-05-22_0000006281-19-000089.xlsx,Balance Sheet,"ANALOG DEVICES, INC.CONDENSED CONSOLIDATED BALANCE SHEETS(Unaudited)(in thousands, except share and per share amounts) May 4, 2019",Other non-current liabilities,us-gaap:OtherLiabilitiesNoncurrent,reported,
balance_sheet,us-gaap:LiabilitiesNoncurrent,Total non-current liabilities,2Q19,8669.032,ADI_SEC-XBRL-financials_as-presented_10-Q_2019-05-22_0000006281-19-000089.xlsx,Balance Sheet,"ANALOG DEVICES, INC.CONDENSED CONSOLIDATED BALANCE SHEETS(Unaudited)(in thousands, except share and per share amounts) May 4, 2019",Total non-current liabilities,us-gaap:LiabilitiesNoncurrent,reported,
balance_sheet,us-gaap:CommonStockValue,"Common stock, $0.16 2/3 par value, 1,200,000,000 shares authorized, 369,761,227 shares outstanding (370,159,553 on November 3, 2018)",2Q19,61.628,ADI_SEC-XBRL-financials_as-presented_10-Q_2019-05-22_0000006281-19-000089.xlsx,Balance Sheet,"ANALOG DEVICES, INC.CONDENSED CONSOLIDATED BALANCE SHEETS(Unaudited)(in thousands, except share and per share amounts) May 4, 2019","Common stock, $0.16 2/3 par value, 1,200,000,000 shares authorized, 369,761,227 shares outstanding (370,159,553 on November 3, 2018)",us-gaap:CommonStockValue,reported,
balance_sheet,us-gaap:AdditionalPaidInCapitalCommonStock,Capital in excess of par value,2Q19,5117.202,ADI_SEC-XBRL-financials_as-presented_10-Q_2019-05-22_0000006281-19-000089.xlsx,Balance Sheet,"ANALOG DEVICES, INC.CONDENSED CONSOLIDATED BALANCE SHEETS(Unaudited)(in thousands, except share and per share amounts) May 4, 2019",Capital in excess of par value,us-gaap:AdditionalPaidInCapitalCommonStock,reported,
balance_sheet,us-gaap:RetainedEarningsAccumulatedDeficit,Retained earnings,2Q19,6659.449,ADI_SEC-XBRL-financials_as-presented_10-Q_2019-05-22_0000006281-19-000089.xlsx,Balance Sheet,"ANALOG DEVICES, INC.CONDENSED CONSOLIDATED BALANCE SHEETS(Unaudited)(in thousands, except share and per share amounts) May 4, 2019",Retained earnings,us-gaap:RetainedEarningsAccumulatedDeficit,reported,
balance_sheet,us-gaap:AccumulatedOtherComprehensiveIncomeLossNetOfTax,Accumulated other comprehensive loss,2Q19,-96.021,ADI_SEC-XBRL-financials_as-presented_10-Q_2019-05-22_0000006281-19-000089.xlsx,Balance Sheet,"ANALOG DEVICES, INC.CONDENSED CONSOLIDATED BALANCE SHEETS(Unaudited)(in thousands, except share and per share amounts) May 4, 2019",Accumulated other comprehensive loss,us-gaap:AccumulatedOtherComprehensiveIncomeLossNetOfTax,reported,
balance_sheet,us-gaap:StockholdersEquity,Total shareholders’ equity,2Q19,11742.258,ADI_SEC-XBRL-financials_as-presented_10-Q_2019-05-22_0000006281-19-000089.xlsx,Balance Sheet,"ANALOG DEVICES, INC.CONDENSED CONSOLIDATED BALANCE SHEETS(Unaudited)(in thousands, except share and per share amounts) May 4, 2019",Total shareholders’ equity,us-gaap:StockholdersEquity,reported,
balance_sheet,us-gaap:LiabilitiesAndStockholdersEquity,liabilities and stockholders equity liabilities and stockholders equity,2Q19,21776.325,ADI_SEC-XBRL-financials_as-presented_10-Q_2019-05-22_0000006281-19-000089.xlsx,Balance Sheet,"ANALOG DEVICES, INC.CONDENSED CONSOLIDATED BALANCE SHEETS(Unaudited)(in thousands, except share and per share amounts) May 4, 2019",liabilities and stockholders equity liabilities and stockholders equity,us-gaap:LiabilitiesAndStockholdersEquity,reported,
cash_flow,us-gaap:NetIncomeLoss,Net income,6M19,722.943,ADI_SEC-XBRL-financials_as-presented_10-Q_2019-05-22_0000006281-19-000089.xlsx,Cash Flow,"Six Months Ended May 4, 2019",Net income,us-gaap:NetIncomeLoss,reported,
cash_flow,us-gaap:Depreciation,Depreciation,6M19,117.435,ADI_SEC-XBRL-financials_as-presented_10-Q_2019-05-22_0000006281-19-000089.xlsx,Cash Flow,"Six Months Ended May 4, 2019",Depreciation,us-gaap:Depreciation,reported,
cash_flow,us-gaap:AmortizationOfIntangibleAssets,Amortization of intangibles,6M19,284.525,ADI_SEC-XBRL-financials_as-presented_10-Q_2019-05-22_0000006281-19-000089.xlsx,Cash Flow,"Six Months Ended May 4, 2019",Amortization of intangibles,us-gaap:AmortizationOfIntangibleAssets,reported,
cash_flow,us-gaap:ShareBasedCompensation,Stock-based compensation expense,6M19,76.622,ADI_SEC-XBRL-financials_as-presented_10-Q_2019-05-22_0000006281-19-000089.xlsx,Cash Flow,"Six Months Ended May 4, 2019",Stock-based compensation expense,us-gaap:ShareBasedCompensation,reported,
cash_flow,adi:NoncashPortionofSpecialCharge,Non-cash portion of special charge,6M19,4.367,ADI_SEC-XBRL-financials_as-presented_10-Q_2019-05-22_0000006281-19-000089.xlsx,Cash Flow,"Six Months Ended May 4, 2019",Non-cash portion of special charge,adi:NoncashPortionofSpecialCharge,reported,
cash_flow,us-gaap:DeferredIncomeTaxExpenseBenefit,Deferred income taxes,6M19,-21.843,ADI_SEC-XBRL-financials_as-presented_10-Q_2019-05-22_0000006281-19-000089.xlsx,Cash Flow,"Six Months Ended May 4, 2019",Deferred income taxes,us-gaap:DeferredIncomeTaxExpenseBenefit,reported,
cash_flow,us-gaap:OtherNoncashIncomeExpense,Other non-cash activity,6M19,18.429,ADI_SEC-XBRL-financials_as-presented_10-Q_2019-05-22_0000006281-19-000089.xlsx,Cash Flow,"Six Months Ended May 4, 2019",Other non-cash activity,us-gaap:OtherNoncashIncomeExpense,reported,
cash_flow,us-gaap:IncreaseDecreaseInOperatingCapital,Changes in operating assets and liabilities,6M19,-159.829,ADI_SEC-XBRL-financials_as-presented_10-Q_2019-05-22_0000006281-19-000089.xlsx,Cash Flow,"Six Months Ended May 4, 2019",Changes in operating assets and liabilities,us-gaap:IncreaseDecreaseInOperatingCapital,reported,
cash_flow,us-gaap:AdjustmentsToReconcileNetIncomeLossToCashProvidedByUsedInOperatingActivities,Total adjustments,6M19,319.706,ADI_SEC-XBRL-financials_as-presented_10-Q_2019-05-22_0000006281-19-000089.xlsx,Cash Flow,"Six Months Ended May 4, 2019",Total adjustments,us-gaap:AdjustmentsToReconcileNetIncomeLossToCashProvidedByUsedInOperatingActivities,reported,
cash_flow,us-gaap:NetCashProvidedByUsedInOperatingActivities,Net cash provided by operating activities,6M19,1042.649,ADI_SEC-XBRL-financials_as-presented_10-Q_2019-05-22_0000006281-19-000089.xlsx,Cash Flow,"Six Months Ended May 4, 2019",Net cash provided by operating activities,us-gaap:NetCashProvidedByUsedInOperatingActivities,reported,
cash_flow,us-gaap:PaymentsToAcquirePropertyPlantAndEquipment,"Additions to property, plant and equipment",6M19,-166.202,ADI_SEC-XBRL-financials_as-presented_10-Q_2019-05-22_0000006281-19-000089.xlsx,Cash Flow,"Six Months Ended May 4, 2019","Additions to property, plant and equipment",us-gaap:PaymentsToAcquirePropertyPlantAndEquipment,reported,
cash_flow,us-gaap:PaymentsForProceedsFromOtherInvestingActivities,Changes in other assets,6M19,-4.585,ADI_SEC-XBRL-financials_as-presented_10-Q_2019-05-22_0000006281-19-000089.xlsx,Cash Flow,"Six Months Ended May 4, 2019",Changes in other assets,us-gaap:PaymentsForProceedsFromOtherInvestingActivities,reported,
cash_flow,us-gaap:NetCashProvidedByUsedInInvestingActivities,Net cash used for investing activities,6M19,-170.787,ADI_SEC-XBRL-financials_as-presented_10-Q_2019-05-22_0000006281-19-000089.xlsx,Cash Flow,"Six Months Ended May 4, 2019",Net cash used for investing activities,us-gaap:NetCashProvidedByUsedInInvestingActivities,reported,
cash_flow,us-gaap:ProceedsFromLinesOfCredit,Proceeds from revolver,6M19,75.0,ADI_SEC-XBRL-financials_as-presented_10-Q_2019-05-22_0000006281-19-000089.xlsx,Cash Flow,"Six Months Ended May 4, 2019",Proceeds from revolver,us-gaap:ProceedsFromLinesOfCredit,reported,
cash_flow,us-gaap:RepaymentsOfLinesOfCredit,Payments on revolver,6M19,-75.0,ADI_SEC-XBRL-financials_as-presented_10-Q_2019-05-22_0000006281-19-000089.xlsx,Cash Flow,"Six Months Ended May 4, 2019",Payments on revolver,us-gaap:RepaymentsOfLinesOfCredit,reported,
cash_flow,us-gaap:RepaymentsOfDebt,Debt repayments,6M19,-350.0,ADI_SEC-XBRL-financials_as-presented_10-Q_2019-05-22_0000006281-19-000089.xlsx,Cash Flow,"Six Months Ended May 4, 2019",Debt repayments,us-gaap:RepaymentsOfDebt,reported,
cash_flow,us-gaap:PaymentsOfDividendsCommonStock,Dividend payments to shareholders,6M19,-377.217,ADI_SEC-XBRL-financials_as-presented_10-Q_2019-05-22_0000006281-19-000089.xlsx,Cash Flow,"Six Months Ended May 4, 2019",Dividend payments to shareholders,us-gaap:PaymentsOfDividendsCommonStock,reported,
cash_flow,us-gaap:PaymentsForRepurchaseOfCommonStock,Repurchase of common stock,6M19,-328.615,ADI_SEC-XBRL-financials_as-presented_10-Q_2019-05-22_0000006281-19-000089.xlsx,Cash Flow,"Six Months Ended May 4, 2019",Repurchase of common stock,us-gaap:PaymentsForRepurchaseOfCommonStock,reported,
cash_flow,us-gaap:ProceedsFromStockPlans,Proceeds from employee stock plans,6M19,86.907,ADI_SEC-XBRL-financials_as-presented_10-Q_2019-05-22_0000006281-19-000089.xlsx,Cash Flow,"Six Months Ended May 4, 2019",Proceeds from employee stock plans,us-gaap:ProceedsFromStockPlans,reported,
cash_flow,adi:BusinessAcquisitionContingentConsiderationCashPaymentFinancing,Contingent consideration payment,6M19,-4.0,ADI_SEC-XBRL-financials_as-presented_10-Q_2019-05-22_0000006281-19-000089.xlsx,Cash Flow,"Six Months Ended May 4, 2019",Contingent consideration payment,adi:BusinessAcquisitionContingentConsiderationCashPaymentFinancing,reported,
cash_flow,us-gaap:ProceedsFromPaymentsForOtherFinancingActivities,Changes in other financing activities,6M19,-2.144,ADI_SEC-XBRL-financials_as-presented_10-Q_2019-05-22_0000006281-19-000089.xlsx,Cash Flow,"Six Months Ended May 4, 2019",Changes in other financing activities,us-gaap:ProceedsFromPaymentsForOtherFinancingActivities,reported,
cash_flow,us-gaap:NetCashProvidedByUsedInFinancingActivities,Net cash used for financing activities,6M19,-975.069,ADI_SEC-XBRL-financials_as-presented_10-Q_2019-05-22_0000006281-19-000089.xlsx,Cash Flow,"Six Months Ended May 4, 2019",Net cash used for financing activities,us-gaap:NetCashProvidedByUsedInFinancingActivities,reported,
cash_flow,us-gaap:EffectOfExchangeRateOnCashCashEquivalentsRestrictedCashAndRestrictedCashEquivalents,Effect of exchange rate changes on cash,6M19,0.217,ADI_SEC-XBRL-financials_as-presented_10-Q_2019-05-22_0000006281-19-000089.xlsx,Cash Flow,"Six Months Ended May 4, 2019",Effect of exchange rate changes on cash,us-gaap:EffectOfExchangeRateOnCashCashEquivalentsRestrictedCashAndRestrictedCashEquivalents,reported,
cash_flow,us-gaap:CashCashEquivalentsRestrictedCashAndRestrictedCashEquivalentsPeriodIncreaseDecreaseIncludingExchangeRateEffect,Net decrease in cash and cash equivalents,6M19,-102.99,ADI_SEC-XBRL-financials_as-presented_10-Q_2019-05-22_0000006281-19-000089.xlsx,Cash Flow,"Six Months Ended May 4, 2019",Net decrease in cash and cash equivalents,us-gaap:CashCashEquivalentsRestrictedCashAndRestrictedCashEquivalentsPeriodIncreaseDecreaseIncludingExchangeRateEffect,reported,
cash_flow,us-gaap:CashCashEquivalentsRestrictedCashAndRestrictedCashEquivalents,Cash and cash equivalents at beginning of period,6M19,816.591,ADI_SEC-XBRL-financials_as-presented_10-Q_2019-05-22_0000006281-19-000089.xlsx,Cash Flow,"Six Months Ended May 4, 2019",Cash and cash equivalents at beginning of period,us-gaap:CashCashEquivalentsRestrictedCashAndRestrictedCashEquivalents,reported,
income_statement,us-gaap:RevenueFromContractWithCustomerExcludingAssessedTax,Revenue,3Q19,1480.143,ADI_SEC-XBRL-financials_as-presented_10-Q_2019-08-21_0000006281-19-000115.xlsx,Income Statement,"ANALOG DEVICES, INC.CONDENSED CONSOLIDATED STATEMENTS OF INCOME(Unaudited)(in thousands, except per share amounts) Three Months Ended August 3, 2019",Revenue,us-gaap:RevenueFromContractWithCustomerExcludingAssessedTax,reported,
income_statement,us-gaap:RevenueFromContractWithCustomerExcludingAssessedTax,Revenue,9M19,4547.846,ADI_SEC-XBRL-financials_as-presented_10-Q_2019-08-21_0000006281-19-000115.xlsx,Income Statement,"ANALOG DEVICES, INC.CONDENSED CONSOLIDATED STATEMENTS OF INCOME(Unaudited)(in thousands, except per share amounts) Nine Months Ended August 3, 2019",Revenue,us-gaap:RevenueFromContractWithCustomerExcludingAssessedTax,reported,
income_statement,us-gaap:CostOfGoodsAndServicesSold,Cost of sales,3Q19,518.43,ADI_SEC-XBRL-financials_as-presented_10-Q_2019-08-21_0000006281-19-000115.xlsx,Income Statement,"ANALOG DEVICES, INC.CONDENSED CONSOLIDATED STATEMENTS OF INCOME(Unaudited)(in thousands, except per share amounts) Three Months Ended August 3, 2019","Cost of sales; Cost of sales (1); Research and development; Selling, marketing, general and administrative",us-gaap:AllocatedShareBasedCompensationExpense + us-gaap:CostOfRevenue,summed_within_file,SUM(us-gaap:AllocatedShareBasedCompensationExpense + us-gaap:CostOfRevenue) in ADI_SEC-XBRL-financials_as-presented_10-Q_2019-08-21_0000006281-19-000115.xlsx
income_statement,us-gaap:CostOfGoodsAndServicesSold,Cost of sales,9M19,1589.007,ADI_SEC-XBRL-financials_as-presented_10-Q_2019-08-21_0000006281-19-000115.xlsx,Income Statement,"ANALOG DEVICES, INC.CONDENSED CONSOLIDATED STATEMENTS OF INCOME(Unaudited)(in thousands, except per share amounts) Nine Months Ended August 3, 2019","Cost of sales; Cost of sales (1); Research and development; Selling, marketing, general and administrative",us-gaap:AllocatedShareBasedCompensationExpense + us-gaap:CostOfRevenue,summed_within_file,SUM(us-gaap:AllocatedShareBasedCompensationExpense + us-gaap:CostOfRevenue) in ADI_SEC-XBRL-financials_as-presented_10-Q_2019-08-21_0000006281-19-000115.xlsx
income_statement,us-gaap:GrossProfit,Gross margin,3Q19,997.811,ADI_SEC-XBRL-financials_as-presented_10-Q_2019-08-21_0000006281-19-000115.xlsx,Income Statement,"ANALOG DEVICES, INC.CONDENSED CONSOLIDATED STATEMENTS OF INCOME(Unaudited)(in thousands, except per share amounts) Three Months Ended August 3, 2019",Gross margin,us-gaap:GrossProfit,reported,
income_statement,us-gaap:GrossProfit,Gross margin,9M19,3071.559,ADI_SEC-XBRL-financials_as-presented_10-Q_2019-08-21_0000006281-19-000115.xlsx,Income Statement,"ANALOG DEVICES, INC.CONDENSED CONSOLIDATED STATEMENTS OF INCOME(Unaudited)(in thousands, except per share amounts) Nine Months Ended August 3, 2019",Gross margin,us-gaap:GrossProfit,reported,
income_statement,us-gaap:ResearchAndDevelopmentExpense,Research and development,3Q19,280.102,ADI_SEC-XBRL-financials_as-presented_10-Q_2019-08-21_0000006281-19-000115.xlsx,Income Statement,"ANALOG DEVICES, INC.CONDENSED CONSOLIDATED STATEMENTS OF INCOME(Unaudited)(in thousands, except per share amounts) Three Months Ended August 3, 2019",Research and development (1),us-gaap:ResearchAndDevelopmentExpense,reported,
income_statement,us-gaap:ResearchAndDevelopmentExpense,Research and development,9M19,853.33,ADI_SEC-XBRL-financials_as-presented_10-Q_2019-08-21_0000006281-19-000115.xlsx,Income Statement,"ANALOG DEVICES, INC.CONDENSED CONSOLIDATED STATEMENTS OF INCOME(Unaudited)(in thousands, except per share amounts) Nine Months Ended August 3, 2019",Research and development (1),us-gaap:ResearchAndDevelopmentExpense,reported,
income_statement,us-gaap:SellingGeneralAndAdministrativeExpense,"Selling, marketing, general and administrative",3Q19,162.825,ADI_SEC-XBRL-financials_as-presented_10-Q_2019-08-21_0000006281-19-000115.xlsx,Income Statement,"ANALOG DEVICES, INC.CONDENSED CONSOLIDATED STATEMENTS OF INCOME(Unaudited)(in thousands, except per share amounts) Three Months Ended August 3, 2019","Selling, marketing, general and administrative (1)",us-gaap:SellingGeneralAndAdministrativeExpense,reported,
income_statement,us-gaap:SellingGeneralAndAdministrativeExpense,"Selling, marketing, general and administrative",9M19,493.295,ADI_SEC-XBRL-financials_as-presented_10-Q_2019-08-21_0000006281-19-000115.xlsx,Income Statement,"ANALOG DEVICES, INC.CONDENSED CONSOLIDATED STATEMENTS OF INCOME(Unaudited)(in thousands, except per share amounts) Nine Months Ended August 3, 2019","Selling, marketing, general and administrative (1)",us-gaap:SellingGeneralAndAdministrativeExpense,reported,
income_statement,adi:AmortizationofintangibleAssetsOperatingExpenses,Amortization of intangibles,3Q19,107.231,ADI_SEC-XBRL-financials_as-presented_10-Q_2019-08-21_0000006281-19-000115.xlsx,Income Statement,"ANALOG DEVICES, INC.CONDENSED CONSOLIDATED STATEMENTS OF INCOME(Unaudited)(in thousands, except per share amounts) Three Months Ended August 3, 2019",Amortization of intangibles,adi:Operatingexpensesamortizationofintangibles,reported,
income_statement,adi:AmortizationofintangibleAssetsOperatingExpenses,Amortization of intangibles,9M19,321.816,ADI_SEC-XBRL-financials_as-presented_10-Q_2019-08-21_0000006281-19-000115.xlsx,Income Statement,"ANALOG DEVICES, INC.CONDENSED CONSOLIDATED STATEMENTS OF INCOME(Unaudited)(in thousands, except per share amounts) Nine Months Ended August 3, 2019",Amortization of intangibles,adi:Operatingexpensesamortizationofintangibles,reported,
income_statement,us-gaap:RestructuringCharges,Special charges,3Q19,0.927,ADI_SEC-XBRL-financials_as-presented_10-Q_2019-08-21_0000006281-19-000115.xlsx,Income Statement,"ANALOG DEVICES, INC.CONDENSED CONSOLIDATED STATEMENTS OF INCOME(Unaudited)(in thousands, except per share amounts) Three Months Ended August 3, 2019",Special charges,us-gaap:RestructuringCharges,reported,
income_statement,us-gaap:RestructuringCharges,Special charges,9M19,30.871,ADI_SEC-XBRL-financials_as-presented_10-Q_2019-08-21_0000006281-19-000115.xlsx,Income Statement,"ANALOG DEVICES, INC.CONDENSED CONSOLIDATED STATEMENTS OF INCOME(Unaudited)(in thousands, except per share amounts) Nine Months Ended August 3, 2019",Special charges,us-gaap:RestructuringCharges,reported,
income_statement,us-gaap:OperatingExpenses,operating expenses operating expenses operating expenses operating expenses,3Q19,551.085,ADI_SEC-XBRL-financials_as-presented_10-Q_2019-08-21_0000006281-19-000115.xlsx,Income Statement,"ANALOG DEVICES, INC.CONDENSED CONSOLIDATED STATEMENTS OF INCOME(Unaudited)(in thousands, except per share amounts) Three Months Ended August 3, 2019",operating expenses operating expenses operating expenses operating expenses,us-gaap:OperatingExpenses,reported,
income_statement,us-gaap:OperatingExpenses,operating expenses operating expenses operating expenses operating expenses,9M19,1699.312,ADI_SEC-XBRL-financials_as-presented_10-Q_2019-08-21_0000006281-19-000115.xlsx,Income Statement,"ANALOG DEVICES, INC.CONDENSED CONSOLIDATED STATEMENTS OF INCOME(Unaudited)(in thousands, except per share amounts) Nine Months Ended August 3, 2019",operating expenses operating expenses operating expenses operating expenses,us-gaap:OperatingExpenses,reported,
income_statement,us-gaap:OperatingIncomeLoss,Operating income,3Q19,446.726,ADI_SEC-XBRL-financials_as-presented_10-Q_2019-08-21_0000006281-19-000115.xlsx,Income Statement,"ANALOG DEVICES, INC.CONDENSED CONSOLIDATED STATEMENTS OF INCOME(Unaudited)(in thousands, except per share amounts) Three Months Ended August 3, 2019",Operating income,us-gaap:OperatingIncomeLoss,reported,
income_statement,us-gaap:OperatingIncomeLoss,Operating income,9M19,1372.247,ADI_SEC-XBRL-financials_as-presented_10-Q_2019-08-21_0000006281-19-000115.xlsx,Income Statement,"ANALOG DEVICES, INC.CONDENSED CONSOLIDATED STATEMENTS OF INCOME(Unaudited)(in thousands, except per share amounts) Nine Months Ended August 3, 2019",Operating income,us-gaap:OperatingIncomeLoss,reported,
income_statement,us-gaap:InterestExpense,Interest expense,3Q19,59.871,ADI_SEC-XBRL-financials_as-presented_10-Q_2019-08-21_0000006281-19-000115.xlsx,Income Statement,"ANALOG DEVICES, INC.CONDENSED CONSOLIDATED STATEMENTS OF INCOME(Unaudited)(in thousands, except per share amounts) Three Months Ended August 3, 2019",Interest expense,us-gaap:InterestExpense,reported,
income_statement,us-gaap:InterestExpense,Interest expense,9M19,178.3,ADI_SEC-XBRL-financials_as-presented_10-Q_2019-08-21_0000006281-19-000115.xlsx,Income Statement,"ANALOG DEVICES, INC.CONDENSED CONSOLIDATED STATEMENTS OF INCOME(Unaudited)(in thousands, except per share amounts) Nine Months Ended August 3, 2019",Interest expense,us-gaap:InterestExpense,reported,
income_statement,us-gaap:InvestmentIncomeInterest,Interest income,3Q19,-2.625,ADI_SEC-XBRL-financials_as-presented_10-Q_2019-08-21_0000006281-19-000115.xlsx,Income Statement,"ANALOG DEVICES, INC.CONDENSED CONSOLIDATED STATEMENTS OF INCOME(Unaudited)(in thousands, except per share amounts) Three Months Ended August 3, 2019",Interest income,us-gaap:InvestmentIncomeInterest,reported,
income_statement,us-gaap:InvestmentIncomeInterest,Interest income,9M19,-8.241,ADI_SEC-XBRL-financials_as-presented_10-Q_2019-08-21_0000006281-19-000115.xlsx,Income Statement,"ANALOG DEVICES, INC.CONDENSED CONSOLIDATED STATEMENTS OF INCOME(Unaudited)(in thousands, except per share amounts) Nine Months Ended August 3, 2019",Interest income,us-gaap:InvestmentIncomeInterest,reported,
income_statement,us-gaap:OtherNonoperatingIncomeExpense,"Other, net",3Q19,-0.078,ADI_SEC-XBRL-financials_as-presented_10-Q_2019-08-21_0000006281-19-000115.xlsx,Income Statement,"ANALOG DEVICES, INC.CONDENSED CONSOLIDATED STATEMENTS OF INCOME(Unaudited)(in thousands, except per share amounts) Three Months Ended August 3, 2019","Other, net",us-gaap:OtherNonoperatingIncomeExpense,reported,
income_statement,us-gaap:OtherNonoperatingIncomeExpense,"Other, net",9M19,4.287,ADI_SEC-XBRL-financials_as-presented_10-Q_2019-08-21_0000006281-19-000115.xlsx,Income Statement,"ANALOG DEVICES, INC.CONDENSED CONSOLIDATED STATEMENTS OF INCOME(Unaudited)(in thousands, except per share amounts) Nine Months Ended August 3, 2019","Other, net",us-gaap:OtherNonoperatingIncomeExpense,reported,
income_statement,us-gaap:NonoperatingIncomeExpense,nonoperating income expense nonoperating income expense nonoperating income expense nonoperating income expense,3Q19,57.168,ADI_SEC-XBRL-financials_as-presented_10-Q_2019-08-21_0000006281-19-000115.xlsx,Income Statement,"ANALOG DEVICES, INC.CONDENSED CONSOLIDATED STATEMENTS OF INCOME(Unaudited)(in thousands, except per share amounts) Three Months Ended August 3, 2019",nonoperating income expense nonoperating income expense nonoperating income expense nonoperating income expense,us-gaap:NonoperatingIncomeExpense,reported,
income_statement,us-gaap:NonoperatingIncomeExpense,nonoperating income expense nonoperating income expense nonoperating income expense nonoperating income expense,9M19,174.346,ADI_SEC-XBRL-financials_as-presented_10-Q_2019-08-21_0000006281-19-000115.xlsx,Income Statement,"ANALOG DEVICES, INC.CONDENSED CONSOLIDATED STATEMENTS OF INCOME(Unaudited)(in thousands, except per share amounts) Nine Months Ended August 3, 2019",nonoperating income expense nonoperating income expense nonoperating income expense nonoperating income expense,us-gaap:NonoperatingIncomeExpense,reported,
income_statement,us-gaap:IncomeLossFromContinuingOperationsBeforeIncomeTaxesMinorityInterestAndIncomeLossFromEquityMethodInvestments,Income before income taxes,3Q19,389.558,ADI_SEC-XBRL-financials_as-presented_10-Q_2019-08-21_0000006281-19-000115.xlsx,Income Statement,"ANALOG DEVICES, INC.CONDENSED CONSOLIDATED STATEMENTS OF INCOME(Unaudited)(in thousands, except per share amounts) Three Months Ended August 3, 2019",Income before income taxes,us-gaap:IncomeLossFromContinuingOperationsBeforeIncomeTaxesMinorityInterestAndIncomeLossFromEquityMethodInvestments,reported,
income_statement,us-gaap:IncomeLossFromContinuingOperationsBeforeIncomeTaxesMinorityInterestAndIncomeLossFromEquityMethodInvestments,Income before income taxes,9M19,1197.901,ADI_SEC-XBRL-financials_as-presented_10-Q_2019-08-21_0000006281-19-000115.xlsx,Income Statement,"ANALOG DEVICES, INC.CONDENSED CONSOLIDATED STATEMENTS OF INCOME(Unaudited)(in thousands, except per share amounts) Nine Months Ended August 3, 2019",Income before income taxes,us-gaap:IncomeLossFromContinuingOperationsBeforeIncomeTaxesMinorityInterestAndIncomeLossFromEquityMethodInvestments,reported,
income_statement,us-gaap:IncomeTaxExpenseBenefit,Provision for income taxes,3Q19,27.184,ADI_SEC-XBRL-financials_as-presented_10-Q_2019-08-21_0000006281-19-000115.xlsx,Income Statement,"ANALOG DEVICES, INC.CONDENSED CONSOLIDATED STATEMENTS OF INCOME(Unaudited)(in thousands, except per share amounts) Three Months Ended August 3, 2019",Provision for income taxes,us-gaap:IncomeTaxExpenseBenefit,reported,
income_statement,us-gaap:IncomeTaxExpenseBenefit,Provision for income taxes,9M19,112.584,ADI_SEC-XBRL-financials_as-presented_10-Q_2019-08-21_0000006281-19-000115.xlsx,Income Statement,"ANALOG DEVICES, INC.CONDENSED CONSOLIDATED STATEMENTS OF INCOME(Unaudited)(in thousands, except per share amounts) Nine Months Ended August 3, 2019",Provision for income taxes,us-gaap:IncomeTaxExpenseBenefit,reported,
income_statement,us-gaap:NetIncomeLoss,Net income,3Q19,362.374,ADI_SEC-XBRL-financials_as-presented_10-Q_2019-08-21_0000006281-19-000115.xlsx,Income Statement,"ANALOG DEVICES, INC.CONDENSED CONSOLIDATED STATEMENTS OF INCOME(Unaudited)(in thousands, except per share amounts) Three Months Ended August 3, 2019",Net income,us-gaap:NetIncomeLoss,reported,
income_statement,us-gaap:NetIncomeLoss,Net income,9M19,1085.317,ADI_SEC-XBRL-financials_as-presented_10-Q_2019-08-21_0000006281-19-000115.xlsx,Income Statement,"ANALOG DEVICES, INC.CONDENSED CONSOLIDATED STATEMENTS OF INCOME(Unaudited)(in thousands, except per share amounts) Nine Months Ended August 3, 2019",Net income,us-gaap:NetIncomeLoss,reported,
income_statement,us-gaap:WeightedAverageNumberOfSharesOutstandingBasic,Shares used to compute earnings per common share – basic,3Q19,369.533,ADI_SEC-XBRL-financials_as-presented_10-Q_2019-08-21_0000006281-19-000115.xlsx,Income Statement,"ANALOG DEVICES, INC.CONDENSED CONSOLIDATED STATEMENTS OF INCOME(Unaudited)(in thousands, except per share amounts) Three Months Ended August 3, 2019",Shares used to compute earnings per common share – basic,us-gaap:WeightedAverageNumberOfSharesOutstandingBasic,reported,
income_statement,us-gaap:WeightedAverageNumberOfSharesOutstandingBasic,Shares used to compute earnings per common share – basic,9M19,369.16,ADI_SEC-XBRL-financials_as-presented_10-Q_2019-08-21_0000006281-19-000115.xlsx,Income Statement,"ANALOG DEVICES, INC.CONDENSED CONSOLIDATED STATEMENTS OF INCOME(Unaudited)(in thousands, except per share amounts) Nine Months Ended August 3, 2019",Shares used to compute earnings per common share – basic,us-gaap:WeightedAverageNumberOfSharesOutstandingBasic,reported,
income_statement,us-gaap:WeightedAverageNumberOfDilutedSharesOutstanding,Shares used to compute earnings per common share – diluted,3Q19,373.077,ADI_SEC-XBRL-financials_as-presented_10-Q_2019-08-21_0000006281-19-000115.xlsx,Income Statement,"ANALOG DEVICES, INC.CONDENSED CONSOLIDATED STATEMENTS OF INCOME(Unaudited)(in thousands, except per share amounts) Three Months Ended August 3, 2019",Shares used to compute earnings per common share – diluted,us-gaap:WeightedAverageNumberOfDilutedSharesOutstanding,reported,
income_statement,us-gaap:WeightedAverageNumberOfDilutedSharesOutstanding,Shares used to compute earnings per common share – diluted,9M19,372.967,ADI_SEC-XBRL-financials_as-presented_10-Q_2019-08-21_0000006281-19-000115.xlsx,Income Statement,"ANALOG DEVICES, INC.CONDENSED CONSOLIDATED STATEMENTS OF INCOME(Unaudited)(in thousands, except per share amounts) Nine Months Ended August 3, 2019",Shares used to compute earnings per common share – diluted,us-gaap:WeightedAverageNumberOfDilutedSharesOutstanding,reported,
income_statement,us-gaap:IncomeLossFromContinuingOperationsPerBasicShare,Basic earnings per common share,3Q19,0.98,ADI_SEC-XBRL-financials_as-presented_10-Q_2019-08-21_0000006281-19-000115.xlsx,Income Statement,"ANALOG DEVICES, INC.CONDENSED CONSOLIDATED STATEMENTS OF INCOME(Unaudited)(in thousands, except per share amounts) Three Months Ended August 3, 2019",Basic earnings per common share,us-gaap:EarningsPerShareBasic,reported,
income_statement,us-gaap:IncomeLossFromContinuingOperationsPerBasicShare,Basic earnings per common share,9M19,2.93,ADI_SEC-XBRL-financials_as-presented_10-Q_2019-08-21_0000006281-19-000115.xlsx,Income Statement,"ANALOG DEVICES, INC.CONDENSED CONSOLIDATED STATEMENTS OF INCOME(Unaudited)(in thousands, except per share amounts) Nine Months Ended August 3, 2019",Basic earnings per common share,us-gaap:EarningsPerShareBasic,reported,
income_statement,us-gaap:IncomeLossFromContinuingOperationsPerDilutedShare,Diluted earnings per common share,3Q19,0.97,ADI_SEC-XBRL-financials_as-presented_10-Q_2019-08-21_0000006281-19-000115.xlsx,Income Statement,"ANALOG DEVICES, INC.CONDENSED CONSOLIDATED STATEMENTS OF INCOME(Unaudited)(in thousands, except per share amounts) Three Months Ended August 3, 2019",Diluted earnings per common share,us-gaap:EarningsPerShareDiluted,reported,
income_statement,us-gaap:IncomeLossFromContinuingOperationsPerDilutedShare,Diluted earnings per common share,9M19,2.9,ADI_SEC-XBRL-financials_as-presented_10-Q_2019-08-21_0000006281-19-000115.xlsx,Income Statement,"ANALOG DEVICES, INC.CONDENSED CONSOLIDATED STATEMENTS OF INCOME(Unaudited)(in thousands, except per share amounts) Nine Months Ended August 3, 2019",Diluted earnings per common share,us-gaap:EarningsPerShareDiluted,reported,
balance_sheet,us-gaap:CashAndCashEquivalentsAtCarryingValue,Cash and cash equivalents,3Q19,612.164,ADI_SEC-XBRL-financials_as-presented_10-Q_2019-08-21_0000006281-19-000115.xlsx,Balance Sheet,"ANALOG DEVICES, INC.CONDENSED CONSOLIDATED BALANCE SHEETS(Unaudited)(in thousands, except share and per share amounts) August 3, 2019",Cash and cash equivalents,us-gaap:CashAndCashEquivalentsAtCarryingValue,reported,
balance_sheet,us-gaap:AccountsReceivableNetCurrent,Accounts receivable,3Q19,689.976,ADI_SEC-XBRL-financials_as-presented_10-Q_2019-08-21_0000006281-19-000115.xlsx,Balance Sheet,"ANALOG DEVICES, INC.CONDENSED CONSOLIDATED BALANCE SHEETS(Unaudited)(in thousands, except share and per share amounts) August 3, 2019",Accounts receivable,us-gaap:AccountsReceivableNetCurrent,reported,
balance_sheet,us-gaap:InventoryNet,Inventories (2),3Q19,638.305,ADI_SEC-XBRL-financials_as-presented_10-Q_2019-08-21_0000006281-19-000115.xlsx,Balance Sheet,"ANALOG DEVICES, INC.CONDENSED CONSOLIDATED BALANCE SHEETS(Unaudited)(in thousands, except share and per share amounts) August 3, 2019",Inventories (2),us-gaap:InventoryNet,reported,
balance_sheet,us-gaap:PrepaidExpenseAndOtherAssetsCurrent,Prepaid expenses and other current assets,3Q19,66.613,ADI_SEC-XBRL-financials_as-presented_10-Q_2019-08-21_0000006281-19-000115.xlsx,Balance Sheet,"ANALOG DEVICES, INC.CONDENSED CONSOLIDATED BALANCE SHEETS(Unaudited)(in thousands, except share and per share amounts) August 3, 2019",Prepaid expenses and other current assets,us-gaap:PrepaidExpenseAndOtherAssetsCurrent,reported,
balance_sheet,us-gaap:AssetsCurrent,Total current assets,3Q19,2007.058,ADI_SEC-XBRL-financials_as-presented_10-Q_2019-08-21_0000006281-19-000115.xlsx,Balance Sheet,"ANALOG DEVICES, INC.CONDENSED CONSOLIDATED BALANCE SHEETS(Unaudited)(in thousands, except share and per share amounts) August 3, 2019",Total current assets,us-gaap:AssetsCurrent,reported,
balance_sheet,adi:LandAndBuildingsGross,Land and buildings,3Q19,926.112,ADI_SEC-XBRL-financials_as-presented_10-Q_2019-08-21_0000006281-19-000115.xlsx,Balance Sheet,"ANALOG DEVICES, INC.CONDENSED CONSOLIDATED BALANCE SHEETS(Unaudited)(in thousands, except share and per share amounts) August 3, 2019",Land and buildings,adi:LandAndBuildingsGross,reported,
balance_sheet,us-gaap:MachineryAndEquipmentGross,Machinery and equipment,3Q19,2594.832,ADI_SEC-XBRL-financials_as-presented_10-Q_2019-08-21_0000006281-19-000115.xlsx,Balance Sheet,"ANALOG DEVICES, INC.CONDENSED CONSOLIDATED BALANCE SHEETS(Unaudited)(in thousands, except share and per share amounts) August 3, 2019",Machinery and equipment,us-gaap:MachineryAndEquipmentGross,reported,
balance_sheet,us-gaap:FurnitureAndFixturesGross,Office equipment,3Q19,84.487,ADI_SEC-XBRL-financials_as-presented_10-Q_2019-08-21_0000006281-19-000115.xlsx,Balance Sheet,"ANALOG DEVICES, INC.CONDENSED CONSOLIDATED BALANCE SHEETS(Unaudited)(in thousands, except share and per share amounts) August 3, 2019",Office equipment,us-gaap:FurnitureAndFixturesGross,reported,
balance_sheet,us-gaap:LeaseholdImprovementsGross,Leasehold improvements,3Q19,154.316,ADI_SEC-XBRL-financials_as-presented_10-Q_2019-08-21_0000006281-19-000115.xlsx,Balance Sheet,"ANALOG DEVICES, INC.CONDENSED CONSOLIDATED BALANCE SHEETS(Unaudited)(in thousands, except share and per share amounts) August 3, 2019",Leasehold improvements,us-gaap:LeaseholdImprovementsGross,reported,
balance_sheet,us-gaap:PropertyPlantAndEquipmentGross,property plant and equipment gross property plant and equipment gross,3Q19,3759.747,ADI_SEC-XBRL-financials_as-presented_10-Q_2019-08-21_0000006281-19-000115.xlsx,Balance Sheet,"ANALOG DEVICES, INC.CONDENSED CONSOLIDATED BALANCE SHEETS(Unaudited)(in thousands, except share and per share amounts) August 3, 2019",property plant and equipment gross property plant and equipment gross,us-gaap:PropertyPlantAndEquipmentGross,reported,
balance_sheet,us-gaap:AccumulatedDepreciationDepletionAndAmortizationPropertyPlantAndEquipment,Less accumulated depreciation and amortization,3Q19,2538.555,ADI_SEC-XBRL-financials_as-presented_10-Q_2019-08-21_0000006281-19-000115.xlsx,Balance Sheet,"ANALOG DEVICES, INC.CONDENSED CONSOLIDATED BALANCE SHEETS(Unaudited)(in thousands, except share and per share amounts) August 3, 2019",Less accumulated depreciation and amortization,us-gaap:AccumulatedDepreciationDepletionAndAmortizationPropertyPlantAndEquipment,reported,
balance_sheet,us-gaap:PropertyPlantAndEquipmentNet,"Net property, plant and equipment",3Q19,1221.192,ADI_SEC-XBRL-financials_as-presented_10-Q_2019-08-21_0000006281-19-000115.xlsx,Balance Sheet,"ANALOG DEVICES, INC.CONDENSED CONSOLIDATED BALANCE SHEETS(Unaudited)(in thousands, except share and per share amounts) August 3, 2019","Net property, plant and equipment",us-gaap:PropertyPlantAndEquipmentNet,reported,
balance_sheet,us-gaap:DeferredCompensationPlanAssets,Deferred compensation plan investments,3Q19,45.778,ADI_SEC-XBRL-financials_as-presented_10-Q_2019-08-21_0000006281-19-000115.xlsx,Balance Sheet,"ANALOG DEVICES, INC.CONDENSED CONSOLIDATED BALANCE SHEETS(Unaudited)(in thousands, except share and per share amounts) August 3, 2019",Deferred compensation plan investments,us-gaap:DeferredCompensationPlanAssets,reported,
balance_sheet,us-gaap:LongTermInvestments,Other investments,3Q19,32.29,ADI_SEC-XBRL-financials_as-presented_10-Q_2019-08-21_0000006281-19-000115.xlsx,Balance Sheet,"ANALOG DEVICES, INC.CONDENSED CONSOLIDATED BALANCE SHEETS(Unaudited)(in thousands, except share and per share amounts) August 3, 2019",Other investments,us-gaap:LongTermInvestments,reported,
balance_sheet,us-gaap:Goodwill,Goodwill,3Q19,12247.888,ADI_SEC-XBRL-financials_as-presented_10-Q_2019-08-21_0000006281-19-000115.xlsx,Balance Sheet,"ANALOG DEVICES, INC.CONDENSED CONSOLIDATED BALANCE SHEETS(Unaudited)(in thousands, except share and per share amounts) August 3, 2019",Goodwill,us-gaap:Goodwill,reported,
balance_sheet,us-gaap:IntangibleAssetsNetExcludingGoodwill,"Intangible assets, net",3Q19,4346.377,ADI_SEC-XBRL-financials_as-presented_10-Q_2019-08-21_0000006281-19-000115.xlsx,Balance Sheet,"ANALOG DEVICES, INC.CONDENSED CONSOLIDATED BALANCE SHEETS(Unaudited)(in thousands, except share and per share amounts) August 3, 2019","Intangible assets, net",us-gaap:IntangibleAssetsNetExcludingGoodwill,reported,
balance_sheet,us-gaap:DeferredIncomeTaxAssetsNet,Deferred tax assets,3Q19,1606.267,ADI_SEC-XBRL-financials_as-presented_10-Q_2019-08-21_0000006281-19-000115.xlsx,Balance Sheet,"ANALOG DEVICES, INC.CONDENSED CONSOLIDATED BALANCE SHEETS(Unaudited)(in thousands, except share and per share amounts) August 3, 2019",Deferred tax assets,us-gaap:DeferredIncomeTaxAssetsNet,reported,
balance_sheet,us-gaap:OtherAssetsNoncurrent,Other assets,3Q19,59.8,ADI_SEC-XBRL-financials_as-presented_10-Q_2019-08-21_0000006281-19-000115.xlsx,Balance Sheet,"ANALOG DEVICES, INC.CONDENSED CONSOLIDATED BALANCE SHEETS(Unaudited)(in thousands, except share and per share amounts) August 3, 2019",Other assets,us-gaap:OtherAssetsNoncurrent,reported,
balance_sheet,us-gaap:AssetsNoncurrent,Total other assets,3Q19,18338.4,ADI_SEC-XBRL-financials_as-presented_10-Q_2019-08-21_0000006281-19-000115.xlsx,Balance Sheet,"ANALOG DEVICES, INC.CONDENSED CONSOLIDATED BALANCE SHEETS(Unaudited)(in thousands, except share and per share amounts) August 3, 2019",Total other assets,us-gaap:AssetsNoncurrent,reported,
balance_sheet,us-gaap:Assets,assets assets,3Q19,21566.65,ADI_SEC-XBRL-financials_as-presented_10-Q_2019-08-21_0000006281-19-000115.xlsx,Balance Sheet,"ANALOG DEVICES, INC.CONDENSED CONSOLIDATED BALANCE SHEETS(Unaudited)(in thousands, except share and per share amounts) August 3, 2019",assets assets,us-gaap:Assets,reported,
balance_sheet,us-gaap:AccountsPayableCurrent,Accounts payable,3Q19,220.23,ADI_SEC-XBRL-financials_as-presented_10-Q_2019-08-21_0000006281-19-000115.xlsx,Balance Sheet,"ANALOG DEVICES, INC.CONDENSED CONSOLIDATED BALANCE SHEETS(Unaudited)(in thousands, except share and per share amounts) August 3, 2019",Accounts payable,us-gaap:AccountsPayableCurrent,reported,
balance_sheet,us-gaap:AccruedIncomeTaxesCurrent,Income taxes payable,3Q19,173.917,ADI_SEC-XBRL-financials_as-presented_10-Q_2019-08-21_0000006281-19-000115.xlsx,Balance Sheet,"ANALOG DEVICES, INC.CONDENSED CONSOLIDATED BALANCE SHEETS(Unaudited)(in thousands, except share and per share amounts) August 3, 2019",Income taxes payable,us-gaap:AccruedIncomeTaxesCurrent,reported,
balance_sheet,us-gaap:DebtCurrent,"Debt, current",3Q19,411.434,ADI_SEC-XBRL-financials_as-presented_10-Q_2019-08-21_0000006281-19-000115.xlsx,Balance Sheet,"ANALOG DEVICES, INC.CONDENSED CONSOLIDATED BALANCE SHEETS(Unaudited)(in thousands, except share and per share amounts) August 3, 2019","Debt, current",us-gaap:DebtCurrent,reported,
balance_sheet,us-gaap:AccruedLiabilitiesCurrent,Accrued liabilities,3Q19,678.099,ADI_SEC-XBRL-financials_as-presented_10-Q_2019-08-21_0000006281-19-000115.xlsx,Balance Sheet,"ANALOG DEVICES, INC.CONDENSED CONSOLIDATED BALANCE SHEETS(Unaudited)(in thousands, except share and per share amounts) August 3, 2019",Accrued liabilities,us-gaap:AccruedLiabilitiesCurrent,reported,
balance_sheet,us-gaap:LiabilitiesCurrent,Total current liabilities,3Q19,1483.68,ADI_SEC-XBRL-financials_as-presented_10-Q_2019-08-21_0000006281-19-000115.xlsx,Balance Sheet,"ANALOG DEVICES, INC.CONDENSED CONSOLIDATED BALANCE SHEETS(Unaudited)(in thousands, except share and per share amounts) August 3, 2019",Total current liabilities,us-gaap:LiabilitiesCurrent,reported,
balance_sheet,us-gaap:UnsecuredLongTermDebt,Long-term debt,3Q19,5278.643,ADI_SEC-XBRL-financials_as-presented_10-Q_2019-08-21_0000006281-19-000115.xlsx,Balance Sheet,"ANALOG DEVICES, INC.CONDENSED CONSOLIDATED BALANCE SHEETS(Unaudited)(in thousands, except share and per share amounts) August 3, 2019",Long-term debt,us-gaap:UnsecuredLongTermDebt,reported,
balance_sheet,us-gaap:DeferredIncomeTaxLiabilitiesNet,Deferred income taxes,3Q19,2171.029,ADI_SEC-XBRL-financials_as-presented_10-Q_2019-08-21_0000006281-19-000115.xlsx,Balance Sheet,"ANALOG DEVICES, INC.CONDENSED CONSOLIDATED BALANCE SHEETS(Unaudited)(in thousands, except share and per share amounts) August 3, 2019",Deferred income taxes,us-gaap:DeferredIncomeTaxLiabilitiesNet,reported,
balance_sheet,us-gaap:DeferredCompensationLiabilityClassifiedNoncurrent,Deferred compensation plan liability,3Q19,45.778,ADI_SEC-XBRL-financials_as-presented_10-Q_2019-08-21_0000006281-19-000115.xlsx,Balance Sheet,"ANALOG DEVICES, INC.CONDENSED CONSOLIDATED BALANCE SHEETS(Unaudited)(in thousands, except share and per share amounts) August 3, 2019",Deferred compensation plan liability,us-gaap:DeferredCompensationLiabilityClassifiedNoncurrent,reported,
balance_sheet,adi:TaxesPayableNoncurrent,Income taxes payable,3Q19,649.228,ADI_SEC-XBRL-financials_as-presented_10-Q_2019-08-21_0000006281-19-000115.xlsx,Balance Sheet,"ANALOG DEVICES, INC.CONDENSED CONSOLIDATED BALANCE SHEETS(Unaudited)(in thousands, except share and per share amounts) August 3, 2019",Income taxes payable,adi:TaxesPayableNoncurrent,reported,
balance_sheet,us-gaap:OtherLiabilitiesNoncurrent,Other non-current liabilities,3Q19,148.055,ADI_SEC-XBRL-financials_as-presented_10-Q_2019-08-21_0000006281-19-000115.xlsx,Balance Sheet,"ANALOG DEVICES, INC.CONDENSED CONSOLIDATED BALANCE SHEETS(Unaudited)(in thousands, except share and per share amounts) August 3, 2019",Other non-current liabilities,us-gaap:OtherLiabilitiesNoncurrent,reported,
balance_sheet,us-gaap:LiabilitiesNoncurrent,Total non-current liabilities,3Q19,8292.733,ADI_SEC-XBRL-financials_as-presented_10-Q_2019-08-21_0000006281-19-000115.xlsx,Balance Sheet,"ANALOG DEVICES, INC.CONDENSED CONSOLIDATED BALANCE SHEETS(Unaudited)(in thousands, except share and per share amounts) August 3, 2019",Total non-current liabilities,us-gaap:LiabilitiesNoncurrent,reported,
balance_sheet,us-gaap:CommonStockValue,"Common stock, $0.16 2/3 par value, 1,200,000,000 shares authorized, 369,761,227 shares outstanding (370,159,553 on November 3, 2018)",3Q19,61.569,ADI_SEC-XBRL-financials_as-presented_10-Q_2019-08-21_0000006281-19-000115.xlsx,Balance Sheet,"ANALOG DEVICES, INC.CONDENSED CONSOLIDATED BALANCE SHEETS(Unaudited)(in thousands, except share and per share amounts) August 3, 2019","Common stock, $0.16 2/3 par value, 1,200,000,000 shares authorized, 369,406,136 shares outstanding (370,159,553 on November 3, 2018)",us-gaap:CommonStockValue,reported,
balance_sheet,us-gaap:AdditionalPaidInCapitalCommonStock,Capital in excess of par value,3Q19,5060.586,ADI_SEC-XBRL-financials_as-presented_10-Q_2019-08-21_0000006281-19-000115.xlsx,Balance Sheet,"ANALOG DEVICES, INC.CONDENSED CONSOLIDATED BALANCE SHEETS(Unaudited)(in thousands, except share and per share amounts) August 3, 2019",Capital in excess of par value,us-gaap:AdditionalPaidInCapitalCommonStock,reported,
balance_sheet,us-gaap:RetainedEarningsAccumulatedDeficit,Retained earnings,3Q19,6821.755,ADI_SEC-XBRL-financials_as-presented_10-Q_2019-08-21_0000006281-19-000115.xlsx,Balance Sheet,"ANALOG DEVICES, INC.CONDENSED CONSOLIDATED BALANCE SHEETS(Unaudited)(in thousands, except share and per share amounts) August 3, 2019",Retained earnings,us-gaap:RetainedEarningsAccumulatedDeficit,reported,
balance_sheet,us-gaap:AccumulatedOtherComprehensiveIncomeLossNetOfTax,Accumulated other comprehensive loss,3Q19,-153.673,ADI_SEC-XBRL-financials_as-presented_10-Q_2019-08-21_0000006281-19-000115.xlsx,Balance Sheet,"ANALOG DEVICES, INC.CONDENSED CONSOLIDATED BALANCE SHEETS(Unaudited)(in thousands, except share and per share amounts) August 3, 2019",Accumulated other comprehensive loss,us-gaap:AccumulatedOtherComprehensiveIncomeLossNetOfTax,reported,
balance_sheet,us-gaap:StockholdersEquity,Total shareholders’ equity,3Q19,11790.237,ADI_SEC-XBRL-financials_as-presented_10-Q_2019-08-21_0000006281-19-000115.xlsx,Balance Sheet,"ANALOG DEVICES, INC.CONDENSED CONSOLIDATED BALANCE SHEETS(Unaudited)(in thousands, except share and per share amounts) August 3, 2019",Total shareholders’ equity,us-gaap:StockholdersEquity,reported,
balance_sheet,us-gaap:LiabilitiesAndStockholdersEquity,liabilities and stockholders equity liabilities and stockholders equity,3Q19,21566.65,ADI_SEC-XBRL-financials_as-presented_10-Q_2019-08-21_0000006281-19-000115.xlsx,Balance Sheet,"ANALOG DEVICES, INC.CONDENSED CONSOLIDATED BALANCE SHEETS(Unaudited)(in thousands, except share and per share amounts) August 3, 2019",liabilities and stockholders equity liabilities and stockholders equity,us-gaap:LiabilitiesAndStockholdersEquity,reported,
cash_flow,us-gaap:NetIncomeLoss,Net income,9M19,1085.317,ADI_SEC-XBRL-financials_as-presented_10-Q_2019-08-21_0000006281-19-000115.xlsx,Cash Flow,"Nine Months Ended August 3, 2019",Net income,us-gaap:NetIncomeLoss,reported,
cash_flow,us-gaap:Depreciation,Depreciation,9M19,179.041,ADI_SEC-XBRL-financials_as-presented_10-Q_2019-08-21_0000006281-19-000115.xlsx,Cash Flow,"Nine Months Ended August 3, 2019",Depreciation,us-gaap:Depreciation,reported,
cash_flow,us-gaap:AmortizationOfIntangibleAssets,Amortization of intangibles,9M19,427.046,ADI_SEC-XBRL-financials_as-presented_10-Q_2019-08-21_0000006281-19-000115.xlsx,Cash Flow,"Nine Months Ended August 3, 2019",Amortization of intangibles,us-gaap:AmortizationOfIntangibleAssets,reported,
cash_flow,us-gaap:ShareBasedCompensation,Stock-based compensation expense,9M19,112.72,ADI_SEC-XBRL-financials_as-presented_10-Q_2019-08-21_0000006281-19-000115.xlsx,Cash Flow,"Nine Months Ended August 3, 2019",Stock-based compensation expense,us-gaap:ShareBasedCompensation,reported,
cash_flow,adi:NoncashPortionofSpecialCharge,Non-cash portion of special charge,9M19,4.367,ADI_SEC-XBRL-financials_as-presented_10-Q_2019-08-21_0000006281-19-000115.xlsx,Cash Flow,"Nine Months Ended August 3, 2019",Non-cash portion of special charge,adi:NoncashPortionofSpecialCharge,reported,
cash_flow,us-gaap:DeferredIncomeTaxExpenseBenefit,Deferred income taxes,9M19,-55.444,ADI_SEC-XBRL-financials_as-presented_10-Q_2019-08-21_0000006281-19-000115.xlsx,Cash Flow,"Nine Months Ended August 3, 2019",Deferred income taxes,us-gaap:DeferredIncomeTaxExpenseBenefit,reported,
cash_flow,us-gaap:OtherNoncashIncomeExpense,Other non-cash activity,9M19,26.701,ADI_SEC-XBRL-financials_as-presented_10-Q_2019-08-21_0000006281-19-000115.xlsx,Cash Flow,"Nine Months Ended August 3, 2019",Other non-cash activity,us-gaap:OtherNoncashIncomeExpense,reported,
cash_flow,us-gaap:IncreaseDecreaseInOperatingCapital,Changes in operating assets and liabilities,9M19,-184.552,ADI_SEC-XBRL-financials_as-presented_10-Q_2019-08-21_0000006281-19-000115.xlsx,Cash Flow,"Nine Months Ended August 3, 2019",Changes in operating assets and liabilities,us-gaap:IncreaseDecreaseInOperatingCapital,reported,
cash_flow,us-gaap:AdjustmentsToReconcileNetIncomeLossToCashProvidedByUsedInOperatingActivities,Total adjustments,9M19,509.879,ADI_SEC-XBRL-financials_as-presented_10-Q_2019-08-21_0000006281-19-000115.xlsx,Cash Flow,"Nine Months Ended August 3, 2019",Total adjustments,us-gaap:AdjustmentsToReconcileNetIncomeLossToCashProvidedByUsedInOperatingActivities,reported,
cash_flow,us-gaap:NetCashProvidedByUsedInOperatingActivities,Net cash provided by operating activities,9M19,1595.196,ADI_SEC-XBRL-financials_as-presented_10-Q_2019-08-21_0000006281-19-000115.xlsx,Cash Flow,"Nine Months Ended August 3, 2019",Net cash provided by operating activities,us-gaap:NetCashProvidedByUsedInOperatingActivities,reported,
cash_flow,us-gaap:PaymentsToAcquirePropertyPlantAndEquipment,"Additions to property, plant and equipment",9M19,-224.297,ADI_SEC-XBRL-financials_as-presented_10-Q_2019-08-21_0000006281-19-000115.xlsx,Cash Flow,"Nine Months Ended August 3, 2019","Additions to property, plant and equipment",us-gaap:PaymentsToAcquirePropertyPlantAndEquipment,reported,
cash_flow,us-gaap:PaymentsForProceedsFromOtherInvestingActivities,Changes in other assets,9M19,-5.132,ADI_SEC-XBRL-financials_as-presented_10-Q_2019-08-21_0000006281-19-000115.xlsx,Cash Flow,"Nine Months Ended August 3, 2019",Changes in other assets,us-gaap:PaymentsForProceedsFromOtherInvestingActivities,reported,
cash_flow,us-gaap:NetCashProvidedByUsedInInvestingActivities,Net cash used for investing activities,9M19,-229.429,ADI_SEC-XBRL-financials_as-presented_10-Q_2019-08-21_0000006281-19-000115.xlsx,Cash Flow,"Nine Months Ended August 3, 2019",Net cash used for investing activities,us-gaap:NetCashProvidedByUsedInInvestingActivities,reported,
cash_flow,us-gaap:ProceedsFromIssuanceOfDebt,Proceeds from debt,9M19,1250.0,ADI_SEC-XBRL-financials_as-presented_10-Q_2019-08-21_0000006281-19-000115.xlsx,Cash Flow,"Nine Months Ended August 3, 2019",Proceeds from debt,us-gaap:ProceedsFromIssuanceOfDebt,reported,
cash_flow,us-gaap:ProceedsFromRepaymentsOfDebt,Early termination of debt,9M19,-1250.0,ADI_SEC-XBRL-financials_as-presented_10-Q_2019-08-21_0000006281-19-000115.xlsx,Cash Flow,"Nine Months Ended August 3, 2019",Early termination of debt,us-gaap:ProceedsFromRepaymentsOfDebt,reported,
cash_flow,us-gaap:ProceedsFromLinesOfCredit,Proceeds from revolver,9M19,75.0,ADI_SEC-XBRL-financials_as-presented_10-Q_2019-08-21_0000006281-19-000115.xlsx,Cash Flow,"Nine Months Ended August 3, 2019",Proceeds from revolver,us-gaap:ProceedsFromLinesOfCredit,reported,
cash_flow,us-gaap:RepaymentsOfLinesOfCredit,Payments on revolver,9M19,-75.0,ADI_SEC-XBRL-financials_as-presented_10-Q_2019-08-21_0000006281-19-000115.xlsx,Cash Flow,"Nine Months Ended August 3, 2019",Payments on revolver,us-gaap:RepaymentsOfLinesOfCredit,reported,
cash_flow,us-gaap:RepaymentsOfDebt,Debt repayments,9M19,-650.0,ADI_SEC-XBRL-financials_as-presented_10-Q_2019-08-21_0000006281-19-000115.xlsx,Cash Flow,"Nine Months Ended August 3, 2019",Debt repayments,us-gaap:RepaymentsOfDebt,reported,
cash_flow,us-gaap:PaymentsOfDividendsCommonStock,Dividend payments to shareholders,9M19,-577.285,ADI_SEC-XBRL-financials_as-presented_10-Q_2019-08-21_0000006281-19-000115.xlsx,Cash Flow,"Nine Months Ended August 3, 2019",Dividend payments to shareholders,us-gaap:PaymentsOfDividendsCommonStock,reported,
cash_flow,us-gaap:PaymentsForRepurchaseOfCommonStock,Repurchase of common stock,9M19,-440.616,ADI_SEC-XBRL-financials_as-presented_10-Q_2019-08-21_0000006281-19-000115.xlsx,Cash Flow,"Nine Months Ended August 3, 2019",Repurchase of common stock,us-gaap:PaymentsForRepurchaseOfCommonStock,reported,
cash_flow,us-gaap:ProceedsFromStockPlans,Proceeds from employee stock plans,9M19,106.135,ADI_SEC-XBRL-financials_as-presented_10-Q_2019-08-21_0000006281-19-000115.xlsx,Cash Flow,"Nine Months Ended August 3, 2019",Proceeds from employee stock plans,us-gaap:ProceedsFromStockPlans,reported,
cash_flow,us-gaap:ProceedsFromPaymentsForOtherFinancingActivities,Changes in other financing activities,9M19,-7.918,ADI_SEC-XBRL-financials_as-presented_10-Q_2019-08-21_0000006281-19-000115.xlsx,Cash Flow,"Nine Months Ended August 3, 2019",Changes in other financing activities,us-gaap:ProceedsFromPaymentsForOtherFinancingActivities,reported,
cash_flow,us-gaap:NetCashProvidedByUsedInFinancingActivities,Net cash used for financing activities,9M19,-1569.684,ADI_SEC-XBRL-financials_as-presented_10-Q_2019-08-21_0000006281-19-000115.xlsx,Cash Flow,"Nine Months Ended August 3, 2019",Net cash used for financing activities,us-gaap:NetCashProvidedByUsedInFinancingActivities,reported,
cash_flow,us-gaap:EffectOfExchangeRateOnCashCashEquivalentsRestrictedCashAndRestrictedCashEquivalents,Effect of exchange rate changes on cash,9M19,-0.51,ADI_SEC-XBRL-financials_as-presented_10-Q_2019-08-21_0000006281-19-000115.xlsx,Cash Flow,"Nine Months Ended August 3, 2019",Effect of exchange rate changes on cash,us-gaap:EffectOfExchangeRateOnCashCashEquivalentsRestrictedCashAndRestrictedCashEquivalents,reported,
cash_flow,us-gaap:CashCashEquivalentsRestrictedCashAndRestrictedCashEquivalentsPeriodIncreaseDecreaseIncludingExchangeRateEffect,Net decrease in cash and cash equivalents,9M19,-204.427,ADI_SEC-XBRL-financials_as-presented_10-Q_2019-08-21_0000006281-19-000115.xlsx,Cash Flow,"Nine Months Ended August 3, 2019",Net decrease in cash and cash equivalents,us-gaap:CashCashEquivalentsRestrictedCashAndRestrictedCashEquivalentsPeriodIncreaseDecreaseIncludingExchangeRateEffect,reported,
cash_flow,us-gaap:CashCashEquivalentsRestrictedCashAndRestrictedCashEquivalents,Cash and cash equivalents at beginning of period,9M19,816.591,ADI_SEC-XBRL-financials_as-presented_10-Q_2019-08-21_0000006281-19-000115.xlsx,Cash Flow,"Nine Months Ended August 3, 2019",Cash and cash equivalents at beginning of period,us-gaap:CashCashEquivalentsRestrictedCashAndRestrictedCashEquivalents,reported,
income_statement,us-gaap:RevenueFromContractWithCustomerExcludingAssessedTax,Revenue,1Q20,1303.565,ADI_SEC-XBRL-financials_as-presented_10-Q_2020-02-19_0000006281-20-000013.xlsx,Income Statement,"Three Months Ended February 1, 2020",Revenue,us-gaap:RevenueFromContractWithCustomerExcludingAssessedTax,reported,
income_statement,us-gaap:CostOfGoodsAndServicesSold,Cost of sales,1Q20,455.423,ADI_SEC-XBRL-financials_as-presented_10-Q_2020-02-19_0000006281-20-000013.xlsx,Income Statement,"Three Months Ended February 1, 2020",Cost of sales,us-gaap:CostOfRevenue,reported,
income_statement,us-gaap:GrossProfit,Gross margin,1Q20,848.142,ADI_SEC-XBRL-financials_as-presented_10-Q_2020-02-19_0000006281-20-000013.xlsx,Income Statement,"Three Months Ended February 1, 2020",Gross margin,us-gaap:GrossProfit,reported,
income_statement,us-gaap:ResearchAndDevelopmentExpense,Research and development,1Q20,257.073,ADI_SEC-XBRL-financials_as-presented_10-Q_2020-02-19_0000006281-20-000013.xlsx,Income Statement,"Three Months Ended February 1, 2020",Research and development,us-gaap:ResearchAndDevelopmentExpense,reported,
income_statement,us-gaap:SellingGeneralAndAdministrativeExpense,"Selling, marketing, general and administrative",1Q20,199.28,ADI_SEC-XBRL-financials_as-presented_10-Q_2020-02-19_0000006281-20-000013.xlsx,Income Statement,"Three Months Ended February 1, 2020","Selling, marketing, general and administrative",us-gaap:SellingGeneralAndAdministrativeExpense,reported,
income_statement,adi:AmortizationofintangibleAssetsOperatingExpenses,Amortization of intangibles,1Q20,107.225,ADI_SEC-XBRL-financials_as-presented_10-Q_2020-02-19_0000006281-20-000013.xlsx,Income Statement,"Three Months Ended February 1, 2020",Amortization of intangibles,adi:Operatingexpensesamortizationofintangibles,reported,
income_statement,us-gaap:RestructuringCharges,Special charges,1Q20,11.136,ADI_SEC-XBRL-financials_as-presented_10-Q_2020-02-19_0000006281-20-000013.xlsx,Income Statement,"Three Months Ended February 1, 2020",Special charges,us-gaap:RestructuringCharges,reported,
income_statement,us-gaap:OperatingExpenses,operating expenses operating expenses operating expenses operating expenses,1Q20,574.714,ADI_SEC-XBRL-financials_as-presented_10-Q_2020-02-19_0000006281-20-000013.xlsx,Income Statement,"Three Months Ended February 1, 2020",operating expenses operating expenses,us-gaap:OperatingExpenses,reported,
income_statement,us-gaap:OperatingIncomeLoss,Operating income,1Q20,273.428,ADI_SEC-XBRL-financials_as-presented_10-Q_2020-02-19_0000006281-20-000013.xlsx,Income Statement,"Three Months Ended February 1, 2020",Operating income,us-gaap:OperatingIncomeLoss,reported,
income_statement,us-gaap:InterestExpense,Interest expense,1Q20,48.813,ADI_SEC-XBRL-financials_as-presented_10-Q_2020-02-19_0000006281-20-000013.xlsx,Income Statement,"Three Months Ended February 1, 2020",Interest expense,us-gaap:InterestExpense,reported,
income_statement,us-gaap:InvestmentIncomeInterest,Interest income,1Q20,-1.94,ADI_SEC-XBRL-financials_as-presented_10-Q_2020-02-19_0000006281-20-000013.xlsx,Income Statement,"Three Months Ended February 1, 2020",Interest income,us-gaap:InvestmentIncomeInterest,reported,
income_statement,us-gaap:OtherNonoperatingIncomeExpense,"Other, net",1Q20,0.338,ADI_SEC-XBRL-financials_as-presented_10-Q_2020-02-19_0000006281-20-000013.xlsx,Income Statement,"Three Months Ended February 1, 2020","Other, net",us-gaap:OtherNonoperatingIncomeExpense,reported,
income_statement,us-gaap:NonoperatingIncomeExpense,nonoperating income expense nonoperating income expense nonoperating income expense nonoperating income expense,1Q20,47.211,ADI_SEC-XBRL-financials_as-presented_10-Q_2020-02-19_0000006281-20-000013.xlsx,Income Statement,"Three Months Ended February 1, 2020",nonoperating income expense nonoperating income expense,us-gaap:NonoperatingIncomeExpense,reported,
income_statement,us-gaap:IncomeLossFromContinuingOperationsBeforeIncomeTaxesMinorityInterestAndIncomeLossFromEquityMethodInvestments,Income before income taxes,1Q20,226.217,ADI_SEC-XBRL-financials_as-presented_10-Q_2020-02-19_0000006281-20-000013.xlsx,Income Statement,"Three Months Ended February 1, 2020",Income before income taxes,us-gaap:IncomeLossFromContinuingOperationsBeforeIncomeTaxesMinorityInterestAndIncomeLossFromEquityMethodInvestments,reported,
income_statement,us-gaap:IncomeTaxExpenseBenefit,Provision for income taxes,1Q20,22.343,ADI_SEC-XBRL-financials_as-presented_10-Q_2020-02-19_0000006281-20-000013.xlsx,Income Statement,"Three Months Ended February 1, 2020",Provision for income taxes,us-gaap:IncomeTaxExpenseBenefit,reported,
income_statement,us-gaap:NetIncomeLoss,Net income,1Q20,203.874,ADI_SEC-XBRL-financials_as-presented_10-Q_2020-02-19_0000006281-20-000013.xlsx,Income Statement,"Three Months Ended February 1, 2020",Net income,us-gaap:NetIncomeLoss,reported,
income_statement,us-gaap:WeightedAverageNumberOfSharesOutstandingBasic,Shares used to compute earnings per common share – basic,1Q20,368.241,ADI_SEC-XBRL-financials_as-presented_10-Q_2020-02-19_0000006281-20-000013.xlsx,Income Statement,"Three Months Ended February 1, 2020",Shares used to compute earnings per common share – basic,us-gaap:WeightedAverageNumberOfSharesOutstandingBasic,reported,
income_statement,us-gaap:WeightedAverageNumberOfDilutedSharesOutstanding,Shares used to compute earnings per common share – diluted,1Q20,372.264,ADI_SEC-XBRL-financials_as-presented_10-Q_2020-02-19_0000006281-20-000013.xlsx,Income Statement,"Three Months Ended February 1, 2020",Shares used to compute earnings per common share – diluted,us-gaap:WeightedAverageNumberOfDilutedSharesOutstanding,reported,
income_statement,us-gaap:IncomeLossFromContinuingOperationsPerBasicShare,Basic earnings per common share,1Q20,0.55,ADI_SEC-XBRL-financials_as-presented_10-Q_2020-02-19_0000006281-20-000013.xlsx,Income Statement,"Three Months Ended February 1, 2020",Basic earnings per common share,us-gaap:EarningsPerShareBasic,reported,
income_statement,us-gaap:IncomeLossFromContinuingOperationsPerDilutedShare,Diluted earnings per common share,1Q20,0.55,ADI_SEC-XBRL-financials_as-presented_10-Q_2020-02-19_0000006281-20-000013.xlsx,Income Statement,"Three Months Ended February 1, 2020",Diluted earnings per common share,us-gaap:EarningsPerShareDiluted,reported,
balance_sheet,us-gaap:CashAndCashEquivalentsAtCarryingValue,Cash and cash equivalents,1Q20,654.408,ADI_SEC-XBRL-financials_as-presented_10-Q_2020-02-19_0000006281-20-000013.xlsx,Balance Sheet,"February 1, 2020",Cash and cash equivalents,us-gaap:CashAndCashEquivalentsAtCarryingValue,reported,
balance_sheet,us-gaap:AccountsReceivableNetCurrent,Accounts receivable,1Q20,584.366,ADI_SEC-XBRL-financials_as-presented_10-Q_2020-02-19_0000006281-20-000013.xlsx,Balance Sheet,"February 1, 2020",Accounts receivable,us-gaap:AccountsReceivableNetCurrent,reported,
balance_sheet,us-gaap:InventoryNet,Inventories (2),1Q20,588.503,ADI_SEC-XBRL-financials_as-presented_10-Q_2020-02-19_0000006281-20-000013.xlsx,Balance Sheet,"February 1, 2020",Inventories,us-gaap:InventoryNet,reported,
balance_sheet,us-gaap:PrepaidExpenseAndOtherAssetsCurrent,Prepaid expenses and other current assets,1Q20,83.902,ADI_SEC-XBRL-financials_as-presented_10-Q_2020-02-19_0000006281-20-000013.xlsx,Balance Sheet,"February 1, 2020",Prepaid expenses and other current assets,us-gaap:PrepaidExpenseAndOtherAssetsCurrent,reported,
balance_sheet,us-gaap:AssetsCurrent,Total current assets,1Q20,1911.179,ADI_SEC-XBRL-financials_as-presented_10-Q_2020-02-19_0000006281-20-000013.xlsx,Balance Sheet,"February 1, 2020",Total current assets,us-gaap:AssetsCurrent,reported,
balance_sheet,adi:LandAndBuildingsGross,Land and buildings,1Q20,981.131,ADI_SEC-XBRL-financials_as-presented_10-Q_2020-02-19_0000006281-20-000013.xlsx,Balance Sheet,"February 1, 2020",Land and buildings,adi:LandAndBuildingsGross,reported,
balance_sheet,us-gaap:MachineryAndEquipmentGross,Machinery and equipment,1Q20,2619.785,ADI_SEC-XBRL-financials_as-presented_10-Q_2020-02-19_0000006281-20-000013.xlsx,Balance Sheet,"February 1, 2020",Machinery and equipment,us-gaap:MachineryAndEquipmentGross,reported,
balance_sheet,us-gaap:FurnitureAndFixturesGross,Office equipment,1Q20,81.818,ADI_SEC-XBRL-financials_as-presented_10-Q_2020-02-19_0000006281-20-000013.xlsx,Balance Sheet,"February 1, 2020",Office equipment,us-gaap:FurnitureAndFixturesGross,reported,
balance_sheet,us-gaap:LeaseholdImprovementsGross,Leasehold improvements,1Q20,159.908,ADI_SEC-XBRL-financials_as-presented_10-Q_2020-02-19_0000006281-20-000013.xlsx,Balance Sheet,"February 1, 2020",Leasehold improvements,us-gaap:LeaseholdImprovementsGross,reported,
balance_sheet,us-gaap:PropertyPlantAndEquipmentGross,property plant and equipment gross property plant and equipment gross,1Q20,3842.642,ADI_SEC-XBRL-financials_as-presented_10-Q_2020-02-19_0000006281-20-000013.xlsx,Balance Sheet,"February 1, 2020",property plant and equipment gross property plant and equipment gross,us-gaap:PropertyPlantAndEquipmentGross,reported,
balance_sheet,us-gaap:AccumulatedDepreciationDepletionAndAmortizationPropertyPlantAndEquipment,Less accumulated depreciation and amortization,1Q20,2635.873,ADI_SEC-XBRL-financials_as-presented_10-Q_2020-02-19_0000006281-20-000013.xlsx,Balance Sheet,"February 1, 2020",Less accumulated depreciation and amortization,us-gaap:AccumulatedDepreciationDepletionAndAmortizationPropertyPlantAndEquipment,reported,
balance_sheet,us-gaap:PropertyPlantAndEquipmentNet,"Net property, plant and equipment",1Q20,1206.769,ADI_SEC-XBRL-financials_as-presented_10-Q_2020-02-19_0000006281-20-000013.xlsx,Balance Sheet,"February 1, 2020","Net property, plant and equipment",us-gaap:PropertyPlantAndEquipmentNet,reported,
balance_sheet,adi:DeferredCompensationPlanAssetsNoncurrent,Deferred compensation plan investments,1Q20,47.996,ADI_SEC-XBRL-financials_as-presented_10-Q_2020-02-19_0000006281-20-000013.xlsx,Balance Sheet,"February 1, 2020",Deferred compensation plan investments,adi:DeferredCompensationPlanAssetsNoncurrent,reported,
balance_sheet,us-gaap:LongTermInvestments,Other investments,1Q20,30.232,ADI_SEC-XBRL-financials_as-presented_10-Q_2020-02-19_0000006281-20-000013.xlsx,Balance Sheet,"February 1, 2020",Other investments,us-gaap:LongTermInvestments,reported,
balance_sheet,us-gaap:Goodwill,Goodwill,1Q20,12257.064,ADI_SEC-XBRL-financials_as-presented_10-Q_2020-02-19_0000006281-20-000013.xlsx,Balance Sheet,"February 1, 2020",Goodwill,us-gaap:Goodwill,reported,
balance_sheet,us-gaap:IntangibleAssetsNetExcludingGoodwill,"Intangible assets, net",1Q20,4073.078,ADI_SEC-XBRL-financials_as-presented_10-Q_2020-02-19_0000006281-20-000013.xlsx,Balance Sheet,"February 1, 2020","Intangible assets, net",us-gaap:IntangibleAssetsNetExcludingGoodwill,reported,
balance_sheet,us-gaap:DeferredIncomeTaxAssetsNet,Deferred tax assets,1Q20,1567.521,ADI_SEC-XBRL-financials_as-presented_10-Q_2020-02-19_0000006281-20-000013.xlsx,Balance Sheet,"February 1, 2020",Deferred tax assets,us-gaap:DeferredIncomeTaxAssetsNet,reported,
balance_sheet,us-gaap:OtherAssetsMiscellaneousNoncurrent,Other assets,1Q20,282.988,ADI_SEC-XBRL-financials_as-presented_10-Q_2020-02-19_0000006281-20-000013.xlsx,Balance Sheet,"February 1, 2020",Other assets,us-gaap:OtherAssetsMiscellaneousNoncurrent,reported,
balance_sheet,us-gaap:OtherAssetsNoncurrent,Other assets,1Q20,18258.879,ADI_SEC-XBRL-financials_as-presented_10-Q_2020-02-19_0000006281-20-000013.xlsx,Balance Sheet,"February 1, 2020",Total other assets,us-gaap:OtherAssetsNoncurrent,reported,
balance_sheet,us-gaap:Assets,assets assets,1Q20,21376.827,ADI_SEC-XBRL-financials_as-presented_10-Q_2020-02-19_0000006281-20-000013.xlsx,Balance Sheet,"February 1, 2020",assets assets,us-gaap:Assets,reported,
balance_sheet,us-gaap:AccountsPayableCurrent,Accounts payable,1Q20,211.67,ADI_SEC-XBRL-financials_as-presented_10-Q_2020-02-19_0000006281-20-000013.xlsx,Balance Sheet,"February 1, 2020",Accounts payable,us-gaap:AccountsPayableCurrent,reported,
balance_sheet,us-gaap:AccruedIncomeTaxesCurrent,Income taxes payable,1Q20,118.406,ADI_SEC-XBRL-financials_as-presented_10-Q_2020-02-19_0000006281-20-000013.xlsx,Balance Sheet,"February 1, 2020",Income taxes payable,us-gaap:AccruedIncomeTaxesCurrent,reported,
balance_sheet,us-gaap:DebtCurrent,"Debt, current",1Q20,748.46,ADI_SEC-XBRL-financials_as-presented_10-Q_2020-02-19_0000006281-20-000013.xlsx,Balance Sheet,"February 1, 2020","Debt, current",us-gaap:DebtCurrent,reported,
balance_sheet,us-gaap:AccruedLiabilitiesCurrent,Accrued liabilities,1Q20,692.006,ADI_SEC-XBRL-financials_as-presented_10-Q_2020-02-19_0000006281-20-000013.xlsx,Balance Sheet,"February 1, 2020",Accrued liabilities,us-gaap:AccruedLiabilitiesCurrent,reported,
balance_sheet,us-gaap:LiabilitiesCurrent,Total current liabilities,1Q20,1770.542,ADI_SEC-XBRL-financials_as-presented_10-Q_2020-02-19_0000006281-20-000013.xlsx,Balance Sheet,"February 1, 2020",Total current liabilities,us-gaap:LiabilitiesCurrent,reported,
balance_sheet,us-gaap:UnsecuredLongTermDebt,Long-term debt,1Q20,4745.302,ADI_SEC-XBRL-financials_as-presented_10-Q_2020-02-19_0000006281-20-000013.xlsx,Balance Sheet,"February 1, 2020",Long-term debt,us-gaap:UnsecuredLongTermDebt,reported,
balance_sheet,us-gaap:DeferredIncomeTaxLiabilitiesNet,Deferred income taxes,1Q20,2055.1,ADI_SEC-XBRL-financials_as-presented_10-Q_2020-02-19_0000006281-20-000013.xlsx,Balance Sheet,"February 1, 2020",Deferred income taxes,us-gaap:DeferredIncomeTaxLiabilitiesNet,reported,
balance_sheet,us-gaap:DeferredCompensationLiabilityClassifiedNoncurrent,Deferred compensation plan liability,1Q20,47.996,ADI_SEC-XBRL-financials_as-presented_10-Q_2020-02-19_0000006281-20-000013.xlsx,Balance Sheet,"February 1, 2020",Deferred compensation plan liability,us-gaap:DeferredCompensationLiabilityClassifiedNoncurrent,reported,
balance_sheet,adi:TaxesPayableNoncurrent,Income taxes payable,1Q20,656.103,ADI_SEC-XBRL-financials_as-presented_10-Q_2020-02-19_0000006281-20-000013.xlsx,Balance Sheet,"February 1, 2020",Income taxes payable,adi:TaxesPayableNoncurrent,reported,
balance_sheet,us-gaap:OtherLiabilitiesNoncurrent,Other non-current liabilities,1Q20,412.267,ADI_SEC-XBRL-financials_as-presented_10-Q_2020-02-19_0000006281-20-000013.xlsx,Balance Sheet,"February 1, 2020",Other non-current liabilities,us-gaap:OtherLiabilitiesNoncurrent,reported,
balance_sheet,us-gaap:LiabilitiesNoncurrent,Total non-current liabilities,1Q20,7916.768,ADI_SEC-XBRL-financials_as-presented_10-Q_2020-02-19_0000006281-20-000013.xlsx,Balance Sheet,"February 1, 2020",Total non-current liabilities,us-gaap:LiabilitiesNoncurrent,reported,
balance_sheet,us-gaap:CommonStockParOrStatedValuePerShare,"Common stock, 0.16 2/3 par value, 1,200,000,000 shares authorized, 368,220,091 shares outstanding (368,302,369 on November 2, 2019)",1Q20,61.371,ADI_SEC-XBRL-financials_as-presented_10-Q_2020-02-19_0000006281-20-000013.xlsx,Balance Sheet,"February 1, 2020","Common stock, 0.16 2/3 par value, 1,200,000,000 shares authorized, 368,220,091 shares outstanding (368,302,369 on November 2, 2019)",us-gaap:CommonStockParOrStatedValuePerShare,reported,
balance_sheet,us-gaap:AdditionalPaidInCapitalCommonStock,Capital in excess of par value,1Q20,4923.947,ADI_SEC-XBRL-financials_as-presented_10-Q_2020-02-19_0000006281-20-000013.xlsx,Balance Sheet,"February 1, 2020",Capital in excess of par value,us-gaap:AdditionalPaidInCapitalCommonStock,reported,
balance_sheet,us-gaap:RetainedEarningsAccumulatedDeficit,Retained earnings,1Q20,6906.346,ADI_SEC-XBRL-financials_as-presented_10-Q_2020-02-19_0000006281-20-000013.xlsx,Balance Sheet,"February 1, 2020",Retained earnings,us-gaap:RetainedEarningsAccumulatedDeficit,reported,
balance_sheet,us-gaap:AccumulatedOtherComprehensiveIncomeLossNetOfTax,Accumulated other comprehensive loss,1Q20,-202.147,ADI_SEC-XBRL-financials_as-presented_10-Q_2020-02-19_0000006281-20-000013.xlsx,Balance Sheet,"February 1, 2020",Accumulated other comprehensive loss,us-gaap:AccumulatedOtherComprehensiveIncomeLossNetOfTax,reported,
balance_sheet,us-gaap:StockholdersEquity,Total shareholders’ equity,1Q20,11689.517,ADI_SEC-XBRL-financials_as-presented_10-Q_2020-02-19_0000006281-20-000013.xlsx,Balance Sheet,"February 1, 2020",Total shareholders’ equity,us-gaap:StockholdersEquity,reported,
balance_sheet,us-gaap:LiabilitiesAndStockholdersEquity,liabilities and stockholders equity liabilities and stockholders equity,1Q20,21376.827,ADI_SEC-XBRL-financials_as-presented_10-Q_2020-02-19_0000006281-20-000013.xlsx,Balance Sheet,"February 1, 2020",liabilities and stockholders equity liabilities and stockholders equity,us-gaap:LiabilitiesAndStockholdersEquity,reported,
cash_flow,us-gaap:NetIncomeLoss,Net income,1Q20,203.874,ADI_SEC-XBRL-financials_as-presented_10-Q_2020-02-19_0000006281-20-000013.xlsx,Cash Flow,"Three Months Ended February 1, 2020",Net income,us-gaap:NetIncomeLoss,reported,
cash_flow,us-gaap:Depreciation,Depreciation,1Q20,59.863,ADI_SEC-XBRL-financials_as-presented_10-Q_2020-02-19_0000006281-20-000013.xlsx,Cash Flow,"Three Months Ended February 1, 2020",Depreciation,us-gaap:Depreciation,reported,
cash_flow,us-gaap:AmortizationOfIntangibleAssets,Amortization of intangibles,1Q20,144.069,ADI_SEC-XBRL-financials_as-presented_10-Q_2020-02-19_0000006281-20-000013.xlsx,Cash Flow,"Three Months Ended February 1, 2020",Amortization of intangibles,us-gaap:AmortizationOfIntangibleAssets,reported,
cash_flow,us-gaap:ShareBasedCompensation,Stock-based compensation expense,1Q20,37.501,ADI_SEC-XBRL-financials_as-presented_10-Q_2020-02-19_0000006281-20-000013.xlsx,Cash Flow,"Three Months Ended February 1, 2020",Stock-based compensation expense,us-gaap:ShareBasedCompensation,reported,
cash_flow,us-gaap:DeferredIncomeTaxExpenseBenefit,Deferred income taxes,1Q20,-13.982,ADI_SEC-XBRL-financials_as-presented_10-Q_2020-02-19_0000006281-20-000013.xlsx,Cash Flow,"Three Months Ended February 1, 2020",Deferred income taxes,us-gaap:DeferredIncomeTaxExpenseBenefit,reported,
cash_flow,adi:NonCashContributionToCharitableFoundation,Non-cash contribution to charitable foundation,1Q20,40.0,ADI_SEC-XBRL-financials_as-presented_10-Q_2020-02-19_0000006281-20-000013.xlsx,Cash Flow,"Three Months Ended February 1, 2020",Non-cash contribution to charitable foundation,adi:NonCashContributionToCharitableFoundation,reported,
cash_flow,us-gaap:OtherNoncashIncomeExpense,Other non-cash activity,1Q20,2.332,ADI_SEC-XBRL-financials_as-presented_10-Q_2020-02-19_0000006281-20-000013.xlsx,Cash Flow,"Three Months Ended February 1, 2020",Other non-cash activity,us-gaap:OtherNoncashIncomeExpense,reported,
cash_flow,us-gaap:IncreaseDecreaseInOperatingCapital,Changes in operating assets and liabilities,1Q20,-124.009,ADI_SEC-XBRL-financials_as-presented_10-Q_2020-02-19_0000006281-20-000013.xlsx,Cash Flow,"Three Months Ended February 1, 2020",Changes in operating assets and liabilities,us-gaap:IncreaseDecreaseInOperatingCapital,reported,
cash_flow,us-gaap:AdjustmentsToReconcileNetIncomeLossToCashProvidedByUsedInOperatingActivities,Total adjustments,1Q20,145.774,ADI_SEC-XBRL-financials_as-presented_10-Q_2020-02-19_0000006281-20-000013.xlsx,Cash Flow,"Three Months Ended February 1, 2020",Total adjustments,us-gaap:AdjustmentsToReconcileNetIncomeLossToCashProvidedByUsedInOperatingActivities,reported,
cash_flow,us-gaap:NetCashProvidedByUsedInOperatingActivities,Net cash provided by operating activities,1Q20,349.648,ADI_SEC-XBRL-financials_as-presented_10-Q_2020-02-19_0000006281-20-000013.xlsx,Cash Flow,"Three Months Ended February 1, 2020",Net cash provided by operating activities,us-gaap:NetCashProvidedByUsedInOperatingActivities,reported,
cash_flow,us-gaap:PaymentsToAcquirePropertyPlantAndEquipment,"Additions to property, plant and equipment",1Q20,-54.839,ADI_SEC-XBRL-financials_as-presented_10-Q_2020-02-19_0000006281-20-000013.xlsx,Cash Flow,"Three Months Ended February 1, 2020","Additions to property, plant and equipment",us-gaap:PaymentsToAcquirePropertyPlantAndEquipment,reported,
cash_flow,us-gaap:PaymentsForProceedsFromOtherInvestingActivities,Changes in other assets,1Q20,0.107,ADI_SEC-XBRL-financials_as-presented_10-Q_2020-02-19_0000006281-20-000013.xlsx,Cash Flow,"Three Months Ended February 1, 2020",Changes in other assets,us-gaap:PaymentsForProceedsFromOtherInvestingActivities,reported,
cash_flow,us-gaap:NetCashProvidedByUsedInInvestingActivities,Net cash used for investing activities,1Q20,-54.732,ADI_SEC-XBRL-financials_as-presented_10-Q_2020-02-19_0000006281-20-000013.xlsx,Cash Flow,"Three Months Ended February 1, 2020",Net cash used for investing activities,us-gaap:NetCashProvidedByUsedInInvestingActivities,reported,
cash_flow,us-gaap:PaymentsOfDividendsCommonStock,Dividend payments to shareholders,1Q20,-199.16,ADI_SEC-XBRL-financials_as-presented_10-Q_2020-02-19_0000006281-20-000013.xlsx,Cash Flow,"Three Months Ended February 1, 2020",Dividend payments to shareholders,us-gaap:PaymentsOfDividendsCommonStock,reported,
cash_flow,us-gaap:PaymentsForRepurchaseOfCommonStock,Repurchase of common stock,1Q20,-106.03,ADI_SEC-XBRL-financials_as-presented_10-Q_2020-02-19_0000006281-20-000013.xlsx,Cash Flow,"Three Months Ended February 1, 2020",Repurchase of common stock,us-gaap:PaymentsForRepurchaseOfCommonStock,reported,
cash_flow,us-gaap:ProceedsFromStockPlans,Proceeds from employee stock plans,1Q20,16.113,ADI_SEC-XBRL-financials_as-presented_10-Q_2020-02-19_0000006281-20-000013.xlsx,Cash Flow,"Three Months Ended February 1, 2020",Proceeds from employee stock plans,us-gaap:ProceedsFromStockPlans,reported,
cash_flow,us-gaap:ProceedsFromPaymentsForOtherFinancingActivities,Changes in other financing activities,1Q20,-0.495,ADI_SEC-XBRL-financials_as-presented_10-Q_2020-02-19_0000006281-20-000013.xlsx,Cash Flow,"Three Months Ended February 1, 2020",Changes in other financing activities,us-gaap:ProceedsFromPaymentsForOtherFinancingActivities,reported,
cash_flow,us-gaap:NetCashProvidedByUsedInFinancingActivities,Net cash used for financing activities,1Q20,-289.572,ADI_SEC-XBRL-financials_as-presented_10-Q_2020-02-19_0000006281-20-000013.xlsx,Cash Flow,"Three Months Ended February 1, 2020",Net cash used for financing activities,us-gaap:NetCashProvidedByUsedInFinancingActivities,reported,
cash_flow,us-gaap:EffectOfExchangeRateOnCashCashEquivalentsRestrictedCashAndRestrictedCashEquivalents,Effect of exchange rate changes on cash,1Q20,0.742,ADI_SEC-XBRL-financials_as-presented_10-Q_2020-02-19_0000006281-20-000013.xlsx,Cash Flow,"Three Months Ended February 1, 2020",Effect of exchange rate changes on cash,us-gaap:EffectOfExchangeRateOnCashCashEquivalentsRestrictedCashAndRestrictedCashEquivalents,reported,
cash_flow,us-gaap:CashCashEquivalentsRestrictedCashAndRestrictedCashEquivalentsPeriodIncreaseDecreaseIncludingExchangeRateEffect,Net decrease in cash and cash equivalents,1Q20,6.086,ADI_SEC-XBRL-financials_as-presented_10-Q_2020-02-19_0000006281-20-000013.xlsx,Cash Flow,"Three Months Ended February 1, 2020",Net increase (decrease) in cash and cash equivalents,us-gaap:CashCashEquivalentsRestrictedCashAndRestrictedCashEquivalentsPeriodIncreaseDecreaseIncludingExchangeRateEffect,reported,
cash_flow,us-gaap:CashCashEquivalentsRestrictedCashAndRestrictedCashEquivalents,Cash and cash equivalents at beginning of period,1Q20,648.322,ADI_SEC-XBRL-financials_as-presented_10-Q_2020-02-19_0000006281-20-000013.xlsx,Cash Flow,"Three Months Ended February 1, 2020",Cash and cash equivalents at beginning of period,us-gaap:CashCashEquivalentsRestrictedCashAndRestrictedCashEquivalents,reported,
income_statement,us-gaap:RevenueFromContractWithCustomerExcludingAssessedTax,Revenue,2Q20,1317.06,ADI_SEC-XBRL-financials_as-presented_10-Q_2020-05-20_0000006281-20-000087.xlsx,Income Statement,"Three Months Ended May 2, 2020",Revenue,us-gaap:RevenueFromContractWithCustomerExcludingAssessedTax,reported,
income_statement,us-gaap:CostOfGoodsAndServicesSold,Cost of sales,2Q20,470.386,ADI_SEC-XBRL-financials_as-presented_10-Q_2020-05-20_0000006281-20-000087.xlsx,Income Statement,"Three Months Ended May 2, 2020",Cost of sales,us-gaap:CostOfRevenue,reported,
income_statement,us-gaap:GrossProfit,Gross margin,2Q20,846.674,ADI_SEC-XBRL-financials_as-presented_10-Q_2020-05-20_0000006281-20-000087.xlsx,Income Statement,"Three Months Ended May 2, 2020",Gross margin,us-gaap:GrossProfit,reported,
income_statement,us-gaap:ResearchAndDevelopmentExpense,Research and development,2Q20,252.413,ADI_SEC-XBRL-financials_as-presented_10-Q_2020-05-20_0000006281-20-000087.xlsx,Income Statement,"Three Months Ended May 2, 2020",Research and development,us-gaap:ResearchAndDevelopmentExpense,reported,
income_statement,us-gaap:SellingGeneralAndAdministrativeExpense,"Selling, marketing, general and administrative",2Q20,141.775,ADI_SEC-XBRL-financials_as-presented_10-Q_2020-05-20_0000006281-20-000087.xlsx,Income Statement,"Three Months Ended May 2, 2020","Selling, marketing, general and administrative",us-gaap:SellingGeneralAndAdministrativeExpense,reported,
income_statement,adi:AmortizationofintangibleAssetsOperatingExpenses,Amortization of intangibles,2Q20,107.146,ADI_SEC-XBRL-financials_as-presented_10-Q_2020-05-20_0000006281-20-000087.xlsx,Income Statement,"Three Months Ended May 2, 2020",Amortization of intangibles,adi:Operatingexpensesamortizationofintangibles,reported,
income_statement,us-gaap:RestructuringCharges,Special charges,2Q20,1.32,ADI_SEC-XBRL-financials_as-presented_10-Q_2020-05-20_0000006281-20-000087.xlsx,Income Statement,"Three Months Ended May 2, 2020",Special charges,us-gaap:RestructuringCharges,reported,
income_statement,us-gaap:OperatingExpenses,operating expenses operating expenses operating expenses operating expenses,2Q20,502.654,ADI_SEC-XBRL-financials_as-presented_10-Q_2020-05-20_0000006281-20-000087.xlsx,Income Statement,"Three Months Ended May 2, 2020",operating expenses operating expenses operating expenses operating expenses,us-gaap:OperatingExpenses,reported,
income_statement,us-gaap:OperatingIncomeLoss,Operating income,2Q20,344.02,ADI_SEC-XBRL-financials_as-presented_10-Q_2020-05-20_0000006281-20-000087.xlsx,Income Statement,"Three Months Ended May 2, 2020",Operating income,us-gaap:OperatingIncomeLoss,reported,
income_statement,us-gaap:InterestExpense,Interest expense,2Q20,49.985,ADI_SEC-XBRL-financials_as-presented_10-Q_2020-05-20_0000006281-20-000087.xlsx,Income Statement,"Three Months Ended May 2, 2020",Interest expense,us-gaap:InterestExpense,reported,
income_statement,us-gaap:InvestmentIncomeInterest,Interest income,2Q20,-1.334,ADI_SEC-XBRL-financials_as-presented_10-Q_2020-05-20_0000006281-20-000087.xlsx,Income Statement,"Three Months Ended May 2, 2020",Interest income,us-gaap:InvestmentIncomeInterest,reported,
income_statement,us-gaap:OtherNonoperatingIncomeExpense,"Other, net",2Q20,0.308,ADI_SEC-XBRL-financials_as-presented_10-Q_2020-05-20_0000006281-20-000087.xlsx,Income Statement,"Three Months Ended May 2, 2020","Other, net",us-gaap:OtherNonoperatingIncomeExpense,reported,
income_statement,us-gaap:NonoperatingIncomeExpense,nonoperating income expense nonoperating income expense nonoperating income expense nonoperating income expense,2Q20,48.959,ADI_SEC-XBRL-financials_as-presented_10-Q_2020-05-20_0000006281-20-000087.xlsx,Income Statement,"Three Months Ended May 2, 2020",nonoperating income expense nonoperating income expense nonoperating income expense nonoperating income expense,us-gaap:NonoperatingIncomeExpense,reported,
income_statement,us-gaap:IncomeLossFromContinuingOperationsBeforeIncomeTaxesMinorityInterestAndIncomeLossFromEquityMethodInvestments,Income before income taxes,2Q20,295.061,ADI_SEC-XBRL-financials_as-presented_10-Q_2020-05-20_0000006281-20-000087.xlsx,Income Statement,"Three Months Ended May 2, 2020",Income before income taxes,us-gaap:IncomeLossFromContinuingOperationsBeforeIncomeTaxesMinorityInterestAndIncomeLossFromEquityMethodInvestments,reported,
income_statement,us-gaap:IncomeTaxExpenseBenefit,Provision for income taxes,2Q20,27.365,ADI_SEC-XBRL-financials_as-presented_10-Q_2020-05-20_0000006281-20-000087.xlsx,Income Statement,"Three Months Ended May 2, 2020",Provision for income taxes,us-gaap:IncomeTaxExpenseBenefit,reported,
income_statement,us-gaap:NetIncomeLoss,Net income,2Q20,267.696,ADI_SEC-XBRL-financials_as-presented_10-Q_2020-05-20_0000006281-20-000087.xlsx,Income Statement,"Three Months Ended May 2, 2020",Net income,us-gaap:NetIncomeLoss,reported,
income_statement,us-gaap:WeightedAverageNumberOfSharesOutstandingBasic,Shares used to compute earnings per common share – basic,2Q20,368.217,ADI_SEC-XBRL-financials_as-presented_10-Q_2020-05-20_0000006281-20-000087.xlsx,Income Statement,"Three Months Ended May 2, 2020",Shares used to compute earnings per common share – basic,us-gaap:WeightedAverageNumberOfSharesOutstandingBasic,reported,
income_statement,us-gaap:WeightedAverageNumberOfDilutedSharesOutstanding,Shares used to compute earnings per common share – diluted,2Q20,371.305,ADI_SEC-XBRL-financials_as-presented_10-Q_2020-05-20_0000006281-20-000087.xlsx,Income Statement,"Three Months Ended May 2, 2020",Shares used to compute earnings per common share – diluted,us-gaap:WeightedAverageNumberOfDilutedSharesOutstanding,reported,
income_statement,us-gaap:IncomeLossFromContinuingOperationsPerBasicShare,Basic earnings per common share,2Q20,0.73,ADI_SEC-XBRL-financials_as-presented_10-Q_2020-05-20_0000006281-20-000087.xlsx,Income Statement,"Three Months Ended May 2, 2020",Basic earnings per common share,us-gaap:EarningsPerShareBasic,reported,
income_statement,us-gaap:IncomeLossFromContinuingOperationsPerDilutedShare,Diluted earnings per common share,2Q20,0.72,ADI_SEC-XBRL-financials_as-presented_10-Q_2020-05-20_0000006281-20-000087.xlsx,Income Statement,"Three Months Ended May 2, 2020",Diluted earnings per common share,us-gaap:EarningsPerShareDiluted,reported,
balance_sheet,us-gaap:CashAndCashEquivalentsAtCarryingValue,Cash and cash equivalents,2Q20,784.937,ADI_SEC-XBRL-financials_as-presented_10-Q_2020-05-20_0000006281-20-000087.xlsx,Balance Sheet,"May 2, 2020",Cash and cash equivalents,us-gaap:CashAndCashEquivalentsAtCarryingValue,reported,
balance_sheet,us-gaap:AccountsReceivableNetCurrent,Accounts receivable,2Q20,588.244,ADI_SEC-XBRL-financials_as-presented_10-Q_2020-05-20_0000006281-20-000087.xlsx,Balance Sheet,"May 2, 2020",Accounts receivable,us-gaap:AccountsReceivableNetCurrent,reported,
balance_sheet,us-gaap:InventoryNet,Inventories (2),2Q20,590.268,ADI_SEC-XBRL-financials_as-presented_10-Q_2020-05-20_0000006281-20-000087.xlsx,Balance Sheet,"May 2, 2020",Inventories,us-gaap:InventoryNet,reported,
balance_sheet,us-gaap:PrepaidExpenseAndOtherAssetsCurrent,Prepaid expenses and other current assets,2Q20,87.844,ADI_SEC-XBRL-financials_as-presented_10-Q_2020-05-20_0000006281-20-000087.xlsx,Balance Sheet,"May 2, 2020",Prepaid expenses and other current assets,us-gaap:PrepaidExpenseAndOtherAssetsCurrent,reported,
balance_sheet,us-gaap:AssetsCurrent,Total current assets,2Q20,2051.293,ADI_SEC-XBRL-financials_as-presented_10-Q_2020-05-20_0000006281-20-000087.xlsx,Balance Sheet,"May 2, 2020",Total current assets,us-gaap:AssetsCurrent,reported,
balance_sheet,adi:LandAndBuildingsGross,Land and buildings,2Q20,999.063,ADI_SEC-XBRL-financials_as-presented_10-Q_2020-05-20_0000006281-20-000087.xlsx,Balance Sheet,"May 2, 2020",Land and buildings,adi:LandAndBuildingsGross,reported,
balance_sheet,us-gaap:MachineryAndEquipmentGross,Machinery and equipment,2Q20,2633.237,ADI_SEC-XBRL-financials_as-presented_10-Q_2020-05-20_0000006281-20-000087.xlsx,Balance Sheet,"May 2, 2020",Machinery and equipment,us-gaap:MachineryAndEquipmentGross,reported,
balance_sheet,us-gaap:FurnitureAndFixturesGross,Office equipment,2Q20,84.625,ADI_SEC-XBRL-financials_as-presented_10-Q_2020-05-20_0000006281-20-000087.xlsx,Balance Sheet,"May 2, 2020",Office equipment,us-gaap:FurnitureAndFixturesGross,reported,
balance_sheet,us-gaap:LeaseholdImprovementsGross,Leasehold improvements,2Q20,161.207,ADI_SEC-XBRL-financials_as-presented_10-Q_2020-05-20_0000006281-20-000087.xlsx,Balance Sheet,"May 2, 2020",Leasehold improvements,us-gaap:LeaseholdImprovementsGross,reported,
balance_sheet,us-gaap:PropertyPlantAndEquipmentGross,property plant and equipment gross property plant and equipment gross,2Q20,3878.132,ADI_SEC-XBRL-financials_as-presented_10-Q_2020-05-20_0000006281-20-000087.xlsx,Balance Sheet,"May 2, 2020",property plant and equipment gross property plant and equipment gross,us-gaap:PropertyPlantAndEquipmentGross,reported,
balance_sheet,us-gaap:AccumulatedDepreciationDepletionAndAmortizationPropertyPlantAndEquipment,Less accumulated depreciation and amortization,2Q20,2688.8,ADI_SEC-XBRL-financials_as-presented_10-Q_2020-05-20_0000006281-20-000087.xlsx,Balance Sheet,"May 2, 2020",Less accumulated depreciation and amortization,us-gaap:AccumulatedDepreciationDepletionAndAmortizationPropertyPlantAndEquipment,reported,
balance_sheet,us-gaap:PropertyPlantAndEquipmentNet,"Net property, plant and equipment",2Q20,1189.332,ADI_SEC-XBRL-financials_as-presented_10-Q_2020-05-20_0000006281-20-000087.xlsx,Balance Sheet,"May 2, 2020","Net property, plant and equipment",us-gaap:PropertyPlantAndEquipmentNet,reported,
balance_sheet,us-gaap:LongTermInvestments,Other investments,2Q20,76.025,ADI_SEC-XBRL-financials_as-presented_10-Q_2020-05-20_0000006281-20-000087.xlsx,Balance Sheet,"May 2, 2020",Other investments,us-gaap:LongTermInvestments,reported,
balance_sheet,us-gaap:Goodwill,Goodwill,2Q20,12253.67,ADI_SEC-XBRL-financials_as-presented_10-Q_2020-05-20_0000006281-20-000087.xlsx,Balance Sheet,"May 2, 2020",Goodwill,us-gaap:Goodwill,reported,
balance_sheet,us-gaap:IntangibleAssetsNetExcludingGoodwill,"Intangible assets, net",2Q20,3928.902,ADI_SEC-XBRL-financials_as-presented_10-Q_2020-05-20_0000006281-20-000087.xlsx,Balance Sheet,"May 2, 2020","Intangible assets, net",us-gaap:IntangibleAssetsNetExcludingGoodwill,reported,
balance_sheet,us-gaap:DeferredIncomeTaxAssetsNet,Deferred tax assets,2Q20,1553.902,ADI_SEC-XBRL-financials_as-presented_10-Q_2020-05-20_0000006281-20-000087.xlsx,Balance Sheet,"May 2, 2020",Deferred tax assets,us-gaap:DeferredIncomeTaxAssetsNet,reported,
balance_sheet,us-gaap:OtherAssetsMiscellaneousNoncurrent,Other assets,2Q20,297.814,ADI_SEC-XBRL-financials_as-presented_10-Q_2020-05-20_0000006281-20-000087.xlsx,Balance Sheet,"May 2, 2020",Other assets,us-gaap:OtherAssetsMiscellaneousNoncurrent,reported,
balance_sheet,us-gaap:OtherAssetsNoncurrent,Other assets,2Q20,18110.313,ADI_SEC-XBRL-financials_as-presented_10-Q_2020-05-20_0000006281-20-000087.xlsx,Balance Sheet,"May 2, 2020",Total other assets,us-gaap:OtherAssetsNoncurrent,reported,
balance_sheet,us-gaap:Assets,assets assets,2Q20,21350.938,ADI_SEC-XBRL-financials_as-presented_10-Q_2020-05-20_0000006281-20-000087.xlsx,Balance Sheet,"May 2, 2020",assets assets,us-gaap:Assets,reported,
balance_sheet,us-gaap:AccountsPayableCurrent,Accounts payable,2Q20,194.211,ADI_SEC-XBRL-financials_as-presented_10-Q_2020-05-20_0000006281-20-000087.xlsx,Balance Sheet,"May 2, 2020",Accounts payable,us-gaap:AccountsPayableCurrent,reported,
balance_sheet,us-gaap:AccruedIncomeTaxesCurrent,Income taxes payable,2Q20,151.691,ADI_SEC-XBRL-financials_as-presented_10-Q_2020-05-20_0000006281-20-000087.xlsx,Balance Sheet,"May 2, 2020",Income taxes payable,us-gaap:AccruedIncomeTaxesCurrent,reported,
balance_sheet,us-gaap:DebtCurrent,"Debt, current",2Q20,448.945,ADI_SEC-XBRL-financials_as-presented_10-Q_2020-05-20_0000006281-20-000087.xlsx,Balance Sheet,"May 2, 2020","Debt, current",us-gaap:DebtCurrent,reported,
balance_sheet,us-gaap:AccruedLiabilitiesCurrent,Accrued liabilities,2Q20,787.155,ADI_SEC-XBRL-financials_as-presented_10-Q_2020-05-20_0000006281-20-000087.xlsx,Balance Sheet,"May 2, 2020",Accrued liabilities,us-gaap:AccruedLiabilitiesCurrent,reported,
balance_sheet,us-gaap:LiabilitiesCurrent,Total current liabilities,2Q20,1582.002,ADI_SEC-XBRL-financials_as-presented_10-Q_2020-05-20_0000006281-20-000087.xlsx,Balance Sheet,"May 2, 2020",Total current liabilities,us-gaap:LiabilitiesCurrent,reported,
balance_sheet,us-gaap:UnsecuredLongTermDebt,Long-term debt,2Q20,5142.223,ADI_SEC-XBRL-financials_as-presented_10-Q_2020-05-20_0000006281-20-000087.xlsx,Balance Sheet,"May 2, 2020",Long-term debt,us-gaap:UnsecuredLongTermDebt,reported,
balance_sheet,us-gaap:DeferredIncomeTaxLiabilitiesNet,Deferred income taxes,2Q20,2000.644,ADI_SEC-XBRL-financials_as-presented_10-Q_2020-05-20_0000006281-20-000087.xlsx,Balance Sheet,"May 2, 2020",Deferred income taxes,us-gaap:DeferredIncomeTaxLiabilitiesNet,reported,
balance_sheet,adi:TaxesPayableNoncurrent,Income taxes payable,2Q20,597.166,ADI_SEC-XBRL-financials_as-presented_10-Q_2020-05-20_0000006281-20-000087.xlsx,Balance Sheet,"May 2, 2020",Income taxes payable,adi:TaxesPayableNoncurrent,reported,
balance_sheet,us-gaap:OtherLiabilitiesNoncurrent,Other non-current liabilities,2Q20,438.045,ADI_SEC-XBRL-financials_as-presented_10-Q_2020-05-20_0000006281-20-000087.xlsx,Balance Sheet,"May 2, 2020",Other non-current liabilities,us-gaap:OtherLiabilitiesNoncurrent,reported,
balance_sheet,us-gaap:LiabilitiesNoncurrent,Total non-current liabilities,2Q20,8178.078,ADI_SEC-XBRL-financials_as-presented_10-Q_2020-05-20_0000006281-20-000087.xlsx,Balance Sheet,"May 2, 2020",Total non-current liabilities,us-gaap:LiabilitiesNoncurrent,reported,
balance_sheet,us-gaap:CommonStockParOrStatedValuePerShare,"Common stock, 0.16 2/3 par value, 1,200,000,000 shares authorized, 368,220,091 shares outstanding (368,302,369 on November 2, 2019)",2Q20,61.405,ADI_SEC-XBRL-financials_as-presented_10-Q_2020-05-20_0000006281-20-000087.xlsx,Balance Sheet,"May 2, 2020","Common stock, 0.16 2/3 par value, 1,200,000,000 shares authorized, 368,424,615 shares outstanding (368,302,369 on November 2, 2019)",us-gaap:CommonStockParOrStatedValuePerShare,reported,
balance_sheet,us-gaap:AdditionalPaidInCapitalCommonStock,Capital in excess of par value,2Q20,4861.013,ADI_SEC-XBRL-financials_as-presented_10-Q_2020-05-20_0000006281-20-000087.xlsx,Balance Sheet,"May 2, 2020",Capital in excess of par value,us-gaap:AdditionalPaidInCapitalCommonStock,reported,
balance_sheet,us-gaap:RetainedEarningsAccumulatedDeficit,Retained earnings,2Q20,6945.442,ADI_SEC-XBRL-financials_as-presented_10-Q_2020-05-20_0000006281-20-000087.xlsx,Balance Sheet,"May 2, 2020",Retained earnings,us-gaap:RetainedEarningsAccumulatedDeficit,reported,
balance_sheet,us-gaap:AccumulatedOtherComprehensiveIncomeLossNetOfTax,Accumulated other comprehensive loss,2Q20,-277.002,ADI_SEC-XBRL-financials_as-presented_10-Q_2020-05-20_0000006281-20-000087.xlsx,Balance Sheet,"May 2, 2020",Accumulated other comprehensive loss,us-gaap:AccumulatedOtherComprehensiveIncomeLossNetOfTax,reported,
balance_sheet,us-gaap:StockholdersEquity,Total shareholders’ equity,2Q20,11590.858,ADI_SEC-XBRL-financials_as-presented_10-Q_2020-05-20_0000006281-20-000087.xlsx,Balance Sheet,"May 2, 2020",Total shareholders’ equity,us-gaap:StockholdersEquity,reported,
balance_sheet,us-gaap:LiabilitiesAndStockholdersEquity,liabilities and stockholders equity liabilities and stockholders equity,2Q20,21350.938,ADI_SEC-XBRL-financials_as-presented_10-Q_2020-05-20_0000006281-20-000087.xlsx,Balance Sheet,"May 2, 2020",liabilities and stockholders equity liabilities and stockholders equity,us-gaap:LiabilitiesAndStockholdersEquity,reported,
cash_flow,us-gaap:NetIncomeLoss,Net income,6M20,471.57,ADI_SEC-XBRL-financials_as-presented_10-Q_2020-05-20_0000006281-20-000087.xlsx,Cash Flow,"Six Months Ended May 2, 2020",Net income,us-gaap:NetIncomeLoss,reported,
cash_flow,us-gaap:Depreciation,Depreciation,6M20,119.124,ADI_SEC-XBRL-financials_as-presented_10-Q_2020-05-20_0000006281-20-000087.xlsx,Cash Flow,"Six Months Ended May 2, 2020",Depreciation,us-gaap:Depreciation,reported,
cash_flow,us-gaap:AmortizationOfIntangibleAssets,Amortization of intangibles,6M20,288.12,ADI_SEC-XBRL-financials_as-presented_10-Q_2020-05-20_0000006281-20-000087.xlsx,Cash Flow,"Six Months Ended May 2, 2020",Amortization of intangibles,us-gaap:AmortizationOfIntangibleAssets,reported,
cash_flow,us-gaap:ShareBasedCompensation,Stock-based compensation expense,6M20,73.401,ADI_SEC-XBRL-financials_as-presented_10-Q_2020-05-20_0000006281-20-000087.xlsx,Cash Flow,"Six Months Ended May 2, 2020",Stock-based compensation expense,us-gaap:ShareBasedCompensation,reported,
cash_flow,us-gaap:DeferredIncomeTaxExpenseBenefit,Deferred income taxes,6M20,-35.39,ADI_SEC-XBRL-financials_as-presented_10-Q_2020-05-20_0000006281-20-000087.xlsx,Cash Flow,"Six Months Ended May 2, 2020",Deferred income taxes,us-gaap:DeferredIncomeTaxExpenseBenefit,reported,
cash_flow,adi:NonCashContributionToCharitableFoundation,Non-cash contribution to charitable foundation,6M20,40.0,ADI_SEC-XBRL-financials_as-presented_10-Q_2020-05-20_0000006281-20-000087.xlsx,Cash Flow,"Six Months Ended May 2, 2020",Non-cash contribution to charitable foundation,adi:NonCashContributionToCharitableFoundation,reported,
cash_flow,us-gaap:OtherNoncashIncomeExpense,Other non-cash activity,6M20,3.801,ADI_SEC-XBRL-financials_as-presented_10-Q_2020-05-20_0000006281-20-000087.xlsx,Cash Flow,"Six Months Ended May 2, 2020",Other non-cash activity,us-gaap:OtherNoncashIncomeExpense,reported,
cash_flow,us-gaap:IncreaseDecreaseInOperatingCapital,Changes in operating assets and liabilities,6M20,-181.937,ADI_SEC-XBRL-financials_as-presented_10-Q_2020-05-20_0000006281-20-000087.xlsx,Cash Flow,"Six Months Ended May 2, 2020",Changes in operating assets and liabilities,us-gaap:IncreaseDecreaseInOperatingCapital,reported,
cash_flow,us-gaap:AdjustmentsToReconcileNetIncomeLossToCashProvidedByUsedInOperatingActivities,Total adjustments,6M20,307.119,ADI_SEC-XBRL-financials_as-presented_10-Q_2020-05-20_0000006281-20-000087.xlsx,Cash Flow,"Six Months Ended May 2, 2020",Total adjustments,us-gaap:AdjustmentsToReconcileNetIncomeLossToCashProvidedByUsedInOperatingActivities,reported,
cash_flow,us-gaap:NetCashProvidedByUsedInOperatingActivities,Net cash provided by operating activities,6M20,778.689,ADI_SEC-XBRL-financials_as-presented_10-Q_2020-05-20_0000006281-20-000087.xlsx,Cash Flow,"Six Months Ended May 2, 2020",Net cash provided by operating activities,us-gaap:NetCashProvidedByUsedInOperatingActivities,reported,
cash_flow,us-gaap:PaymentsToAcquirePropertyPlantAndEquipment,"Additions to property, plant and equipment",6M20,-115.0,ADI_SEC-XBRL-financials_as-presented_10-Q_2020-05-20_0000006281-20-000087.xlsx,Cash Flow,"Six Months Ended May 2, 2020","Additions to property, plant and equipment",us-gaap:PaymentsToAcquirePropertyPlantAndEquipment,reported,
cash_flow,us-gaap:PaymentsForProceedsFromOtherInvestingActivities,Changes in other assets,6M20,-1.284,ADI_SEC-XBRL-financials_as-presented_10-Q_2020-05-20_0000006281-20-000087.xlsx,Cash Flow,"Six Months Ended May 2, 2020",Changes in other assets,us-gaap:PaymentsForProceedsFromOtherInvestingActivities,reported,
cash_flow,us-gaap:NetCashProvidedByUsedInInvestingActivities,Net cash used for investing activities,6M20,-116.284,ADI_SEC-XBRL-financials_as-presented_10-Q_2020-05-20_0000006281-20-000087.xlsx,Cash Flow,"Six Months Ended May 2, 2020",Net cash used for investing activities,us-gaap:NetCashProvidedByUsedInInvestingActivities,reported,
cash_flow,us-gaap:ProceedsFromIssuanceOfDebt,Proceeds from debt,6M20,395.646,ADI_SEC-XBRL-financials_as-presented_10-Q_2020-05-20_0000006281-20-000087.xlsx,Cash Flow,"Six Months Ended May 2, 2020",Proceeds from debt,us-gaap:ProceedsFromIssuanceOfDebt,reported,
cash_flow,us-gaap:ProceedsFromLinesOfCredit,Proceeds from revolver,6M20,350.0,ADI_SEC-XBRL-financials_as-presented_10-Q_2020-05-20_0000006281-20-000087.xlsx,Cash Flow,"Six Months Ended May 2, 2020",Proceeds from revolver,us-gaap:ProceedsFromLinesOfCredit,reported,
cash_flow,us-gaap:RepaymentsOfLinesOfCredit,Payments on revolver,6M20,-350.0,ADI_SEC-XBRL-financials_as-presented_10-Q_2020-05-20_0000006281-20-000087.xlsx,Cash Flow,"Six Months Ended May 2, 2020",Payments on revolver,us-gaap:RepaymentsOfLinesOfCredit,reported,
cash_flow,us-gaap:RepaymentsOfDebt,Debt repayments,6M20,-300.0,ADI_SEC-XBRL-financials_as-presented_10-Q_2020-05-20_0000006281-20-000087.xlsx,Cash Flow,"Six Months Ended May 2, 2020",Debt repayments,us-gaap:RepaymentsOfDebt,reported,
cash_flow,us-gaap:PaymentsOfDividendsCommonStock,Dividend payments to shareholders,6M20,-427.76,ADI_SEC-XBRL-financials_as-presented_10-Q_2020-05-20_0000006281-20-000087.xlsx,Cash Flow,"Six Months Ended May 2, 2020",Dividend payments to shareholders,us-gaap:PaymentsOfDividendsCommonStock,reported,
cash_flow,us-gaap:PaymentsForRepurchaseOfCommonStock,Repurchase of common stock,6M20,-219.614,ADI_SEC-XBRL-financials_as-presented_10-Q_2020-05-20_0000006281-20-000087.xlsx,Cash Flow,"Six Months Ended May 2, 2020",Repurchase of common stock,us-gaap:PaymentsForRepurchaseOfCommonStock,reported,
cash_flow,us-gaap:ProceedsFromStockPlans,Proceeds from employee stock plans,6M20,30.897,ADI_SEC-XBRL-financials_as-presented_10-Q_2020-05-20_0000006281-20-000087.xlsx,Cash Flow,"Six Months Ended May 2, 2020",Proceeds from employee stock plans,us-gaap:ProceedsFromStockPlans,reported,
cash_flow,us-gaap:ProceedsFromPaymentsForOtherFinancingActivities,Changes in other financing activities,6M20,-4.451,ADI_SEC-XBRL-financials_as-presented_10-Q_2020-05-20_0000006281-20-000087.xlsx,Cash Flow,"Six Months Ended May 2, 2020",Changes in other financing activities,us-gaap:ProceedsFromPaymentsForOtherFinancingActivities,reported,
cash_flow,us-gaap:NetCashProvidedByUsedInFinancingActivities,Net cash used for financing activities,6M20,-525.282,ADI_SEC-XBRL-financials_as-presented_10-Q_2020-05-20_0000006281-20-000087.xlsx,Cash Flow,"Six Months Ended May 2, 2020",Net cash used for financing activities,us-gaap:NetCashProvidedByUsedInFinancingActivities,reported,
cash_flow,us-gaap:EffectOfExchangeRateOnCashCashEquivalentsRestrictedCashAndRestrictedCashEquivalents,Effect of exchange rate changes on cash,6M20,-0.508,ADI_SEC-XBRL-financials_as-presented_10-Q_2020-05-20_0000006281-20-000087.xlsx,Cash Flow,"Six Months Ended May 2, 2020",Effect of exchange rate changes on cash,us-gaap:EffectOfExchangeRateOnCashCashEquivalentsRestrictedCashAndRestrictedCashEquivalents,reported,
cash_flow,us-gaap:CashCashEquivalentsRestrictedCashAndRestrictedCashEquivalentsPeriodIncreaseDecreaseIncludingExchangeRateEffect,Net decrease in cash and cash equivalents,6M20,136.615,ADI_SEC-XBRL-financials_as-presented_10-Q_2020-05-20_0000006281-20-000087.xlsx,Cash Flow,"Six Months Ended May 2, 2020",Net increase (decrease) in cash and cash equivalents,us-gaap:CashCashEquivalentsRestrictedCashAndRestrictedCashEquivalentsPeriodIncreaseDecreaseIncludingExchangeRateEffect,reported,
cash_flow,us-gaap:CashCashEquivalentsRestrictedCashAndRestrictedCashEquivalents,Cash and cash equivalents at beginning of period,6M20,648.322,ADI_SEC-XBRL-financials_as-presented_10-Q_2020-05-20_0000006281-20-000087.xlsx,Cash Flow,"Six Months Ended May 2, 2020",Cash and cash equivalents at beginning of period,us-gaap:CashCashEquivalentsRestrictedCashAndRestrictedCashEquivalents,reported,
income_statement,us-gaap:RevenueFromContractWithCustomerExcludingAssessedTax,Revenue,3Q20,1456.136,ADI_SEC-XBRL-financials_as-presented_10-Q_2020-08-19_0000006281-20-000123.xlsx,Income Statement,"Three Months Ended August 1, 2020",Revenue,us-gaap:RevenueFromContractWithCustomerExcludingAssessedTax,reported,
income_statement,us-gaap:CostOfGoodsAndServicesSold,Cost of sales,3Q20,483.558,ADI_SEC-XBRL-financials_as-presented_10-Q_2020-08-19_0000006281-20-000123.xlsx,Income Statement,"Three Months Ended August 1, 2020",Cost of sales,us-gaap:CostOfRevenue,reported,
income_statement,us-gaap:GrossProfit,Gross margin,3Q20,972.578,ADI_SEC-XBRL-financials_as-presented_10-Q_2020-08-19_0000006281-20-000123.xlsx,Income Statement,"Three Months Ended August 1, 2020",Gross margin,us-gaap:GrossProfit,reported,
income_statement,us-gaap:ResearchAndDevelopmentExpense,Research and development,3Q20,260.794,ADI_SEC-XBRL-financials_as-presented_10-Q_2020-08-19_0000006281-20-000123.xlsx,Income Statement,"Three Months Ended August 1, 2020",Research and development,us-gaap:ResearchAndDevelopmentExpense,reported,
income_statement,us-gaap:SellingGeneralAndAdministrativeExpense,"Selling, marketing, general and administrative",3Q20,153.753,ADI_SEC-XBRL-financials_as-presented_10-Q_2020-08-19_0000006281-20-000123.xlsx,Income Statement,"Three Months Ended August 1, 2020","Selling, marketing, general and administrative",us-gaap:SellingGeneralAndAdministrativeExpense,reported,
income_statement,adi:AmortizationofintangibleAssetsOperatingExpenses,Amortization of intangibles,3Q20,107.077,ADI_SEC-XBRL-financials_as-presented_10-Q_2020-08-19_0000006281-20-000123.xlsx,Income Statement,"Three Months Ended August 1, 2020",Amortization of intangibles,adi:Operatingexpensesamortizationofintangibles,reported,
income_statement,us-gaap:RestructuringCharges,Special charges,3Q20,31.83,ADI_SEC-XBRL-financials_as-presented_10-Q_2020-08-19_0000006281-20-000123.xlsx,Income Statement,"Three Months Ended August 1, 2020",Special charges,us-gaap:RestructuringCharges,reported,
income_statement,us-gaap:OperatingExpenses,operating expenses operating expenses operating expenses operating expenses,3Q20,553.454,ADI_SEC-XBRL-financials_as-presented_10-Q_2020-08-19_0000006281-20-000123.xlsx,Income Statement,"Three Months Ended August 1, 2020",operating expenses operating expenses operating expenses operating expenses,us-gaap:OperatingExpenses,reported,
income_statement,us-gaap:OperatingIncomeLoss,Operating income,3Q20,419.124,ADI_SEC-XBRL-financials_as-presented_10-Q_2020-08-19_0000006281-20-000123.xlsx,Income Statement,"Three Months Ended August 1, 2020",Operating income,us-gaap:OperatingIncomeLoss,reported,
income_statement,us-gaap:InterestExpense,Interest expense,3Q20,45.914,ADI_SEC-XBRL-financials_as-presented_10-Q_2020-08-19_0000006281-20-000123.xlsx,Income Statement,"Three Months Ended August 1, 2020",Interest expense,us-gaap:InterestExpense,reported,
income_statement,us-gaap:InvestmentIncomeInterest,Interest income,3Q20,-0.504,ADI_SEC-XBRL-financials_as-presented_10-Q_2020-08-19_0000006281-20-000123.xlsx,Income Statement,"Three Months Ended August 1, 2020",Interest income,us-gaap:InvestmentIncomeInterest,reported,
income_statement,us-gaap:OtherNonoperatingIncomeExpense,"Other, net",3Q20,0.685,ADI_SEC-XBRL-financials_as-presented_10-Q_2020-08-19_0000006281-20-000123.xlsx,Income Statement,"Three Months Ended August 1, 2020","Other, net",us-gaap:OtherNonoperatingIncomeExpense,reported,
income_statement,us-gaap:NonoperatingIncomeExpense,nonoperating income expense nonoperating income expense nonoperating income expense nonoperating income expense,3Q20,46.095,ADI_SEC-XBRL-financials_as-presented_10-Q_2020-08-19_0000006281-20-000123.xlsx,Income Statement,"Three Months Ended August 1, 2020",nonoperating income expense nonoperating income expense nonoperating income expense nonoperating income expense,us-gaap:NonoperatingIncomeExpense,reported,
income_statement,us-gaap:IncomeLossFromContinuingOperationsBeforeIncomeTaxesMinorityInterestAndIncomeLossFromEquityMethodInvestments,Income before income taxes,3Q20,373.029,ADI_SEC-XBRL-financials_as-presented_10-Q_2020-08-19_0000006281-20-000123.xlsx,Income Statement,"Three Months Ended August 1, 2020",Income before income taxes,us-gaap:IncomeLossFromContinuingOperationsBeforeIncomeTaxesMinorityInterestAndIncomeLossFromEquityMethodInvestments,reported,
income_statement,us-gaap:IncomeTaxExpenseBenefit,Provision for income taxes,3Q20,10.364,ADI_SEC-XBRL-financials_as-presented_10-Q_2020-08-19_0000006281-20-000123.xlsx,Income Statement,"Three Months Ended August 1, 2020",Provision for income taxes,us-gaap:IncomeTaxExpenseBenefit,reported,
income_statement,us-gaap:NetIncomeLoss,Net income,3Q20,362.665,ADI_SEC-XBRL-financials_as-presented_10-Q_2020-08-19_0000006281-20-000123.xlsx,Income Statement,"Three Months Ended August 1, 2020",Net income,us-gaap:NetIncomeLoss,reported,
income_statement,us-gaap:WeightedAverageNumberOfSharesOutstandingBasic,Shares used to compute earnings per common share – basic,3Q20,368.791,ADI_SEC-XBRL-financials_as-presented_10-Q_2020-08-19_0000006281-20-000123.xlsx,Income Statement,"Three Months Ended August 1, 2020",Shares used to compute earnings per common share – basic,us-gaap:WeightedAverageNumberOfSharesOutstandingBasic,reported,
income_statement,us-gaap:WeightedAverageNumberOfDilutedSharesOutstanding,Shares used to compute earnings per common share – diluted,3Q20,372.003,ADI_SEC-XBRL-financials_as-presented_10-Q_2020-08-19_0000006281-20-000123.xlsx,Income Statement,"Three Months Ended August 1, 2020",Shares used to compute earnings per common share – diluted,us-gaap:WeightedAverageNumberOfDilutedSharesOutstanding,reported,
income_statement,us-gaap:IncomeLossFromContinuingOperationsPerBasicShare,Basic earnings per common share,3Q20,0.98,ADI_SEC-XBRL-financials_as-presented_10-Q_2020-08-19_0000006281-20-000123.xlsx,Income Statement,"Three Months Ended August 1, 2020",Basic earnings per common share,us-gaap:EarningsPerShareBasic,reported,
income_statement,us-gaap:IncomeLossFromContinuingOperationsPerDilutedShare,Diluted earnings per common share,3Q20,0.97,ADI_SEC-XBRL-financials_as-presented_10-Q_2020-08-19_0000006281-20-000123.xlsx,Income Statement,"Three Months Ended August 1, 2020",Diluted earnings per common share,us-gaap:EarningsPerShareDiluted,reported,
balance_sheet,us-gaap:CashAndCashEquivalentsAtCarryingValue,Cash and cash equivalents,3Q20,1090.264,ADI_SEC-XBRL-financials_as-presented_10-Q_2020-08-19_0000006281-20-000123.xlsx,Balance Sheet,"August 1, 2020",Cash and cash equivalents,us-gaap:CashAndCashEquivalentsAtCarryingValue,reported,
balance_sheet,us-gaap:AccountsReceivableNetCurrent,Accounts receivable,3Q20,681.728,ADI_SEC-XBRL-financials_as-presented_10-Q_2020-08-19_0000006281-20-000123.xlsx,Balance Sheet,"August 1, 2020",Accounts receivable,us-gaap:AccountsReceivableNetCurrent,reported,
balance_sheet,us-gaap:InventoryNet,Inventories (2),3Q20,612.646,ADI_SEC-XBRL-financials_as-presented_10-Q_2020-08-19_0000006281-20-000123.xlsx,Balance Sheet,"August 1, 2020",Inventories,us-gaap:InventoryNet,reported,
balance_sheet,us-gaap:PrepaidExpenseAndOtherAssetsCurrent,Prepaid expenses and other current assets,3Q20,100.599,ADI_SEC-XBRL-financials_as-presented_10-Q_2020-08-19_0000006281-20-000123.xlsx,Balance Sheet,"August 1, 2020",Prepaid expenses and other current assets,us-gaap:PrepaidExpenseAndOtherAssetsCurrent,reported,
balance_sheet,us-gaap:AssetsCurrent,Total current assets,3Q20,2485.237,ADI_SEC-XBRL-financials_as-presented_10-Q_2020-08-19_0000006281-20-000123.xlsx,Balance Sheet,"August 1, 2020",Total current assets,us-gaap:AssetsCurrent,reported,
balance_sheet,adi:LandAndBuildingsGross,Land and buildings,3Q20,968.527,ADI_SEC-XBRL-financials_as-presented_10-Q_2020-08-19_0000006281-20-000123.xlsx,Balance Sheet,"August 1, 2020",Land and buildings,adi:LandAndBuildingsGross,reported,
balance_sheet,us-gaap:MachineryAndEquipmentGross,Machinery and equipment,3Q20,2642.254,ADI_SEC-XBRL-financials_as-presented_10-Q_2020-08-19_0000006281-20-000123.xlsx,Balance Sheet,"August 1, 2020",Machinery and equipment,us-gaap:MachineryAndEquipmentGross,reported,
balance_sheet,us-gaap:FurnitureAndFixturesGross,Office equipment,3Q20,84.887,ADI_SEC-XBRL-financials_as-presented_10-Q_2020-08-19_0000006281-20-000123.xlsx,Balance Sheet,"August 1, 2020",Office equipment,us-gaap:FurnitureAndFixturesGross,reported,
balance_sheet,us-gaap:LeaseholdImprovementsGross,Leasehold improvements,3Q20,157.196,ADI_SEC-XBRL-financials_as-presented_10-Q_2020-08-19_0000006281-20-000123.xlsx,Balance Sheet,"August 1, 2020",Leasehold improvements,us-gaap:LeaseholdImprovementsGross,reported,
balance_sheet,us-gaap:PropertyPlantAndEquipmentGross,property plant and equipment gross property plant and equipment gross,3Q20,3852.864,ADI_SEC-XBRL-financials_as-presented_10-Q_2020-08-19_0000006281-20-000123.xlsx,Balance Sheet,"August 1, 2020",property plant and equipment gross property plant and equipment gross,us-gaap:PropertyPlantAndEquipmentGross,reported,
balance_sheet,us-gaap:AccumulatedDepreciationDepletionAndAmortizationPropertyPlantAndEquipment,Less accumulated depreciation and amortization,3Q20,2718.628,ADI_SEC-XBRL-financials_as-presented_10-Q_2020-08-19_0000006281-20-000123.xlsx,Balance Sheet,"August 1, 2020",Less accumulated depreciation and amortization,us-gaap:AccumulatedDepreciationDepletionAndAmortizationPropertyPlantAndEquipment,reported,
balance_sheet,us-gaap:PropertyPlantAndEquipmentNet,"Net property, plant and equipment",3Q20,1134.236,ADI_SEC-XBRL-financials_as-presented_10-Q_2020-08-19_0000006281-20-000123.xlsx,Balance Sheet,"August 1, 2020","Net property, plant and equipment",us-gaap:PropertyPlantAndEquipmentNet,reported,
balance_sheet,us-gaap:LongTermInvestments,Other investments,3Q20,82.953,ADI_SEC-XBRL-financials_as-presented_10-Q_2020-08-19_0000006281-20-000123.xlsx,Balance Sheet,"August 1, 2020",Other investments,us-gaap:LongTermInvestments,reported,
balance_sheet,us-gaap:Goodwill,Goodwill,3Q20,12273.799,ADI_SEC-XBRL-financials_as-presented_10-Q_2020-08-19_0000006281-20-000123.xlsx,Balance Sheet,"August 1, 2020",Goodwill,us-gaap:Goodwill,reported,
balance_sheet,us-gaap:IntangibleAssetsNetExcludingGoodwill,"Intangible assets, net",3Q20,3796.932,ADI_SEC-XBRL-financials_as-presented_10-Q_2020-08-19_0000006281-20-000123.xlsx,Balance Sheet,"August 1, 2020","Intangible assets, net",us-gaap:IntangibleAssetsNetExcludingGoodwill,reported,
balance_sheet,us-gaap:DeferredIncomeTaxAssetsNet,Deferred tax assets,3Q20,1522.772,ADI_SEC-XBRL-financials_as-presented_10-Q_2020-08-19_0000006281-20-000123.xlsx,Balance Sheet,"August 1, 2020",Deferred tax assets,us-gaap:DeferredIncomeTaxAssetsNet,reported,
balance_sheet,us-gaap:OtherAssetsMiscellaneousNoncurrent,Other assets,3Q20,303.639,ADI_SEC-XBRL-financials_as-presented_10-Q_2020-08-19_0000006281-20-000123.xlsx,Balance Sheet,"August 1, 2020",Other assets,us-gaap:OtherAssetsMiscellaneousNoncurrent,reported,
balance_sheet,us-gaap:OtherAssetsNoncurrent,Other assets,3Q20,17980.095,ADI_SEC-XBRL-financials_as-presented_10-Q_2020-08-19_0000006281-20-000123.xlsx,Balance Sheet,"August 1, 2020",Total other assets,us-gaap:OtherAssetsNoncurrent,reported,
balance_sheet,us-gaap:Assets,assets assets,3Q20,21599.568,ADI_SEC-XBRL-financials_as-presented_10-Q_2020-08-19_0000006281-20-000123.xlsx,Balance Sheet,"August 1, 2020",assets assets,us-gaap:Assets,reported,
balance_sheet,us-gaap:AccountsPayableCurrent,Accounts payable,3Q20,215.894,ADI_SEC-XBRL-financials_as-presented_10-Q_2020-08-19_0000006281-20-000123.xlsx,Balance Sheet,"August 1, 2020",Accounts payable,us-gaap:AccountsPayableCurrent,reported,
balance_sheet,us-gaap:AccruedIncomeTaxesCurrent,Income taxes payable,3Q20,149.376,ADI_SEC-XBRL-financials_as-presented_10-Q_2020-08-19_0000006281-20-000123.xlsx,Balance Sheet,"August 1, 2020",Income taxes payable,us-gaap:AccruedIncomeTaxesCurrent,reported,
balance_sheet,us-gaap:DebtCurrent,"Debt, current",3Q20,449.324,ADI_SEC-XBRL-financials_as-presented_10-Q_2020-08-19_0000006281-20-000123.xlsx,Balance Sheet,"August 1, 2020","Debt, current",us-gaap:DebtCurrent,reported,
balance_sheet,us-gaap:AccruedLiabilitiesCurrent,Accrued liabilities,3Q20,873.182,ADI_SEC-XBRL-financials_as-presented_10-Q_2020-08-19_0000006281-20-000123.xlsx,Balance Sheet,"August 1, 2020",Accrued liabilities,us-gaap:AccruedLiabilitiesCurrent,reported,
balance_sheet,us-gaap:LiabilitiesCurrent,Total current liabilities,3Q20,1687.776,ADI_SEC-XBRL-financials_as-presented_10-Q_2020-08-19_0000006281-20-000123.xlsx,Balance Sheet,"August 1, 2020",Total current liabilities,us-gaap:LiabilitiesCurrent,reported,
balance_sheet,us-gaap:UnsecuredLongTermDebt,Long-term debt,3Q20,5143.653,ADI_SEC-XBRL-financials_as-presented_10-Q_2020-08-19_0000006281-20-000123.xlsx,Balance Sheet,"August 1, 2020",Long-term debt,us-gaap:UnsecuredLongTermDebt,reported,
balance_sheet,us-gaap:DeferredIncomeTaxLiabilitiesNet,Deferred income taxes,3Q20,1961.009,ADI_SEC-XBRL-financials_as-presented_10-Q_2020-08-19_0000006281-20-000123.xlsx,Balance Sheet,"August 1, 2020",Deferred income taxes,us-gaap:DeferredIncomeTaxLiabilitiesNet,reported,
balance_sheet,adi:TaxesPayableNoncurrent,Income taxes payable,3Q20,591.509,ADI_SEC-XBRL-financials_as-presented_10-Q_2020-08-19_0000006281-20-000123.xlsx,Balance Sheet,"August 1, 2020",Income taxes payable,adi:TaxesPayableNoncurrent,reported,
balance_sheet,us-gaap:OtherLiabilitiesNoncurrent,Other non-current liabilities,3Q20,438.061,ADI_SEC-XBRL-financials_as-presented_10-Q_2020-08-19_0000006281-20-000123.xlsx,Balance Sheet,"August 1, 2020",Other non-current liabilities,us-gaap:OtherLiabilitiesNoncurrent,reported,
balance_sheet,us-gaap:LiabilitiesNoncurrent,Total non-current liabilities,3Q20,8134.232,ADI_SEC-XBRL-financials_as-presented_10-Q_2020-08-19_0000006281-20-000123.xlsx,Balance Sheet,"August 1, 2020",Total non-current liabilities,us-gaap:LiabilitiesNoncurrent,reported,
balance_sheet,us-gaap:CommonStockParOrStatedValuePerShare,"Common stock, 0.16 2/3 par value, 1,200,000,000 shares authorized, 368,220,091 shares outstanding (368,302,369 on November 2, 2019)",3Q20,61.529,ADI_SEC-XBRL-financials_as-presented_10-Q_2020-08-19_0000006281-20-000123.xlsx,Balance Sheet,"August 1, 2020","Common stock, 0.16 2/3 par value, 1,200,000,000 shares authorized, 369,166,257 shares outstanding (368,302,369 on November 2, 2019)",us-gaap:CommonStockParOrStatedValuePerShare,reported,
balance_sheet,us-gaap:AdditionalPaidInCapitalCommonStock,Capital in excess of par value,3Q20,4909.651,ADI_SEC-XBRL-financials_as-presented_10-Q_2020-08-19_0000006281-20-000123.xlsx,Balance Sheet,"August 1, 2020",Capital in excess of par value,us-gaap:AdditionalPaidInCapitalCommonStock,reported,
balance_sheet,us-gaap:RetainedEarningsAccumulatedDeficit,Retained earnings,3Q20,7079.309,ADI_SEC-XBRL-financials_as-presented_10-Q_2020-08-19_0000006281-20-000123.xlsx,Balance Sheet,"August 1, 2020",Retained earnings,us-gaap:RetainedEarningsAccumulatedDeficit,reported,
balance_sheet,us-gaap:AccumulatedOtherComprehensiveIncomeLossNetOfTax,Accumulated other comprehensive loss,3Q20,-272.929,ADI_SEC-XBRL-financials_as-presented_10-Q_2020-08-19_0000006281-20-000123.xlsx,Balance Sheet,"August 1, 2020",Accumulated other comprehensive loss,us-gaap:AccumulatedOtherComprehensiveIncomeLossNetOfTax,reported,
balance_sheet,us-gaap:StockholdersEquity,Total shareholders’ equity,3Q20,11777.56,ADI_SEC-XBRL-financials_as-presented_10-Q_2020-08-19_0000006281-20-000123.xlsx,Balance Sheet,"August 1, 2020",Total shareholders’ equity,us-gaap:StockholdersEquity,reported,
balance_sheet,us-gaap:LiabilitiesAndStockholdersEquity,liabilities and stockholders equity liabilities and stockholders equity,3Q20,21599.568,ADI_SEC-XBRL-financials_as-presented_10-Q_2020-08-19_0000006281-20-000123.xlsx,Balance Sheet,"August 1, 2020",liabilities and stockholders equity liabilities and stockholders equity,us-gaap:LiabilitiesAndStockholdersEquity,reported,
cash_flow,us-gaap:NetIncomeLoss,Net income,9M20,834.235,ADI_SEC-XBRL-financials_as-presented_10-Q_2020-08-19_0000006281-20-000123.xlsx,Cash Flow,"Nine Months Ended August 1, 2020",Net income,us-gaap:NetIncomeLoss,reported,
cash_flow,us-gaap:Depreciation,Depreciation,9M20,176.722,ADI_SEC-XBRL-financials_as-presented_10-Q_2020-08-19_0000006281-20-000123.xlsx,Cash Flow,"Nine Months Ended August 1, 2020",Depreciation,us-gaap:Depreciation,reported,
cash_flow,us-gaap:AmortizationOfIntangibleAssets,Amortization of intangibles,9M20,431.985,ADI_SEC-XBRL-financials_as-presented_10-Q_2020-08-19_0000006281-20-000123.xlsx,Cash Flow,"Nine Months Ended August 1, 2020",Amortization of intangibles,us-gaap:AmortizationOfIntangibleAssets,reported,
cash_flow,us-gaap:ShareBasedCompensation,Stock-based compensation expense,9M20,112.961,ADI_SEC-XBRL-financials_as-presented_10-Q_2020-08-19_0000006281-20-000123.xlsx,Cash Flow,"Nine Months Ended August 1, 2020",Stock-based compensation expense,us-gaap:ShareBasedCompensation,reported,
cash_flow,us-gaap:DeferredIncomeTaxExpenseBenefit,Deferred income taxes,9M20,-42.802,ADI_SEC-XBRL-financials_as-presented_10-Q_2020-08-19_0000006281-20-000123.xlsx,Cash Flow,"Nine Months Ended August 1, 2020",Deferred income taxes,us-gaap:DeferredIncomeTaxExpenseBenefit,reported,
cash_flow,adi:NonCashContributionToCharitableFoundation,Non-cash contribution to charitable foundation,9M20,40.0,ADI_SEC-XBRL-financials_as-presented_10-Q_2020-08-19_0000006281-20-000123.xlsx,Cash Flow,"Nine Months Ended August 1, 2020",Non-cash contribution to charitable foundation,adi:NonCashContributionToCharitableFoundation,reported,
cash_flow,us-gaap:OtherNoncashIncomeExpense,Other non-cash activity,9M20,5.675,ADI_SEC-XBRL-financials_as-presented_10-Q_2020-08-19_0000006281-20-000123.xlsx,Cash Flow,"Nine Months Ended August 1, 2020",Other non-cash activity,us-gaap:OtherNoncashIncomeExpense,reported,
cash_flow,us-gaap:IncreaseDecreaseInOperatingCapital,Changes in operating assets and liabilities,9M20,-222.887,ADI_SEC-XBRL-financials_as-presented_10-Q_2020-08-19_0000006281-20-000123.xlsx,Cash Flow,"Nine Months Ended August 1, 2020",Changes in operating assets and liabilities,us-gaap:IncreaseDecreaseInOperatingCapital,reported,
cash_flow,us-gaap:AdjustmentsToReconcileNetIncomeLossToCashProvidedByUsedInOperatingActivities,Total adjustments,9M20,501.654,ADI_SEC-XBRL-financials_as-presented_10-Q_2020-08-19_0000006281-20-000123.xlsx,Cash Flow,"Nine Months Ended August 1, 2020",Total adjustments,us-gaap:AdjustmentsToReconcileNetIncomeLossToCashProvidedByUsedInOperatingActivities,reported,
cash_flow,us-gaap:NetCashProvidedByUsedInOperatingActivities,Net cash provided by operating activities,9M20,1335.889,ADI_SEC-XBRL-financials_as-presented_10-Q_2020-08-19_0000006281-20-000123.xlsx,Cash Flow,"Nine Months Ended August 1, 2020",Net cash provided by operating activities,us-gaap:NetCashProvidedByUsedInOperatingActivities,reported,
cash_flow,us-gaap:PaymentsToAcquirePropertyPlantAndEquipment,"Additions to property, plant and equipment",9M20,-135.804,ADI_SEC-XBRL-financials_as-presented_10-Q_2020-08-19_0000006281-20-000123.xlsx,Cash Flow,"Nine Months Ended August 1, 2020","Additions to property, plant and equipment",us-gaap:PaymentsToAcquirePropertyPlantAndEquipment,reported,
cash_flow,us-gaap:PaymentsToAcquireBusinessesNetOfCashAcquired,"Payments for acquisitions, net of cash acquired",9M20,-12.763,ADI_SEC-XBRL-financials_as-presented_10-Q_2020-08-19_0000006281-20-000123.xlsx,Cash Flow,"Nine Months Ended August 1, 2020","Payments for acquisitions, net of cash acquired",us-gaap:PaymentsToAcquireBusinessesNetOfCashAcquired,reported,
cash_flow,us-gaap:PaymentsForProceedsFromOtherInvestingActivities,Changes in other assets,9M20,-1.214,ADI_SEC-XBRL-financials_as-presented_10-Q_2020-08-19_0000006281-20-000123.xlsx,Cash Flow,"Nine Months Ended August 1, 2020",Changes in other assets,us-gaap:PaymentsForProceedsFromOtherInvestingActivities,reported,
cash_flow,us-gaap:NetCashProvidedByUsedInInvestingActivities,Net cash used for investing activities,9M20,-149.781,ADI_SEC-XBRL-financials_as-presented_10-Q_2020-08-19_0000006281-20-000123.xlsx,Cash Flow,"Nine Months Ended August 1, 2020",Net cash used for investing activities,us-gaap:NetCashProvidedByUsedInInvestingActivities,reported,
cash_flow,us-gaap:ProceedsFromIssuanceOfDebt,Proceeds from debt,9M20,395.646,ADI_SEC-XBRL-financials_as-presented_10-Q_2020-08-19_0000006281-20-000123.xlsx,Cash Flow,"Nine Months Ended August 1, 2020",Proceeds from debt,us-gaap:ProceedsFromIssuanceOfDebt,reported,
cash_flow,us-gaap:ProceedsFromLinesOfCredit,Proceeds from revolver,9M20,350.0,ADI_SEC-XBRL-financials_as-presented_10-Q_2020-08-19_0000006281-20-000123.xlsx,Cash Flow,"Nine Months Ended August 1, 2020",Proceeds from revolver,us-gaap:ProceedsFromLinesOfCredit,reported,
cash_flow,us-gaap:RepaymentsOfLinesOfCredit,Payments on revolver,9M20,-350.0,ADI_SEC-XBRL-financials_as-presented_10-Q_2020-08-19_0000006281-20-000123.xlsx,Cash Flow,"Nine Months Ended August 1, 2020",Payments on revolver,us-gaap:RepaymentsOfLinesOfCredit,reported,
cash_flow,us-gaap:RepaymentsOfDebt,Debt repayments,9M20,-300.0,ADI_SEC-XBRL-financials_as-presented_10-Q_2020-08-19_0000006281-20-000123.xlsx,Cash Flow,"Nine Months Ended August 1, 2020",Debt repayments,us-gaap:RepaymentsOfDebt,reported,
cash_flow,us-gaap:PaymentsOfDividendsCommonStock,Dividend payments to shareholders,9M20,-656.558,ADI_SEC-XBRL-financials_as-presented_10-Q_2020-08-19_0000006281-20-000123.xlsx,Cash Flow,"Nine Months Ended August 1, 2020",Dividend payments to shareholders,us-gaap:PaymentsOfDividendsCommonStock,reported,
cash_flow,us-gaap:PaymentsForRepurchaseOfCommonStock,Repurchase of common stock,9M20,-237.265,ADI_SEC-XBRL-financials_as-presented_10-Q_2020-08-19_0000006281-20-000123.xlsx,Cash Flow,"Nine Months Ended August 1, 2020",Repurchase of common stock,us-gaap:PaymentsForRepurchaseOfCommonStock,reported,
cash_flow,us-gaap:ProceedsFromStockPlans,Proceeds from employee stock plans,9M20,57.75,ADI_SEC-XBRL-financials_as-presented_10-Q_2020-08-19_0000006281-20-000123.xlsx,Cash Flow,"Nine Months Ended August 1, 2020",Proceeds from employee stock plans,us-gaap:ProceedsFromStockPlans,reported,
cash_flow,us-gaap:ProceedsFromPaymentsForOtherFinancingActivities,Changes in other financing activities,9M20,-4.015,ADI_SEC-XBRL-financials_as-presented_10-Q_2020-08-19_0000006281-20-000123.xlsx,Cash Flow,"Nine Months Ended August 1, 2020",Changes in other financing activities,us-gaap:ProceedsFromPaymentsForOtherFinancingActivities,reported,
cash_flow,us-gaap:NetCashProvidedByUsedInFinancingActivities,Net cash used for financing activities,9M20,-744.442,ADI_SEC-XBRL-financials_as-presented_10-Q_2020-08-19_0000006281-20-000123.xlsx,Cash Flow,"Nine Months Ended August 1, 2020",Net cash used for financing activities,us-gaap:NetCashProvidedByUsedInFinancingActivities,reported,
cash_flow,us-gaap:EffectOfExchangeRateOnCashCashEquivalentsRestrictedCashAndRestrictedCashEquivalents,Effect of exchange rate changes on cash,9M20,0.276,ADI_SEC-XBRL-financials_as-presented_10-Q_2020-08-19_0000006281-20-000123.xlsx,Cash Flow,"Nine Months Ended August 1, 2020",Effect of exchange rate changes on cash,us-gaap:EffectOfExchangeRateOnCashCashEquivalentsRestrictedCashAndRestrictedCashEquivalents,reported,
cash_flow,us-gaap:CashCashEquivalentsRestrictedCashAndRestrictedCashEquivalentsPeriodIncreaseDecreaseIncludingExchangeRateEffect,Net decrease in cash and cash equivalents,9M20,441.942,ADI_SEC-XBRL-financials_as-presented_10-Q_2020-08-19_0000006281-20-000123.xlsx,Cash Flow,"Nine Months Ended August 1, 2020",Net increase (decrease) in cash and cash equivalents,us-gaap:CashCashEquivalentsRestrictedCashAndRestrictedCashEquivalentsPeriodIncreaseDecreaseIncludingExchangeRateEffect,reported,
cash_flow,us-gaap:CashCashEquivalentsRestrictedCashAndRestrictedCashEquivalents,Cash and cash equivalents at beginning of period,9M20,648.322,ADI_SEC-XBRL-financials_as-presented_10-Q_2020-08-19_0000006281-20-000123.xlsx,Cash Flow,"Nine Months Ended August 1, 2020",Cash and cash equivalents at beginning of period,us-gaap:CashCashEquivalentsRestrictedCashAndRestrictedCashEquivalents,reported,
income_statement,us-gaap:RevenueFromContractWithCustomerExcludingAssessedTax,Revenue,1Q21,1558.458,ADI_SEC-XBRL-financials_as-presented_10-Q_2021-02-17_0000006281-21-000022.xlsx,Income Statement,"Three Months Ended January 30, 2021",Revenue,us-gaap:RevenueFromContractWithCustomerExcludingAssessedTax,reported,
income_statement,us-gaap:CostOfGoodsAndServicesSold,Cost of sales,1Q21,513.087,ADI_SEC-XBRL-financials_as-presented_10-Q_2021-02-17_0000006281-21-000022.xlsx,Income Statement,"Three Months Ended January 30, 2021",Cost of sales,us-gaap:CostOfRevenue,reported,
income_statement,us-gaap:GrossProfit,Gross margin,1Q21,1045.371,ADI_SEC-XBRL-financials_as-presented_10-Q_2021-02-17_0000006281-21-000022.xlsx,Income Statement,"Three Months Ended January 30, 2021",Gross margin,us-gaap:GrossProfit,reported,
income_statement,us-gaap:ResearchAndDevelopmentExpense,Research and development,1Q21,288.15,ADI_SEC-XBRL-financials_as-presented_10-Q_2021-02-17_0000006281-21-000022.xlsx,Income Statement,"Three Months Ended January 30, 2021",Research and development,us-gaap:ResearchAndDevelopmentExpense,reported,
income_statement,us-gaap:SellingGeneralAndAdministrativeExpense,"Selling, marketing, general and administrative",1Q21,185.275,ADI_SEC-XBRL-financials_as-presented_10-Q_2021-02-17_0000006281-21-000022.xlsx,Income Statement,"Three Months Ended January 30, 2021","Selling, marketing, general and administrative",us-gaap:SellingGeneralAndAdministrativeExpense,reported,
income_statement,adi:AmortizationofintangibleAssetsOperatingExpenses,Amortization of intangibles,1Q21,107.648,ADI_SEC-XBRL-financials_as-presented_10-Q_2021-02-17_0000006281-21-000022.xlsx,Income Statement,"Three Months Ended January 30, 2021",Amortization of intangibles,adi:Operatingexpensesamortizationofintangibles,reported,
income_statement,us-gaap:RestructuringCharges,Special charges,1Q21,0.438,ADI_SEC-XBRL-financials_as-presented_10-Q_2021-02-17_0000006281-21-000022.xlsx,Income Statement,"Three Months Ended January 30, 2021",Special charges,us-gaap:RestructuringCharges,reported,
income_statement,us-gaap:OperatingExpenses,operating expenses operating expenses operating expenses operating expenses,1Q21,581.511,ADI_SEC-XBRL-financials_as-presented_10-Q_2021-02-17_0000006281-21-000022.xlsx,Income Statement,"Three Months Ended January 30, 2021",operating expenses operating expenses,us-gaap:OperatingExpenses,reported,
income_statement,us-gaap:OperatingIncomeLoss,Operating income,1Q21,463.86,ADI_SEC-XBRL-financials_as-presented_10-Q_2021-02-17_0000006281-21-000022.xlsx,Income Statement,"Three Months Ended January 30, 2021",Operating income:,us-gaap:OperatingIncomeLoss,reported,
income_statement,us-gaap:InterestExpense,Interest expense,1Q21,42.479,ADI_SEC-XBRL-financials_as-presented_10-Q_2021-02-17_0000006281-21-000022.xlsx,Income Statement,"Three Months Ended January 30, 2021",Interest expense,us-gaap:InterestExpense,reported,
income_statement,us-gaap:InvestmentIncomeInterest,Interest income,1Q21,-0.209,ADI_SEC-XBRL-financials_as-presented_10-Q_2021-02-17_0000006281-21-000022.xlsx,Income Statement,"Three Months Ended January 30, 2021",Interest income,us-gaap:InvestmentIncomeInterest,reported,
income_statement,us-gaap:OtherNonoperatingIncomeExpense,"Other, net",1Q21,-15.028,ADI_SEC-XBRL-financials_as-presented_10-Q_2021-02-17_0000006281-21-000022.xlsx,Income Statement,"Three Months Ended January 30, 2021","Other, net",us-gaap:OtherNonoperatingIncomeExpense,reported,
income_statement,us-gaap:NonoperatingIncomeExpense,nonoperating income expense nonoperating income expense nonoperating income expense nonoperating income expense,1Q21,27.242,ADI_SEC-XBRL-financials_as-presented_10-Q_2021-02-17_0000006281-21-000022.xlsx,Income Statement,"Three Months Ended January 30, 2021",nonoperating income expense nonoperating income expense,us-gaap:NonoperatingIncomeExpense,reported,
income_statement,us-gaap:IncomeLossFromContinuingOperationsBeforeIncomeTaxesMinorityInterestAndIncomeLossFromEquityMethodInvestments,Income before income taxes,1Q21,436.618,ADI_SEC-XBRL-financials_as-presented_10-Q_2021-02-17_0000006281-21-000022.xlsx,Income Statement,"Three Months Ended January 30, 2021",Income before income taxes,us-gaap:IncomeLossFromContinuingOperationsBeforeIncomeTaxesMinorityInterestAndIncomeLossFromEquityMethodInvestments,reported,
income_statement,us-gaap:IncomeTaxExpenseBenefit,Provision for income taxes,1Q21,48.099,ADI_SEC-XBRL-financials_as-presented_10-Q_2021-02-17_0000006281-21-000022.xlsx,Income Statement,"Three Months Ended January 30, 2021",Provision for income taxes,us-gaap:IncomeTaxExpenseBenefit,reported,
income_statement,us-gaap:NetIncomeLoss,Net income,1Q21,388.519,ADI_SEC-XBRL-financials_as-presented_10-Q_2021-02-17_0000006281-21-000022.xlsx,Income Statement,"Three Months Ended January 30, 2021",Net income,us-gaap:NetIncomeLoss,reported,
income_statement,us-gaap:WeightedAverageNumberOfSharesOutstandingBasic,Shares used to compute earnings per common share – basic,1Q21,369.203,ADI_SEC-XBRL-financials_as-presented_10-Q_2021-02-17_0000006281-21-000022.xlsx,Income Statement,"Three Months Ended January 30, 2021",Shares used to compute earnings per common share – basic,us-gaap:WeightedAverageNumberOfSharesOutstandingBasic,reported,
income_statement,us-gaap:WeightedAverageNumberOfDilutedSharesOutstanding,Shares used to compute earnings per common share – diluted,1Q21,373.106,ADI_SEC-XBRL-financials_as-presented_10-Q_2021-02-17_0000006281-21-000022.xlsx,Income Statement,"Three Months Ended January 30, 2021",Shares used to compute earnings per common share – diluted,us-gaap:WeightedAverageNumberOfDilutedSharesOutstanding,reported,
income_statement,us-gaap:IncomeLossFromContinuingOperationsPerBasicShare,Basic earnings per common share,1Q21,1.05,ADI_SEC-XBRL-financials_as-presented_10-Q_2021-02-17_0000006281-21-000022.xlsx,Income Statement,"Three Months Ended January 30, 2021",Basic earnings per common share,us-gaap:EarningsPerShareBasic,reported,
income_statement,us-gaap:IncomeLossFromContinuingOperationsPerDilutedShare,Diluted earnings per common share,1Q21,1.04,ADI_SEC-XBRL-financials_as-presented_10-Q_2021-02-17_0000006281-21-000022.xlsx,Income Statement,"Three Months Ended January 30, 2021",Diluted earnings per common share,us-gaap:EarningsPerShareDiluted,reported,
balance_sheet,us-gaap:CashAndCashEquivalentsAtCarryingValue,Cash and cash equivalents,1Q21,1048.063,ADI_SEC-XBRL-financials_as-presented_10-Q_2021-02-17_0000006281-21-000022.xlsx,Balance Sheet,"January 30, 2021",Cash and cash equivalents,us-gaap:CashAndCashEquivalentsAtCarryingValue,reported,
balance_sheet,us-gaap:AccountsReceivableNetCurrent,Accounts receivable,1Q21,826.964,ADI_SEC-XBRL-financials_as-presented_10-Q_2021-02-17_0000006281-21-000022.xlsx,Balance Sheet,"January 30, 2021",Accounts receivable,us-gaap:AccountsReceivableNetCurrent,reported,
balance_sheet,us-gaap:InventoryNet,Inventories (2),1Q21,618.64,ADI_SEC-XBRL-financials_as-presented_10-Q_2021-02-17_0000006281-21-000022.xlsx,Balance Sheet,"January 30, 2021",Inventories,us-gaap:InventoryNet,reported,
balance_sheet,us-gaap:PrepaidExpenseAndOtherAssetsCurrent,Prepaid expenses and other current assets,1Q21,131.074,ADI_SEC-XBRL-financials_as-presented_10-Q_2021-02-17_0000006281-21-000022.xlsx,Balance Sheet,"January 30, 2021",Prepaid expenses and other current assets,us-gaap:PrepaidExpenseAndOtherAssetsCurrent,reported,
balance_sheet,us-gaap:AssetsCurrent,Total current assets,1Q21,2624.741,ADI_SEC-XBRL-financials_as-presented_10-Q_2021-02-17_0000006281-21-000022.xlsx,Balance Sheet,"January 30, 2021",Total current assets,us-gaap:AssetsCurrent,reported,
balance_sheet,adi:LandAndBuildingsGross,Land and buildings,1Q21,981.717,ADI_SEC-XBRL-financials_as-presented_10-Q_2021-02-17_0000006281-21-000022.xlsx,Balance Sheet,"January 30, 2021",Land and buildings,adi:LandAndBuildingsGross,reported,
balance_sheet,us-gaap:MachineryAndEquipmentGross,Machinery and equipment,1Q21,2713.926,ADI_SEC-XBRL-financials_as-presented_10-Q_2021-02-17_0000006281-21-000022.xlsx,Balance Sheet,"January 30, 2021",Machinery and equipment,us-gaap:MachineryAndEquipmentGross,reported,
balance_sheet,us-gaap:FurnitureAndFixturesGross,Office equipment,1Q21,89.267,ADI_SEC-XBRL-financials_as-presented_10-Q_2021-02-17_0000006281-21-000022.xlsx,Balance Sheet,"January 30, 2021",Office equipment,us-gaap:FurnitureAndFixturesGross,reported,
balance_sheet,us-gaap:LeaseholdImprovementsGross,Leasehold improvements,1Q21,160.034,ADI_SEC-XBRL-financials_as-presented_10-Q_2021-02-17_0000006281-21-000022.xlsx,Balance Sheet,"January 30, 2021",Leasehold improvements,us-gaap:LeaseholdImprovementsGross,reported,
balance_sheet,us-gaap:PropertyPlantAndEquipmentGross,property plant and equipment gross property plant and equipment gross,1Q21,3944.944,ADI_SEC-XBRL-financials_as-presented_10-Q_2021-02-17_0000006281-21-000022.xlsx,Balance Sheet,"January 30, 2021",property plant and equipment gross property plant and equipment gross,us-gaap:PropertyPlantAndEquipmentGross,reported,
balance_sheet,us-gaap:AccumulatedDepreciationDepletionAndAmortizationPropertyPlantAndEquipment,Less accumulated depreciation and amortization,1Q21,2815.73,ADI_SEC-XBRL-financials_as-presented_10-Q_2021-02-17_0000006281-21-000022.xlsx,Balance Sheet,"January 30, 2021",Less accumulated depreciation and amortization,us-gaap:AccumulatedDepreciationDepletionAndAmortizationPropertyPlantAndEquipment,reported,
balance_sheet,us-gaap:PropertyPlantAndEquipmentNet,"Net property, plant and equipment",1Q21,1129.214,ADI_SEC-XBRL-financials_as-presented_10-Q_2021-02-17_0000006281-21-000022.xlsx,Balance Sheet,"January 30, 2021","Net property, plant and equipment",us-gaap:PropertyPlantAndEquipmentNet,reported,
balance_sheet,us-gaap:LongTermInvestments,Other investments,1Q21,91.72,ADI_SEC-XBRL-financials_as-presented_10-Q_2021-02-17_0000006281-21-000022.xlsx,Balance Sheet,"January 30, 2021",Other investments,us-gaap:LongTermInvestments,reported,
balance_sheet,us-gaap:Goodwill,Goodwill,1Q21,12282.751,ADI_SEC-XBRL-financials_as-presented_10-Q_2021-02-17_0000006281-21-000022.xlsx,Balance Sheet,"January 30, 2021",Goodwill,us-gaap:Goodwill,reported,
balance_sheet,us-gaap:IntangibleAssetsNetExcludingGoodwill,"Intangible assets, net",1Q21,3535.475,ADI_SEC-XBRL-financials_as-presented_10-Q_2021-02-17_0000006281-21-000022.xlsx,Balance Sheet,"January 30, 2021","Intangible assets, net",us-gaap:IntangibleAssetsNetExcludingGoodwill,reported,
balance_sheet,us-gaap:DeferredIncomeTaxAssetsNet,Deferred tax assets,1Q21,1466.489,ADI_SEC-XBRL-financials_as-presented_10-Q_2021-02-17_0000006281-21-000022.xlsx,Balance Sheet,"January 30, 2021",Deferred tax assets,us-gaap:DeferredIncomeTaxAssetsNet,reported,
balance_sheet,us-gaap:OtherAssetsMiscellaneousNoncurrent,Other assets,1Q21,309.72,ADI_SEC-XBRL-financials_as-presented_10-Q_2021-02-17_0000006281-21-000022.xlsx,Balance Sheet,"January 30, 2021",Other assets,us-gaap:OtherAssetsMiscellaneousNoncurrent,reported,
balance_sheet,us-gaap:OtherAssetsNoncurrent,Other assets,1Q21,17686.155,ADI_SEC-XBRL-financials_as-presented_10-Q_2021-02-17_0000006281-21-000022.xlsx,Balance Sheet,"January 30, 2021",Total other assets,us-gaap:OtherAssetsNoncurrent,reported,
balance_sheet,us-gaap:Assets,assets assets,1Q21,21440.11,ADI_SEC-XBRL-financials_as-presented_10-Q_2021-02-17_0000006281-21-000022.xlsx,Balance Sheet,"January 30, 2021",assets assets,us-gaap:Assets,reported,
balance_sheet,us-gaap:AccountsPayableCurrent,Accounts payable,1Q21,227.423,ADI_SEC-XBRL-financials_as-presented_10-Q_2021-02-17_0000006281-21-000022.xlsx,Balance Sheet,"January 30, 2021",Accounts payable,us-gaap:AccountsPayableCurrent,reported,
balance_sheet,us-gaap:AccruedIncomeTaxesCurrent,Income taxes payable,1Q21,148.191,ADI_SEC-XBRL-financials_as-presented_10-Q_2021-02-17_0000006281-21-000022.xlsx,Balance Sheet,"January 30, 2021",Income taxes payable,us-gaap:AccruedIncomeTaxesCurrent,reported,
balance_sheet,us-gaap:DebtCurrent,"Debt, current",1Q21,399.22,ADI_SEC-XBRL-financials_as-presented_10-Q_2021-02-17_0000006281-21-000022.xlsx,Balance Sheet,"January 30, 2021","Debt, current",us-gaap:DebtCurrent,reported,
balance_sheet,us-gaap:AccruedLiabilitiesCurrent,Accrued liabilities,1Q21,901.923,ADI_SEC-XBRL-financials_as-presented_10-Q_2021-02-17_0000006281-21-000022.xlsx,Balance Sheet,"January 30, 2021",Accrued liabilities,us-gaap:AccruedLiabilitiesCurrent,reported,
balance_sheet,us-gaap:LiabilitiesCurrent,Total current liabilities,1Q21,1676.757,ADI_SEC-XBRL-financials_as-presented_10-Q_2021-02-17_0000006281-21-000022.xlsx,Balance Sheet,"January 30, 2021",Total current liabilities,us-gaap:LiabilitiesCurrent,reported,
balance_sheet,us-gaap:UnsecuredLongTermDebt,Long-term debt,1Q21,4747.347,ADI_SEC-XBRL-financials_as-presented_10-Q_2021-02-17_0000006281-21-000022.xlsx,Balance Sheet,"January 30, 2021",Long-term debt,us-gaap:UnsecuredLongTermDebt,reported,
balance_sheet,us-gaap:DeferredIncomeTaxLiabilitiesNet,Deferred income taxes,1Q21,1862.068,ADI_SEC-XBRL-financials_as-presented_10-Q_2021-02-17_0000006281-21-000022.xlsx,Balance Sheet,"January 30, 2021",Deferred income taxes,us-gaap:DeferredIncomeTaxLiabilitiesNet,reported,
balance_sheet,adi:TaxesPayableNoncurrent,Income taxes payable,1Q21,592.281,ADI_SEC-XBRL-financials_as-presented_10-Q_2021-02-17_0000006281-21-000022.xlsx,Balance Sheet,"January 30, 2021",Income taxes payable,adi:TaxesPayableNoncurrent,reported,
balance_sheet,us-gaap:OtherLiabilitiesNoncurrent,Other non-current liabilities,1Q21,473.911,ADI_SEC-XBRL-financials_as-presented_10-Q_2021-02-17_0000006281-21-000022.xlsx,Balance Sheet,"January 30, 2021",Other non-current liabilities,us-gaap:OtherLiabilitiesNoncurrent,reported,
balance_sheet,us-gaap:LiabilitiesNoncurrent,Total non-current liabilities,1Q21,7675.607,ADI_SEC-XBRL-financials_as-presented_10-Q_2021-02-17_0000006281-21-000022.xlsx,Balance Sheet,"January 30, 2021",Total non-current liabilities,us-gaap:LiabilitiesNoncurrent,reported,
balance_sheet,us-gaap:CommonStockParOrStatedValuePerShare,"Common stock, 0.16 2/3 par value, 1,200,000,000 shares authorized, 368,220,091 shares outstanding (368,302,369 on November 2, 2019)",1Q21,61.484,ADI_SEC-XBRL-financials_as-presented_10-Q_2021-02-17_0000006281-21-000022.xlsx,Balance Sheet,"January 30, 2021","Common stock, 0.16 2/3 par value, 1,200,000,000 shares authorized, 368,893,742 shares outstanding (369,484,899 on October 31, 2020)",us-gaap:CommonStockParOrStatedValuePerShare,reported,
balance_sheet,us-gaap:AdditionalPaidInCapitalCommonStock,Capital in excess of par value,1Q21,4849.185,ADI_SEC-XBRL-financials_as-presented_10-Q_2021-02-17_0000006281-21-000022.xlsx,Balance Sheet,"January 30, 2021",Capital in excess of par value,us-gaap:AdditionalPaidInCapitalCommonStock,reported,
balance_sheet,us-gaap:RetainedEarningsAccumulatedDeficit,Retained earnings,1Q21,7395.578,ADI_SEC-XBRL-financials_as-presented_10-Q_2021-02-17_0000006281-21-000022.xlsx,Balance Sheet,"January 30, 2021",Retained earnings,us-gaap:RetainedEarningsAccumulatedDeficit,reported,
balance_sheet,us-gaap:AccumulatedOtherComprehensiveIncomeLossNetOfTax,Accumulated other comprehensive loss,1Q21,-218.501,ADI_SEC-XBRL-financials_as-presented_10-Q_2021-02-17_0000006281-21-000022.xlsx,Balance Sheet,"January 30, 2021",Accumulated other comprehensive loss,us-gaap:AccumulatedOtherComprehensiveIncomeLossNetOfTax,reported,
balance_sheet,us-gaap:StockholdersEquity,Total shareholders’ equity,1Q21,12087.746,ADI_SEC-XBRL-financials_as-presented_10-Q_2021-02-17_0000006281-21-000022.xlsx,Balance Sheet,"January 30, 2021",Total shareholders’ equity,us-gaap:StockholdersEquity,reported,
balance_sheet,us-gaap:LiabilitiesAndStockholdersEquity,liabilities and stockholders equity liabilities and stockholders equity,1Q21,21440.11,ADI_SEC-XBRL-financials_as-presented_10-Q_2021-02-17_0000006281-21-000022.xlsx,Balance Sheet,"January 30, 2021",liabilities and stockholders equity liabilities and stockholders equity,us-gaap:LiabilitiesAndStockholdersEquity,reported,
cash_flow,us-gaap:NetIncomeLoss,Net income,1Q21,388.519,ADI_SEC-XBRL-financials_as-presented_10-Q_2021-02-17_0000006281-21-000022.xlsx,Cash Flow,"Three Months Ended January 30, 2021",Net income,us-gaap:NetIncomeLoss,reported,
cash_flow,us-gaap:Depreciation,Depreciation,1Q21,56.309,ADI_SEC-XBRL-financials_as-presented_10-Q_2021-02-17_0000006281-21-000022.xlsx,Cash Flow,"Three Months Ended January 30, 2021",Depreciation,us-gaap:Depreciation,reported,
cash_flow,us-gaap:AmortizationOfIntangibleAssets,Amortization of intangibles,1Q21,145.044,ADI_SEC-XBRL-financials_as-presented_10-Q_2021-02-17_0000006281-21-000022.xlsx,Cash Flow,"Three Months Ended January 30, 2021",Amortization of intangibles,us-gaap:AmortizationOfIntangibleAssets,reported,
cash_flow,us-gaap:ShareBasedCompensation,Stock-based compensation expense,1Q21,36.638,ADI_SEC-XBRL-financials_as-presented_10-Q_2021-02-17_0000006281-21-000022.xlsx,Cash Flow,"Three Months Ended January 30, 2021",Stock-based compensation expense,us-gaap:ShareBasedCompensation,reported,
cash_flow,us-gaap:DeferredIncomeTaxExpenseBenefit,Deferred income taxes,1Q21,-27.275,ADI_SEC-XBRL-financials_as-presented_10-Q_2021-02-17_0000006281-21-000022.xlsx,Cash Flow,"Three Months Ended January 30, 2021",Deferred income taxes,us-gaap:DeferredIncomeTaxExpenseBenefit,reported,
cash_flow,us-gaap:OtherNoncashIncomeExpense,Other non-cash activity,1Q21,-14.553,ADI_SEC-XBRL-financials_as-presented_10-Q_2021-02-17_0000006281-21-000022.xlsx,Cash Flow,"Three Months Ended January 30, 2021",Other non-cash activity,us-gaap:OtherNoncashIncomeExpense,reported,
cash_flow,us-gaap:IncreaseDecreaseInOperatingCapital,Changes in operating assets and liabilities,1Q21,-156.741,ADI_SEC-XBRL-financials_as-presented_10-Q_2021-02-17_0000006281-21-000022.xlsx,Cash Flow,"Three Months Ended January 30, 2021",Changes in operating assets and liabilities,us-gaap:IncreaseDecreaseInOperatingCapital,reported,
cash_flow,us-gaap:AdjustmentsToReconcileNetIncomeLossToCashProvidedByUsedInOperatingActivities,Total adjustments,1Q21,39.422,ADI_SEC-XBRL-financials_as-presented_10-Q_2021-02-17_0000006281-21-000022.xlsx,Cash Flow,"Three Months Ended January 30, 2021",Total adjustments,us-gaap:AdjustmentsToReconcileNetIncomeLossToCashProvidedByUsedInOperatingActivities,reported,
cash_flow,us-gaap:NetCashProvidedByUsedInOperatingActivities,Net cash provided by operating activities,1Q21,427.941,ADI_SEC-XBRL-financials_as-presented_10-Q_2021-02-17_0000006281-21-000022.xlsx,Cash Flow,"Three Months Ended January 30, 2021",Net cash provided by operating activities,us-gaap:NetCashProvidedByUsedInOperatingActivities,reported,
cash_flow,us-gaap:PaymentsForProceedsFromOtherInvestingActivities,Changes in other assets,1Q21,18.566,ADI_SEC-XBRL-financials_as-presented_10-Q_2021-02-17_0000006281-21-000022.xlsx,Cash Flow,"Three Months Ended January 30, 2021",Proceeds from other investments,us-gaap:PaymentsForProceedsFromOtherInvestingActivities,reported,
cash_flow,us-gaap:PaymentsToAcquirePropertyPlantAndEquipment,"Additions to property, plant and equipment",1Q21,-67.388,ADI_SEC-XBRL-financials_as-presented_10-Q_2021-02-17_0000006281-21-000022.xlsx,Cash Flow,"Three Months Ended January 30, 2021","Additions to property, plant and equipment",us-gaap:PaymentsToAcquirePropertyPlantAndEquipment,reported,
cash_flow,adi:PaymentsForAssetAcquisition,Cash paid for asset acquisition,1Q21,-22.522,ADI_SEC-XBRL-financials_as-presented_10-Q_2021-02-17_0000006281-21-000022.xlsx,Cash Flow,"Three Months Ended January 30, 2021",Cash paid for asset acquisition,adi:PaymentsForAssetAcquisition,reported,
cash_flow,us-gaap:PaymentsToAcquireBusinessesNetOfCashAcquired,"Payments for acquisitions, net of cash acquired",1Q21,-2.428,ADI_SEC-XBRL-financials_as-presented_10-Q_2021-02-17_0000006281-21-000022.xlsx,Cash Flow,"Three Months Ended January 30, 2021","Payments for acquisitions, net of cash acquired",us-gaap:PaymentsToAcquireBusinessesNetOfCashAcquired,reported,
cash_flow,adi:IncreaseDecreaseInOtherAssetsInvesting,Changes in other assets,1Q21,-1.299,ADI_SEC-XBRL-financials_as-presented_10-Q_2021-02-17_0000006281-21-000022.xlsx,Cash Flow,"Three Months Ended January 30, 2021",Changes in other assets,adi:IncreaseDecreaseInOtherAssetsInvesting,reported,
cash_flow,us-gaap:NetCashProvidedByUsedInInvestingActivities,Net cash used for investing activities,1Q21,-75.071,ADI_SEC-XBRL-financials_as-presented_10-Q_2021-02-17_0000006281-21-000022.xlsx,Cash Flow,"Three Months Ended January 30, 2021",Net cash used for investing activities,us-gaap:NetCashProvidedByUsedInInvestingActivities,reported,
cash_flow,us-gaap:PaymentsOfDividendsCommonStock,Dividend payments to shareholders,1Q21,-229.179,ADI_SEC-XBRL-financials_as-presented_10-Q_2021-02-17_0000006281-21-000022.xlsx,Cash Flow,"Three Months Ended January 30, 2021",Dividend payments to shareholders,us-gaap:PaymentsOfDividendsCommonStock,reported,
cash_flow,us-gaap:PaymentsForRepurchaseOfCommonStock,Repurchase of common stock,1Q21,-157.057,ADI_SEC-XBRL-financials_as-presented_10-Q_2021-02-17_0000006281-21-000022.xlsx,Cash Flow,"Three Months Ended January 30, 2021",Repurchase of common stock,us-gaap:PaymentsForRepurchaseOfCommonStock,reported,
cash_flow,us-gaap:ProceedsFromStockPlans,Proceeds from employee stock plans,1Q21,19.92,ADI_SEC-XBRL-financials_as-presented_10-Q_2021-02-17_0000006281-21-000022.xlsx,Cash Flow,"Three Months Ended January 30, 2021",Proceeds from employee stock plans,us-gaap:ProceedsFromStockPlans,reported,
cash_flow,us-gaap:ProceedsFromPaymentsForOtherFinancingActivities,Changes in other financing activities,1Q21,2.493,ADI_SEC-XBRL-financials_as-presented_10-Q_2021-02-17_0000006281-21-000022.xlsx,Cash Flow,"Three Months Ended January 30, 2021",Changes in other financing activities,us-gaap:ProceedsFromPaymentsForOtherFinancingActivities,reported,
cash_flow,us-gaap:NetCashProvidedByUsedInFinancingActivities,Net cash used for financing activities,1Q21,-363.823,ADI_SEC-XBRL-financials_as-presented_10-Q_2021-02-17_0000006281-21-000022.xlsx,Cash Flow,"Three Months Ended January 30, 2021",Net cash used for financing activities,us-gaap:NetCashProvidedByUsedInFinancingActivities,reported,
cash_flow,us-gaap:EffectOfExchangeRateOnCashCashEquivalentsRestrictedCashAndRestrictedCashEquivalents,Effect of exchange rate changes on cash,1Q21,3.156,ADI_SEC-XBRL-financials_as-presented_10-Q_2021-02-17_0000006281-21-000022.xlsx,Cash Flow,"Three Months Ended January 30, 2021",Effect of exchange rate changes on cash,us-gaap:EffectOfExchangeRateOnCashCashEquivalentsRestrictedCashAndRestrictedCashEquivalents,reported,
cash_flow,us-gaap:CashCashEquivalentsRestrictedCashAndRestrictedCashEquivalentsPeriodIncreaseDecreaseIncludingExchangeRateEffect,Net decrease in cash and cash equivalents,1Q21,-7.797,ADI_SEC-XBRL-financials_as-presented_10-Q_2021-02-17_0000006281-21-000022.xlsx,Cash Flow,"Three Months Ended January 30, 2021",Net (decrease) increase in cash and cash equivalents,us-gaap:CashCashEquivalentsRestrictedCashAndRestrictedCashEquivalentsPeriodIncreaseDecreaseIncludingExchangeRateEffect,reported,
cash_flow,us-gaap:CashCashEquivalentsRestrictedCashAndRestrictedCashEquivalents,Cash and cash equivalents at beginning of period,1Q21,1055.86,ADI_SEC-XBRL-financials_as-presented_10-Q_2021-02-17_0000006281-21-000022.xlsx,Cash Flow,"Three Months Ended January 30, 2021",Cash and cash equivalents at beginning of period,us-gaap:CashCashEquivalentsRestrictedCashAndRestrictedCashEquivalents,reported,
income_statement,us-gaap:RevenueFromContractWithCustomerExcludingAssessedTax,Revenue,2Q21,1661.407,ADI_SEC-XBRL-financials_as-presented_10-Q_2021-05-19_0000006281-21-000169.xlsx,Income Statement,"Three Months Ended May 1, 2021",Revenue,us-gaap:RevenueFromContractWithCustomerExcludingAssessedTax,reported,
income_statement,us-gaap:RevenueFromContractWithCustomerExcludingAssessedTax,Revenue,6M21,3219.865,ADI_SEC-XBRL-financials_as-presented_10-Q_2021-05-19_0000006281-21-000169.xlsx,Income Statement,"Six Months Ended May 1, 2021",Revenue,us-gaap:RevenueFromContractWithCustomerExcludingAssessedTax,reported,
income_statement,us-gaap:CostOfGoodsAndServicesSold,Cost of sales,2Q21,524.77,ADI_SEC-XBRL-financials_as-presented_10-Q_2021-05-19_0000006281-21-000169.xlsx,Income Statement,"Three Months Ended May 1, 2021",Cost of sales,us-gaap:CostOfRevenue,reported,
income_statement,us-gaap:CostOfGoodsAndServicesSold,Cost of sales,6M21,1037.857,ADI_SEC-XBRL-financials_as-presented_10-Q_2021-05-19_0000006281-21-000169.xlsx,Income Statement,"Six Months Ended May 1, 2021",Cost of sales,us-gaap:CostOfRevenue,reported,
income_statement,us-gaap:GrossProfit,Gross margin,2Q21,1136.637,ADI_SEC-XBRL-financials_as-presented_10-Q_2021-05-19_0000006281-21-000169.xlsx,Income Statement,"Three Months Ended May 1, 2021",Gross margin,us-gaap:GrossProfit,reported,
income_statement,us-gaap:GrossProfit,Gross margin,6M21,2182.008,ADI_SEC-XBRL-financials_as-presented_10-Q_2021-05-19_0000006281-21-000169.xlsx,Income Statement,"Six Months Ended May 1, 2021",Gross margin,us-gaap:GrossProfit,reported,
income_statement,us-gaap:ResearchAndDevelopmentExpense,Research and development,2Q21,302.238,ADI_SEC-XBRL-financials_as-presented_10-Q_2021-05-19_0000006281-21-000169.xlsx,Income Statement,"Three Months Ended May 1, 2021",Research and development,us-gaap:ResearchAndDevelopmentExpense,reported,
income_statement,us-gaap:ResearchAndDevelopmentExpense,Research and development,6M21,590.388,ADI_SEC-XBRL-financials_as-presented_10-Q_2021-05-19_0000006281-21-000169.xlsx,Income Statement,"Six Months Ended May 1, 2021",Research and development,us-gaap:ResearchAndDevelopmentExpense,reported,
income_statement,us-gaap:SellingGeneralAndAdministrativeExpense,"Selling, marketing, general and administrative",2Q21,206.612,ADI_SEC-XBRL-financials_as-presented_10-Q_2021-05-19_0000006281-21-000169.xlsx,Income Statement,"Three Months Ended May 1, 2021","Selling, marketing, general and administrative",us-gaap:SellingGeneralAndAdministrativeExpense,reported,
income_statement,us-gaap:SellingGeneralAndAdministrativeExpense,"Selling, marketing, general and administrative",6M21,391.887,ADI_SEC-XBRL-financials_as-presented_10-Q_2021-05-19_0000006281-21-000169.xlsx,Income Statement,"Six Months Ended May 1, 2021","Selling, marketing, general and administrative",us-gaap:SellingGeneralAndAdministrativeExpense,reported,
income_statement,adi:AmortizationofintangibleAssetsOperatingExpenses,Amortization of intangibles,2Q21,107.786,ADI_SEC-XBRL-financials_as-presented_10-Q_2021-05-19_0000006281-21-000169.xlsx,Income Statement,"Three Months Ended May 1, 2021",Amortization of intangibles,adi:Operatingexpensesamortizationofintangibles,reported,
income_statement,adi:AmortizationofintangibleAssetsOperatingExpenses,Amortization of intangibles,6M21,215.434,ADI_SEC-XBRL-financials_as-presented_10-Q_2021-05-19_0000006281-21-000169.xlsx,Income Statement,"Six Months Ended May 1, 2021",Amortization of intangibles,adi:Operatingexpensesamortizationofintangibles,reported,
income_statement,us-gaap:RestructuringCharges,Special charges,2Q21,0.311,ADI_SEC-XBRL-financials_as-presented_10-Q_2021-05-19_0000006281-21-000169.xlsx,Income Statement,"Three Months Ended May 1, 2021",Special charges,us-gaap:RestructuringCharges,reported,
income_statement,us-gaap:RestructuringCharges,Special charges,6M21,0.749,ADI_SEC-XBRL-financials_as-presented_10-Q_2021-05-19_0000006281-21-000169.xlsx,Income Statement,"Six Months Ended May 1, 2021",Special charges,us-gaap:RestructuringCharges,reported,
income_statement,us-gaap:OperatingExpenses,operating expenses operating expenses operating expenses operating expenses,2Q21,616.947,ADI_SEC-XBRL-financials_as-presented_10-Q_2021-05-19_0000006281-21-000169.xlsx,Income Statement,"Three Months Ended May 1, 2021",operating expenses operating expenses operating expenses operating expenses,us-gaap:OperatingExpenses,reported,
income_statement,us-gaap:OperatingExpenses,operating expenses operating expenses operating expenses operating expenses,6M21,1198.458,ADI_SEC-XBRL-financials_as-presented_10-Q_2021-05-19_0000006281-21-000169.xlsx,Income Statement,"Six Months Ended May 1, 2021",operating expenses operating expenses operating expenses operating expenses,us-gaap:OperatingExpenses,reported,
income_statement,us-gaap:OperatingIncomeLoss,Operating income,2Q21,519.69,ADI_SEC-XBRL-financials_as-presented_10-Q_2021-05-19_0000006281-21-000169.xlsx,Income Statement,"Three Months Ended May 1, 2021",Operating income:,us-gaap:OperatingIncomeLoss,reported,
income_statement,us-gaap:OperatingIncomeLoss,Operating income,6M21,983.55,ADI_SEC-XBRL-financials_as-presented_10-Q_2021-05-19_0000006281-21-000169.xlsx,Income Statement,"Six Months Ended May 1, 2021",Operating income:,us-gaap:OperatingIncomeLoss,reported,
income_statement,us-gaap:InterestExpense,Interest expense,2Q21,43.066,ADI_SEC-XBRL-financials_as-presented_10-Q_2021-05-19_0000006281-21-000169.xlsx,Income Statement,"Three Months Ended May 1, 2021",Interest expense,us-gaap:InterestExpense,reported,
income_statement,us-gaap:InterestExpense,Interest expense,6M21,85.545,ADI_SEC-XBRL-financials_as-presented_10-Q_2021-05-19_0000006281-21-000169.xlsx,Income Statement,"Six Months Ended May 1, 2021",Interest expense,us-gaap:InterestExpense,reported,
income_statement,us-gaap:InvestmentIncomeInterest,Interest income,2Q21,-0.29,ADI_SEC-XBRL-financials_as-presented_10-Q_2021-05-19_0000006281-21-000169.xlsx,Income Statement,"Three Months Ended May 1, 2021",Interest income,us-gaap:InvestmentIncomeInterest,reported,
income_statement,us-gaap:InvestmentIncomeInterest,Interest income,6M21,-0.499,ADI_SEC-XBRL-financials_as-presented_10-Q_2021-05-19_0000006281-21-000169.xlsx,Income Statement,"Six Months Ended May 1, 2021",Interest income,us-gaap:InvestmentIncomeInterest,reported,
income_statement,us-gaap:OtherNonoperatingIncomeExpense,"Other, net",2Q21,0.929,ADI_SEC-XBRL-financials_as-presented_10-Q_2021-05-19_0000006281-21-000169.xlsx,Income Statement,"Three Months Ended May 1, 2021","Other, net",us-gaap:OtherNonoperatingIncomeExpense,reported,
income_statement,us-gaap:OtherNonoperatingIncomeExpense,"Other, net",6M21,-14.099,ADI_SEC-XBRL-financials_as-presented_10-Q_2021-05-19_0000006281-21-000169.xlsx,Income Statement,"Six Months Ended May 1, 2021","Other, net",us-gaap:OtherNonoperatingIncomeExpense,reported,
income_statement,us-gaap:NonoperatingIncomeExpense,nonoperating income expense nonoperating income expense nonoperating income expense nonoperating income expense,2Q21,43.705,ADI_SEC-XBRL-financials_as-presented_10-Q_2021-05-19_0000006281-21-000169.xlsx,Income Statement,"Three Months Ended May 1, 2021",nonoperating income expense nonoperating income expense nonoperating income expense nonoperating income expense,us-gaap:NonoperatingIncomeExpense,reported,
income_statement,us-gaap:NonoperatingIncomeExpense,nonoperating income expense nonoperating income expense nonoperating income expense nonoperating income expense,6M21,70.947,ADI_SEC-XBRL-financials_as-presented_10-Q_2021-05-19_0000006281-21-000169.xlsx,Income Statement,"Six Months Ended May 1, 2021",nonoperating income expense nonoperating income expense nonoperating income expense nonoperating income expense,us-gaap:NonoperatingIncomeExpense,reported,
income_statement,us-gaap:IncomeLossFromContinuingOperationsBeforeIncomeTaxesMinorityInterestAndIncomeLossFromEquityMethodInvestments,Income before income taxes,2Q21,475.985,ADI_SEC-XBRL-financials_as-presented_10-Q_2021-05-19_0000006281-21-000169.xlsx,Income Statement,"Three Months Ended May 1, 2021",Income before income taxes,us-gaap:IncomeLossFromContinuingOperationsBeforeIncomeTaxesMinorityInterestAndIncomeLossFromEquityMethodInvestments,reported,
income_statement,us-gaap:IncomeLossFromContinuingOperationsBeforeIncomeTaxesMinorityInterestAndIncomeLossFromEquityMethodInvestments,Income before income taxes,6M21,912.603,ADI_SEC-XBRL-financials_as-presented_10-Q_2021-05-19_0000006281-21-000169.xlsx,Income Statement,"Six Months Ended May 1, 2021",Income before income taxes,us-gaap:IncomeLossFromContinuingOperationsBeforeIncomeTaxesMinorityInterestAndIncomeLossFromEquityMethodInvestments,reported,
income_statement,us-gaap:IncomeTaxExpenseBenefit,Provision for income taxes,2Q21,53.08,ADI_SEC-XBRL-financials_as-presented_10-Q_2021-05-19_0000006281-21-000169.xlsx,Income Statement,"Three Months Ended May 1, 2021",Provision for income taxes,us-gaap:IncomeTaxExpenseBenefit,reported,
income_statement,us-gaap:IncomeTaxExpenseBenefit,Provision for income taxes,6M21,101.179,ADI_SEC-XBRL-financials_as-presented_10-Q_2021-05-19_0000006281-21-000169.xlsx,Income Statement,"Six Months Ended May 1, 2021",Provision for income taxes,us-gaap:IncomeTaxExpenseBenefit,reported,
income_statement,us-gaap:NetIncomeLoss,Net income,2Q21,422.905,ADI_SEC-XBRL-financials_as-presented_10-Q_2021-05-19_0000006281-21-000169.xlsx,Income Statement,"Three Months Ended May 1, 2021",Net income,us-gaap:NetIncomeLoss,reported,
income_statement,us-gaap:NetIncomeLoss,Net income,6M21,811.424,ADI_SEC-XBRL-financials_as-presented_10-Q_2021-05-19_0000006281-21-000169.xlsx,Income Statement,"Six Months Ended May 1, 2021",Net income,us-gaap:NetIncomeLoss,reported,
income_statement,us-gaap:WeightedAverageNumberOfSharesOutstandingBasic,Shares used to compute earnings per common share – basic,2Q21,368.823,ADI_SEC-XBRL-financials_as-presented_10-Q_2021-05-19_0000006281-21-000169.xlsx,Income Statement,"Three Months Ended May 1, 2021",Shares used to compute earnings per common share – basic,us-gaap:WeightedAverageNumberOfSharesOutstandingBasic,reported,
income_statement,us-gaap:WeightedAverageNumberOfSharesOutstandingBasic,Shares used to compute earnings per common share – basic,6M21,369.013,ADI_SEC-XBRL-financials_as-presented_10-Q_2021-05-19_0000006281-21-000169.xlsx,Income Statement,"Six Months Ended May 1, 2021",Shares used to compute earnings per common share – basic,us-gaap:WeightedAverageNumberOfSharesOutstandingBasic,reported,
income_statement,us-gaap:WeightedAverageNumberOfDilutedSharesOutstanding,Shares used to compute earnings per common share – diluted,2Q21,372.418,ADI_SEC-XBRL-financials_as-presented_10-Q_2021-05-19_0000006281-21-000169.xlsx,Income Statement,"Three Months Ended May 1, 2021",Shares used to compute earnings per common share – diluted,us-gaap:WeightedAverageNumberOfDilutedSharesOutstanding,reported,
income_statement,us-gaap:WeightedAverageNumberOfDilutedSharesOutstanding,Shares used to compute earnings per common share – diluted,6M21,372.762,ADI_SEC-XBRL-financials_as-presented_10-Q_2021-05-19_0000006281-21-000169.xlsx,Income Statement,"Six Months Ended May 1, 2021",Shares used to compute earnings per common share – diluted,us-gaap:WeightedAverageNumberOfDilutedSharesOutstanding,reported,
income_statement,us-gaap:IncomeLossFromContinuingOperationsPerBasicShare,Basic earnings per common share,2Q21,1.15,ADI_SEC-XBRL-financials_as-presented_10-Q_2021-05-19_0000006281-21-000169.xlsx,Income Statement,"Three Months Ended May 1, 2021",Basic earnings per common share,us-gaap:EarningsPerShareBasic,reported,
income_statement,us-gaap:IncomeLossFromContinuingOperationsPerBasicShare,Basic earnings per common share,6M21,2.2,ADI_SEC-XBRL-financials_as-presented_10-Q_2021-05-19_0000006281-21-000169.xlsx,Income Statement,"Six Months Ended May 1, 2021",Basic earnings per common share,us-gaap:EarningsPerShareBasic,reported,
income_statement,us-gaap:IncomeLossFromContinuingOperationsPerDilutedShare,Diluted earnings per common share,2Q21,1.14,ADI_SEC-XBRL-financials_as-presented_10-Q_2021-05-19_0000006281-21-000169.xlsx,Income Statement,"Three Months Ended May 1, 2021",Diluted earnings per common share,us-gaap:EarningsPerShareDiluted,reported,
income_statement,us-gaap:IncomeLossFromContinuingOperationsPerDilutedShare,Diluted earnings per common share,6M21,2.18,ADI_SEC-XBRL-financials_as-presented_10-Q_2021-05-19_0000006281-21-000169.xlsx,Income Statement,"Six Months Ended May 1, 2021",Diluted earnings per common share,us-gaap:EarningsPerShareDiluted,reported,
balance_sheet,us-gaap:CashAndCashEquivalentsAtCarryingValue,Cash and cash equivalents,2Q21,1305.216,ADI_SEC-XBRL-financials_as-presented_10-Q_2021-05-19_0000006281-21-000169.xlsx,Balance Sheet,"May 1, 2021",Cash and cash equivalents,us-gaap:CashAndCashEquivalentsAtCarryingValue,reported,
balance_sheet,us-gaap:AccountsReceivableNetCurrent,Accounts receivable,2Q21,814.135,ADI_SEC-XBRL-financials_as-presented_10-Q_2021-05-19_0000006281-21-000169.xlsx,Balance Sheet,"May 1, 2021",Accounts receivable,us-gaap:AccountsReceivableNetCurrent,reported,
balance_sheet,us-gaap:InventoryNet,Inventories (2),2Q21,641.202,ADI_SEC-XBRL-financials_as-presented_10-Q_2021-05-19_0000006281-21-000169.xlsx,Balance Sheet,"May 1, 2021",Inventories,us-gaap:InventoryNet,reported,
balance_sheet,us-gaap:PrepaidExpenseAndOtherAssetsCurrent,Prepaid expenses and other current assets,2Q21,142.247,ADI_SEC-XBRL-financials_as-presented_10-Q_2021-05-19_0000006281-21-000169.xlsx,Balance Sheet,"May 1, 2021",Prepaid expenses and other current assets,us-gaap:PrepaidExpenseAndOtherAssetsCurrent,reported,
balance_sheet,us-gaap:AssetsCurrent,Total current assets,2Q21,2902.8,ADI_SEC-XBRL-financials_as-presented_10-Q_2021-05-19_0000006281-21-000169.xlsx,Balance Sheet,"May 1, 2021",Total current assets,us-gaap:AssetsCurrent,reported,
balance_sheet,adi:LandAndBuildingsGross,Land and buildings,2Q21,984.879,ADI_SEC-XBRL-financials_as-presented_10-Q_2021-05-19_0000006281-21-000169.xlsx,Balance Sheet,"May 1, 2021",Land and buildings,adi:LandAndBuildingsGross,reported,
balance_sheet,us-gaap:MachineryAndEquipmentGross,Machinery and equipment,2Q21,2779.023,ADI_SEC-XBRL-financials_as-presented_10-Q_2021-05-19_0000006281-21-000169.xlsx,Balance Sheet,"May 1, 2021",Machinery and equipment,us-gaap:MachineryAndEquipmentGross,reported,
balance_sheet,us-gaap:FurnitureAndFixturesGross,Office equipment,2Q21,89.381,ADI_SEC-XBRL-financials_as-presented_10-Q_2021-05-19_0000006281-21-000169.xlsx,Balance Sheet,"May 1, 2021",Office equipment,us-gaap:FurnitureAndFixturesGross,reported,
balance_sheet,us-gaap:LeaseholdImprovementsGross,Leasehold improvements,2Q21,161.132,ADI_SEC-XBRL-financials_as-presented_10-Q_2021-05-19_0000006281-21-000169.xlsx,Balance Sheet,"May 1, 2021",Leasehold improvements,us-gaap:LeaseholdImprovementsGross,reported,
balance_sheet,us-gaap:PropertyPlantAndEquipmentGross,property plant and equipment gross property plant and equipment gross,2Q21,4014.415,ADI_SEC-XBRL-financials_as-presented_10-Q_2021-05-19_0000006281-21-000169.xlsx,Balance Sheet,"May 1, 2021",property plant and equipment gross property plant and equipment gross,us-gaap:PropertyPlantAndEquipmentGross,reported,
balance_sheet,us-gaap:AccumulatedDepreciationDepletionAndAmortizationPropertyPlantAndEquipment,Less accumulated depreciation and amortization,2Q21,2853.829,ADI_SEC-XBRL-financials_as-presented_10-Q_2021-05-19_0000006281-21-000169.xlsx,Balance Sheet,"May 1, 2021",Less accumulated depreciation and amortization,us-gaap:AccumulatedDepreciationDepletionAndAmortizationPropertyPlantAndEquipment,reported,
balance_sheet,us-gaap:PropertyPlantAndEquipmentNet,"Net property, plant and equipment",2Q21,1160.586,ADI_SEC-XBRL-financials_as-presented_10-Q_2021-05-19_0000006281-21-000169.xlsx,Balance Sheet,"May 1, 2021","Net property, plant and equipment",us-gaap:PropertyPlantAndEquipmentNet,reported,
balance_sheet,us-gaap:LongTermInvestments,Other investments,2Q21,94.033,ADI_SEC-XBRL-financials_as-presented_10-Q_2021-05-19_0000006281-21-000169.xlsx,Balance Sheet,"May 1, 2021",Other investments,us-gaap:LongTermInvestments,reported,
balance_sheet,us-gaap:Goodwill,Goodwill,2Q21,12282.465,ADI_SEC-XBRL-financials_as-presented_10-Q_2021-05-19_0000006281-21-000169.xlsx,Balance Sheet,"May 1, 2021",Goodwill,us-gaap:Goodwill,reported,
balance_sheet,us-gaap:IntangibleAssetsNetExcludingGoodwill,"Intangible assets, net",2Q21,3393.546,ADI_SEC-XBRL-financials_as-presented_10-Q_2021-05-19_0000006281-21-000169.xlsx,Balance Sheet,"May 1, 2021","Intangible assets, net",us-gaap:IntangibleAssetsNetExcludingGoodwill,reported,
balance_sheet,us-gaap:DeferredIncomeTaxAssetsNet,Deferred tax assets,2Q21,1448.018,ADI_SEC-XBRL-financials_as-presented_10-Q_2021-05-19_0000006281-21-000169.xlsx,Balance Sheet,"May 1, 2021",Deferred tax assets,us-gaap:DeferredIncomeTaxAssetsNet,reported,
balance_sheet,us-gaap:OtherAssetsMiscellaneousNoncurrent,Other assets,2Q21,306.769,ADI_SEC-XBRL-financials_as-presented_10-Q_2021-05-19_0000006281-21-000169.xlsx,Balance Sheet,"May 1, 2021",Other assets,us-gaap:OtherAssetsMiscellaneousNoncurrent,reported,
balance_sheet,us-gaap:OtherAssetsNoncurrent,Other assets,2Q21,17524.831,ADI_SEC-XBRL-financials_as-presented_10-Q_2021-05-19_0000006281-21-000169.xlsx,Balance Sheet,"May 1, 2021",Total other assets,us-gaap:OtherAssetsNoncurrent,reported,
balance_sheet,us-gaap:Assets,assets assets,2Q21,21588.217,ADI_SEC-XBRL-financials_as-presented_10-Q_2021-05-19_0000006281-21-000169.xlsx,Balance Sheet,"May 1, 2021",assets assets,us-gaap:Assets,reported,
balance_sheet,us-gaap:AccountsPayableCurrent,Accounts payable,2Q21,279.222,ADI_SEC-XBRL-financials_as-presented_10-Q_2021-05-19_0000006281-21-000169.xlsx,Balance Sheet,"May 1, 2021",Accounts payable,us-gaap:AccountsPayableCurrent,reported,
balance_sheet,us-gaap:AccruedIncomeTaxesCurrent,Income taxes payable,2Q21,171.181,ADI_SEC-XBRL-financials_as-presented_10-Q_2021-05-19_0000006281-21-000169.xlsx,Balance Sheet,"May 1, 2021",Income taxes payable,us-gaap:AccruedIncomeTaxesCurrent,reported,
balance_sheet,us-gaap:DebtCurrent,"Debt, current",2Q21,1324.451,ADI_SEC-XBRL-financials_as-presented_10-Q_2021-05-19_0000006281-21-000169.xlsx,Balance Sheet,"May 1, 2021","Debt, current",us-gaap:DebtCurrent,reported,
balance_sheet,us-gaap:AccruedLiabilitiesCurrent,Accrued liabilities,2Q21,1001.975,ADI_SEC-XBRL-financials_as-presented_10-Q_2021-05-19_0000006281-21-000169.xlsx,Balance Sheet,"May 1, 2021",Accrued liabilities,us-gaap:AccruedLiabilitiesCurrent,reported,
balance_sheet,us-gaap:LiabilitiesCurrent,Total current liabilities,2Q21,2776.829,ADI_SEC-XBRL-financials_as-presented_10-Q_2021-05-19_0000006281-21-000169.xlsx,Balance Sheet,"May 1, 2021",Total current liabilities,us-gaap:LiabilitiesCurrent,reported,
balance_sheet,us-gaap:UnsecuredLongTermDebt,Long-term debt,2Q21,3823.595,ADI_SEC-XBRL-financials_as-presented_10-Q_2021-05-19_0000006281-21-000169.xlsx,Balance Sheet,"May 1, 2021",Long-term debt,us-gaap:UnsecuredLongTermDebt,reported,
balance_sheet,us-gaap:DeferredIncomeTaxLiabilitiesNet,Deferred income taxes,2Q21,1833.52,ADI_SEC-XBRL-financials_as-presented_10-Q_2021-05-19_0000006281-21-000169.xlsx,Balance Sheet,"May 1, 2021",Deferred income taxes,us-gaap:DeferredIncomeTaxLiabilitiesNet,reported,
balance_sheet,adi:TaxesPayableNoncurrent,Income taxes payable,2Q21,528.884,ADI_SEC-XBRL-financials_as-presented_10-Q_2021-05-19_0000006281-21-000169.xlsx,Balance Sheet,"May 1, 2021",Income taxes payable,adi:TaxesPayableNoncurrent,reported,
balance_sheet,us-gaap:OtherLiabilitiesNoncurrent,Other non-current liabilities,2Q21,458.285,ADI_SEC-XBRL-financials_as-presented_10-Q_2021-05-19_0000006281-21-000169.xlsx,Balance Sheet,"May 1, 2021",Other non-current liabilities,us-gaap:OtherLiabilitiesNoncurrent,reported,
balance_sheet,us-gaap:LiabilitiesNoncurrent,Total non-current liabilities,2Q21,6644.284,ADI_SEC-XBRL-financials_as-presented_10-Q_2021-05-19_0000006281-21-000169.xlsx,Balance Sheet,"May 1, 2021",Total non-current liabilities,us-gaap:LiabilitiesNoncurrent,reported,
balance_sheet,us-gaap:CommonStockParOrStatedValuePerShare,"Common stock, 0.16 2/3 par value, 1,200,000,000 shares authorized, 368,220,091 shares outstanding (368,302,369 on November 2, 2019)",2Q21,61.472,ADI_SEC-XBRL-financials_as-presented_10-Q_2021-05-19_0000006281-21-000169.xlsx,Balance Sheet,"May 1, 2021","Common stock, 0.16 2/3 par value, 1,200,000,000 shares authorized, 368,826,918 shares outstanding (369,484,899 on October 31, 2020)",us-gaap:CommonStockParOrStatedValuePerShare,reported,
balance_sheet,us-gaap:AdditionalPaidInCapitalCommonStock,Capital in excess of par value,2Q21,4724.493,ADI_SEC-XBRL-financials_as-presented_10-Q_2021-05-19_0000006281-21-000169.xlsx,Balance Sheet,"May 1, 2021",Capital in excess of par value,us-gaap:AdditionalPaidInCapitalCommonStock,reported,
balance_sheet,us-gaap:RetainedEarningsAccumulatedDeficit,Retained earnings,2Q21,7564.054,ADI_SEC-XBRL-financials_as-presented_10-Q_2021-05-19_0000006281-21-000169.xlsx,Balance Sheet,"May 1, 2021",Retained earnings,us-gaap:RetainedEarningsAccumulatedDeficit,reported,
balance_sheet,us-gaap:AccumulatedOtherComprehensiveIncomeLossNetOfTax,Accumulated other comprehensive loss,2Q21,-182.915,ADI_SEC-XBRL-financials_as-presented_10-Q_2021-05-19_0000006281-21-000169.xlsx,Balance Sheet,"May 1, 2021",Accumulated other comprehensive loss,us-gaap:AccumulatedOtherComprehensiveIncomeLossNetOfTax,reported,
balance_sheet,us-gaap:StockholdersEquity,Total shareholders’ equity,2Q21,12167.104,ADI_SEC-XBRL-financials_as-presented_10-Q_2021-05-19_0000006281-21-000169.xlsx,Balance Sheet,"May 1, 2021",Total shareholders’ equity,us-gaap:StockholdersEquity,reported,
balance_sheet,us-gaap:LiabilitiesAndStockholdersEquity,liabilities and stockholders equity liabilities and stockholders equity,2Q21,21588.217,ADI_SEC-XBRL-financials_as-presented_10-Q_2021-05-19_0000006281-21-000169.xlsx,Balance Sheet,"May 1, 2021",liabilities and stockholders equity liabilities and stockholders equity,us-gaap:LiabilitiesAndStockholdersEquity,reported,
cash_flow,us-gaap:NetIncomeLoss,Net income,6M21,811.424,ADI_SEC-XBRL-financials_as-presented_10-Q_2021-05-19_0000006281-21-000169.xlsx,Cash Flow,"Six Months Ended May 1, 2021",Net income,us-gaap:NetIncomeLoss,reported,
cash_flow,us-gaap:Depreciation,Depreciation,6M21,108.775,ADI_SEC-XBRL-financials_as-presented_10-Q_2021-05-19_0000006281-21-000169.xlsx,Cash Flow,"Six Months Ended May 1, 2021",Depreciation,us-gaap:Depreciation,reported,
cash_flow,us-gaap:AmortizationOfIntangibleAssets,Amortization of intangibles,6M21,290.745,ADI_SEC-XBRL-financials_as-presented_10-Q_2021-05-19_0000006281-21-000169.xlsx,Cash Flow,"Six Months Ended May 1, 2021",Amortization of intangibles,us-gaap:AmortizationOfIntangibleAssets,reported,
cash_flow,us-gaap:ShareBasedCompensation,Stock-based compensation expense,6M21,76.996,ADI_SEC-XBRL-financials_as-presented_10-Q_2021-05-19_0000006281-21-000169.xlsx,Cash Flow,"Six Months Ended May 1, 2021",Stock-based compensation expense,us-gaap:ShareBasedCompensation,reported,
cash_flow,us-gaap:DeferredIncomeTaxExpenseBenefit,Deferred income taxes,6M21,-48.292,ADI_SEC-XBRL-financials_as-presented_10-Q_2021-05-19_0000006281-21-000169.xlsx,Cash Flow,"Six Months Ended May 1, 2021",Deferred income taxes,us-gaap:DeferredIncomeTaxExpenseBenefit,reported,
cash_flow,us-gaap:OtherNoncashIncomeExpense,Other non-cash activity,6M21,-12.122,ADI_SEC-XBRL-financials_as-presented_10-Q_2021-05-19_0000006281-21-000169.xlsx,Cash Flow,"Six Months Ended May 1, 2021",Other non-cash activity,us-gaap:OtherNoncashIncomeExpense,reported,
cash_flow,us-gaap:IncreaseDecreaseInOperatingCapital,Changes in operating assets and liabilities,6M21,-63.223,ADI_SEC-XBRL-financials_as-presented_10-Q_2021-05-19_0000006281-21-000169.xlsx,Cash Flow,"Six Months Ended May 1, 2021",Changes in operating assets and liabilities,us-gaap:IncreaseDecreaseInOperatingCapital,reported,
cash_flow,us-gaap:AdjustmentsToReconcileNetIncomeLossToCashProvidedByUsedInOperatingActivities,Total adjustments,6M21,352.879,ADI_SEC-XBRL-financials_as-presented_10-Q_2021-05-19_0000006281-21-000169.xlsx,Cash Flow,"Six Months Ended May 1, 2021",Total adjustments,us-gaap:AdjustmentsToReconcileNetIncomeLossToCashProvidedByUsedInOperatingActivities,reported,
cash_flow,us-gaap:NetCashProvidedByUsedInOperatingActivities,Net cash provided by operating activities,6M21,1164.303,ADI_SEC-XBRL-financials_as-presented_10-Q_2021-05-19_0000006281-21-000169.xlsx,Cash Flow,"Six Months Ended May 1, 2021",Net cash provided by operating activities,us-gaap:NetCashProvidedByUsedInOperatingActivities,reported,
cash_flow,us-gaap:PaymentsForProceedsFromOtherInvestingActivities,Changes in other assets,6M21,18.566,ADI_SEC-XBRL-financials_as-presented_10-Q_2021-05-19_0000006281-21-000169.xlsx,Cash Flow,"Six Months Ended May 1, 2021",Proceeds from other investments,us-gaap:PaymentsForProceedsFromOtherInvestingActivities,reported,
cash_flow,us-gaap:PaymentsToAcquirePropertyPlantAndEquipment,"Additions to property, plant and equipment",6M21,-126.558,ADI_SEC-XBRL-financials_as-presented_10-Q_2021-05-19_0000006281-21-000169.xlsx,Cash Flow,"Six Months Ended May 1, 2021","Additions to property, plant and equipment",us-gaap:PaymentsToAcquirePropertyPlantAndEquipment,reported,
cash_flow,adi:PaymentsForAssetAcquisition,Cash paid for asset acquisition,6M21,-22.522,ADI_SEC-XBRL-financials_as-presented_10-Q_2021-05-19_0000006281-21-000169.xlsx,Cash Flow,"Six Months Ended May 1, 2021",Cash paid for asset acquisition,adi:PaymentsForAssetAcquisition,reported,
cash_flow,us-gaap:PaymentsToAcquireBusinessesNetOfCashAcquired,"Payments for acquisitions, net of cash acquired",6M21,-2.428,ADI_SEC-XBRL-financials_as-presented_10-Q_2021-05-19_0000006281-21-000169.xlsx,Cash Flow,"Six Months Ended May 1, 2021","Payments for acquisitions, net of cash acquired",us-gaap:PaymentsToAcquireBusinessesNetOfCashAcquired,reported,
cash_flow,adi:IncreaseDecreaseInOtherAssetsInvesting,Changes in other assets,6M21,-2.826,ADI_SEC-XBRL-financials_as-presented_10-Q_2021-05-19_0000006281-21-000169.xlsx,Cash Flow,"Six Months Ended May 1, 2021",Changes in other assets,adi:IncreaseDecreaseInOtherAssetsInvesting,reported,
cash_flow,us-gaap:NetCashProvidedByUsedInInvestingActivities,Net cash used for investing activities,6M21,-135.768,ADI_SEC-XBRL-financials_as-presented_10-Q_2021-05-19_0000006281-21-000169.xlsx,Cash Flow,"Six Months Ended May 1, 2021",Net cash used for investing activities,us-gaap:NetCashProvidedByUsedInInvestingActivities,reported,
cash_flow,us-gaap:PaymentsOfDividendsCommonStock,Dividend payments to shareholders,6M21,-483.608,ADI_SEC-XBRL-financials_as-presented_10-Q_2021-05-19_0000006281-21-000169.xlsx,Cash Flow,"Six Months Ended May 1, 2021",Dividend payments to shareholders,us-gaap:PaymentsOfDividendsCommonStock,reported,
cash_flow,us-gaap:PaymentsForRepurchaseOfCommonStock,Repurchase of common stock,6M21,-345.871,ADI_SEC-XBRL-financials_as-presented_10-Q_2021-05-19_0000006281-21-000169.xlsx,Cash Flow,"Six Months Ended May 1, 2021",Repurchase of common stock,us-gaap:PaymentsForRepurchaseOfCommonStock,reported,
cash_flow,us-gaap:ProceedsFromStockPlans,Proceeds from employee stock plans,6M21,43.672,ADI_SEC-XBRL-financials_as-presented_10-Q_2021-05-19_0000006281-21-000169.xlsx,Cash Flow,"Six Months Ended May 1, 2021",Proceeds from employee stock plans,us-gaap:ProceedsFromStockPlans,reported,
cash_flow,us-gaap:ProceedsFromPaymentsForOtherFinancingActivities,Changes in other financing activities,6M21,2.399,ADI_SEC-XBRL-financials_as-presented_10-Q_2021-05-19_0000006281-21-000169.xlsx,Cash Flow,"Six Months Ended May 1, 2021",Changes in other financing activities,us-gaap:ProceedsFromPaymentsForOtherFinancingActivities,reported,
cash_flow,us-gaap:NetCashProvidedByUsedInFinancingActivities,Net cash used for financing activities,6M21,-783.408,ADI_SEC-XBRL-financials_as-presented_10-Q_2021-05-19_0000006281-21-000169.xlsx,Cash Flow,"Six Months Ended May 1, 2021",Net cash used for financing activities,us-gaap:NetCashProvidedByUsedInFinancingActivities,reported,
cash_flow,us-gaap:EffectOfExchangeRateOnCashCashEquivalentsRestrictedCashAndRestrictedCashEquivalents,Effect of exchange rate changes on cash,6M21,4.229,ADI_SEC-XBRL-financials_as-presented_10-Q_2021-05-19_0000006281-21-000169.xlsx,Cash Flow,"Six Months Ended May 1, 2021",Effect of exchange rate changes on cash,us-gaap:EffectOfExchangeRateOnCashCashEquivalentsRestrictedCashAndRestrictedCashEquivalents,reported,
cash_flow,us-gaap:CashCashEquivalentsRestrictedCashAndRestrictedCashEquivalentsPeriodIncreaseDecreaseIncludingExchangeRateEffect,Net decrease in cash and cash equivalents,6M21,249.356,ADI_SEC-XBRL-financials_as-presented_10-Q_2021-05-19_0000006281-21-000169.xlsx,Cash Flow,"Six Months Ended May 1, 2021",Net increase in cash and cash equivalents,us-gaap:CashCashEquivalentsRestrictedCashAndRestrictedCashEquivalentsPeriodIncreaseDecreaseIncludingExchangeRateEffect,reported,
cash_flow,us-gaap:CashCashEquivalentsRestrictedCashAndRestrictedCashEquivalents,Cash and cash equivalents at beginning of period,6M21,1055.86,ADI_SEC-XBRL-financials_as-presented_10-Q_2021-05-19_0000006281-21-000169.xlsx,Cash Flow,"Six Months Ended May 1, 2021",Cash and cash equivalents at beginning of period,us-gaap:CashCashEquivalentsRestrictedCashAndRestrictedCashEquivalents,reported,
income_statement,us-gaap:RevenueFromContractWithCustomerExcludingAssessedTax,Revenue,3Q21,1758.853,ADI_SEC-XBRL-financials_as-presented_10-Q_2021-08-18_0000006281-21-000197.xlsx,Income Statement,"Three Months Ended July 31, 2021",Revenue,us-gaap:RevenueFromContractWithCustomerExcludingAssessedTax,reported,
income_statement,us-gaap:RevenueFromContractWithCustomerExcludingAssessedTax,Revenue,9M21,4978.718,ADI_SEC-XBRL-financials_as-presented_10-Q_2021-08-18_0000006281-21-000197.xlsx,Income Statement,"Nine Months Ended July 31, 2021",Revenue,us-gaap:RevenueFromContractWithCustomerExcludingAssessedTax,reported,
income_statement,us-gaap:CostOfGoodsAndServicesSold,Cost of sales,3Q21,537.669,ADI_SEC-XBRL-financials_as-presented_10-Q_2021-08-18_0000006281-21-000197.xlsx,Income Statement,"Three Months Ended July 31, 2021",Cost of sales,us-gaap:CostOfRevenue,reported,
income_statement,us-gaap:CostOfGoodsAndServicesSold,Cost of sales,9M21,1575.526,ADI_SEC-XBRL-financials_as-presented_10-Q_2021-08-18_0000006281-21-000197.xlsx,Income Statement,"Nine Months Ended July 31, 2021",Cost of sales,us-gaap:CostOfRevenue,reported,
income_statement,us-gaap:GrossProfit,Gross margin,3Q21,1221.184,ADI_SEC-XBRL-financials_as-presented_10-Q_2021-08-18_0000006281-21-000197.xlsx,Income Statement,"Three Months Ended July 31, 2021",Gross margin,us-gaap:GrossProfit,reported,
income_statement,us-gaap:GrossProfit,Gross margin,9M21,3403.192,ADI_SEC-XBRL-financials_as-presented_10-Q_2021-08-18_0000006281-21-000197.xlsx,Income Statement,"Nine Months Ended July 31, 2021",Gross margin,us-gaap:GrossProfit,reported,
income_statement,us-gaap:ResearchAndDevelopmentExpense,Research and development,3Q21,306.617,ADI_SEC-XBRL-financials_as-presented_10-Q_2021-08-18_0000006281-21-000197.xlsx,Income Statement,"Three Months Ended July 31, 2021",Research and development,us-gaap:ResearchAndDevelopmentExpense,reported,
income_statement,us-gaap:ResearchAndDevelopmentExpense,Research and development,9M21,897.005,ADI_SEC-XBRL-financials_as-presented_10-Q_2021-08-18_0000006281-21-000197.xlsx,Income Statement,"Nine Months Ended July 31, 2021",Research and development,us-gaap:ResearchAndDevelopmentExpense,reported,
income_statement,us-gaap:SellingGeneralAndAdministrativeExpense,"Selling, marketing, general and administrative",3Q21,206.076,ADI_SEC-XBRL-financials_as-presented_10-Q_2021-08-18_0000006281-21-000197.xlsx,Income Statement,"Three Months Ended July 31, 2021","Selling, marketing, general and administrative",us-gaap:SellingGeneralAndAdministrativeExpense,reported,
income_statement,us-gaap:SellingGeneralAndAdministrativeExpense,"Selling, marketing, general and administrative",9M21,597.963,ADI_SEC-XBRL-financials_as-presented_10-Q_2021-08-18_0000006281-21-000197.xlsx,Income Statement,"Nine Months Ended July 31, 2021","Selling, marketing, general and administrative",us-gaap:SellingGeneralAndAdministrativeExpense,reported,
income_statement,adi:AmortizationofintangibleAssetsOperatingExpenses,Amortization of intangibles,3Q21,107.783,ADI_SEC-XBRL-financials_as-presented_10-Q_2021-08-18_0000006281-21-000197.xlsx,Income Statement,"Three Months Ended July 31, 2021",Amortization of intangibles,adi:OperatingExpensesAmortizationOfIntangibles,reported,
income_statement,adi:AmortizationofintangibleAssetsOperatingExpenses,Amortization of intangibles,9M21,323.217,ADI_SEC-XBRL-financials_as-presented_10-Q_2021-08-18_0000006281-21-000197.xlsx,Income Statement,"Nine Months Ended July 31, 2021",Amortization of intangibles,adi:OperatingExpensesAmortizationOfIntangibles,reported,
income_statement,us-gaap:RestructuringCharges,Special charges,3Q21,-8.938,ADI_SEC-XBRL-financials_as-presented_10-Q_2021-08-18_0000006281-21-000197.xlsx,Income Statement,"Three Months Ended July 31, 2021","Special charges, net",adi:SpecialCharges,reported,
income_statement,us-gaap:RestructuringCharges,Special charges,9M21,-8.189,ADI_SEC-XBRL-financials_as-presented_10-Q_2021-08-18_0000006281-21-000197.xlsx,Income Statement,"Nine Months Ended July 31, 2021","Special charges, net",adi:SpecialCharges,reported,
income_statement,us-gaap:OperatingExpenses,operating expenses operating expenses operating expenses operating expenses,3Q21,611.538,ADI_SEC-XBRL-financials_as-presented_10-Q_2021-08-18_0000006281-21-000197.xlsx,Income Statement,"Three Months Ended July 31, 2021",operating expenses operating expenses operating expenses operating expenses,us-gaap:OperatingExpenses,reported,
income_statement,us-gaap:OperatingExpenses,operating expenses operating expenses operating expenses operating expenses,9M21,1809.996,ADI_SEC-XBRL-financials_as-presented_10-Q_2021-08-18_0000006281-21-000197.xlsx,Income Statement,"Nine Months Ended July 31, 2021",operating expenses operating expenses operating expenses operating expenses,us-gaap:OperatingExpenses,reported,
income_statement,us-gaap:OperatingIncomeLoss,Operating income,3Q21,609.646,ADI_SEC-XBRL-financials_as-presented_10-Q_2021-08-18_0000006281-21-000197.xlsx,Income Statement,"Three Months Ended July 31, 2021",Operating income:,us-gaap:OperatingIncomeLoss,reported,
income_statement,us-gaap:OperatingIncomeLoss,Operating income,9M21,1593.196,ADI_SEC-XBRL-financials_as-presented_10-Q_2021-08-18_0000006281-21-000197.xlsx,Income Statement,"Nine Months Ended July 31, 2021",Operating income:,us-gaap:OperatingIncomeLoss,reported,
income_statement,us-gaap:InterestExpense,Interest expense,3Q21,44.659,ADI_SEC-XBRL-financials_as-presented_10-Q_2021-08-18_0000006281-21-000197.xlsx,Income Statement,"Three Months Ended July 31, 2021",Interest expense,us-gaap:InterestExpense,reported,
income_statement,us-gaap:InterestExpense,Interest expense,9M21,130.204,ADI_SEC-XBRL-financials_as-presented_10-Q_2021-08-18_0000006281-21-000197.xlsx,Income Statement,"Nine Months Ended July 31, 2021",Interest expense,us-gaap:InterestExpense,reported,
income_statement,us-gaap:InvestmentIncomeInterest,Interest income,3Q21,-0.3,ADI_SEC-XBRL-financials_as-presented_10-Q_2021-08-18_0000006281-21-000197.xlsx,Income Statement,"Three Months Ended July 31, 2021",Interest income,us-gaap:InvestmentIncomeInterest,reported,
income_statement,us-gaap:InvestmentIncomeInterest,Interest income,9M21,-0.799,ADI_SEC-XBRL-financials_as-presented_10-Q_2021-08-18_0000006281-21-000197.xlsx,Income Statement,"Nine Months Ended July 31, 2021",Interest income,us-gaap:InvestmentIncomeInterest,reported,
income_statement,us-gaap:OtherNonoperatingIncomeExpense,"Other, net",3Q21,-6.991,ADI_SEC-XBRL-financials_as-presented_10-Q_2021-08-18_0000006281-21-000197.xlsx,Income Statement,"Three Months Ended July 31, 2021","Other, net",us-gaap:OtherNonoperatingIncomeExpense,reported,
income_statement,us-gaap:OtherNonoperatingIncomeExpense,"Other, net",9M21,-21.09,ADI_SEC-XBRL-financials_as-presented_10-Q_2021-08-18_0000006281-21-000197.xlsx,Income Statement,"Nine Months Ended July 31, 2021","Other, net",us-gaap:OtherNonoperatingIncomeExpense,reported,
income_statement,us-gaap:NonoperatingIncomeExpense,nonoperating income expense nonoperating income expense nonoperating income expense nonoperating income expense,3Q21,37.368,ADI_SEC-XBRL-financials_as-presented_10-Q_2021-08-18_0000006281-21-000197.xlsx,Income Statement,"Three Months Ended July 31, 2021",nonoperating income expense nonoperating income expense nonoperating income expense nonoperating income expense,us-gaap:NonoperatingIncomeExpense,reported,
income_statement,us-gaap:NonoperatingIncomeExpense,nonoperating income expense nonoperating income expense nonoperating income expense nonoperating income expense,9M21,108.315,ADI_SEC-XBRL-financials_as-presented_10-Q_2021-08-18_0000006281-21-000197.xlsx,Income Statement,"Nine Months Ended July 31, 2021",nonoperating income expense nonoperating income expense nonoperating income expense nonoperating income expense,us-gaap:NonoperatingIncomeExpense,reported,
income_statement,us-gaap:IncomeLossFromContinuingOperationsBeforeIncomeTaxesMinorityInterestAndIncomeLossFromEquityMethodInvestments,Income before income taxes,3Q21,572.278,ADI_SEC-XBRL-financials_as-presented_10-Q_2021-08-18_0000006281-21-000197.xlsx,Income Statement,"Three Months Ended July 31, 2021",Income before income taxes,us-gaap:IncomeLossFromContinuingOperationsBeforeIncomeTaxesMinorityInterestAndIncomeLossFromEquityMethodInvestments,reported,
income_statement,us-gaap:IncomeLossFromContinuingOperationsBeforeIncomeTaxesMinorityInterestAndIncomeLossFromEquityMethodInvestments,Income before income taxes,9M21,1484.881,ADI_SEC-XBRL-financials_as-presented_10-Q_2021-08-18_0000006281-21-000197.xlsx,Income Statement,"Nine Months Ended July 31, 2021",Income before income taxes,us-gaap:IncomeLossFromContinuingOperationsBeforeIncomeTaxesMinorityInterestAndIncomeLossFromEquityMethodInvestments,reported,
income_statement,us-gaap:IncomeTaxExpenseBenefit,Provision for income taxes,3Q21,68.967,ADI_SEC-XBRL-financials_as-presented_10-Q_2021-08-18_0000006281-21-000197.xlsx,Income Statement,"Three Months Ended July 31, 2021",Provision for income taxes,us-gaap:IncomeTaxExpenseBenefit,reported,
income_statement,us-gaap:IncomeTaxExpenseBenefit,Provision for income taxes,9M21,170.146,ADI_SEC-XBRL-financials_as-presented_10-Q_2021-08-18_0000006281-21-000197.xlsx,Income Statement,"Nine Months Ended July 31, 2021",Provision for income taxes,us-gaap:IncomeTaxExpenseBenefit,reported,
income_statement,us-gaap:NetIncomeLoss,Net income,3Q21,503.311,ADI_SEC-XBRL-financials_as-presented_10-Q_2021-08-18_0000006281-21-000197.xlsx,Income Statement,"Three Months Ended July 31, 2021",Net income,us-gaap:NetIncomeLoss,reported,
income_statement,us-gaap:NetIncomeLoss,Net income,9M21,1314.735,ADI_SEC-XBRL-financials_as-presented_10-Q_2021-08-18_0000006281-21-000197.xlsx,Income Statement,"Nine Months Ended July 31, 2021",Net income,us-gaap:NetIncomeLoss,reported,
income_statement,us-gaap:WeightedAverageNumberOfSharesOutstandingBasic,Shares used to compute earnings per common share – basic,3Q21,368.476,ADI_SEC-XBRL-financials_as-presented_10-Q_2021-08-18_0000006281-21-000197.xlsx,Income Statement,"Three Months Ended July 31, 2021",Shares used to compute earnings per common share – basic,us-gaap:WeightedAverageNumberOfSharesOutstandingBasic,reported,
income_statement,us-gaap:WeightedAverageNumberOfSharesOutstandingBasic,Shares used to compute earnings per common share – basic,9M21,368.834,ADI_SEC-XBRL-financials_as-presented_10-Q_2021-08-18_0000006281-21-000197.xlsx,Income Statement,"Nine Months Ended July 31, 2021",Shares used to compute earnings per common share – basic,us-gaap:WeightedAverageNumberOfSharesOutstandingBasic,reported,
income_statement,us-gaap:WeightedAverageNumberOfDilutedSharesOutstanding,Shares used to compute earnings per common share – diluted,3Q21,371.849,ADI_SEC-XBRL-financials_as-presented_10-Q_2021-08-18_0000006281-21-000197.xlsx,Income Statement,"Three Months Ended July 31, 2021",Shares used to compute earnings per common share – diluted,us-gaap:WeightedAverageNumberOfDilutedSharesOutstanding,reported,
income_statement,us-gaap:WeightedAverageNumberOfDilutedSharesOutstanding,Shares used to compute earnings per common share – diluted,9M21,372.457,ADI_SEC-XBRL-financials_as-presented_10-Q_2021-08-18_0000006281-21-000197.xlsx,Income Statement,"Nine Months Ended July 31, 2021",Shares used to compute earnings per common share – diluted,us-gaap:WeightedAverageNumberOfDilutedSharesOutstanding,reported,
income_statement,us-gaap:IncomeLossFromContinuingOperationsPerBasicShare,Basic earnings per common share,3Q21,1.37,ADI_SEC-XBRL-financials_as-presented_10-Q_2021-08-18_0000006281-21-000197.xlsx,Income Statement,"Three Months Ended July 31, 2021",Basic earnings per common share,us-gaap:EarningsPerShareBasic,reported,
income_statement,us-gaap:IncomeLossFromContinuingOperationsPerBasicShare,Basic earnings per common share,9M21,3.56,ADI_SEC-XBRL-financials_as-presented_10-Q_2021-08-18_0000006281-21-000197.xlsx,Income Statement,"Nine Months Ended July 31, 2021",Basic earnings per common share,us-gaap:EarningsPerShareBasic,reported,
income_statement,us-gaap:IncomeLossFromContinuingOperationsPerDilutedShare,Diluted earnings per common share,3Q21,1.35,ADI_SEC-XBRL-financials_as-presented_10-Q_2021-08-18_0000006281-21-000197.xlsx,Income Statement,"Three Months Ended July 31, 2021",Diluted earnings per common share,us-gaap:EarningsPerShareDiluted,reported,
income_statement,us-gaap:IncomeLossFromContinuingOperationsPerDilutedShare,Diluted earnings per common share,9M21,3.53,ADI_SEC-XBRL-financials_as-presented_10-Q_2021-08-18_0000006281-21-000197.xlsx,Income Statement,"Nine Months Ended July 31, 2021",Diluted earnings per common share,us-gaap:EarningsPerShareDiluted,reported,
balance_sheet,us-gaap:CashAndCashEquivalentsAtCarryingValue,Cash and cash equivalents,3Q21,1480.701,ADI_SEC-XBRL-financials_as-presented_10-Q_2021-08-18_0000006281-21-000197.xlsx,Balance Sheet,"July 31, 2021",Cash and cash equivalents,us-gaap:CashAndCashEquivalentsAtCarryingValue,reported,
balance_sheet,us-gaap:AccountsReceivableNetCurrent,Accounts receivable,3Q21,823.163,ADI_SEC-XBRL-financials_as-presented_10-Q_2021-08-18_0000006281-21-000197.xlsx,Balance Sheet,"July 31, 2021",Accounts receivable,us-gaap:AccountsReceivableNetCurrent,reported,
balance_sheet,us-gaap:InventoryNet,Inventories (2),3Q21,657.52,ADI_SEC-XBRL-financials_as-presented_10-Q_2021-08-18_0000006281-21-000197.xlsx,Balance Sheet,"July 31, 2021",Inventories,us-gaap:InventoryNet,reported,
balance_sheet,us-gaap:PrepaidExpenseAndOtherAssetsCurrent,Prepaid expenses and other current assets,3Q21,129.071,ADI_SEC-XBRL-financials_as-presented_10-Q_2021-08-18_0000006281-21-000197.xlsx,Balance Sheet,"July 31, 2021",Prepaid expenses and other current assets,us-gaap:PrepaidExpenseAndOtherAssetsCurrent,reported,
balance_sheet,us-gaap:AssetsCurrent,Total current assets,3Q21,3090.455,ADI_SEC-XBRL-financials_as-presented_10-Q_2021-08-18_0000006281-21-000197.xlsx,Balance Sheet,"July 31, 2021",Total current assets,us-gaap:AssetsCurrent,reported,
balance_sheet,adi:LandAndBuildingsGross,Land and buildings,3Q21,954.125,ADI_SEC-XBRL-financials_as-presented_10-Q_2021-08-18_0000006281-21-000197.xlsx,Balance Sheet,"July 31, 2021",Land and buildings,adi:LandAndBuildingsGross,reported,
balance_sheet,us-gaap:MachineryAndEquipmentGross,Machinery and equipment,3Q21,2825.698,ADI_SEC-XBRL-financials_as-presented_10-Q_2021-08-18_0000006281-21-000197.xlsx,Balance Sheet,"July 31, 2021",Machinery and equipment,us-gaap:MachineryAndEquipmentGross,reported,
balance_sheet,us-gaap:FurnitureAndFixturesGross,Office equipment,3Q21,89.399,ADI_SEC-XBRL-financials_as-presented_10-Q_2021-08-18_0000006281-21-000197.xlsx,Balance Sheet,"July 31, 2021",Office equipment,us-gaap:FurnitureAndFixturesGross,reported,
balance_sheet,us-gaap:LeaseholdImprovementsGross,Leasehold improvements,3Q21,160.983,ADI_SEC-XBRL-financials_as-presented_10-Q_2021-08-18_0000006281-21-000197.xlsx,Balance Sheet,"July 31, 2021",Leasehold improvements,us-gaap:LeaseholdImprovementsGross,reported,
balance_sheet,us-gaap:PropertyPlantAndEquipmentGross,property plant and equipment gross property plant and equipment gross,3Q21,4030.205,ADI_SEC-XBRL-financials_as-presented_10-Q_2021-08-18_0000006281-21-000197.xlsx,Balance Sheet,"July 31, 2021",property plant and equipment gross property plant and equipment gross,us-gaap:PropertyPlantAndEquipmentGross,reported,
balance_sheet,us-gaap:AccumulatedDepreciationDepletionAndAmortizationPropertyPlantAndEquipment,Less accumulated depreciation and amortization,3Q21,2856.531,ADI_SEC-XBRL-financials_as-presented_10-Q_2021-08-18_0000006281-21-000197.xlsx,Balance Sheet,"July 31, 2021",Less accumulated depreciation and amortization,us-gaap:AccumulatedDepreciationDepletionAndAmortizationPropertyPlantAndEquipment,reported,
balance_sheet,us-gaap:PropertyPlantAndEquipmentNet,"Net property, plant and equipment",3Q21,1173.674,ADI_SEC-XBRL-financials_as-presented_10-Q_2021-08-18_0000006281-21-000197.xlsx,Balance Sheet,"July 31, 2021","Net property, plant and equipment",us-gaap:PropertyPlantAndEquipmentNet,reported,
balance_sheet,us-gaap:LongTermInvestments,Other investments,3Q21,105.562,ADI_SEC-XBRL-financials_as-presented_10-Q_2021-08-18_0000006281-21-000197.xlsx,Balance Sheet,"July 31, 2021",Other investments,us-gaap:LongTermInvestments,reported,
balance_sheet,us-gaap:Goodwill,Goodwill,3Q21,12278.898,ADI_SEC-XBRL-financials_as-presented_10-Q_2021-08-18_0000006281-21-000197.xlsx,Balance Sheet,"July 31, 2021",Goodwill,us-gaap:Goodwill,reported,
balance_sheet,us-gaap:IntangibleAssetsNetExcludingGoodwill,"Intangible assets, net",3Q21,3248.802,ADI_SEC-XBRL-financials_as-presented_10-Q_2021-08-18_0000006281-21-000197.xlsx,Balance Sheet,"July 31, 2021","Intangible assets, net",us-gaap:IntangibleAssetsNetExcludingGoodwill,reported,
balance_sheet,us-gaap:DeferredIncomeTaxAssetsNet,Deferred tax assets,3Q21,1425.293,ADI_SEC-XBRL-financials_as-presented_10-Q_2021-08-18_0000006281-21-000197.xlsx,Balance Sheet,"July 31, 2021",Deferred tax assets,us-gaap:DeferredIncomeTaxAssetsNet,reported,
balance_sheet,us-gaap:OtherAssetsMiscellaneousNoncurrent,Other assets,3Q21,318.506,ADI_SEC-XBRL-financials_as-presented_10-Q_2021-08-18_0000006281-21-000197.xlsx,Balance Sheet,"July 31, 2021",Other assets,us-gaap:OtherAssetsMiscellaneousNoncurrent,reported,
balance_sheet,us-gaap:OtherAssetsNoncurrent,Other assets,3Q21,17377.061,ADI_SEC-XBRL-financials_as-presented_10-Q_2021-08-18_0000006281-21-000197.xlsx,Balance Sheet,"July 31, 2021",Total other assets,us-gaap:OtherAssetsNoncurrent,reported,
balance_sheet,us-gaap:Assets,assets assets,3Q21,21641.19,ADI_SEC-XBRL-financials_as-presented_10-Q_2021-08-18_0000006281-21-000197.xlsx,Balance Sheet,"July 31, 2021",assets assets,us-gaap:Assets,reported,
balance_sheet,us-gaap:AccountsPayableCurrent,Accounts payable,3Q21,265.933,ADI_SEC-XBRL-financials_as-presented_10-Q_2021-08-18_0000006281-21-000197.xlsx,Balance Sheet,"July 31, 2021",Accounts payable,us-gaap:AccountsPayableCurrent,reported,
balance_sheet,us-gaap:AccruedIncomeTaxesCurrent,Income taxes payable,3Q21,233.055,ADI_SEC-XBRL-financials_as-presented_10-Q_2021-08-18_0000006281-21-000197.xlsx,Balance Sheet,"July 31, 2021",Income taxes payable,us-gaap:AccruedIncomeTaxesCurrent,reported,
balance_sheet,us-gaap:DebtCurrent,"Debt, current",3Q21,1324.677,ADI_SEC-XBRL-financials_as-presented_10-Q_2021-08-18_0000006281-21-000197.xlsx,Balance Sheet,"July 31, 2021","Debt, current",us-gaap:DebtCurrent,reported,
balance_sheet,us-gaap:AccruedLiabilitiesCurrent,Accrued liabilities,3Q21,969.677,ADI_SEC-XBRL-financials_as-presented_10-Q_2021-08-18_0000006281-21-000197.xlsx,Balance Sheet,"July 31, 2021",Accrued liabilities,us-gaap:AccruedLiabilitiesCurrent,reported,
balance_sheet,us-gaap:LiabilitiesCurrent,Total current liabilities,3Q21,2793.342,ADI_SEC-XBRL-financials_as-presented_10-Q_2021-08-18_0000006281-21-000197.xlsx,Balance Sheet,"July 31, 2021",Total current liabilities,us-gaap:LiabilitiesCurrent,reported,
balance_sheet,us-gaap:UnsecuredLongTermDebt,Long-term debt,3Q21,3824.819,ADI_SEC-XBRL-financials_as-presented_10-Q_2021-08-18_0000006281-21-000197.xlsx,Balance Sheet,"July 31, 2021",Long-term debt,us-gaap:UnsecuredLongTermDebt,reported,
balance_sheet,us-gaap:DeferredIncomeTaxLiabilitiesNet,Deferred income taxes,3Q21,1776.308,ADI_SEC-XBRL-financials_as-presented_10-Q_2021-08-18_0000006281-21-000197.xlsx,Balance Sheet,"July 31, 2021",Deferred income taxes,us-gaap:DeferredIncomeTaxLiabilitiesNet,reported,
balance_sheet,adi:TaxesPayableNoncurrent,Income taxes payable,3Q21,529.057,ADI_SEC-XBRL-financials_as-presented_10-Q_2021-08-18_0000006281-21-000197.xlsx,Balance Sheet,"July 31, 2021",Income taxes payable,adi:TaxesPayableNoncurrent,reported,
balance_sheet,us-gaap:OtherLiabilitiesNoncurrent,Other non-current liabilities,3Q21,453.701,ADI_SEC-XBRL-financials_as-presented_10-Q_2021-08-18_0000006281-21-000197.xlsx,Balance Sheet,"July 31, 2021",Other non-current liabilities,us-gaap:OtherLiabilitiesNoncurrent,reported,
balance_sheet,us-gaap:LiabilitiesNoncurrent,Total non-current liabilities,3Q21,6583.885,ADI_SEC-XBRL-financials_as-presented_10-Q_2021-08-18_0000006281-21-000197.xlsx,Balance Sheet,"July 31, 2021",Total non-current liabilities,us-gaap:LiabilitiesNoncurrent,reported,
balance_sheet,us-gaap:CommonStockParOrStatedValuePerShare,"Common stock, 0.16 2/3 par value, 1,200,000,000 shares authorized, 368,220,091 shares outstanding (368,302,369 on November 2, 2019)",3Q21,61.37,ADI_SEC-XBRL-financials_as-presented_10-Q_2021-08-18_0000006281-21-000197.xlsx,Balance Sheet,"July 31, 2021","Common stock, 0.16 2/3 par value, 1,200,000,000 shares authorized, 368,214,341 shares outstanding (369,484,899 on October 31, 2020)",us-gaap:CommonStockParOrStatedValuePerShare,reported,
balance_sheet,us-gaap:AdditionalPaidInCapitalCommonStock,Capital in excess of par value,3Q21,4614.677,ADI_SEC-XBRL-financials_as-presented_10-Q_2021-08-18_0000006281-21-000197.xlsx,Balance Sheet,"July 31, 2021",Capital in excess of par value,us-gaap:AdditionalPaidInCapitalCommonStock,reported,
balance_sheet,us-gaap:RetainedEarningsAccumulatedDeficit,Retained earnings,3Q21,7812.859,ADI_SEC-XBRL-financials_as-presented_10-Q_2021-08-18_0000006281-21-000197.xlsx,Balance Sheet,"July 31, 2021",Retained earnings,us-gaap:RetainedEarningsAccumulatedDeficit,reported,
balance_sheet,us-gaap:AccumulatedOtherComprehensiveIncomeLossNetOfTax,Accumulated other comprehensive loss,3Q21,-224.943,ADI_SEC-XBRL-financials_as-presented_10-Q_2021-08-18_0000006281-21-000197.xlsx,Balance Sheet,"July 31, 2021",Accumulated other comprehensive loss,us-gaap:AccumulatedOtherComprehensiveIncomeLossNetOfTax,reported,
balance_sheet,us-gaap:StockholdersEquity,Total shareholders’ equity,3Q21,12263.963,ADI_SEC-XBRL-financials_as-presented_10-Q_2021-08-18_0000006281-21-000197.xlsx,Balance Sheet,"July 31, 2021",Total shareholders’ equity,us-gaap:StockholdersEquity,reported,
balance_sheet,us-gaap:LiabilitiesAndStockholdersEquity,liabilities and stockholders equity liabilities and stockholders equity,3Q21,21641.19,ADI_SEC-XBRL-financials_as-presented_10-Q_2021-08-18_0000006281-21-000197.xlsx,Balance Sheet,"July 31, 2021",liabilities and stockholders equity liabilities and stockholders equity,us-gaap:LiabilitiesAndStockholdersEquity,reported,
cash_flow,us-gaap:NetIncomeLoss,Net income,9M21,1314.735,ADI_SEC-XBRL-financials_as-presented_10-Q_2021-08-18_0000006281-21-000197.xlsx,Cash Flow,"Nine Months Ended July 31, 2021",Net income,us-gaap:NetIncomeLoss,reported,
cash_flow,us-gaap:Depreciation,Depreciation,9M21,158.937,ADI_SEC-XBRL-financials_as-presented_10-Q_2021-08-18_0000006281-21-000197.xlsx,Cash Flow,"Nine Months Ended July 31, 2021",Depreciation,us-gaap:Depreciation,reported,
cash_flow,us-gaap:AmortizationOfIntangibleAssets,Amortization of intangibles,9M21,436.734,ADI_SEC-XBRL-financials_as-presented_10-Q_2021-08-18_0000006281-21-000197.xlsx,Cash Flow,"Nine Months Ended July 31, 2021",Amortization of intangibles,us-gaap:AmortizationOfIntangibleAssets,reported,
cash_flow,us-gaap:ShareBasedCompensation,Stock-based compensation expense,9M21,118.683,ADI_SEC-XBRL-financials_as-presented_10-Q_2021-08-18_0000006281-21-000197.xlsx,Cash Flow,"Nine Months Ended July 31, 2021",Stock-based compensation expense,us-gaap:ShareBasedCompensation,reported,
cash_flow,us-gaap:GainLossOnSaleOfPropertyPlantEquipment,"Gain on sale of property, plant and equipment",9M21,-13.557,ADI_SEC-XBRL-financials_as-presented_10-Q_2021-08-18_0000006281-21-000197.xlsx,Cash Flow,"Nine Months Ended July 31, 2021","Gain on sale of property, plant and equipment",us-gaap:GainLossOnSaleOfPropertyPlantEquipment,reported,
cash_flow,us-gaap:DeferredIncomeTaxExpenseBenefit,Deferred income taxes,9M21,-72.578,ADI_SEC-XBRL-financials_as-presented_10-Q_2021-08-18_0000006281-21-000197.xlsx,Cash Flow,"Nine Months Ended July 31, 2021",Deferred income taxes,us-gaap:DeferredIncomeTaxExpenseBenefit,reported,
cash_flow,us-gaap:OtherNoncashIncomeExpense,Other non-cash activity,9M21,-14.965,ADI_SEC-XBRL-financials_as-presented_10-Q_2021-08-18_0000006281-21-000197.xlsx,Cash Flow,"Nine Months Ended July 31, 2021",Other,us-gaap:OtherNoncashIncomeExpense,reported,
cash_flow,us-gaap:IncreaseDecreaseInOperatingCapital,Changes in operating assets and liabilities,9M21,-133.644,ADI_SEC-XBRL-financials_as-presented_10-Q_2021-08-18_0000006281-21-000197.xlsx,Cash Flow,"Nine Months Ended July 31, 2021",Changes in operating assets and liabilities,us-gaap:IncreaseDecreaseInOperatingCapital,reported,
cash_flow,us-gaap:AdjustmentsToReconcileNetIncomeLossToCashProvidedByUsedInOperatingActivities,Total adjustments,9M21,479.61,ADI_SEC-XBRL-financials_as-presented_10-Q_2021-08-18_0000006281-21-000197.xlsx,Cash Flow,"Nine Months Ended July 31, 2021",Total adjustments,us-gaap:AdjustmentsToReconcileNetIncomeLossToCashProvidedByUsedInOperatingActivities,reported,
cash_flow,us-gaap:NetCashProvidedByUsedInOperatingActivities,Net cash provided by operating activities,9M21,1794.345,ADI_SEC-XBRL-financials_as-presented_10-Q_2021-08-18_0000006281-21-000197.xlsx,Cash Flow,"Nine Months Ended July 31, 2021",Net cash provided by operating activities,us-gaap:NetCashProvidedByUsedInOperatingActivities,reported,
cash_flow,us-gaap:PaymentsForProceedsFromOtherInvestingActivities,Changes in other assets,9M21,22.215,ADI_SEC-XBRL-financials_as-presented_10-Q_2021-08-18_0000006281-21-000197.xlsx,Cash Flow,"Nine Months Ended July 31, 2021",Proceeds from other investments,us-gaap:PaymentsForProceedsFromOtherInvestingActivities,reported,
cash_flow,us-gaap:PaymentsToAcquirePropertyPlantAndEquipment,"Additions to property, plant and equipment",9M21,-212.899,ADI_SEC-XBRL-financials_as-presented_10-Q_2021-08-18_0000006281-21-000197.xlsx,Cash Flow,"Nine Months Ended July 31, 2021","Additions to property, plant and equipment",us-gaap:PaymentsToAcquirePropertyPlantAndEquipment,reported,
cash_flow,us-gaap:ProceedsFromSaleOfPropertyPlantAndEquipment,"Proceeds from sale of property, plant and equipment",9M21,35.714,ADI_SEC-XBRL-financials_as-presented_10-Q_2021-08-18_0000006281-21-000197.xlsx,Cash Flow,"Nine Months Ended July 31, 2021","Proceeds from sale of property, plant and equipment",us-gaap:ProceedsFromSaleOfPropertyPlantAndEquipment,reported,
cash_flow,us-gaap:PaymentsToAcquireBusinessesNetOfCashAcquired,"Payments for acquisitions, net of cash acquired",9M21,-24.95,ADI_SEC-XBRL-financials_as-presented_10-Q_2021-08-18_0000006281-21-000197.xlsx,Cash Flow,"Nine Months Ended July 31, 2021","Payments for acquisitions, net of cash acquired",us-gaap:PaymentsToAcquireBusinessesNetOfCashAcquired,reported,
cash_flow,adi:IncreaseDecreaseInOtherAssetsInvesting,Changes in other assets,9M21,-3.36,ADI_SEC-XBRL-financials_as-presented_10-Q_2021-08-18_0000006281-21-000197.xlsx,Cash Flow,"Nine Months Ended July 31, 2021",Changes in other assets,adi:IncreaseDecreaseInOtherAssetsInvesting,reported,
cash_flow,us-gaap:NetCashProvidedByUsedInInvestingActivities,Net cash used for investing activities,9M21,-183.28,ADI_SEC-XBRL-financials_as-presented_10-Q_2021-08-18_0000006281-21-000197.xlsx,Cash Flow,"Nine Months Ended July 31, 2021",Net cash used for investing activities,us-gaap:NetCashProvidedByUsedInInvestingActivities,reported,
cash_flow,us-gaap:PaymentsOfDividendsCommonStock,Dividend payments to shareholders,9M21,-738.114,ADI_SEC-XBRL-financials_as-presented_10-Q_2021-08-18_0000006281-21-000197.xlsx,Cash Flow,"Nine Months Ended July 31, 2021",Dividend payments to shareholders,us-gaap:PaymentsOfDividendsCommonStock,reported,
cash_flow,us-gaap:PaymentsForRepurchaseOfCommonStock,Repurchase of common stock,9M21,-509.152,ADI_SEC-XBRL-financials_as-presented_10-Q_2021-08-18_0000006281-21-000197.xlsx,Cash Flow,"Nine Months Ended July 31, 2021",Repurchase of common stock,us-gaap:PaymentsForRepurchaseOfCommonStock,reported,
cash_flow,us-gaap:ProceedsFromStockPlans,Proceeds from employee stock plans,9M21,55.348,ADI_SEC-XBRL-financials_as-presented_10-Q_2021-08-18_0000006281-21-000197.xlsx,Cash Flow,"Nine Months Ended July 31, 2021",Proceeds from employee stock plans,us-gaap:ProceedsFromStockPlans,reported,
cash_flow,us-gaap:ProceedsFromPaymentsForOtherFinancingActivities,Changes in other financing activities,9M21,1.952,ADI_SEC-XBRL-financials_as-presented_10-Q_2021-08-18_0000006281-21-000197.xlsx,Cash Flow,"Nine Months Ended July 31, 2021",Changes in other financing activities,us-gaap:ProceedsFromPaymentsForOtherFinancingActivities,reported,
cash_flow,us-gaap:NetCashProvidedByUsedInFinancingActivities,Net cash used for financing activities,9M21,-1189.966,ADI_SEC-XBRL-financials_as-presented_10-Q_2021-08-18_0000006281-21-000197.xlsx,Cash Flow,"Nine Months Ended July 31, 2021",Net cash used for financing activities,us-gaap:NetCashProvidedByUsedInFinancingActivities,reported,
cash_flow,us-gaap:EffectOfExchangeRateOnCashCashEquivalentsRestrictedCashAndRestrictedCashEquivalents,Effect of exchange rate changes on cash,9M21,3.742,ADI_SEC-XBRL-financials_as-presented_10-Q_2021-08-18_0000006281-21-000197.xlsx,Cash Flow,"Nine Months Ended July 31, 2021",Effect of exchange rate changes on cash,us-gaap:EffectOfExchangeRateOnCashCashEquivalentsRestrictedCashAndRestrictedCashEquivalents,reported,
cash_flow,us-gaap:CashCashEquivalentsRestrictedCashAndRestrictedCashEquivalentsPeriodIncreaseDecreaseIncludingExchangeRateEffect,Net decrease in cash and cash equivalents,9M21,424.841,ADI_SEC-XBRL-financials_as-presented_10-Q_2021-08-18_0000006281-21-000197.xlsx,Cash Flow,"Nine Months Ended July 31, 2021",Net increase in cash and cash equivalents,us-gaap:CashCashEquivalentsRestrictedCashAndRestrictedCashEquivalentsPeriodIncreaseDecreaseIncludingExchangeRateEffect,reported,
cash_flow,us-gaap:CashCashEquivalentsRestrictedCashAndRestrictedCashEquivalents,Cash and cash equivalents at beginning of period,9M21,1055.86,ADI_SEC-XBRL-financials_as-presented_10-Q_2021-08-18_0000006281-21-000197.xlsx,Cash Flow,"Nine Months Ended July 31, 2021",Cash and cash equivalents at beginning of period,us-gaap:CashCashEquivalentsRestrictedCashAndRestrictedCashEquivalents,reported,
income_statement,us-gaap:RevenueFromContractWithCustomerExcludingAssessedTax,Revenue,1Q22,2684.293,ADI_SEC-XBRL-financials_as-presented_10-Q_2022-02-16_0000006281-22-000020.xlsx,Income Statement,"Three Months Ended January 29, 2022",Revenue,us-gaap:RevenueFromContractWithCustomerExcludingAssessedTax,reported,
income_statement,us-gaap:CostOfGoodsAndServicesSold,Cost of sales,1Q22,1282.296,ADI_SEC-XBRL-financials_as-presented_10-Q_2022-02-16_0000006281-22-000020.xlsx,Income Statement,"Three Months Ended January 29, 2022",Cost of sales,us-gaap:CostOfGoodsAndServicesSold,reported,
income_statement,us-gaap:GrossProfit,Gross margin,1Q22,1401.997,ADI_SEC-XBRL-financials_as-presented_10-Q_2022-02-16_0000006281-22-000020.xlsx,Income Statement,"Three Months Ended January 29, 2022",Gross margin,us-gaap:GrossProfit,reported,
income_statement,us-gaap:ResearchAndDevelopmentExpense,Research and development,1Q22,426.78,ADI_SEC-XBRL-financials_as-presented_10-Q_2022-02-16_0000006281-22-000020.xlsx,Income Statement,"Three Months Ended January 29, 2022",Research and development,us-gaap:ResearchAndDevelopmentExpense,reported,
income_statement,us-gaap:SellingGeneralAndAdministrativeExpense,"Selling, marketing, general and administrative",1Q22,297.365,ADI_SEC-XBRL-financials_as-presented_10-Q_2022-02-16_0000006281-22-000020.xlsx,Income Statement,"Three Months Ended January 29, 2022","Selling, marketing, general and administrative",us-gaap:SellingGeneralAndAdministrativeExpense,reported,
income_statement,adi:AmortizationofintangibleAssetsOperatingExpenses,Amortization of intangibles,1Q22,253.367,ADI_SEC-XBRL-financials_as-presented_10-Q_2022-02-16_0000006281-22-000020.xlsx,Income Statement,"Three Months Ended January 29, 2022",Amortization of intangibles,adi:OperatingExpensesAmortizationOfIntangibles,reported,
income_statement,us-gaap:RestructuringCharges,Special charges,1Q22,59.728,ADI_SEC-XBRL-financials_as-presented_10-Q_2022-02-16_0000006281-22-000020.xlsx,Income Statement,"Three Months Ended January 29, 2022","Special charges, net",us-gaap:RestructuringSettlementAndImpairmentProvisions,reported,
income_statement,us-gaap:OperatingExpenses,operating expenses operating expenses operating expenses operating expenses,1Q22,1037.24,ADI_SEC-XBRL-financials_as-presented_10-Q_2022-02-16_0000006281-22-000020.xlsx,Income Statement,"Three Months Ended January 29, 2022",Total operating expenses,us-gaap:OperatingExpenses,reported,
income_statement,us-gaap:OperatingIncomeLoss,Operating income,1Q22,364.757,ADI_SEC-XBRL-financials_as-presented_10-Q_2022-02-16_0000006281-22-000020.xlsx,Income Statement,"Three Months Ended January 29, 2022",Operating income:,us-gaap:OperatingIncomeLoss,reported,
income_statement,us-gaap:InterestExpense,Interest expense,1Q22,51.964,ADI_SEC-XBRL-financials_as-presented_10-Q_2022-02-16_0000006281-22-000020.xlsx,Income Statement,"Three Months Ended January 29, 2022",Interest expense,us-gaap:InterestExpense,reported,
income_statement,us-gaap:InvestmentIncomeInterest,Interest income,1Q22,-0.218,ADI_SEC-XBRL-financials_as-presented_10-Q_2022-02-16_0000006281-22-000020.xlsx,Income Statement,"Three Months Ended January 29, 2022",Interest income,us-gaap:InvestmentIncomeInterest,reported,
income_statement,us-gaap:OtherNonoperatingIncomeExpense,"Other, net",1Q22,-10.544,ADI_SEC-XBRL-financials_as-presented_10-Q_2022-02-16_0000006281-22-000020.xlsx,Income Statement,"Three Months Ended January 29, 2022","Other, net",us-gaap:OtherNonoperatingIncomeExpense,reported,
income_statement,us-gaap:NonoperatingIncomeExpense,nonoperating income expense nonoperating income expense nonoperating income expense nonoperating income expense,1Q22,41.202,ADI_SEC-XBRL-financials_as-presented_10-Q_2022-02-16_0000006281-22-000020.xlsx,Income Statement,"Three Months Ended January 29, 2022",Total nonoperating expense (income),us-gaap:NonoperatingIncomeExpense,reported,
income_statement,us-gaap:IncomeLossFromContinuingOperationsBeforeIncomeTaxesMinorityInterestAndIncomeLossFromEquityMethodInvestments,Income before income taxes,1Q22,323.555,ADI_SEC-XBRL-financials_as-presented_10-Q_2022-02-16_0000006281-22-000020.xlsx,Income Statement,"Three Months Ended January 29, 2022",Income before income taxes,us-gaap:IncomeLossFromContinuingOperationsBeforeIncomeTaxesExtraordinaryItemsNoncontrollingInterest,reported,
income_statement,us-gaap:IncomeTaxExpenseBenefit,Provision for income taxes,1Q22,43.478,ADI_SEC-XBRL-financials_as-presented_10-Q_2022-02-16_0000006281-22-000020.xlsx,Income Statement,"Three Months Ended January 29, 2022",Provision for income taxes,us-gaap:IncomeTaxExpenseBenefit,reported,
income_statement,us-gaap:NetIncomeLoss,Net income,1Q22,280.077,ADI_SEC-XBRL-financials_as-presented_10-Q_2022-02-16_0000006281-22-000020.xlsx,Income Statement,"Three Months Ended January 29, 2022",Net income,us-gaap:NetIncomeLoss,reported,
income_statement,us-gaap:WeightedAverageNumberOfSharesOutstandingBasic,Shares used to compute earnings per common share – basic,1Q22,525.291,ADI_SEC-XBRL-financials_as-presented_10-Q_2022-02-16_0000006281-22-000020.xlsx,Income Statement,"Three Months Ended January 29, 2022",Shares used to compute earnings per common share – basic,us-gaap:WeightedAverageNumberOfSharesOutstandingBasic,reported,
income_statement,us-gaap:WeightedAverageNumberOfDilutedSharesOutstanding,Shares used to compute earnings per common share – diluted,1Q22,530.142,ADI_SEC-XBRL-financials_as-presented_10-Q_2022-02-16_0000006281-22-000020.xlsx,Income Statement,"Three Months Ended January 29, 2022",Shares used to compute earnings per common share – diluted,us-gaap:WeightedAverageNumberOfDilutedSharesOutstanding,reported,
income_statement,us-gaap:IncomeLossFromContinuingOperationsPerBasicShare,Basic earnings per common share,1Q22,0.53,ADI_SEC-XBRL-financials_as-presented_10-Q_2022-02-16_0000006281-22-000020.xlsx,Income Statement,"Three Months Ended January 29, 2022",Basic earnings per common share,us-gaap:EarningsPerShareBasic,reported,
income_statement,us-gaap:IncomeLossFromContinuingOperationsPerDilutedShare,Diluted earnings per common share,1Q22,0.53,ADI_SEC-XBRL-financials_as-presented_10-Q_2022-02-16_0000006281-22-000020.xlsx,Income Statement,"Three Months Ended January 29, 2022",Diluted earnings per common share,us-gaap:EarningsPerShareDiluted,reported,
balance_sheet,us-gaap:CashAndCashEquivalentsAtCarryingValue,Cash and cash equivalents,1Q22,1790.399,ADI_SEC-XBRL-financials_as-presented_10-Q_2022-02-16_0000006281-22-000020.xlsx,Balance Sheet,"January 29, 2022",Cash and cash equivalents,us-gaap:CashAndCashEquivalentsAtCarryingValue,reported,
balance_sheet,us-gaap:AccountsReceivableNetCurrent,Accounts receivable,1Q22,1636.928,ADI_SEC-XBRL-financials_as-presented_10-Q_2022-02-16_0000006281-22-000020.xlsx,Balance Sheet,"January 29, 2022",Accounts receivable,us-gaap:AccountsReceivableNetCurrent,reported,
balance_sheet,us-gaap:InventoryNet,Inventories (2),1Q22,972.571,ADI_SEC-XBRL-financials_as-presented_10-Q_2022-02-16_0000006281-22-000020.xlsx,Balance Sheet,"January 29, 2022",Inventories,us-gaap:InventoryNet,reported,
balance_sheet,us-gaap:PrepaidExpenseAndOtherAssetsCurrent,Prepaid expenses and other current assets,1Q22,236.797,ADI_SEC-XBRL-financials_as-presented_10-Q_2022-02-16_0000006281-22-000020.xlsx,Balance Sheet,"January 29, 2022",Prepaid expenses and other current assets,us-gaap:PrepaidExpenseAndOtherAssetsCurrent,reported,
balance_sheet,us-gaap:AssetsCurrent,Total current assets,1Q22,4636.695,ADI_SEC-XBRL-financials_as-presented_10-Q_2022-02-16_0000006281-22-000020.xlsx,Balance Sheet,"January 29, 2022",Total current assets,us-gaap:AssetsCurrent,reported,
balance_sheet,us-gaap:PropertyPlantAndEquipmentNet,"Net property, plant and equipment",1Q22,2037.29,ADI_SEC-XBRL-financials_as-presented_10-Q_2022-02-16_0000006281-22-000020.xlsx,Balance Sheet,"January 29, 2022","Net property, plant and equipment",us-gaap:PropertyPlantAndEquipmentNet,reported,
balance_sheet,us-gaap:Goodwill,Goodwill,1Q22,26940.594,ADI_SEC-XBRL-financials_as-presented_10-Q_2022-02-16_0000006281-22-000020.xlsx,Balance Sheet,"January 29, 2022",Goodwill,us-gaap:Goodwill,reported,
balance_sheet,us-gaap:IntangibleAssetsNetExcludingGoodwill,"Intangible assets, net",1Q22,14762.722,ADI_SEC-XBRL-financials_as-presented_10-Q_2022-02-16_0000006281-22-000020.xlsx,Balance Sheet,"January 29, 2022","Intangible assets, net",us-gaap:IntangibleAssetsNetExcludingGoodwill,reported,
balance_sheet,us-gaap:DeferredIncomeTaxAssetsNet,Deferred tax assets,1Q22,2317.301,ADI_SEC-XBRL-financials_as-presented_10-Q_2022-02-16_0000006281-22-000020.xlsx,Balance Sheet,"January 29, 2022",Deferred tax assets,us-gaap:DeferredIncomeTaxAssetsNet,reported,
balance_sheet,us-gaap:OtherAssetsNoncurrent,Other assets,1Q22,521.012,ADI_SEC-XBRL-financials_as-presented_10-Q_2022-02-16_0000006281-22-000020.xlsx,Balance Sheet,"January 29, 2022",Other assets,us-gaap:OtherAssetsNoncurrent,reported,
balance_sheet,us-gaap:AssetsNoncurrent,Total other assets,1Q22,46578.919,ADI_SEC-XBRL-financials_as-presented_10-Q_2022-02-16_0000006281-22-000020.xlsx,Balance Sheet,"January 29, 2022",Total non-current assets,us-gaap:AssetsNoncurrent,reported,
balance_sheet,us-gaap:Assets,assets assets,1Q22,51215.614,ADI_SEC-XBRL-financials_as-presented_10-Q_2022-02-16_0000006281-22-000020.xlsx,Balance Sheet,"January 29, 2022",TOTAL ASSETS,us-gaap:Assets,reported,
balance_sheet,us-gaap:AccountsPayableCurrent,Accounts payable,1Q22,436.227,ADI_SEC-XBRL-financials_as-presented_10-Q_2022-02-16_0000006281-22-000020.xlsx,Balance Sheet,"January 29, 2022",Accounts payable,us-gaap:AccountsPayableCurrent,reported,
balance_sheet,us-gaap:AccruedIncomeTaxesCurrent,Income taxes payable,1Q22,400.42,ADI_SEC-XBRL-financials_as-presented_10-Q_2022-02-16_0000006281-22-000020.xlsx,Balance Sheet,"January 29, 2022",Income taxes payable,us-gaap:AccruedIncomeTaxesCurrent,reported,
balance_sheet,us-gaap:AccruedLiabilitiesCurrent,Accrued liabilities,1Q22,1385.259,ADI_SEC-XBRL-financials_as-presented_10-Q_2022-02-16_0000006281-22-000020.xlsx,Balance Sheet,"January 29, 2022",Accrued liabilities,us-gaap:AccruedLiabilitiesCurrent,reported,
balance_sheet,us-gaap:LiabilitiesCurrent,Total current liabilities,1Q22,2221.906,ADI_SEC-XBRL-financials_as-presented_10-Q_2022-02-16_0000006281-22-000020.xlsx,Balance Sheet,"January 29, 2022",Total current liabilities,us-gaap:LiabilitiesCurrent,reported,
balance_sheet,us-gaap:UnsecuredLongTermDebt,Long-term debt,1Q22,6253.575,ADI_SEC-XBRL-financials_as-presented_10-Q_2022-02-16_0000006281-22-000020.xlsx,Balance Sheet,"January 29, 2022",Long-term debt,us-gaap:UnsecuredLongTermDebt,reported,
balance_sheet,us-gaap:DeferredIncomeTaxLiabilitiesNet,Deferred income taxes,1Q22,3952.185,ADI_SEC-XBRL-financials_as-presented_10-Q_2022-02-16_0000006281-22-000020.xlsx,Balance Sheet,"January 29, 2022",Deferred income taxes,us-gaap:DeferredIncomeTaxLiabilitiesNet,reported,
balance_sheet,adi:TaxesPayableNoncurrent,Income taxes payable,1Q22,832.204,ADI_SEC-XBRL-financials_as-presented_10-Q_2022-02-16_0000006281-22-000020.xlsx,Balance Sheet,"January 29, 2022",Income taxes payable,adi:TaxesPayableNoncurrent,reported,
balance_sheet,us-gaap:OtherLiabilitiesNoncurrent,Other non-current liabilities,1Q22,528.432,ADI_SEC-XBRL-financials_as-presented_10-Q_2022-02-16_0000006281-22-000020.xlsx,Balance Sheet,"January 29, 2022",Other non-current liabilities,us-gaap:OtherLiabilitiesNoncurrent,reported,
balance_sheet,us-gaap:LiabilitiesNoncurrent,Total non-current liabilities,1Q22,11566.396,ADI_SEC-XBRL-financials_as-presented_10-Q_2022-02-16_0000006281-22-000020.xlsx,Balance Sheet,"January 29, 2022",Total non-current liabilities,us-gaap:LiabilitiesNoncurrent,reported,
balance_sheet,us-gaap:CommonStockParOrStatedValuePerShare,"Common stock, 0.16 2/3 par value, 1,200,000,000 shares authorized, 368,220,091 shares outstanding (368,302,369 on November 2, 2019)",1Q22,87.221,ADI_SEC-XBRL-financials_as-presented_10-Q_2022-02-16_0000006281-22-000020.xlsx,Balance Sheet,"January 29, 2022","Common stock, 0.16 2/3 par value, 1,200,000,000 shares authorized, 523,315,130 shares outstanding (525,330,672 on October 30, 2021)",us-gaap:CommonStockParOrStatedValuePerShare,reported,
balance_sheet,us-gaap:AdditionalPaidInCapitalCommonStock,Capital in excess of par value,1Q22,30093.961,ADI_SEC-XBRL-financials_as-presented_10-Q_2022-02-16_0000006281-22-000020.xlsx,Balance Sheet,"January 29, 2022",Capital in excess of par value,us-gaap:AdditionalPaidInCapitalCommonStock,reported,
balance_sheet,us-gaap:RetainedEarningsAccumulatedDeficit,Retained earnings,1Q22,7434.748,ADI_SEC-XBRL-financials_as-presented_10-Q_2022-02-16_0000006281-22-000020.xlsx,Balance Sheet,"January 29, 2022",Retained earnings,us-gaap:RetainedEarningsAccumulatedDeficit,reported,
balance_sheet,us-gaap:AccumulatedOtherComprehensiveIncomeLossNetOfTax,Accumulated other comprehensive loss,1Q22,-188.618,ADI_SEC-XBRL-financials_as-presented_10-Q_2022-02-16_0000006281-22-000020.xlsx,Balance Sheet,"January 29, 2022",Accumulated other comprehensive loss,us-gaap:AccumulatedOtherComprehensiveIncomeLossNetOfTax,reported,
balance_sheet,us-gaap:StockholdersEquity,Total shareholders’ equity,1Q22,37427.312,ADI_SEC-XBRL-financials_as-presented_10-Q_2022-02-16_0000006281-22-000020.xlsx,Balance Sheet,"January 29, 2022",Total shareholders’ equity,us-gaap:StockholdersEquity,reported,
balance_sheet,us-gaap:LiabilitiesAndStockholdersEquity,liabilities and stockholders equity liabilities and stockholders equity,1Q22,51215.614,ADI_SEC-XBRL-financials_as-presented_10-Q_2022-02-16_0000006281-22-000020.xlsx,Balance Sheet,"January 29, 2022",TOTAL LIABILITIES AND SHAREHOLDERS’ EQUITY,us-gaap:LiabilitiesAndStockholdersEquity,reported,
cash_flow,us-gaap:NetIncomeLoss,Net income,1Q22,280.077,ADI_SEC-XBRL-financials_as-presented_10-Q_2022-02-16_0000006281-22-000020.xlsx,Cash Flow,"Three Months Ended January 29, 2022",Net income,us-gaap:NetIncomeLoss,reported,
cash_flow,us-gaap:Depreciation,Depreciation,1Q22,65.165,ADI_SEC-XBRL-financials_as-presented_10-Q_2022-02-16_0000006281-22-000020.xlsx,Cash Flow,"Three Months Ended January 29, 2022",Depreciation,us-gaap:Depreciation,reported,
cash_flow,us-gaap:AmortizationOfIntangibleAssets,Amortization of intangibles,1Q22,504.645,ADI_SEC-XBRL-financials_as-presented_10-Q_2022-02-16_0000006281-22-000020.xlsx,Cash Flow,"Three Months Ended January 29, 2022",Amortization of intangibles,us-gaap:AmortizationOfIntangibleAssets,reported,
cash_flow,us-gaap:ShareBasedCompensation,Stock-based compensation expense,1Q22,86.939,ADI_SEC-XBRL-financials_as-presented_10-Q_2022-02-16_0000006281-22-000020.xlsx,Cash Flow,"Three Months Ended January 29, 2022",Stock-based compensation expense,us-gaap:ShareBasedCompensation,reported,
cash_flow,adi:CostOfGoodsAndServicesSoldForInventoryAcquired,Cost of goods sold for inventory acquired,1Q22,271.396,ADI_SEC-XBRL-financials_as-presented_10-Q_2022-02-16_0000006281-22-000020.xlsx,Cash Flow,"Three Months Ended January 29, 2022",Cost of goods sold for inventory acquired,adi:CostOfGoodsAndServicesSoldForInventoryAcquired,reported,
cash_flow,us-gaap:DeferredIncomeTaxExpenseBenefit,Deferred income taxes,1Q22,-34.651,ADI_SEC-XBRL-financials_as-presented_10-Q_2022-02-16_0000006281-22-000020.xlsx,Cash Flow,"Three Months Ended January 29, 2022",Deferred income taxes,us-gaap:DeferredIncomeTaxExpenseBenefit,reported,
cash_flow,us-gaap:OtherNoncashIncomeExpense,Other non-cash activity,1Q22,-1.748,ADI_SEC-XBRL-financials_as-presented_10-Q_2022-02-16_0000006281-22-000020.xlsx,Cash Flow,"Three Months Ended January 29, 2022",Other,us-gaap:OtherNoncashIncomeExpense,reported,
cash_flow,us-gaap:IncreaseDecreaseInOperatingCapital,Changes in operating assets and liabilities,1Q22,-315.41,ADI_SEC-XBRL-financials_as-presented_10-Q_2022-02-16_0000006281-22-000020.xlsx,Cash Flow,"Three Months Ended January 29, 2022",Changes in operating assets and liabilities,us-gaap:IncreaseDecreaseInOperatingCapital,reported,
cash_flow,us-gaap:AdjustmentsToReconcileNetIncomeLossToCashProvidedByUsedInOperatingActivities,Total adjustments,1Q22,576.336,ADI_SEC-XBRL-financials_as-presented_10-Q_2022-02-16_0000006281-22-000020.xlsx,Cash Flow,"Three Months Ended January 29, 2022",Total adjustments,us-gaap:AdjustmentsToReconcileNetIncomeLossToCashProvidedByUsedInOperatingActivities,reported,
cash_flow,us-gaap:NetCashProvidedByUsedInOperatingActivities,Net cash provided by operating activities,1Q22,856.413,ADI_SEC-XBRL-financials_as-presented_10-Q_2022-02-16_0000006281-22-000020.xlsx,Cash Flow,"Three Months Ended January 29, 2022",Net cash provided by operating activities,us-gaap:NetCashProvidedByUsedInOperatingActivities,reported,
cash_flow,us-gaap:PaymentsToAcquirePropertyPlantAndEquipment,"Additions to property, plant and equipment",1Q22,-111.133,ADI_SEC-XBRL-financials_as-presented_10-Q_2022-02-16_0000006281-22-000020.xlsx,Cash Flow,"Three Months Ended January 29, 2022","Additions to property, plant and equipment",us-gaap:PaymentsToAcquirePropertyPlantAndEquipment,reported,
cash_flow,adi:IncreaseDecreaseInOtherAssetsInvesting,Changes in other assets,1Q22,7.824,ADI_SEC-XBRL-financials_as-presented_10-Q_2022-02-16_0000006281-22-000020.xlsx,Cash Flow,"Three Months Ended January 29, 2022",Other,adi:IncreaseDecreaseInOtherAssetsInvesting,reported,
cash_flow,us-gaap:NetCashProvidedByUsedInInvestingActivities,Net cash used for investing activities,1Q22,-103.309,ADI_SEC-XBRL-financials_as-presented_10-Q_2022-02-16_0000006281-22-000020.xlsx,Cash Flow,"Three Months Ended January 29, 2022",Net cash used for investing activities,us-gaap:NetCashProvidedByUsedInInvestingActivities,reported,
cash_flow,us-gaap:RepaymentsOfDebt,Debt repayments,1Q22,-519.116,ADI_SEC-XBRL-financials_as-presented_10-Q_2022-02-16_0000006281-22-000020.xlsx,Cash Flow,"Three Months Ended January 29, 2022",Early termination of debt,us-gaap:RepaymentsOfDebt,reported,
cash_flow,us-gaap:PaymentsOfDividendsCommonStock,Dividend payments to shareholders,1Q22,-362.645,ADI_SEC-XBRL-financials_as-presented_10-Q_2022-02-16_0000006281-22-000020.xlsx,Cash Flow,"Three Months Ended January 29, 2022",Dividend payments to shareholders,us-gaap:PaymentsOfDividendsCommonStock,reported,
cash_flow,us-gaap:PaymentsForRepurchaseOfCommonStock,Repurchase of common stock,1Q22,-76.019,ADI_SEC-XBRL-financials_as-presented_10-Q_2022-02-16_0000006281-22-000020.xlsx,Cash Flow,"Three Months Ended January 29, 2022",Repurchase of common stock,us-gaap:PaymentsForRepurchaseOfCommonStock,reported,
cash_flow,us-gaap:ProceedsFromStockPlans,Proceeds from employee stock plans,1Q22,8.471,ADI_SEC-XBRL-financials_as-presented_10-Q_2022-02-16_0000006281-22-000020.xlsx,Cash Flow,"Three Months Ended January 29, 2022",Proceeds from employee stock plans,us-gaap:ProceedsFromStockPlans,reported,
cash_flow,us-gaap:ProceedsFromPaymentsForOtherFinancingActivities,Changes in other financing activities,1Q22,12.041,ADI_SEC-XBRL-financials_as-presented_10-Q_2022-02-16_0000006281-22-000020.xlsx,Cash Flow,"Three Months Ended January 29, 2022",Other,us-gaap:ProceedsFromPaymentsForOtherFinancingActivities,reported,
cash_flow,us-gaap:NetCashProvidedByUsedInFinancingActivities,Net cash used for financing activities,1Q22,-937.268,ADI_SEC-XBRL-financials_as-presented_10-Q_2022-02-16_0000006281-22-000020.xlsx,Cash Flow,"Three Months Ended January 29, 2022",Net cash used for financing activities,us-gaap:NetCashProvidedByUsedInFinancingActivities,reported,
cash_flow,us-gaap:EffectOfExchangeRateOnCashCashEquivalentsRestrictedCashAndRestrictedCashEquivalents,Effect of exchange rate changes on cash,1Q22,-3.401,ADI_SEC-XBRL-financials_as-presented_10-Q_2022-02-16_0000006281-22-000020.xlsx,Cash Flow,"Three Months Ended January 29, 2022",Effect of exchange rate changes on cash,us-gaap:EffectOfExchangeRateOnCashCashEquivalentsRestrictedCashAndRestrictedCashEquivalents,reported,
cash_flow,us-gaap:CashCashEquivalentsRestrictedCashAndRestrictedCashEquivalentsPeriodIncreaseDecreaseIncludingExchangeRateEffect,Net decrease in cash and cash equivalents,1Q22,-187.565,ADI_SEC-XBRL-financials_as-presented_10-Q_2022-02-16_0000006281-22-000020.xlsx,Cash Flow,"Three Months Ended January 29, 2022",Net decrease in cash and cash equivalents,us-gaap:CashCashEquivalentsRestrictedCashAndRestrictedCashEquivalentsPeriodIncreaseDecreaseIncludingExchangeRateEffect,reported,
cash_flow,us-gaap:CashCashEquivalentsRestrictedCashAndRestrictedCashEquivalents,Cash and cash equivalents at beginning of period,1Q22,1977.964,ADI_SEC-XBRL-financials_as-presented_10-Q_2022-02-16_0000006281-22-000020.xlsx,Cash Flow,"Three Months Ended January 29, 2022",Cash and cash equivalents at beginning of period,us-gaap:CashCashEquivalentsRestrictedCashAndRestrictedCashEquivalents,reported,
income_statement,us-gaap:RevenueFromContractWithCustomerExcludingAssessedTax,Revenue,2Q22,2972.064,ADI_SEC-XBRL-financials_as-presented_10-Q_2022-05-18_0000006281-22-000168.xlsx,Income Statement,"Three Months Ended April 30, 2022",Revenue,us-gaap:RevenueFromContractWithCustomerExcludingAssessedTax,reported,
income_statement,us-gaap:RevenueFromContractWithCustomerExcludingAssessedTax,Revenue,6M22,5656.357,ADI_SEC-XBRL-financials_as-presented_10-Q_2022-05-18_0000006281-22-000168.xlsx,Income Statement,"Six Months Ended April 30, 2022",Revenue,us-gaap:RevenueFromContractWithCustomerExcludingAssessedTax,reported,
income_statement,us-gaap:CostOfGoodsAndServicesSold,Cost of sales,2Q22,1027.544,ADI_SEC-XBRL-financials_as-presented_10-Q_2022-05-18_0000006281-22-000168.xlsx,Income Statement,"Three Months Ended April 30, 2022",Cost of sales,us-gaap:CostOfGoodsAndServicesSold,reported,
income_statement,us-gaap:CostOfGoodsAndServicesSold,Cost of sales,6M22,2309.84,ADI_SEC-XBRL-financials_as-presented_10-Q_2022-05-18_0000006281-22-000168.xlsx,Income Statement,"Six Months Ended April 30, 2022",Cost of sales,us-gaap:CostOfGoodsAndServicesSold,reported,
income_statement,us-gaap:GrossProfit,Gross margin,2Q22,1944.52,ADI_SEC-XBRL-financials_as-presented_10-Q_2022-05-18_0000006281-22-000168.xlsx,Income Statement,"Three Months Ended April 30, 2022",Gross margin,us-gaap:GrossProfit,reported,
income_statement,us-gaap:GrossProfit,Gross margin,6M22,3346.517,ADI_SEC-XBRL-financials_as-presented_10-Q_2022-05-18_0000006281-22-000168.xlsx,Income Statement,"Six Months Ended April 30, 2022",Gross margin,us-gaap:GrossProfit,reported,
income_statement,us-gaap:ResearchAndDevelopmentExpense,Research and development,2Q22,420.901,ADI_SEC-XBRL-financials_as-presented_10-Q_2022-05-18_0000006281-22-000168.xlsx,Income Statement,"Three Months Ended April 30, 2022",Research and development,us-gaap:ResearchAndDevelopmentExpense,reported,
income_statement,us-gaap:ResearchAndDevelopmentExpense,Research and development,6M22,847.681,ADI_SEC-XBRL-financials_as-presented_10-Q_2022-05-18_0000006281-22-000168.xlsx,Income Statement,"Six Months Ended April 30, 2022",Research and development,us-gaap:ResearchAndDevelopmentExpense,reported,
income_statement,us-gaap:SellingGeneralAndAdministrativeExpense,"Selling, marketing, general and administrative",2Q22,305.308,ADI_SEC-XBRL-financials_as-presented_10-Q_2022-05-18_0000006281-22-000168.xlsx,Income Statement,"Three Months Ended April 30, 2022","Selling, marketing, general and administrative",us-gaap:SellingGeneralAndAdministrativeExpense,reported,
income_statement,us-gaap:SellingGeneralAndAdministrativeExpense,"Selling, marketing, general and administrative",6M22,602.673,ADI_SEC-XBRL-financials_as-presented_10-Q_2022-05-18_0000006281-22-000168.xlsx,Income Statement,"Six Months Ended April 30, 2022","Selling, marketing, general and administrative",us-gaap:SellingGeneralAndAdministrativeExpense,reported,
income_statement,adi:AmortizationofintangibleAssetsOperatingExpenses,Amortization of intangibles,2Q22,253.476,ADI_SEC-XBRL-financials_as-presented_10-Q_2022-05-18_0000006281-22-000168.xlsx,Income Statement,"Three Months Ended April 30, 2022",Amortization of intangibles,adi:OperatingExpensesAmortizationOfIntangibles,reported,
income_statement,adi:AmortizationofintangibleAssetsOperatingExpenses,Amortization of intangibles,6M22,506.843,ADI_SEC-XBRL-financials_as-presented_10-Q_2022-05-18_0000006281-22-000168.xlsx,Income Statement,"Six Months Ended April 30, 2022",Amortization of intangibles,adi:OperatingExpensesAmortizationOfIntangibles,reported,
income_statement,us-gaap:RestructuringCharges,Special charges,2Q22,46.674,ADI_SEC-XBRL-financials_as-presented_10-Q_2022-05-18_0000006281-22-000168.xlsx,Income Statement,"Three Months Ended April 30, 2022","Special charges, net",us-gaap:RestructuringSettlementAndImpairmentProvisions,reported,
income_statement,us-gaap:RestructuringCharges,Special charges,6M22,106.402,ADI_SEC-XBRL-financials_as-presented_10-Q_2022-05-18_0000006281-22-000168.xlsx,Income Statement,"Six Months Ended April 30, 2022","Special charges, net",us-gaap:RestructuringSettlementAndImpairmentProvisions,reported,
income_statement,us-gaap:OperatingExpenses,operating expenses operating expenses operating expenses operating expenses,2Q22,1026.359,ADI_SEC-XBRL-financials_as-presented_10-Q_2022-05-18_0000006281-22-000168.xlsx,Income Statement,"Three Months Ended April 30, 2022",Total operating expenses,us-gaap:OperatingExpenses,reported,
income_statement,us-gaap:OperatingExpenses,operating expenses operating expenses operating expenses operating expenses,6M22,2063.599,ADI_SEC-XBRL-financials_as-presented_10-Q_2022-05-18_0000006281-22-000168.xlsx,Income Statement,"Six Months Ended April 30, 2022",Total operating expenses,us-gaap:OperatingExpenses,reported,
income_statement,us-gaap:OperatingIncomeLoss,Operating income,2Q22,918.161,ADI_SEC-XBRL-financials_as-presented_10-Q_2022-05-18_0000006281-22-000168.xlsx,Income Statement,"Three Months Ended April 30, 2022",Operating income:,us-gaap:OperatingIncomeLoss,reported,
income_statement,us-gaap:OperatingIncomeLoss,Operating income,6M22,1282.918,ADI_SEC-XBRL-financials_as-presented_10-Q_2022-05-18_0000006281-22-000168.xlsx,Income Statement,"Six Months Ended April 30, 2022",Operating income:,us-gaap:OperatingIncomeLoss,reported,
income_statement,us-gaap:InterestExpense,Interest expense,2Q22,49.548,ADI_SEC-XBRL-financials_as-presented_10-Q_2022-05-18_0000006281-22-000168.xlsx,Income Statement,"Three Months Ended April 30, 2022",Interest expense,us-gaap:InterestExpense,reported,
income_statement,us-gaap:InterestExpense,Interest expense,6M22,101.512,ADI_SEC-XBRL-financials_as-presented_10-Q_2022-05-18_0000006281-22-000168.xlsx,Income Statement,"Six Months Ended April 30, 2022",Interest expense,us-gaap:InterestExpense,reported,
income_statement,us-gaap:InvestmentIncomeInterest,Interest income,2Q22,-0.563,ADI_SEC-XBRL-financials_as-presented_10-Q_2022-05-18_0000006281-22-000168.xlsx,Income Statement,"Three Months Ended April 30, 2022",Interest income,us-gaap:InvestmentIncomeInterest,reported,
income_statement,us-gaap:InvestmentIncomeInterest,Interest income,6M22,-0.781,ADI_SEC-XBRL-financials_as-presented_10-Q_2022-05-18_0000006281-22-000168.xlsx,Income Statement,"Six Months Ended April 30, 2022",Interest income,us-gaap:InvestmentIncomeInterest,reported,
income_statement,us-gaap:OtherNonoperatingIncomeExpense,"Other, net",2Q22,-10.069,ADI_SEC-XBRL-financials_as-presented_10-Q_2022-05-18_0000006281-22-000168.xlsx,Income Statement,"Three Months Ended April 30, 2022","Other, net",us-gaap:OtherNonoperatingIncomeExpense,reported,
income_statement,us-gaap:OtherNonoperatingIncomeExpense,"Other, net",6M22,-20.613,ADI_SEC-XBRL-financials_as-presented_10-Q_2022-05-18_0000006281-22-000168.xlsx,Income Statement,"Six Months Ended April 30, 2022","Other, net",us-gaap:OtherNonoperatingIncomeExpense,reported,
income_statement,us-gaap:NonoperatingIncomeExpense,nonoperating income expense nonoperating income expense nonoperating income expense nonoperating income expense,2Q22,38.916,ADI_SEC-XBRL-financials_as-presented_10-Q_2022-05-18_0000006281-22-000168.xlsx,Income Statement,"Three Months Ended April 30, 2022",Total nonoperating expense (income),us-gaap:NonoperatingIncomeExpense,reported,
income_statement,us-gaap:NonoperatingIncomeExpense,nonoperating income expense nonoperating income expense nonoperating income expense nonoperating income expense,6M22,80.118,ADI_SEC-XBRL-financials_as-presented_10-Q_2022-05-18_0000006281-22-000168.xlsx,Income Statement,"Six Months Ended April 30, 2022",Total nonoperating expense (income),us-gaap:NonoperatingIncomeExpense,reported,
income_statement,us-gaap:IncomeLossFromContinuingOperationsBeforeIncomeTaxesMinorityInterestAndIncomeLossFromEquityMethodInvestments,Income before income taxes,2Q22,879.245,ADI_SEC-XBRL-financials_as-presented_10-Q_2022-05-18_0000006281-22-000168.xlsx,Income Statement,"Three Months Ended April 30, 2022",Income before income taxes,us-gaap:IncomeLossFromContinuingOperationsBeforeIncomeTaxesExtraordinaryItemsNoncontrollingInterest,reported,
income_statement,us-gaap:IncomeLossFromContinuingOperationsBeforeIncomeTaxesMinorityInterestAndIncomeLossFromEquityMethodInvestments,Income before income taxes,6M22,1202.8,ADI_SEC-XBRL-financials_as-presented_10-Q_2022-05-18_0000006281-22-000168.xlsx,Income Statement,"Six Months Ended April 30, 2022",Income before income taxes,us-gaap:IncomeLossFromContinuingOperationsBeforeIncomeTaxesExtraordinaryItemsNoncontrollingInterest,reported,
income_statement,us-gaap:IncomeTaxExpenseBenefit,Provision for income taxes,2Q22,95.972,ADI_SEC-XBRL-financials_as-presented_10-Q_2022-05-18_0000006281-22-000168.xlsx,Income Statement,"Three Months Ended April 30, 2022",Provision for income taxes,us-gaap:IncomeTaxExpenseBenefit,reported,
income_statement,us-gaap:IncomeTaxExpenseBenefit,Provision for income taxes,6M22,139.45,ADI_SEC-XBRL-financials_as-presented_10-Q_2022-05-18_0000006281-22-000168.xlsx,Income Statement,"Six Months Ended April 30, 2022",Provision for income taxes,us-gaap:IncomeTaxExpenseBenefit,reported,
income_statement,us-gaap:NetIncomeLoss,Net income,2Q22,783.273,ADI_SEC-XBRL-financials_as-presented_10-Q_2022-05-18_0000006281-22-000168.xlsx,Income Statement,"Three Months Ended April 30, 2022",Net income,us-gaap:NetIncomeLoss,reported,
income_statement,us-gaap:NetIncomeLoss,Net income,6M22,1063.35,ADI_SEC-XBRL-financials_as-presented_10-Q_2022-05-18_0000006281-22-000168.xlsx,Income Statement,"Six Months Ended April 30, 2022",Net income,us-gaap:NetIncomeLoss,reported,
income_statement,us-gaap:WeightedAverageNumberOfSharesOutstandingBasic,Shares used to compute earnings per common share – basic,2Q22,522.37,ADI_SEC-XBRL-financials_as-presented_10-Q_2022-05-18_0000006281-22-000168.xlsx,Income Statement,"Three Months Ended April 30, 2022",Shares used to compute earnings per common share – basic,us-gaap:WeightedAverageNumberOfSharesOutstandingBasic,reported,
income_statement,us-gaap:WeightedAverageNumberOfSharesOutstandingBasic,Shares used to compute earnings per common share – basic,6M22,523.831,ADI_SEC-XBRL-financials_as-presented_10-Q_2022-05-18_0000006281-22-000168.xlsx,Income Statement,"Six Months Ended April 30, 2022",Shares used to compute earnings per common share – basic,us-gaap:WeightedAverageNumberOfSharesOutstandingBasic,reported,
income_statement,us-gaap:WeightedAverageNumberOfDilutedSharesOutstanding,Shares used to compute earnings per common share – diluted,2Q22,526.264,ADI_SEC-XBRL-financials_as-presented_10-Q_2022-05-18_0000006281-22-000168.xlsx,Income Statement,"Three Months Ended April 30, 2022",Shares used to compute earnings per common share – diluted,us-gaap:WeightedAverageNumberOfDilutedSharesOutstanding,reported,
income_statement,us-gaap:WeightedAverageNumberOfDilutedSharesOutstanding,Shares used to compute earnings per common share – diluted,6M22,528.203,ADI_SEC-XBRL-financials_as-presented_10-Q_2022-05-18_0000006281-22-000168.xlsx,Income Statement,"Six Months Ended April 30, 2022",Shares used to compute earnings per common share – diluted,us-gaap:WeightedAverageNumberOfDilutedSharesOutstanding,reported,
income_statement,us-gaap:IncomeLossFromContinuingOperationsPerBasicShare,Basic earnings per common share,2Q22,1.5,ADI_SEC-XBRL-financials_as-presented_10-Q_2022-05-18_0000006281-22-000168.xlsx,Income Statement,"Three Months Ended April 30, 2022",Basic earnings per common share,us-gaap:EarningsPerShareBasic,reported,
income_statement,us-gaap:IncomeLossFromContinuingOperationsPerBasicShare,Basic earnings per common share,6M22,2.03,ADI_SEC-XBRL-financials_as-presented_10-Q_2022-05-18_0000006281-22-000168.xlsx,Income Statement,"Six Months Ended April 30, 2022",Basic earnings per common share,us-gaap:EarningsPerShareBasic,reported,
income_statement,us-gaap:IncomeLossFromContinuingOperationsPerDilutedShare,Diluted earnings per common share,2Q22,1.49,ADI_SEC-XBRL-financials_as-presented_10-Q_2022-05-18_0000006281-22-000168.xlsx,Income Statement,"Three Months Ended April 30, 2022",Diluted earnings per common share,us-gaap:EarningsPerShareDiluted,reported,
income_statement,us-gaap:IncomeLossFromContinuingOperationsPerDilutedShare,Diluted earnings per common share,6M22,2.01,ADI_SEC-XBRL-financials_as-presented_10-Q_2022-05-18_0000006281-22-000168.xlsx,Income Statement,"Six Months Ended April 30, 2022",Diluted earnings per common share,us-gaap:EarningsPerShareDiluted,reported,
balance_sheet,us-gaap:CashAndCashEquivalentsAtCarryingValue,Cash and cash equivalents,2Q22,1737.733,ADI_SEC-XBRL-financials_as-presented_10-Q_2022-05-18_0000006281-22-000168.xlsx,Balance Sheet,"April 30, 2022",Cash and cash equivalents,us-gaap:CashAndCashEquivalentsAtCarryingValue,reported,
balance_sheet,us-gaap:AccountsReceivableNetCurrent,Accounts receivable,2Q22,1608.254,ADI_SEC-XBRL-financials_as-presented_10-Q_2022-05-18_0000006281-22-000168.xlsx,Balance Sheet,"April 30, 2022",Accounts receivable,us-gaap:AccountsReceivableNetCurrent,reported,
balance_sheet,us-gaap:InventoryNet,Inventories (2),2Q22,1075.297,ADI_SEC-XBRL-financials_as-presented_10-Q_2022-05-18_0000006281-22-000168.xlsx,Balance Sheet,"April 30, 2022",Inventories,us-gaap:InventoryNet,reported,
balance_sheet,us-gaap:PrepaidExpenseAndOtherAssetsCurrent,Prepaid expenses and other current assets,2Q22,212.905,ADI_SEC-XBRL-financials_as-presented_10-Q_2022-05-18_0000006281-22-000168.xlsx,Balance Sheet,"April 30, 2022",Prepaid expenses and other current assets,us-gaap:PrepaidExpenseAndOtherAssetsCurrent,reported,
balance_sheet,us-gaap:AssetsCurrent,Total current assets,2Q22,4634.189,ADI_SEC-XBRL-financials_as-presented_10-Q_2022-05-18_0000006281-22-000168.xlsx,Balance Sheet,"April 30, 2022",Total current assets,us-gaap:AssetsCurrent,reported,
balance_sheet,us-gaap:PropertyPlantAndEquipmentNet,"Net property, plant and equipment",2Q22,2094.148,ADI_SEC-XBRL-financials_as-presented_10-Q_2022-05-18_0000006281-22-000168.xlsx,Balance Sheet,"April 30, 2022","Net property, plant and equipment",us-gaap:PropertyPlantAndEquipmentNet,reported,
balance_sheet,us-gaap:Goodwill,Goodwill,2Q22,26923.756,ADI_SEC-XBRL-financials_as-presented_10-Q_2022-05-18_0000006281-22-000168.xlsx,Balance Sheet,"April 30, 2022",Goodwill,us-gaap:Goodwill,reported,
balance_sheet,us-gaap:IntangibleAssetsNetExcludingGoodwill,"Intangible assets, net",2Q22,14258.728,ADI_SEC-XBRL-financials_as-presented_10-Q_2022-05-18_0000006281-22-000168.xlsx,Balance Sheet,"April 30, 2022","Intangible assets, net",us-gaap:IntangibleAssetsNetExcludingGoodwill,reported,
balance_sheet,us-gaap:DeferredIncomeTaxAssetsNet,Deferred tax assets,2Q22,2325.317,ADI_SEC-XBRL-financials_as-presented_10-Q_2022-05-18_0000006281-22-000168.xlsx,Balance Sheet,"April 30, 2022",Deferred tax assets,us-gaap:DeferredIncomeTaxAssetsNet,reported,
balance_sheet,us-gaap:OtherAssetsNoncurrent,Other assets,2Q22,564.514,ADI_SEC-XBRL-financials_as-presented_10-Q_2022-05-18_0000006281-22-000168.xlsx,Balance Sheet,"April 30, 2022",Other assets,us-gaap:OtherAssetsNoncurrent,reported,
balance_sheet,us-gaap:AssetsNoncurrent,Total other assets,2Q22,46166.463,ADI_SEC-XBRL-financials_as-presented_10-Q_2022-05-18_0000006281-22-000168.xlsx,Balance Sheet,"April 30, 2022",Total non-current assets,us-gaap:AssetsNoncurrent,reported,
balance_sheet,us-gaap:Assets,assets assets,2Q22,50800.652,ADI_SEC-XBRL-financials_as-presented_10-Q_2022-05-18_0000006281-22-000168.xlsx,Balance Sheet,"April 30, 2022",TOTAL ASSETS,us-gaap:Assets,reported,
balance_sheet,us-gaap:AccountsPayableCurrent,Accounts payable,2Q22,451.443,ADI_SEC-XBRL-financials_as-presented_10-Q_2022-05-18_0000006281-22-000168.xlsx,Balance Sheet,"April 30, 2022",Accounts payable,us-gaap:AccountsPayableCurrent,reported,
balance_sheet,us-gaap:AccruedIncomeTaxesCurrent,Income taxes payable,2Q22,337.362,ADI_SEC-XBRL-financials_as-presented_10-Q_2022-05-18_0000006281-22-000168.xlsx,Balance Sheet,"April 30, 2022",Income taxes payable,us-gaap:AccruedIncomeTaxesCurrent,reported,
balance_sheet,us-gaap:AccruedLiabilitiesCurrent,Accrued liabilities,2Q22,1537.407,ADI_SEC-XBRL-financials_as-presented_10-Q_2022-05-18_0000006281-22-000168.xlsx,Balance Sheet,"April 30, 2022",Accrued liabilities,us-gaap:AccruedLiabilitiesCurrent,reported,
balance_sheet,us-gaap:LiabilitiesCurrent,Total current liabilities,2Q22,2326.212,ADI_SEC-XBRL-financials_as-presented_10-Q_2022-05-18_0000006281-22-000168.xlsx,Balance Sheet,"April 30, 2022",Total current liabilities,us-gaap:LiabilitiesCurrent,reported,
balance_sheet,us-gaap:UnsecuredLongTermDebt,Long-term debt,2Q22,6253.215,ADI_SEC-XBRL-financials_as-presented_10-Q_2022-05-18_0000006281-22-000168.xlsx,Balance Sheet,"April 30, 2022",Long-term debt,us-gaap:UnsecuredLongTermDebt,reported,
balance_sheet,us-gaap:DeferredIncomeTaxLiabilitiesNet,Deferred income taxes,2Q22,3873.084,ADI_SEC-XBRL-financials_as-presented_10-Q_2022-05-18_0000006281-22-000168.xlsx,Balance Sheet,"April 30, 2022",Deferred income taxes,us-gaap:DeferredIncomeTaxLiabilitiesNet,reported,
balance_sheet,us-gaap:AccruedIncomeTaxesNoncurrent,Income taxes payable,2Q22,698.525,ADI_SEC-XBRL-financials_as-presented_10-Q_2022-05-18_0000006281-22-000168.xlsx,Balance Sheet,"April 30, 2022",Income taxes payable,us-gaap:AccruedIncomeTaxesNoncurrent,reported,
balance_sheet,us-gaap:OtherLiabilitiesNoncurrent,Other non-current liabilities,2Q22,549.834,ADI_SEC-XBRL-financials_as-presented_10-Q_2022-05-18_0000006281-22-000168.xlsx,Balance Sheet,"April 30, 2022",Other non-current liabilities,us-gaap:OtherLiabilitiesNoncurrent,reported,
balance_sheet,us-gaap:LiabilitiesNoncurrent,Total non-current liabilities,2Q22,11374.658,ADI_SEC-XBRL-financials_as-presented_10-Q_2022-05-18_0000006281-22-000168.xlsx,Balance Sheet,"April 30, 2022",Total non-current liabilities,us-gaap:LiabilitiesNoncurrent,reported,
balance_sheet,us-gaap:CommonStockParOrStatedValuePerShare,"Common stock, 0.16 2/3 par value, 1,200,000,000 shares authorized, 368,220,091 shares outstanding (368,302,369 on November 2, 2019)",2Q22,86.636,ADI_SEC-XBRL-financials_as-presented_10-Q_2022-05-18_0000006281-22-000168.xlsx,Balance Sheet,"April 30, 2022","Common stock, $0.16 2/3 par value, 1,200,000,000 shares authorized, 519,806,028 shares outstanding (525,330,672 on October 30, 2021)",us-gaap:CommonStockParOrStatedValuePerShare,reported,
balance_sheet,us-gaap:AdditionalPaidInCapitalCommonStock,Capital in excess of par value,2Q22,29400.284,ADI_SEC-XBRL-financials_as-presented_10-Q_2022-05-18_0000006281-22-000168.xlsx,Balance Sheet,"April 30, 2022",Capital in excess of par value,us-gaap:AdditionalPaidInCapitalCommonStock,reported,
balance_sheet,us-gaap:RetainedEarningsAccumulatedDeficit,Retained earnings,2Q22,7820.477,ADI_SEC-XBRL-financials_as-presented_10-Q_2022-05-18_0000006281-22-000168.xlsx,Balance Sheet,"April 30, 2022",Retained earnings,us-gaap:RetainedEarningsAccumulatedDeficit,reported,
balance_sheet,us-gaap:AccumulatedOtherComprehensiveIncomeLossNetOfTax,Accumulated other comprehensive loss,2Q22,-207.615,ADI_SEC-XBRL-financials_as-presented_10-Q_2022-05-18_0000006281-22-000168.xlsx,Balance Sheet,"April 30, 2022",Accumulated other comprehensive loss,us-gaap:AccumulatedOtherComprehensiveIncomeLossNetOfTax,reported,
balance_sheet,us-gaap:StockholdersEquity,Total shareholders’ equity,2Q22,37099.782,ADI_SEC-XBRL-financials_as-presented_10-Q_2022-05-18_0000006281-22-000168.xlsx,Balance Sheet,"April 30, 2022",Total shareholders’ equity,us-gaap:StockholdersEquity,reported,
balance_sheet,us-gaap:LiabilitiesAndStockholdersEquity,liabilities and stockholders equity liabilities and stockholders equity,2Q22,50800.652,ADI_SEC-XBRL-financials_as-presented_10-Q_2022-05-18_0000006281-22-000168.xlsx,Balance Sheet,"April 30, 2022",TOTAL LIABILITIES AND SHAREHOLDERS’ EQUITY,us-gaap:LiabilitiesAndStockholdersEquity,reported,
cash_flow,us-gaap:NetIncomeLoss,Net income,6M22,1063.35,ADI_SEC-XBRL-financials_as-presented_10-Q_2022-05-18_0000006281-22-000168.xlsx,Cash Flow,"Six Months Ended April 30, 2022",Net income,us-gaap:NetIncomeLoss,reported,
cash_flow,us-gaap:Depreciation,Depreciation,6M22,137.016,ADI_SEC-XBRL-financials_as-presented_10-Q_2022-05-18_0000006281-22-000168.xlsx,Cash Flow,"Six Months Ended April 30, 2022",Depreciation,us-gaap:Depreciation,reported,
cash_flow,us-gaap:AmortizationOfIntangibleAssets,Amortization of intangibles,6M22,1008.9,ADI_SEC-XBRL-financials_as-presented_10-Q_2022-05-18_0000006281-22-000168.xlsx,Cash Flow,"Six Months Ended April 30, 2022",Amortization of intangibles,us-gaap:AmortizationOfIntangibleAssets,reported,
cash_flow,us-gaap:ShareBasedCompensation,Stock-based compensation expense,6M22,157.935,ADI_SEC-XBRL-financials_as-presented_10-Q_2022-05-18_0000006281-22-000168.xlsx,Cash Flow,"Six Months Ended April 30, 2022",Stock-based compensation expense,us-gaap:ShareBasedCompensation,reported,
cash_flow,adi:CostOfGoodsAndServicesSoldForInventoryAcquired,Cost of goods sold for inventory acquired,6M22,271.396,ADI_SEC-XBRL-financials_as-presented_10-Q_2022-05-18_0000006281-22-000168.xlsx,Cash Flow,"Six Months Ended April 30, 2022",Cost of goods sold for inventory acquired,adi:CostOfGoodsAndServicesSoldForInventoryAcquired,reported,
cash_flow,us-gaap:DeferredIncomeTaxExpenseBenefit,Deferred income taxes,6M22,-122.992,ADI_SEC-XBRL-financials_as-presented_10-Q_2022-05-18_0000006281-22-000168.xlsx,Cash Flow,"Six Months Ended April 30, 2022",Deferred income taxes,us-gaap:DeferredIncomeTaxExpenseBenefit,reported,
cash_flow,adi:NonCashOperatingLeaseCosts,Non-cash operating lease costs,6M22,-27.697,ADI_SEC-XBRL-financials_as-presented_10-Q_2022-05-18_0000006281-22-000168.xlsx,Cash Flow,"Six Months Ended April 30, 2022",Non-cash operating lease costs,adi:NonCashOperatingLeaseCosts,reported,
cash_flow,us-gaap:OtherNoncashIncomeExpense,Other non-cash activity,6M22,-10.225,ADI_SEC-XBRL-financials_as-presented_10-Q_2022-05-18_0000006281-22-000168.xlsx,Cash Flow,"Six Months Ended April 30, 2022",Other,us-gaap:OtherNoncashIncomeExpense,reported,
cash_flow,us-gaap:IncreaseDecreaseInOperatingCapital,Changes in operating assets and liabilities,6M22,-399.463,ADI_SEC-XBRL-financials_as-presented_10-Q_2022-05-18_0000006281-22-000168.xlsx,Cash Flow,"Six Months Ended April 30, 2022",Changes in operating assets and liabilities,us-gaap:IncreaseDecreaseInOperatingCapital,reported,
cash_flow,us-gaap:AdjustmentsToReconcileNetIncomeLossToCashProvidedByUsedInOperatingActivities,Total adjustments,6M22,1014.87,ADI_SEC-XBRL-financials_as-presented_10-Q_2022-05-18_0000006281-22-000168.xlsx,Cash Flow,"Six Months Ended April 30, 2022",Total adjustments,us-gaap:AdjustmentsToReconcileNetIncomeLossToCashProvidedByUsedInOperatingActivities,reported,
cash_flow,us-gaap:NetCashProvidedByUsedInOperatingActivities,Net cash provided by operating activities,6M22,2078.22,ADI_SEC-XBRL-financials_as-presented_10-Q_2022-05-18_0000006281-22-000168.xlsx,Cash Flow,"Six Months Ended April 30, 2022",Net cash provided by operating activities,us-gaap:NetCashProvidedByUsedInOperatingActivities,reported,
cash_flow,us-gaap:PaymentsToAcquirePropertyPlantAndEquipment,"Additions to property, plant and equipment",6M22,-229.912,ADI_SEC-XBRL-financials_as-presented_10-Q_2022-05-18_0000006281-22-000168.xlsx,Cash Flow,"Six Months Ended April 30, 2022","Additions to property, plant and equipment",us-gaap:PaymentsToAcquirePropertyPlantAndEquipment,reported,
cash_flow,us-gaap:PaymentsForProceedsFromOtherInvestingActivities,Changes in other assets,6M22,13.01,ADI_SEC-XBRL-financials_as-presented_10-Q_2022-05-18_0000006281-22-000168.xlsx,Cash Flow,"Six Months Ended April 30, 2022",Other,us-gaap:PaymentsForProceedsFromOtherInvestingActivities,reported,
cash_flow,us-gaap:NetCashProvidedByUsedInInvestingActivities,Net cash used for investing activities,6M22,-216.902,ADI_SEC-XBRL-financials_as-presented_10-Q_2022-05-18_0000006281-22-000168.xlsx,Cash Flow,"Six Months Ended April 30, 2022",Net cash used for investing activities,us-gaap:NetCashProvidedByUsedInInvestingActivities,reported,
cash_flow,us-gaap:RepaymentsOfDebt,Debt repayments,6M22,-519.116,ADI_SEC-XBRL-financials_as-presented_10-Q_2022-05-18_0000006281-22-000168.xlsx,Cash Flow,"Six Months Ended April 30, 2022",Early termination of debt,us-gaap:RepaymentsOfDebt,reported,
cash_flow,us-gaap:PaymentsOfDividendsCommonStock,Dividend payments to shareholders,6M22,-760.189,ADI_SEC-XBRL-financials_as-presented_10-Q_2022-05-18_0000006281-22-000168.xlsx,Cash Flow,"Six Months Ended April 30, 2022",Dividend payments to shareholders,us-gaap:PaymentsOfDividendsCommonStock,reported,
cash_flow,us-gaap:PaymentsForRepurchaseOfCommonStock,Repurchase of common stock,6M22,-852.86,ADI_SEC-XBRL-financials_as-presented_10-Q_2022-05-18_0000006281-22-000168.xlsx,Cash Flow,"Six Months Ended April 30, 2022",Repurchase of common stock,us-gaap:PaymentsForRepurchaseOfCommonStock,reported,
cash_flow,us-gaap:ProceedsFromStockPlans,Proceeds from employee stock plans,6M22,20.054,ADI_SEC-XBRL-financials_as-presented_10-Q_2022-05-18_0000006281-22-000168.xlsx,Cash Flow,"Six Months Ended April 30, 2022",Proceeds from employee stock plans,us-gaap:ProceedsFromStockPlans,reported,
cash_flow,us-gaap:ProceedsFromPaymentsForOtherFinancingActivities,Changes in other financing activities,6M22,26.657,ADI_SEC-XBRL-financials_as-presented_10-Q_2022-05-18_0000006281-22-000168.xlsx,Cash Flow,"Six Months Ended April 30, 2022",Other,us-gaap:ProceedsFromPaymentsForOtherFinancingActivities,reported,
cash_flow,us-gaap:NetCashProvidedByUsedInFinancingActivities,Net cash used for financing activities,6M22,-2085.454,ADI_SEC-XBRL-financials_as-presented_10-Q_2022-05-18_0000006281-22-000168.xlsx,Cash Flow,"Six Months Ended April 30, 2022",Net cash used for financing activities,us-gaap:NetCashProvidedByUsedInFinancingActivities,reported,
cash_flow,us-gaap:EffectOfExchangeRateOnCashCashEquivalentsRestrictedCashAndRestrictedCashEquivalents,Effect of exchange rate changes on cash,6M22,-16.095,ADI_SEC-XBRL-financials_as-presented_10-Q_2022-05-18_0000006281-22-000168.xlsx,Cash Flow,"Six Months Ended April 30, 2022",Effect of exchange rate changes on cash,us-gaap:EffectOfExchangeRateOnCashCashEquivalentsRestrictedCashAndRestrictedCashEquivalents,reported,
cash_flow,us-gaap:CashCashEquivalentsRestrictedCashAndRestrictedCashEquivalentsPeriodIncreaseDecreaseIncludingExchangeRateEffect,Net decrease in cash and cash equivalents,6M22,-240.231,ADI_SEC-XBRL-financials_as-presented_10-Q_2022-05-18_0000006281-22-000168.xlsx,Cash Flow,"Six Months Ended April 30, 2022",Net (decrease) increase in cash and cash equivalents,us-gaap:CashCashEquivalentsRestrictedCashAndRestrictedCashEquivalentsPeriodIncreaseDecreaseIncludingExchangeRateEffect,reported,
cash_flow,us-gaap:CashCashEquivalentsRestrictedCashAndRestrictedCashEquivalents,Cash and cash equivalents at beginning of period,6M22,1977.964,ADI_SEC-XBRL-financials_as-presented_10-Q_2022-05-18_0000006281-22-000168.xlsx,Cash Flow,"Six Months Ended April 30, 2022",Cash and cash equivalents at beginning of period,us-gaap:CashCashEquivalentsRestrictedCashAndRestrictedCashEquivalents,reported,
income_statement,us-gaap:RevenueFromContractWithCustomerExcludingAssessedTax,Revenue,3Q22,3109.88,ADI_SEC-XBRL-financials_as-presented_10-Q_2022-08-17_0000006281-22-000224.xlsx,Income Statement,"Three Months Ended July 30, 2022",Revenue,us-gaap:RevenueFromContractWithCustomerExcludingAssessedTax,reported,
income_statement,us-gaap:RevenueFromContractWithCustomerExcludingAssessedTax,Revenue,9M22,8766.237,ADI_SEC-XBRL-financials_as-presented_10-Q_2022-08-17_0000006281-22-000224.xlsx,Income Statement,"Nine Months Ended July 30, 2022",Revenue,us-gaap:RevenueFromContractWithCustomerExcludingAssessedTax,reported,
income_statement,us-gaap:CostOfGoodsAndServicesSold,Cost of sales,3Q22,1066.738,ADI_SEC-XBRL-financials_as-presented_10-Q_2022-08-17_0000006281-22-000224.xlsx,Income Statement,"Three Months Ended July 30, 2022",Cost of sales,us-gaap:CostOfGoodsAndServicesSold,reported,
income_statement,us-gaap:CostOfGoodsAndServicesSold,Cost of sales,9M22,3376.578,ADI_SEC-XBRL-financials_as-presented_10-Q_2022-08-17_0000006281-22-000224.xlsx,Income Statement,"Nine Months Ended July 30, 2022",Cost of sales,us-gaap:CostOfGoodsAndServicesSold,reported,
income_statement,us-gaap:GrossProfit,Gross margin,3Q22,2043.142,ADI_SEC-XBRL-financials_as-presented_10-Q_2022-08-17_0000006281-22-000224.xlsx,Income Statement,"Three Months Ended July 30, 2022",Gross margin,us-gaap:GrossProfit,reported,
income_statement,us-gaap:GrossProfit,Gross margin,9M22,5389.659,ADI_SEC-XBRL-financials_as-presented_10-Q_2022-08-17_0000006281-22-000224.xlsx,Income Statement,"Nine Months Ended July 30, 2022",Gross margin,us-gaap:GrossProfit,reported,
income_statement,us-gaap:ResearchAndDevelopmentExpense,Research and development,3Q22,431.829,ADI_SEC-XBRL-financials_as-presented_10-Q_2022-08-17_0000006281-22-000224.xlsx,Income Statement,"Three Months Ended July 30, 2022",Research and development,us-gaap:ResearchAndDevelopmentExpense,reported,
income_statement,us-gaap:ResearchAndDevelopmentExpense,Research and development,9M22,1279.51,ADI_SEC-XBRL-financials_as-presented_10-Q_2022-08-17_0000006281-22-000224.xlsx,Income Statement,"Nine Months Ended July 30, 2022",Research and development,us-gaap:ResearchAndDevelopmentExpense,reported,
income_statement,us-gaap:SellingGeneralAndAdministrativeExpense,"Selling, marketing, general and administrative",3Q22,326.942,ADI_SEC-XBRL-financials_as-presented_10-Q_2022-08-17_0000006281-22-000224.xlsx,Income Statement,"Three Months Ended July 30, 2022","Selling, marketing, general and administrative",us-gaap:SellingGeneralAndAdministrativeExpense,reported,
income_statement,us-gaap:SellingGeneralAndAdministrativeExpense,"Selling, marketing, general and administrative",9M22,929.615,ADI_SEC-XBRL-financials_as-presented_10-Q_2022-08-17_0000006281-22-000224.xlsx,Income Statement,"Nine Months Ended July 30, 2022","Selling, marketing, general and administrative",us-gaap:SellingGeneralAndAdministrativeExpense,reported,
income_statement,adi:AmortizationofintangibleAssetsOperatingExpenses,Amortization of intangibles,3Q22,252.864,ADI_SEC-XBRL-financials_as-presented_10-Q_2022-08-17_0000006281-22-000224.xlsx,Income Statement,"Three Months Ended July 30, 2022",Amortization of intangibles,adi:OperatingExpensesAmortizationOfIntangibles,reported,
income_statement,adi:AmortizationofintangibleAssetsOperatingExpenses,Amortization of intangibles,9M22,759.707,ADI_SEC-XBRL-financials_as-presented_10-Q_2022-08-17_0000006281-22-000224.xlsx,Income Statement,"Nine Months Ended July 30, 2022",Amortization of intangibles,adi:OperatingExpensesAmortizationOfIntangibles,reported,
income_statement,us-gaap:RestructuringCharges,Special charges,3Q22,138.201,ADI_SEC-XBRL-financials_as-presented_10-Q_2022-08-17_0000006281-22-000224.xlsx,Income Statement,"Three Months Ended July 30, 2022","Special charges, net",us-gaap:RestructuringSettlementAndImpairmentProvisions,reported,
income_statement,us-gaap:RestructuringCharges,Special charges,9M22,244.603,ADI_SEC-XBRL-financials_as-presented_10-Q_2022-08-17_0000006281-22-000224.xlsx,Income Statement,"Nine Months Ended July 30, 2022","Special charges, net",us-gaap:RestructuringSettlementAndImpairmentProvisions,reported,
income_statement,us-gaap:OperatingExpenses,operating expenses operating expenses operating expenses operating expenses,3Q22,1149.836,ADI_SEC-XBRL-financials_as-presented_10-Q_2022-08-17_0000006281-22-000224.xlsx,Income Statement,"Three Months Ended July 30, 2022",Total operating expenses,us-gaap:OperatingExpenses,reported,
income_statement,us-gaap:OperatingExpenses,operating expenses operating expenses operating expenses operating expenses,9M22,3213.435,ADI_SEC-XBRL-financials_as-presented_10-Q_2022-08-17_0000006281-22-000224.xlsx,Income Statement,"Nine Months Ended July 30, 2022",Total operating expenses,us-gaap:OperatingExpenses,reported,
income_statement,us-gaap:OperatingIncomeLoss,Operating income,3Q22,893.306,ADI_SEC-XBRL-financials_as-presented_10-Q_2022-08-17_0000006281-22-000224.xlsx,Income Statement,"Three Months Ended July 30, 2022",Operating income:,us-gaap:OperatingIncomeLoss,reported,
income_statement,us-gaap:OperatingIncomeLoss,Operating income,9M22,2176.224,ADI_SEC-XBRL-financials_as-presented_10-Q_2022-08-17_0000006281-22-000224.xlsx,Income Statement,"Nine Months Ended July 30, 2022",Operating income:,us-gaap:OperatingIncomeLoss,reported,
income_statement,us-gaap:InterestExpense,Interest expense,3Q22,51.189,ADI_SEC-XBRL-financials_as-presented_10-Q_2022-08-17_0000006281-22-000224.xlsx,Income Statement,"Three Months Ended July 30, 2022",Interest expense,us-gaap:InterestExpense,reported,
income_statement,us-gaap:InterestExpense,Interest expense,9M22,152.701,ADI_SEC-XBRL-financials_as-presented_10-Q_2022-08-17_0000006281-22-000224.xlsx,Income Statement,"Nine Months Ended July 30, 2022",Interest expense,us-gaap:InterestExpense,reported,
income_statement,us-gaap:InvestmentIncomeInterest,Interest income,3Q22,-1.797,ADI_SEC-XBRL-financials_as-presented_10-Q_2022-08-17_0000006281-22-000224.xlsx,Income Statement,"Three Months Ended July 30, 2022",Interest income,us-gaap:InvestmentIncomeInterest,reported,
income_statement,us-gaap:InvestmentIncomeInterest,Interest income,9M22,-2.578,ADI_SEC-XBRL-financials_as-presented_10-Q_2022-08-17_0000006281-22-000224.xlsx,Income Statement,"Nine Months Ended July 30, 2022",Interest income,us-gaap:InvestmentIncomeInterest,reported,
income_statement,us-gaap:OtherNonoperatingIncomeExpense,"Other, net",3Q22,-4.023,ADI_SEC-XBRL-financials_as-presented_10-Q_2022-08-17_0000006281-22-000224.xlsx,Income Statement,"Three Months Ended July 30, 2022","Other, net",us-gaap:OtherNonoperatingIncomeExpense,reported,
income_statement,us-gaap:OtherNonoperatingIncomeExpense,"Other, net",9M22,-24.636,ADI_SEC-XBRL-financials_as-presented_10-Q_2022-08-17_0000006281-22-000224.xlsx,Income Statement,"Nine Months Ended July 30, 2022","Other, net",us-gaap:OtherNonoperatingIncomeExpense,reported,
income_statement,us-gaap:NonoperatingIncomeExpense,nonoperating income expense nonoperating income expense nonoperating income expense nonoperating income expense,3Q22,45.369,ADI_SEC-XBRL-financials_as-presented_10-Q_2022-08-17_0000006281-22-000224.xlsx,Income Statement,"Three Months Ended July 30, 2022",Total nonoperating expense (income),us-gaap:NonoperatingIncomeExpense,reported,
income_statement,us-gaap:NonoperatingIncomeExpense,nonoperating income expense nonoperating income expense nonoperating income expense nonoperating income expense,9M22,125.487,ADI_SEC-XBRL-financials_as-presented_10-Q_2022-08-17_0000006281-22-000224.xlsx,Income Statement,"Nine Months Ended July 30, 2022",Total nonoperating expense (income),us-gaap:NonoperatingIncomeExpense,reported,
income_statement,us-gaap:IncomeLossFromContinuingOperationsBeforeIncomeTaxesMinorityInterestAndIncomeLossFromEquityMethodInvestments,Income before income taxes,3Q22,847.937,ADI_SEC-XBRL-financials_as-presented_10-Q_2022-08-17_0000006281-22-000224.xlsx,Income Statement,"Three Months Ended July 30, 2022",Income before income taxes,us-gaap:IncomeLossFromContinuingOperationsBeforeIncomeTaxesExtraordinaryItemsNoncontrollingInterest,reported,
income_statement,us-gaap:IncomeLossFromContinuingOperationsBeforeIncomeTaxesMinorityInterestAndIncomeLossFromEquityMethodInvestments,Income before income taxes,9M22,2050.737,ADI_SEC-XBRL-financials_as-presented_10-Q_2022-08-17_0000006281-22-000224.xlsx,Income Statement,"Nine Months Ended July 30, 2022",Income before income taxes,us-gaap:IncomeLossFromContinuingOperationsBeforeIncomeTaxesExtraordinaryItemsNoncontrollingInterest,reported,
income_statement,us-gaap:IncomeTaxExpenseBenefit,Provision for income taxes,3Q22,98.952,ADI_SEC-XBRL-financials_as-presented_10-Q_2022-08-17_0000006281-22-000224.xlsx,Income Statement,"Three Months Ended July 30, 2022",Provision for income taxes,us-gaap:IncomeTaxExpenseBenefit,reported,
income_statement,us-gaap:IncomeTaxExpenseBenefit,Provision for income taxes,9M22,238.402,ADI_SEC-XBRL-financials_as-presented_10-Q_2022-08-17_0000006281-22-000224.xlsx,Income Statement,"Nine Months Ended July 30, 2022",Provision for income taxes,us-gaap:IncomeTaxExpenseBenefit,reported,
income_statement,us-gaap:NetIncomeLoss,Net income,3Q22,748.985,ADI_SEC-XBRL-financials_as-presented_10-Q_2022-08-17_0000006281-22-000224.xlsx,Income Statement,"Three Months Ended July 30, 2022",Net income,us-gaap:NetIncomeLoss,reported,
income_statement,us-gaap:NetIncomeLoss,Net income,9M22,1812.335,ADI_SEC-XBRL-financials_as-presented_10-Q_2022-08-17_0000006281-22-000224.xlsx,Income Statement,"Nine Months Ended July 30, 2022",Net income,us-gaap:NetIncomeLoss,reported,
income_statement,us-gaap:WeightedAverageNumberOfSharesOutstandingBasic,Shares used to compute earnings per common share – basic,3Q22,517.011,ADI_SEC-XBRL-financials_as-presented_10-Q_2022-08-17_0000006281-22-000224.xlsx,Income Statement,"Three Months Ended July 30, 2022",Shares used to compute earnings per common share – basic,us-gaap:WeightedAverageNumberOfSharesOutstandingBasic,reported,
income_statement,us-gaap:WeightedAverageNumberOfSharesOutstandingBasic,Shares used to compute earnings per common share – basic,9M22,521.557,ADI_SEC-XBRL-financials_as-presented_10-Q_2022-08-17_0000006281-22-000224.xlsx,Income Statement,"Nine Months Ended July 30, 2022",Shares used to compute earnings per common share – basic,us-gaap:WeightedAverageNumberOfSharesOutstandingBasic,reported,
income_statement,us-gaap:WeightedAverageNumberOfDilutedSharesOutstanding,Shares used to compute earnings per common share – diluted,3Q22,520.55,ADI_SEC-XBRL-financials_as-presented_10-Q_2022-08-17_0000006281-22-000224.xlsx,Income Statement,"Three Months Ended July 30, 2022",Shares used to compute earnings per common share – diluted,us-gaap:WeightedAverageNumberOfDilutedSharesOutstanding,reported,
income_statement,us-gaap:WeightedAverageNumberOfDilutedSharesOutstanding,Shares used to compute earnings per common share – diluted,9M22,525.652,ADI_SEC-XBRL-financials_as-presented_10-Q_2022-08-17_0000006281-22-000224.xlsx,Income Statement,"Nine Months Ended July 30, 2022",Shares used to compute earnings per common share – diluted,us-gaap:WeightedAverageNumberOfDilutedSharesOutstanding,reported,
income_statement,us-gaap:IncomeLossFromContinuingOperationsPerBasicShare,Basic earnings per common share,3Q22,1.45,ADI_SEC-XBRL-financials_as-presented_10-Q_2022-08-17_0000006281-22-000224.xlsx,Income Statement,"Three Months Ended July 30, 2022",Basic earnings per common share,us-gaap:EarningsPerShareBasic,reported,
income_statement,us-gaap:IncomeLossFromContinuingOperationsPerBasicShare,Basic earnings per common share,9M22,3.47,ADI_SEC-XBRL-financials_as-presented_10-Q_2022-08-17_0000006281-22-000224.xlsx,Income Statement,"Nine Months Ended July 30, 2022",Basic earnings per common share,us-gaap:EarningsPerShareBasic,reported,
income_statement,us-gaap:IncomeLossFromContinuingOperationsPerDilutedShare,Diluted earnings per common share,3Q22,1.44,ADI_SEC-XBRL-financials_as-presented_10-Q_2022-08-17_0000006281-22-000224.xlsx,Income Statement,"Three Months Ended July 30, 2022",Diluted earnings per common share,us-gaap:EarningsPerShareDiluted,reported,
income_statement,us-gaap:IncomeLossFromContinuingOperationsPerDilutedShare,Diluted earnings per common share,9M22,3.45,ADI_SEC-XBRL-financials_as-presented_10-Q_2022-08-17_0000006281-22-000224.xlsx,Income Statement,"Nine Months Ended July 30, 2022",Diluted earnings per common share,us-gaap:EarningsPerShareDiluted,reported,
balance_sheet,us-gaap:CashAndCashEquivalentsAtCarryingValue,Cash and cash equivalents,3Q22,1524.96,ADI_SEC-XBRL-financials_as-presented_10-Q_2022-08-17_0000006281-22-000224.xlsx,Balance Sheet,"July 30, 2022",Cash and cash equivalents,us-gaap:CashAndCashEquivalentsAtCarryingValue,reported,
balance_sheet,us-gaap:AccountsReceivableNetCurrent,Accounts receivable,3Q22,1742.646,ADI_SEC-XBRL-financials_as-presented_10-Q_2022-08-17_0000006281-22-000224.xlsx,Balance Sheet,"July 30, 2022",Accounts receivable,us-gaap:AccountsReceivableNetCurrent,reported,
balance_sheet,us-gaap:InventoryNet,Inventories (2),3Q22,1203.394,ADI_SEC-XBRL-financials_as-presented_10-Q_2022-08-17_0000006281-22-000224.xlsx,Balance Sheet,"July 30, 2022",Inventories,us-gaap:InventoryNet,reported,
balance_sheet,us-gaap:PrepaidExpenseAndOtherAssetsCurrent,Prepaid expenses and other current assets,3Q22,218.708,ADI_SEC-XBRL-financials_as-presented_10-Q_2022-08-17_0000006281-22-000224.xlsx,Balance Sheet,"July 30, 2022",Prepaid expenses and other current assets,us-gaap:PrepaidExpenseAndOtherAssetsCurrent,reported,
balance_sheet,us-gaap:AssetsCurrent,Total current assets,3Q22,4689.708,ADI_SEC-XBRL-financials_as-presented_10-Q_2022-08-17_0000006281-22-000224.xlsx,Balance Sheet,"July 30, 2022",Total current assets,us-gaap:AssetsCurrent,reported,
balance_sheet,us-gaap:PropertyPlantAndEquipmentNet,"Net property, plant and equipment",3Q22,2180.048,ADI_SEC-XBRL-financials_as-presented_10-Q_2022-08-17_0000006281-22-000224.xlsx,Balance Sheet,"July 30, 2022","Net property, plant and equipment",us-gaap:PropertyPlantAndEquipmentNet,reported,
balance_sheet,us-gaap:Goodwill,Goodwill,3Q22,26920.335,ADI_SEC-XBRL-financials_as-presented_10-Q_2022-08-17_0000006281-22-000224.xlsx,Balance Sheet,"July 30, 2022",Goodwill,us-gaap:Goodwill,reported,
balance_sheet,us-gaap:IntangibleAssetsNetExcludingGoodwill,"Intangible assets, net",3Q22,13764.444,ADI_SEC-XBRL-financials_as-presented_10-Q_2022-08-17_0000006281-22-000224.xlsx,Balance Sheet,"July 30, 2022","Intangible assets, net",us-gaap:IntangibleAssetsNetExcludingGoodwill,reported,
balance_sheet,us-gaap:DeferredIncomeTaxAssetsNet,Deferred tax assets,3Q22,2297.122,ADI_SEC-XBRL-financials_as-presented_10-Q_2022-08-17_0000006281-22-000224.xlsx,Balance Sheet,"July 30, 2022",Deferred tax assets,us-gaap:DeferredIncomeTaxAssetsNet,reported,
balance_sheet,us-gaap:OtherAssetsNoncurrent,Other assets,3Q22,494.513,ADI_SEC-XBRL-financials_as-presented_10-Q_2022-08-17_0000006281-22-000224.xlsx,Balance Sheet,"July 30, 2022",Other assets,us-gaap:OtherAssetsNoncurrent,reported,
balance_sheet,us-gaap:AssetsNoncurrent,Total other assets,3Q22,45656.462,ADI_SEC-XBRL-financials_as-presented_10-Q_2022-08-17_0000006281-22-000224.xlsx,Balance Sheet,"July 30, 2022",Total non-current assets,us-gaap:AssetsNoncurrent,reported,
balance_sheet,us-gaap:Assets,assets assets,3Q22,50346.17,ADI_SEC-XBRL-financials_as-presented_10-Q_2022-08-17_0000006281-22-000224.xlsx,Balance Sheet,"July 30, 2022",TOTAL ASSETS,us-gaap:Assets,reported,
balance_sheet,us-gaap:AccountsPayableCurrent,Accounts payable,3Q22,545.068,ADI_SEC-XBRL-financials_as-presented_10-Q_2022-08-17_0000006281-22-000224.xlsx,Balance Sheet,"July 30, 2022",Accounts payable,us-gaap:AccountsPayableCurrent,reported,
balance_sheet,us-gaap:AccruedIncomeTaxesCurrent,Income taxes payable,3Q22,445.726,ADI_SEC-XBRL-financials_as-presented_10-Q_2022-08-17_0000006281-22-000224.xlsx,Balance Sheet,"July 30, 2022",Income taxes payable,us-gaap:AccruedIncomeTaxesCurrent,reported,
balance_sheet,us-gaap:AccruedLiabilitiesCurrent,Accrued liabilities,3Q22,1450.407,ADI_SEC-XBRL-financials_as-presented_10-Q_2022-08-17_0000006281-22-000224.xlsx,Balance Sheet,"July 30, 2022",Accrued liabilities,us-gaap:AccruedLiabilitiesCurrent,reported,
balance_sheet,us-gaap:LiabilitiesCurrent,Total current liabilities,3Q22,2441.201,ADI_SEC-XBRL-financials_as-presented_10-Q_2022-08-17_0000006281-22-000224.xlsx,Balance Sheet,"July 30, 2022",Total current liabilities,us-gaap:LiabilitiesCurrent,reported,
balance_sheet,us-gaap:UnsecuredLongTermDebt,Long-term debt,3Q22,6252.839,ADI_SEC-XBRL-financials_as-presented_10-Q_2022-08-17_0000006281-22-000224.xlsx,Balance Sheet,"July 30, 2022",Long-term debt,us-gaap:UnsecuredLongTermDebt,reported,
balance_sheet,us-gaap:DeferredIncomeTaxLiabilitiesNet,Deferred income taxes,3Q22,3764.37,ADI_SEC-XBRL-financials_as-presented_10-Q_2022-08-17_0000006281-22-000224.xlsx,Balance Sheet,"July 30, 2022",Deferred income taxes,us-gaap:DeferredIncomeTaxLiabilitiesNet,reported,
balance_sheet,us-gaap:AccruedIncomeTaxesNoncurrent,Income taxes payable,3Q22,712.982,ADI_SEC-XBRL-financials_as-presented_10-Q_2022-08-17_0000006281-22-000224.xlsx,Balance Sheet,"July 30, 2022",Income taxes payable,us-gaap:AccruedIncomeTaxesNoncurrent,reported,
balance_sheet,us-gaap:OtherLiabilitiesNoncurrent,Other non-current liabilities,3Q22,536.187,ADI_SEC-XBRL-financials_as-presented_10-Q_2022-08-17_0000006281-22-000224.xlsx,Balance Sheet,"July 30, 2022",Other non-current liabilities,us-gaap:OtherLiabilitiesNoncurrent,reported,
balance_sheet,us-gaap:LiabilitiesNoncurrent,Total non-current liabilities,3Q22,11266.378,ADI_SEC-XBRL-financials_as-presented_10-Q_2022-08-17_0000006281-22-000224.xlsx,Balance Sheet,"July 30, 2022",Total non-current liabilities,us-gaap:LiabilitiesNoncurrent,reported,
balance_sheet,us-gaap:CommonStockParOrStatedValuePerShare,"Common stock, 0.16 2/3 par value, 1,200,000,000 shares authorized, 368,220,091 shares outstanding (368,302,369 on November 2, 2019)",3Q22,85.725,ADI_SEC-XBRL-financials_as-presented_10-Q_2022-08-17_0000006281-22-000224.xlsx,Balance Sheet,"July 30, 2022","Common stock, $0.16 2/3 par value, 1,200,000,000 shares authorized, 514,341,531 shares outstanding (525,330,672 on October 30, 2021)",us-gaap:CommonStockParOrStatedValuePerShare,reported,
balance_sheet,us-gaap:AdditionalPaidInCapitalCommonStock,Capital in excess of par value,3Q22,28590.056,ADI_SEC-XBRL-financials_as-presented_10-Q_2022-08-17_0000006281-22-000224.xlsx,Balance Sheet,"July 30, 2022",Capital in excess of par value,us-gaap:AdditionalPaidInCapitalCommonStock,reported,
balance_sheet,us-gaap:RetainedEarningsAccumulatedDeficit,Retained earnings,3Q22,8175.444,ADI_SEC-XBRL-financials_as-presented_10-Q_2022-08-17_0000006281-22-000224.xlsx,Balance Sheet,"July 30, 2022",Retained earnings,us-gaap:RetainedEarningsAccumulatedDeficit,reported,
balance_sheet,us-gaap:AccumulatedOtherComprehensiveIncomeLossNetOfTax,Accumulated other comprehensive loss,3Q22,-212.634,ADI_SEC-XBRL-financials_as-presented_10-Q_2022-08-17_0000006281-22-000224.xlsx,Balance Sheet,"July 30, 2022",Accumulated other comprehensive loss,us-gaap:AccumulatedOtherComprehensiveIncomeLossNetOfTax,reported,
balance_sheet,us-gaap:StockholdersEquity,Total shareholders’ equity,3Q22,36638.591,ADI_SEC-XBRL-financials_as-presented_10-Q_2022-08-17_0000006281-22-000224.xlsx,Balance Sheet,"July 30, 2022",Total shareholders’ equity,us-gaap:StockholdersEquity,reported,
balance_sheet,us-gaap:LiabilitiesAndStockholdersEquity,liabilities and stockholders equity liabilities and stockholders equity,3Q22,50346.17,ADI_SEC-XBRL-financials_as-presented_10-Q_2022-08-17_0000006281-22-000224.xlsx,Balance Sheet,"July 30, 2022",TOTAL LIABILITIES AND SHAREHOLDERS’ EQUITY,us-gaap:LiabilitiesAndStockholdersEquity,reported,
cash_flow,us-gaap:NetIncomeLoss,Net income,9M22,1812.335,ADI_SEC-XBRL-financials_as-presented_10-Q_2022-08-17_0000006281-22-000224.xlsx,Cash Flow,"Nine Months Ended July 30, 2022",Net income,us-gaap:NetIncomeLoss,reported,
cash_flow,us-gaap:Depreciation,Depreciation,9M22,212.635,ADI_SEC-XBRL-financials_as-presented_10-Q_2022-08-17_0000006281-22-000224.xlsx,Cash Flow,"Nine Months Ended July 30, 2022",Depreciation,us-gaap:Depreciation,reported,
cash_flow,us-gaap:AmortizationOfIntangibleAssets,Amortization of intangibles,9M22,1512.25,ADI_SEC-XBRL-financials_as-presented_10-Q_2022-08-17_0000006281-22-000224.xlsx,Cash Flow,"Nine Months Ended July 30, 2022",Amortization of intangibles,us-gaap:AmortizationOfIntangibleAssets,reported,
cash_flow,us-gaap:ShareBasedCompensation,Stock-based compensation expense,9M22,242.809,ADI_SEC-XBRL-financials_as-presented_10-Q_2022-08-17_0000006281-22-000224.xlsx,Cash Flow,"Nine Months Ended July 30, 2022",Stock-based compensation expense,us-gaap:ShareBasedCompensation,reported,
cash_flow,us-gaap:AssetImpairmentCharges,Non-cash impairment charge,9M22,91.953,ADI_SEC-XBRL-financials_as-presented_10-Q_2022-08-17_0000006281-22-000224.xlsx,Cash Flow,"Nine Months Ended July 30, 2022",Non-cash impairment charge,us-gaap:AssetImpairmentCharges,reported,
cash_flow,us-gaap:GainLossOnSaleOfPropertyPlantEquipment,"Gain on sale of property, plant and equipment",9M22,-4.352,ADI_SEC-XBRL-financials_as-presented_10-Q_2022-08-17_0000006281-22-000224.xlsx,Cash Flow,"Nine Months Ended July 30, 2022","Gain on sale of property, plant, and equipment",us-gaap:GainLossOnSaleOfPropertyPlantEquipment,reported,
cash_flow,adi:CostOfGoodsAndServicesSoldForInventoryAcquired,Cost of goods sold for inventory acquired,9M22,271.396,ADI_SEC-XBRL-financials_as-presented_10-Q_2022-08-17_0000006281-22-000224.xlsx,Cash Flow,"Nine Months Ended July 30, 2022",Cost of goods sold for inventory acquired,adi:CostOfGoodsAndServicesSoldForInventoryAcquired,reported,
cash_flow,us-gaap:DeferredIncomeTaxExpenseBenefit,Deferred income taxes,9M22,-205.128,ADI_SEC-XBRL-financials_as-presented_10-Q_2022-08-17_0000006281-22-000224.xlsx,Cash Flow,"Nine Months Ended July 30, 2022",Deferred income taxes,us-gaap:DeferredIncomeTaxExpenseBenefit,reported,
cash_flow,adi:NonCashOperatingLeaseCosts,Non-cash operating lease costs,9M22,-17.958,ADI_SEC-XBRL-financials_as-presented_10-Q_2022-08-17_0000006281-22-000224.xlsx,Cash Flow,"Nine Months Ended July 30, 2022",Non-cash operating lease costs,adi:NonCashOperatingLeaseCosts,reported,
cash_flow,us-gaap:OtherNoncashIncomeExpense,Other non-cash activity,9M22,-7.061,ADI_SEC-XBRL-financials_as-presented_10-Q_2022-08-17_0000006281-22-000224.xlsx,Cash Flow,"Nine Months Ended July 30, 2022",Other,us-gaap:OtherNoncashIncomeExpense,reported,
cash_flow,us-gaap:IncreaseDecreaseInOperatingCapital,Changes in operating assets and liabilities,9M22,-582.813,ADI_SEC-XBRL-financials_as-presented_10-Q_2022-08-17_0000006281-22-000224.xlsx,Cash Flow,"Nine Months Ended July 30, 2022",Changes in operating assets and liabilities,us-gaap:IncreaseDecreaseInOperatingCapital,reported,
cash_flow,us-gaap:AdjustmentsToReconcileNetIncomeLossToCashProvidedByUsedInOperatingActivities,Total adjustments,9M22,1513.731,ADI_SEC-XBRL-financials_as-presented_10-Q_2022-08-17_0000006281-22-000224.xlsx,Cash Flow,"Nine Months Ended July 30, 2022",Total adjustments,us-gaap:AdjustmentsToReconcileNetIncomeLossToCashProvidedByUsedInOperatingActivities,reported,
cash_flow,us-gaap:NetCashProvidedByUsedInOperatingActivities,Net cash provided by operating activities,9M22,3326.066,ADI_SEC-XBRL-financials_as-presented_10-Q_2022-08-17_0000006281-22-000224.xlsx,Cash Flow,"Nine Months Ended July 30, 2022",Net cash provided by operating activities,us-gaap:NetCashProvidedByUsedInOperatingActivities,reported,
cash_flow,us-gaap:PaymentsToAcquirePropertyPlantAndEquipment,"Additions to property, plant and equipment",9M22,-394.796,ADI_SEC-XBRL-financials_as-presented_10-Q_2022-08-17_0000006281-22-000224.xlsx,Cash Flow,"Nine Months Ended July 30, 2022","Additions to property, plant and equipment",us-gaap:PaymentsToAcquirePropertyPlantAndEquipment,reported,
cash_flow,us-gaap:PaymentsForProceedsFromOtherInvestingActivities,Changes in other assets,9M22,43.761,ADI_SEC-XBRL-financials_as-presented_10-Q_2022-08-17_0000006281-22-000224.xlsx,Cash Flow,"Nine Months Ended July 30, 2022",Other,us-gaap:PaymentsForProceedsFromOtherInvestingActivities,reported,
cash_flow,us-gaap:NetCashProvidedByUsedInInvestingActivities,Net cash used for investing activities,9M22,-351.035,ADI_SEC-XBRL-financials_as-presented_10-Q_2022-08-17_0000006281-22-000224.xlsx,Cash Flow,"Nine Months Ended July 30, 2022",Net cash used for investing activities,us-gaap:NetCashProvidedByUsedInInvestingActivities,reported,
cash_flow,us-gaap:ProceedsFromLinesOfCredit,Proceeds from revolver,9M22,400.0,ADI_SEC-XBRL-financials_as-presented_10-Q_2022-08-17_0000006281-22-000224.xlsx,Cash Flow,"Nine Months Ended July 30, 2022",Proceeds from revolver,us-gaap:ProceedsFromLinesOfCredit,reported,
cash_flow,us-gaap:RepaymentsOfLinesOfCredit,Payments on revolver,9M22,-400.0,ADI_SEC-XBRL-financials_as-presented_10-Q_2022-08-17_0000006281-22-000224.xlsx,Cash Flow,"Nine Months Ended July 30, 2022",Payments on revolver,us-gaap:RepaymentsOfLinesOfCredit,reported,
cash_flow,us-gaap:RepaymentsOfDebt,Debt repayments,9M22,-519.116,ADI_SEC-XBRL-financials_as-presented_10-Q_2022-08-17_0000006281-22-000224.xlsx,Cash Flow,"Nine Months Ended July 30, 2022",Early termination of debt,us-gaap:RepaymentsOfDebt,reported,
cash_flow,us-gaap:PaymentsOfDividendsCommonStock,Dividend payments to shareholders,9M22,-1154.207,ADI_SEC-XBRL-financials_as-presented_10-Q_2022-08-17_0000006281-22-000224.xlsx,Cash Flow,"Nine Months Ended July 30, 2022",Dividend payments to shareholders,us-gaap:PaymentsOfDividendsCommonStock,reported,
cash_flow,us-gaap:PaymentsForRepurchaseOfCommonStock,Repurchase of common stock,9M22,-1758.832,ADI_SEC-XBRL-financials_as-presented_10-Q_2022-08-17_0000006281-22-000224.xlsx,Cash Flow,"Nine Months Ended July 30, 2022",Repurchase of common stock,us-gaap:PaymentsForRepurchaseOfCommonStock,reported,
cash_flow,us-gaap:ProceedsFromStockPlans,Proceeds from employee stock plans,9M22,30.013,ADI_SEC-XBRL-financials_as-presented_10-Q_2022-08-17_0000006281-22-000224.xlsx,Cash Flow,"Nine Months Ended July 30, 2022",Proceeds from employee stock plans,us-gaap:ProceedsFromStockPlans,reported,
cash_flow,us-gaap:ProceedsFromPaymentsForOtherFinancingActivities,Changes in other financing activities,9M22,-1.718,ADI_SEC-XBRL-financials_as-presented_10-Q_2022-08-17_0000006281-22-000224.xlsx,Cash Flow,"Nine Months Ended July 30, 2022",Other,us-gaap:ProceedsFromPaymentsForOtherFinancingActivities,reported,
cash_flow,us-gaap:NetCashProvidedByUsedInFinancingActivities,Net cash used for financing activities,9M22,-3403.86,ADI_SEC-XBRL-financials_as-presented_10-Q_2022-08-17_0000006281-22-000224.xlsx,Cash Flow,"Nine Months Ended July 30, 2022",Net cash used for financing activities,us-gaap:NetCashProvidedByUsedInFinancingActivities,reported,
cash_flow,us-gaap:EffectOfExchangeRateOnCashCashEquivalentsRestrictedCashAndRestrictedCashEquivalents,Effect of exchange rate changes on cash,9M22,-24.175,ADI_SEC-XBRL-financials_as-presented_10-Q_2022-08-17_0000006281-22-000224.xlsx,Cash Flow,"Nine Months Ended July 30, 2022",Effect of exchange rate changes on cash,us-gaap:EffectOfExchangeRateOnCashCashEquivalentsRestrictedCashAndRestrictedCashEquivalents,reported,
cash_flow,us-gaap:CashCashEquivalentsRestrictedCashAndRestrictedCashEquivalentsPeriodIncreaseDecreaseIncludingExchangeRateEffect,Net decrease in cash and cash equivalents,9M22,-453.004,ADI_SEC-XBRL-financials_as-presented_10-Q_2022-08-17_0000006281-22-000224.xlsx,Cash Flow,"Nine Months Ended July 30, 2022",Net (decrease) increase in cash and cash equivalents,us-gaap:CashCashEquivalentsRestrictedCashAndRestrictedCashEquivalentsPeriodIncreaseDecreaseIncludingExchangeRateEffect,reported,
cash_flow,us-gaap:CashCashEquivalentsRestrictedCashAndRestrictedCashEquivalents,Cash and cash equivalents at beginning of period,9M22,1977.964,ADI_SEC-XBRL-financials_as-presented_10-Q_2022-08-17_0000006281-22-000224.xlsx,Cash Flow,"Nine Months Ended July 30, 2022",Cash and cash equivalents at beginning of period,us-gaap:CashCashEquivalentsRestrictedCashAndRestrictedCashEquivalents,reported,
income_statement,us-gaap:RevenueFromContractWithCustomerExcludingAssessedTax,Revenue,1Q23,3249.63,ADI_SEC-XBRL-financials_as-presented_10-Q_2023-02-15_0000006281-23-000031.xlsx,Income Statement,"Three Months Ended January 28, 2023",Revenue,us-gaap:RevenueFromContractWithCustomerExcludingAssessedTax,reported,
income_statement,us-gaap:CostOfGoodsAndServicesSold,Cost of sales,1Q23,1125.289,ADI_SEC-XBRL-financials_as-presented_10-Q_2023-02-15_0000006281-23-000031.xlsx,Income Statement,"Three Months Ended January 28, 2023",Cost of sales,us-gaap:CostOfGoodsAndServicesSold,reported,
income_statement,us-gaap:GrossProfit,Gross margin,1Q23,2124.341,ADI_SEC-XBRL-financials_as-presented_10-Q_2023-02-15_0000006281-23-000031.xlsx,Income Statement,"Three Months Ended January 28, 2023",Gross margin,us-gaap:GrossProfit,reported,
income_statement,us-gaap:ResearchAndDevelopmentExpense,Research and development,1Q23,414.095,ADI_SEC-XBRL-financials_as-presented_10-Q_2023-02-15_0000006281-23-000031.xlsx,Income Statement,"Three Months Ended January 28, 2023",Research and development,us-gaap:ResearchAndDevelopmentExpense,reported,
income_statement,us-gaap:SellingGeneralAndAdministrativeExpense,"Selling, marketing, general and administrative",1Q23,326.284,ADI_SEC-XBRL-financials_as-presented_10-Q_2023-02-15_0000006281-23-000031.xlsx,Income Statement,"Three Months Ended January 28, 2023","Selling, marketing, general and administrative",us-gaap:SellingGeneralAndAdministrativeExpense,reported,
income_statement,adi:AmortizationofintangibleAssetsOperatingExpenses,Amortization of intangibles,1Q23,253.142,ADI_SEC-XBRL-financials_as-presented_10-Q_2023-02-15_0000006281-23-000031.xlsx,Income Statement,"Three Months Ended January 28, 2023",Amortization of intangibles,adi:OperatingExpensesAmortizationOfIntangibles,reported,
income_statement,us-gaap:OperatingExpenses,operating expenses operating expenses operating expenses operating expenses,1Q23,993.521,ADI_SEC-XBRL-financials_as-presented_10-Q_2023-02-15_0000006281-23-000031.xlsx,Income Statement,"Three Months Ended January 28, 2023",Total operating expenses,us-gaap:OperatingExpenses,reported,
income_statement,us-gaap:OperatingIncomeLoss,Operating income,1Q23,1130.82,ADI_SEC-XBRL-financials_as-presented_10-Q_2023-02-15_0000006281-23-000031.xlsx,Income Statement,"Three Months Ended January 28, 2023",Operating income:,us-gaap:OperatingIncomeLoss,reported,
income_statement,us-gaap:InterestExpense,Interest expense,1Q23,60.453,ADI_SEC-XBRL-financials_as-presented_10-Q_2023-02-15_0000006281-23-000031.xlsx,Income Statement,"Three Months Ended January 28, 2023",Interest expense,us-gaap:InterestExpense,reported,
income_statement,us-gaap:InvestmentIncomeInterest,Interest income,1Q23,-10.829,ADI_SEC-XBRL-financials_as-presented_10-Q_2023-02-15_0000006281-23-000031.xlsx,Income Statement,"Three Months Ended January 28, 2023",Interest income,us-gaap:InvestmentIncomeInterest,reported,
income_statement,us-gaap:OtherNonoperatingIncomeExpense,"Other, net",1Q23,7.723,ADI_SEC-XBRL-financials_as-presented_10-Q_2023-02-15_0000006281-23-000031.xlsx,Income Statement,"Three Months Ended January 28, 2023","Other, net",us-gaap:OtherNonoperatingIncomeExpense,reported,
income_statement,us-gaap:NonoperatingIncomeExpense,nonoperating income expense nonoperating income expense nonoperating income expense nonoperating income expense,1Q23,57.347,ADI_SEC-XBRL-financials_as-presented_10-Q_2023-02-15_0000006281-23-000031.xlsx,Income Statement,"Three Months Ended January 28, 2023",Total nonoperating expense (income),us-gaap:NonoperatingIncomeExpense,reported,
income_statement,us-gaap:IncomeLossFromContinuingOperationsBeforeIncomeTaxesMinorityInterestAndIncomeLossFromEquityMethodInvestments,Income before income taxes,1Q23,1073.473,ADI_SEC-XBRL-financials_as-presented_10-Q_2023-02-15_0000006281-23-000031.xlsx,Income Statement,"Three Months Ended January 28, 2023",Income before income taxes,us-gaap:IncomeLossFromContinuingOperationsBeforeIncomeTaxesExtraordinaryItemsNoncontrollingInterest,reported,
income_statement,us-gaap:IncomeTaxExpenseBenefit,Provision for income taxes,1Q23,111.999,ADI_SEC-XBRL-financials_as-presented_10-Q_2023-02-15_0000006281-23-000031.xlsx,Income Statement,"Three Months Ended January 28, 2023",Provision for income taxes,us-gaap:IncomeTaxExpenseBenefit,reported,
income_statement,us-gaap:NetIncomeLoss,Net income,1Q23,961.474,ADI_SEC-XBRL-financials_as-presented_10-Q_2023-02-15_0000006281-23-000031.xlsx,Income Statement,"Three Months Ended January 28, 2023",Net income,us-gaap:NetIncomeLoss,reported,
income_statement,us-gaap:WeightedAverageNumberOfSharesOutstandingBasic,Shares used to compute earnings per common share – basic,1Q23,507.121,ADI_SEC-XBRL-financials_as-presented_10-Q_2023-02-15_0000006281-23-000031.xlsx,Income Statement,"Three Months Ended January 28, 2023",Shares used to compute earnings per common share – basic,us-gaap:WeightedAverageNumberOfSharesOutstandingBasic,reported,
income_statement,us-gaap:WeightedAverageNumberOfDilutedSharesOutstanding,Shares used to compute earnings per common share – diluted,1Q23,511.184,ADI_SEC-XBRL-financials_as-presented_10-Q_2023-02-15_0000006281-23-000031.xlsx,Income Statement,"Three Months Ended January 28, 2023",Shares used to compute earnings per common share – diluted,us-gaap:WeightedAverageNumberOfDilutedSharesOutstanding,reported,
income_statement,us-gaap:IncomeLossFromContinuingOperationsPerBasicShare,Basic earnings per common share,1Q23,1.9,ADI_SEC-XBRL-financials_as-presented_10-Q_2023-02-15_0000006281-23-000031.xlsx,Income Statement,"Three Months Ended January 28, 2023",Basic earnings per common share,us-gaap:EarningsPerShareBasic,reported,
income_statement,us-gaap:IncomeLossFromContinuingOperationsPerDilutedShare,Diluted earnings per common share,1Q23,1.88,ADI_SEC-XBRL-financials_as-presented_10-Q_2023-02-15_0000006281-23-000031.xlsx,Income Statement,"Three Months Ended January 28, 2023",Diluted earnings per common share,us-gaap:EarningsPerShareDiluted,reported,
balance_sheet,us-gaap:CashAndCashEquivalentsAtCarryingValue,Cash and cash equivalents,1Q23,1670.462,ADI_SEC-XBRL-financials_as-presented_10-Q_2023-02-15_0000006281-23-000031.xlsx,Balance Sheet,"January 28, 2023",Cash and cash equivalents,us-gaap:CashAndCashEquivalentsAtCarryingValue,reported,
balance_sheet,us-gaap:AccountsReceivableNetCurrent,Accounts receivable,1Q23,1629.87,ADI_SEC-XBRL-financials_as-presented_10-Q_2023-02-15_0000006281-23-000031.xlsx,Balance Sheet,"January 28, 2023",Accounts receivable,us-gaap:AccountsReceivableNetCurrent,reported,
balance_sheet,us-gaap:InventoryNet,Inventories (2),1Q23,1522.942,ADI_SEC-XBRL-financials_as-presented_10-Q_2023-02-15_0000006281-23-000031.xlsx,Balance Sheet,"January 28, 2023",Inventories,us-gaap:InventoryNet,reported,
balance_sheet,us-gaap:PrepaidExpenseAndOtherAssetsCurrent,Prepaid expenses and other current assets,1Q23,338.226,ADI_SEC-XBRL-financials_as-presented_10-Q_2023-02-15_0000006281-23-000031.xlsx,Balance Sheet,"January 28, 2023",Prepaid expenses and other current assets,us-gaap:PrepaidExpenseAndOtherAssetsCurrent,reported,
balance_sheet,us-gaap:AssetsCurrent,Total current assets,1Q23,5161.5,ADI_SEC-XBRL-financials_as-presented_10-Q_2023-02-15_0000006281-23-000031.xlsx,Balance Sheet,"January 28, 2023",Total current assets,us-gaap:AssetsCurrent,reported,
balance_sheet,us-gaap:PropertyPlantAndEquipmentNet,"Net property, plant and equipment",1Q23,2524.655,ADI_SEC-XBRL-financials_as-presented_10-Q_2023-02-15_0000006281-23-000031.xlsx,Balance Sheet,"January 28, 2023","Net property, plant and equipment",us-gaap:PropertyPlantAndEquipmentNet,reported,
balance_sheet,us-gaap:Goodwill,Goodwill,1Q23,26913.134,ADI_SEC-XBRL-financials_as-presented_10-Q_2023-02-15_0000006281-23-000031.xlsx,Balance Sheet,"January 28, 2023",Goodwill,us-gaap:Goodwill,reported,
balance_sheet,us-gaap:IntangibleAssetsNetExcludingGoodwill,"Intangible assets, net",1Q23,12763.229,ADI_SEC-XBRL-financials_as-presented_10-Q_2023-02-15_0000006281-23-000031.xlsx,Balance Sheet,"January 28, 2023","Intangible assets, net",us-gaap:IntangibleAssetsNetExcludingGoodwill,reported,
balance_sheet,us-gaap:DeferredIncomeTaxAssetsNet,Deferred tax assets,1Q23,2267.178,ADI_SEC-XBRL-financials_as-presented_10-Q_2023-02-15_0000006281-23-000031.xlsx,Balance Sheet,"January 28, 2023",Deferred tax assets,us-gaap:DeferredIncomeTaxAssetsNet,reported,
balance_sheet,us-gaap:OtherAssetsNoncurrent,Other assets,1Q23,604.824,ADI_SEC-XBRL-financials_as-presented_10-Q_2023-02-15_0000006281-23-000031.xlsx,Balance Sheet,"January 28, 2023",Other assets,us-gaap:OtherAssetsNoncurrent,reported,
balance_sheet,us-gaap:AssetsNoncurrent,Total other assets,1Q23,45073.02,ADI_SEC-XBRL-financials_as-presented_10-Q_2023-02-15_0000006281-23-000031.xlsx,Balance Sheet,"January 28, 2023",Total non-current assets,us-gaap:AssetsNoncurrent,reported,
balance_sheet,us-gaap:Assets,assets assets,1Q23,50234.52,ADI_SEC-XBRL-financials_as-presented_10-Q_2023-02-15_0000006281-23-000031.xlsx,Balance Sheet,"January 28, 2023",TOTAL ASSETS,us-gaap:Assets,reported,
balance_sheet,us-gaap:AccountsPayableCurrent,Accounts payable,1Q23,534.659,ADI_SEC-XBRL-financials_as-presented_10-Q_2023-02-15_0000006281-23-000031.xlsx,Balance Sheet,"January 28, 2023",Accounts payable,us-gaap:AccountsPayableCurrent,reported,
balance_sheet,us-gaap:AccruedIncomeTaxesCurrent,Income taxes payable,1Q23,513.943,ADI_SEC-XBRL-financials_as-presented_10-Q_2023-02-15_0000006281-23-000031.xlsx,Balance Sheet,"January 28, 2023",Income taxes payable,us-gaap:AccruedIncomeTaxesCurrent,reported,
balance_sheet,us-gaap:AccruedLiabilitiesCurrent,Accrued liabilities,1Q23,1385.075,ADI_SEC-XBRL-financials_as-presented_10-Q_2023-02-15_0000006281-23-000031.xlsx,Balance Sheet,"January 28, 2023",Accrued liabilities,us-gaap:AccruedLiabilitiesCurrent,reported,
balance_sheet,us-gaap:LiabilitiesCurrent,Total current liabilities,1Q23,2433.677,ADI_SEC-XBRL-financials_as-presented_10-Q_2023-02-15_0000006281-23-000031.xlsx,Balance Sheet,"January 28, 2023",Total current liabilities,us-gaap:LiabilitiesCurrent,reported,
balance_sheet,us-gaap:UnsecuredLongTermDebt,Long-term debt,1Q23,6543.25,ADI_SEC-XBRL-financials_as-presented_10-Q_2023-02-15_0000006281-23-000031.xlsx,Balance Sheet,"January 28, 2023",Long-term debt,us-gaap:UnsecuredLongTermDebt,reported,
balance_sheet,us-gaap:DeferredIncomeTaxLiabilitiesNet,Deferred income taxes,1Q23,3477.044,ADI_SEC-XBRL-financials_as-presented_10-Q_2023-02-15_0000006281-23-000031.xlsx,Balance Sheet,"January 28, 2023",Deferred income taxes,us-gaap:DeferredIncomeTaxLiabilitiesNet,reported,
balance_sheet,us-gaap:AccruedIncomeTaxesNoncurrent,Income taxes payable,1Q23,712.376,ADI_SEC-XBRL-financials_as-presented_10-Q_2023-02-15_0000006281-23-000031.xlsx,Balance Sheet,"January 28, 2023",Income taxes payable,us-gaap:AccruedIncomeTaxesNoncurrent,reported,
balance_sheet,us-gaap:OtherLiabilitiesNoncurrent,Other non-current liabilities,1Q23,536.688,ADI_SEC-XBRL-financials_as-presented_10-Q_2023-02-15_0000006281-23-000031.xlsx,Balance Sheet,"January 28, 2023",Other non-current liabilities,us-gaap:OtherLiabilitiesNoncurrent,reported,
balance_sheet,us-gaap:LiabilitiesNoncurrent,Total non-current liabilities,1Q23,11269.358,ADI_SEC-XBRL-financials_as-presented_10-Q_2023-02-15_0000006281-23-000031.xlsx,Balance Sheet,"January 28, 2023",Total non-current liabilities,us-gaap:LiabilitiesNoncurrent,reported,
balance_sheet,us-gaap:CommonStockParOrStatedValuePerShare,"Common stock, 0.16 2/3 par value, 1,200,000,000 shares authorized, 368,220,091 shares outstanding (368,302,369 on November 2, 2019)",1Q23,84.306,ADI_SEC-XBRL-financials_as-presented_10-Q_2023-02-15_0000006281-23-000031.xlsx,Balance Sheet,"January 28, 2023","Common stock, $0.16 2/3 par value, 1,200,000,000 shares authorized, 505,852,499 shares outstanding (509,295,941 on October 29, 2022)",us-gaap:CommonStockParOrStatedValuePerShare,reported,
balance_sheet,us-gaap:AdditionalPaidInCapitalCommonStock,Capital in excess of par value,1Q23,27319.566,ADI_SEC-XBRL-financials_as-presented_10-Q_2023-02-15_0000006281-23-000031.xlsx,Balance Sheet,"January 28, 2023",Capital in excess of par value,us-gaap:AdditionalPaidInCapitalCommonStock,reported,
balance_sheet,us-gaap:RetainedEarningsAccumulatedDeficit,Retained earnings,1Q23,9297.347,ADI_SEC-XBRL-financials_as-presented_10-Q_2023-02-15_0000006281-23-000031.xlsx,Balance Sheet,"January 28, 2023",Retained earnings,us-gaap:RetainedEarningsAccumulatedDeficit,reported,
balance_sheet,us-gaap:AccumulatedOtherComprehensiveIncomeLossNetOfTax,Accumulated other comprehensive loss,1Q23,-169.734,ADI_SEC-XBRL-financials_as-presented_10-Q_2023-02-15_0000006281-23-000031.xlsx,Balance Sheet,"January 28, 2023",Accumulated other comprehensive loss,us-gaap:AccumulatedOtherComprehensiveIncomeLossNetOfTax,reported,
balance_sheet,us-gaap:StockholdersEquity,Total shareholders’ equity,1Q23,36531.485,ADI_SEC-XBRL-financials_as-presented_10-Q_2023-02-15_0000006281-23-000031.xlsx,Balance Sheet,"January 28, 2023",Total shareholders’ equity,us-gaap:StockholdersEquity,reported,
balance_sheet,us-gaap:LiabilitiesAndStockholdersEquity,liabilities and stockholders equity liabilities and stockholders equity,1Q23,50234.52,ADI_SEC-XBRL-financials_as-presented_10-Q_2023-02-15_0000006281-23-000031.xlsx,Balance Sheet,"January 28, 2023",TOTAL LIABILITIES AND SHAREHOLDERS’ EQUITY,us-gaap:LiabilitiesAndStockholdersEquity,reported,
cash_flow,us-gaap:NetIncomeLoss,Net income,1Q23,961.474,ADI_SEC-XBRL-financials_as-presented_10-Q_2023-02-15_0000006281-23-000031.xlsx,Cash Flow,"Three Months Ended January 28, 2023",Net income,us-gaap:NetIncomeLoss,reported,
cash_flow,us-gaap:Depreciation,Depreciation,1Q23,85.321,ADI_SEC-XBRL-financials_as-presented_10-Q_2023-02-15_0000006281-23-000031.xlsx,Cash Flow,"Three Months Ended January 28, 2023",Depreciation,us-gaap:Depreciation,reported,
cash_flow,us-gaap:AmortizationOfIntangibleAssets,Amortization of intangibles,1Q23,502.177,ADI_SEC-XBRL-financials_as-presented_10-Q_2023-02-15_0000006281-23-000031.xlsx,Cash Flow,"Three Months Ended January 28, 2023",Amortization of intangibles,us-gaap:AmortizationOfIntangibleAssets,reported,
cash_flow,us-gaap:ShareBasedCompensation,Stock-based compensation expense,1Q23,75.041,ADI_SEC-XBRL-financials_as-presented_10-Q_2023-02-15_0000006281-23-000031.xlsx,Cash Flow,"Three Months Ended January 28, 2023",Stock-based compensation expense,us-gaap:ShareBasedCompensation,reported,
cash_flow,us-gaap:DeferredIncomeTaxExpenseBenefit,Deferred income taxes,1Q23,-146.354,ADI_SEC-XBRL-financials_as-presented_10-Q_2023-02-15_0000006281-23-000031.xlsx,Cash Flow,"Three Months Ended January 28, 2023",Deferred income taxes,us-gaap:DeferredIncomeTaxExpenseBenefit,reported,
cash_flow,adi:NonCashOperatingLeaseCosts,Non-cash operating lease costs,1Q23,-2.646,ADI_SEC-XBRL-financials_as-presented_10-Q_2023-02-15_0000006281-23-000031.xlsx,Cash Flow,"Three Months Ended January 28, 2023",Non-cash operating lease costs,adi:NonCashOperatingLeaseCosts,reported,
cash_flow,us-gaap:OtherNoncashIncomeExpense,Other non-cash activity,1Q23,12.378,ADI_SEC-XBRL-financials_as-presented_10-Q_2023-02-15_0000006281-23-000031.xlsx,Cash Flow,"Three Months Ended January 28, 2023",Other,us-gaap:OtherNoncashIncomeExpense,reported,
cash_flow,us-gaap:IncreaseDecreaseInOperatingCapital,Changes in operating assets and liabilities,1Q23,-81.086,ADI_SEC-XBRL-financials_as-presented_10-Q_2023-02-15_0000006281-23-000031.xlsx,Cash Flow,"Three Months Ended January 28, 2023",Changes in operating assets and liabilities,us-gaap:IncreaseDecreaseInOperatingCapital,reported,
cash_flow,us-gaap:AdjustmentsToReconcileNetIncomeLossToCashProvidedByUsedInOperatingActivities,Total adjustments,1Q23,444.831,ADI_SEC-XBRL-financials_as-presented_10-Q_2023-02-15_0000006281-23-000031.xlsx,Cash Flow,"Three Months Ended January 28, 2023",Total adjustments,us-gaap:AdjustmentsToReconcileNetIncomeLossToCashProvidedByUsedInOperatingActivities,reported,
cash_flow,us-gaap:NetCashProvidedByUsedInOperatingActivities,Net cash provided by operating activities,1Q23,1406.305,ADI_SEC-XBRL-financials_as-presented_10-Q_2023-02-15_0000006281-23-000031.xlsx,Cash Flow,"Three Months Ended January 28, 2023",Net cash provided by operating activities,us-gaap:NetCashProvidedByUsedInOperatingActivities,reported,
cash_flow,us-gaap:PaymentsToAcquirePropertyPlantAndEquipment,"Additions to property, plant and equipment",1Q23,-176.158,ADI_SEC-XBRL-financials_as-presented_10-Q_2023-02-15_0000006281-23-000031.xlsx,Cash Flow,"Three Months Ended January 28, 2023","Additions to property, plant and equipment",us-gaap:PaymentsToAcquirePropertyPlantAndEquipment,reported,
cash_flow,us-gaap:PaymentsForProceedsFromOtherInvestingActivities,Changes in other assets,1Q23,0.102,ADI_SEC-XBRL-financials_as-presented_10-Q_2023-02-15_0000006281-23-000031.xlsx,Cash Flow,"Three Months Ended January 28, 2023",Other,us-gaap:PaymentsForProceedsFromOtherInvestingActivities,reported,
cash_flow,us-gaap:NetCashProvidedByUsedInInvestingActivities,Net cash used for investing activities,1Q23,-176.056,ADI_SEC-XBRL-financials_as-presented_10-Q_2023-02-15_0000006281-23-000031.xlsx,Cash Flow,"Three Months Ended January 28, 2023",Net cash used for investing activities,us-gaap:NetCashProvidedByUsedInInvestingActivities,reported,
cash_flow,us-gaap:PaymentsOfDividendsCommonStock,Dividend payments to shareholders,1Q23,-385.452,ADI_SEC-XBRL-financials_as-presented_10-Q_2023-02-15_0000006281-23-000031.xlsx,Cash Flow,"Three Months Ended January 28, 2023",Dividend payments to shareholders,us-gaap:PaymentsOfDividendsCommonStock,reported,
cash_flow,us-gaap:PaymentsForRepurchaseOfCommonStock,Repurchase of common stock,1Q23,-654.557,ADI_SEC-XBRL-financials_as-presented_10-Q_2023-02-15_0000006281-23-000031.xlsx,Cash Flow,"Three Months Ended January 28, 2023",Repurchase of common stock,us-gaap:PaymentsForRepurchaseOfCommonStock,reported,
cash_flow,us-gaap:ProceedsFromStockPlans,Proceeds from employee stock plans,1Q23,41.238,ADI_SEC-XBRL-financials_as-presented_10-Q_2023-02-15_0000006281-23-000031.xlsx,Cash Flow,"Three Months Ended January 28, 2023",Proceeds from employee stock plans,us-gaap:ProceedsFromStockPlans,reported,
cash_flow,us-gaap:ProceedsFromPaymentsForOtherFinancingActivities,Changes in other financing activities,1Q23,-31.588,ADI_SEC-XBRL-financials_as-presented_10-Q_2023-02-15_0000006281-23-000031.xlsx,Cash Flow,"Three Months Ended January 28, 2023",Other,us-gaap:ProceedsFromPaymentsForOtherFinancingActivities,reported,
cash_flow,us-gaap:NetCashProvidedByUsedInFinancingActivities,Net cash used for financing activities,1Q23,-1030.359,ADI_SEC-XBRL-financials_as-presented_10-Q_2023-02-15_0000006281-23-000031.xlsx,Cash Flow,"Three Months Ended January 28, 2023",Net cash used for financing activities,us-gaap:NetCashProvidedByUsedInFinancingActivities,reported,
cash_flow,us-gaap:CashCashEquivalentsRestrictedCashAndRestrictedCashEquivalentsPeriodIncreaseDecreaseIncludingExchangeRateEffect,Net decrease in cash and cash equivalents,1Q23,199.89,ADI_SEC-XBRL-financials_as-presented_10-Q_2023-02-15_0000006281-23-000031.xlsx,Cash Flow,"Three Months Ended January 28, 2023",Net increase (decrease) in cash and cash equivalents,us-gaap:CashCashEquivalentsRestrictedCashAndRestrictedCashEquivalentsPeriodIncreaseDecreaseIncludingExchangeRateEffect,reported,
cash_flow,us-gaap:CashCashEquivalentsRestrictedCashAndRestrictedCashEquivalents,Cash and cash equivalents at beginning of period,1Q23,1470.572,ADI_SEC-XBRL-financials_as-presented_10-Q_2023-02-15_0000006281-23-000031.xlsx,Cash Flow,"Three Months Ended January 28, 2023",Cash and cash equivalents at beginning of period,us-gaap:CashCashEquivalentsRestrictedCashAndRestrictedCashEquivalents,reported,
income_statement,us-gaap:RevenueFromContractWithCustomerExcludingAssessedTax,Revenue,2Q23,3262.93,ADI_SEC-XBRL-financials_as-presented_10-Q_2023-05-24_0000006281-23-000152.xlsx,Income Statement,"Three Months Ended April 29, 2023",Revenue,us-gaap:RevenueFromContractWithCustomerExcludingAssessedTax,reported,
income_statement,us-gaap:RevenueFromContractWithCustomerExcludingAssessedTax,Revenue,6M23,6512.56,ADI_SEC-XBRL-financials_as-presented_10-Q_2023-05-24_0000006281-23-000152.xlsx,Income Statement,"Six Months Ended April 29, 2023",Revenue,us-gaap:RevenueFromContractWithCustomerExcludingAssessedTax,reported,
income_statement,us-gaap:CostOfGoodsAndServicesSold,Cost of sales,2Q23,1118.384,ADI_SEC-XBRL-financials_as-presented_10-Q_2023-05-24_0000006281-23-000152.xlsx,Income Statement,"Three Months Ended April 29, 2023",Cost of sales,us-gaap:CostOfGoodsAndServicesSold,reported,
income_statement,us-gaap:CostOfGoodsAndServicesSold,Cost of sales,6M23,2243.673,ADI_SEC-XBRL-financials_as-presented_10-Q_2023-05-24_0000006281-23-000152.xlsx,Income Statement,"Six Months Ended April 29, 2023",Cost of sales,us-gaap:CostOfGoodsAndServicesSold,reported,
income_statement,us-gaap:GrossProfit,Gross margin,2Q23,2144.546,ADI_SEC-XBRL-financials_as-presented_10-Q_2023-05-24_0000006281-23-000152.xlsx,Income Statement,"Three Months Ended April 29, 2023",Gross margin,us-gaap:GrossProfit,reported,
income_statement,us-gaap:GrossProfit,Gross margin,6M23,4268.887,ADI_SEC-XBRL-financials_as-presented_10-Q_2023-05-24_0000006281-23-000152.xlsx,Income Statement,"Six Months Ended April 29, 2023",Gross margin,us-gaap:GrossProfit,reported,
income_statement,us-gaap:ResearchAndDevelopmentExpense,Research and development,2Q23,415.754,ADI_SEC-XBRL-financials_as-presented_10-Q_2023-05-24_0000006281-23-000152.xlsx,Income Statement,"Three Months Ended April 29, 2023",Research and development,us-gaap:ResearchAndDevelopmentExpense,reported,
income_statement,us-gaap:ResearchAndDevelopmentExpense,Research and development,6M23,829.849,ADI_SEC-XBRL-financials_as-presented_10-Q_2023-05-24_0000006281-23-000152.xlsx,Income Statement,"Six Months Ended April 29, 2023",Research and development,us-gaap:ResearchAndDevelopmentExpense,reported,
income_statement,us-gaap:SellingGeneralAndAdministrativeExpense,"Selling, marketing, general and administrative",2Q23,324.251,ADI_SEC-XBRL-financials_as-presented_10-Q_2023-05-24_0000006281-23-000152.xlsx,Income Statement,"Three Months Ended April 29, 2023","Selling, marketing, general and administrative",us-gaap:SellingGeneralAndAdministrativeExpense,reported,
income_statement,us-gaap:SellingGeneralAndAdministrativeExpense,"Selling, marketing, general and administrative",6M23,650.535,ADI_SEC-XBRL-financials_as-presented_10-Q_2023-05-24_0000006281-23-000152.xlsx,Income Statement,"Six Months Ended April 29, 2023","Selling, marketing, general and administrative",us-gaap:SellingGeneralAndAdministrativeExpense,reported,
income_statement,adi:AmortizationofintangibleAssetsOperatingExpenses,Amortization of intangibles,2Q23,253.021,ADI_SEC-XBRL-financials_as-presented_10-Q_2023-05-24_0000006281-23-000152.xlsx,Income Statement,"Three Months Ended April 29, 2023",Amortization of intangibles,adi:OperatingExpensesAmortizationOfIntangibles,reported,
income_statement,adi:AmortizationofintangibleAssetsOperatingExpenses,Amortization of intangibles,6M23,506.163,ADI_SEC-XBRL-financials_as-presented_10-Q_2023-05-24_0000006281-23-000152.xlsx,Income Statement,"Six Months Ended April 29, 2023",Amortization of intangibles,adi:OperatingExpensesAmortizationOfIntangibles,reported,
income_statement,us-gaap:RestructuringCharges,Special charges,2Q23,23.136,ADI_SEC-XBRL-financials_as-presented_10-Q_2023-05-24_0000006281-23-000152.xlsx,Income Statement,"Three Months Ended April 29, 2023","Special charges, net",us-gaap:RestructuringSettlementAndImpairmentProvisions,reported,
income_statement,us-gaap:RestructuringCharges,Special charges,6M23,23.136,ADI_SEC-XBRL-financials_as-presented_10-Q_2023-05-24_0000006281-23-000152.xlsx,Income Statement,"Six Months Ended April 29, 2023","Special charges, net",us-gaap:RestructuringSettlementAndImpairmentProvisions,reported,
income_statement,us-gaap:OperatingExpenses,operating expenses operating expenses operating expenses operating expenses,2Q23,1016.162,ADI_SEC-XBRL-financials_as-presented_10-Q_2023-05-24_0000006281-23-000152.xlsx,Income Statement,"Three Months Ended April 29, 2023",Total operating expenses,us-gaap:OperatingExpenses,reported,
income_statement,us-gaap:OperatingExpenses,operating expenses operating expenses operating expenses operating expenses,6M23,2009.683,ADI_SEC-XBRL-financials_as-presented_10-Q_2023-05-24_0000006281-23-000152.xlsx,Income Statement,"Six Months Ended April 29, 2023",Total operating expenses,us-gaap:OperatingExpenses,reported,
income_statement,us-gaap:OperatingIncomeLoss,Operating income,2Q23,1128.384,ADI_SEC-XBRL-financials_as-presented_10-Q_2023-05-24_0000006281-23-000152.xlsx,Income Statement,"Three Months Ended April 29, 2023",Operating income:,us-gaap:OperatingIncomeLoss,reported,
income_statement,us-gaap:OperatingIncomeLoss,Operating income,6M23,2259.204,ADI_SEC-XBRL-financials_as-presented_10-Q_2023-05-24_0000006281-23-000152.xlsx,Income Statement,"Six Months Ended April 29, 2023",Operating income:,us-gaap:OperatingIncomeLoss,reported,
income_statement,us-gaap:InterestExpense,Interest expense,2Q23,63.252,ADI_SEC-XBRL-financials_as-presented_10-Q_2023-05-24_0000006281-23-000152.xlsx,Income Statement,"Three Months Ended April 29, 2023",Interest expense,us-gaap:InterestExpense,reported,
income_statement,us-gaap:InterestExpense,Interest expense,6M23,123.705,ADI_SEC-XBRL-financials_as-presented_10-Q_2023-05-24_0000006281-23-000152.xlsx,Income Statement,"Six Months Ended April 29, 2023",Interest expense,us-gaap:InterestExpense,reported,
income_statement,us-gaap:InvestmentIncomeInterest,Interest income,2Q23,-12.575,ADI_SEC-XBRL-financials_as-presented_10-Q_2023-05-24_0000006281-23-000152.xlsx,Income Statement,"Three Months Ended April 29, 2023",Interest income,us-gaap:InvestmentIncomeInterest,reported,
income_statement,us-gaap:InvestmentIncomeInterest,Interest income,6M23,-23.404,ADI_SEC-XBRL-financials_as-presented_10-Q_2023-05-24_0000006281-23-000152.xlsx,Income Statement,"Six Months Ended April 29, 2023",Interest income,us-gaap:InvestmentIncomeInterest,reported,
income_statement,us-gaap:OtherNonoperatingIncomeExpense,"Other, net",2Q23,-10.216,ADI_SEC-XBRL-financials_as-presented_10-Q_2023-05-24_0000006281-23-000152.xlsx,Income Statement,"Three Months Ended April 29, 2023","Other, net",us-gaap:OtherNonoperatingIncomeExpense,reported,
income_statement,us-gaap:OtherNonoperatingIncomeExpense,"Other, net",6M23,-2.493,ADI_SEC-XBRL-financials_as-presented_10-Q_2023-05-24_0000006281-23-000152.xlsx,Income Statement,"Six Months Ended April 29, 2023","Other, net",us-gaap:OtherNonoperatingIncomeExpense,reported,
income_statement,us-gaap:NonoperatingIncomeExpense,nonoperating income expense nonoperating income expense nonoperating income expense nonoperating income expense,2Q23,40.461,ADI_SEC-XBRL-financials_as-presented_10-Q_2023-05-24_0000006281-23-000152.xlsx,Income Statement,"Three Months Ended April 29, 2023",Total nonoperating expense (income),us-gaap:NonoperatingIncomeExpense,reported,
income_statement,us-gaap:NonoperatingIncomeExpense,nonoperating income expense nonoperating income expense nonoperating income expense nonoperating income expense,6M23,97.808,ADI_SEC-XBRL-financials_as-presented_10-Q_2023-05-24_0000006281-23-000152.xlsx,Income Statement,"Six Months Ended April 29, 2023",Total nonoperating expense (income),us-gaap:NonoperatingIncomeExpense,reported,
income_statement,us-gaap:IncomeLossFromContinuingOperationsBeforeIncomeTaxesMinorityInterestAndIncomeLossFromEquityMethodInvestments,Income before income taxes,2Q23,1087.923,ADI_SEC-XBRL-financials_as-presented_10-Q_2023-05-24_0000006281-23-000152.xlsx,Income Statement,"Three Months Ended April 29, 2023",Income before income taxes,us-gaap:IncomeLossFromContinuingOperationsBeforeIncomeTaxesExtraordinaryItemsNoncontrollingInterest,reported,
income_statement,us-gaap:IncomeLossFromContinuingOperationsBeforeIncomeTaxesMinorityInterestAndIncomeLossFromEquityMethodInvestments,Income before income taxes,6M23,2161.396,ADI_SEC-XBRL-financials_as-presented_10-Q_2023-05-24_0000006281-23-000152.xlsx,Income Statement,"Six Months Ended April 29, 2023",Income before income taxes,us-gaap:IncomeLossFromContinuingOperationsBeforeIncomeTaxesExtraordinaryItemsNoncontrollingInterest,reported,
income_statement,us-gaap:IncomeTaxExpenseBenefit,Provision for income taxes,2Q23,110.267,ADI_SEC-XBRL-financials_as-presented_10-Q_2023-05-24_0000006281-23-000152.xlsx,Income Statement,"Three Months Ended April 29, 2023",Provision for income taxes,us-gaap:IncomeTaxExpenseBenefit,reported,
income_statement,us-gaap:IncomeTaxExpenseBenefit,Provision for income taxes,6M23,222.266,ADI_SEC-XBRL-financials_as-presented_10-Q_2023-05-24_0000006281-23-000152.xlsx,Income Statement,"Six Months Ended April 29, 2023",Provision for income taxes,us-gaap:IncomeTaxExpenseBenefit,reported,
income_statement,us-gaap:NetIncomeLoss,Net income,2Q23,977.656,ADI_SEC-XBRL-financials_as-presented_10-Q_2023-05-24_0000006281-23-000152.xlsx,Income Statement,"Three Months Ended April 29, 2023",Net income,us-gaap:NetIncomeLoss,reported,
income_statement,us-gaap:NetIncomeLoss,Net income,6M23,1939.13,ADI_SEC-XBRL-financials_as-presented_10-Q_2023-05-24_0000006281-23-000152.xlsx,Income Statement,"Six Months Ended April 29, 2023",Net income,us-gaap:NetIncomeLoss,reported,
income_statement,us-gaap:WeightedAverageNumberOfSharesOutstandingBasic,Shares used to compute earnings per common share – basic,2Q23,504.715,ADI_SEC-XBRL-financials_as-presented_10-Q_2023-05-24_0000006281-23-000152.xlsx,Income Statement,"Three Months Ended April 29, 2023",Shares used to compute earnings per common share – basic,us-gaap:WeightedAverageNumberOfSharesOutstandingBasic,reported,
income_statement,us-gaap:WeightedAverageNumberOfSharesOutstandingBasic,Shares used to compute earnings per common share – basic,6M23,505.918,ADI_SEC-XBRL-financials_as-presented_10-Q_2023-05-24_0000006281-23-000152.xlsx,Income Statement,"Six Months Ended April 29, 2023",Shares used to compute earnings per common share – basic,us-gaap:WeightedAverageNumberOfSharesOutstandingBasic,reported,
income_statement,us-gaap:WeightedAverageNumberOfDilutedSharesOutstanding,Shares used to compute earnings per common share – diluted,2Q23,508.725,ADI_SEC-XBRL-financials_as-presented_10-Q_2023-05-24_0000006281-23-000152.xlsx,Income Statement,"Three Months Ended April 29, 2023",Shares used to compute earnings per common share – diluted,us-gaap:WeightedAverageNumberOfDilutedSharesOutstanding,reported,
income_statement,us-gaap:WeightedAverageNumberOfDilutedSharesOutstanding,Shares used to compute earnings per common share – diluted,6M23,509.955,ADI_SEC-XBRL-financials_as-presented_10-Q_2023-05-24_0000006281-23-000152.xlsx,Income Statement,"Six Months Ended April 29, 2023",Shares used to compute earnings per common share – diluted,us-gaap:WeightedAverageNumberOfDilutedSharesOutstanding,reported,
income_statement,us-gaap:IncomeLossFromContinuingOperationsPerBasicShare,Basic earnings per common share,2Q23,1.94,ADI_SEC-XBRL-financials_as-presented_10-Q_2023-05-24_0000006281-23-000152.xlsx,Income Statement,"Three Months Ended April 29, 2023",Basic earnings per common share,us-gaap:EarningsPerShareBasic,reported,
income_statement,us-gaap:IncomeLossFromContinuingOperationsPerBasicShare,Basic earnings per common share,6M23,3.83,ADI_SEC-XBRL-financials_as-presented_10-Q_2023-05-24_0000006281-23-000152.xlsx,Income Statement,"Six Months Ended April 29, 2023",Basic earnings per common share,us-gaap:EarningsPerShareBasic,reported,
income_statement,us-gaap:IncomeLossFromContinuingOperationsPerDilutedShare,Diluted earnings per common share,2Q23,1.92,ADI_SEC-XBRL-financials_as-presented_10-Q_2023-05-24_0000006281-23-000152.xlsx,Income Statement,"Three Months Ended April 29, 2023",Diluted earnings per common share,us-gaap:EarningsPerShareDiluted,reported,
income_statement,us-gaap:IncomeLossFromContinuingOperationsPerDilutedShare,Diluted earnings per common share,6M23,3.8,ADI_SEC-XBRL-financials_as-presented_10-Q_2023-05-24_0000006281-23-000152.xlsx,Income Statement,"Six Months Ended April 29, 2023",Diluted earnings per common share,us-gaap:EarningsPerShareDiluted,reported,
balance_sheet,us-gaap:CashAndCashEquivalentsAtCarryingValue,Cash and cash equivalents,2Q23,1177.609,ADI_SEC-XBRL-financials_as-presented_10-Q_2023-05-24_0000006281-23-000152.xlsx,Balance Sheet,"April 29, 2023",Cash and cash equivalents,us-gaap:CashAndCashEquivalentsAtCarryingValue,reported,
balance_sheet,us-gaap:AccountsReceivableNetCurrent,Accounts receivable,2Q23,1616.256,ADI_SEC-XBRL-financials_as-presented_10-Q_2023-05-24_0000006281-23-000152.xlsx,Balance Sheet,"April 29, 2023",Accounts receivable,us-gaap:AccountsReceivableNetCurrent,reported,
balance_sheet,us-gaap:InventoryNet,Inventories (2),2Q23,1648.136,ADI_SEC-XBRL-financials_as-presented_10-Q_2023-05-24_0000006281-23-000152.xlsx,Balance Sheet,"April 29, 2023",Inventories,us-gaap:InventoryNet,reported,
balance_sheet,us-gaap:PrepaidExpenseAndOtherAssetsCurrent,Prepaid expenses and other current assets,2Q23,302.919,ADI_SEC-XBRL-financials_as-presented_10-Q_2023-05-24_0000006281-23-000152.xlsx,Balance Sheet,"April 29, 2023",Prepaid expenses and other current assets,us-gaap:PrepaidExpenseAndOtherAssetsCurrent,reported,
balance_sheet,us-gaap:AssetsCurrent,Total current assets,2Q23,4744.92,ADI_SEC-XBRL-financials_as-presented_10-Q_2023-05-24_0000006281-23-000152.xlsx,Balance Sheet,"April 29, 2023",Total current assets,us-gaap:AssetsCurrent,reported,
balance_sheet,us-gaap:PropertyPlantAndEquipmentNet,"Net property, plant and equipment",2Q23,2742.016,ADI_SEC-XBRL-financials_as-presented_10-Q_2023-05-24_0000006281-23-000152.xlsx,Balance Sheet,"April 29, 2023","Net property, plant and equipment",us-gaap:PropertyPlantAndEquipmentNet,reported,
balance_sheet,us-gaap:Goodwill,Goodwill,2Q23,26913.134,ADI_SEC-XBRL-financials_as-presented_10-Q_2023-05-24_0000006281-23-000152.xlsx,Balance Sheet,"April 29, 2023",Goodwill,us-gaap:Goodwill,reported,
balance_sheet,us-gaap:IntangibleAssetsNetExcludingGoodwill,"Intangible assets, net",2Q23,12261.693,ADI_SEC-XBRL-financials_as-presented_10-Q_2023-05-24_0000006281-23-000152.xlsx,Balance Sheet,"April 29, 2023","Intangible assets, net",us-gaap:IntangibleAssetsNetExcludingGoodwill,reported,
balance_sheet,us-gaap:DeferredIncomeTaxAssetsNet,Deferred tax assets,2Q23,2248.858,ADI_SEC-XBRL-financials_as-presented_10-Q_2023-05-24_0000006281-23-000152.xlsx,Balance Sheet,"April 29, 2023",Deferred tax assets,us-gaap:DeferredIncomeTaxAssetsNet,reported,
balance_sheet,us-gaap:OtherAssetsNoncurrent,Other assets,2Q23,634.118,ADI_SEC-XBRL-financials_as-presented_10-Q_2023-05-24_0000006281-23-000152.xlsx,Balance Sheet,"April 29, 2023",Other assets,us-gaap:OtherAssetsNoncurrent,reported,
balance_sheet,us-gaap:AssetsNoncurrent,Total other assets,2Q23,44799.819,ADI_SEC-XBRL-financials_as-presented_10-Q_2023-05-24_0000006281-23-000152.xlsx,Balance Sheet,"April 29, 2023",Total non-current assets,us-gaap:AssetsNoncurrent,reported,
balance_sheet,us-gaap:Assets,assets assets,2Q23,49544.739,ADI_SEC-XBRL-financials_as-presented_10-Q_2023-05-24_0000006281-23-000152.xlsx,Balance Sheet,"April 29, 2023",TOTAL ASSETS,us-gaap:Assets,reported,
balance_sheet,us-gaap:AccountsPayableCurrent,Accounts payable,2Q23,569.002,ADI_SEC-XBRL-financials_as-presented_10-Q_2023-05-24_0000006281-23-000152.xlsx,Balance Sheet,"April 29, 2023",Accounts payable,us-gaap:AccountsPayableCurrent,reported,
balance_sheet,us-gaap:AccruedIncomeTaxesCurrent,Income taxes payable,2Q23,308.968,ADI_SEC-XBRL-financials_as-presented_10-Q_2023-05-24_0000006281-23-000152.xlsx,Balance Sheet,"April 29, 2023",Income taxes payable,us-gaap:AccruedIncomeTaxesCurrent,reported,
balance_sheet,us-gaap:CommercialPaper,Commercial paper notes,2Q23,253.635,ADI_SEC-XBRL-financials_as-presented_10-Q_2023-05-24_0000006281-23-000152.xlsx,Balance Sheet,"April 29, 2023",Commercial paper notes,us-gaap:CommercialPaper,reported,
balance_sheet,us-gaap:AccruedLiabilitiesCurrent,Accrued liabilities,2Q23,1514.805,ADI_SEC-XBRL-financials_as-presented_10-Q_2023-05-24_0000006281-23-000152.xlsx,Balance Sheet,"April 29, 2023",Accrued liabilities,us-gaap:AccruedLiabilitiesCurrent,reported,
balance_sheet,us-gaap:LiabilitiesCurrent,Total current liabilities,2Q23,2646.41,ADI_SEC-XBRL-financials_as-presented_10-Q_2023-05-24_0000006281-23-000152.xlsx,Balance Sheet,"April 29, 2023",Total current liabilities,us-gaap:LiabilitiesCurrent,reported,
balance_sheet,us-gaap:UnsecuredLongTermDebt,Long-term debt,2Q23,6475.646,ADI_SEC-XBRL-financials_as-presented_10-Q_2023-05-24_0000006281-23-000152.xlsx,Balance Sheet,"April 29, 2023",Long-term debt,us-gaap:UnsecuredLongTermDebt,reported,
balance_sheet,us-gaap:DeferredIncomeTaxLiabilitiesNet,Deferred income taxes,2Q23,3325.35,ADI_SEC-XBRL-financials_as-presented_10-Q_2023-05-24_0000006281-23-000152.xlsx,Balance Sheet,"April 29, 2023",Deferred income taxes,us-gaap:DeferredIncomeTaxLiabilitiesNet,reported,
balance_sheet,us-gaap:AccruedIncomeTaxesNoncurrent,Income taxes payable,2Q23,523.653,ADI_SEC-XBRL-financials_as-presented_10-Q_2023-05-24_0000006281-23-000152.xlsx,Balance Sheet,"April 29, 2023",Income taxes payable,us-gaap:AccruedIncomeTaxesNoncurrent,reported,
balance_sheet,us-gaap:OtherLiabilitiesNoncurrent,Other non-current liabilities,2Q23,560.456,ADI_SEC-XBRL-financials_as-presented_10-Q_2023-05-24_0000006281-23-000152.xlsx,Balance Sheet,"April 29, 2023",Other non-current liabilities,us-gaap:OtherLiabilitiesNoncurrent,reported,
balance_sheet,us-gaap:LiabilitiesNoncurrent,Total non-current liabilities,2Q23,10885.105,ADI_SEC-XBRL-financials_as-presented_10-Q_2023-05-24_0000006281-23-000152.xlsx,Balance Sheet,"April 29, 2023",Total non-current liabilities,us-gaap:LiabilitiesNoncurrent,reported,
balance_sheet,us-gaap:CommonStockParOrStatedValuePerShare,"Common stock, 0.16 2/3 par value, 1,200,000,000 shares authorized, 368,220,091 shares outstanding (368,302,369 on November 2, 2019)",2Q23,83.571,ADI_SEC-XBRL-financials_as-presented_10-Q_2023-05-24_0000006281-23-000152.xlsx,Balance Sheet,"April 29, 2023","Common stock, $0.16 2/3 par value, 1,200,000,000 shares authorized, 501,418,304 shares outstanding (509,295,941 on October 29, 2022)",us-gaap:CommonStockParOrStatedValuePerShare,reported,
balance_sheet,us-gaap:AdditionalPaidInCapitalCommonStock,Capital in excess of par value,2Q23,26262.226,ADI_SEC-XBRL-financials_as-presented_10-Q_2023-05-24_0000006281-23-000152.xlsx,Balance Sheet,"April 29, 2023",Capital in excess of par value,us-gaap:AdditionalPaidInCapitalCommonStock,reported,
balance_sheet,us-gaap:RetainedEarningsAccumulatedDeficit,Retained earnings,2Q23,9839.79,ADI_SEC-XBRL-financials_as-presented_10-Q_2023-05-24_0000006281-23-000152.xlsx,Balance Sheet,"April 29, 2023",Retained earnings,us-gaap:RetainedEarningsAccumulatedDeficit,reported,
balance_sheet,us-gaap:AccumulatedOtherComprehensiveIncomeLossNetOfTax,Accumulated other comprehensive loss,2Q23,-172.363,ADI_SEC-XBRL-financials_as-presented_10-Q_2023-05-24_0000006281-23-000152.xlsx,Balance Sheet,"April 29, 2023",Accumulated other comprehensive loss,us-gaap:AccumulatedOtherComprehensiveIncomeLossNetOfTax,reported,
balance_sheet,us-gaap:StockholdersEquity,Total shareholders’ equity,2Q23,36013.224,ADI_SEC-XBRL-financials_as-presented_10-Q_2023-05-24_0000006281-23-000152.xlsx,Balance Sheet,"April 29, 2023",Total shareholders’ equity,us-gaap:StockholdersEquity,reported,
balance_sheet,us-gaap:LiabilitiesAndStockholdersEquity,liabilities and stockholders equity liabilities and stockholders equity,2Q23,49544.739,ADI_SEC-XBRL-financials_as-presented_10-Q_2023-05-24_0000006281-23-000152.xlsx,Balance Sheet,"April 29, 2023",TOTAL LIABILITIES AND SHAREHOLDERS’ EQUITY,us-gaap:LiabilitiesAndStockholdersEquity,reported,
cash_flow,us-gaap:NetIncomeLoss,Net income,6M23,1939.13,ADI_SEC-XBRL-financials_as-presented_10-Q_2023-05-24_0000006281-23-000152.xlsx,Cash Flow,"Six Months Ended April 29, 2023",Net income,us-gaap:NetIncomeLoss,reported,
cash_flow,us-gaap:Depreciation,Depreciation,6M23,165.581,ADI_SEC-XBRL-financials_as-presented_10-Q_2023-05-24_0000006281-23-000152.xlsx,Cash Flow,"Six Months Ended April 29, 2023",Depreciation,us-gaap:Depreciation,reported,
cash_flow,us-gaap:AmortizationOfIntangibleAssets,Amortization of intangibles,6M23,1003.713,ADI_SEC-XBRL-financials_as-presented_10-Q_2023-05-24_0000006281-23-000152.xlsx,Cash Flow,"Six Months Ended April 29, 2023",Amortization of intangibles,us-gaap:AmortizationOfIntangibleAssets,reported,
cash_flow,us-gaap:ShareBasedCompensation,Stock-based compensation expense,6M23,144.143,ADI_SEC-XBRL-financials_as-presented_10-Q_2023-05-24_0000006281-23-000152.xlsx,Cash Flow,"Six Months Ended April 29, 2023",Stock-based compensation expense,us-gaap:ShareBasedCompensation,reported,
cash_flow,us-gaap:DeferredIncomeTaxExpenseBenefit,Deferred income taxes,6M23,-280.11,ADI_SEC-XBRL-financials_as-presented_10-Q_2023-05-24_0000006281-23-000152.xlsx,Cash Flow,"Six Months Ended April 29, 2023",Deferred income taxes,us-gaap:DeferredIncomeTaxExpenseBenefit,reported,
cash_flow,adi:NonCashOperatingLeaseCosts,Non-cash operating lease costs,6M23,-6.902,ADI_SEC-XBRL-financials_as-presented_10-Q_2023-05-24_0000006281-23-000152.xlsx,Cash Flow,"Six Months Ended April 29, 2023",Non-cash operating lease costs,adi:NonCashOperatingLeaseCosts,reported,
cash_flow,us-gaap:OtherNoncashIncomeExpense,Other non-cash activity,6M23,9.67,ADI_SEC-XBRL-financials_as-presented_10-Q_2023-05-24_0000006281-23-000152.xlsx,Cash Flow,"Six Months Ended April 29, 2023",Other,us-gaap:OtherNoncashIncomeExpense,reported,
cash_flow,us-gaap:IncreaseDecreaseInOperatingCapital,Changes in operating assets and liabilities,6M23,-487.339,ADI_SEC-XBRL-financials_as-presented_10-Q_2023-05-24_0000006281-23-000152.xlsx,Cash Flow,"Six Months Ended April 29, 2023",Changes in operating assets and liabilities,us-gaap:IncreaseDecreaseInOperatingCapital,reported,
cash_flow,us-gaap:AdjustmentsToReconcileNetIncomeLossToCashProvidedByUsedInOperatingActivities,Total adjustments,6M23,548.756,ADI_SEC-XBRL-financials_as-presented_10-Q_2023-05-24_0000006281-23-000152.xlsx,Cash Flow,"Six Months Ended April 29, 2023",Total adjustments,us-gaap:AdjustmentsToReconcileNetIncomeLossToCashProvidedByUsedInOperatingActivities,reported,
cash_flow,us-gaap:NetCashProvidedByUsedInOperatingActivities,Net cash provided by operating activities,6M23,2487.886,ADI_SEC-XBRL-financials_as-presented_10-Q_2023-05-24_0000006281-23-000152.xlsx,Cash Flow,"Six Months Ended April 29, 2023",Net cash provided by operating activities,us-gaap:NetCashProvidedByUsedInOperatingActivities,reported,
cash_flow,us-gaap:PaymentsToAcquirePropertyPlantAndEquipment,"Additions to property, plant and equipment",6M23,-460.496,ADI_SEC-XBRL-financials_as-presented_10-Q_2023-05-24_0000006281-23-000152.xlsx,Cash Flow,"Six Months Ended April 29, 2023","Additions to property, plant and equipment",us-gaap:PaymentsToAcquirePropertyPlantAndEquipment,reported,
cash_flow,us-gaap:PaymentsForProceedsFromOtherInvestingActivities,Changes in other assets,6M23,-0.081,ADI_SEC-XBRL-financials_as-presented_10-Q_2023-05-24_0000006281-23-000152.xlsx,Cash Flow,"Six Months Ended April 29, 2023",Other,us-gaap:PaymentsForProceedsFromOtherInvestingActivities,reported,
cash_flow,us-gaap:NetCashProvidedByUsedInInvestingActivities,Net cash used for investing activities,6M23,-460.577,ADI_SEC-XBRL-financials_as-presented_10-Q_2023-05-24_0000006281-23-000152.xlsx,Cash Flow,"Six Months Ended April 29, 2023",Net cash used for investing activities,us-gaap:NetCashProvidedByUsedInInvestingActivities,reported,
cash_flow,us-gaap:EarlyRepaymentOfSeniorDebt,Early termination of debt,6M23,-65.688,ADI_SEC-XBRL-financials_as-presented_10-Q_2023-05-24_0000006281-23-000152.xlsx,Cash Flow,"Six Months Ended April 29, 2023",Early termination of debt,us-gaap:EarlyRepaymentOfSeniorDebt,reported,
cash_flow,us-gaap:PaymentsOfDividendsCommonStock,Dividend payments to shareholders,6M23,-820.665,ADI_SEC-XBRL-financials_as-presented_10-Q_2023-05-24_0000006281-23-000152.xlsx,Cash Flow,"Six Months Ended April 29, 2023",Dividend payments to shareholders,us-gaap:PaymentsOfDividendsCommonStock,reported,
cash_flow,us-gaap:PaymentsForRepurchaseOfCommonStock,Repurchase of common stock,6M23,-1807.508,ADI_SEC-XBRL-financials_as-presented_10-Q_2023-05-24_0000006281-23-000152.xlsx,Cash Flow,"Six Months Ended April 29, 2023",Repurchase of common stock,us-gaap:PaymentsForRepurchaseOfCommonStock,reported,
cash_flow,us-gaap:ProceedsFromStockPlans,Proceeds from employee stock plans,6M23,67.012,ADI_SEC-XBRL-financials_as-presented_10-Q_2023-05-24_0000006281-23-000152.xlsx,Cash Flow,"Six Months Ended April 29, 2023",Proceeds from employee stock plans,us-gaap:ProceedsFromStockPlans,reported,
cash_flow,us-gaap:ProceedsFromIssuanceOfCommercialPaper,Proceeds from commercial paper notes,6M23,253.635,ADI_SEC-XBRL-financials_as-presented_10-Q_2023-05-24_0000006281-23-000152.xlsx,Cash Flow,"Six Months Ended April 29, 2023",Proceeds from commercial paper notes,us-gaap:ProceedsFromIssuanceOfCommercialPaper,reported,
cash_flow,us-gaap:ProceedsFromPaymentsForOtherFinancingActivities,Changes in other financing activities,6M23,52.942,ADI_SEC-XBRL-financials_as-presented_10-Q_2023-05-24_0000006281-23-000152.xlsx,Cash Flow,"Six Months Ended April 29, 2023",Other,us-gaap:ProceedsFromPaymentsForOtherFinancingActivities,reported,
cash_flow,us-gaap:NetCashProvidedByUsedInFinancingActivities,Net cash used for financing activities,6M23,-2320.272,ADI_SEC-XBRL-financials_as-presented_10-Q_2023-05-24_0000006281-23-000152.xlsx,Cash Flow,"Six Months Ended April 29, 2023",Net cash used for financing activities,us-gaap:NetCashProvidedByUsedInFinancingActivities,reported,
cash_flow,us-gaap:CashCashEquivalentsRestrictedCashAndRestrictedCashEquivalentsPeriodIncreaseDecreaseIncludingExchangeRateEffect,Net decrease in cash and cash equivalents,6M23,-292.963,ADI_SEC-XBRL-financials_as-presented_10-Q_2023-05-24_0000006281-23-000152.xlsx,Cash Flow,"Six Months Ended April 29, 2023",Net decrease in cash and cash equivalents,us-gaap:CashCashEquivalentsRestrictedCashAndRestrictedCashEquivalentsPeriodIncreaseDecreaseIncludingExchangeRateEffect,reported,
cash_flow,us-gaap:CashCashEquivalentsRestrictedCashAndRestrictedCashEquivalents,Cash and cash equivalents at beginning of period,6M23,1470.572,ADI_SEC-XBRL-financials_as-presented_10-Q_2023-05-24_0000006281-23-000152.xlsx,Cash Flow,"Six Months Ended April 29, 2023",Cash and cash equivalents at beginning of period,us-gaap:CashCashEquivalentsRestrictedCashAndRestrictedCashEquivalents,reported,
income_statement,us-gaap:RevenueFromContractWithCustomerExcludingAssessedTax,Revenue,3Q23,3076.495,ADI_SEC-XBRL-financials_as-presented_10-Q_2023-08-23_0000006281-23-000179.xlsx,Income Statement,"Three Months Ended July 29, 2023",Revenue,us-gaap:RevenueFromContractWithCustomerExcludingAssessedTax,reported,
income_statement,us-gaap:RevenueFromContractWithCustomerExcludingAssessedTax,Revenue,9M23,9589.055,ADI_SEC-XBRL-financials_as-presented_10-Q_2023-08-23_0000006281-23-000179.xlsx,Income Statement,"Nine Months Ended July 29, 2023",Revenue,us-gaap:RevenueFromContractWithCustomerExcludingAssessedTax,reported,
income_statement,us-gaap:CostOfGoodsAndServicesSold,Cost of sales,3Q23,1114.88,ADI_SEC-XBRL-financials_as-presented_10-Q_2023-08-23_0000006281-23-000179.xlsx,Income Statement,"Three Months Ended July 29, 2023",Cost of sales,us-gaap:CostOfGoodsAndServicesSold,reported,
income_statement,us-gaap:CostOfGoodsAndServicesSold,Cost of sales,9M23,3358.553,ADI_SEC-XBRL-financials_as-presented_10-Q_2023-08-23_0000006281-23-000179.xlsx,Income Statement,"Nine Months Ended July 29, 2023",Cost of sales,us-gaap:CostOfGoodsAndServicesSold,reported,
income_statement,us-gaap:GrossProfit,Gross margin,3Q23,1961.615,ADI_SEC-XBRL-financials_as-presented_10-Q_2023-08-23_0000006281-23-000179.xlsx,Income Statement,"Three Months Ended July 29, 2023",Gross margin,us-gaap:GrossProfit,reported,
income_statement,us-gaap:GrossProfit,Gross margin,9M23,6230.502,ADI_SEC-XBRL-financials_as-presented_10-Q_2023-08-23_0000006281-23-000179.xlsx,Income Statement,"Nine Months Ended July 29, 2023",Gross margin,us-gaap:GrossProfit,reported,
income_statement,us-gaap:ResearchAndDevelopmentExpense,Research and development,3Q23,423.751,ADI_SEC-XBRL-financials_as-presented_10-Q_2023-08-23_0000006281-23-000179.xlsx,Income Statement,"Three Months Ended July 29, 2023",Research and development,us-gaap:ResearchAndDevelopmentExpense,reported,
income_statement,us-gaap:ResearchAndDevelopmentExpense,Research and development,9M23,1253.6,ADI_SEC-XBRL-financials_as-presented_10-Q_2023-08-23_0000006281-23-000179.xlsx,Income Statement,"Nine Months Ended July 29, 2023",Research and development,us-gaap:ResearchAndDevelopmentExpense,reported,
income_statement,us-gaap:SellingGeneralAndAdministrativeExpense,"Selling, marketing, general and administrative",3Q23,334.113,ADI_SEC-XBRL-financials_as-presented_10-Q_2023-08-23_0000006281-23-000179.xlsx,Income Statement,"Three Months Ended July 29, 2023","Selling, marketing, general and administrative",us-gaap:SellingGeneralAndAdministrativeExpense,reported,
income_statement,us-gaap:SellingGeneralAndAdministrativeExpense,"Selling, marketing, general and administrative",9M23,984.648,ADI_SEC-XBRL-financials_as-presented_10-Q_2023-08-23_0000006281-23-000179.xlsx,Income Statement,"Nine Months Ended July 29, 2023","Selling, marketing, general and administrative",us-gaap:SellingGeneralAndAdministrativeExpense,reported,
income_statement,adi:AmortizationofintangibleAssetsOperatingExpenses,Amortization of intangibles,3Q23,250.719,ADI_SEC-XBRL-financials_as-presented_10-Q_2023-08-23_0000006281-23-000179.xlsx,Income Statement,"Three Months Ended July 29, 2023",Amortization of intangibles,adi:OperatingExpensesAmortizationOfIntangibles,reported,
income_statement,adi:AmortizationofintangibleAssetsOperatingExpenses,Amortization of intangibles,9M23,756.882,ADI_SEC-XBRL-financials_as-presented_10-Q_2023-08-23_0000006281-23-000179.xlsx,Income Statement,"Nine Months Ended July 29, 2023",Amortization of intangibles,adi:OperatingExpensesAmortizationOfIntangibles,reported,
income_statement,us-gaap:RestructuringCharges,Special charges,3Q23,23.539,ADI_SEC-XBRL-financials_as-presented_10-Q_2023-08-23_0000006281-23-000179.xlsx,Income Statement,"Three Months Ended July 29, 2023","Special charges, net",us-gaap:RestructuringSettlementAndImpairmentProvisions,reported,
income_statement,us-gaap:RestructuringCharges,Special charges,9M23,46.675,ADI_SEC-XBRL-financials_as-presented_10-Q_2023-08-23_0000006281-23-000179.xlsx,Income Statement,"Nine Months Ended July 29, 2023","Special charges, net",us-gaap:RestructuringSettlementAndImpairmentProvisions,reported,
income_statement,us-gaap:OperatingExpenses,operating expenses operating expenses operating expenses operating expenses,3Q23,1032.122,ADI_SEC-XBRL-financials_as-presented_10-Q_2023-08-23_0000006281-23-000179.xlsx,Income Statement,"Three Months Ended July 29, 2023",Total operating expenses,us-gaap:OperatingExpenses,reported,
income_statement,us-gaap:OperatingExpenses,operating expenses operating expenses operating expenses operating expenses,9M23,3041.805,ADI_SEC-XBRL-financials_as-presented_10-Q_2023-08-23_0000006281-23-000179.xlsx,Income Statement,"Nine Months Ended July 29, 2023",Total operating expenses,us-gaap:OperatingExpenses,reported,
income_statement,us-gaap:OperatingIncomeLoss,Operating income,3Q23,929.493,ADI_SEC-XBRL-financials_as-presented_10-Q_2023-08-23_0000006281-23-000179.xlsx,Income Statement,"Three Months Ended July 29, 2023",Operating income:,us-gaap:OperatingIncomeLoss,reported,
income_statement,us-gaap:OperatingIncomeLoss,Operating income,9M23,3188.697,ADI_SEC-XBRL-financials_as-presented_10-Q_2023-08-23_0000006281-23-000179.xlsx,Income Statement,"Nine Months Ended July 29, 2023",Operating income:,us-gaap:OperatingIncomeLoss,reported,
income_statement,us-gaap:InterestExpense,Interest expense,3Q23,69.346,ADI_SEC-XBRL-financials_as-presented_10-Q_2023-08-23_0000006281-23-000179.xlsx,Income Statement,"Three Months Ended July 29, 2023",Interest expense,us-gaap:InterestExpense,reported,
income_statement,us-gaap:InterestExpense,Interest expense,9M23,193.051,ADI_SEC-XBRL-financials_as-presented_10-Q_2023-08-23_0000006281-23-000179.xlsx,Income Statement,"Nine Months Ended July 29, 2023",Interest expense,us-gaap:InterestExpense,reported,
income_statement,us-gaap:InvestmentIncomeInterest,Interest income,3Q23,-8.794,ADI_SEC-XBRL-financials_as-presented_10-Q_2023-08-23_0000006281-23-000179.xlsx,Income Statement,"Three Months Ended July 29, 2023",Interest income,us-gaap:InvestmentIncomeInterest,reported,
income_statement,us-gaap:InvestmentIncomeInterest,Interest income,9M23,-32.198,ADI_SEC-XBRL-financials_as-presented_10-Q_2023-08-23_0000006281-23-000179.xlsx,Income Statement,"Nine Months Ended July 29, 2023",Interest income,us-gaap:InvestmentIncomeInterest,reported,
income_statement,us-gaap:OtherNonoperatingIncomeExpense,"Other, net",3Q23,-5.88,ADI_SEC-XBRL-financials_as-presented_10-Q_2023-08-23_0000006281-23-000179.xlsx,Income Statement,"Three Months Ended July 29, 2023","Other, net",us-gaap:OtherNonoperatingIncomeExpense,reported,
income_statement,us-gaap:OtherNonoperatingIncomeExpense,"Other, net",9M23,-8.373,ADI_SEC-XBRL-financials_as-presented_10-Q_2023-08-23_0000006281-23-000179.xlsx,Income Statement,"Nine Months Ended July 29, 2023","Other, net",us-gaap:OtherNonoperatingIncomeExpense,reported,
income_statement,us-gaap:NonoperatingIncomeExpense,nonoperating income expense nonoperating income expense nonoperating income expense nonoperating income expense,3Q23,54.672,ADI_SEC-XBRL-financials_as-presented_10-Q_2023-08-23_0000006281-23-000179.xlsx,Income Statement,"Three Months Ended July 29, 2023",Total nonoperating expense (income),us-gaap:NonoperatingIncomeExpense,reported,
income_statement,us-gaap:NonoperatingIncomeExpense,nonoperating income expense nonoperating income expense nonoperating income expense nonoperating income expense,9M23,152.48,ADI_SEC-XBRL-financials_as-presented_10-Q_2023-08-23_0000006281-23-000179.xlsx,Income Statement,"Nine Months Ended July 29, 2023",Total nonoperating expense (income),us-gaap:NonoperatingIncomeExpense,reported,
income_statement,us-gaap:IncomeLossFromContinuingOperationsBeforeIncomeTaxesMinorityInterestAndIncomeLossFromEquityMethodInvestments,Income before income taxes,3Q23,874.821,ADI_SEC-XBRL-financials_as-presented_10-Q_2023-08-23_0000006281-23-000179.xlsx,Income Statement,"Three Months Ended July 29, 2023",Income before income taxes,us-gaap:IncomeLossFromContinuingOperationsBeforeIncomeTaxesExtraordinaryItemsNoncontrollingInterest,reported,
income_statement,us-gaap:IncomeLossFromContinuingOperationsBeforeIncomeTaxesMinorityInterestAndIncomeLossFromEquityMethodInvestments,Income before income taxes,9M23,3036.217,ADI_SEC-XBRL-financials_as-presented_10-Q_2023-08-23_0000006281-23-000179.xlsx,Income Statement,"Nine Months Ended July 29, 2023",Income before income taxes,us-gaap:IncomeLossFromContinuingOperationsBeforeIncomeTaxesExtraordinaryItemsNoncontrollingInterest,reported,
income_statement,us-gaap:IncomeTaxExpenseBenefit,Provision for income taxes,3Q23,-2.198,ADI_SEC-XBRL-financials_as-presented_10-Q_2023-08-23_0000006281-23-000179.xlsx,Income Statement,"Three Months Ended July 29, 2023",(Benefit from) provision for income taxes,us-gaap:IncomeTaxExpenseBenefit,reported,
income_statement,us-gaap:IncomeTaxExpenseBenefit,Provision for income taxes,9M23,220.068,ADI_SEC-XBRL-financials_as-presented_10-Q_2023-08-23_0000006281-23-000179.xlsx,Income Statement,"Nine Months Ended July 29, 2023",(Benefit from) provision for income taxes,us-gaap:IncomeTaxExpenseBenefit,reported,
income_statement,us-gaap:NetIncomeLoss,Net income,3Q23,877.019,ADI_SEC-XBRL-financials_as-presented_10-Q_2023-08-23_0000006281-23-000179.xlsx,Income Statement,"Three Months Ended July 29, 2023",Net income,us-gaap:NetIncomeLoss,reported,
income_statement,us-gaap:NetIncomeLoss,Net income,9M23,2816.149,ADI_SEC-XBRL-financials_as-presented_10-Q_2023-08-23_0000006281-23-000179.xlsx,Income Statement,"Nine Months Ended July 29, 2023",Net income,us-gaap:NetIncomeLoss,reported,
income_statement,us-gaap:WeightedAverageNumberOfSharesOutstandingBasic,Shares used to compute earnings per common share – basic,3Q23,500.018,ADI_SEC-XBRL-financials_as-presented_10-Q_2023-08-23_0000006281-23-000179.xlsx,Income Statement,"Three Months Ended July 29, 2023",Shares used to compute earnings per common share – basic,us-gaap:WeightedAverageNumberOfSharesOutstandingBasic,reported,
income_statement,us-gaap:WeightedAverageNumberOfSharesOutstandingBasic,Shares used to compute earnings per common share – basic,9M23,503.951,ADI_SEC-XBRL-financials_as-presented_10-Q_2023-08-23_0000006281-23-000179.xlsx,Income Statement,"Nine Months Ended July 29, 2023",Shares used to compute earnings per common share – basic,us-gaap:WeightedAverageNumberOfSharesOutstandingBasic,reported,
income_statement,us-gaap:WeightedAverageNumberOfDilutedSharesOutstanding,Shares used to compute earnings per common share – diluted,3Q23,503.503,ADI_SEC-XBRL-financials_as-presented_10-Q_2023-08-23_0000006281-23-000179.xlsx,Income Statement,"Three Months Ended July 29, 2023",Shares used to compute earnings per common share – diluted,us-gaap:WeightedAverageNumberOfDilutedSharesOutstanding,reported,
income_statement,us-gaap:WeightedAverageNumberOfDilutedSharesOutstanding,Shares used to compute earnings per common share – diluted,9M23,507.804,ADI_SEC-XBRL-financials_as-presented_10-Q_2023-08-23_0000006281-23-000179.xlsx,Income Statement,"Nine Months Ended July 29, 2023",Shares used to compute earnings per common share – diluted,us-gaap:WeightedAverageNumberOfDilutedSharesOutstanding,reported,
income_statement,us-gaap:IncomeLossFromContinuingOperationsPerBasicShare,Basic earnings per common share,3Q23,1.75,ADI_SEC-XBRL-financials_as-presented_10-Q_2023-08-23_0000006281-23-000179.xlsx,Income Statement,"Three Months Ended July 29, 2023",Basic earnings per common share,us-gaap:EarningsPerShareBasic,reported,
income_statement,us-gaap:IncomeLossFromContinuingOperationsPerBasicShare,Basic earnings per common share,9M23,5.59,ADI_SEC-XBRL-financials_as-presented_10-Q_2023-08-23_0000006281-23-000179.xlsx,Income Statement,"Nine Months Ended July 29, 2023",Basic earnings per common share,us-gaap:EarningsPerShareBasic,reported,
income_statement,us-gaap:IncomeLossFromContinuingOperationsPerDilutedShare,Diluted earnings per common share,3Q23,1.74,ADI_SEC-XBRL-financials_as-presented_10-Q_2023-08-23_0000006281-23-000179.xlsx,Income Statement,"Three Months Ended July 29, 2023",Diluted earnings per common share,us-gaap:EarningsPerShareDiluted,reported,
income_statement,us-gaap:IncomeLossFromContinuingOperationsPerDilutedShare,Diluted earnings per common share,9M23,5.55,ADI_SEC-XBRL-financials_as-presented_10-Q_2023-08-23_0000006281-23-000179.xlsx,Income Statement,"Nine Months Ended July 29, 2023",Diluted earnings per common share,us-gaap:EarningsPerShareDiluted,reported,
balance_sheet,us-gaap:CashAndCashEquivalentsAtCarryingValue,Cash and cash equivalents,3Q23,1149.246,ADI_SEC-XBRL-financials_as-presented_10-Q_2023-08-23_0000006281-23-000179.xlsx,Balance Sheet,"July 29, 2023",Cash and cash equivalents,us-gaap:CashAndCashEquivalentsAtCarryingValue,reported,
balance_sheet,us-gaap:AccountsReceivableNetCurrent,Accounts receivable,3Q23,1616.243,ADI_SEC-XBRL-financials_as-presented_10-Q_2023-08-23_0000006281-23-000179.xlsx,Balance Sheet,"July 29, 2023",Accounts receivable,us-gaap:AccountsReceivableNetCurrent,reported,
balance_sheet,us-gaap:InventoryNet,Inventories (2),3Q23,1709.313,ADI_SEC-XBRL-financials_as-presented_10-Q_2023-08-23_0000006281-23-000179.xlsx,Balance Sheet,"July 29, 2023",Inventories,us-gaap:InventoryNet,reported,
balance_sheet,us-gaap:PrepaidExpenseAndOtherAssetsCurrent,Prepaid expenses and other current assets,3Q23,360.383,ADI_SEC-XBRL-financials_as-presented_10-Q_2023-08-23_0000006281-23-000179.xlsx,Balance Sheet,"July 29, 2023",Prepaid expenses and other current assets,us-gaap:PrepaidExpenseAndOtherAssetsCurrent,reported,
balance_sheet,us-gaap:AssetsCurrent,Total current assets,3Q23,4835.185,ADI_SEC-XBRL-financials_as-presented_10-Q_2023-08-23_0000006281-23-000179.xlsx,Balance Sheet,"July 29, 2023",Total current assets,us-gaap:AssetsCurrent,reported,
balance_sheet,us-gaap:PropertyPlantAndEquipmentNet,"Net property, plant and equipment",3Q23,2922.781,ADI_SEC-XBRL-financials_as-presented_10-Q_2023-08-23_0000006281-23-000179.xlsx,Balance Sheet,"July 29, 2023","Net property, plant and equipment",us-gaap:PropertyPlantAndEquipmentNet,reported,
balance_sheet,us-gaap:Goodwill,Goodwill,3Q23,26913.134,ADI_SEC-XBRL-financials_as-presented_10-Q_2023-08-23_0000006281-23-000179.xlsx,Balance Sheet,"July 29, 2023",Goodwill,us-gaap:Goodwill,reported,
balance_sheet,us-gaap:IntangibleAssetsNetExcludingGoodwill,"Intangible assets, net",3Q23,11762.655,ADI_SEC-XBRL-financials_as-presented_10-Q_2023-08-23_0000006281-23-000179.xlsx,Balance Sheet,"July 29, 2023","Intangible assets, net",us-gaap:IntangibleAssetsNetExcludingGoodwill,reported,
balance_sheet,us-gaap:DeferredIncomeTaxAssetsNet,Deferred tax assets,3Q23,2224.88,ADI_SEC-XBRL-financials_as-presented_10-Q_2023-08-23_0000006281-23-000179.xlsx,Balance Sheet,"July 29, 2023",Deferred tax assets,us-gaap:DeferredIncomeTaxAssetsNet,reported,
balance_sheet,us-gaap:OtherAssetsNoncurrent,Other assets,3Q23,688.104,ADI_SEC-XBRL-financials_as-presented_10-Q_2023-08-23_0000006281-23-000179.xlsx,Balance Sheet,"July 29, 2023",Other assets,us-gaap:OtherAssetsNoncurrent,reported,
balance_sheet,us-gaap:AssetsNoncurrent,Total other assets,3Q23,44511.554,ADI_SEC-XBRL-financials_as-presented_10-Q_2023-08-23_0000006281-23-000179.xlsx,Balance Sheet,"July 29, 2023",Total non-current assets,us-gaap:AssetsNoncurrent,reported,
balance_sheet,us-gaap:Assets,assets assets,3Q23,49346.739,ADI_SEC-XBRL-financials_as-presented_10-Q_2023-08-23_0000006281-23-000179.xlsx,Balance Sheet,"July 29, 2023",TOTAL ASSETS,us-gaap:Assets,reported,
balance_sheet,us-gaap:AccountsPayableCurrent,Accounts payable,3Q23,585.57,ADI_SEC-XBRL-financials_as-presented_10-Q_2023-08-23_0000006281-23-000179.xlsx,Balance Sheet,"July 29, 2023",Accounts payable,us-gaap:AccountsPayableCurrent,reported,
balance_sheet,us-gaap:AccruedIncomeTaxesCurrent,Income taxes payable,3Q23,423.438,ADI_SEC-XBRL-financials_as-presented_10-Q_2023-08-23_0000006281-23-000179.xlsx,Balance Sheet,"July 29, 2023",Income taxes payable,us-gaap:AccruedIncomeTaxesCurrent,reported,
balance_sheet,us-gaap:CommercialPaper,Commercial paper notes,3Q23,544.71,ADI_SEC-XBRL-financials_as-presented_10-Q_2023-08-23_0000006281-23-000179.xlsx,Balance Sheet,"July 29, 2023",Commercial paper notes,us-gaap:CommercialPaper,reported,
balance_sheet,us-gaap:AccruedLiabilitiesCurrent,Accrued liabilities,3Q23,1277.3,ADI_SEC-XBRL-financials_as-presented_10-Q_2023-08-23_0000006281-23-000179.xlsx,Balance Sheet,"July 29, 2023",Accrued liabilities,us-gaap:AccruedLiabilitiesCurrent,reported,
balance_sheet,us-gaap:LiabilitiesCurrent,Total current liabilities,3Q23,2831.018,ADI_SEC-XBRL-financials_as-presented_10-Q_2023-08-23_0000006281-23-000179.xlsx,Balance Sheet,"July 29, 2023",Total current liabilities,us-gaap:LiabilitiesCurrent,reported,
balance_sheet,us-gaap:UnsecuredLongTermDebt,Long-term debt,3Q23,6437.65,ADI_SEC-XBRL-financials_as-presented_10-Q_2023-08-23_0000006281-23-000179.xlsx,Balance Sheet,"July 29, 2023",Long-term debt,us-gaap:UnsecuredLongTermDebt,reported,
balance_sheet,us-gaap:DeferredIncomeTaxLiabilitiesNet,Deferred income taxes,3Q23,3150.748,ADI_SEC-XBRL-financials_as-presented_10-Q_2023-08-23_0000006281-23-000179.xlsx,Balance Sheet,"July 29, 2023",Deferred income taxes,us-gaap:DeferredIncomeTaxLiabilitiesNet,reported,
balance_sheet,us-gaap:AccruedIncomeTaxesNoncurrent,Income taxes payable,3Q23,441.361,ADI_SEC-XBRL-financials_as-presented_10-Q_2023-08-23_0000006281-23-000179.xlsx,Balance Sheet,"July 29, 2023",Income taxes payable,us-gaap:AccruedIncomeTaxesNoncurrent,reported,
balance_sheet,us-gaap:OtherLiabilitiesNoncurrent,Other non-current liabilities,3Q23,582.216,ADI_SEC-XBRL-financials_as-presented_10-Q_2023-08-23_0000006281-23-000179.xlsx,Balance Sheet,"July 29, 2023",Other non-current liabilities,us-gaap:OtherLiabilitiesNoncurrent,reported,
balance_sheet,us-gaap:LiabilitiesNoncurrent,Total non-current liabilities,3Q23,10611.975,ADI_SEC-XBRL-financials_as-presented_10-Q_2023-08-23_0000006281-23-000179.xlsx,Balance Sheet,"July 29, 2023",Total non-current liabilities,us-gaap:LiabilitiesNoncurrent,reported,
balance_sheet,us-gaap:CommonStockParOrStatedValuePerShare,"Common stock, 0.16 2/3 par value, 1,200,000,000 shares authorized, 368,220,091 shares outstanding (368,302,369 on November 2, 2019)",3Q23,83.054,ADI_SEC-XBRL-financials_as-presented_10-Q_2023-08-23_0000006281-23-000179.xlsx,Balance Sheet,"July 29, 2023","Common stock, $0.16 2/3 par value, 1,200,000,000 shares authorized, 498,313,956 shares outstanding (509,295,941 on October 29, 2022)",us-gaap:CommonStockParOrStatedValuePerShare,reported,
balance_sheet,us-gaap:AdditionalPaidInCapitalCommonStock,Capital in excess of par value,3Q23,25705.193,ADI_SEC-XBRL-financials_as-presented_10-Q_2023-08-23_0000006281-23-000179.xlsx,Balance Sheet,"July 29, 2023",Capital in excess of par value,us-gaap:AdditionalPaidInCapitalCommonStock,reported,
balance_sheet,us-gaap:RetainedEarningsAccumulatedDeficit,Retained earnings,3Q23,10286.353,ADI_SEC-XBRL-financials_as-presented_10-Q_2023-08-23_0000006281-23-000179.xlsx,Balance Sheet,"July 29, 2023",Retained earnings,us-gaap:RetainedEarningsAccumulatedDeficit,reported,
balance_sheet,us-gaap:AccumulatedOtherComprehensiveIncomeLossNetOfTax,Accumulated other comprehensive loss,3Q23,-170.854,ADI_SEC-XBRL-financials_as-presented_10-Q_2023-08-23_0000006281-23-000179.xlsx,Balance Sheet,"July 29, 2023",Accumulated other comprehensive loss,us-gaap:AccumulatedOtherComprehensiveIncomeLossNetOfTax,reported,
balance_sheet,us-gaap:StockholdersEquity,Total shareholders’ equity,3Q23,35903.746,ADI_SEC-XBRL-financials_as-presented_10-Q_2023-08-23_0000006281-23-000179.xlsx,Balance Sheet,"July 29, 2023",Total shareholders’ equity,us-gaap:StockholdersEquity,reported,
balance_sheet,us-gaap:LiabilitiesAndStockholdersEquity,liabilities and stockholders equity liabilities and stockholders equity,3Q23,49346.739,ADI_SEC-XBRL-financials_as-presented_10-Q_2023-08-23_0000006281-23-000179.xlsx,Balance Sheet,"July 29, 2023",TOTAL LIABILITIES AND SHAREHOLDERS’ EQUITY,us-gaap:LiabilitiesAndStockholdersEquity,reported,
cash_flow,us-gaap:NetIncomeLoss,Net income,9M23,2816.149,ADI_SEC-XBRL-financials_as-presented_10-Q_2023-08-23_0000006281-23-000179.xlsx,Cash Flow,"Nine Months Ended July 29, 2023",Net income,us-gaap:NetIncomeLoss,reported,
cash_flow,us-gaap:Depreciation,Depreciation,9M23,251.785,ADI_SEC-XBRL-financials_as-presented_10-Q_2023-08-23_0000006281-23-000179.xlsx,Cash Flow,"Nine Months Ended July 29, 2023",Depreciation,us-gaap:Depreciation,reported,
cash_flow,us-gaap:AmortizationOfIntangibleAssets,Amortization of intangibles,9M23,1505.201,ADI_SEC-XBRL-financials_as-presented_10-Q_2023-08-23_0000006281-23-000179.xlsx,Cash Flow,"Nine Months Ended July 29, 2023",Amortization of intangibles,us-gaap:AmortizationOfIntangibleAssets,reported,
cash_flow,us-gaap:ShareBasedCompensation,Stock-based compensation expense,9M23,227.113,ADI_SEC-XBRL-financials_as-presented_10-Q_2023-08-23_0000006281-23-000179.xlsx,Cash Flow,"Nine Months Ended July 29, 2023",Stock-based compensation expense,us-gaap:ShareBasedCompensation,reported,
cash_flow,us-gaap:DeferredIncomeTaxExpenseBenefit,Deferred income taxes,9M23,-431.393,ADI_SEC-XBRL-financials_as-presented_10-Q_2023-08-23_0000006281-23-000179.xlsx,Cash Flow,"Nine Months Ended July 29, 2023",Deferred income taxes,us-gaap:DeferredIncomeTaxExpenseBenefit,reported,
cash_flow,adi:OperatingLeaseRightOfUseAssetAndLiability,Operating lease assets and liabilities,9M23,4.945,ADI_SEC-XBRL-financials_as-presented_10-Q_2023-08-23_0000006281-23-000179.xlsx,Cash Flow,"Nine Months Ended July 29, 2023",Operating lease assets and liabilities,adi:OperatingLeaseRightOfUseAssetAndLiability,reported,
cash_flow,us-gaap:OtherNoncashIncomeExpense,Other non-cash activity,9M23,14.185,ADI_SEC-XBRL-financials_as-presented_10-Q_2023-08-23_0000006281-23-000179.xlsx,Cash Flow,"Nine Months Ended July 29, 2023",Other,us-gaap:OtherNoncashIncomeExpense,reported,
cash_flow,us-gaap:IncreaseDecreaseInOperatingCapital,Changes in operating assets and liabilities,9M23,-757.645,ADI_SEC-XBRL-financials_as-presented_10-Q_2023-08-23_0000006281-23-000179.xlsx,Cash Flow,"Nine Months Ended July 29, 2023",Changes in operating assets and liabilities,us-gaap:IncreaseDecreaseInOperatingCapital,reported,
cash_flow,us-gaap:AdjustmentsToReconcileNetIncomeLossToCashProvidedByUsedInOperatingActivities,Total adjustments,9M23,814.191,ADI_SEC-XBRL-financials_as-presented_10-Q_2023-08-23_0000006281-23-000179.xlsx,Cash Flow,"Nine Months Ended July 29, 2023",Total adjustments,us-gaap:AdjustmentsToReconcileNetIncomeLossToCashProvidedByUsedInOperatingActivities,reported,
cash_flow,us-gaap:NetCashProvidedByUsedInOperatingActivities,Net cash provided by operating activities,9M23,3630.34,ADI_SEC-XBRL-financials_as-presented_10-Q_2023-08-23_0000006281-23-000179.xlsx,Cash Flow,"Nine Months Ended July 29, 2023",Net cash provided by operating activities,us-gaap:NetCashProvidedByUsedInOperatingActivities,reported,
cash_flow,us-gaap:PaymentsToAcquirePropertyPlantAndEquipment,"Additions to property, plant and equipment",9M23,-785.07,ADI_SEC-XBRL-financials_as-presented_10-Q_2023-08-23_0000006281-23-000179.xlsx,Cash Flow,"Nine Months Ended July 29, 2023","Additions to property, plant and equipment",us-gaap:PaymentsToAcquirePropertyPlantAndEquipment,reported,
cash_flow,us-gaap:PaymentsForProceedsFromOtherInvestingActivities,Changes in other assets,9M23,-2.254,ADI_SEC-XBRL-financials_as-presented_10-Q_2023-08-23_0000006281-23-000179.xlsx,Cash Flow,"Nine Months Ended July 29, 2023",Other,us-gaap:PaymentsForProceedsFromOtherInvestingActivities,reported,
cash_flow,us-gaap:NetCashProvidedByUsedInInvestingActivities,Net cash used for investing activities,9M23,-787.324,ADI_SEC-XBRL-financials_as-presented_10-Q_2023-08-23_0000006281-23-000179.xlsx,Cash Flow,"Nine Months Ended July 29, 2023",Net cash used for investing activities,us-gaap:NetCashProvidedByUsedInInvestingActivities,reported,
cash_flow,us-gaap:EarlyRepaymentOfSeniorDebt,Early termination of debt,9M23,-65.688,ADI_SEC-XBRL-financials_as-presented_10-Q_2023-08-23_0000006281-23-000179.xlsx,Cash Flow,"Nine Months Ended July 29, 2023",Early termination of debt,us-gaap:EarlyRepaymentOfSeniorDebt,reported,
cash_flow,us-gaap:ProceedsFromIssuanceOfCommercialPaper,Proceeds from commercial paper notes,9M23,2646.509,ADI_SEC-XBRL-financials_as-presented_10-Q_2023-08-23_0000006281-23-000179.xlsx,Cash Flow,"Nine Months Ended July 29, 2023",Proceeds from commercial paper notes,us-gaap:ProceedsFromIssuanceOfCommercialPaper,reported,
cash_flow,adi:PaymentsOfCommercialPaper,Payments of commercial paper notes,9M23,-2101.799,ADI_SEC-XBRL-financials_as-presented_10-Q_2023-08-23_0000006281-23-000179.xlsx,Cash Flow,"Nine Months Ended July 29, 2023",Payments of commercial paper notes,adi:PaymentsOfCommercialPaper,reported,
cash_flow,us-gaap:PaymentsForRepurchaseOfCommonStock,Repurchase of common stock,9M23,-2494.018,ADI_SEC-XBRL-financials_as-presented_10-Q_2023-08-23_0000006281-23-000179.xlsx,Cash Flow,"Nine Months Ended July 29, 2023",Repurchase of common stock,us-gaap:PaymentsForRepurchaseOfCommonStock,reported,
cash_flow,us-gaap:PaymentsOfDividendsCommonStock,Dividend payments to shareholders,9M23,-1251.121,ADI_SEC-XBRL-financials_as-presented_10-Q_2023-08-23_0000006281-23-000179.xlsx,Cash Flow,"Nine Months Ended July 29, 2023",Dividend payments to shareholders,us-gaap:PaymentsOfDividendsCommonStock,reported,
cash_flow,us-gaap:ProceedsFromStockPlans,Proceeds from employee stock plans,9M23,113.002,ADI_SEC-XBRL-financials_as-presented_10-Q_2023-08-23_0000006281-23-000179.xlsx,Cash Flow,"Nine Months Ended July 29, 2023",Proceeds from employee stock plans,us-gaap:ProceedsFromStockPlans,reported,
cash_flow,us-gaap:ProceedsFromPaymentsForOtherFinancingActivities,Changes in other financing activities,9M23,-11.227,ADI_SEC-XBRL-financials_as-presented_10-Q_2023-08-23_0000006281-23-000179.xlsx,Cash Flow,"Nine Months Ended July 29, 2023",Other,us-gaap:ProceedsFromPaymentsForOtherFinancingActivities,reported,
cash_flow,us-gaap:NetCashProvidedByUsedInFinancingActivities,Net cash used for financing activities,9M23,-3164.342,ADI_SEC-XBRL-financials_as-presented_10-Q_2023-08-23_0000006281-23-000179.xlsx,Cash Flow,"Nine Months Ended July 29, 2023",Net cash used for financing activities,us-gaap:NetCashProvidedByUsedInFinancingActivities,reported,
cash_flow,us-gaap:CashCashEquivalentsRestrictedCashAndRestrictedCashEquivalentsPeriodIncreaseDecreaseIncludingExchangeRateEffect,Net decrease in cash and cash equivalents,9M23,-321.326,ADI_SEC-XBRL-financials_as-presented_10-Q_2023-08-23_0000006281-23-000179.xlsx,Cash Flow,"Nine Months Ended July 29, 2023",Net decrease in cash and cash equivalents,us-gaap:CashCashEquivalentsRestrictedCashAndRestrictedCashEquivalentsPeriodIncreaseDecreaseIncludingExchangeRateEffect,reported,
cash_flow,us-gaap:CashCashEquivalentsRestrictedCashAndRestrictedCashEquivalents,Cash and cash equivalents at beginning of period,9M23,1470.572,ADI_SEC-XBRL-financials_as-presented_10-Q_2023-08-23_0000006281-23-000179.xlsx,Cash Flow,"Nine Months Ended July 29, 2023",Cash and cash equivalents at beginning of period,us-gaap:CashCashEquivalentsRestrictedCashAndRestrictedCashEquivalents,reported,
income_statement,us-gaap:RevenueFromContractWithCustomerExcludingAssessedTax,Revenue,1Q24,2512.704,ADI_SEC-XBRL-financials_as-presented_10-Q_2024-02-21_0000006281-24-000034.xlsx,Income Statement,"Three Months Ended February 3, 2024",Revenue,us-gaap:RevenueFromContractWithCustomerExcludingAssessedTax,reported,
income_statement,us-gaap:CostOfGoodsAndServicesSold,Cost of sales,1Q24,1038.763,ADI_SEC-XBRL-financials_as-presented_10-Q_2024-02-21_0000006281-24-000034.xlsx,Income Statement,"Three Months Ended February 3, 2024",Cost of sales,us-gaap:CostOfGoodsAndServicesSold,reported,
income_statement,us-gaap:GrossProfit,Gross margin,1Q24,1473.941,ADI_SEC-XBRL-financials_as-presented_10-Q_2024-02-21_0000006281-24-000034.xlsx,Income Statement,"Three Months Ended February 3, 2024",Gross margin,us-gaap:GrossProfit,reported,
income_statement,us-gaap:ResearchAndDevelopmentExpense,Research and development,1Q24,391.427,ADI_SEC-XBRL-financials_as-presented_10-Q_2024-02-21_0000006281-24-000034.xlsx,Income Statement,"Three Months Ended February 3, 2024",Research and development,us-gaap:ResearchAndDevelopmentExpense,reported,
income_statement,us-gaap:SellingGeneralAndAdministrativeExpense,"Selling, marketing, general and administrative",1Q24,290.078,ADI_SEC-XBRL-financials_as-presented_10-Q_2024-02-21_0000006281-24-000034.xlsx,Income Statement,"Three Months Ended February 3, 2024","Selling, marketing, general and administrative",us-gaap:SellingGeneralAndAdministrativeExpense,reported,
income_statement,adi:AmortizationofintangibleAssetsOperatingExpenses,Amortization of intangibles,1Q24,190.332,ADI_SEC-XBRL-financials_as-presented_10-Q_2024-02-21_0000006281-24-000034.xlsx,Income Statement,"Three Months Ended February 3, 2024",Amortization of intangibles,adi:OperatingExpensesAmortizationOfIntangibles,reported,
income_statement,us-gaap:RestructuringCharges,Special charges,1Q24,16.14,ADI_SEC-XBRL-financials_as-presented_10-Q_2024-02-21_0000006281-24-000034.xlsx,Income Statement,"Three Months Ended February 3, 2024","Special charges, net",us-gaap:RestructuringSettlementAndImpairmentProvisions,reported,
income_statement,us-gaap:OperatingExpenses,operating expenses operating expenses operating expenses operating expenses,1Q24,887.977,ADI_SEC-XBRL-financials_as-presented_10-Q_2024-02-21_0000006281-24-000034.xlsx,Income Statement,"Three Months Ended February 3, 2024",Total operating expenses,us-gaap:OperatingExpenses,reported,
income_statement,us-gaap:OperatingIncomeLoss,Operating income,1Q24,585.964,ADI_SEC-XBRL-financials_as-presented_10-Q_2024-02-21_0000006281-24-000034.xlsx,Income Statement,"Three Months Ended February 3, 2024",Operating income:,us-gaap:OperatingIncomeLoss,reported,
income_statement,us-gaap:InterestExpense,Interest expense,1Q24,77.141,ADI_SEC-XBRL-financials_as-presented_10-Q_2024-02-21_0000006281-24-000034.xlsx,Income Statement,"Three Months Ended February 3, 2024",Interest expense,us-gaap:InterestExpense,reported,
income_statement,us-gaap:InvestmentIncomeInterest,Interest income,1Q24,-9.169,ADI_SEC-XBRL-financials_as-presented_10-Q_2024-02-21_0000006281-24-000034.xlsx,Income Statement,"Three Months Ended February 3, 2024",Interest income,us-gaap:InvestmentIncomeInterest,reported,
income_statement,us-gaap:OtherNonoperatingIncomeExpense,"Other, net",1Q24,4.574,ADI_SEC-XBRL-financials_as-presented_10-Q_2024-02-21_0000006281-24-000034.xlsx,Income Statement,"Three Months Ended February 3, 2024","Other, net",us-gaap:OtherNonoperatingIncomeExpense,reported,
income_statement,us-gaap:NonoperatingIncomeExpense,nonoperating income expense nonoperating income expense nonoperating income expense nonoperating income expense,1Q24,72.546,ADI_SEC-XBRL-financials_as-presented_10-Q_2024-02-21_0000006281-24-000034.xlsx,Income Statement,"Three Months Ended February 3, 2024",Total nonoperating expense (income),us-gaap:NonoperatingIncomeExpense,reported,
income_statement,us-gaap:IncomeLossFromContinuingOperationsBeforeIncomeTaxesMinorityInterestAndIncomeLossFromEquityMethodInvestments,Income before income taxes,1Q24,513.418,ADI_SEC-XBRL-financials_as-presented_10-Q_2024-02-21_0000006281-24-000034.xlsx,Income Statement,"Three Months Ended February 3, 2024",Income before income taxes,us-gaap:IncomeLossFromContinuingOperationsBeforeIncomeTaxesExtraordinaryItemsNoncontrollingInterest,reported,
income_statement,us-gaap:IncomeTaxExpenseBenefit,Provision for income taxes,1Q24,50.691,ADI_SEC-XBRL-financials_as-presented_10-Q_2024-02-21_0000006281-24-000034.xlsx,Income Statement,"Three Months Ended February 3, 2024",Provision for income taxes,us-gaap:IncomeTaxExpenseBenefit,reported,
income_statement,us-gaap:NetIncomeLoss,Net income,1Q24,462.727,ADI_SEC-XBRL-financials_as-presented_10-Q_2024-02-21_0000006281-24-000034.xlsx,Income Statement,"Three Months Ended February 3, 2024",Net income,us-gaap:NetIncomeLoss,reported,
income_statement,us-gaap:WeightedAverageNumberOfSharesOutstandingBasic,Shares used to compute earnings per common share – basic,1Q24,495.765,ADI_SEC-XBRL-financials_as-presented_10-Q_2024-02-21_0000006281-24-000034.xlsx,Income Statement,"Three Months Ended February 3, 2024",Shares used to compute earnings per common share – basic,us-gaap:WeightedAverageNumberOfSharesOutstandingBasic,reported,
income_statement,us-gaap:WeightedAverageNumberOfDilutedSharesOutstanding,Shares used to compute earnings per common share – diluted,1Q24,498.741,ADI_SEC-XBRL-financials_as-presented_10-Q_2024-02-21_0000006281-24-000034.xlsx,Income Statement,"Three Months Ended February 3, 2024",Shares used to compute earnings per common share – diluted,us-gaap:WeightedAverageNumberOfDilutedSharesOutstanding,reported,
income_statement,us-gaap:IncomeLossFromContinuingOperationsPerBasicShare,Basic earnings per common share,1Q24,0.93,ADI_SEC-XBRL-financials_as-presented_10-Q_2024-02-21_0000006281-24-000034.xlsx,Income Statement,"Three Months Ended February 3, 2024",Basic earnings per common share,us-gaap:EarningsPerShareBasic,reported,
income_statement,us-gaap:IncomeLossFromContinuingOperationsPerDilutedShare,Diluted earnings per common share,1Q24,0.93,ADI_SEC-XBRL-financials_as-presented_10-Q_2024-02-21_0000006281-24-000034.xlsx,Income Statement,"Three Months Ended February 3, 2024",Diluted earnings per common share,us-gaap:EarningsPerShareDiluted,reported,
balance_sheet,us-gaap:CashAndCashEquivalentsAtCarryingValue,Cash and cash equivalents,1Q24,1303.56,ADI_SEC-XBRL-financials_as-presented_10-Q_2024-02-21_0000006281-24-000034.xlsx,Balance Sheet,"February 3, 2024",Cash and cash equivalents,us-gaap:CashAndCashEquivalentsAtCarryingValue,reported,
balance_sheet,us-gaap:AccountsReceivableNetCurrent,Accounts receivable,1Q24,1196.721,ADI_SEC-XBRL-financials_as-presented_10-Q_2024-02-21_0000006281-24-000034.xlsx,Balance Sheet,"February 3, 2024",Accounts receivable,us-gaap:AccountsReceivableNetCurrent,reported,
balance_sheet,us-gaap:InventoryNet,Inventories (2),1Q24,1553.221,ADI_SEC-XBRL-financials_as-presented_10-Q_2024-02-21_0000006281-24-000034.xlsx,Balance Sheet,"February 3, 2024",Inventories,us-gaap:InventoryNet,reported,
balance_sheet,us-gaap:PrepaidExpenseAndOtherAssetsCurrent,Prepaid expenses and other current assets,1Q24,362.375,ADI_SEC-XBRL-financials_as-presented_10-Q_2024-02-21_0000006281-24-000034.xlsx,Balance Sheet,"February 3, 2024",Prepaid expenses and other current assets,us-gaap:PrepaidExpenseAndOtherAssetsCurrent,reported,
balance_sheet,us-gaap:AssetsCurrent,Total current assets,1Q24,4415.877,ADI_SEC-XBRL-financials_as-presented_10-Q_2024-02-21_0000006281-24-000034.xlsx,Balance Sheet,"February 3, 2024",Total current assets,us-gaap:AssetsCurrent,reported,
balance_sheet,us-gaap:PropertyPlantAndEquipmentNet,"Net property, plant and equipment",1Q24,3281.937,ADI_SEC-XBRL-financials_as-presented_10-Q_2024-02-21_0000006281-24-000034.xlsx,Balance Sheet,"February 3, 2024","Net property, plant and equipment",us-gaap:PropertyPlantAndEquipmentNet,reported,
balance_sheet,us-gaap:Goodwill,Goodwill,1Q24,26913.134,ADI_SEC-XBRL-financials_as-presented_10-Q_2024-02-21_0000006281-24-000034.xlsx,Balance Sheet,"February 3, 2024",Goodwill,us-gaap:Goodwill,reported,
balance_sheet,us-gaap:IntangibleAssetsNetExcludingGoodwill,"Intangible assets, net",1Q24,10871.054,ADI_SEC-XBRL-financials_as-presented_10-Q_2024-02-21_0000006281-24-000034.xlsx,Balance Sheet,"February 3, 2024","Intangible assets, net",us-gaap:IntangibleAssetsNetExcludingGoodwill,reported,
balance_sheet,us-gaap:DeferredIncomeTaxAssetsNet,Deferred tax assets,1Q24,2172.174,ADI_SEC-XBRL-financials_as-presented_10-Q_2024-02-21_0000006281-24-000034.xlsx,Balance Sheet,"February 3, 2024",Deferred tax assets,us-gaap:DeferredIncomeTaxAssetsNet,reported,
balance_sheet,us-gaap:OtherAssetsNoncurrent,Other assets,1Q24,734.288,ADI_SEC-XBRL-financials_as-presented_10-Q_2024-02-21_0000006281-24-000034.xlsx,Balance Sheet,"February 3, 2024",Other assets,us-gaap:OtherAssetsNoncurrent,reported,
balance_sheet,us-gaap:AssetsNoncurrent,Total other assets,1Q24,43972.587,ADI_SEC-XBRL-financials_as-presented_10-Q_2024-02-21_0000006281-24-000034.xlsx,Balance Sheet,"February 3, 2024",Total non-current assets,us-gaap:AssetsNoncurrent,reported,
balance_sheet,us-gaap:Assets,assets assets,1Q24,48388.464,ADI_SEC-XBRL-financials_as-presented_10-Q_2024-02-21_0000006281-24-000034.xlsx,Balance Sheet,"February 3, 2024",TOTAL ASSETS,us-gaap:Assets,reported,
balance_sheet,us-gaap:AccountsPayableCurrent,Accounts payable,1Q24,398.107,ADI_SEC-XBRL-financials_as-presented_10-Q_2024-02-21_0000006281-24-000034.xlsx,Balance Sheet,"February 3, 2024",Accounts payable,us-gaap:AccountsPayableCurrent,reported,
balance_sheet,us-gaap:AccruedIncomeTaxesCurrent,Income taxes payable,1Q24,410.013,ADI_SEC-XBRL-financials_as-presented_10-Q_2024-02-21_0000006281-24-000034.xlsx,Balance Sheet,"February 3, 2024",Income taxes payable,us-gaap:AccruedIncomeTaxesCurrent,reported,
balance_sheet,us-gaap:LongTermDebtCurrent,"Debt, current",1Q24,499.322,ADI_SEC-XBRL-financials_as-presented_10-Q_2024-02-21_0000006281-24-000034.xlsx,Balance Sheet,"February 3, 2024","Debt, current",us-gaap:LongTermDebtCurrent,reported,
balance_sheet,us-gaap:CommercialPaper,Commercial paper notes,1Q24,544.444,ADI_SEC-XBRL-financials_as-presented_10-Q_2024-02-21_0000006281-24-000034.xlsx,Balance Sheet,"February 3, 2024",Commercial paper notes,us-gaap:CommercialPaper,reported,
balance_sheet,us-gaap:AccruedLiabilitiesCurrent,Accrued liabilities,1Q24,1071.48,ADI_SEC-XBRL-financials_as-presented_10-Q_2024-02-21_0000006281-24-000034.xlsx,Balance Sheet,"February 3, 2024",Accrued liabilities,us-gaap:AccruedLiabilitiesCurrent,reported,
balance_sheet,us-gaap:LiabilitiesCurrent,Total current liabilities,1Q24,2923.366,ADI_SEC-XBRL-financials_as-presented_10-Q_2024-02-21_0000006281-24-000034.xlsx,Balance Sheet,"February 3, 2024",Total current liabilities,us-gaap:LiabilitiesCurrent,reported,
balance_sheet,us-gaap:LongTermDebtNoncurrent,Long-term debt,1Q24,5946.673,ADI_SEC-XBRL-financials_as-presented_10-Q_2024-02-21_0000006281-24-000034.xlsx,Balance Sheet,"February 3, 2024",Long-term debt,us-gaap:LongTermDebtNoncurrent,reported,
balance_sheet,us-gaap:DeferredIncomeTaxLiabilitiesNet,Deferred income taxes,1Q24,2975.815,ADI_SEC-XBRL-financials_as-presented_10-Q_2024-02-21_0000006281-24-000034.xlsx,Balance Sheet,"February 3, 2024",Deferred income taxes,us-gaap:DeferredIncomeTaxLiabilitiesNet,reported,
balance_sheet,us-gaap:AccruedIncomeTaxesNoncurrent,Income taxes payable,1Q24,415.535,ADI_SEC-XBRL-financials_as-presented_10-Q_2024-02-21_0000006281-24-000034.xlsx,Balance Sheet,"February 3, 2024",Income taxes payable,us-gaap:AccruedIncomeTaxesNoncurrent,reported,
balance_sheet,us-gaap:OtherLiabilitiesNoncurrent,Other non-current liabilities,1Q24,579.002,ADI_SEC-XBRL-financials_as-presented_10-Q_2024-02-21_0000006281-24-000034.xlsx,Balance Sheet,"February 3, 2024",Other non-current liabilities,us-gaap:OtherLiabilitiesNoncurrent,reported,
balance_sheet,us-gaap:LiabilitiesNoncurrent,Total non-current liabilities,1Q24,9917.025,ADI_SEC-XBRL-financials_as-presented_10-Q_2024-02-21_0000006281-24-000034.xlsx,Balance Sheet,"February 3, 2024",Total non-current liabilities,us-gaap:LiabilitiesNoncurrent,reported,
balance_sheet,us-gaap:CommonStockParOrStatedValuePerShare,"Common stock, 0.16 2/3 par value, 1,200,000,000 shares authorized, 368,220,091 shares outstanding (368,302,369 on November 2, 2019)",1Q24,82.653,ADI_SEC-XBRL-financials_as-presented_10-Q_2024-02-21_0000006281-24-000034.xlsx,Balance Sheet,"February 3, 2024","Common stock, $0.16 2/3 par value, 1,200,000,000 shares authorized, 495,908,150 shares outstanding (496,261,678 on October 28, 2023)",us-gaap:CommonStockParOrStatedValuePerShare,reported,
balance_sheet,us-gaap:AdditionalPaidInCapitalCommonStock,Capital in excess of par value,1Q24,25253.256,ADI_SEC-XBRL-financials_as-presented_10-Q_2024-02-21_0000006281-24-000034.xlsx,Balance Sheet,"February 3, 2024",Capital in excess of par value,us-gaap:AdditionalPaidInCapitalCommonStock,reported,
balance_sheet,us-gaap:RetainedEarningsAccumulatedDeficit,Retained earnings,1Q24,10393.449,ADI_SEC-XBRL-financials_as-presented_10-Q_2024-02-21_0000006281-24-000034.xlsx,Balance Sheet,"February 3, 2024",Retained earnings,us-gaap:RetainedEarningsAccumulatedDeficit,reported,
balance_sheet,us-gaap:AccumulatedOtherComprehensiveIncomeLossNetOfTax,Accumulated other comprehensive loss,1Q24,-181.285,ADI_SEC-XBRL-financials_as-presented_10-Q_2024-02-21_0000006281-24-000034.xlsx,Balance Sheet,"February 3, 2024",Accumulated other comprehensive loss,us-gaap:AccumulatedOtherComprehensiveIncomeLossNetOfTax,reported,
balance_sheet,us-gaap:StockholdersEquity,Total shareholders’ equity,1Q24,35548.073,ADI_SEC-XBRL-financials_as-presented_10-Q_2024-02-21_0000006281-24-000034.xlsx,Balance Sheet,"February 3, 2024",Total shareholders’ equity,us-gaap:StockholdersEquity,reported,
balance_sheet,us-gaap:LiabilitiesAndStockholdersEquity,liabilities and stockholders equity liabilities and stockholders equity,1Q24,48388.464,ADI_SEC-XBRL-financials_as-presented_10-Q_2024-02-21_0000006281-24-000034.xlsx,Balance Sheet,"February 3, 2024",TOTAL LIABILITIES AND SHAREHOLDERS’ EQUITY,us-gaap:LiabilitiesAndStockholdersEquity,reported,
cash_flow,us-gaap:NetIncomeLoss,Net income,1Q24,462.727,ADI_SEC-XBRL-financials_as-presented_10-Q_2024-02-21_0000006281-24-000034.xlsx,Cash Flow,"Three Months Ended February 3, 2024",Net income,us-gaap:NetIncomeLoss,reported,
cash_flow,us-gaap:Depreciation,Depreciation,1Q24,84.348,ADI_SEC-XBRL-financials_as-presented_10-Q_2024-02-21_0000006281-24-000034.xlsx,Cash Flow,"Three Months Ended February 3, 2024",Depreciation,us-gaap:Depreciation,reported,
cash_flow,us-gaap:AmortizationOfIntangibleAssets,Amortization of intangibles,1Q24,440.903,ADI_SEC-XBRL-financials_as-presented_10-Q_2024-02-21_0000006281-24-000034.xlsx,Cash Flow,"Three Months Ended February 3, 2024",Amortization of intangibles,us-gaap:AmortizationOfIntangibleAssets,reported,
cash_flow,us-gaap:ShareBasedCompensation,Stock-based compensation expense,1Q24,69.815,ADI_SEC-XBRL-financials_as-presented_10-Q_2024-02-21_0000006281-24-000034.xlsx,Cash Flow,"Three Months Ended February 3, 2024",Stock-based compensation expense,us-gaap:ShareBasedCompensation,reported,
cash_flow,us-gaap:DeferredIncomeTaxExpenseBenefit,Deferred income taxes,1Q24,-102.149,ADI_SEC-XBRL-financials_as-presented_10-Q_2024-02-21_0000006281-24-000034.xlsx,Cash Flow,"Three Months Ended February 3, 2024",Deferred income taxes,us-gaap:DeferredIncomeTaxExpenseBenefit,reported,
cash_flow,us-gaap:OtherNoncashIncomeExpense,Other non-cash activity,1Q24,4.684,ADI_SEC-XBRL-financials_as-presented_10-Q_2024-02-21_0000006281-24-000034.xlsx,Cash Flow,"Three Months Ended February 3, 2024",Other,us-gaap:OtherNoncashIncomeExpense,reported,
cash_flow,us-gaap:IncreaseDecreaseInOperatingCapital,Changes in operating assets and liabilities,1Q24,178.504,ADI_SEC-XBRL-financials_as-presented_10-Q_2024-02-21_0000006281-24-000034.xlsx,Cash Flow,"Three Months Ended February 3, 2024",Changes in operating assets and liabilities,us-gaap:IncreaseDecreaseInOperatingCapital,reported,
cash_flow,us-gaap:AdjustmentsToReconcileNetIncomeLossToCashProvidedByUsedInOperatingActivities,Total adjustments,1Q24,676.105,ADI_SEC-XBRL-financials_as-presented_10-Q_2024-02-21_0000006281-24-000034.xlsx,Cash Flow,"Three Months Ended February 3, 2024",Total adjustments,us-gaap:AdjustmentsToReconcileNetIncomeLossToCashProvidedByUsedInOperatingActivities,reported,
cash_flow,us-gaap:NetCashProvidedByUsedInOperatingActivities,Net cash provided by operating activities,1Q24,1138.832,ADI_SEC-XBRL-financials_as-presented_10-Q_2024-02-21_0000006281-24-000034.xlsx,Cash Flow,"Three Months Ended February 3, 2024",Net cash provided by operating activities,us-gaap:NetCashProvidedByUsedInOperatingActivities,reported,
cash_flow,us-gaap:PaymentsToAcquirePropertyPlantAndEquipment,"Additions to property, plant and equipment",1Q24,-222.978,ADI_SEC-XBRL-financials_as-presented_10-Q_2024-02-21_0000006281-24-000034.xlsx,Cash Flow,"Three Months Ended February 3, 2024","Additions to property, plant and equipment",us-gaap:PaymentsToAcquirePropertyPlantAndEquipment,reported,
cash_flow,us-gaap:PaymentsForProceedsFromOtherInvestingActivities,Changes in other assets,1Q24,3.877,ADI_SEC-XBRL-financials_as-presented_10-Q_2024-02-21_0000006281-24-000034.xlsx,Cash Flow,"Three Months Ended February 3, 2024",Other,us-gaap:PaymentsForProceedsFromOtherInvestingActivities,reported,
cash_flow,us-gaap:NetCashProvidedByUsedInInvestingActivities,Net cash used for investing activities,1Q24,-219.101,ADI_SEC-XBRL-financials_as-presented_10-Q_2024-02-21_0000006281-24-000034.xlsx,Cash Flow,"Three Months Ended February 3, 2024",Net cash used for investing activities,us-gaap:NetCashProvidedByUsedInInvestingActivities,reported,
cash_flow,us-gaap:ProceedsFromIssuanceOfCommercialPaper,Proceeds from commercial paper notes,1Q24,2779.494,ADI_SEC-XBRL-financials_as-presented_10-Q_2024-02-21_0000006281-24-000034.xlsx,Cash Flow,"Three Months Ended February 3, 2024",Proceeds from commercial paper notes,us-gaap:ProceedsFromIssuanceOfCommercialPaper,reported,
cash_flow,adi:PaymentsOfCommercialPaper,Payments of commercial paper notes,1Q24,-2782.274,ADI_SEC-XBRL-financials_as-presented_10-Q_2024-02-21_0000006281-24-000034.xlsx,Cash Flow,"Three Months Ended February 3, 2024",Payments of commercial paper notes,adi:PaymentsOfCommercialPaper,reported,
cash_flow,us-gaap:PaymentsForRepurchaseOfCommonStock,Repurchase of common stock,1Q24,-180.351,ADI_SEC-XBRL-financials_as-presented_10-Q_2024-02-21_0000006281-24-000034.xlsx,Cash Flow,"Three Months Ended February 3, 2024",Repurchase of common stock,us-gaap:PaymentsForRepurchaseOfCommonStock,reported,
cash_flow,us-gaap:PaymentsOfDividendsCommonStock,Dividend payments to shareholders,1Q24,-426.076,ADI_SEC-XBRL-financials_as-presented_10-Q_2024-02-21_0000006281-24-000034.xlsx,Cash Flow,"Three Months Ended February 3, 2024",Dividend payments to shareholders,us-gaap:PaymentsOfDividendsCommonStock,reported,
cash_flow,us-gaap:ProceedsFromStockPlans,Proceeds from employee stock plans,1Q24,49.819,ADI_SEC-XBRL-financials_as-presented_10-Q_2024-02-21_0000006281-24-000034.xlsx,Cash Flow,"Three Months Ended February 3, 2024",Proceeds from employee stock plans,us-gaap:ProceedsFromStockPlans,reported,
cash_flow,us-gaap:ProceedsFromPaymentsForOtherFinancingActivities,Changes in other financing activities,1Q24,-14.844,ADI_SEC-XBRL-financials_as-presented_10-Q_2024-02-21_0000006281-24-000034.xlsx,Cash Flow,"Three Months Ended February 3, 2024",Other,us-gaap:ProceedsFromPaymentsForOtherFinancingActivities,reported,
cash_flow,us-gaap:NetCashProvidedByUsedInFinancingActivities,Net cash used for financing activities,1Q24,-574.232,ADI_SEC-XBRL-financials_as-presented_10-Q_2024-02-21_0000006281-24-000034.xlsx,Cash Flow,"Three Months Ended February 3, 2024",Net cash used for financing activities,us-gaap:NetCashProvidedByUsedInFinancingActivities,reported,
cash_flow,us-gaap:CashCashEquivalentsRestrictedCashAndRestrictedCashEquivalentsPeriodIncreaseDecreaseIncludingExchangeRateEffect,Net decrease in cash and cash equivalents,1Q24,345.499,ADI_SEC-XBRL-financials_as-presented_10-Q_2024-02-21_0000006281-24-000034.xlsx,Cash Flow,"Three Months Ended February 3, 2024",Net increase in cash and cash equivalents,us-gaap:CashCashEquivalentsRestrictedCashAndRestrictedCashEquivalentsPeriodIncreaseDecreaseIncludingExchangeRateEffect,reported,
cash_flow,us-gaap:CashCashEquivalentsRestrictedCashAndRestrictedCashEquivalents,Cash and cash equivalents at beginning of period,1Q24,958.061,ADI_SEC-XBRL-financials_as-presented_10-Q_2024-02-21_0000006281-24-000034.xlsx,Cash Flow,"Three Months Ended February 3, 2024",Cash and cash equivalents at beginning of period,us-gaap:CashCashEquivalentsRestrictedCashAndRestrictedCashEquivalents,reported,
income_statement,us-gaap:RevenueFromContractWithCustomerExcludingAssessedTax,Revenue,2Q24,2159.039,ADI_SEC-XBRL-financials_as-presented_10-Q_2024-05-22_0000006281-24-000132.xlsx,Income Statement,"Three Months Ended May 4, 2024",Revenue,us-gaap:RevenueFromContractWithCustomerExcludingAssessedTax,reported,
income_statement,us-gaap:RevenueFromContractWithCustomerExcludingAssessedTax,Revenue,6M24,4671.743,ADI_SEC-XBRL-financials_as-presented_10-Q_2024-05-22_0000006281-24-000132.xlsx,Income Statement,"Six Months Ended May 4, 2024",Revenue,us-gaap:RevenueFromContractWithCustomerExcludingAssessedTax,reported,
income_statement,us-gaap:CostOfGoodsAndServicesSold,Cost of sales,2Q24,979.004,ADI_SEC-XBRL-financials_as-presented_10-Q_2024-05-22_0000006281-24-000132.xlsx,Income Statement,"Three Months Ended May 4, 2024",Cost of sales,us-gaap:CostOfGoodsAndServicesSold,reported,
income_statement,us-gaap:CostOfGoodsAndServicesSold,Cost of sales,6M24,2017.767,ADI_SEC-XBRL-financials_as-presented_10-Q_2024-05-22_0000006281-24-000132.xlsx,Income Statement,"Six Months Ended May 4, 2024",Cost of sales,us-gaap:CostOfGoodsAndServicesSold,reported,
income_statement,us-gaap:GrossProfit,Gross margin,2Q24,1180.035,ADI_SEC-XBRL-financials_as-presented_10-Q_2024-05-22_0000006281-24-000132.xlsx,Income Statement,"Three Months Ended May 4, 2024",Gross margin,us-gaap:GrossProfit,reported,
income_statement,us-gaap:GrossProfit,Gross margin,6M24,2653.976,ADI_SEC-XBRL-financials_as-presented_10-Q_2024-05-22_0000006281-24-000132.xlsx,Income Statement,"Six Months Ended May 4, 2024",Gross margin,us-gaap:GrossProfit,reported,
income_statement,us-gaap:ResearchAndDevelopmentExpense,Research and development,2Q24,354.862,ADI_SEC-XBRL-financials_as-presented_10-Q_2024-05-22_0000006281-24-000132.xlsx,Income Statement,"Three Months Ended May 4, 2024",Research and development,us-gaap:ResearchAndDevelopmentExpense,reported,
income_statement,us-gaap:ResearchAndDevelopmentExpense,Research and development,6M24,746.289,ADI_SEC-XBRL-financials_as-presented_10-Q_2024-05-22_0000006281-24-000132.xlsx,Income Statement,"Six Months Ended May 4, 2024",Research and development,us-gaap:ResearchAndDevelopmentExpense,reported,
income_statement,us-gaap:SellingGeneralAndAdministrativeExpense,"Selling, marketing, general and administrative",2Q24,244.129,ADI_SEC-XBRL-financials_as-presented_10-Q_2024-05-22_0000006281-24-000132.xlsx,Income Statement,"Three Months Ended May 4, 2024","Selling, marketing, general and administrative",us-gaap:SellingGeneralAndAdministrativeExpense,reported,
income_statement,us-gaap:SellingGeneralAndAdministrativeExpense,"Selling, marketing, general and administrative",6M24,534.207,ADI_SEC-XBRL-financials_as-presented_10-Q_2024-05-22_0000006281-24-000132.xlsx,Income Statement,"Six Months Ended May 4, 2024","Selling, marketing, general and administrative",us-gaap:SellingGeneralAndAdministrativeExpense,reported,
income_statement,adi:AmortizationofintangibleAssetsOperatingExpenses,Amortization of intangibles,2Q24,188.944,ADI_SEC-XBRL-financials_as-presented_10-Q_2024-05-22_0000006281-24-000132.xlsx,Income Statement,"Three Months Ended May 4, 2024",Amortization of intangibles,adi:OperatingExpensesAmortizationOfIntangibles,reported,
income_statement,adi:AmortizationofintangibleAssetsOperatingExpenses,Amortization of intangibles,6M24,379.276,ADI_SEC-XBRL-financials_as-presented_10-Q_2024-05-22_0000006281-24-000132.xlsx,Income Statement,"Six Months Ended May 4, 2024",Amortization of intangibles,adi:OperatingExpensesAmortizationOfIntangibles,reported,
income_statement,us-gaap:RestructuringCharges,Special charges,2Q24,5.977,ADI_SEC-XBRL-financials_as-presented_10-Q_2024-05-22_0000006281-24-000132.xlsx,Income Statement,"Three Months Ended May 4, 2024","Special charges, net",us-gaap:RestructuringSettlementAndImpairmentProvisions,reported,
income_statement,us-gaap:RestructuringCharges,Special charges,6M24,22.117,ADI_SEC-XBRL-financials_as-presented_10-Q_2024-05-22_0000006281-24-000132.xlsx,Income Statement,"Six Months Ended May 4, 2024","Special charges, net",us-gaap:RestructuringSettlementAndImpairmentProvisions,reported,
income_statement,us-gaap:OperatingExpenses,operating expenses operating expenses operating expenses operating expenses,2Q24,793.912,ADI_SEC-XBRL-financials_as-presented_10-Q_2024-05-22_0000006281-24-000132.xlsx,Income Statement,"Three Months Ended May 4, 2024",Total operating expenses,us-gaap:OperatingExpenses,reported,
income_statement,us-gaap:OperatingExpenses,operating expenses operating expenses operating expenses operating expenses,6M24,1681.889,ADI_SEC-XBRL-financials_as-presented_10-Q_2024-05-22_0000006281-24-000132.xlsx,Income Statement,"Six Months Ended May 4, 2024",Total operating expenses,us-gaap:OperatingExpenses,reported,
income_statement,us-gaap:OperatingIncomeLoss,Operating income,2Q24,386.123,ADI_SEC-XBRL-financials_as-presented_10-Q_2024-05-22_0000006281-24-000132.xlsx,Income Statement,"Three Months Ended May 4, 2024",Operating income:,us-gaap:OperatingIncomeLoss,reported,
income_statement,us-gaap:OperatingIncomeLoss,Operating income,6M24,972.087,ADI_SEC-XBRL-financials_as-presented_10-Q_2024-05-22_0000006281-24-000132.xlsx,Income Statement,"Six Months Ended May 4, 2024",Operating income:,us-gaap:OperatingIncomeLoss,reported,
income_statement,us-gaap:InterestExpense,Interest expense,2Q24,77.103,ADI_SEC-XBRL-financials_as-presented_10-Q_2024-05-22_0000006281-24-000132.xlsx,Income Statement,"Three Months Ended May 4, 2024",Interest expense,us-gaap:InterestExpense,reported,
income_statement,us-gaap:InterestExpense,Interest expense,6M24,154.244,ADI_SEC-XBRL-financials_as-presented_10-Q_2024-05-22_0000006281-24-000132.xlsx,Income Statement,"Six Months Ended May 4, 2024",Interest expense,us-gaap:InterestExpense,reported,
income_statement,us-gaap:InvestmentIncomeInterest,Interest income,2Q24,-15.269,ADI_SEC-XBRL-financials_as-presented_10-Q_2024-05-22_0000006281-24-000132.xlsx,Income Statement,"Three Months Ended May 4, 2024",Interest income,us-gaap:InvestmentIncomeInterest,reported,
income_statement,us-gaap:InvestmentIncomeInterest,Interest income,6M24,-24.438,ADI_SEC-XBRL-financials_as-presented_10-Q_2024-05-22_0000006281-24-000132.xlsx,Income Statement,"Six Months Ended May 4, 2024",Interest income,us-gaap:InvestmentIncomeInterest,reported,
income_statement,us-gaap:OtherNonoperatingIncomeExpense,"Other, net",2Q24,-0.314,ADI_SEC-XBRL-financials_as-presented_10-Q_2024-05-22_0000006281-24-000132.xlsx,Income Statement,"Three Months Ended May 4, 2024","Other, net",us-gaap:OtherNonoperatingIncomeExpense,reported,
income_statement,us-gaap:OtherNonoperatingIncomeExpense,"Other, net",6M24,4.26,ADI_SEC-XBRL-financials_as-presented_10-Q_2024-05-22_0000006281-24-000132.xlsx,Income Statement,"Six Months Ended May 4, 2024","Other, net",us-gaap:OtherNonoperatingIncomeExpense,reported,
income_statement,us-gaap:NonoperatingIncomeExpense,nonoperating income expense nonoperating income expense nonoperating income expense nonoperating income expense,2Q24,61.52,ADI_SEC-XBRL-financials_as-presented_10-Q_2024-05-22_0000006281-24-000132.xlsx,Income Statement,"Three Months Ended May 4, 2024",Total nonoperating expense (income),us-gaap:NonoperatingIncomeExpense,reported,
income_statement,us-gaap:NonoperatingIncomeExpense,nonoperating income expense nonoperating income expense nonoperating income expense nonoperating income expense,6M24,134.066,ADI_SEC-XBRL-financials_as-presented_10-Q_2024-05-22_0000006281-24-000132.xlsx,Income Statement,"Six Months Ended May 4, 2024",Total nonoperating expense (income),us-gaap:NonoperatingIncomeExpense,reported,
income_statement,us-gaap:IncomeLossFromContinuingOperationsBeforeIncomeTaxesMinorityInterestAndIncomeLossFromEquityMethodInvestments,Income before income taxes,2Q24,324.603,ADI_SEC-XBRL-financials_as-presented_10-Q_2024-05-22_0000006281-24-000132.xlsx,Income Statement,"Three Months Ended May 4, 2024",Income before income taxes,us-gaap:IncomeLossFromContinuingOperationsBeforeIncomeTaxesExtraordinaryItemsNoncontrollingInterest,reported,
income_statement,us-gaap:IncomeLossFromContinuingOperationsBeforeIncomeTaxesMinorityInterestAndIncomeLossFromEquityMethodInvestments,Income before income taxes,6M24,838.021,ADI_SEC-XBRL-financials_as-presented_10-Q_2024-05-22_0000006281-24-000132.xlsx,Income Statement,"Six Months Ended May 4, 2024",Income before income taxes,us-gaap:IncomeLossFromContinuingOperationsBeforeIncomeTaxesExtraordinaryItemsNoncontrollingInterest,reported,
income_statement,us-gaap:IncomeTaxExpenseBenefit,Provision for income taxes,2Q24,22.361,ADI_SEC-XBRL-financials_as-presented_10-Q_2024-05-22_0000006281-24-000132.xlsx,Income Statement,"Three Months Ended May 4, 2024",Provision for income taxes,us-gaap:IncomeTaxExpenseBenefit,reported,
income_statement,us-gaap:IncomeTaxExpenseBenefit,Provision for income taxes,6M24,73.052,ADI_SEC-XBRL-financials_as-presented_10-Q_2024-05-22_0000006281-24-000132.xlsx,Income Statement,"Six Months Ended May 4, 2024",Provision for income taxes,us-gaap:IncomeTaxExpenseBenefit,reported,
income_statement,us-gaap:NetIncomeLoss,Net income,2Q24,302.242,ADI_SEC-XBRL-financials_as-presented_10-Q_2024-05-22_0000006281-24-000132.xlsx,Income Statement,"Three Months Ended May 4, 2024",Net income,us-gaap:NetIncomeLoss,reported,
income_statement,us-gaap:NetIncomeLoss,Net income,6M24,764.969,ADI_SEC-XBRL-financials_as-presented_10-Q_2024-05-22_0000006281-24-000132.xlsx,Income Statement,"Six Months Ended May 4, 2024",Net income,us-gaap:NetIncomeLoss,reported,
income_statement,us-gaap:WeightedAverageNumberOfSharesOutstandingBasic,Shares used to compute earnings per common share – basic,2Q24,496.13,ADI_SEC-XBRL-financials_as-presented_10-Q_2024-05-22_0000006281-24-000132.xlsx,Income Statement,"Three Months Ended May 4, 2024",Shares used to compute earnings per common share – basic,us-gaap:WeightedAverageNumberOfSharesOutstandingBasic,reported,
income_statement,us-gaap:WeightedAverageNumberOfSharesOutstandingBasic,Shares used to compute earnings per common share – basic,6M24,495.947,ADI_SEC-XBRL-financials_as-presented_10-Q_2024-05-22_0000006281-24-000132.xlsx,Income Statement,"Six Months Ended May 4, 2024",Shares used to compute earnings per common share – basic,us-gaap:WeightedAverageNumberOfSharesOutstandingBasic,reported,
income_statement,us-gaap:WeightedAverageNumberOfDilutedSharesOutstanding,Shares used to compute earnings per common share – diluted,2Q24,498.533,ADI_SEC-XBRL-financials_as-presented_10-Q_2024-05-22_0000006281-24-000132.xlsx,Income Statement,"Three Months Ended May 4, 2024",Shares used to compute earnings per common share – diluted,us-gaap:WeightedAverageNumberOfDilutedSharesOutstanding,reported,
income_statement,us-gaap:WeightedAverageNumberOfDilutedSharesOutstanding,Shares used to compute earnings per common share – diluted,6M24,498.637,ADI_SEC-XBRL-financials_as-presented_10-Q_2024-05-22_0000006281-24-000132.xlsx,Income Statement,"Six Months Ended May 4, 2024",Shares used to compute earnings per common share – diluted,us-gaap:WeightedAverageNumberOfDilutedSharesOutstanding,reported,
income_statement,us-gaap:IncomeLossFromContinuingOperationsPerBasicShare,Basic earnings per common share,2Q24,0.61,ADI_SEC-XBRL-financials_as-presented_10-Q_2024-05-22_0000006281-24-000132.xlsx,Income Statement,"Three Months Ended May 4, 2024",Basic earnings per common share,us-gaap:EarningsPerShareBasic,reported,
income_statement,us-gaap:IncomeLossFromContinuingOperationsPerBasicShare,Basic earnings per common share,6M24,1.54,ADI_SEC-XBRL-financials_as-presented_10-Q_2024-05-22_0000006281-24-000132.xlsx,Income Statement,"Six Months Ended May 4, 2024",Basic earnings per common share,us-gaap:EarningsPerShareBasic,reported,
income_statement,us-gaap:IncomeLossFromContinuingOperationsPerDilutedShare,Diluted earnings per common share,2Q24,0.61,ADI_SEC-XBRL-financials_as-presented_10-Q_2024-05-22_0000006281-24-000132.xlsx,Income Statement,"Three Months Ended May 4, 2024",Diluted earnings per common share,us-gaap:EarningsPerShareDiluted,reported,
income_statement,us-gaap:IncomeLossFromContinuingOperationsPerDilutedShare,Diluted earnings per common share,6M24,1.53,ADI_SEC-XBRL-financials_as-presented_10-Q_2024-05-22_0000006281-24-000132.xlsx,Income Statement,"Six Months Ended May 4, 2024",Diluted earnings per common share,us-gaap:EarningsPerShareDiluted,reported,
balance_sheet,us-gaap:CashAndCashEquivalentsAtCarryingValue,Cash and cash equivalents,2Q24,1939.695,ADI_SEC-XBRL-financials_as-presented_10-Q_2024-05-22_0000006281-24-000132.xlsx,Balance Sheet,"May 4, 2024",Cash and cash equivalents,us-gaap:CashAndCashEquivalentsAtCarryingValue,reported,
balance_sheet,us-gaap:ShortTermInvestments,Short-term investments,2Q24,424.117,ADI_SEC-XBRL-financials_as-presented_10-Q_2024-05-22_0000006281-24-000132.xlsx,Balance Sheet,"May 4, 2024",Short-term investments,us-gaap:ShortTermInvestments,reported,
balance_sheet,us-gaap:AccountsReceivableNetCurrent,Accounts receivable,2Q24,1004.628,ADI_SEC-XBRL-financials_as-presented_10-Q_2024-05-22_0000006281-24-000132.xlsx,Balance Sheet,"May 4, 2024",Accounts receivable,us-gaap:AccountsReceivableNetCurrent,reported,
balance_sheet,us-gaap:InventoryNet,Inventories (2),2Q24,1479.081,ADI_SEC-XBRL-financials_as-presented_10-Q_2024-05-22_0000006281-24-000132.xlsx,Balance Sheet,"May 4, 2024",Inventories,us-gaap:InventoryNet,reported,
balance_sheet,us-gaap:PrepaidExpenseAndOtherAssetsCurrent,Prepaid expenses and other current assets,2Q24,346.1,ADI_SEC-XBRL-financials_as-presented_10-Q_2024-05-22_0000006281-24-000132.xlsx,Balance Sheet,"May 4, 2024",Prepaid expenses and other current assets,us-gaap:PrepaidExpenseAndOtherAssetsCurrent,reported,
balance_sheet,us-gaap:AssetsCurrent,Total current assets,2Q24,5193.621,ADI_SEC-XBRL-financials_as-presented_10-Q_2024-05-22_0000006281-24-000132.xlsx,Balance Sheet,"May 4, 2024",Total current assets,us-gaap:AssetsCurrent,reported,
balance_sheet,us-gaap:PropertyPlantAndEquipmentNet,"Net property, plant and equipment",2Q24,3415.22,ADI_SEC-XBRL-financials_as-presented_10-Q_2024-05-22_0000006281-24-000132.xlsx,Balance Sheet,"May 4, 2024","Net property, plant and equipment",us-gaap:PropertyPlantAndEquipmentNet,reported,
balance_sheet,us-gaap:Goodwill,Goodwill,2Q24,26909.775,ADI_SEC-XBRL-financials_as-presented_10-Q_2024-05-22_0000006281-24-000132.xlsx,Balance Sheet,"May 4, 2024",Goodwill,us-gaap:Goodwill,reported,
balance_sheet,us-gaap:IntangibleAssetsNetExcludingGoodwill,"Intangible assets, net",2Q24,10434.776,ADI_SEC-XBRL-financials_as-presented_10-Q_2024-05-22_0000006281-24-000132.xlsx,Balance Sheet,"May 4, 2024","Intangible assets, net",us-gaap:IntangibleAssetsNetExcludingGoodwill,reported,
balance_sheet,us-gaap:DeferredIncomeTaxAssetsNet,Deferred tax assets,2Q24,2146.321,ADI_SEC-XBRL-financials_as-presented_10-Q_2024-05-22_0000006281-24-000132.xlsx,Balance Sheet,"May 4, 2024",Deferred tax assets,us-gaap:DeferredIncomeTaxAssetsNet,reported,
balance_sheet,us-gaap:OtherAssetsNoncurrent,Other assets,2Q24,762.153,ADI_SEC-XBRL-financials_as-presented_10-Q_2024-05-22_0000006281-24-000132.xlsx,Balance Sheet,"May 4, 2024",Other assets,us-gaap:OtherAssetsNoncurrent,reported,
balance_sheet,us-gaap:AssetsNoncurrent,Total other assets,2Q24,43668.245,ADI_SEC-XBRL-financials_as-presented_10-Q_2024-05-22_0000006281-24-000132.xlsx,Balance Sheet,"May 4, 2024",Total non-current assets,us-gaap:AssetsNoncurrent,reported,
balance_sheet,us-gaap:Assets,assets assets,2Q24,48861.866,ADI_SEC-XBRL-financials_as-presented_10-Q_2024-05-22_0000006281-24-000132.xlsx,Balance Sheet,"May 4, 2024",TOTAL ASSETS,us-gaap:Assets,reported,
balance_sheet,us-gaap:AccountsPayableCurrent,Accounts payable,2Q24,422.683,ADI_SEC-XBRL-financials_as-presented_10-Q_2024-05-22_0000006281-24-000132.xlsx,Balance Sheet,"May 4, 2024",Accounts payable,us-gaap:AccountsPayableCurrent,reported,
balance_sheet,us-gaap:AccruedIncomeTaxesCurrent,Income taxes payable,2Q24,360.951,ADI_SEC-XBRL-financials_as-presented_10-Q_2024-05-22_0000006281-24-000132.xlsx,Balance Sheet,"May 4, 2024",Income taxes payable,us-gaap:AccruedIncomeTaxesCurrent,reported,
balance_sheet,us-gaap:LongTermDebtCurrent,"Debt, current",2Q24,898.776,ADI_SEC-XBRL-financials_as-presented_10-Q_2024-05-22_0000006281-24-000132.xlsx,Balance Sheet,"May 4, 2024","Debt, current",us-gaap:LongTermDebtCurrent,reported,
balance_sheet,us-gaap:CommercialPaper,Commercial paper notes,2Q24,548.235,ADI_SEC-XBRL-financials_as-presented_10-Q_2024-05-22_0000006281-24-000132.xlsx,Balance Sheet,"May 4, 2024",Commercial paper notes,us-gaap:CommercialPaper,reported,
balance_sheet,us-gaap:AccruedLiabilitiesCurrent,Accrued liabilities,2Q24,1066.677,ADI_SEC-XBRL-financials_as-presented_10-Q_2024-05-22_0000006281-24-000132.xlsx,Balance Sheet,"May 4, 2024",Accrued liabilities,us-gaap:AccruedLiabilitiesCurrent,reported,
balance_sheet,us-gaap:LiabilitiesCurrent,Total current liabilities,2Q24,3297.322,ADI_SEC-XBRL-financials_as-presented_10-Q_2024-05-22_0000006281-24-000132.xlsx,Balance Sheet,"May 4, 2024",Total current liabilities,us-gaap:LiabilitiesCurrent,reported,
balance_sheet,us-gaap:LongTermDebtNoncurrent,Long-term debt,2Q24,6611.681,ADI_SEC-XBRL-financials_as-presented_10-Q_2024-05-22_0000006281-24-000132.xlsx,Balance Sheet,"May 4, 2024",Long-term debt,us-gaap:LongTermDebtNoncurrent,reported,
balance_sheet,us-gaap:DeferredIncomeTaxLiabilitiesNet,Deferred income taxes,2Q24,2887.952,ADI_SEC-XBRL-financials_as-presented_10-Q_2024-05-22_0000006281-24-000132.xlsx,Balance Sheet,"May 4, 2024",Deferred income taxes,us-gaap:DeferredIncomeTaxLiabilitiesNet,reported,
balance_sheet,us-gaap:AccruedIncomeTaxesNoncurrent,Income taxes payable,2Q24,266.625,ADI_SEC-XBRL-financials_as-presented_10-Q_2024-05-22_0000006281-24-000132.xlsx,Balance Sheet,"May 4, 2024",Income taxes payable,us-gaap:AccruedIncomeTaxesNoncurrent,reported,
balance_sheet,us-gaap:OtherLiabilitiesNoncurrent,Other non-current liabilities,2Q24,549.497,ADI_SEC-XBRL-financials_as-presented_10-Q_2024-05-22_0000006281-24-000132.xlsx,Balance Sheet,"May 4, 2024",Other non-current liabilities,us-gaap:OtherLiabilitiesNoncurrent,reported,
balance_sheet,us-gaap:LiabilitiesNoncurrent,Total non-current liabilities,2Q24,10315.755,ADI_SEC-XBRL-financials_as-presented_10-Q_2024-05-22_0000006281-24-000132.xlsx,Balance Sheet,"May 4, 2024",Total non-current liabilities,us-gaap:LiabilitiesNoncurrent,reported,
balance_sheet,us-gaap:CommonStockParOrStatedValuePerShare,"Common stock, 0.16 2/3 par value, 1,200,000,000 shares authorized, 368,220,091 shares outstanding (368,302,369 on November 2, 2019)",2Q24,82.704,ADI_SEC-XBRL-financials_as-presented_10-Q_2024-05-22_0000006281-24-000132.xlsx,Balance Sheet,"May 4, 2024","Common stock, $0.16 2/3 par value, 1,200,000,000 shares authorized, 496,216,857 shares outstanding (496,261,678 on October 28, 2023)",us-gaap:CommonStockParOrStatedValuePerShare,reported,
balance_sheet,us-gaap:AdditionalPaidInCapitalCommonStock,Capital in excess of par value,2Q24,25103.737,ADI_SEC-XBRL-financials_as-presented_10-Q_2024-05-22_0000006281-24-000132.xlsx,Balance Sheet,"May 4, 2024",Capital in excess of par value,us-gaap:AdditionalPaidInCapitalCommonStock,reported,
balance_sheet,us-gaap:RetainedEarningsAccumulatedDeficit,Retained earnings,2Q24,10239.549,ADI_SEC-XBRL-financials_as-presented_10-Q_2024-05-22_0000006281-24-000132.xlsx,Balance Sheet,"May 4, 2024",Retained earnings,us-gaap:RetainedEarningsAccumulatedDeficit,reported,
balance_sheet,us-gaap:AccumulatedOtherComprehensiveIncomeLossNetOfTax,Accumulated other comprehensive loss,2Q24,-177.201,ADI_SEC-XBRL-financials_as-presented_10-Q_2024-05-22_0000006281-24-000132.xlsx,Balance Sheet,"May 4, 2024",Accumulated other comprehensive loss,us-gaap:AccumulatedOtherComprehensiveIncomeLossNetOfTax,reported,
balance_sheet,us-gaap:StockholdersEquity,Total shareholders’ equity,2Q24,35248.789,ADI_SEC-XBRL-financials_as-presented_10-Q_2024-05-22_0000006281-24-000132.xlsx,Balance Sheet,"May 4, 2024",Total shareholders’ equity,us-gaap:StockholdersEquity,reported,
balance_sheet,us-gaap:LiabilitiesAndStockholdersEquity,liabilities and stockholders equity liabilities and stockholders equity,2Q24,48861.866,ADI_SEC-XBRL-financials_as-presented_10-Q_2024-05-22_0000006281-24-000132.xlsx,Balance Sheet,"May 4, 2024",TOTAL LIABILITIES AND SHAREHOLDERS’ EQUITY,us-gaap:LiabilitiesAndStockholdersEquity,reported,
cash_flow,us-gaap:NetIncomeLoss,Net income,6M24,764.969,ADI_SEC-XBRL-financials_as-presented_10-Q_2024-05-22_0000006281-24-000132.xlsx,Cash Flow,"Six Months Ended May 4, 2024",Net income,us-gaap:NetIncomeLoss,reported,
cash_flow,us-gaap:Depreciation,Depreciation,6M24,173.172,ADI_SEC-XBRL-financials_as-presented_10-Q_2024-05-22_0000006281-24-000132.xlsx,Cash Flow,"Six Months Ended May 4, 2024",Depreciation,us-gaap:Depreciation,reported,
cash_flow,us-gaap:AmortizationOfIntangibleAssets,Amortization of intangibles,6M24,880.376,ADI_SEC-XBRL-financials_as-presented_10-Q_2024-05-22_0000006281-24-000132.xlsx,Cash Flow,"Six Months Ended May 4, 2024",Amortization of intangibles,us-gaap:AmortizationOfIntangibleAssets,reported,
cash_flow,us-gaap:ShareBasedCompensation,Stock-based compensation expense,6M24,128.211,ADI_SEC-XBRL-financials_as-presented_10-Q_2024-05-22_0000006281-24-000132.xlsx,Cash Flow,"Six Months Ended May 4, 2024",Stock-based compensation expense,us-gaap:ShareBasedCompensation,reported,
cash_flow,us-gaap:DeferredIncomeTaxExpenseBenefit,Deferred income taxes,6M24,-164.348,ADI_SEC-XBRL-financials_as-presented_10-Q_2024-05-22_0000006281-24-000132.xlsx,Cash Flow,"Six Months Ended May 4, 2024",Deferred income taxes,us-gaap:DeferredIncomeTaxExpenseBenefit,reported,
cash_flow,us-gaap:OtherNoncashIncomeExpense,Other non-cash activity,6M24,13.37,ADI_SEC-XBRL-financials_as-presented_10-Q_2024-05-22_0000006281-24-000132.xlsx,Cash Flow,"Six Months Ended May 4, 2024",Other,us-gaap:OtherNoncashIncomeExpense,reported,
cash_flow,us-gaap:IncreaseDecreaseInOperatingCapital,Changes in operating assets and liabilities,6M24,150.935,ADI_SEC-XBRL-financials_as-presented_10-Q_2024-05-22_0000006281-24-000132.xlsx,Cash Flow,"Six Months Ended May 4, 2024",Changes in operating assets and liabilities,us-gaap:IncreaseDecreaseInOperatingCapital,reported,
cash_flow,us-gaap:AdjustmentsToReconcileNetIncomeLossToCashProvidedByUsedInOperatingActivities,Total adjustments,6M24,1181.716,ADI_SEC-XBRL-financials_as-presented_10-Q_2024-05-22_0000006281-24-000132.xlsx,Cash Flow,"Six Months Ended May 4, 2024",Total adjustments,us-gaap:AdjustmentsToReconcileNetIncomeLossToCashProvidedByUsedInOperatingActivities,reported,
cash_flow,us-gaap:NetCashProvidedByUsedInOperatingActivities,Net cash provided by operating activities,6M24,1946.685,ADI_SEC-XBRL-financials_as-presented_10-Q_2024-05-22_0000006281-24-000132.xlsx,Cash Flow,"Six Months Ended May 4, 2024",Net cash provided by operating activities,us-gaap:NetCashProvidedByUsedInOperatingActivities,reported,
cash_flow,us-gaap:PaymentsToAcquireAvailableForSaleSecuritiesDebt,Purchases of short-term available-for-sale investments,6M24,-424.117,ADI_SEC-XBRL-financials_as-presented_10-Q_2024-05-22_0000006281-24-000132.xlsx,Cash Flow,"Six Months Ended May 4, 2024",Purchases of short-term available-for-sale investments,us-gaap:PaymentsToAcquireAvailableForSaleSecuritiesDebt,reported,
cash_flow,us-gaap:PaymentsToAcquirePropertyPlantAndEquipment,"Additions to property, plant and equipment",6M24,-411.167,ADI_SEC-XBRL-financials_as-presented_10-Q_2024-05-22_0000006281-24-000132.xlsx,Cash Flow,"Six Months Ended May 4, 2024","Additions to property, plant and equipment",us-gaap:PaymentsToAcquirePropertyPlantAndEquipment,reported,
cash_flow,us-gaap:PaymentsForProceedsFromOtherInvestingActivities,Changes in other assets,6M24,14.106,ADI_SEC-XBRL-financials_as-presented_10-Q_2024-05-22_0000006281-24-000132.xlsx,Cash Flow,"Six Months Ended May 4, 2024",Other,us-gaap:PaymentsForProceedsFromOtherInvestingActivities,reported,
cash_flow,us-gaap:NetCashProvidedByUsedInInvestingActivities,Net cash used for investing activities,6M24,-821.178,ADI_SEC-XBRL-financials_as-presented_10-Q_2024-05-22_0000006281-24-000132.xlsx,Cash Flow,"Six Months Ended May 4, 2024",Net cash used for investing activities,us-gaap:NetCashProvidedByUsedInInvestingActivities,reported,
cash_flow,us-gaap:ProceedsFromIssuanceOfDebt,Proceeds from debt,6M24,1087.856,ADI_SEC-XBRL-financials_as-presented_10-Q_2024-05-22_0000006281-24-000132.xlsx,Cash Flow,"Six Months Ended May 4, 2024",Proceeds from debt,us-gaap:ProceedsFromIssuanceOfDebt,reported,
cash_flow,us-gaap:ProceedsFromIssuanceOfCommercialPaper,Proceeds from commercial paper notes,6M24,5383.401,ADI_SEC-XBRL-financials_as-presented_10-Q_2024-05-22_0000006281-24-000132.xlsx,Cash Flow,"Six Months Ended May 4, 2024",Proceeds from commercial paper notes,us-gaap:ProceedsFromIssuanceOfCommercialPaper,reported,
cash_flow,adi:PaymentsOfCommercialPaper,Payments of commercial paper notes,6M24,-5382.39,ADI_SEC-XBRL-financials_as-presented_10-Q_2024-05-22_0000006281-24-000132.xlsx,Cash Flow,"Six Months Ended May 4, 2024",Payments of commercial paper notes,adi:PaymentsOfCommercialPaper,reported,
cash_flow,us-gaap:PaymentsForRepurchaseOfCommonStock,Repurchase of common stock,6M24,-402.732,ADI_SEC-XBRL-financials_as-presented_10-Q_2024-05-22_0000006281-24-000132.xlsx,Cash Flow,"Six Months Ended May 4, 2024",Repurchase of common stock,us-gaap:PaymentsForRepurchaseOfCommonStock,reported,
cash_flow,us-gaap:PaymentsOfDividendsCommonStock,Dividend payments to shareholders,6M24,-882.218,ADI_SEC-XBRL-financials_as-presented_10-Q_2024-05-22_0000006281-24-000132.xlsx,Cash Flow,"Six Months Ended May 4, 2024",Dividend payments to shareholders,us-gaap:PaymentsOfDividendsCommonStock,reported,
cash_flow,us-gaap:ProceedsFromStockPlans,Proceeds from employee stock plans,6M24,64.336,ADI_SEC-XBRL-financials_as-presented_10-Q_2024-05-22_0000006281-24-000132.xlsx,Cash Flow,"Six Months Ended May 4, 2024",Proceeds from employee stock plans,us-gaap:ProceedsFromStockPlans,reported,
cash_flow,us-gaap:ProceedsFromPaymentsForOtherFinancingActivities,Changes in other financing activities,6M24,-12.126,ADI_SEC-XBRL-financials_as-presented_10-Q_2024-05-22_0000006281-24-000132.xlsx,Cash Flow,"Six Months Ended May 4, 2024",Other,us-gaap:ProceedsFromPaymentsForOtherFinancingActivities,reported,
cash_flow,us-gaap:NetCashProvidedByUsedInFinancingActivities,Net cash used for financing activities,6M24,-143.873,ADI_SEC-XBRL-financials_as-presented_10-Q_2024-05-22_0000006281-24-000132.xlsx,Cash Flow,"Six Months Ended May 4, 2024",Net cash used for financing activities,us-gaap:NetCashProvidedByUsedInFinancingActivities,reported,
cash_flow,us-gaap:CashCashEquivalentsRestrictedCashAndRestrictedCashEquivalentsPeriodIncreaseDecreaseIncludingExchangeRateEffect,Net decrease in cash and cash equivalents,6M24,981.634,ADI_SEC-XBRL-financials_as-presented_10-Q_2024-05-22_0000006281-24-000132.xlsx,Cash Flow,"Six Months Ended May 4, 2024",Net increase (decrease) in cash and cash equivalents,us-gaap:CashCashEquivalentsRestrictedCashAndRestrictedCashEquivalentsPeriodIncreaseDecreaseIncludingExchangeRateEffect,reported,
cash_flow,us-gaap:CashCashEquivalentsRestrictedCashAndRestrictedCashEquivalents,Cash and cash equivalents at beginning of period,6M24,958.061,ADI_SEC-XBRL-financials_as-presented_10-Q_2024-05-22_0000006281-24-000132.xlsx,Cash Flow,"Six Months Ended May 4, 2024",Cash and cash equivalents at beginning of period,us-gaap:CashCashEquivalentsRestrictedCashAndRestrictedCashEquivalents,reported,
income_statement,us-gaap:RevenueFromContractWithCustomerExcludingAssessedTax,Revenue,3Q24,2312.209,ADI_SEC-XBRL-financials_as-presented_10-Q_2024-08-21_0000006281-24-000159.xlsx,Income Statement,"Three Months Ended August 3, 2024",Revenue,us-gaap:RevenueFromContractWithCustomerExcludingAssessedTax,reported,
income_statement,us-gaap:RevenueFromContractWithCustomerExcludingAssessedTax,Revenue,9M24,6983.952,ADI_SEC-XBRL-financials_as-presented_10-Q_2024-08-21_0000006281-24-000159.xlsx,Income Statement,"Nine Months Ended August 3, 2024",Revenue,us-gaap:RevenueFromContractWithCustomerExcludingAssessedTax,reported,
income_statement,us-gaap:CostOfGoodsAndServicesSold,Cost of sales,3Q24,1000.97,ADI_SEC-XBRL-financials_as-presented_10-Q_2024-08-21_0000006281-24-000159.xlsx,Income Statement,"Three Months Ended August 3, 2024",Cost of sales,us-gaap:CostOfGoodsAndServicesSold,reported,
income_statement,us-gaap:CostOfGoodsAndServicesSold,Cost of sales,9M24,3018.737,ADI_SEC-XBRL-financials_as-presented_10-Q_2024-08-21_0000006281-24-000159.xlsx,Income Statement,"Nine Months Ended August 3, 2024",Cost of sales,us-gaap:CostOfGoodsAndServicesSold,reported,
income_statement,us-gaap:GrossProfit,Gross margin,3Q24,1311.239,ADI_SEC-XBRL-financials_as-presented_10-Q_2024-08-21_0000006281-24-000159.xlsx,Income Statement,"Three Months Ended August 3, 2024",Gross margin,us-gaap:GrossProfit,reported,
income_statement,us-gaap:GrossProfit,Gross margin,9M24,3965.215,ADI_SEC-XBRL-financials_as-presented_10-Q_2024-08-21_0000006281-24-000159.xlsx,Income Statement,"Nine Months Ended August 3, 2024",Gross margin,us-gaap:GrossProfit,reported,
income_statement,us-gaap:ResearchAndDevelopmentExpense,Research and development,3Q24,362.671,ADI_SEC-XBRL-financials_as-presented_10-Q_2024-08-21_0000006281-24-000159.xlsx,Income Statement,"Three Months Ended August 3, 2024",Research and development,us-gaap:ResearchAndDevelopmentExpense,reported,
income_statement,us-gaap:ResearchAndDevelopmentExpense,Research and development,9M24,1108.96,ADI_SEC-XBRL-financials_as-presented_10-Q_2024-08-21_0000006281-24-000159.xlsx,Income Statement,"Nine Months Ended August 3, 2024",Research and development,us-gaap:ResearchAndDevelopmentExpense,reported,
income_statement,us-gaap:SellingGeneralAndAdministrativeExpense,"Selling, marketing, general and administrative",3Q24,257.213,ADI_SEC-XBRL-financials_as-presented_10-Q_2024-08-21_0000006281-24-000159.xlsx,Income Statement,"Three Months Ended August 3, 2024","Selling, marketing, general and administrative",us-gaap:SellingGeneralAndAdministrativeExpense,reported,
income_statement,us-gaap:SellingGeneralAndAdministrativeExpense,"Selling, marketing, general and administrative",9M24,791.42,ADI_SEC-XBRL-financials_as-presented_10-Q_2024-08-21_0000006281-24-000159.xlsx,Income Statement,"Nine Months Ended August 3, 2024","Selling, marketing, general and administrative",us-gaap:SellingGeneralAndAdministrativeExpense,reported,
income_statement,adi:AmortizationofintangibleAssetsOperatingExpenses,Amortization of intangibles,3Q24,187.754,ADI_SEC-XBRL-financials_as-presented_10-Q_2024-08-21_0000006281-24-000159.xlsx,Income Statement,"Three Months Ended August 3, 2024",Amortization of intangibles,adi:OperatingExpensesAmortizationOfIntangibles,reported,
income_statement,adi:AmortizationofintangibleAssetsOperatingExpenses,Amortization of intangibles,9M24,567.03,ADI_SEC-XBRL-financials_as-presented_10-Q_2024-08-21_0000006281-24-000159.xlsx,Income Statement,"Nine Months Ended August 3, 2024",Amortization of intangibles,adi:OperatingExpensesAmortizationOfIntangibles,reported,
income_statement,us-gaap:RestructuringCharges,Special charges,3Q24,12.282,ADI_SEC-XBRL-financials_as-presented_10-Q_2024-08-21_0000006281-24-000159.xlsx,Income Statement,"Three Months Ended August 3, 2024","Special charges, net",us-gaap:RestructuringSettlementAndImpairmentProvisions,reported,
income_statement,us-gaap:RestructuringCharges,Special charges,9M24,34.399,ADI_SEC-XBRL-financials_as-presented_10-Q_2024-08-21_0000006281-24-000159.xlsx,Income Statement,"Nine Months Ended August 3, 2024","Special charges, net",us-gaap:RestructuringSettlementAndImpairmentProvisions,reported,
income_statement,us-gaap:OperatingExpenses,operating expenses operating expenses operating expenses operating expenses,3Q24,819.92,ADI_SEC-XBRL-financials_as-presented_10-Q_2024-08-21_0000006281-24-000159.xlsx,Income Statement,"Three Months Ended August 3, 2024",Total operating expenses,us-gaap:OperatingExpenses,reported,
income_statement,us-gaap:OperatingExpenses,operating expenses operating expenses operating expenses operating expenses,9M24,2501.809,ADI_SEC-XBRL-financials_as-presented_10-Q_2024-08-21_0000006281-24-000159.xlsx,Income Statement,"Nine Months Ended August 3, 2024",Total operating expenses,us-gaap:OperatingExpenses,reported,
income_statement,us-gaap:OperatingIncomeLoss,Operating income,3Q24,491.319,ADI_SEC-XBRL-financials_as-presented_10-Q_2024-08-21_0000006281-24-000159.xlsx,Income Statement,"Three Months Ended August 3, 2024",Operating income:,us-gaap:OperatingIncomeLoss,reported,
income_statement,us-gaap:OperatingIncomeLoss,Operating income,9M24,1463.406,ADI_SEC-XBRL-financials_as-presented_10-Q_2024-08-21_0000006281-24-000159.xlsx,Income Statement,"Nine Months Ended August 3, 2024",Operating income:,us-gaap:OperatingIncomeLoss,reported,
income_statement,us-gaap:InterestExpense,Interest expense,3Q24,85.179,ADI_SEC-XBRL-financials_as-presented_10-Q_2024-08-21_0000006281-24-000159.xlsx,Income Statement,"Three Months Ended August 3, 2024",Interest expense,us-gaap:InterestExpenseNonoperating,reported,
income_statement,us-gaap:InterestExpense,Interest expense,9M24,239.423,ADI_SEC-XBRL-financials_as-presented_10-Q_2024-08-21_0000006281-24-000159.xlsx,Income Statement,"Nine Months Ended August 3, 2024",Interest expense,us-gaap:InterestExpenseNonoperating,reported,
income_statement,us-gaap:InvestmentIncomeInterest,Interest income,3Q24,-26.432,ADI_SEC-XBRL-financials_as-presented_10-Q_2024-08-21_0000006281-24-000159.xlsx,Income Statement,"Three Months Ended August 3, 2024",Interest income,us-gaap:InvestmentIncomeInterest,reported,
income_statement,us-gaap:InvestmentIncomeInterest,Interest income,9M24,-50.87,ADI_SEC-XBRL-financials_as-presented_10-Q_2024-08-21_0000006281-24-000159.xlsx,Income Statement,"Nine Months Ended August 3, 2024",Interest income,us-gaap:InvestmentIncomeInterest,reported,
income_statement,us-gaap:OtherNonoperatingIncomeExpense,"Other, net",3Q24,9.581,ADI_SEC-XBRL-financials_as-presented_10-Q_2024-08-21_0000006281-24-000159.xlsx,Income Statement,"Three Months Ended August 3, 2024","Other, net",us-gaap:OtherNonoperatingIncomeExpense,reported,
income_statement,us-gaap:OtherNonoperatingIncomeExpense,"Other, net",9M24,13.841,ADI_SEC-XBRL-financials_as-presented_10-Q_2024-08-21_0000006281-24-000159.xlsx,Income Statement,"Nine Months Ended August 3, 2024","Other, net",us-gaap:OtherNonoperatingIncomeExpense,reported,
income_statement,us-gaap:NonoperatingIncomeExpense,nonoperating income expense nonoperating income expense nonoperating income expense nonoperating income expense,3Q24,68.328,ADI_SEC-XBRL-financials_as-presented_10-Q_2024-08-21_0000006281-24-000159.xlsx,Income Statement,"Three Months Ended August 3, 2024",Total nonoperating expense (income),us-gaap:NonoperatingIncomeExpense,reported,
income_statement,us-gaap:NonoperatingIncomeExpense,nonoperating income expense nonoperating income expense nonoperating income expense nonoperating income expense,9M24,202.394,ADI_SEC-XBRL-financials_as-presented_10-Q_2024-08-21_0000006281-24-000159.xlsx,Income Statement,"Nine Months Ended August 3, 2024",Total nonoperating expense (income),us-gaap:NonoperatingIncomeExpense,reported,
income_statement,us-gaap:IncomeLossFromContinuingOperationsBeforeIncomeTaxesMinorityInterestAndIncomeLossFromEquityMethodInvestments,Income before income taxes,3Q24,422.991,ADI_SEC-XBRL-financials_as-presented_10-Q_2024-08-21_0000006281-24-000159.xlsx,Income Statement,"Three Months Ended August 3, 2024",Income before income taxes,us-gaap:IncomeLossFromContinuingOperationsBeforeIncomeTaxesExtraordinaryItemsNoncontrollingInterest,reported,
income_statement,us-gaap:IncomeLossFromContinuingOperationsBeforeIncomeTaxesMinorityInterestAndIncomeLossFromEquityMethodInvestments,Income before income taxes,9M24,1261.012,ADI_SEC-XBRL-financials_as-presented_10-Q_2024-08-21_0000006281-24-000159.xlsx,Income Statement,"Nine Months Ended August 3, 2024",Income before income taxes,us-gaap:IncomeLossFromContinuingOperationsBeforeIncomeTaxesExtraordinaryItemsNoncontrollingInterest,reported,
income_statement,us-gaap:IncomeTaxExpenseBenefit,Provision for income taxes,3Q24,30.759,ADI_SEC-XBRL-financials_as-presented_10-Q_2024-08-21_0000006281-24-000159.xlsx,Income Statement,"Three Months Ended August 3, 2024",Provision for (benefit from) income taxes,us-gaap:IncomeTaxExpenseBenefit,reported,
income_statement,us-gaap:IncomeTaxExpenseBenefit,Provision for income taxes,9M24,103.811,ADI_SEC-XBRL-financials_as-presented_10-Q_2024-08-21_0000006281-24-000159.xlsx,Income Statement,"Nine Months Ended August 3, 2024",Provision for (benefit from) income taxes,us-gaap:IncomeTaxExpenseBenefit,reported,
income_statement,us-gaap:NetIncomeLoss,Net income,3Q24,392.232,ADI_SEC-XBRL-financials_as-presented_10-Q_2024-08-21_0000006281-24-000159.xlsx,Income Statement,"Three Months Ended August 3, 2024",Net income,us-gaap:NetIncomeLoss,reported,
income_statement,us-gaap:NetIncomeLoss,Net income,9M24,1157.201,ADI_SEC-XBRL-financials_as-presented_10-Q_2024-08-21_0000006281-24-000159.xlsx,Income Statement,"Nine Months Ended August 3, 2024",Net income,us-gaap:NetIncomeLoss,reported,
income_statement,us-gaap:WeightedAverageNumberOfSharesOutstandingBasic,Shares used to compute earnings per common share – basic,3Q24,496.338,ADI_SEC-XBRL-financials_as-presented_10-Q_2024-08-21_0000006281-24-000159.xlsx,Income Statement,"Three Months Ended August 3, 2024",Shares used to compute earnings per common share – basic,us-gaap:WeightedAverageNumberOfSharesOutstandingBasic,reported,
income_statement,us-gaap:WeightedAverageNumberOfSharesOutstandingBasic,Shares used to compute earnings per common share – basic,9M24,496.077,ADI_SEC-XBRL-financials_as-presented_10-Q_2024-08-21_0000006281-24-000159.xlsx,Income Statement,"Nine Months Ended August 3, 2024",Shares used to compute earnings per common share – basic,us-gaap:WeightedAverageNumberOfSharesOutstandingBasic,reported,
income_statement,us-gaap:WeightedAverageNumberOfDilutedSharesOutstanding,Shares used to compute earnings per common share – diluted,3Q24,498.794,ADI_SEC-XBRL-financials_as-presented_10-Q_2024-08-21_0000006281-24-000159.xlsx,Income Statement,"Three Months Ended August 3, 2024",Shares used to compute earnings per common share – diluted,us-gaap:WeightedAverageNumberOfDilutedSharesOutstanding,reported,
income_statement,us-gaap:WeightedAverageNumberOfDilutedSharesOutstanding,Shares used to compute earnings per common share – diluted,9M24,498.689,ADI_SEC-XBRL-financials_as-presented_10-Q_2024-08-21_0000006281-24-000159.xlsx,Income Statement,"Nine Months Ended August 3, 2024",Shares used to compute earnings per common share – diluted,us-gaap:WeightedAverageNumberOfDilutedSharesOutstanding,reported,
income_statement,us-gaap:IncomeLossFromContinuingOperationsPerBasicShare,Basic earnings per common share,3Q24,0.79,ADI_SEC-XBRL-financials_as-presented_10-Q_2024-08-21_0000006281-24-000159.xlsx,Income Statement,"Three Months Ended August 3, 2024",Basic earnings per common share,us-gaap:EarningsPerShareBasic,reported,
income_statement,us-gaap:IncomeLossFromContinuingOperationsPerBasicShare,Basic earnings per common share,9M24,2.33,ADI_SEC-XBRL-financials_as-presented_10-Q_2024-08-21_0000006281-24-000159.xlsx,Income Statement,"Nine Months Ended August 3, 2024",Basic earnings per common share,us-gaap:EarningsPerShareBasic,reported,
income_statement,us-gaap:IncomeLossFromContinuingOperationsPerDilutedShare,Diluted earnings per common share,3Q24,0.79,ADI_SEC-XBRL-financials_as-presented_10-Q_2024-08-21_0000006281-24-000159.xlsx,Income Statement,"Three Months Ended August 3, 2024",Diluted earnings per common share,us-gaap:EarningsPerShareDiluted,reported,
income_statement,us-gaap:IncomeLossFromContinuingOperationsPerDilutedShare,Diluted earnings per common share,9M24,2.32,ADI_SEC-XBRL-financials_as-presented_10-Q_2024-08-21_0000006281-24-000159.xlsx,Income Statement,"Nine Months Ended August 3, 2024",Diluted earnings per common share,us-gaap:EarningsPerShareDiluted,reported,
balance_sheet,us-gaap:CashAndCashEquivalentsAtCarryingValue,Cash and cash equivalents,3Q24,2106.032,ADI_SEC-XBRL-financials_as-presented_10-Q_2024-08-21_0000006281-24-000159.xlsx,Balance Sheet,"August 3, 2024",Cash and cash equivalents,us-gaap:CashAndCashEquivalentsAtCarryingValue,reported,
balance_sheet,us-gaap:AvailableForSaleSecuritiesDebtSecuritiesCurrent,Corporate obligations (1),3Q24,439.667,ADI_SEC-XBRL-financials_as-presented_10-Q_2024-08-21_0000006281-24-000159.xlsx,Balance Sheet,"August 3, 2024",Short-term investments,us-gaap:AvailableForSaleSecuritiesDebtSecuritiesCurrent,reported,
balance_sheet,us-gaap:AccountsReceivableNetCurrent,Accounts receivable,3Q24,1127.158,ADI_SEC-XBRL-financials_as-presented_10-Q_2024-08-21_0000006281-24-000159.xlsx,Balance Sheet,"August 3, 2024",Accounts receivable,us-gaap:AccountsReceivableNetCurrent,reported,
balance_sheet,us-gaap:InventoryNet,Inventories (2),3Q24,1427.936,ADI_SEC-XBRL-financials_as-presented_10-Q_2024-08-21_0000006281-24-000159.xlsx,Balance Sheet,"August 3, 2024",Inventories,us-gaap:InventoryNet,reported,
balance_sheet,us-gaap:PrepaidExpenseAndOtherAssetsCurrent,Prepaid expenses and other current assets,3Q24,342.143,ADI_SEC-XBRL-financials_as-presented_10-Q_2024-08-21_0000006281-24-000159.xlsx,Balance Sheet,"August 3, 2024",Prepaid expenses and other current assets,us-gaap:PrepaidExpenseAndOtherAssetsCurrent,reported,
balance_sheet,us-gaap:AssetsCurrent,Total current assets,3Q24,5442.936,ADI_SEC-XBRL-financials_as-presented_10-Q_2024-08-21_0000006281-24-000159.xlsx,Balance Sheet,"August 3, 2024",Total current assets,us-gaap:AssetsCurrent,reported,
balance_sheet,us-gaap:PropertyPlantAndEquipmentNet,"Net property, plant and equipment",3Q24,3395.748,ADI_SEC-XBRL-financials_as-presented_10-Q_2024-08-21_0000006281-24-000159.xlsx,Balance Sheet,"August 3, 2024","Net property, plant and equipment",us-gaap:PropertyPlantAndEquipmentNet,reported,
balance_sheet,us-gaap:Goodwill,Goodwill,3Q24,26909.775,ADI_SEC-XBRL-financials_as-presented_10-Q_2024-08-21_0000006281-24-000159.xlsx,Balance Sheet,"August 3, 2024",Goodwill,us-gaap:Goodwill,reported,
balance_sheet,us-gaap:IntangibleAssetsNetExcludingGoodwill,"Intangible assets, net",3Q24,9997.707,ADI_SEC-XBRL-financials_as-presented_10-Q_2024-08-21_0000006281-24-000159.xlsx,Balance Sheet,"August 3, 2024","Intangible assets, net",us-gaap:IntangibleAssetsNetExcludingGoodwill,reported,
balance_sheet,us-gaap:DeferredIncomeTaxAssetsNet,Deferred tax assets,3Q24,2105.43,ADI_SEC-XBRL-financials_as-presented_10-Q_2024-08-21_0000006281-24-000159.xlsx,Balance Sheet,"August 3, 2024",Deferred tax assets,us-gaap:DeferredIncomeTaxAssetsNet,reported,
balance_sheet,us-gaap:OtherAssetsNoncurrent,Other assets,3Q24,766.778,ADI_SEC-XBRL-financials_as-presented_10-Q_2024-08-21_0000006281-24-000159.xlsx,Balance Sheet,"August 3, 2024",Other assets,us-gaap:OtherAssetsNoncurrent,reported,
balance_sheet,us-gaap:AssetsNoncurrent,Total other assets,3Q24,43175.438,ADI_SEC-XBRL-financials_as-presented_10-Q_2024-08-21_0000006281-24-000159.xlsx,Balance Sheet,"August 3, 2024",Total non-current assets,us-gaap:AssetsNoncurrent,reported,
balance_sheet,us-gaap:Assets,assets assets,3Q24,48618.374,ADI_SEC-XBRL-financials_as-presented_10-Q_2024-08-21_0000006281-24-000159.xlsx,Balance Sheet,"August 3, 2024",TOTAL ASSETS,us-gaap:Assets,reported,
balance_sheet,us-gaap:AccountsPayableCurrent,Accounts payable,3Q24,424.735,ADI_SEC-XBRL-financials_as-presented_10-Q_2024-08-21_0000006281-24-000159.xlsx,Balance Sheet,"August 3, 2024",Accounts payable,us-gaap:AccountsPayableCurrent,reported,
balance_sheet,us-gaap:AccruedIncomeTaxesCurrent,Income taxes payable,3Q24,398.347,ADI_SEC-XBRL-financials_as-presented_10-Q_2024-08-21_0000006281-24-000159.xlsx,Balance Sheet,"August 3, 2024",Income taxes payable,us-gaap:AccruedIncomeTaxesCurrent,reported,
balance_sheet,us-gaap:LongTermDebtCurrent,"Debt, current",3Q24,899.251,ADI_SEC-XBRL-financials_as-presented_10-Q_2024-08-21_0000006281-24-000159.xlsx,Balance Sheet,"August 3, 2024","Debt, current",us-gaap:LongTermDebtCurrent,reported,
balance_sheet,us-gaap:CommercialPaper,Commercial paper notes,3Q24,547.443,ADI_SEC-XBRL-financials_as-presented_10-Q_2024-08-21_0000006281-24-000159.xlsx,Balance Sheet,"August 3, 2024",Commercial paper notes,us-gaap:CommercialPaper,reported,
balance_sheet,us-gaap:AccruedLiabilitiesCurrent,Accrued liabilities,3Q24,956.853,ADI_SEC-XBRL-financials_as-presented_10-Q_2024-08-21_0000006281-24-000159.xlsx,Balance Sheet,"August 3, 2024",Accrued liabilities,us-gaap:AccruedLiabilitiesCurrent,reported,
balance_sheet,us-gaap:LiabilitiesCurrent,Total current liabilities,3Q24,3226.629,ADI_SEC-XBRL-financials_as-presented_10-Q_2024-08-21_0000006281-24-000159.xlsx,Balance Sheet,"August 3, 2024",Total current liabilities,us-gaap:LiabilitiesCurrent,reported,
balance_sheet,us-gaap:LongTermDebtNoncurrent,Long-term debt,3Q24,6655.723,ADI_SEC-XBRL-financials_as-presented_10-Q_2024-08-21_0000006281-24-000159.xlsx,Balance Sheet,"August 3, 2024",Long-term debt,us-gaap:LongTermDebtNoncurrent,reported,
balance_sheet,us-gaap:DeferredIncomeTaxLiabilitiesNet,Deferred income taxes,3Q24,2743.015,ADI_SEC-XBRL-financials_as-presented_10-Q_2024-08-21_0000006281-24-000159.xlsx,Balance Sheet,"August 3, 2024",Deferred income taxes,us-gaap:DeferredIncomeTaxLiabilitiesNet,reported,
balance_sheet,us-gaap:AccruedIncomeTaxesNoncurrent,Income taxes payable,3Q24,266.15,ADI_SEC-XBRL-financials_as-presented_10-Q_2024-08-21_0000006281-24-000159.xlsx,Balance Sheet,"August 3, 2024",Income taxes payable,us-gaap:AccruedIncomeTaxesNoncurrent,reported,
balance_sheet,us-gaap:OtherLiabilitiesNoncurrent,Other non-current liabilities,3Q24,536.748,ADI_SEC-XBRL-financials_as-presented_10-Q_2024-08-21_0000006281-24-000159.xlsx,Balance Sheet,"August 3, 2024",Other non-current liabilities,us-gaap:OtherLiabilitiesNoncurrent,reported,
balance_sheet,us-gaap:LiabilitiesNoncurrent,Total non-current liabilities,3Q24,10201.636,ADI_SEC-XBRL-financials_as-presented_10-Q_2024-08-21_0000006281-24-000159.xlsx,Balance Sheet,"August 3, 2024",Total non-current liabilities,us-gaap:LiabilitiesNoncurrent,reported,
balance_sheet,us-gaap:CommonStockParOrStatedValuePerShare,"Common stock, 0.16 2/3 par value, 1,200,000,000 shares authorized, 368,220,091 shares outstanding (368,302,369 on November 2, 2019)",3Q24,82.75,ADI_SEC-XBRL-financials_as-presented_10-Q_2024-08-21_0000006281-24-000159.xlsx,Balance Sheet,"August 3, 2024","Common stock, $0.16 2/3 par value, 1,200,000,000 shares authorized, 496,493,455 shares outstanding (496,261,678 on October 28, 2023)",us-gaap:CommonStockParOrStatedValuePerShare,reported,
balance_sheet,us-gaap:AdditionalPaidInCapitalCommonStock,Capital in excess of par value,3Q24,25101.781,ADI_SEC-XBRL-financials_as-presented_10-Q_2024-08-21_0000006281-24-000159.xlsx,Balance Sheet,"August 3, 2024",Capital in excess of par value,us-gaap:AdditionalPaidInCapitalCommonStock,reported,
balance_sheet,us-gaap:RetainedEarningsAccumulatedDeficit,Retained earnings,3Q24,10175.296,ADI_SEC-XBRL-financials_as-presented_10-Q_2024-08-21_0000006281-24-000159.xlsx,Balance Sheet,"August 3, 2024",Retained earnings,us-gaap:RetainedEarningsAccumulatedDeficit,reported,
balance_sheet,us-gaap:AccumulatedOtherComprehensiveIncomeLossNetOfTax,Accumulated other comprehensive loss,3Q24,-169.718,ADI_SEC-XBRL-financials_as-presented_10-Q_2024-08-21_0000006281-24-000159.xlsx,Balance Sheet,"August 3, 2024",Accumulated other comprehensive loss,us-gaap:AccumulatedOtherComprehensiveIncomeLossNetOfTax,reported,
balance_sheet,us-gaap:StockholdersEquity,Total shareholders’ equity,3Q24,35190.109,ADI_SEC-XBRL-financials_as-presented_10-Q_2024-08-21_0000006281-24-000159.xlsx,Balance Sheet,"August 3, 2024",Total shareholders’ equity,us-gaap:StockholdersEquity,reported,
balance_sheet,us-gaap:LiabilitiesAndStockholdersEquity,liabilities and stockholders equity liabilities and stockholders equity,3Q24,48618.374,ADI_SEC-XBRL-financials_as-presented_10-Q_2024-08-21_0000006281-24-000159.xlsx,Balance Sheet,"August 3, 2024",TOTAL LIABILITIES AND SHAREHOLDERS’ EQUITY,us-gaap:LiabilitiesAndStockholdersEquity,reported,
cash_flow,us-gaap:NetIncomeLoss,Net income,9M24,1157.201,ADI_SEC-XBRL-financials_as-presented_10-Q_2024-08-21_0000006281-24-000159.xlsx,Cash Flow,"Nine Months Ended August 3, 2024",Net income,us-gaap:NetIncomeLoss,reported,
cash_flow,us-gaap:Depreciation,Depreciation,9M24,265.53,ADI_SEC-XBRL-financials_as-presented_10-Q_2024-08-21_0000006281-24-000159.xlsx,Cash Flow,"Nine Months Ended August 3, 2024",Depreciation,us-gaap:Depreciation,reported,
cash_flow,us-gaap:AmortizationOfIntangibleAssets,Amortization of intangibles,9M24,1318.325,ADI_SEC-XBRL-financials_as-presented_10-Q_2024-08-21_0000006281-24-000159.xlsx,Cash Flow,"Nine Months Ended August 3, 2024",Amortization of intangibles,us-gaap:AmortizationOfIntangibleAssets,reported,
cash_flow,us-gaap:ShareBasedCompensation,Stock-based compensation expense,9M24,192.262,ADI_SEC-XBRL-financials_as-presented_10-Q_2024-08-21_0000006281-24-000159.xlsx,Cash Flow,"Nine Months Ended August 3, 2024",Stock-based compensation expense,us-gaap:ShareBasedCompensation,reported,
cash_flow,us-gaap:DeferredIncomeTaxExpenseBenefit,Deferred income taxes,9M24,-269.566,ADI_SEC-XBRL-financials_as-presented_10-Q_2024-08-21_0000006281-24-000159.xlsx,Cash Flow,"Nine Months Ended August 3, 2024",Deferred income taxes,us-gaap:DeferredIncomeTaxExpenseBenefit,reported,
cash_flow,us-gaap:OtherNoncashIncomeExpense,Other non-cash activity,9M24,23.826,ADI_SEC-XBRL-financials_as-presented_10-Q_2024-08-21_0000006281-24-000159.xlsx,Cash Flow,"Nine Months Ended August 3, 2024",Other,us-gaap:OtherNoncashIncomeExpense,reported,
cash_flow,us-gaap:IncreaseDecreaseInOperatingCapital,Changes in operating assets and liabilities,9M24,114.134,ADI_SEC-XBRL-financials_as-presented_10-Q_2024-08-21_0000006281-24-000159.xlsx,Cash Flow,"Nine Months Ended August 3, 2024",Changes in operating assets and liabilities,us-gaap:IncreaseDecreaseInOperatingCapital,reported,
cash_flow,us-gaap:AdjustmentsToReconcileNetIncomeLossToCashProvidedByUsedInOperatingActivities,Total adjustments,9M24,1644.511,ADI_SEC-XBRL-financials_as-presented_10-Q_2024-08-21_0000006281-24-000159.xlsx,Cash Flow,"Nine Months Ended August 3, 2024",Total adjustments,us-gaap:AdjustmentsToReconcileNetIncomeLossToCashProvidedByUsedInOperatingActivities,reported,
cash_flow,us-gaap:NetCashProvidedByUsedInOperatingActivities,Net cash provided by operating activities,9M24,2801.712,ADI_SEC-XBRL-financials_as-presented_10-Q_2024-08-21_0000006281-24-000159.xlsx,Cash Flow,"Nine Months Ended August 3, 2024",Net cash provided by operating activities,us-gaap:NetCashProvidedByUsedInOperatingActivities,reported,
cash_flow,us-gaap:PaymentsToAcquireAvailableForSaleSecuritiesDebt,Purchases of short-term available-for-sale investments,9M24,-438.901,ADI_SEC-XBRL-financials_as-presented_10-Q_2024-08-21_0000006281-24-000159.xlsx,Cash Flow,"Nine Months Ended August 3, 2024",Purchases of short-term investments,us-gaap:PaymentsToAcquireAvailableForSaleSecuritiesDebt,reported,
cash_flow,us-gaap:PaymentsToAcquirePropertyPlantAndEquipment,"Additions to property, plant and equipment",9M24,-565.053,ADI_SEC-XBRL-financials_as-presented_10-Q_2024-08-21_0000006281-24-000159.xlsx,Cash Flow,"Nine Months Ended August 3, 2024","Additions to property, plant and equipment",us-gaap:PaymentsToAcquirePropertyPlantAndEquipment,reported,
cash_flow,us-gaap:PaymentsForProceedsFromOtherInvestingActivities,Changes in other assets,9M24,10.71,ADI_SEC-XBRL-financials_as-presented_10-Q_2024-08-21_0000006281-24-000159.xlsx,Cash Flow,"Nine Months Ended August 3, 2024",Other,us-gaap:PaymentsForProceedsFromOtherInvestingActivities,reported,
cash_flow,us-gaap:NetCashProvidedByUsedInInvestingActivities,Net cash used for investing activities,9M24,-993.244,ADI_SEC-XBRL-financials_as-presented_10-Q_2024-08-21_0000006281-24-000159.xlsx,Cash Flow,"Nine Months Ended August 3, 2024",Net cash used for investing activities,us-gaap:NetCashProvidedByUsedInInvestingActivities,reported,
cash_flow,us-gaap:ProceedsFromIssuanceOfDebt,Proceeds from debt,9M24,1087.856,ADI_SEC-XBRL-financials_as-presented_10-Q_2024-08-21_0000006281-24-000159.xlsx,Cash Flow,"Nine Months Ended August 3, 2024",Proceeds from debt,us-gaap:ProceedsFromIssuanceOfDebt,reported,
cash_flow,us-gaap:ProceedsFromIssuanceOfCommercialPaper,Proceeds from commercial paper notes,9M24,7709.492,ADI_SEC-XBRL-financials_as-presented_10-Q_2024-08-21_0000006281-24-000159.xlsx,Cash Flow,"Nine Months Ended August 3, 2024",Proceeds from commercial paper notes,us-gaap:ProceedsFromIssuanceOfCommercialPaper,reported,
cash_flow,adi:PaymentsOfCommercialPaper,Payments of commercial paper notes,9M24,-7709.273,ADI_SEC-XBRL-financials_as-presented_10-Q_2024-08-21_0000006281-24-000159.xlsx,Cash Flow,"Nine Months Ended August 3, 2024",Payments of commercial paper notes,adi:PaymentsOfCommercialPaper,reported,
cash_flow,us-gaap:PaymentsForRepurchaseOfCommonStock,Repurchase of common stock,9M24,-520.712,ADI_SEC-XBRL-financials_as-presented_10-Q_2024-08-21_0000006281-24-000159.xlsx,Cash Flow,"Nine Months Ended August 3, 2024",Repurchase of common stock,us-gaap:PaymentsForRepurchaseOfCommonStock,reported,
cash_flow,us-gaap:PaymentsOfDividendsCommonStock,Dividend payments to shareholders,9M24,-1338.703,ADI_SEC-XBRL-financials_as-presented_10-Q_2024-08-21_0000006281-24-000159.xlsx,Cash Flow,"Nine Months Ended August 3, 2024",Dividend payments to shareholders,us-gaap:PaymentsOfDividendsCommonStock,reported,
cash_flow,us-gaap:ProceedsFromStockPlans,Proceeds from employee stock plans,9M24,116.355,ADI_SEC-XBRL-financials_as-presented_10-Q_2024-08-21_0000006281-24-000159.xlsx,Cash Flow,"Nine Months Ended August 3, 2024",Proceeds from employee stock plans,us-gaap:ProceedsFromStockPlans,reported,
cash_flow,us-gaap:ProceedsFromPaymentsForOtherFinancingActivities,Changes in other financing activities,9M24,-5.512,ADI_SEC-XBRL-financials_as-presented_10-Q_2024-08-21_0000006281-24-000159.xlsx,Cash Flow,"Nine Months Ended August 3, 2024",Other,us-gaap:ProceedsFromPaymentsForOtherFinancingActivities,reported,
cash_flow,us-gaap:NetCashProvidedByUsedInFinancingActivities,Net cash used for financing activities,9M24,-660.497,ADI_SEC-XBRL-financials_as-presented_10-Q_2024-08-21_0000006281-24-000159.xlsx,Cash Flow,"Nine Months Ended August 3, 2024",Net cash used for financing activities,us-gaap:NetCashProvidedByUsedInFinancingActivities,reported,
cash_flow,us-gaap:CashCashEquivalentsRestrictedCashAndRestrictedCashEquivalentsPeriodIncreaseDecreaseIncludingExchangeRateEffect,Net decrease in cash and cash equivalents,9M24,1147.971,ADI_SEC-XBRL-financials_as-presented_10-Q_2024-08-21_0000006281-24-000159.xlsx,Cash Flow,"Nine Months Ended August 3, 2024",Net increase (decrease) in cash and cash equivalents,us-gaap:CashCashEquivalentsRestrictedCashAndRestrictedCashEquivalentsPeriodIncreaseDecreaseIncludingExchangeRateEffect,reported,
cash_flow,us-gaap:CashCashEquivalentsRestrictedCashAndRestrictedCashEquivalents,Cash and cash equivalents at beginning of period,9M24,958.061,ADI_SEC-XBRL-financials_as-presented_10-Q_2024-08-21_0000006281-24-000159.xlsx,Cash Flow,"Nine Months Ended August 3, 2024",Cash and cash equivalents at beginning of period,us-gaap:CashCashEquivalentsRestrictedCashAndRestrictedCashEquivalents,reported,
income_statement,us-gaap:RevenueFromContractWithCustomerExcludingAssessedTax,Revenue,1Q25,2423.174,ADI_SEC-XBRL-financials_as-presented_10-Q_2025-02-19_0000006281-25-000023.xlsx,Income Statement,"Three Months Ended February 1, 2025",Revenue,us-gaap:RevenueFromContractWithCustomerExcludingAssessedTax,reported,
income_statement,us-gaap:CostOfGoodsAndServicesSold,Cost of sales,1Q25,992.871,ADI_SEC-XBRL-financials_as-presented_10-Q_2025-02-19_0000006281-25-000023.xlsx,Income Statement,"Three Months Ended February 1, 2025",Cost of sales,us-gaap:CostOfGoodsAndServicesSold,reported,
income_statement,us-gaap:GrossProfit,Gross margin,1Q25,1430.303,ADI_SEC-XBRL-financials_as-presented_10-Q_2025-02-19_0000006281-25-000023.xlsx,Income Statement,"Three Months Ended February 1, 2025",Gross margin,us-gaap:GrossProfit,reported,
income_statement,us-gaap:ResearchAndDevelopmentExpense,Research and development,1Q25,402.892,ADI_SEC-XBRL-financials_as-presented_10-Q_2025-02-19_0000006281-25-000023.xlsx,Income Statement,"Three Months Ended February 1, 2025",Research and development,us-gaap:ResearchAndDevelopmentExpense,reported,
income_statement,us-gaap:SellingGeneralAndAdministrativeExpense,"Selling, marketing, general and administrative",1Q25,284.796,ADI_SEC-XBRL-financials_as-presented_10-Q_2025-02-19_0000006281-25-000023.xlsx,Income Statement,"Three Months Ended February 1, 2025","Selling, marketing, general and administrative",us-gaap:SellingGeneralAndAdministrativeExpense,reported,
income_statement,adi:AmortizationofintangibleAssetsOperatingExpenses,Amortization of intangibles,1Q25,187.415,ADI_SEC-XBRL-financials_as-presented_10-Q_2025-02-19_0000006281-25-000023.xlsx,Income Statement,"Three Months Ended February 1, 2025",Amortization of intangibles,adi:OperatingExpensesAmortizationOfIntangibles,reported,
income_statement,us-gaap:RestructuringCharges,Special charges,1Q25,63.887,ADI_SEC-XBRL-financials_as-presented_10-Q_2025-02-19_0000006281-25-000023.xlsx,Income Statement,"Three Months Ended February 1, 2025","Special charges, net",us-gaap:RestructuringSettlementAndImpairmentProvisions,reported,
income_statement,us-gaap:OperatingExpenses,operating expenses operating expenses operating expenses operating expenses,1Q25,938.99,ADI_SEC-XBRL-financials_as-presented_10-Q_2025-02-19_0000006281-25-000023.xlsx,Income Statement,"Three Months Ended February 1, 2025",Total operating expenses,us-gaap:OperatingExpenses,reported,
income_statement,us-gaap:OperatingIncomeLoss,Operating income,1Q25,491.313,ADI_SEC-XBRL-financials_as-presented_10-Q_2025-02-19_0000006281-25-000023.xlsx,Income Statement,"Three Months Ended February 1, 2025",Operating income:,us-gaap:OperatingIncomeLoss,reported,
income_statement,us-gaap:InterestExpense,Interest expense,1Q25,75.264,ADI_SEC-XBRL-financials_as-presented_10-Q_2025-02-19_0000006281-25-000023.xlsx,Income Statement,"Three Months Ended February 1, 2025",Interest expense,us-gaap:InterestExpenseNonoperating,reported,
income_statement,us-gaap:InvestmentIncomeInterest,Interest income,1Q25,-23.487,ADI_SEC-XBRL-financials_as-presented_10-Q_2025-02-19_0000006281-25-000023.xlsx,Income Statement,"Three Months Ended February 1, 2025",Interest income,us-gaap:InvestmentIncomeInterest,reported,
income_statement,us-gaap:OtherNonoperatingIncomeExpense,"Other, net",1Q25,3.96,ADI_SEC-XBRL-financials_as-presented_10-Q_2025-02-19_0000006281-25-000023.xlsx,Income Statement,"Three Months Ended February 1, 2025","Other, net",us-gaap:OtherNonoperatingIncomeExpense,reported,
income_statement,us-gaap:NonoperatingIncomeExpense,nonoperating income expense nonoperating income expense nonoperating income expense nonoperating income expense,1Q25,55.737,ADI_SEC-XBRL-financials_as-presented_10-Q_2025-02-19_0000006281-25-000023.xlsx,Income Statement,"Three Months Ended February 1, 2025",Total nonoperating expense (income),us-gaap:NonoperatingIncomeExpense,reported,
income_statement,us-gaap:IncomeLossFromContinuingOperationsBeforeIncomeTaxesMinorityInterestAndIncomeLossFromEquityMethodInvestments,Income before income taxes,1Q25,435.576,ADI_SEC-XBRL-financials_as-presented_10-Q_2025-02-19_0000006281-25-000023.xlsx,Income Statement,"Three Months Ended February 1, 2025",Income before income taxes,us-gaap:IncomeLossFromContinuingOperationsBeforeIncomeTaxesExtraordinaryItemsNoncontrollingInterest,reported,
income_statement,us-gaap:IncomeTaxExpenseBenefit,Provision for income taxes,1Q25,44.26,ADI_SEC-XBRL-financials_as-presented_10-Q_2025-02-19_0000006281-25-000023.xlsx,Income Statement,"Three Months Ended February 1, 2025",Provision for income taxes,us-gaap:IncomeTaxExpenseBenefit,reported,
income_statement,us-gaap:NetIncomeLoss,Net income,1Q25,391.316,ADI_SEC-XBRL-financials_as-presented_10-Q_2025-02-19_0000006281-25-000023.xlsx,Income Statement,"Three Months Ended February 1, 2025",Net income,us-gaap:NetIncomeLoss,reported,
income_statement,us-gaap:WeightedAverageNumberOfSharesOutstandingBasic,Shares used to compute earnings per common share – basic,1Q25,496.116,ADI_SEC-XBRL-financials_as-presented_10-Q_2025-02-19_0000006281-25-000023.xlsx,Income Statement,"Three Months Ended February 1, 2025",Shares used to compute earnings per common share – basic,us-gaap:WeightedAverageNumberOfSharesOutstandingBasic,reported,
income_statement,us-gaap:WeightedAverageNumberOfDilutedSharesOutstanding,Shares used to compute earnings per common share – diluted,1Q25,498.668,ADI_SEC-XBRL-financials_as-presented_10-Q_2025-02-19_0000006281-25-000023.xlsx,Income Statement,"Three Months Ended February 1, 2025",Shares used to compute earnings per common share – diluted,us-gaap:WeightedAverageNumberOfDilutedSharesOutstanding,reported,
income_statement,us-gaap:IncomeLossFromContinuingOperationsPerBasicShare,Basic earnings per common share,1Q25,0.79,ADI_SEC-XBRL-financials_as-presented_10-Q_2025-02-19_0000006281-25-000023.xlsx,Income Statement,"Three Months Ended February 1, 2025",Basic earnings per common share,us-gaap:EarningsPerShareBasic,reported,
income_statement,us-gaap:IncomeLossFromContinuingOperationsPerDilutedShare,Diluted earnings per common share,1Q25,0.78,ADI_SEC-XBRL-financials_as-presented_10-Q_2025-02-19_0000006281-25-000023.xlsx,Income Statement,"Three Months Ended February 1, 2025",Diluted earnings per common share,us-gaap:EarningsPerShareDiluted,reported,
balance_sheet,us-gaap:CashAndCashEquivalentsAtCarryingValue,Cash and cash equivalents,1Q25,2349.994,ADI_SEC-XBRL-financials_as-presented_10-Q_2025-02-19_0000006281-25-000023.xlsx,Balance Sheet,"February 1, 2025",Cash and cash equivalents,us-gaap:CashAndCashEquivalentsAtCarryingValue,reported,
balance_sheet,us-gaap:AvailableForSaleSecuritiesDebtSecuritiesCurrent,Corporate obligations (1),1Q25,371.46,ADI_SEC-XBRL-financials_as-presented_10-Q_2025-02-19_0000006281-25-000023.xlsx,Balance Sheet,"February 1, 2025",Short-term investments,us-gaap:AvailableForSaleSecuritiesDebtSecuritiesCurrent,reported,
balance_sheet,us-gaap:AccountsReceivableNetCurrent,Accounts receivable,1Q25,1192.442,ADI_SEC-XBRL-financials_as-presented_10-Q_2025-02-19_0000006281-25-000023.xlsx,Balance Sheet,"February 1, 2025",Accounts receivable,us-gaap:AccountsReceivableNetCurrent,reported,
balance_sheet,us-gaap:InventoryNet,Inventories (2),1Q25,1474.656,ADI_SEC-XBRL-financials_as-presented_10-Q_2025-02-19_0000006281-25-000023.xlsx,Balance Sheet,"February 1, 2025",Inventories,us-gaap:InventoryNet,reported,
balance_sheet,us-gaap:PrepaidExpenseAndOtherAssetsCurrent,Prepaid expenses and other current assets,1Q25,344.524,ADI_SEC-XBRL-financials_as-presented_10-Q_2025-02-19_0000006281-25-000023.xlsx,Balance Sheet,"February 1, 2025",Prepaid expenses and other current assets,us-gaap:PrepaidExpenseAndOtherAssetsCurrent,reported,
balance_sheet,us-gaap:AssetsCurrent,Total current assets,1Q25,5733.076,ADI_SEC-XBRL-financials_as-presented_10-Q_2025-02-19_0000006281-25-000023.xlsx,Balance Sheet,"February 1, 2025",Total current assets,us-gaap:AssetsCurrent,reported,
balance_sheet,us-gaap:PropertyPlantAndEquipmentNet,"Net property, plant and equipment",1Q25,3355.24,ADI_SEC-XBRL-financials_as-presented_10-Q_2025-02-19_0000006281-25-000023.xlsx,Balance Sheet,"February 1, 2025","Net property, plant and equipment",us-gaap:PropertyPlantAndEquipmentNet,reported,
balance_sheet,us-gaap:Goodwill,Goodwill,1Q25,26945.18,ADI_SEC-XBRL-financials_as-presented_10-Q_2025-02-19_0000006281-25-000023.xlsx,Balance Sheet,"February 1, 2025",Goodwill,us-gaap:Goodwill,reported,
balance_sheet,us-gaap:IntangibleAssetsNetExcludingGoodwill,"Intangible assets, net",1Q25,9183.038,ADI_SEC-XBRL-financials_as-presented_10-Q_2025-02-19_0000006281-25-000023.xlsx,Balance Sheet,"February 1, 2025","Intangible assets, net",us-gaap:IntangibleAssetsNetExcludingGoodwill,reported,
balance_sheet,us-gaap:DeferredIncomeTaxAssetsNet,Deferred tax assets,1Q25,2032.676,ADI_SEC-XBRL-financials_as-presented_10-Q_2025-02-19_0000006281-25-000023.xlsx,Balance Sheet,"February 1, 2025",Deferred tax assets,us-gaap:DeferredIncomeTaxAssetsNet,reported,
balance_sheet,us-gaap:OtherAssetsNoncurrent,Other assets,1Q25,718.336,ADI_SEC-XBRL-financials_as-presented_10-Q_2025-02-19_0000006281-25-000023.xlsx,Balance Sheet,"February 1, 2025",Other assets,us-gaap:OtherAssetsNoncurrent,reported,
balance_sheet,us-gaap:AssetsNoncurrent,Total other assets,1Q25,42234.47,ADI_SEC-XBRL-financials_as-presented_10-Q_2025-02-19_0000006281-25-000023.xlsx,Balance Sheet,"February 1, 2025",Total non-current assets,us-gaap:AssetsNoncurrent,reported,
balance_sheet,us-gaap:Assets,assets assets,1Q25,47967.546,ADI_SEC-XBRL-financials_as-presented_10-Q_2025-02-19_0000006281-25-000023.xlsx,Balance Sheet,"February 1, 2025",TOTAL ASSETS,us-gaap:Assets,reported,
balance_sheet,us-gaap:AccountsPayableCurrent,Accounts payable,1Q25,368.939,ADI_SEC-XBRL-financials_as-presented_10-Q_2025-02-19_0000006281-25-000023.xlsx,Balance Sheet,"February 1, 2025",Accounts payable,us-gaap:AccountsPayableCurrent,reported,
balance_sheet,us-gaap:AccruedIncomeTaxesCurrent,Income taxes payable,1Q25,487.456,ADI_SEC-XBRL-financials_as-presented_10-Q_2025-02-19_0000006281-25-000023.xlsx,Balance Sheet,"February 1, 2025",Income taxes payable,us-gaap:AccruedIncomeTaxesCurrent,reported,
balance_sheet,us-gaap:LongTermDebtCurrent,"Debt, current",1Q25,399.855,ADI_SEC-XBRL-financials_as-presented_10-Q_2025-02-19_0000006281-25-000023.xlsx,Balance Sheet,"February 1, 2025","Debt, current",us-gaap:LongTermDebtCurrent,reported,
balance_sheet,us-gaap:CommercialPaper,Commercial paper notes,1Q25,548.403,ADI_SEC-XBRL-financials_as-presented_10-Q_2025-02-19_0000006281-25-000023.xlsx,Balance Sheet,"February 1, 2025",Commercial paper notes,us-gaap:CommercialPaper,reported,
balance_sheet,us-gaap:AccruedLiabilitiesCurrent,Accrued liabilities,1Q25,1166.343,ADI_SEC-XBRL-financials_as-presented_10-Q_2025-02-19_0000006281-25-000023.xlsx,Balance Sheet,"February 1, 2025",Accrued liabilities,us-gaap:AccruedLiabilitiesCurrent,reported,
balance_sheet,us-gaap:LiabilitiesCurrent,Total current liabilities,1Q25,2970.996,ADI_SEC-XBRL-financials_as-presented_10-Q_2025-02-19_0000006281-25-000023.xlsx,Balance Sheet,"February 1, 2025",Total current liabilities,us-gaap:LiabilitiesCurrent,reported,
balance_sheet,us-gaap:LongTermDebtNoncurrent,Long-term debt,1Q25,6618.556,ADI_SEC-XBRL-financials_as-presented_10-Q_2025-02-19_0000006281-25-000023.xlsx,Balance Sheet,"February 1, 2025",Long-term debt,us-gaap:LongTermDebtNoncurrent,reported,
balance_sheet,us-gaap:DeferredIncomeTaxLiabilitiesNet,Deferred income taxes,1Q25,2514.866,ADI_SEC-XBRL-financials_as-presented_10-Q_2025-02-19_0000006281-25-000023.xlsx,Balance Sheet,"February 1, 2025",Deferred income taxes,us-gaap:DeferredIncomeTaxLiabilitiesNet,reported,
balance_sheet,us-gaap:AccruedIncomeTaxesNoncurrent,Income taxes payable,1Q25,261.564,ADI_SEC-XBRL-financials_as-presented_10-Q_2025-02-19_0000006281-25-000023.xlsx,Balance Sheet,"February 1, 2025",Income taxes payable,us-gaap:AccruedIncomeTaxesNoncurrent,reported,
balance_sheet,us-gaap:OtherLiabilitiesNoncurrent,Other non-current liabilities,1Q25,531.029,ADI_SEC-XBRL-financials_as-presented_10-Q_2025-02-19_0000006281-25-000023.xlsx,Balance Sheet,"February 1, 2025",Other non-current liabilities,us-gaap:OtherLiabilitiesNoncurrent,reported,
balance_sheet,us-gaap:LiabilitiesNoncurrent,Total non-current liabilities,1Q25,9926.015,ADI_SEC-XBRL-financials_as-presented_10-Q_2025-02-19_0000006281-25-000023.xlsx,Balance Sheet,"February 1, 2025",Total non-current liabilities,us-gaap:LiabilitiesNoncurrent,reported,
balance_sheet,us-gaap:CommonStockParOrStatedValuePerShare,"Common stock, 0.16 2/3 par value, 1,200,000,000 shares authorized, 368,220,091 shares outstanding (368,302,369 on November 2, 2019)",1Q25,82.664,ADI_SEC-XBRL-financials_as-presented_10-Q_2025-02-19_0000006281-25-000023.xlsx,Balance Sheet,"February 1, 2025","Common stock, $0.16 2/3 par value, 1,200,000,000 shares authorized, 495,976,483 shares outstanding (496,296,854 on November 2, 2024)",us-gaap:CommonStockParOrStatedValuePerShare,reported,
balance_sheet,us-gaap:AdditionalPaidInCapitalCommonStock,Capital in excess of par value,1Q25,25041.25,ADI_SEC-XBRL-financials_as-presented_10-Q_2025-02-19_0000006281-25-000023.xlsx,Balance Sheet,"February 1, 2025",Capital in excess of par value,us-gaap:AdditionalPaidInCapitalCommonStock,reported,
balance_sheet,us-gaap:RetainedEarningsAccumulatedDeficit,Retained earnings,1Q25,10131.59,ADI_SEC-XBRL-financials_as-presented_10-Q_2025-02-19_0000006281-25-000023.xlsx,Balance Sheet,"February 1, 2025",Retained earnings,us-gaap:RetainedEarningsAccumulatedDeficit,reported,
balance_sheet,us-gaap:AccumulatedOtherComprehensiveIncomeLossNetOfTax,Accumulated other comprehensive loss,1Q25,-184.969,ADI_SEC-XBRL-financials_as-presented_10-Q_2025-02-19_0000006281-25-000023.xlsx,Balance Sheet,"February 1, 2025",Accumulated other comprehensive loss,us-gaap:AccumulatedOtherComprehensiveIncomeLossNetOfTax,reported,
balance_sheet,us-gaap:StockholdersEquity,Total shareholders’ equity,1Q25,35070.535,ADI_SEC-XBRL-financials_as-presented_10-Q_2025-02-19_0000006281-25-000023.xlsx,Balance Sheet,"February 1, 2025",Total shareholders’ equity,us-gaap:StockholdersEquity,reported,
balance_sheet,us-gaap:LiabilitiesAndStockholdersEquity,liabilities and stockholders equity liabilities and stockholders equity,1Q25,47967.546,ADI_SEC-XBRL-financials_as-presented_10-Q_2025-02-19_0000006281-25-000023.xlsx,Balance Sheet,"February 1, 2025",TOTAL LIABILITIES AND SHAREHOLDERS’ EQUITY,us-gaap:LiabilitiesAndStockholdersEquity,reported,
cash_flow,us-gaap:NetIncomeLoss,Net income,1Q25,391.316,ADI_SEC-XBRL-financials_as-presented_10-Q_2025-02-19_0000006281-25-000023.xlsx,Cash Flow,"Three Months Ended February 1, 2025",Net income,us-gaap:NetIncomeLoss,reported,
cash_flow,us-gaap:Depreciation,Depreciation,1Q25,98.447,ADI_SEC-XBRL-financials_as-presented_10-Q_2025-02-19_0000006281-25-000023.xlsx,Cash Flow,"Three Months Ended February 1, 2025",Depreciation,us-gaap:Depreciation,reported,
cash_flow,us-gaap:AmortizationOfIntangibleAssets,Amortization of intangibles,1Q25,417.156,ADI_SEC-XBRL-financials_as-presented_10-Q_2025-02-19_0000006281-25-000023.xlsx,Cash Flow,"Three Months Ended February 1, 2025",Amortization of intangibles,us-gaap:AmortizationOfIntangibleAssets,reported,
cash_flow,us-gaap:ShareBasedCompensation,Stock-based compensation expense,1Q25,77.574,ADI_SEC-XBRL-financials_as-presented_10-Q_2025-02-19_0000006281-25-000023.xlsx,Cash Flow,"Three Months Ended February 1, 2025",Stock-based compensation expense,us-gaap:ShareBasedCompensation,reported,
cash_flow,us-gaap:DeferredIncomeTaxExpenseBenefit,Deferred income taxes,1Q25,-59.454,ADI_SEC-XBRL-financials_as-presented_10-Q_2025-02-19_0000006281-25-000023.xlsx,Cash Flow,"Three Months Ended February 1, 2025",Deferred income taxes,us-gaap:DeferredIncomeTaxExpenseBenefit,reported,
cash_flow,us-gaap:OtherNoncashIncomeExpense,Other non-cash activity,1Q25,-0.799,ADI_SEC-XBRL-financials_as-presented_10-Q_2025-02-19_0000006281-25-000023.xlsx,Cash Flow,"Three Months Ended February 1, 2025",Other,us-gaap:OtherNoncashIncomeExpense,reported,
cash_flow,us-gaap:IncreaseDecreaseInOperatingCapital,Changes in operating assets and liabilities,1Q25,202.569,ADI_SEC-XBRL-financials_as-presented_10-Q_2025-02-19_0000006281-25-000023.xlsx,Cash Flow,"Three Months Ended February 1, 2025",Changes in operating assets and liabilities,us-gaap:IncreaseDecreaseInOperatingCapital,reported,
cash_flow,us-gaap:AdjustmentsToReconcileNetIncomeLossToCashProvidedByUsedInOperatingActivities,Total adjustments,1Q25,735.493,ADI_SEC-XBRL-financials_as-presented_10-Q_2025-02-19_0000006281-25-000023.xlsx,Cash Flow,"Three Months Ended February 1, 2025",Total adjustments,us-gaap:AdjustmentsToReconcileNetIncomeLossToCashProvidedByUsedInOperatingActivities,reported,
cash_flow,us-gaap:NetCashProvidedByUsedInOperatingActivities,Net cash provided by operating activities,1Q25,1126.809,ADI_SEC-XBRL-financials_as-presented_10-Q_2025-02-19_0000006281-25-000023.xlsx,Cash Flow,"Three Months Ended February 1, 2025",Net cash provided by operating activities,us-gaap:NetCashProvidedByUsedInOperatingActivities,reported,
cash_flow,us-gaap:PaymentsToAcquirePropertyPlantAndEquipment,"Additions to property, plant and equipment",1Q25,-148.978,ADI_SEC-XBRL-financials_as-presented_10-Q_2025-02-19_0000006281-25-000023.xlsx,Cash Flow,"Three Months Ended February 1, 2025","Additions to property, plant and equipment",us-gaap:PaymentsToAcquirePropertyPlantAndEquipment,reported,
cash_flow,us-gaap:PaymentsToAcquireBusinessesNetOfCashAcquired,"Payments for acquisitions, net of cash acquired",1Q25,-45.652,ADI_SEC-XBRL-financials_as-presented_10-Q_2025-02-19_0000006281-25-000023.xlsx,Cash Flow,"Three Months Ended February 1, 2025","Payments for acquisitions, net of cash acquired",us-gaap:PaymentsToAcquireBusinessesNetOfCashAcquired,reported,
cash_flow,us-gaap:PaymentsForProceedsFromOtherInvestingActivities,Changes in other assets,1Q25,0.329,ADI_SEC-XBRL-financials_as-presented_10-Q_2025-02-19_0000006281-25-000023.xlsx,Cash Flow,"Three Months Ended February 1, 2025",Other,us-gaap:PaymentsForProceedsFromOtherInvestingActivities,reported,
cash_flow,us-gaap:NetCashProvidedByUsedInInvestingActivities,Net cash used for investing activities,1Q25,-194.301,ADI_SEC-XBRL-financials_as-presented_10-Q_2025-02-19_0000006281-25-000023.xlsx,Cash Flow,"Three Months Ended February 1, 2025",Net cash used for investing activities,us-gaap:NetCashProvidedByUsedInInvestingActivities,reported,
cash_flow,us-gaap:ProceedsFromIssuanceOfCommercialPaper,Proceeds from commercial paper notes,1Q25,1969.276,ADI_SEC-XBRL-financials_as-presented_10-Q_2025-02-19_0000006281-25-000023.xlsx,Cash Flow,"Three Months Ended February 1, 2025",Proceeds from commercial paper notes,us-gaap:ProceedsFromIssuanceOfCommercialPaper,reported,
cash_flow,adi:PaymentsOfCommercialPaper,Payments of commercial paper notes,1Q25,-1968.611,ADI_SEC-XBRL-financials_as-presented_10-Q_2025-02-19_0000006281-25-000023.xlsx,Cash Flow,"Three Months Ended February 1, 2025",Payments of commercial paper notes,adi:PaymentsOfCommercialPaper,reported,
cash_flow,us-gaap:PaymentsForRepurchaseOfCommonStock,Repurchase of common stock,1Q25,-160.368,ADI_SEC-XBRL-financials_as-presented_10-Q_2025-02-19_0000006281-25-000023.xlsx,Cash Flow,"Three Months Ended February 1, 2025",Repurchase of common stock,us-gaap:PaymentsForRepurchaseOfCommonStock,reported,
cash_flow,us-gaap:PaymentsOfDividendsCommonStock,Dividend payments to shareholders,1Q25,-456.338,ADI_SEC-XBRL-financials_as-presented_10-Q_2025-02-19_0000006281-25-000023.xlsx,Cash Flow,"Three Months Ended February 1, 2025",Dividend payments to shareholders,us-gaap:PaymentsOfDividendsCommonStock,reported,
cash_flow,us-gaap:ProceedsFromStockPlans,Proceeds from employee stock plans,1Q25,41.747,ADI_SEC-XBRL-financials_as-presented_10-Q_2025-02-19_0000006281-25-000023.xlsx,Cash Flow,"Three Months Ended February 1, 2025",Proceeds from employee stock plans,us-gaap:ProceedsFromStockPlans,reported,
cash_flow,us-gaap:ProceedsFromPaymentsForOtherFinancingActivities,Changes in other financing activities,1Q25,0.438,ADI_SEC-XBRL-financials_as-presented_10-Q_2025-02-19_0000006281-25-000023.xlsx,Cash Flow,"Three Months Ended February 1, 2025",Other,us-gaap:ProceedsFromPaymentsForOtherFinancingActivities,reported,
cash_flow,us-gaap:NetCashProvidedByUsedInFinancingActivities,Net cash used for financing activities,1Q25,-573.856,ADI_SEC-XBRL-financials_as-presented_10-Q_2025-02-19_0000006281-25-000023.xlsx,Cash Flow,"Three Months Ended February 1, 2025",Net cash used for financing activities,us-gaap:NetCashProvidedByUsedInFinancingActivities,reported,
cash_flow,us-gaap:CashCashEquivalentsRestrictedCashAndRestrictedCashEquivalentsPeriodIncreaseDecreaseIncludingExchangeRateEffect,Net decrease in cash and cash equivalents,1Q25,358.652,ADI_SEC-XBRL-financials_as-presented_10-Q_2025-02-19_0000006281-25-000023.xlsx,Cash Flow,"Three Months Ended February 1, 2025",Net increase in cash and cash equivalents,us-gaap:CashCashEquivalentsRestrictedCashAndRestrictedCashEquivalentsPeriodIncreaseDecreaseIncludingExchangeRateEffect,reported,
cash_flow,us-gaap:CashCashEquivalentsRestrictedCashAndRestrictedCashEquivalents,Cash and cash equivalents at beginning of period,1Q25,1991.342,ADI_SEC-XBRL-financials_as-presented_10-Q_2025-02-19_0000006281-25-000023.xlsx,Cash Flow,"Three Months Ended February 1, 2025",Cash and cash equivalents at beginning of period,us-gaap:CashCashEquivalentsRestrictedCashAndRestrictedCashEquivalents,reported,
income_statement,us-gaap:RevenueFromContractWithCustomerExcludingAssessedTax,Revenue,2Q25,2640.068,ADI_SEC-XBRL-financials_as-presented_10-Q_2025-05-22_0000006281-25-000125.xlsx,Income Statement,"Three Months Ended May 3, 2025",Revenue,us-gaap:RevenueFromContractWithCustomerExcludingAssessedTax,reported,
income_statement,us-gaap:RevenueFromContractWithCustomerExcludingAssessedTax,Revenue,6M25,5063.242,ADI_SEC-XBRL-financials_as-presented_10-Q_2025-05-22_0000006281-25-000125.xlsx,Income Statement,"Six Months Ended May 3, 2025",Revenue,us-gaap:RevenueFromContractWithCustomerExcludingAssessedTax,reported,
income_statement,us-gaap:CostOfGoodsAndServicesSold,Cost of sales,2Q25,1028.458,ADI_SEC-XBRL-financials_as-presented_10-Q_2025-05-22_0000006281-25-000125.xlsx,Income Statement,"Three Months Ended May 3, 2025",Cost of sales,us-gaap:CostOfGoodsAndServicesSold,reported,
income_statement,us-gaap:CostOfGoodsAndServicesSold,Cost of sales,6M25,2021.329,ADI_SEC-XBRL-financials_as-presented_10-Q_2025-05-22_0000006281-25-000125.xlsx,Income Statement,"Six Months Ended May 3, 2025",Cost of sales,us-gaap:CostOfGoodsAndServicesSold,reported,
income_statement,us-gaap:GrossProfit,Gross margin,2Q25,1611.61,ADI_SEC-XBRL-financials_as-presented_10-Q_2025-05-22_0000006281-25-000125.xlsx,Income Statement,"Three Months Ended May 3, 2025",Gross margin,us-gaap:GrossProfit,reported,
income_statement,us-gaap:GrossProfit,Gross margin,6M25,3041.913,ADI_SEC-XBRL-financials_as-presented_10-Q_2025-05-22_0000006281-25-000125.xlsx,Income Statement,"Six Months Ended May 3, 2025",Gross margin,us-gaap:GrossProfit,reported,
income_statement,us-gaap:ResearchAndDevelopmentExpense,Research and development,2Q25,441.837,ADI_SEC-XBRL-financials_as-presented_10-Q_2025-05-22_0000006281-25-000125.xlsx,Income Statement,"Three Months Ended May 3, 2025",Research and development,us-gaap:ResearchAndDevelopmentExpense,reported,
income_statement,us-gaap:ResearchAndDevelopmentExpense,Research and development,6M25,844.729,ADI_SEC-XBRL-financials_as-presented_10-Q_2025-05-22_0000006281-25-000125.xlsx,Income Statement,"Six Months Ended May 3, 2025",Research and development,us-gaap:ResearchAndDevelopmentExpense,reported,
income_statement,us-gaap:SellingGeneralAndAdministrativeExpense,"Selling, marketing, general and administrative",2Q25,302.669,ADI_SEC-XBRL-financials_as-presented_10-Q_2025-05-22_0000006281-25-000125.xlsx,Income Statement,"Three Months Ended May 3, 2025","Selling, marketing, general and administrative",us-gaap:SellingGeneralAndAdministrativeExpense,reported,
income_statement,us-gaap:SellingGeneralAndAdministrativeExpense,"Selling, marketing, general and administrative",6M25,587.465,ADI_SEC-XBRL-financials_as-presented_10-Q_2025-05-22_0000006281-25-000125.xlsx,Income Statement,"Six Months Ended May 3, 2025","Selling, marketing, general and administrative",us-gaap:SellingGeneralAndAdministrativeExpense,reported,
income_statement,adi:AmortizationofintangibleAssetsOperatingExpenses,Amortization of intangibles,2Q25,187.415,ADI_SEC-XBRL-financials_as-presented_10-Q_2025-05-22_0000006281-25-000125.xlsx,Income Statement,"Three Months Ended May 3, 2025",Amortization of intangibles,adi:OperatingExpensesAmortizationOfIntangibles,reported,
income_statement,adi:AmortizationofintangibleAssetsOperatingExpenses,Amortization of intangibles,6M25,374.83,ADI_SEC-XBRL-financials_as-presented_10-Q_2025-05-22_0000006281-25-000125.xlsx,Income Statement,"Six Months Ended May 3, 2025",Amortization of intangibles,adi:OperatingExpensesAmortizationOfIntangibles,reported,
income_statement,us-gaap:RestructuringCharges,Special charges,2Q25,1.745,ADI_SEC-XBRL-financials_as-presented_10-Q_2025-05-22_0000006281-25-000125.xlsx,Income Statement,"Three Months Ended May 3, 2025","Special charges, net",us-gaap:RestructuringSettlementAndImpairmentProvisions,reported,
income_statement,us-gaap:RestructuringCharges,Special charges,6M25,65.632,ADI_SEC-XBRL-financials_as-presented_10-Q_2025-05-22_0000006281-25-000125.xlsx,Income Statement,"Six Months Ended May 3, 2025","Special charges, net",us-gaap:RestructuringSettlementAndImpairmentProvisions,reported,
income_statement,us-gaap:OperatingExpenses,operating expenses operating expenses operating expenses operating expenses,2Q25,933.666,ADI_SEC-XBRL-financials_as-presented_10-Q_2025-05-22_0000006281-25-000125.xlsx,Income Statement,"Three Months Ended May 3, 2025",Total operating expenses,us-gaap:OperatingExpenses,reported,
income_statement,us-gaap:OperatingExpenses,operating expenses operating expenses operating expenses operating expenses,6M25,1872.656,ADI_SEC-XBRL-financials_as-presented_10-Q_2025-05-22_0000006281-25-000125.xlsx,Income Statement,"Six Months Ended May 3, 2025",Total operating expenses,us-gaap:OperatingExpenses,reported,
income_statement,us-gaap:OperatingIncomeLoss,Operating income,2Q25,677.944,ADI_SEC-XBRL-financials_as-presented_10-Q_2025-05-22_0000006281-25-000125.xlsx,Income Statement,"Three Months Ended May 3, 2025",Operating income:,us-gaap:OperatingIncomeLoss,reported,
income_statement,us-gaap:OperatingIncomeLoss,Operating income,6M25,1169.257,ADI_SEC-XBRL-financials_as-presented_10-Q_2025-05-22_0000006281-25-000125.xlsx,Income Statement,"Six Months Ended May 3, 2025",Operating income:,us-gaap:OperatingIncomeLoss,reported,
income_statement,us-gaap:InterestExpense,Interest expense,2Q25,74.703,ADI_SEC-XBRL-financials_as-presented_10-Q_2025-05-22_0000006281-25-000125.xlsx,Income Statement,"Three Months Ended May 3, 2025",Interest expense,us-gaap:InterestExpenseNonoperating,reported,
income_statement,us-gaap:InterestExpense,Interest expense,6M25,149.967,ADI_SEC-XBRL-financials_as-presented_10-Q_2025-05-22_0000006281-25-000125.xlsx,Income Statement,"Six Months Ended May 3, 2025",Interest expense,us-gaap:InterestExpenseNonoperating,reported,
income_statement,us-gaap:InvestmentIncomeInterest,Interest income,2Q25,-21.725,ADI_SEC-XBRL-financials_as-presented_10-Q_2025-05-22_0000006281-25-000125.xlsx,Income Statement,"Three Months Ended May 3, 2025",Interest income,us-gaap:InvestmentIncomeInterest,reported,
income_statement,us-gaap:InvestmentIncomeInterest,Interest income,6M25,-45.212,ADI_SEC-XBRL-financials_as-presented_10-Q_2025-05-22_0000006281-25-000125.xlsx,Income Statement,"Six Months Ended May 3, 2025",Interest income,us-gaap:InvestmentIncomeInterest,reported,
income_statement,us-gaap:OtherNonoperatingIncomeExpense,"Other, net",2Q25,-0.962,ADI_SEC-XBRL-financials_as-presented_10-Q_2025-05-22_0000006281-25-000125.xlsx,Income Statement,"Three Months Ended May 3, 2025","Other, net",us-gaap:OtherNonoperatingIncomeExpense,reported,
income_statement,us-gaap:OtherNonoperatingIncomeExpense,"Other, net",6M25,2.998,ADI_SEC-XBRL-financials_as-presented_10-Q_2025-05-22_0000006281-25-000125.xlsx,Income Statement,"Six Months Ended May 3, 2025","Other, net",us-gaap:OtherNonoperatingIncomeExpense,reported,
income_statement,us-gaap:NonoperatingIncomeExpense,nonoperating income expense nonoperating income expense nonoperating income expense nonoperating income expense,2Q25,52.016,ADI_SEC-XBRL-financials_as-presented_10-Q_2025-05-22_0000006281-25-000125.xlsx,Income Statement,"Three Months Ended May 3, 2025",Total nonoperating expense (income),us-gaap:NonoperatingIncomeExpense,reported,
income_statement,us-gaap:NonoperatingIncomeExpense,nonoperating income expense nonoperating income expense nonoperating income expense nonoperating income expense,6M25,107.753,ADI_SEC-XBRL-financials_as-presented_10-Q_2025-05-22_0000006281-25-000125.xlsx,Income Statement,"Six Months Ended May 3, 2025",Total nonoperating expense (income),us-gaap:NonoperatingIncomeExpense,reported,
income_statement,us-gaap:IncomeLossFromContinuingOperationsBeforeIncomeTaxesMinorityInterestAndIncomeLossFromEquityMethodInvestments,Income before income taxes,2Q25,625.928,ADI_SEC-XBRL-financials_as-presented_10-Q_2025-05-22_0000006281-25-000125.xlsx,Income Statement,"Three Months Ended May 3, 2025",Income before income taxes,us-gaap:IncomeLossFromContinuingOperationsBeforeIncomeTaxesExtraordinaryItemsNoncontrollingInterest,reported,
income_statement,us-gaap:IncomeLossFromContinuingOperationsBeforeIncomeTaxesMinorityInterestAndIncomeLossFromEquityMethodInvestments,Income before income taxes,6M25,1061.504,ADI_SEC-XBRL-financials_as-presented_10-Q_2025-05-22_0000006281-25-000125.xlsx,Income Statement,"Six Months Ended May 3, 2025",Income before income taxes,us-gaap:IncomeLossFromContinuingOperationsBeforeIncomeTaxesExtraordinaryItemsNoncontrollingInterest,reported,
income_statement,us-gaap:IncomeTaxExpenseBenefit,Provision for income taxes,2Q25,56.158,ADI_SEC-XBRL-financials_as-presented_10-Q_2025-05-22_0000006281-25-000125.xlsx,Income Statement,"Three Months Ended May 3, 2025",Provision for income taxes,us-gaap:IncomeTaxExpenseBenefit,reported,
income_statement,us-gaap:IncomeTaxExpenseBenefit,Provision for income taxes,6M25,100.418,ADI_SEC-XBRL-financials_as-presented_10-Q_2025-05-22_0000006281-25-000125.xlsx,Income Statement,"Six Months Ended May 3, 2025",Provision for income taxes,us-gaap:IncomeTaxExpenseBenefit,reported,
income_statement,us-gaap:NetIncomeLoss,Net income,2Q25,569.77,ADI_SEC-XBRL-financials_as-presented_10-Q_2025-05-22_0000006281-25-000125.xlsx,Income Statement,"Three Months Ended May 3, 2025",Net income,us-gaap:NetIncomeLoss,reported,
income_statement,us-gaap:NetIncomeLoss,Net income,6M25,961.086,ADI_SEC-XBRL-financials_as-presented_10-Q_2025-05-22_0000006281-25-000125.xlsx,Income Statement,"Six Months Ended May 3, 2025",Net income,us-gaap:NetIncomeLoss,reported,
income_statement,us-gaap:WeightedAverageNumberOfSharesOutstandingBasic,Shares used to compute earnings per common share – basic,2Q25,496.173,ADI_SEC-XBRL-financials_as-presented_10-Q_2025-05-22_0000006281-25-000125.xlsx,Income Statement,"Three Months Ended May 3, 2025",Shares used to compute earnings per common share – basic,us-gaap:WeightedAverageNumberOfSharesOutstandingBasic,reported,
income_statement,us-gaap:WeightedAverageNumberOfSharesOutstandingBasic,Shares used to compute earnings per common share – basic,6M25,496.145,ADI_SEC-XBRL-financials_as-presented_10-Q_2025-05-22_0000006281-25-000125.xlsx,Income Statement,"Six Months Ended May 3, 2025",Shares used to compute earnings per common share – basic,us-gaap:WeightedAverageNumberOfSharesOutstandingBasic,reported,
income_statement,us-gaap:WeightedAverageNumberOfDilutedSharesOutstanding,Shares used to compute earnings per common share – diluted,2Q25,498.201,ADI_SEC-XBRL-financials_as-presented_10-Q_2025-05-22_0000006281-25-000125.xlsx,Income Statement,"Three Months Ended May 3, 2025",Shares used to compute earnings per common share – diluted,us-gaap:WeightedAverageNumberOfDilutedSharesOutstanding,reported,
income_statement,us-gaap:WeightedAverageNumberOfDilutedSharesOutstanding,Shares used to compute earnings per common share – diluted,6M25,498.434,ADI_SEC-XBRL-financials_as-presented_10-Q_2025-05-22_0000006281-25-000125.xlsx,Income Statement,"Six Months Ended May 3, 2025",Shares used to compute earnings per common share – diluted,us-gaap:WeightedAverageNumberOfDilutedSharesOutstanding,reported,
income_statement,us-gaap:IncomeLossFromContinuingOperationsPerBasicShare,Basic earnings per common share,2Q25,1.15,ADI_SEC-XBRL-financials_as-presented_10-Q_2025-05-22_0000006281-25-000125.xlsx,Income Statement,"Three Months Ended May 3, 2025",Basic earnings per common share,us-gaap:EarningsPerShareBasic,reported,
income_statement,us-gaap:IncomeLossFromContinuingOperationsPerBasicShare,Basic earnings per common share,6M25,1.94,ADI_SEC-XBRL-financials_as-presented_10-Q_2025-05-22_0000006281-25-000125.xlsx,Income Statement,"Six Months Ended May 3, 2025",Basic earnings per common share,us-gaap:EarningsPerShareBasic,reported,
income_statement,us-gaap:IncomeLossFromContinuingOperationsPerDilutedShare,Diluted earnings per common share,2Q25,1.14,ADI_SEC-XBRL-financials_as-presented_10-Q_2025-05-22_0000006281-25-000125.xlsx,Income Statement,"Three Months Ended May 3, 2025",Diluted earnings per common share,us-gaap:EarningsPerShareDiluted,reported,
income_statement,us-gaap:IncomeLossFromContinuingOperationsPerDilutedShare,Diluted earnings per common share,6M25,1.93,ADI_SEC-XBRL-financials_as-presented_10-Q_2025-05-22_0000006281-25-000125.xlsx,Income Statement,"Six Months Ended May 3, 2025",Diluted earnings per common share,us-gaap:EarningsPerShareDiluted,reported,
balance_sheet,us-gaap:CashAndCashEquivalentsAtCarryingValue,Cash and cash equivalents,2Q25,2376.235,ADI_SEC-XBRL-financials_as-presented_10-Q_2025-05-22_0000006281-25-000125.xlsx,Balance Sheet,"May 3, 2025",Cash and cash equivalents,us-gaap:CashAndCashEquivalentsAtCarryingValue,reported,
balance_sheet,us-gaap:AccountsReceivableNetCurrent,Accounts receivable,2Q25,1382.365,ADI_SEC-XBRL-financials_as-presented_10-Q_2025-05-22_0000006281-25-000125.xlsx,Balance Sheet,"May 3, 2025",Accounts receivable,us-gaap:AccountsReceivableNetCurrent,reported,
balance_sheet,us-gaap:InventoryNet,Inventories (2),2Q25,1524.897,ADI_SEC-XBRL-financials_as-presented_10-Q_2025-05-22_0000006281-25-000125.xlsx,Balance Sheet,"May 3, 2025",Inventories,us-gaap:InventoryNet,reported,
balance_sheet,us-gaap:PrepaidExpenseAndOtherAssetsCurrent,Prepaid expenses and other current assets,2Q25,305.04,ADI_SEC-XBRL-financials_as-presented_10-Q_2025-05-22_0000006281-25-000125.xlsx,Balance Sheet,"May 3, 2025",Prepaid expenses and other current assets,us-gaap:PrepaidExpenseAndOtherAssetsCurrent,reported,
balance_sheet,us-gaap:AssetsCurrent,Total current assets,2Q25,5588.537,ADI_SEC-XBRL-financials_as-presented_10-Q_2025-05-22_0000006281-25-000125.xlsx,Balance Sheet,"May 3, 2025",Total current assets,us-gaap:AssetsCurrent,reported,
balance_sheet,us-gaap:PropertyPlantAndEquipmentNet,"Net property, plant and equipment",2Q25,3336.128,ADI_SEC-XBRL-financials_as-presented_10-Q_2025-05-22_0000006281-25-000125.xlsx,Balance Sheet,"May 3, 2025","Net property, plant and equipment",us-gaap:PropertyPlantAndEquipmentNet,reported,
balance_sheet,us-gaap:Goodwill,Goodwill,2Q25,26945.18,ADI_SEC-XBRL-financials_as-presented_10-Q_2025-05-22_0000006281-25-000125.xlsx,Balance Sheet,"May 3, 2025",Goodwill,us-gaap:Goodwill,reported,
balance_sheet,us-gaap:IntangibleAssetsNetExcludingGoodwill,"Intangible assets, net",2Q25,8787.38,ADI_SEC-XBRL-financials_as-presented_10-Q_2025-05-22_0000006281-25-000125.xlsx,Balance Sheet,"May 3, 2025","Intangible assets, net",us-gaap:IntangibleAssetsNetExcludingGoodwill,reported,
balance_sheet,us-gaap:DeferredIncomeTaxAssetsNet,Deferred tax assets,2Q25,1985.591,ADI_SEC-XBRL-financials_as-presented_10-Q_2025-05-22_0000006281-25-000125.xlsx,Balance Sheet,"May 3, 2025",Deferred tax assets,us-gaap:DeferredIncomeTaxAssetsNet,reported,
balance_sheet,us-gaap:OtherAssetsNoncurrent,Other assets,2Q25,701.671,ADI_SEC-XBRL-financials_as-presented_10-Q_2025-05-22_0000006281-25-000125.xlsx,Balance Sheet,"May 3, 2025",Other assets,us-gaap:OtherAssetsNoncurrent,reported,
balance_sheet,us-gaap:AssetsNoncurrent,Total other assets,2Q25,41755.95,ADI_SEC-XBRL-financials_as-presented_10-Q_2025-05-22_0000006281-25-000125.xlsx,Balance Sheet,"May 3, 2025",Total non-current assets,us-gaap:AssetsNoncurrent,reported,
balance_sheet,us-gaap:Assets,assets assets,2Q25,47344.487,ADI_SEC-XBRL-financials_as-presented_10-Q_2025-05-22_0000006281-25-000125.xlsx,Balance Sheet,"May 3, 2025",TOTAL ASSETS,us-gaap:Assets,reported,
balance_sheet,us-gaap:AccountsPayableCurrent,Accounts payable,2Q25,429.405,ADI_SEC-XBRL-financials_as-presented_10-Q_2025-05-22_0000006281-25-000125.xlsx,Balance Sheet,"May 3, 2025",Accounts payable,us-gaap:AccountsPayableCurrent,reported,
balance_sheet,us-gaap:AccruedIncomeTaxesCurrent,Income taxes payable,2Q25,358.949,ADI_SEC-XBRL-financials_as-presented_10-Q_2025-05-22_0000006281-25-000125.xlsx,Balance Sheet,"May 3, 2025",Income taxes payable,us-gaap:AccruedIncomeTaxesCurrent,reported,
balance_sheet,us-gaap:CommercialPaper,Commercial paper notes,2Q25,548.72,ADI_SEC-XBRL-financials_as-presented_10-Q_2025-05-22_0000006281-25-000125.xlsx,Balance Sheet,"May 3, 2025",Commercial paper notes,us-gaap:CommercialPaper,reported,
balance_sheet,us-gaap:AccruedLiabilitiesCurrent,Accrued liabilities,2Q25,1353.568,ADI_SEC-XBRL-financials_as-presented_10-Q_2025-05-22_0000006281-25-000125.xlsx,Balance Sheet,"May 3, 2025",Accrued liabilities,us-gaap:AccruedLiabilitiesCurrent,reported,
balance_sheet,us-gaap:LiabilitiesCurrent,Total current liabilities,2Q25,2690.642,ADI_SEC-XBRL-financials_as-presented_10-Q_2025-05-22_0000006281-25-000125.xlsx,Balance Sheet,"May 3, 2025",Total current liabilities,us-gaap:LiabilitiesCurrent,reported,
balance_sheet,us-gaap:LongTermDebtNoncurrent,Long-term debt,2Q25,6648.417,ADI_SEC-XBRL-financials_as-presented_10-Q_2025-05-22_0000006281-25-000125.xlsx,Balance Sheet,"May 3, 2025",Long-term debt,us-gaap:LongTermDebtNoncurrent,reported,
balance_sheet,us-gaap:DeferredIncomeTaxLiabilitiesNet,Deferred income taxes,2Q25,2379.575,ADI_SEC-XBRL-financials_as-presented_10-Q_2025-05-22_0000006281-25-000125.xlsx,Balance Sheet,"May 3, 2025",Deferred income taxes,us-gaap:DeferredIncomeTaxLiabilitiesNet,reported,
balance_sheet,us-gaap:AccruedIncomeTaxesNoncurrent,Income taxes payable,2Q25,96.354,ADI_SEC-XBRL-financials_as-presented_10-Q_2025-05-22_0000006281-25-000125.xlsx,Balance Sheet,"May 3, 2025",Income taxes payable,us-gaap:AccruedIncomeTaxesNoncurrent,reported,
balance_sheet,us-gaap:OtherLiabilitiesNoncurrent,Other non-current liabilities,2Q25,518.879,ADI_SEC-XBRL-financials_as-presented_10-Q_2025-05-22_0000006281-25-000125.xlsx,Balance Sheet,"May 3, 2025",Other non-current liabilities,us-gaap:OtherLiabilitiesNoncurrent,reported,
balance_sheet,us-gaap:LiabilitiesNoncurrent,Total non-current liabilities,2Q25,9643.225,ADI_SEC-XBRL-financials_as-presented_10-Q_2025-05-22_0000006281-25-000125.xlsx,Balance Sheet,"May 3, 2025",Total non-current liabilities,us-gaap:LiabilitiesNoncurrent,reported,
balance_sheet,us-gaap:CommonStockParOrStatedValuePerShare,"Common stock, 0.16 2/3 par value, 1,200,000,000 shares authorized, 368,220,091 shares outstanding (368,302,369 on November 2, 2019)",2Q25,82.71,ADI_SEC-XBRL-financials_as-presented_10-Q_2025-05-22_0000006281-25-000125.xlsx,Balance Sheet,"May 3, 2025","Common stock, $0.16 2/3 par value, 1,200,000,000 shares authorized, 496,248,196 shares outstanding (496,296,854 on November 2, 2024)",us-gaap:CommonStockParOrStatedValuePerShare,reported,
balance_sheet,us-gaap:AdditionalPaidInCapitalCommonStock,Capital in excess of par value,2Q25,24885.204,ADI_SEC-XBRL-financials_as-presented_10-Q_2025-05-22_0000006281-25-000125.xlsx,Balance Sheet,"May 3, 2025",Capital in excess of par value,us-gaap:AdditionalPaidInCapitalCommonStock,reported,
balance_sheet,us-gaap:RetainedEarningsAccumulatedDeficit,Retained earnings,2Q25,10210.338,ADI_SEC-XBRL-financials_as-presented_10-Q_2025-05-22_0000006281-25-000125.xlsx,Balance Sheet,"May 3, 2025",Retained earnings,us-gaap:RetainedEarningsAccumulatedDeficit,reported,
balance_sheet,us-gaap:AccumulatedOtherComprehensiveIncomeLossNetOfTax,Accumulated other comprehensive loss,2Q25,-167.632,ADI_SEC-XBRL-financials_as-presented_10-Q_2025-05-22_0000006281-25-000125.xlsx,Balance Sheet,"May 3, 2025",Accumulated other comprehensive loss,us-gaap:AccumulatedOtherComprehensiveIncomeLossNetOfTax,reported,
balance_sheet,us-gaap:StockholdersEquity,Total shareholders’ equity,2Q25,35010.62,ADI_SEC-XBRL-financials_as-presented_10-Q_2025-05-22_0000006281-25-000125.xlsx,Balance Sheet,"May 3, 2025",Total shareholders’ equity,us-gaap:StockholdersEquity,reported,
balance_sheet,us-gaap:LiabilitiesAndStockholdersEquity,liabilities and stockholders equity liabilities and stockholders equity,2Q25,47344.487,ADI_SEC-XBRL-financials_as-presented_10-Q_2025-05-22_0000006281-25-000125.xlsx,Balance Sheet,"May 3, 2025",TOTAL LIABILITIES AND SHAREHOLDERS’ EQUITY,us-gaap:LiabilitiesAndStockholdersEquity,reported,
cash_flow,us-gaap:NetIncomeLoss,Net income,6M25,961.086,ADI_SEC-XBRL-financials_as-presented_10-Q_2025-05-22_0000006281-25-000125.xlsx,Cash Flow,"Six Months Ended May 3, 2025",Net income,us-gaap:NetIncomeLoss,reported,
cash_flow,us-gaap:Depreciation,Depreciation,6M25,198.781,ADI_SEC-XBRL-financials_as-presented_10-Q_2025-05-22_0000006281-25-000125.xlsx,Cash Flow,"Six Months Ended May 3, 2025",Depreciation,us-gaap:Depreciation,reported,
cash_flow,us-gaap:AmortizationOfIntangibleAssets,Amortization of intangibles,6M25,817.429,ADI_SEC-XBRL-financials_as-presented_10-Q_2025-05-22_0000006281-25-000125.xlsx,Cash Flow,"Six Months Ended May 3, 2025",Amortization of intangibles,us-gaap:AmortizationOfIntangibleAssets,reported,
cash_flow,us-gaap:ShareBasedCompensation,Stock-based compensation expense,6M25,150.405,ADI_SEC-XBRL-financials_as-presented_10-Q_2025-05-22_0000006281-25-000125.xlsx,Cash Flow,"Six Months Ended May 3, 2025",Stock-based compensation expense,us-gaap:ShareBasedCompensation,reported,
cash_flow,us-gaap:DeferredIncomeTaxExpenseBenefit,Deferred income taxes,6M25,-149.37,ADI_SEC-XBRL-financials_as-presented_10-Q_2025-05-22_0000006281-25-000125.xlsx,Cash Flow,"Six Months Ended May 3, 2025",Deferred income taxes,us-gaap:DeferredIncomeTaxExpenseBenefit,reported,
cash_flow,us-gaap:OtherNoncashIncomeExpense,Other non-cash activity,6M25,4.203,ADI_SEC-XBRL-financials_as-presented_10-Q_2025-05-22_0000006281-25-000125.xlsx,Cash Flow,"Six Months Ended May 3, 2025",Other,us-gaap:OtherNoncashIncomeExpense,reported,
cash_flow,us-gaap:IncreaseDecreaseInOperatingCapital,Changes in operating assets and liabilities,6M25,-36.247,ADI_SEC-XBRL-financials_as-presented_10-Q_2025-05-22_0000006281-25-000125.xlsx,Cash Flow,"Six Months Ended May 3, 2025",Changes in operating assets and liabilities,us-gaap:IncreaseDecreaseInOperatingCapital,reported,
cash_flow,us-gaap:AdjustmentsToReconcileNetIncomeLossToCashProvidedByUsedInOperatingActivities,Total adjustments,6M25,985.201,ADI_SEC-XBRL-financials_as-presented_10-Q_2025-05-22_0000006281-25-000125.xlsx,Cash Flow,"Six Months Ended May 3, 2025",Total adjustments,us-gaap:AdjustmentsToReconcileNetIncomeLossToCashProvidedByUsedInOperatingActivities,reported,
cash_flow,us-gaap:NetCashProvidedByUsedInOperatingActivities,Net cash provided by operating activities,6M25,1946.287,ADI_SEC-XBRL-financials_as-presented_10-Q_2025-05-22_0000006281-25-000125.xlsx,Cash Flow,"Six Months Ended May 3, 2025",Net cash provided by operating activities,us-gaap:NetCashProvidedByUsedInOperatingActivities,reported,
cash_flow,us-gaap:ProceedsFromMaturitiesPrepaymentsAndCallsOfAvailableForSaleSecurities,Maturities of short-term available-for-sale investments,6M25,372.778,ADI_SEC-XBRL-financials_as-presented_10-Q_2025-05-22_0000006281-25-000125.xlsx,Cash Flow,"Six Months Ended May 3, 2025",Maturities of short-term available-for-sale investments,us-gaap:ProceedsFromMaturitiesPrepaymentsAndCallsOfAvailableForSaleSecurities,reported,
cash_flow,us-gaap:PaymentsToAcquirePropertyPlantAndEquipment,"Additions to property, plant and equipment",6M25,-239.246,ADI_SEC-XBRL-financials_as-presented_10-Q_2025-05-22_0000006281-25-000125.xlsx,Cash Flow,"Six Months Ended May 3, 2025","Additions to property, plant and equipment",us-gaap:PaymentsToAcquirePropertyPlantAndEquipment,reported,
cash_flow,us-gaap:ProceedsFromSaleOfPropertyPlantAndEquipment,"Proceeds from sale of property, plant and equipment",6M25,58.892,ADI_SEC-XBRL-financials_as-presented_10-Q_2025-05-22_0000006281-25-000125.xlsx,Cash Flow,"Six Months Ended May 3, 2025","Proceeds from sale of property, plant and equipment, net",us-gaap:ProceedsFromSaleOfPropertyPlantAndEquipment,reported,
cash_flow,us-gaap:PaymentsToAcquireBusinessesNetOfCashAcquired,"Payments for acquisitions, net of cash acquired",6M25,-45.652,ADI_SEC-XBRL-financials_as-presented_10-Q_2025-05-22_0000006281-25-000125.xlsx,Cash Flow,"Six Months Ended May 3, 2025","Payments for acquisitions, net of cash acquired",us-gaap:PaymentsToAcquireBusinessesNetOfCashAcquired,reported,
cash_flow,us-gaap:PaymentsForProceedsFromOtherInvestingActivities,Changes in other assets,6M25,-12.88,ADI_SEC-XBRL-financials_as-presented_10-Q_2025-05-22_0000006281-25-000125.xlsx,Cash Flow,"Six Months Ended May 3, 2025",Other,us-gaap:PaymentsForProceedsFromOtherInvestingActivities,reported,
cash_flow,us-gaap:NetCashProvidedByUsedInInvestingActivities,Net cash used for investing activities,6M25,133.892,ADI_SEC-XBRL-financials_as-presented_10-Q_2025-05-22_0000006281-25-000125.xlsx,Cash Flow,"Six Months Ended May 3, 2025",Net cash provided by (used for) investing activities,us-gaap:NetCashProvidedByUsedInInvestingActivities,reported,
cash_flow,us-gaap:RepaymentsOfDebt,Debt repayments,6M25,-399.998,ADI_SEC-XBRL-financials_as-presented_10-Q_2025-05-22_0000006281-25-000125.xlsx,Cash Flow,"Six Months Ended May 3, 2025",Debt repayments,us-gaap:RepaymentsOfDebt,reported,
cash_flow,us-gaap:ProceedsFromIssuanceOfCommercialPaper,Proceeds from commercial paper notes,6M25,4316.34,ADI_SEC-XBRL-financials_as-presented_10-Q_2025-05-22_0000006281-25-000125.xlsx,Cash Flow,"Six Months Ended May 3, 2025",Proceeds from commercial paper notes,us-gaap:ProceedsFromIssuanceOfCommercialPaper,reported,
cash_flow,adi:PaymentsOfCommercialPaper,Payments of commercial paper notes,6M25,-4315.358,ADI_SEC-XBRL-financials_as-presented_10-Q_2025-05-22_0000006281-25-000125.xlsx,Cash Flow,"Six Months Ended May 3, 2025",Payments of commercial paper notes,adi:PaymentsOfCommercialPaper,reported,
cash_flow,us-gaap:PaymentsForRepurchaseOfCommonStock,Repurchase of common stock,6M25,-409.014,ADI_SEC-XBRL-financials_as-presented_10-Q_2025-05-22_0000006281-25-000125.xlsx,Cash Flow,"Six Months Ended May 3, 2025",Repurchase of common stock,us-gaap:PaymentsForRepurchaseOfCommonStock,reported,
cash_flow,us-gaap:PaymentsOfDividendsCommonStock,Dividend payments to shareholders,6M25,-947.36,ADI_SEC-XBRL-financials_as-presented_10-Q_2025-05-22_0000006281-25-000125.xlsx,Cash Flow,"Six Months Ended May 3, 2025",Dividend payments to shareholders,us-gaap:PaymentsOfDividendsCommonStock,reported,
cash_flow,us-gaap:ProceedsFromStockPlans,Proceeds from employee stock plans,6M25,61.562,ADI_SEC-XBRL-financials_as-presented_10-Q_2025-05-22_0000006281-25-000125.xlsx,Cash Flow,"Six Months Ended May 3, 2025",Proceeds from employee stock plans,us-gaap:ProceedsFromStockPlans,reported,
cash_flow,us-gaap:ProceedsFromPaymentsForOtherFinancingActivities,Changes in other financing activities,6M25,-1.458,ADI_SEC-XBRL-financials_as-presented_10-Q_2025-05-22_0000006281-25-000125.xlsx,Cash Flow,"Six Months Ended May 3, 2025",Other,us-gaap:ProceedsFromPaymentsForOtherFinancingActivities,reported,
cash_flow,us-gaap:NetCashProvidedByUsedInFinancingActivities,Net cash used for financing activities,6M25,-1695.286,ADI_SEC-XBRL-financials_as-presented_10-Q_2025-05-22_0000006281-25-000125.xlsx,Cash Flow,"Six Months Ended May 3, 2025",Net cash used for financing activities,us-gaap:NetCashProvidedByUsedInFinancingActivities,reported,
cash_flow,us-gaap:CashCashEquivalentsRestrictedCashAndRestrictedCashEquivalentsPeriodIncreaseDecreaseIncludingExchangeRateEffect,Net decrease in cash and cash equivalents,6M25,384.893,ADI_SEC-XBRL-financials_as-presented_10-Q_2025-05-22_0000006281-25-000125.xlsx,Cash Flow,"Six Months Ended May 3, 2025",Net increase in cash and cash equivalents,us-gaap:CashCashEquivalentsRestrictedCashAndRestrictedCashEquivalentsPeriodIncreaseDecreaseIncludingExchangeRateEffect,reported,
cash_flow,us-gaap:CashCashEquivalentsRestrictedCashAndRestrictedCashEquivalents,Cash and cash equivalents at beginning of period,6M25,1991.342,ADI_SEC-XBRL-financials_as-presented_10-Q_2025-05-22_0000006281-25-000125.xlsx,Cash Flow,"Six Months Ended May 3, 2025",Cash and cash equivalents at beginning of period,us-gaap:CashCashEquivalentsRestrictedCashAndRestrictedCashEquivalents,reported,
income_statement,us-gaap:RevenueFromContractWithCustomerExcludingAssessedTax,Revenue,3Q25,2880.348,ADI_SEC-XBRL-financials_as-presented_10-Q_2025-08-20_0000006281-25-000144.xlsx,Income Statement,"Three Months Ended August 2, 2025",Revenue,us-gaap:RevenueFromContractWithCustomerExcludingAssessedTax,reported,
income_statement,us-gaap:RevenueFromContractWithCustomerExcludingAssessedTax,Revenue,9M25,7943.59,ADI_SEC-XBRL-financials_as-presented_10-Q_2025-08-20_0000006281-25-000144.xlsx,Income Statement,"Nine Months Ended August 2, 2025",Revenue,us-gaap:RevenueFromContractWithCustomerExcludingAssessedTax,reported,
income_statement,us-gaap:CostOfGoodsAndServicesSold,Cost of sales,3Q25,1090.6,ADI_SEC-XBRL-financials_as-presented_10-Q_2025-08-20_0000006281-25-000144.xlsx,Income Statement,"Three Months Ended August 2, 2025",Cost of sales,us-gaap:CostOfGoodsAndServicesSold,reported,
income_statement,us-gaap:CostOfGoodsAndServicesSold,Cost of sales,9M25,3111.929,ADI_SEC-XBRL-financials_as-presented_10-Q_2025-08-20_0000006281-25-000144.xlsx,Income Statement,"Nine Months Ended August 2, 2025",Cost of sales,us-gaap:CostOfGoodsAndServicesSold,reported,
income_statement,us-gaap:GrossProfit,Gross margin,3Q25,1789.748,ADI_SEC-XBRL-financials_as-presented_10-Q_2025-08-20_0000006281-25-000144.xlsx,Income Statement,"Three Months Ended August 2, 2025",Gross margin,us-gaap:GrossProfit,reported,
income_statement,us-gaap:GrossProfit,Gross margin,9M25,4831.661,ADI_SEC-XBRL-financials_as-presented_10-Q_2025-08-20_0000006281-25-000144.xlsx,Income Statement,"Nine Months Ended August 2, 2025",Gross margin,us-gaap:GrossProfit,reported,
income_statement,us-gaap:ResearchAndDevelopmentExpense,Research and development,3Q25,454.251,ADI_SEC-XBRL-financials_as-presented_10-Q_2025-08-20_0000006281-25-000144.xlsx,Income Statement,"Three Months Ended August 2, 2025",Research and development,us-gaap:ResearchAndDevelopmentExpense,reported,
income_statement,us-gaap:ResearchAndDevelopmentExpense,Research and development,9M25,1298.98,ADI_SEC-XBRL-financials_as-presented_10-Q_2025-08-20_0000006281-25-000144.xlsx,Income Statement,"Nine Months Ended August 2, 2025",Research and development,us-gaap:ResearchAndDevelopmentExpense,reported,
income_statement,us-gaap:SellingGeneralAndAdministrativeExpense,"Selling, marketing, general and administrative",3Q25,325.706,ADI_SEC-XBRL-financials_as-presented_10-Q_2025-08-20_0000006281-25-000144.xlsx,Income Statement,"Three Months Ended August 2, 2025","Selling, marketing, general and administrative",us-gaap:SellingGeneralAndAdministrativeExpense,reported,
income_statement,us-gaap:SellingGeneralAndAdministrativeExpense,"Selling, marketing, general and administrative",9M25,913.171,ADI_SEC-XBRL-financials_as-presented_10-Q_2025-08-20_0000006281-25-000144.xlsx,Income Statement,"Nine Months Ended August 2, 2025","Selling, marketing, general and administrative",us-gaap:SellingGeneralAndAdministrativeExpense,reported,
income_statement,adi:AmortizationofintangibleAssetsOperatingExpenses,Amortization of intangibles,3Q25,187.415,ADI_SEC-XBRL-financials_as-presented_10-Q_2025-08-20_0000006281-25-000144.xlsx,Income Statement,"Three Months Ended August 2, 2025",Amortization of intangibles,adi:OperatingExpensesAmortizationOfIntangibles,reported,
income_statement,adi:AmortizationofintangibleAssetsOperatingExpenses,Amortization of intangibles,9M25,562.245,ADI_SEC-XBRL-financials_as-presented_10-Q_2025-08-20_0000006281-25-000144.xlsx,Income Statement,"Nine Months Ended August 2, 2025",Amortization of intangibles,adi:OperatingExpensesAmortizationOfIntangibles,reported,
income_statement,us-gaap:RestructuringCharges,Special charges,3Q25,4.348,ADI_SEC-XBRL-financials_as-presented_10-Q_2025-08-20_0000006281-25-000144.xlsx,Income Statement,"Three Months Ended August 2, 2025","Special charges, net",us-gaap:RestructuringSettlementAndImpairmentProvisions,reported,
income_statement,us-gaap:RestructuringCharges,Special charges,9M25,69.98,ADI_SEC-XBRL-financials_as-presented_10-Q_2025-08-20_0000006281-25-000144.xlsx,Income Statement,"Nine Months Ended August 2, 2025","Special charges, net",us-gaap:RestructuringSettlementAndImpairmentProvisions,reported,
income_statement,us-gaap:OperatingExpenses,operating expenses operating expenses operating expenses operating expenses,3Q25,971.72,ADI_SEC-XBRL-financials_as-presented_10-Q_2025-08-20_0000006281-25-000144.xlsx,Income Statement,"Three Months Ended August 2, 2025",Total operating expenses,us-gaap:OperatingExpenses,reported,
income_statement,us-gaap:OperatingExpenses,operating expenses operating expenses operating expenses operating expenses,9M25,2844.376,ADI_SEC-XBRL-financials_as-presented_10-Q_2025-08-20_0000006281-25-000144.xlsx,Income Statement,"Nine Months Ended August 2, 2025",Total operating expenses,us-gaap:OperatingExpenses,reported,
income_statement,us-gaap:OperatingIncomeLoss,Operating income,3Q25,818.028,ADI_SEC-XBRL-financials_as-presented_10-Q_2025-08-20_0000006281-25-000144.xlsx,Income Statement,"Three Months Ended August 2, 2025",Operating income:,us-gaap:OperatingIncomeLoss,reported,
income_statement,us-gaap:OperatingIncomeLoss,Operating income,9M25,1987.285,ADI_SEC-XBRL-financials_as-presented_10-Q_2025-08-20_0000006281-25-000144.xlsx,Income Statement,"Nine Months Ended August 2, 2025",Operating income:,us-gaap:OperatingIncomeLoss,reported,
income_statement,us-gaap:InterestExpense,Interest expense,3Q25,79.592,ADI_SEC-XBRL-financials_as-presented_10-Q_2025-08-20_0000006281-25-000144.xlsx,Income Statement,"Three Months Ended August 2, 2025",Interest expense,us-gaap:InterestExpenseNonoperating,reported,
income_statement,us-gaap:InterestExpense,Interest expense,9M25,229.559,ADI_SEC-XBRL-financials_as-presented_10-Q_2025-08-20_0000006281-25-000144.xlsx,Income Statement,"Nine Months Ended August 2, 2025",Interest expense,us-gaap:InterestExpenseNonoperating,reported,
income_statement,us-gaap:InvestmentIncomeInterest,Interest income,3Q25,-27.083,ADI_SEC-XBRL-financials_as-presented_10-Q_2025-08-20_0000006281-25-000144.xlsx,Income Statement,"Three Months Ended August 2, 2025",Interest income,us-gaap:InvestmentIncomeInterest,reported,
income_statement,us-gaap:InvestmentIncomeInterest,Interest income,9M25,-72.295,ADI_SEC-XBRL-financials_as-presented_10-Q_2025-08-20_0000006281-25-000144.xlsx,Income Statement,"Nine Months Ended August 2, 2025",Interest income,us-gaap:InvestmentIncomeInterest,reported,
income_statement,us-gaap:OtherNonoperatingIncomeExpense,"Other, net",3Q25,2.11,ADI_SEC-XBRL-financials_as-presented_10-Q_2025-08-20_0000006281-25-000144.xlsx,Income Statement,"Three Months Ended August 2, 2025","Other, net",us-gaap:OtherNonoperatingIncomeExpense,reported,
income_statement,us-gaap:OtherNonoperatingIncomeExpense,"Other, net",9M25,5.108,ADI_SEC-XBRL-financials_as-presented_10-Q_2025-08-20_0000006281-25-000144.xlsx,Income Statement,"Nine Months Ended August 2, 2025","Other, net",us-gaap:OtherNonoperatingIncomeExpense,reported,
income_statement,us-gaap:NonoperatingIncomeExpense,nonoperating income expense nonoperating income expense nonoperating income expense nonoperating income expense,3Q25,54.619,ADI_SEC-XBRL-financials_as-presented_10-Q_2025-08-20_0000006281-25-000144.xlsx,Income Statement,"Three Months Ended August 2, 2025",Total nonoperating expense (income),us-gaap:NonoperatingIncomeExpense,reported,
income_statement,us-gaap:NonoperatingIncomeExpense,nonoperating income expense nonoperating income expense nonoperating income expense nonoperating income expense,9M25,162.372,ADI_SEC-XBRL-financials_as-presented_10-Q_2025-08-20_0000006281-25-000144.xlsx,Income Statement,"Nine Months Ended August 2, 2025",Total nonoperating expense (income),us-gaap:NonoperatingIncomeExpense,reported,
income_statement,us-gaap:IncomeLossFromContinuingOperationsBeforeIncomeTaxesMinorityInterestAndIncomeLossFromEquityMethodInvestments,Income before income taxes,3Q25,763.409,ADI_SEC-XBRL-financials_as-presented_10-Q_2025-08-20_0000006281-25-000144.xlsx,Income Statement,"Three Months Ended August 2, 2025",Income before income taxes,us-gaap:IncomeLossFromContinuingOperationsBeforeIncomeTaxesExtraordinaryItemsNoncontrollingInterest,reported,
income_statement,us-gaap:IncomeLossFromContinuingOperationsBeforeIncomeTaxesMinorityInterestAndIncomeLossFromEquityMethodInvestments,Income before income taxes,9M25,1824.913,ADI_SEC-XBRL-financials_as-presented_10-Q_2025-08-20_0000006281-25-000144.xlsx,Income Statement,"Nine Months Ended August 2, 2025",Income before income taxes,us-gaap:IncomeLossFromContinuingOperationsBeforeIncomeTaxesExtraordinaryItemsNoncontrollingInterest,reported,
income_statement,us-gaap:IncomeTaxExpenseBenefit,Provision for income taxes,3Q25,244.891,ADI_SEC-XBRL-financials_as-presented_10-Q_2025-08-20_0000006281-25-000144.xlsx,Income Statement,"Three Months Ended August 2, 2025",Provision for income taxes,us-gaap:IncomeTaxExpenseBenefit,reported,
income_statement,us-gaap:IncomeTaxExpenseBenefit,Provision for income taxes,9M25,345.309,ADI_SEC-XBRL-financials_as-presented_10-Q_2025-08-20_0000006281-25-000144.xlsx,Income Statement,"Nine Months Ended August 2, 2025",Provision for income taxes,us-gaap:IncomeTaxExpenseBenefit,reported,
income_statement,us-gaap:NetIncomeLoss,Net income,3Q25,518.518,ADI_SEC-XBRL-financials_as-presented_10-Q_2025-08-20_0000006281-25-000144.xlsx,Income Statement,"Three Months Ended August 2, 2025",Net income,us-gaap:NetIncomeLoss,reported,
income_statement,us-gaap:NetIncomeLoss,Net income,9M25,1479.604,ADI_SEC-XBRL-financials_as-presented_10-Q_2025-08-20_0000006281-25-000144.xlsx,Income Statement,"Nine Months Ended August 2, 2025",Net income,us-gaap:NetIncomeLoss,reported,
income_statement,us-gaap:WeightedAverageNumberOfSharesOutstandingBasic,Shares used to compute earnings per common share – basic,3Q25,494.39,ADI_SEC-XBRL-financials_as-presented_10-Q_2025-08-20_0000006281-25-000144.xlsx,Income Statement,"Three Months Ended August 2, 2025",Shares used to compute earnings per common share – basic,us-gaap:WeightedAverageNumberOfSharesOutstandingBasic,reported,
income_statement,us-gaap:WeightedAverageNumberOfSharesOutstandingBasic,Shares used to compute earnings per common share – basic,9M25,495.56,ADI_SEC-XBRL-financials_as-presented_10-Q_2025-08-20_0000006281-25-000144.xlsx,Income Statement,"Nine Months Ended August 2, 2025",Shares used to compute earnings per common share – basic,us-gaap:WeightedAverageNumberOfSharesOutstandingBasic,reported,
income_statement,us-gaap:WeightedAverageNumberOfDilutedSharesOutstanding,Shares used to compute earnings per common share – diluted,3Q25,496.726,ADI_SEC-XBRL-financials_as-presented_10-Q_2025-08-20_0000006281-25-000144.xlsx,Income Statement,"Three Months Ended August 2, 2025",Shares used to compute earnings per common share – diluted,us-gaap:WeightedAverageNumberOfDilutedSharesOutstanding,reported,
income_statement,us-gaap:WeightedAverageNumberOfDilutedSharesOutstanding,Shares used to compute earnings per common share – diluted,9M25,497.865,ADI_SEC-XBRL-financials_as-presented_10-Q_2025-08-20_0000006281-25-000144.xlsx,Income Statement,"Nine Months Ended August 2, 2025",Shares used to compute earnings per common share – diluted,us-gaap:WeightedAverageNumberOfDilutedSharesOutstanding,reported,
income_statement,us-gaap:IncomeLossFromContinuingOperationsPerBasicShare,Basic earnings per common share,3Q25,1.05,ADI_SEC-XBRL-financials_as-presented_10-Q_2025-08-20_0000006281-25-000144.xlsx,Income Statement,"Three Months Ended August 2, 2025",Basic earnings per common share,us-gaap:EarningsPerShareBasic,reported,
income_statement,us-gaap:IncomeLossFromContinuingOperationsPerBasicShare,Basic earnings per common share,9M25,2.99,ADI_SEC-XBRL-financials_as-presented_10-Q_2025-08-20_0000006281-25-000144.xlsx,Income Statement,"Nine Months Ended August 2, 2025",Basic earnings per common share,us-gaap:EarningsPerShareBasic,reported,
income_statement,us-gaap:IncomeLossFromContinuingOperationsPerDilutedShare,Diluted earnings per common share,3Q25,1.04,ADI_SEC-XBRL-financials_as-presented_10-Q_2025-08-20_0000006281-25-000144.xlsx,Income Statement,"Three Months Ended August 2, 2025",Diluted earnings per common share,us-gaap:EarningsPerShareDiluted,reported,
income_statement,us-gaap:IncomeLossFromContinuingOperationsPerDilutedShare,Diluted earnings per common share,9M25,2.97,ADI_SEC-XBRL-financials_as-presented_10-Q_2025-08-20_0000006281-25-000144.xlsx,Income Statement,"Nine Months Ended August 2, 2025",Diluted earnings per common share,us-gaap:EarningsPerShareDiluted,reported,
balance_sheet,us-gaap:CashAndCashEquivalentsAtCarryingValue,Cash and cash equivalents,3Q25,2321.191,ADI_SEC-XBRL-financials_as-presented_10-Q_2025-08-20_0000006281-25-000144.xlsx,Balance Sheet,"August 2, 2025",Cash and cash equivalents,us-gaap:CashAndCashEquivalentsAtCarryingValue,reported,
balance_sheet,us-gaap:AvailableForSaleSecuritiesDebtSecuritiesCurrent,Corporate obligations (1),3Q25,1148.096,ADI_SEC-XBRL-financials_as-presented_10-Q_2025-08-20_0000006281-25-000144.xlsx,Balance Sheet,"August 2, 2025",Short-term investments,us-gaap:AvailableForSaleSecuritiesDebtSecuritiesCurrent,reported,
balance_sheet,us-gaap:AccountsReceivableNetCurrent,Accounts receivable,3Q25,1553.259,ADI_SEC-XBRL-financials_as-presented_10-Q_2025-08-20_0000006281-25-000144.xlsx,Balance Sheet,"August 2, 2025",Accounts receivable,us-gaap:AccountsReceivableNetCurrent,reported,
balance_sheet,us-gaap:InventoryNet,Inventories (2),3Q25,1596.853,ADI_SEC-XBRL-financials_as-presented_10-Q_2025-08-20_0000006281-25-000144.xlsx,Balance Sheet,"August 2, 2025",Inventories,us-gaap:InventoryNet,reported,
balance_sheet,us-gaap:PrepaidExpenseAndOtherAssetsCurrent,Prepaid expenses and other current assets,3Q25,305.17,ADI_SEC-XBRL-financials_as-presented_10-Q_2025-08-20_0000006281-25-000144.xlsx,Balance Sheet,"August 2, 2025",Prepaid expenses and other current assets,us-gaap:PrepaidExpenseAndOtherAssetsCurrent,reported,
balance_sheet,us-gaap:AssetsCurrent,Total current assets,3Q25,6924.569,ADI_SEC-XBRL-financials_as-presented_10-Q_2025-08-20_0000006281-25-000144.xlsx,Balance Sheet,"August 2, 2025",Total current assets,us-gaap:AssetsCurrent,reported,
balance_sheet,us-gaap:PropertyPlantAndEquipmentNet,"Net property, plant and equipment",3Q25,3299.278,ADI_SEC-XBRL-financials_as-presented_10-Q_2025-08-20_0000006281-25-000144.xlsx,Balance Sheet,"August 2, 2025","Net property, plant and equipment",us-gaap:PropertyPlantAndEquipmentNet,reported,
balance_sheet,us-gaap:Goodwill,Goodwill,3Q25,26945.18,ADI_SEC-XBRL-financials_as-presented_10-Q_2025-08-20_0000006281-25-000144.xlsx,Balance Sheet,"August 2, 2025",Goodwill,us-gaap:Goodwill,reported,
balance_sheet,us-gaap:IntangibleAssetsNetExcludingGoodwill,"Intangible assets, net",3Q25,8402.63,ADI_SEC-XBRL-financials_as-presented_10-Q_2025-08-20_0000006281-25-000144.xlsx,Balance Sheet,"August 2, 2025","Intangible assets, net",us-gaap:IntangibleAssetsNetExcludingGoodwill,reported,
balance_sheet,us-gaap:DeferredIncomeTaxAssetsNet,Deferred tax assets,3Q25,1925.442,ADI_SEC-XBRL-financials_as-presented_10-Q_2025-08-20_0000006281-25-000144.xlsx,Balance Sheet,"August 2, 2025",Deferred tax assets,us-gaap:DeferredIncomeTaxAssetsNet,reported,
balance_sheet,us-gaap:OtherAssetsNoncurrent,Other assets,3Q25,695.502,ADI_SEC-XBRL-financials_as-presented_10-Q_2025-08-20_0000006281-25-000144.xlsx,Balance Sheet,"August 2, 2025",Other assets,us-gaap:OtherAssetsNoncurrent,reported,
balance_sheet,us-gaap:AssetsNoncurrent,Total other assets,3Q25,41268.032,ADI_SEC-XBRL-financials_as-presented_10-Q_2025-08-20_0000006281-25-000144.xlsx,Balance Sheet,"August 2, 2025",Total non-current assets,us-gaap:AssetsNoncurrent,reported,
balance_sheet,us-gaap:Assets,assets assets,3Q25,48192.601,ADI_SEC-XBRL-financials_as-presented_10-Q_2025-08-20_0000006281-25-000144.xlsx,Balance Sheet,"August 2, 2025",TOTAL ASSETS,us-gaap:Assets,reported,
balance_sheet,us-gaap:AccountsPayableCurrent,Accounts payable,3Q25,490.723,ADI_SEC-XBRL-financials_as-presented_10-Q_2025-08-20_0000006281-25-000144.xlsx,Balance Sheet,"August 2, 2025",Accounts payable,us-gaap:AccountsPayableCurrent,reported,
balance_sheet,us-gaap:AccruedIncomeTaxesCurrent,Income taxes payable,3Q25,475.033,ADI_SEC-XBRL-financials_as-presented_10-Q_2025-08-20_0000006281-25-000144.xlsx,Balance Sheet,"August 2, 2025",Income taxes payable,us-gaap:AccruedIncomeTaxesCurrent,reported,
balance_sheet,us-gaap:CommercialPaper,Commercial paper notes,3Q25,548.665,ADI_SEC-XBRL-financials_as-presented_10-Q_2025-08-20_0000006281-25-000144.xlsx,Balance Sheet,"August 2, 2025",Commercial paper notes,us-gaap:CommercialPaper,reported,
balance_sheet,us-gaap:AccruedLiabilitiesCurrent,Accrued liabilities,3Q25,1464.617,ADI_SEC-XBRL-financials_as-presented_10-Q_2025-08-20_0000006281-25-000144.xlsx,Balance Sheet,"August 2, 2025",Accrued liabilities,us-gaap:AccruedLiabilitiesCurrent,reported,
balance_sheet,us-gaap:LiabilitiesCurrent,Total current liabilities,3Q25,2979.038,ADI_SEC-XBRL-financials_as-presented_10-Q_2025-08-20_0000006281-25-000144.xlsx,Balance Sheet,"August 2, 2025",Total current liabilities,us-gaap:LiabilitiesCurrent,reported,
balance_sheet,us-gaap:LongTermDebtNoncurrent,Long-term debt,3Q25,8139.938,ADI_SEC-XBRL-financials_as-presented_10-Q_2025-08-20_0000006281-25-000144.xlsx,Balance Sheet,"August 2, 2025",Long-term debt,us-gaap:LongTermDebtNoncurrent,reported,
balance_sheet,us-gaap:DeferredIncomeTaxLiabilitiesNet,Deferred income taxes,3Q25,2371.536,ADI_SEC-XBRL-financials_as-presented_10-Q_2025-08-20_0000006281-25-000144.xlsx,Balance Sheet,"August 2, 2025",Deferred income taxes,us-gaap:DeferredIncomeTaxLiabilitiesNet,reported,
balance_sheet,us-gaap:AccruedIncomeTaxesNoncurrent,Income taxes payable,3Q25,99.88,ADI_SEC-XBRL-financials_as-presented_10-Q_2025-08-20_0000006281-25-000144.xlsx,Balance Sheet,"August 2, 2025",Income taxes payable,us-gaap:AccruedIncomeTaxesNoncurrent,reported,
balance_sheet,us-gaap:OtherLiabilitiesNoncurrent,Other non-current liabilities,3Q25,516.367,ADI_SEC-XBRL-financials_as-presented_10-Q_2025-08-20_0000006281-25-000144.xlsx,Balance Sheet,"August 2, 2025",Other non-current liabilities,us-gaap:OtherLiabilitiesNoncurrent,reported,
balance_sheet,us-gaap:LiabilitiesNoncurrent,Total non-current liabilities,3Q25,11127.721,ADI_SEC-XBRL-financials_as-presented_10-Q_2025-08-20_0000006281-25-000144.xlsx,Balance Sheet,"August 2, 2025",Total non-current liabilities,us-gaap:LiabilitiesNoncurrent,reported,
balance_sheet,us-gaap:CommonStockParOrStatedValuePerShare,"Common stock, 0.16 2/3 par value, 1,200,000,000 shares authorized, 368,220,091 shares outstanding (368,302,369 on November 2, 2019)",3Q25,81.994,ADI_SEC-XBRL-financials_as-presented_10-Q_2025-08-20_0000006281-25-000144.xlsx,Balance Sheet,"August 2, 2025","Common stock, $0.16 2/3 par value, 1,200,000,000 shares authorized, 491,955,436 shares outstanding (496,296,854 on November 2, 2024)",us-gaap:CommonStockParOrStatedValuePerShare,reported,
balance_sheet,us-gaap:AdditionalPaidInCapitalCommonStock,Capital in excess of par value,3Q25,23938.238,ADI_SEC-XBRL-financials_as-presented_10-Q_2025-08-20_0000006281-25-000144.xlsx,Balance Sheet,"August 2, 2025",Capital in excess of par value,us-gaap:AdditionalPaidInCapitalCommonStock,reported,
balance_sheet,us-gaap:RetainedEarningsAccumulatedDeficit,Retained earnings,3Q25,10238.695,ADI_SEC-XBRL-financials_as-presented_10-Q_2025-08-20_0000006281-25-000144.xlsx,Balance Sheet,"August 2, 2025",Retained earnings,us-gaap:RetainedEarningsAccumulatedDeficit,reported,
balance_sheet,us-gaap:AccumulatedOtherComprehensiveIncomeLossNetOfTax,Accumulated other comprehensive loss,3Q25,-173.085,ADI_SEC-XBRL-financials_as-presented_10-Q_2025-08-20_0000006281-25-000144.xlsx,Balance Sheet,"August 2, 2025",Accumulated other comprehensive loss,us-gaap:AccumulatedOtherComprehensiveIncomeLossNetOfTax,reported,
balance_sheet,us-gaap:StockholdersEquity,Total shareholders’ equity,3Q25,34085.842,ADI_SEC-XBRL-financials_as-presented_10-Q_2025-08-20_0000006281-25-000144.xlsx,Balance Sheet,"August 2, 2025",Total shareholders’ equity,us-gaap:StockholdersEquity,reported,
balance_sheet,us-gaap:LiabilitiesAndStockholdersEquity,liabilities and stockholders equity liabilities and stockholders equity,3Q25,48192.601,ADI_SEC-XBRL-financials_as-presented_10-Q_2025-08-20_0000006281-25-000144.xlsx,Balance Sheet,"August 2, 2025",TOTAL LIABILITIES AND SHAREHOLDERS’ EQUITY,us-gaap:LiabilitiesAndStockholdersEquity,reported,
cash_flow,us-gaap:NetIncomeLoss,Net income,9M25,1479.604,ADI_SEC-XBRL-financials_as-presented_10-Q_2025-08-20_0000006281-25-000144.xlsx,Cash Flow,"Nine Months Ended August 2, 2025",Net income,us-gaap:NetIncomeLoss,reported,
cash_flow,us-gaap:Depreciation,Depreciation,9M25,301.323,ADI_SEC-XBRL-financials_as-presented_10-Q_2025-08-20_0000006281-25-000144.xlsx,Cash Flow,"Nine Months Ended August 2, 2025",Depreciation,us-gaap:Depreciation,reported,
cash_flow,us-gaap:AmortizationOfIntangibleAssets,Amortization of intangibles,9M25,1202.179,ADI_SEC-XBRL-financials_as-presented_10-Q_2025-08-20_0000006281-25-000144.xlsx,Cash Flow,"Nine Months Ended August 2, 2025",Amortization of intangibles,us-gaap:AmortizationOfIntangibleAssets,reported,
cash_flow,us-gaap:ShareBasedCompensation,Stock-based compensation expense,9M25,235.108,ADI_SEC-XBRL-financials_as-presented_10-Q_2025-08-20_0000006281-25-000144.xlsx,Cash Flow,"Nine Months Ended August 2, 2025",Stock-based compensation expense,us-gaap:ShareBasedCompensation,reported,
cash_flow,us-gaap:DeferredIncomeTaxExpenseBenefit,Deferred income taxes,9M25,-97.318,ADI_SEC-XBRL-financials_as-presented_10-Q_2025-08-20_0000006281-25-000144.xlsx,Cash Flow,"Nine Months Ended August 2, 2025",Deferred income taxes,us-gaap:DeferredIncomeTaxExpenseBenefit,reported,
cash_flow,us-gaap:OtherNoncashIncomeExpense,Other non-cash activity,9M25,-1.496,ADI_SEC-XBRL-financials_as-presented_10-Q_2025-08-20_0000006281-25-000144.xlsx,Cash Flow,"Nine Months Ended August 2, 2025",Other,us-gaap:OtherNoncashIncomeExpense,reported,
cash_flow,us-gaap:IncreaseDecreaseInOperatingCapital,Changes in operating assets and liabilities,9M25,-8.008,ADI_SEC-XBRL-financials_as-presented_10-Q_2025-08-20_0000006281-25-000144.xlsx,Cash Flow,"Nine Months Ended August 2, 2025",Changes in operating assets and liabilities,us-gaap:IncreaseDecreaseInOperatingCapital,reported,
cash_flow,us-gaap:AdjustmentsToReconcileNetIncomeLossToCashProvidedByUsedInOperatingActivities,Total adjustments,9M25,1631.788,ADI_SEC-XBRL-financials_as-presented_10-Q_2025-08-20_0000006281-25-000144.xlsx,Cash Flow,"Nine Months Ended August 2, 2025",Total adjustments,us-gaap:AdjustmentsToReconcileNetIncomeLossToCashProvidedByUsedInOperatingActivities,reported,
cash_flow,us-gaap:NetCashProvidedByUsedInOperatingActivities,Net cash provided by operating activities,9M25,3111.392,ADI_SEC-XBRL-financials_as-presented_10-Q_2025-08-20_0000006281-25-000144.xlsx,Cash Flow,"Nine Months Ended August 2, 2025",Net cash provided by operating activities,us-gaap:NetCashProvidedByUsedInOperatingActivities,reported,
cash_flow,us-gaap:PaymentsForProceedsFromAvailableforsaleSecuritiesShortterm,Purchases of short-term available-for-sale investments,9M25,-1150.24,ADI_SEC-XBRL-financials_as-presented_10-Q_2025-08-20_0000006281-25-000144.xlsx,Cash Flow,"Nine Months Ended August 2, 2025",Purchases of short-term available-for-sale investments,us-gaap:PaymentsForProceedsFromAvailableforsaleSecuritiesShortterm,reported,
cash_flow,us-gaap:ProceedsFromMaturitiesPrepaymentsAndCallsOfAvailableForSaleSecurities,Maturities of short-term available-for-sale investments,9M25,372.778,ADI_SEC-XBRL-financials_as-presented_10-Q_2025-08-20_0000006281-25-000144.xlsx,Cash Flow,"Nine Months Ended August 2, 2025",Maturities of short-term available-for-sale investments,us-gaap:ProceedsFromMaturitiesPrepaymentsAndCallsOfAvailableForSaleSecurities,reported,
cash_flow,us-gaap:PaymentsToAcquirePropertyPlantAndEquipment,"Additions to property, plant and equipment",9M25,-318.399,ADI_SEC-XBRL-financials_as-presented_10-Q_2025-08-20_0000006281-25-000144.xlsx,Cash Flow,"Nine Months Ended August 2, 2025","Additions to property, plant and equipment",us-gaap:PaymentsToAcquirePropertyPlantAndEquipment,reported,
cash_flow,us-gaap:ProceedsFromSaleOfPropertyPlantAndEquipment,"Proceeds from sale of property, plant and equipment",9M25,58.892,ADI_SEC-XBRL-financials_as-presented_10-Q_2025-08-20_0000006281-25-000144.xlsx,Cash Flow,"Nine Months Ended August 2, 2025","Proceeds from sale of property, plant and equipment, net",us-gaap:ProceedsFromSaleOfPropertyPlantAndEquipment,reported,
cash_flow,us-gaap:PaymentsToAcquireBusinessesNetOfCashAcquired,"Payments for acquisitions, net of cash acquired",9M25,-45.652,ADI_SEC-XBRL-financials_as-presented_10-Q_2025-08-20_0000006281-25-000144.xlsx,Cash Flow,"Nine Months Ended August 2, 2025","Payments for acquisitions, net of cash acquired",us-gaap:PaymentsToAcquireBusinessesNetOfCashAcquired,reported,
cash_flow,us-gaap:PaymentsForProceedsFromOtherInvestingActivities,Changes in other assets,9M25,-13.595,ADI_SEC-XBRL-financials_as-presented_10-Q_2025-08-20_0000006281-25-000144.xlsx,Cash Flow,"Nine Months Ended August 2, 2025",Other,us-gaap:PaymentsForProceedsFromOtherInvestingActivities,reported,
cash_flow,us-gaap:NetCashProvidedByUsedInInvestingActivities,Net cash used for investing activities,9M25,-1096.216,ADI_SEC-XBRL-financials_as-presented_10-Q_2025-08-20_0000006281-25-000144.xlsx,Cash Flow,"Nine Months Ended August 2, 2025",Net cash used for investing activities,us-gaap:NetCashProvidedByUsedInInvestingActivities,reported,
cash_flow,us-gaap:ProceedsFromIssuanceOfDebt,Proceeds from debt,9M25,1490.785,ADI_SEC-XBRL-financials_as-presented_10-Q_2025-08-20_0000006281-25-000144.xlsx,Cash Flow,"Nine Months Ended August 2, 2025",Proceeds from debt,us-gaap:ProceedsFromIssuanceOfDebt,reported,
cash_flow,us-gaap:RepaymentsOfDebt,Debt repayments,9M25,-399.998,ADI_SEC-XBRL-financials_as-presented_10-Q_2025-08-20_0000006281-25-000144.xlsx,Cash Flow,"Nine Months Ended August 2, 2025",Debt repayments,us-gaap:RepaymentsOfDebt,reported,
cash_flow,us-gaap:ProceedsFromIssuanceOfCommercialPaper,Proceeds from commercial paper notes,9M25,6867.508,ADI_SEC-XBRL-financials_as-presented_10-Q_2025-08-20_0000006281-25-000144.xlsx,Cash Flow,"Nine Months Ended August 2, 2025",Proceeds from commercial paper notes,us-gaap:ProceedsFromIssuanceOfCommercialPaper,reported,
cash_flow,adi:PaymentsOfCommercialPaper,Payments of commercial paper notes,9M25,-6866.581,ADI_SEC-XBRL-financials_as-presented_10-Q_2025-08-20_0000006281-25-000144.xlsx,Cash Flow,"Nine Months Ended August 2, 2025",Payments of commercial paper notes,adi:PaymentsOfCommercialPaper,reported,
cash_flow,us-gaap:PaymentsForRepurchaseOfCommonStock,Repurchase of common stock,9M25,-1484.166,ADI_SEC-XBRL-financials_as-presented_10-Q_2025-08-20_0000006281-25-000144.xlsx,Cash Flow,"Nine Months Ended August 2, 2025",Repurchase of common stock,us-gaap:PaymentsForRepurchaseOfCommonStock,reported,
cash_flow,us-gaap:PaymentsOfDividendsCommonStock,Dividend payments to shareholders,9M25,-1437.521,ADI_SEC-XBRL-financials_as-presented_10-Q_2025-08-20_0000006281-25-000144.xlsx,Cash Flow,"Nine Months Ended August 2, 2025",Dividend payments to shareholders,us-gaap:PaymentsOfDividendsCommonStock,reported,
cash_flow,us-gaap:ProceedsFromStockPlans,Proceeds from employee stock plans,9M25,104.329,ADI_SEC-XBRL-financials_as-presented_10-Q_2025-08-20_0000006281-25-000144.xlsx,Cash Flow,"Nine Months Ended August 2, 2025",Proceeds from employee stock plans,us-gaap:ProceedsFromStockPlans,reported,
cash_flow,us-gaap:ProceedsFromPaymentsForOtherFinancingActivities,Changes in other financing activities,9M25,40.317,ADI_SEC-XBRL-financials_as-presented_10-Q_2025-08-20_0000006281-25-000144.xlsx,Cash Flow,"Nine Months Ended August 2, 2025",Other,us-gaap:ProceedsFromPaymentsForOtherFinancingActivities,reported,
cash_flow,us-gaap:NetCashProvidedByUsedInFinancingActivities,Net cash used for financing activities,9M25,-1685.327,ADI_SEC-XBRL-financials_as-presented_10-Q_2025-08-20_0000006281-25-000144.xlsx,Cash Flow,"Nine Months Ended August 2, 2025",Net cash used for financing activities,us-gaap:NetCashProvidedByUsedInFinancingActivities,reported,
cash_flow,us-gaap:CashCashEquivalentsRestrictedCashAndRestrictedCashEquivalentsPeriodIncreaseDecreaseIncludingExchangeRateEffect,Net decrease in cash and cash equivalents,9M25,329.849,ADI_SEC-XBRL-financials_as-presented_10-Q_2025-08-20_0000006281-25-000144.xlsx,Cash Flow,"Nine Months Ended August 2, 2025",Net increase in cash and cash equivalents,us-gaap:CashCashEquivalentsRestrictedCashAndRestrictedCashEquivalentsPeriodIncreaseDecreaseIncludingExchangeRateEffect,reported,
cash_flow,us-gaap:CashCashEquivalentsRestrictedCashAndRestrictedCashEquivalents,Cash and cash equivalents at beginning of period,9M25,1991.342,ADI_SEC-XBRL-financials_as-presented_10-Q_2025-08-20_0000006281-25-000144.xlsx,Cash Flow,"Nine Months Ended August 2, 2025",Cash and cash equivalents at beginning of period,us-gaap:CashCashEquivalentsRestrictedCashAndRestrictedCashEquivalents,reported,
income_statement,us-gaap:RevenueFromContractWithCustomerExcludingAssessedTax,Revenue,1Q26,3160.263,ADI_SEC-XBRL-financials_as-presented_10-Q_2026-02-18_0000006281-26-000016.xlsx,Income Statement,"Three Months Ended January 31, 2026",Revenue,us-gaap:RevenueFromContractWithCustomerExcludingAssessedTax,reported,
income_statement,us-gaap:CostOfGoodsAndServicesSold,Cost of sales,1Q26,1115.287,ADI_SEC-XBRL-financials_as-presented_10-Q_2026-02-18_0000006281-26-000016.xlsx,Income Statement,"Three Months Ended January 31, 2026",Cost of sales,us-gaap:CostOfGoodsAndServicesSold,reported,
income_statement,us-gaap:GrossProfit,Gross margin,1Q26,2044.976,ADI_SEC-XBRL-financials_as-presented_10-Q_2026-02-18_0000006281-26-000016.xlsx,Income Statement,"Three Months Ended January 31, 2026",Gross margin,us-gaap:GrossProfit,reported,
income_statement,us-gaap:ResearchAndDevelopmentExpense,Research and development,1Q26,467.4,ADI_SEC-XBRL-financials_as-presented_10-Q_2026-02-18_0000006281-26-000016.xlsx,Income Statement,"Three Months Ended January 31, 2026",Research and development,us-gaap:ResearchAndDevelopmentExpense,reported,
income_statement,us-gaap:SellingGeneralAndAdministrativeExpense,"Selling, marketing, general and administrative",1Q26,345.253,ADI_SEC-XBRL-financials_as-presented_10-Q_2026-02-18_0000006281-26-000016.xlsx,Income Statement,"Three Months Ended January 31, 2026","Selling, marketing, general and administrative",us-gaap:SellingGeneralAndAdministrativeExpense,reported,
income_statement,adi:AmortizationofintangibleAssetsOperatingExpenses,Amortization of intangibles,1Q26,187.315,ADI_SEC-XBRL-financials_as-presented_10-Q_2026-02-18_0000006281-26-000016.xlsx,Income Statement,"Three Months Ended January 31, 2026",Amortization of intangibles,adi:OperatingExpensesAmortizationOfIntangibles,reported,
income_statement,us-gaap:RestructuringCharges,Special charges,1Q26,47.982,ADI_SEC-XBRL-financials_as-presented_10-Q_2026-02-18_0000006281-26-000016.xlsx,Income Statement,"Three Months Ended January 31, 2026","Special charges, net",us-gaap:RestructuringSettlementAndImpairmentProvisions,reported,
income_statement,us-gaap:OperatingExpenses,operating expenses operating expenses operating expenses operating expenses,1Q26,1047.95,ADI_SEC-XBRL-financials_as-presented_10-Q_2026-02-18_0000006281-26-000016.xlsx,Income Statement,"Three Months Ended January 31, 2026",Total operating expenses,us-gaap:OperatingExpenses,reported,
income_statement,us-gaap:OperatingIncomeLoss,Operating income,1Q26,997.026,ADI_SEC-XBRL-financials_as-presented_10-Q_2026-02-18_0000006281-26-000016.xlsx,Income Statement,"Three Months Ended January 31, 2026",Operating income:,us-gaap:OperatingIncomeLoss,reported,
income_statement,us-gaap:InterestExpense,Interest expense,1Q26,86.345,ADI_SEC-XBRL-financials_as-presented_10-Q_2026-02-18_0000006281-26-000016.xlsx,Income Statement,"Three Months Ended January 31, 2026",Interest expense,us-gaap:InterestExpenseNonoperating,reported,
income_statement,us-gaap:InvestmentIncomeInterest,Interest income,1Q26,-32.257,ADI_SEC-XBRL-financials_as-presented_10-Q_2026-02-18_0000006281-26-000016.xlsx,Income Statement,"Three Months Ended January 31, 2026",Interest income,us-gaap:InvestmentIncomeInterest,reported,
income_statement,us-gaap:OtherNonoperatingIncomeExpense,"Other, net",1Q26,-2.933,ADI_SEC-XBRL-financials_as-presented_10-Q_2026-02-18_0000006281-26-000016.xlsx,Income Statement,"Three Months Ended January 31, 2026","Other, net",us-gaap:OtherNonoperatingIncomeExpense,reported,
income_statement,us-gaap:NonoperatingIncomeExpense,nonoperating income expense nonoperating income expense nonoperating income expense nonoperating income expense,1Q26,51.155,ADI_SEC-XBRL-financials_as-presented_10-Q_2026-02-18_0000006281-26-000016.xlsx,Income Statement,"Three Months Ended January 31, 2026",Total nonoperating expense (income),us-gaap:NonoperatingIncomeExpense,reported,
income_statement,us-gaap:IncomeLossFromContinuingOperationsBeforeIncomeTaxesMinorityInterestAndIncomeLossFromEquityMethodInvestments,Income before income taxes,1Q26,945.871,ADI_SEC-XBRL-financials_as-presented_10-Q_2026-02-18_0000006281-26-000016.xlsx,Income Statement,"Three Months Ended January 31, 2026",Income before income taxes,us-gaap:IncomeLossFromContinuingOperationsBeforeIncomeTaxesExtraordinaryItemsNoncontrollingInterest,reported,
income_statement,us-gaap:IncomeTaxExpenseBenefit,Provision for income taxes,1Q26,115.045,ADI_SEC-XBRL-financials_as-presented_10-Q_2026-02-18_0000006281-26-000016.xlsx,Income Statement,"Three Months Ended January 31, 2026",Provision for income taxes,us-gaap:IncomeTaxExpenseBenefit,reported,
income_statement,us-gaap:NetIncomeLoss,Net income,1Q26,830.826,ADI_SEC-XBRL-financials_as-presented_10-Q_2026-02-18_0000006281-26-000016.xlsx,Income Statement,"Three Months Ended January 31, 2026",Net income,us-gaap:NetIncomeLoss,reported,
income_statement,us-gaap:WeightedAverageNumberOfSharesOutstandingBasic,Shares used to compute earnings per common share – basic,1Q26,488.874,ADI_SEC-XBRL-financials_as-presented_10-Q_2026-02-18_0000006281-26-000016.xlsx,Income Statement,"Three Months Ended January 31, 2026",Shares used to compute earnings per common share – basic,us-gaap:WeightedAverageNumberOfSharesOutstandingBasic,reported,
income_statement,us-gaap:WeightedAverageNumberOfDilutedSharesOutstanding,Shares used to compute earnings per common share – diluted,1Q26,491.656,ADI_SEC-XBRL-financials_as-presented_10-Q_2026-02-18_0000006281-26-000016.xlsx,Income Statement,"Three Months Ended January 31, 2026",Shares used to compute earnings per common share – diluted,us-gaap:WeightedAverageNumberOfDilutedSharesOutstanding,reported,
income_statement,us-gaap:IncomeLossFromContinuingOperationsPerBasicShare,Basic earnings per common share,1Q26,1.7,ADI_SEC-XBRL-financials_as-presented_10-Q_2026-02-18_0000006281-26-000016.xlsx,Income Statement,"Three Months Ended January 31, 2026",Basic earnings per common share,us-gaap:EarningsPerShareBasic,reported,
income_statement,us-gaap:IncomeLossFromContinuingOperationsPerDilutedShare,Diluted earnings per common share,1Q26,1.69,ADI_SEC-XBRL-financials_as-presented_10-Q_2026-02-18_0000006281-26-000016.xlsx,Income Statement,"Three Months Ended January 31, 2026",Diluted earnings per common share,us-gaap:EarningsPerShareDiluted,reported,
balance_sheet,us-gaap:CashAndCashEquivalentsAtCarryingValue,Cash and cash equivalents,1Q26,2905.86,ADI_SEC-XBRL-financials_as-presented_10-Q_2026-02-18_0000006281-26-000016.xlsx,Balance Sheet,"January 31, 2026",Cash and cash equivalents,us-gaap:CashAndCashEquivalentsAtCarryingValue,reported,
balance_sheet,us-gaap:AvailableForSaleSecuritiesDebtSecuritiesCurrent,Corporate obligations (1),1Q26,1142.987,ADI_SEC-XBRL-financials_as-presented_10-Q_2026-02-18_0000006281-26-000016.xlsx,Balance Sheet,"January 31, 2026",Short-term investments,us-gaap:AvailableForSaleSecuritiesDebtSecuritiesCurrent,reported,
balance_sheet,us-gaap:AccountsReceivableNetCurrent,Accounts receivable,1Q26,1360.184,ADI_SEC-XBRL-financials_as-presented_10-Q_2026-02-18_0000006281-26-000016.xlsx,Balance Sheet,"January 31, 2026",Accounts receivable,us-gaap:AccountsReceivableNetCurrent,reported,
balance_sheet,us-gaap:InventoryNet,Inventories (2),1Q26,1767.104,ADI_SEC-XBRL-financials_as-presented_10-Q_2026-02-18_0000006281-26-000016.xlsx,Balance Sheet,"January 31, 2026",Inventories,us-gaap:InventoryNet,reported,
balance_sheet,us-gaap:PrepaidExpenseAndOtherAssetsCurrent,Prepaid expenses and other current assets,1Q26,426.391,ADI_SEC-XBRL-financials_as-presented_10-Q_2026-02-18_0000006281-26-000016.xlsx,Balance Sheet,"January 31, 2026",Prepaid expenses and other current assets,us-gaap:PrepaidExpenseAndOtherAssetsCurrent,reported,
balance_sheet,us-gaap:AssetsCurrent,Total current assets,1Q26,7602.526,ADI_SEC-XBRL-financials_as-presented_10-Q_2026-02-18_0000006281-26-000016.xlsx,Balance Sheet,"January 31, 2026",Total current assets,us-gaap:AssetsCurrent,reported,
balance_sheet,us-gaap:PropertyPlantAndEquipmentNet,"Net property, plant and equipment",1Q26,3248.983,ADI_SEC-XBRL-financials_as-presented_10-Q_2026-02-18_0000006281-26-000016.xlsx,Balance Sheet,"January 31, 2026","Net property, plant and equipment",us-gaap:PropertyPlantAndEquipmentNet,reported,
balance_sheet,us-gaap:Goodwill,Goodwill,1Q26,26945.18,ADI_SEC-XBRL-financials_as-presented_10-Q_2026-02-18_0000006281-26-000016.xlsx,Balance Sheet,"January 31, 2026",Goodwill,us-gaap:Goodwill,reported,
balance_sheet,us-gaap:IntangibleAssetsNetExcludingGoodwill,"Intangible assets, net",1Q26,7629.2,ADI_SEC-XBRL-financials_as-presented_10-Q_2026-02-18_0000006281-26-000016.xlsx,Balance Sheet,"January 31, 2026","Intangible assets, net",us-gaap:IntangibleAssetsNetExcludingGoodwill,reported,
balance_sheet,us-gaap:DeferredIncomeTaxAssetsNet,Deferred tax assets,1Q26,1759.646,ADI_SEC-XBRL-financials_as-presented_10-Q_2026-02-18_0000006281-26-000016.xlsx,Balance Sheet,"January 31, 2026",Deferred tax assets,us-gaap:DeferredIncomeTaxAssetsNet,reported,
balance_sheet,us-gaap:OtherAssetsNoncurrent,Other assets,1Q26,805.655,ADI_SEC-XBRL-financials_as-presented_10-Q_2026-02-18_0000006281-26-000016.xlsx,Balance Sheet,"January 31, 2026",Other assets,us-gaap:OtherAssetsNoncurrent,reported,
balance_sheet,us-gaap:AssetsNoncurrent,Total other assets,1Q26,40388.664,ADI_SEC-XBRL-financials_as-presented_10-Q_2026-02-18_0000006281-26-000016.xlsx,Balance Sheet,"January 31, 2026",Total non-current assets,us-gaap:AssetsNoncurrent,reported,
balance_sheet,us-gaap:Assets,assets assets,1Q26,47991.19,ADI_SEC-XBRL-financials_as-presented_10-Q_2026-02-18_0000006281-26-000016.xlsx,Balance Sheet,"January 31, 2026",TOTAL ASSETS,us-gaap:Assets,reported,
balance_sheet,us-gaap:AccountsPayableCurrent,Accounts payable,1Q26,549.058,ADI_SEC-XBRL-financials_as-presented_10-Q_2026-02-18_0000006281-26-000016.xlsx,Balance Sheet,"January 31, 2026",Accounts payable,us-gaap:AccountsPayableCurrent,reported,
balance_sheet,us-gaap:AccruedIncomeTaxesCurrent,Income taxes payable,1Q26,755.829,ADI_SEC-XBRL-financials_as-presented_10-Q_2026-02-18_0000006281-26-000016.xlsx,Balance Sheet,"January 31, 2026",Income taxes payable,us-gaap:AccruedIncomeTaxesCurrent,reported,
balance_sheet,us-gaap:LongTermDebtCurrent,"Debt, current",1Q26,898.9,ADI_SEC-XBRL-financials_as-presented_10-Q_2026-02-18_0000006281-26-000016.xlsx,Balance Sheet,"January 31, 2026","Debt, current",us-gaap:LongTermDebtCurrent,reported,
balance_sheet,us-gaap:CommercialPaper,Commercial paper notes,1Q26,543.042,ADI_SEC-XBRL-financials_as-presented_10-Q_2026-02-18_0000006281-26-000016.xlsx,Balance Sheet,"January 31, 2026",Commercial paper notes,us-gaap:CommercialPaper,reported,
balance_sheet,us-gaap:AccruedLiabilitiesCurrent,Accrued liabilities,1Q26,1583.794,ADI_SEC-XBRL-financials_as-presented_10-Q_2026-02-18_0000006281-26-000016.xlsx,Balance Sheet,"January 31, 2026",Accrued liabilities,us-gaap:AccruedLiabilitiesCurrent,reported,
balance_sheet,us-gaap:LiabilitiesCurrent,Total current liabilities,1Q26,4330.623,ADI_SEC-XBRL-financials_as-presented_10-Q_2026-02-18_0000006281-26-000016.xlsx,Balance Sheet,"January 31, 2026",Total current liabilities,us-gaap:LiabilitiesCurrent,reported,
balance_sheet,us-gaap:LongTermDebtNoncurrent,Long-term debt,1Q26,7240.279,ADI_SEC-XBRL-financials_as-presented_10-Q_2026-02-18_0000006281-26-000016.xlsx,Balance Sheet,"January 31, 2026",Long-term debt,us-gaap:LongTermDebtNoncurrent,reported,
balance_sheet,us-gaap:DeferredIncomeTaxLiabilitiesNet,Deferred income taxes,1Q26,1995.833,ADI_SEC-XBRL-financials_as-presented_10-Q_2026-02-18_0000006281-26-000016.xlsx,Balance Sheet,"January 31, 2026",Deferred income taxes,us-gaap:DeferredIncomeTaxLiabilitiesNet,reported,
balance_sheet,us-gaap:AccruedIncomeTaxesNoncurrent,Income taxes payable,1Q26,103.644,ADI_SEC-XBRL-financials_as-presented_10-Q_2026-02-18_0000006281-26-000016.xlsx,Balance Sheet,"January 31, 2026",Income taxes payable,us-gaap:AccruedIncomeTaxesNoncurrent,reported,
balance_sheet,us-gaap:OtherLiabilitiesNoncurrent,Other non-current liabilities,1Q26,533.552,ADI_SEC-XBRL-financials_as-presented_10-Q_2026-02-18_0000006281-26-000016.xlsx,Balance Sheet,"January 31, 2026",Other non-current liabilities,us-gaap:OtherLiabilitiesNoncurrent,reported,
balance_sheet,us-gaap:LiabilitiesNoncurrent,Total non-current liabilities,1Q26,9873.308,ADI_SEC-XBRL-financials_as-presented_10-Q_2026-02-18_0000006281-26-000016.xlsx,Balance Sheet,"January 31, 2026",Total non-current liabilities,us-gaap:LiabilitiesNoncurrent,reported,
balance_sheet,us-gaap:CommonStockParOrStatedValuePerShare,"Common stock, 0.16 2/3 par value, 1,200,000,000 shares authorized, 368,220,091 shares outstanding (368,302,369 on November 2, 2019)",1Q26,81.369,ADI_SEC-XBRL-financials_as-presented_10-Q_2026-02-18_0000006281-26-000016.xlsx,Balance Sheet,"January 31, 2026","Common stock, $0.16 2/3 par value, 1,200,000,000 shares authorized, 488,204,157 shares outstanding (489,654,097 on November 1, 2025)",us-gaap:CommonStockParOrStatedValuePerShare,reported,
balance_sheet,us-gaap:AdditionalPaidInCapitalCommonStock,Capital in excess of par value,1Q26,22968.224,ADI_SEC-XBRL-financials_as-presented_10-Q_2026-02-18_0000006281-26-000016.xlsx,Balance Sheet,"January 31, 2026",Capital in excess of par value,us-gaap:AdditionalPaidInCapitalCommonStock,reported,
balance_sheet,us-gaap:RetainedEarningsAccumulatedDeficit,Retained earnings,1Q26,10886.107,ADI_SEC-XBRL-financials_as-presented_10-Q_2026-02-18_0000006281-26-000016.xlsx,Balance Sheet,"January 31, 2026",Retained earnings,us-gaap:RetainedEarningsAccumulatedDeficit,reported,
balance_sheet,us-gaap:AccumulatedOtherComprehensiveIncomeLossNetOfTax,Accumulated other comprehensive loss,1Q26,-148.441,ADI_SEC-XBRL-financials_as-presented_10-Q_2026-02-18_0000006281-26-000016.xlsx,Balance Sheet,"January 31, 2026",Accumulated other comprehensive loss,us-gaap:AccumulatedOtherComprehensiveIncomeLossNetOfTax,reported,
balance_sheet,us-gaap:StockholdersEquity,Total shareholders’ equity,1Q26,33787.259,ADI_SEC-XBRL-financials_as-presented_10-Q_2026-02-18_0000006281-26-000016.xlsx,Balance Sheet,"January 31, 2026",Total shareholders’ equity,us-gaap:StockholdersEquity,reported,
balance_sheet,us-gaap:LiabilitiesAndStockholdersEquity,liabilities and stockholders equity liabilities and stockholders equity,1Q26,47991.19,ADI_SEC-XBRL-financials_as-presented_10-Q_2026-02-18_0000006281-26-000016.xlsx,Balance Sheet,"January 31, 2026",TOTAL LIABILITIES AND SHAREHOLDERS’ EQUITY,us-gaap:LiabilitiesAndStockholdersEquity,reported,
cash_flow,us-gaap:NetIncomeLoss,Net income,1Q26,830.826,ADI_SEC-XBRL-financials_as-presented_10-Q_2026-02-18_0000006281-26-000016.xlsx,Cash Flow,"Three Months Ended January 31, 2026",Net income,us-gaap:NetIncomeLoss,reported,
cash_flow,us-gaap:Depreciation,Depreciation,1Q26,105.886,ADI_SEC-XBRL-financials_as-presented_10-Q_2026-02-18_0000006281-26-000016.xlsx,Cash Flow,"Three Months Ended January 31, 2026",Depreciation,us-gaap:Depreciation,reported,
cash_flow,us-gaap:AmortizationOfIntangibleAssets,Amortization of intangibles,1Q26,384.615,ADI_SEC-XBRL-financials_as-presented_10-Q_2026-02-18_0000006281-26-000016.xlsx,Cash Flow,"Three Months Ended January 31, 2026",Amortization of intangibles,us-gaap:AmortizationOfIntangibleAssets,reported,
cash_flow,us-gaap:ShareBasedCompensation,Stock-based compensation expense,1Q26,85.675,ADI_SEC-XBRL-financials_as-presented_10-Q_2026-02-18_0000006281-26-000016.xlsx,Cash Flow,"Three Months Ended January 31, 2026",Stock-based compensation expense,us-gaap:ShareBasedCompensation,reported,
cash_flow,us-gaap:DeferredIncomeTaxExpenseBenefit,Deferred income taxes,1Q26,-60.661,ADI_SEC-XBRL-financials_as-presented_10-Q_2026-02-18_0000006281-26-000016.xlsx,Cash Flow,"Three Months Ended January 31, 2026",Deferred income taxes,us-gaap:DeferredIncomeTaxExpenseBenefit,reported,
cash_flow,us-gaap:OtherNoncashIncomeExpense,Other non-cash activity,1Q26,13.425,ADI_SEC-XBRL-financials_as-presented_10-Q_2026-02-18_0000006281-26-000016.xlsx,Cash Flow,"Three Months Ended January 31, 2026",Other,us-gaap:OtherNoncashIncomeExpense,reported,
cash_flow,us-gaap:IncreaseDecreaseInOperatingCapital,Changes in operating assets and liabilities,1Q26,8.749,ADI_SEC-XBRL-financials_as-presented_10-Q_2026-02-18_0000006281-26-000016.xlsx,Cash Flow,"Three Months Ended January 31, 2026",Changes in operating assets and liabilities,us-gaap:IncreaseDecreaseInOperatingCapital,reported,
cash_flow,us-gaap:AdjustmentsToReconcileNetIncomeLossToCashProvidedByUsedInOperatingActivities,Total adjustments,1Q26,537.689,ADI_SEC-XBRL-financials_as-presented_10-Q_2026-02-18_0000006281-26-000016.xlsx,Cash Flow,"Three Months Ended January 31, 2026",Total adjustments,us-gaap:AdjustmentsToReconcileNetIncomeLossToCashProvidedByUsedInOperatingActivities,reported,
cash_flow,us-gaap:NetCashProvidedByUsedInOperatingActivities,Net cash provided by operating activities,1Q26,1368.515,ADI_SEC-XBRL-financials_as-presented_10-Q_2026-02-18_0000006281-26-000016.xlsx,Cash Flow,"Three Months Ended January 31, 2026",Net cash provided by operating activities,us-gaap:NetCashProvidedByUsedInOperatingActivities,reported,
cash_flow,us-gaap:ProceedsFromMaturitiesPrepaymentsAndCallsOfAvailableForSaleSecurities,Maturities of short-term available-for-sale investments,1Q26,9.992,ADI_SEC-XBRL-financials_as-presented_10-Q_2026-02-18_0000006281-26-000016.xlsx,Cash Flow,"Three Months Ended January 31, 2026",Maturities of short-term available-for-sale investments,us-gaap:ProceedsFromMaturitiesPrepaymentsAndCallsOfAvailableForSaleSecurities,reported,
cash_flow,us-gaap:PaymentsToAcquirePropertyPlantAndEquipment,"Additions to property, plant and equipment",1Q26,-109.313,ADI_SEC-XBRL-financials_as-presented_10-Q_2026-02-18_0000006281-26-000016.xlsx,Cash Flow,"Three Months Ended January 31, 2026","Additions to property, plant and equipment, net",us-gaap:PaymentsToAcquirePropertyPlantAndEquipment,reported,
cash_flow,us-gaap:PaymentsForProceedsFromOtherInvestingActivities,Changes in other assets,1Q26,-7.708,ADI_SEC-XBRL-financials_as-presented_10-Q_2026-02-18_0000006281-26-000016.xlsx,Cash Flow,"Three Months Ended January 31, 2026",Other,us-gaap:PaymentsForProceedsFromOtherInvestingActivities,reported,
cash_flow,us-gaap:NetCashProvidedByUsedInInvestingActivities,Net cash used for investing activities,1Q26,-107.029,ADI_SEC-XBRL-financials_as-presented_10-Q_2026-02-18_0000006281-26-000016.xlsx,Cash Flow,"Three Months Ended January 31, 2026",Net cash used for investing activities,us-gaap:NetCashProvidedByUsedInInvestingActivities,reported,
cash_flow,us-gaap:ProceedsFromIssuanceOfCommercialPaper,Proceeds from commercial paper notes,1Q26,3046.825,ADI_SEC-XBRL-financials_as-presented_10-Q_2026-02-18_0000006281-26-000016.xlsx,Cash Flow,"Three Months Ended January 31, 2026",Proceeds from commercial paper notes,us-gaap:ProceedsFromIssuanceOfCommercialPaper,reported,
cash_flow,adi:PaymentsOfCommercialPaper,Payments of commercial paper notes,1Q26,-2950.422,ADI_SEC-XBRL-financials_as-presented_10-Q_2026-02-18_0000006281-26-000016.xlsx,Cash Flow,"Three Months Ended January 31, 2026",Payments of commercial paper notes,adi:PaymentsOfCommercialPaper,reported,
cash_flow,us-gaap:PaymentsForRepurchaseOfCommonStock,Repurchase of common stock,1Q26,-516.499,ADI_SEC-XBRL-financials_as-presented_10-Q_2026-02-18_0000006281-26-000016.xlsx,Cash Flow,"Three Months Ended January 31, 2026",Repurchase of common stock,us-gaap:PaymentsForRepurchaseOfCommonStock,reported,
cash_flow,us-gaap:PaymentsOfDividendsCommonStock,Dividend payments to shareholders,1Q26,-484.26,ADI_SEC-XBRL-financials_as-presented_10-Q_2026-02-18_0000006281-26-000016.xlsx,Cash Flow,"Three Months Ended January 31, 2026",Dividend payments to shareholders,us-gaap:PaymentsOfDividendsCommonStock,reported,
cash_flow,us-gaap:ProceedsFromStockPlans,Proceeds from employee stock plans,1Q26,49.621,ADI_SEC-XBRL-financials_as-presented_10-Q_2026-02-18_0000006281-26-000016.xlsx,Cash Flow,"Three Months Ended January 31, 2026",Proceeds from employee stock plans,us-gaap:ProceedsFromStockPlans,reported,
cash_flow,us-gaap:ProceedsFromPaymentsForOtherFinancingActivities,Changes in other financing activities,1Q26,-0.297,ADI_SEC-XBRL-financials_as-presented_10-Q_2026-02-18_0000006281-26-000016.xlsx,Cash Flow,"Three Months Ended January 31, 2026",Other,us-gaap:ProceedsFromPaymentsForOtherFinancingActivities,reported,
cash_flow,us-gaap:NetCashProvidedByUsedInFinancingActivities,Net cash used for financing activities,1Q26,-855.032,ADI_SEC-XBRL-financials_as-presented_10-Q_2026-02-18_0000006281-26-000016.xlsx,Cash Flow,"Three Months Ended January 31, 2026",Net cash used for financing activities,us-gaap:NetCashProvidedByUsedInFinancingActivities,reported,
cash_flow,us-gaap:CashCashEquivalentsRestrictedCashAndRestrictedCashEquivalentsPeriodIncreaseDecreaseIncludingExchangeRateEffect,Net decrease in cash and cash equivalents,1Q26,406.454,ADI_SEC-XBRL-financials_as-presented_10-Q_2026-02-18_0000006281-26-000016.xlsx,Cash Flow,"Three Months Ended January 31, 2026",Net increase in cash and cash equivalents,us-gaap:CashCashEquivalentsRestrictedCashAndRestrictedCashEquivalentsPeriodIncreaseDecreaseIncludingExchangeRateEffect,reported,
cash_flow,us-gaap:CashCashEquivalentsRestrictedCashAndRestrictedCashEquivalents,Cash and cash equivalents at beginning of period,1Q26,2499.406,ADI_SEC-XBRL-financials_as-presented_10-Q_2026-02-18_0000006281-26-000016.xlsx,Cash Flow,"Three Months Ended January 31, 2026",Cash and cash equivalents at beginning of period,us-gaap:CashCashEquivalentsRestrictedCashAndRestrictedCashEquivalents,reported,
income_statement,us-gaap:RevenueFromContractWithCustomerExcludingAssessedTax,Revenue,2Q26,3623.465,ADI_SEC-XBRL-financials_as-presented_10-Q_2026-05-20_0000006281-26-000052.xlsx,Income Statement,"Three Months Ended May 2, 2026",Revenue,us-gaap:RevenueFromContractWithCustomerExcludingAssessedTax,reported,
income_statement,us-gaap:RevenueFromContractWithCustomerExcludingAssessedTax,Revenue,6M26,6783.728,ADI_SEC-XBRL-financials_as-presented_10-Q_2026-05-20_0000006281-26-000052.xlsx,Income Statement,"Six Months Ended May 2, 2026",Revenue,us-gaap:RevenueFromContractWithCustomerExcludingAssessedTax,reported,
income_statement,us-gaap:CostOfGoodsAndServicesSold,Cost of sales,2Q26,1183.667,ADI_SEC-XBRL-financials_as-presented_10-Q_2026-05-20_0000006281-26-000052.xlsx,Income Statement,"Three Months Ended May 2, 2026",Cost of sales,us-gaap:CostOfGoodsAndServicesSold,reported,
income_statement,us-gaap:CostOfGoodsAndServicesSold,Cost of sales,6M26,2298.955,ADI_SEC-XBRL-financials_as-presented_10-Q_2026-05-20_0000006281-26-000052.xlsx,Income Statement,"Six Months Ended May 2, 2026",Cost of sales,us-gaap:CostOfGoodsAndServicesSold,reported,
income_statement,us-gaap:GrossProfit,Gross margin,2Q26,2439.798,ADI_SEC-XBRL-financials_as-presented_10-Q_2026-05-20_0000006281-26-000052.xlsx,Income Statement,"Three Months Ended May 2, 2026",Gross margin,us-gaap:GrossProfit,reported,
income_statement,us-gaap:GrossProfit,Gross margin,6M26,4484.773,ADI_SEC-XBRL-financials_as-presented_10-Q_2026-05-20_0000006281-26-000052.xlsx,Income Statement,"Six Months Ended May 2, 2026",Gross margin,us-gaap:GrossProfit,reported,
income_statement,us-gaap:ResearchAndDevelopmentExpense,Research and development,2Q26,509.323,ADI_SEC-XBRL-financials_as-presented_10-Q_2026-05-20_0000006281-26-000052.xlsx,Income Statement,"Three Months Ended May 2, 2026",Research and development,us-gaap:ResearchAndDevelopmentExpense,reported,
income_statement,us-gaap:ResearchAndDevelopmentExpense,Research and development,6M26,976.723,ADI_SEC-XBRL-financials_as-presented_10-Q_2026-05-20_0000006281-26-000052.xlsx,Income Statement,"Six Months Ended May 2, 2026",Research and development,us-gaap:ResearchAndDevelopmentExpense,reported,
income_statement,us-gaap:SellingGeneralAndAdministrativeExpense,"Selling, marketing, general and administrative",2Q26,362.81,ADI_SEC-XBRL-financials_as-presented_10-Q_2026-05-20_0000006281-26-000052.xlsx,Income Statement,"Three Months Ended May 2, 2026","Selling, marketing, general and administrative",us-gaap:SellingGeneralAndAdministrativeExpense,reported,
income_statement,us-gaap:SellingGeneralAndAdministrativeExpense,"Selling, marketing, general and administrative",6M26,708.063,ADI_SEC-XBRL-financials_as-presented_10-Q_2026-05-20_0000006281-26-000052.xlsx,Income Statement,"Six Months Ended May 2, 2026","Selling, marketing, general and administrative",us-gaap:SellingGeneralAndAdministrativeExpense,reported,
income_statement,adi:AmortizationofintangibleAssetsOperatingExpenses,Amortization of intangibles,2Q26,187.985,ADI_SEC-XBRL-financials_as-presented_10-Q_2026-05-20_0000006281-26-000052.xlsx,Income Statement,"Three Months Ended May 2, 2026",Amortization of intangibles,adi:OperatingExpensesAmortizationOfIntangibles,reported,
income_statement,adi:AmortizationofintangibleAssetsOperatingExpenses,Amortization of intangibles,6M26,375.3,ADI_SEC-XBRL-financials_as-presented_10-Q_2026-05-20_0000006281-26-000052.xlsx,Income Statement,"Six Months Ended May 2, 2026",Amortization of intangibles,adi:OperatingExpensesAmortizationOfIntangibles,reported,
income_statement,us-gaap:RestructuringCharges,Special charges,6M26,47.982,ADI_SEC-XBRL-financials_as-presented_10-Q_2026-05-20_0000006281-26-000052.xlsx,Income Statement,"Six Months Ended May 2, 2026","Special charges, net",us-gaap:RestructuringSettlementAndImpairmentProvisions,reported,
income_statement,us-gaap:OperatingExpenses,operating expenses operating expenses operating expenses operating expenses,2Q26,1060.118,ADI_SEC-XBRL-financials_as-presented_10-Q_2026-05-20_0000006281-26-000052.xlsx,Income Statement,"Three Months Ended May 2, 2026",Total operating expenses,us-gaap:OperatingExpenses,reported,
income_statement,us-gaap:OperatingExpenses,operating expenses operating expenses operating expenses operating expenses,6M26,2108.068,ADI_SEC-XBRL-financials_as-presented_10-Q_2026-05-20_0000006281-26-000052.xlsx,Income Statement,"Six Months Ended May 2, 2026",Total operating expenses,us-gaap:OperatingExpenses,reported,
income_statement,us-gaap:OperatingIncomeLoss,Operating income,2Q26,1379.68,ADI_SEC-XBRL-financials_as-presented_10-Q_2026-05-20_0000006281-26-000052.xlsx,Income Statement,"Three Months Ended May 2, 2026",Operating income:,us-gaap:OperatingIncomeLoss,reported,
income_statement,us-gaap:OperatingIncomeLoss,Operating income,6M26,2376.705,ADI_SEC-XBRL-financials_as-presented_10-Q_2026-05-20_0000006281-26-000052.xlsx,Income Statement,"Six Months Ended May 2, 2026",Operating income:,us-gaap:OperatingIncomeLoss,reported,
income_statement,us-gaap:InterestExpense,Interest expense,2Q26,87.619,ADI_SEC-XBRL-financials_as-presented_10-Q_2026-05-20_0000006281-26-000052.xlsx,Income Statement,"Three Months Ended May 2, 2026",Interest expense,us-gaap:InterestExpenseNonoperating,reported,
income_statement,us-gaap:InterestExpense,Interest expense,6M26,173.963,ADI_SEC-XBRL-financials_as-presented_10-Q_2026-05-20_0000006281-26-000052.xlsx,Income Statement,"Six Months Ended May 2, 2026",Interest expense,us-gaap:InterestExpenseNonoperating,reported,
income_statement,us-gaap:InvestmentIncomeInterest,Interest income,2Q26,-28.565,ADI_SEC-XBRL-financials_as-presented_10-Q_2026-05-20_0000006281-26-000052.xlsx,Income Statement,"Three Months Ended May 2, 2026",Interest income,us-gaap:InvestmentIncomeInterest,reported,
income_statement,us-gaap:InvestmentIncomeInterest,Interest income,6M26,-60.822,ADI_SEC-XBRL-financials_as-presented_10-Q_2026-05-20_0000006281-26-000052.xlsx,Income Statement,"Six Months Ended May 2, 2026",Interest income,us-gaap:InvestmentIncomeInterest,reported,
income_statement,us-gaap:OtherNonoperatingIncomeExpense,"Other, net",2Q26,-4.202,ADI_SEC-XBRL-financials_as-presented_10-Q_2026-05-20_0000006281-26-000052.xlsx,Income Statement,"Three Months Ended May 2, 2026","Other, net",us-gaap:OtherNonoperatingIncomeExpense,reported,
income_statement,us-gaap:OtherNonoperatingIncomeExpense,"Other, net",6M26,-7.135,ADI_SEC-XBRL-financials_as-presented_10-Q_2026-05-20_0000006281-26-000052.xlsx,Income Statement,"Six Months Ended May 2, 2026","Other, net",us-gaap:OtherNonoperatingIncomeExpense,reported,
income_statement,us-gaap:NonoperatingIncomeExpense,nonoperating income expense nonoperating income expense nonoperating income expense nonoperating income expense,2Q26,54.852,ADI_SEC-XBRL-financials_as-presented_10-Q_2026-05-20_0000006281-26-000052.xlsx,Income Statement,"Three Months Ended May 2, 2026",Total nonoperating expense (income),us-gaap:NonoperatingIncomeExpense,reported,
income_statement,us-gaap:NonoperatingIncomeExpense,nonoperating income expense nonoperating income expense nonoperating income expense nonoperating income expense,6M26,106.006,ADI_SEC-XBRL-financials_as-presented_10-Q_2026-05-20_0000006281-26-000052.xlsx,Income Statement,"Six Months Ended May 2, 2026",Total nonoperating expense (income),us-gaap:NonoperatingIncomeExpense,reported,
income_statement,us-gaap:IncomeLossFromContinuingOperationsBeforeIncomeTaxesMinorityInterestAndIncomeLossFromEquityMethodInvestments,Income before income taxes,2Q26,1324.828,ADI_SEC-XBRL-financials_as-presented_10-Q_2026-05-20_0000006281-26-000052.xlsx,Income Statement,"Three Months Ended May 2, 2026",Income before income taxes,us-gaap:IncomeLossFromContinuingOperationsBeforeIncomeTaxesExtraordinaryItemsNoncontrollingInterest,reported,
income_statement,us-gaap:IncomeLossFromContinuingOperationsBeforeIncomeTaxesMinorityInterestAndIncomeLossFromEquityMethodInvestments,Income before income taxes,6M26,2270.699,ADI_SEC-XBRL-financials_as-presented_10-Q_2026-05-20_0000006281-26-000052.xlsx,Income Statement,"Six Months Ended May 2, 2026",Income before income taxes,us-gaap:IncomeLossFromContinuingOperationsBeforeIncomeTaxesExtraordinaryItemsNoncontrollingInterest,reported,
income_statement,us-gaap:IncomeTaxExpenseBenefit,Provision for income taxes,2Q26,148.478,ADI_SEC-XBRL-financials_as-presented_10-Q_2026-05-20_0000006281-26-000052.xlsx,Income Statement,"Three Months Ended May 2, 2026",Provision for income taxes,us-gaap:IncomeTaxExpenseBenefit,reported,
income_statement,us-gaap:IncomeTaxExpenseBenefit,Provision for income taxes,6M26,263.523,ADI_SEC-XBRL-financials_as-presented_10-Q_2026-05-20_0000006281-26-000052.xlsx,Income Statement,"Six Months Ended May 2, 2026",Provision for income taxes,us-gaap:IncomeTaxExpenseBenefit,reported,
income_statement,us-gaap:NetIncomeLoss,Net income,2Q26,1176.35,ADI_SEC-XBRL-financials_as-presented_10-Q_2026-05-20_0000006281-26-000052.xlsx,Income Statement,"Three Months Ended May 2, 2026",Net income,us-gaap:NetIncomeLoss,reported,
income_statement,us-gaap:NetIncomeLoss,Net income,6M26,2007.176,ADI_SEC-XBRL-financials_as-presented_10-Q_2026-05-20_0000006281-26-000052.xlsx,Income Statement,"Six Months Ended May 2, 2026",Net income,us-gaap:NetIncomeLoss,reported,
income_statement,us-gaap:WeightedAverageNumberOfSharesOutstandingBasic,Shares used to compute earnings per common share – basic,2Q26,487.605,ADI_SEC-XBRL-financials_as-presented_10-Q_2026-05-20_0000006281-26-000052.xlsx,Income Statement,"Three Months Ended May 2, 2026",Shares used to compute earnings per common share – basic,us-gaap:WeightedAverageNumberOfSharesOutstandingBasic,reported,
income_statement,us-gaap:WeightedAverageNumberOfSharesOutstandingBasic,Shares used to compute earnings per common share – basic,6M26,488.239,ADI_SEC-XBRL-financials_as-presented_10-Q_2026-05-20_0000006281-26-000052.xlsx,Income Statement,"Six Months Ended May 2, 2026",Shares used to compute earnings per common share – basic,us-gaap:WeightedAverageNumberOfSharesOutstandingBasic,reported,
income_statement,us-gaap:WeightedAverageNumberOfDilutedSharesOutstanding,Shares used to compute earnings per common share – diluted,2Q26,490.458,ADI_SEC-XBRL-financials_as-presented_10-Q_2026-05-20_0000006281-26-000052.xlsx,Income Statement,"Three Months Ended May 2, 2026",Shares used to compute earnings per common share – diluted,us-gaap:WeightedAverageNumberOfDilutedSharesOutstanding,reported,
income_statement,us-gaap:WeightedAverageNumberOfDilutedSharesOutstanding,Shares used to compute earnings per common share – diluted,6M26,491.057,ADI_SEC-XBRL-financials_as-presented_10-Q_2026-05-20_0000006281-26-000052.xlsx,Income Statement,"Six Months Ended May 2, 2026",Shares used to compute earnings per common share – diluted,us-gaap:WeightedAverageNumberOfDilutedSharesOutstanding,reported,
income_statement,us-gaap:IncomeLossFromContinuingOperationsPerBasicShare,Basic earnings per common share,2Q26,2.41,ADI_SEC-XBRL-financials_as-presented_10-Q_2026-05-20_0000006281-26-000052.xlsx,Income Statement,"Three Months Ended May 2, 2026",Basic earnings per common share,us-gaap:EarningsPerShareBasic,reported,
income_statement,us-gaap:IncomeLossFromContinuingOperationsPerBasicShare,Basic earnings per common share,6M26,4.11,ADI_SEC-XBRL-financials_as-presented_10-Q_2026-05-20_0000006281-26-000052.xlsx,Income Statement,"Six Months Ended May 2, 2026",Basic earnings per common share,us-gaap:EarningsPerShareBasic,reported,
income_statement,us-gaap:IncomeLossFromContinuingOperationsPerDilutedShare,Diluted earnings per common share,2Q26,2.4,ADI_SEC-XBRL-financials_as-presented_10-Q_2026-05-20_0000006281-26-000052.xlsx,Income Statement,"Three Months Ended May 2, 2026",Diluted earnings per common share,us-gaap:EarningsPerShareDiluted,reported,
income_statement,us-gaap:IncomeLossFromContinuingOperationsPerDilutedShare,Diluted earnings per common share,6M26,4.09,ADI_SEC-XBRL-financials_as-presented_10-Q_2026-05-20_0000006281-26-000052.xlsx,Income Statement,"Six Months Ended May 2, 2026",Diluted earnings per common share,us-gaap:EarningsPerShareDiluted,reported,
balance_sheet,us-gaap:CashAndCashEquivalentsAtCarryingValue,Cash and cash equivalents,2Q26,2436.916,ADI_SEC-XBRL-financials_as-presented_10-Q_2026-05-20_0000006281-26-000052.xlsx,Balance Sheet,"May 2, 2026",Cash and cash equivalents,us-gaap:CashAndCashEquivalentsAtCarryingValue,reported,
balance_sheet,us-gaap:AvailableForSaleSecuritiesDebtSecuritiesCurrent,Corporate obligations (1),2Q26,1002.392,ADI_SEC-XBRL-financials_as-presented_10-Q_2026-05-20_0000006281-26-000052.xlsx,Balance Sheet,"May 2, 2026",Short-term investments,us-gaap:AvailableForSaleSecuritiesDebtSecuritiesCurrent,reported,
balance_sheet,us-gaap:AccountsReceivableNetCurrent,Accounts receivable,2Q26,2051.733,ADI_SEC-XBRL-financials_as-presented_10-Q_2026-05-20_0000006281-26-000052.xlsx,Balance Sheet,"May 2, 2026",Accounts receivable,us-gaap:AccountsReceivableNetCurrent,reported,
balance_sheet,us-gaap:InventoryNet,Inventories (2),2Q26,1848.405,ADI_SEC-XBRL-financials_as-presented_10-Q_2026-05-20_0000006281-26-000052.xlsx,Balance Sheet,"May 2, 2026",Inventories,us-gaap:InventoryNet,reported,
balance_sheet,us-gaap:PrepaidExpenseAndOtherAssetsCurrent,Prepaid expenses and other current assets,2Q26,470.327,ADI_SEC-XBRL-financials_as-presented_10-Q_2026-05-20_0000006281-26-000052.xlsx,Balance Sheet,"May 2, 2026",Prepaid expenses and other current assets,us-gaap:PrepaidExpenseAndOtherAssetsCurrent,reported,
balance_sheet,us-gaap:AssetsCurrent,Total current assets,2Q26,7809.773,ADI_SEC-XBRL-financials_as-presented_10-Q_2026-05-20_0000006281-26-000052.xlsx,Balance Sheet,"May 2, 2026",Total current assets,us-gaap:AssetsCurrent,reported,
balance_sheet,us-gaap:PropertyPlantAndEquipmentNet,"Net property, plant and equipment",2Q26,3292.288,ADI_SEC-XBRL-financials_as-presented_10-Q_2026-05-20_0000006281-26-000052.xlsx,Balance Sheet,"May 2, 2026","Net property, plant and equipment",us-gaap:PropertyPlantAndEquipmentNet,reported,
balance_sheet,us-gaap:Goodwill,Goodwill,2Q26,26973.18,ADI_SEC-XBRL-financials_as-presented_10-Q_2026-05-20_0000006281-26-000052.xlsx,Balance Sheet,"May 2, 2026",Goodwill,us-gaap:Goodwill,reported,
balance_sheet,us-gaap:IntangibleAssetsNetExcludingGoodwill,"Intangible assets, net",2Q26,7255.362,ADI_SEC-XBRL-financials_as-presented_10-Q_2026-05-20_0000006281-26-000052.xlsx,Balance Sheet,"May 2, 2026","Intangible assets, net",us-gaap:IntangibleAssetsNetExcludingGoodwill,reported,
balance_sheet,us-gaap:DeferredIncomeTaxAssetsNet,Deferred tax assets,2Q26,1729.558,ADI_SEC-XBRL-financials_as-presented_10-Q_2026-05-20_0000006281-26-000052.xlsx,Balance Sheet,"May 2, 2026",Deferred tax assets,us-gaap:DeferredIncomeTaxAssetsNet,reported,
balance_sheet,us-gaap:OtherAssetsNoncurrent,Other assets,2Q26,888.934,ADI_SEC-XBRL-financials_as-presented_10-Q_2026-05-20_0000006281-26-000052.xlsx,Balance Sheet,"May 2, 2026",Other assets,us-gaap:OtherAssetsNoncurrent,reported,
balance_sheet,us-gaap:AssetsNoncurrent,Total other assets,2Q26,40139.322,ADI_SEC-XBRL-financials_as-presented_10-Q_2026-05-20_0000006281-26-000052.xlsx,Balance Sheet,"May 2, 2026",Total non-current assets,us-gaap:AssetsNoncurrent,reported,
balance_sheet,us-gaap:Assets,assets assets,2Q26,47949.095,ADI_SEC-XBRL-financials_as-presented_10-Q_2026-05-20_0000006281-26-000052.xlsx,Balance Sheet,"May 2, 2026",TOTAL ASSETS,us-gaap:Assets,reported,
balance_sheet,us-gaap:AccountsPayableCurrent,Accounts payable,2Q26,598.64,ADI_SEC-XBRL-financials_as-presented_10-Q_2026-05-20_0000006281-26-000052.xlsx,Balance Sheet,"May 2, 2026",Accounts payable,us-gaap:AccountsPayableCurrent,reported,
balance_sheet,us-gaap:AccruedIncomeTaxesCurrent,Income taxes payable,2Q26,325.626,ADI_SEC-XBRL-financials_as-presented_10-Q_2026-05-20_0000006281-26-000052.xlsx,Balance Sheet,"May 2, 2026",Income taxes payable,us-gaap:AccruedIncomeTaxesCurrent,reported,
balance_sheet,us-gaap:LongTermDebtCurrent,"Debt, current",2Q26,899.227,ADI_SEC-XBRL-financials_as-presented_10-Q_2026-05-20_0000006281-26-000052.xlsx,Balance Sheet,"May 2, 2026","Debt, current",us-gaap:LongTermDebtCurrent,reported,
balance_sheet,us-gaap:CommercialPaper,Commercial paper notes,2Q26,550.198,ADI_SEC-XBRL-financials_as-presented_10-Q_2026-05-20_0000006281-26-000052.xlsx,Balance Sheet,"May 2, 2026",Commercial paper notes,us-gaap:CommercialPaper,reported,
balance_sheet,us-gaap:AccruedLiabilitiesCurrent,Accrued liabilities,2Q26,2083.216,ADI_SEC-XBRL-financials_as-presented_10-Q_2026-05-20_0000006281-26-000052.xlsx,Balance Sheet,"May 2, 2026",Accrued liabilities,us-gaap:AccruedLiabilitiesCurrent,reported,
balance_sheet,us-gaap:LiabilitiesCurrent,Total current liabilities,2Q26,4456.907,ADI_SEC-XBRL-financials_as-presented_10-Q_2026-05-20_0000006281-26-000052.xlsx,Balance Sheet,"May 2, 2026",Total current liabilities,us-gaap:LiabilitiesCurrent,reported,
balance_sheet,us-gaap:LongTermDebtNoncurrent,Long-term debt,2Q26,7235.424,ADI_SEC-XBRL-financials_as-presented_10-Q_2026-05-20_0000006281-26-000052.xlsx,Balance Sheet,"May 2, 2026",Long-term debt,us-gaap:LongTermDebtNoncurrent,reported,
balance_sheet,us-gaap:DeferredIncomeTaxLiabilitiesNet,Deferred income taxes,2Q26,1906.115,ADI_SEC-XBRL-financials_as-presented_10-Q_2026-05-20_0000006281-26-000052.xlsx,Balance Sheet,"May 2, 2026",Deferred income taxes,us-gaap:DeferredIncomeTaxLiabilitiesNet,reported,
balance_sheet,us-gaap:AccruedIncomeTaxesNoncurrent,Income taxes payable,2Q26,87.109,ADI_SEC-XBRL-financials_as-presented_10-Q_2026-05-20_0000006281-26-000052.xlsx,Balance Sheet,"May 2, 2026",Income taxes payable,us-gaap:AccruedIncomeTaxesNoncurrent,reported,
balance_sheet,us-gaap:OtherLiabilitiesNoncurrent,Other non-current liabilities,2Q26,521.507,ADI_SEC-XBRL-financials_as-presented_10-Q_2026-05-20_0000006281-26-000052.xlsx,Balance Sheet,"May 2, 2026",Other non-current liabilities,us-gaap:OtherLiabilitiesNoncurrent,reported,
balance_sheet,us-gaap:LiabilitiesNoncurrent,Total non-current liabilities,2Q26,9750.155,ADI_SEC-XBRL-financials_as-presented_10-Q_2026-05-20_0000006281-26-000052.xlsx,Balance Sheet,"May 2, 2026",Total non-current liabilities,us-gaap:LiabilitiesNoncurrent,reported,
balance_sheet,us-gaap:CommonStockParOrStatedValuePerShare,"Common stock, 0.16 2/3 par value, 1,200,000,000 shares authorized, 368,220,091 shares outstanding (368,302,369 on November 2, 2019)",2Q26,81.183,ADI_SEC-XBRL-financials_as-presented_10-Q_2026-05-20_0000006281-26-000052.xlsx,Balance Sheet,"May 2, 2026","Common stock, $0.16 2/3 par value, 1,200,000,000 shares authorized, 487,087,040 shares outstanding (489,654,097 on November 1, 2025)",us-gaap:CommonStockParOrStatedValuePerShare,reported,
balance_sheet,us-gaap:AdditionalPaidInCapitalCommonStock,Capital in excess of par value,2Q26,22287.095,ADI_SEC-XBRL-financials_as-presented_10-Q_2026-05-20_0000006281-26-000052.xlsx,Balance Sheet,"May 2, 2026",Capital in excess of par value,us-gaap:AdditionalPaidInCapitalCommonStock,reported,
balance_sheet,us-gaap:RetainedEarningsAccumulatedDeficit,Retained earnings,2Q26,11525.998,ADI_SEC-XBRL-financials_as-presented_10-Q_2026-05-20_0000006281-26-000052.xlsx,Balance Sheet,"May 2, 2026",Retained earnings,us-gaap:RetainedEarningsAccumulatedDeficit,reported,
balance_sheet,us-gaap:AccumulatedOtherComprehensiveIncomeLossNetOfTax,Accumulated other comprehensive loss,2Q26,-152.243,ADI_SEC-XBRL-financials_as-presented_10-Q_2026-05-20_0000006281-26-000052.xlsx,Balance Sheet,"May 2, 2026",Accumulated other comprehensive loss,us-gaap:AccumulatedOtherComprehensiveIncomeLossNetOfTax,reported,
balance_sheet,us-gaap:StockholdersEquity,Total shareholders’ equity,2Q26,33742.033,ADI_SEC-XBRL-financials_as-presented_10-Q_2026-05-20_0000006281-26-000052.xlsx,Balance Sheet,"May 2, 2026",Total shareholders’ equity,us-gaap:StockholdersEquity,reported,
balance_sheet,us-gaap:LiabilitiesAndStockholdersEquity,liabilities and stockholders equity liabilities and stockholders equity,2Q26,47949.095,ADI_SEC-XBRL-financials_as-presented_10-Q_2026-05-20_0000006281-26-000052.xlsx,Balance Sheet,"May 2, 2026",TOTAL LIABILITIES AND SHAREHOLDERS’ EQUITY,us-gaap:LiabilitiesAndStockholdersEquity,reported,
cash_flow,us-gaap:NetIncomeLoss,Net income,6M26,2007.176,ADI_SEC-XBRL-financials_as-presented_10-Q_2026-05-20_0000006281-26-000052.xlsx,Cash Flow,"Six Months Ended May 2, 2026",Net income,us-gaap:NetIncomeLoss,reported,
cash_flow,us-gaap:Depreciation,Depreciation,6M26,210.843,ADI_SEC-XBRL-financials_as-presented_10-Q_2026-05-20_0000006281-26-000052.xlsx,Cash Flow,"Six Months Ended May 2, 2026",Depreciation,us-gaap:Depreciation,reported,
cash_flow,us-gaap:AmortizationOfIntangibleAssets,Amortization of intangibles,6M26,770.593,ADI_SEC-XBRL-financials_as-presented_10-Q_2026-05-20_0000006281-26-000052.xlsx,Cash Flow,"Six Months Ended May 2, 2026",Amortization of intangibles,us-gaap:AmortizationOfIntangibleAssets,reported,
cash_flow,us-gaap:ShareBasedCompensation,Stock-based compensation expense,6M26,167.396,ADI_SEC-XBRL-financials_as-presented_10-Q_2026-05-20_0000006281-26-000052.xlsx,Cash Flow,"Six Months Ended May 2, 2026",Stock-based compensation expense,us-gaap:ShareBasedCompensation,reported,
cash_flow,us-gaap:DeferredIncomeTaxExpenseBenefit,Deferred income taxes,6M26,-120.93,ADI_SEC-XBRL-financials_as-presented_10-Q_2026-05-20_0000006281-26-000052.xlsx,Cash Flow,"Six Months Ended May 2, 2026",Deferred income taxes,us-gaap:DeferredIncomeTaxExpenseBenefit,reported,
cash_flow,us-gaap:OtherNoncashIncomeExpense,Other non-cash activity,6M26,4.727,ADI_SEC-XBRL-financials_as-presented_10-Q_2026-05-20_0000006281-26-000052.xlsx,Cash Flow,"Six Months Ended May 2, 2026",Other,us-gaap:OtherNoncashIncomeExpense,reported,
cash_flow,us-gaap:IncreaseDecreaseInOperatingCapital,Changes in operating assets and liabilities,6M26,-799.249,ADI_SEC-XBRL-financials_as-presented_10-Q_2026-05-20_0000006281-26-000052.xlsx,Cash Flow,"Six Months Ended May 2, 2026",Changes in operating assets and liabilities,us-gaap:IncreaseDecreaseInOperatingCapital,reported,
cash_flow,us-gaap:AdjustmentsToReconcileNetIncomeLossToCashProvidedByUsedInOperatingActivities,Total adjustments,6M26,233.38,ADI_SEC-XBRL-financials_as-presented_10-Q_2026-05-20_0000006281-26-000052.xlsx,Cash Flow,"Six Months Ended May 2, 2026",Total adjustments,us-gaap:AdjustmentsToReconcileNetIncomeLossToCashProvidedByUsedInOperatingActivities,reported,
cash_flow,us-gaap:NetCashProvidedByUsedInOperatingActivities,Net cash provided by operating activities,6M26,2240.556,ADI_SEC-XBRL-financials_as-presented_10-Q_2026-05-20_0000006281-26-000052.xlsx,Cash Flow,"Six Months Ended May 2, 2026",Net cash provided by operating activities,us-gaap:NetCashProvidedByUsedInOperatingActivities,reported,
cash_flow,us-gaap:ProceedsFromMaturitiesPrepaymentsAndCallsOfAvailableForSaleSecurities,Maturities of short-term available-for-sale investments,6M26,147.817,ADI_SEC-XBRL-financials_as-presented_10-Q_2026-05-20_0000006281-26-000052.xlsx,Cash Flow,"Six Months Ended May 2, 2026",Maturities of short-term available-for-sale investments,us-gaap:ProceedsFromMaturitiesPrepaymentsAndCallsOfAvailableForSaleSecurities,reported,
cash_flow,us-gaap:PaymentsToAcquirePropertyPlantAndEquipment,"Additions to property, plant and equipment",6M26,-247.015,ADI_SEC-XBRL-financials_as-presented_10-Q_2026-05-20_0000006281-26-000052.xlsx,Cash Flow,"Six Months Ended May 2, 2026","Additions to property, plant and equipment, net",us-gaap:PaymentsToAcquirePropertyPlantAndEquipment,reported,
cash_flow,us-gaap:PaymentsToAcquireBusinessesNetOfCashAcquired,"Payments for acquisitions, net of cash acquired",6M26,-35.875,ADI_SEC-XBRL-financials_as-presented_10-Q_2026-05-20_0000006281-26-000052.xlsx,Cash Flow,"Six Months Ended May 2, 2026","Payments for acquisitions, net of cash acquired",us-gaap:PaymentsToAcquireBusinessesNetOfCashAcquired,reported,
cash_flow,us-gaap:PaymentsForProceedsFromOtherInvestingActivities,Changes in other assets,6M26,-23.882,ADI_SEC-XBRL-financials_as-presented_10-Q_2026-05-20_0000006281-26-000052.xlsx,Cash Flow,"Six Months Ended May 2, 2026",Other,us-gaap:PaymentsForProceedsFromOtherInvestingActivities,reported,
cash_flow,us-gaap:NetCashProvidedByUsedInInvestingActivities,Net cash used for investing activities,6M26,-158.955,ADI_SEC-XBRL-financials_as-presented_10-Q_2026-05-20_0000006281-26-000052.xlsx,Cash Flow,"Six Months Ended May 2, 2026",Net cash (used for) provided by investing activities,us-gaap:NetCashProvidedByUsedInInvestingActivities,reported,
cash_flow,us-gaap:ProceedsFromIssuanceOfCommercialPaper,Proceeds from commercial paper notes,6M26,7154.789,ADI_SEC-XBRL-financials_as-presented_10-Q_2026-05-20_0000006281-26-000052.xlsx,Cash Flow,"Six Months Ended May 2, 2026",Proceeds from commercial paper notes,us-gaap:ProceedsFromIssuanceOfCommercialPaper,reported,
cash_flow,adi:PaymentsOfCommercialPaper,Payments of commercial paper notes,6M26,-7051.23,ADI_SEC-XBRL-financials_as-presented_10-Q_2026-05-20_0000006281-26-000052.xlsx,Cash Flow,"Six Months Ended May 2, 2026",Payments of commercial paper notes,adi:PaymentsOfCommercialPaper,reported,
cash_flow,us-gaap:PaymentsForRepurchaseOfCommonStock,Repurchase of common stock,6M26,-1289.401,ADI_SEC-XBRL-financials_as-presented_10-Q_2026-05-20_0000006281-26-000052.xlsx,Cash Flow,"Six Months Ended May 2, 2026",Repurchase of common stock,us-gaap:PaymentsForRepurchaseOfCommonStock,reported,
cash_flow,us-gaap:PaymentsOfDividendsCommonStock,Dividend payments to shareholders,6M26,-1020.719,ADI_SEC-XBRL-financials_as-presented_10-Q_2026-05-20_0000006281-26-000052.xlsx,Cash Flow,"Six Months Ended May 2, 2026",Dividend payments to shareholders,us-gaap:PaymentsOfDividendsCommonStock,reported,
cash_flow,us-gaap:ProceedsFromStockPlans,Proceeds from employee stock plans,6M26,59.487,ADI_SEC-XBRL-financials_as-presented_10-Q_2026-05-20_0000006281-26-000052.xlsx,Cash Flow,"Six Months Ended May 2, 2026",Proceeds from employee stock plans,us-gaap:ProceedsFromStockPlans,reported,
cash_flow,us-gaap:ProceedsFromPaymentsForOtherFinancingActivities,Changes in other financing activities,6M26,2.983,ADI_SEC-XBRL-financials_as-presented_10-Q_2026-05-20_0000006281-26-000052.xlsx,Cash Flow,"Six Months Ended May 2, 2026",Other,us-gaap:ProceedsFromPaymentsForOtherFinancingActivities,reported,
cash_flow,us-gaap:NetCashProvidedByUsedInFinancingActivities,Net cash used for financing activities,6M26,-2144.091,ADI_SEC-XBRL-financials_as-presented_10-Q_2026-05-20_0000006281-26-000052.xlsx,Cash Flow,"Six Months Ended May 2, 2026",Net cash used for financing activities,us-gaap:NetCashProvidedByUsedInFinancingActivities,reported,
cash_flow,us-gaap:CashCashEquivalentsRestrictedCashAndRestrictedCashEquivalentsPeriodIncreaseDecreaseIncludingExchangeRateEffect,Net decrease in cash and cash equivalents,6M26,-62.49,ADI_SEC-XBRL-financials_as-presented_10-Q_2026-05-20_0000006281-26-000052.xlsx,Cash Flow,"Six Months Ended May 2, 2026",Net (decrease) increase in cash and cash equivalents,us-gaap:CashCashEquivalentsRestrictedCashAndRestrictedCashEquivalentsPeriodIncreaseDecreaseIncludingExchangeRateEffect,reported,
cash_flow,us-gaap:CashCashEquivalentsRestrictedCashAndRestrictedCashEquivalents,Cash and cash equivalents at beginning of period,6M26,2499.406,ADI_SEC-XBRL-financials_as-presented_10-Q_2026-05-20_0000006281-26-000052.xlsx,Cash Flow,"Six Months Ended May 2, 2026",Cash and cash equivalents at beginning of period,us-gaap:CashCashEquivalentsRestrictedCashAndRestrictedCashEquivalents,reported,
income_statement,us-gaap:NonoperatingIncomeExpense,nonoperating income expense nonoperating income expense nonoperating income expense nonoperating income expense,,,,,,,html:nonoperating-expense-income,row_deduplication,Merged duplicate canonical row html:nonoperating-expense-income → us-gaap:NonoperatingIncomeExpense (similar_label_sparse)
income_statement,us-gaap:OperatingExpenses,operating expenses operating expenses operating expenses operating expenses,,,,,,,html:operating-expenses,row_deduplication,Merged duplicate canonical row html:operating-expenses → us-gaap:OperatingExpenses (similar_label_sparse)
cash_flow,html:net-income,Net income,,,,,,,html:adjustments-to-reconcile-net-income-to-net-cash-provided-by-operations,row_deduplication,Merged duplicate canonical row html:adjustments-to-reconcile-net-income-to-net-cash-provided-by-operations → html:net-income (similar_label_sparse)
cash_flow,html:cash-flows-from-investing-activities,Cash flows from investing activities:,,,,,,,html:cash-flows-from-financing-activities,row_deduplication,Merged duplicate canonical row html:cash-flows-from-financing-activities → html:cash-flows-from-investing-activities (similar_label_empty)
cash_flow,us-gaap:NetIncomeLoss,Net income,2Q19,722.943,(derived),,,,,derived,"6M19 - 1Q19(=0, not reported) = 722.943 - 0.0"
cash_flow,us-gaap:NetIncomeLoss,Net income,3Q19,362.374,(derived),,,,,derived,9M19 - 6M19 = 1085.317 - 722.943
cash_flow,us-gaap:NetIncomeLoss,Net income,2Q20,267.696,(derived),,,,,derived,6M20 - 1Q20 = 471.57 - 203.874
cash_flow,us-gaap:NetIncomeLoss,Net income,3Q20,362.665,(derived),,,,,derived,9M20 - 6M20 = 834.235 - 471.57
cash_flow,us-gaap:NetIncomeLoss,Net income,2Q21,422.905,(derived),,,,,derived,6M21 - 1Q21 = 811.424 - 388.519
cash_flow,us-gaap:NetIncomeLoss,Net income,3Q21,503.3109999999999,(derived),,,,,derived,9M21 - 6M21 = 1314.735 - 811.424
cash_flow,us-gaap:NetIncomeLoss,Net income,2Q22,783.2729999999999,(derived),,,,,derived,6M22 - 1Q22 = 1063.35 - 280.077
cash_flow,us-gaap:NetIncomeLoss,Net income,3Q22,748.9850000000001,(derived),,,,,derived,9M22 - 6M22 = 1812.335 - 1063.35
cash_flow,us-gaap:NetIncomeLoss,Net income,2Q23,977.6560000000001,(derived),,,,,derived,6M23 - 1Q23 = 1939.13 - 961.474
cash_flow,us-gaap:NetIncomeLoss,Net income,3Q23,877.0189999999998,(derived),,,,,derived,9M23 - 6M23 = 2816.149 - 1939.13
cash_flow,us-gaap:NetIncomeLoss,Net income,2Q24,302.2420000000001,(derived),,,,,derived,6M24 - 1Q24 = 764.969 - 462.727
cash_flow,us-gaap:NetIncomeLoss,Net income,3Q24,392.23199999999997,(derived),,,,,derived,9M24 - 6M24 = 1157.201 - 764.969
cash_flow,us-gaap:NetIncomeLoss,Net income,2Q25,569.77,(derived),,,,,derived,6M25 - 1Q25 = 961.086 - 391.316
cash_flow,us-gaap:NetIncomeLoss,Net income,3Q25,518.518,(derived),,,,,derived,9M25 - 6M25 = 1479.604 - 961.086
cash_flow,us-gaap:NetIncomeLoss,Net income,2Q26,1176.35,(derived),,,,,derived,6M26 - 1Q26 = 2007.176 - 830.826
cash_flow,us-gaap:Depreciation,Depreciation,2Q19,117.435,(derived),,,,,derived,"6M19 - 1Q19(=0, not reported) = 117.435 - 0.0"
cash_flow,us-gaap:Depreciation,Depreciation,3Q19,61.605999999999995,(derived),,,,,derived,9M19 - 6M19 = 179.041 - 117.435
cash_flow,us-gaap:Depreciation,Depreciation,2Q20,59.260999999999996,(derived),,,,,derived,6M20 - 1Q20 = 119.124 - 59.863
cash_flow,us-gaap:Depreciation,Depreciation,3Q20,57.59800000000001,(derived),,,,,derived,9M20 - 6M20 = 176.722 - 119.124
cash_flow,us-gaap:Depreciation,Depreciation,2Q21,52.46600000000001,(derived),,,,,derived,6M21 - 1Q21 = 108.775 - 56.309
cash_flow,us-gaap:Depreciation,Depreciation,3Q21,50.162000000000006,(derived),,,,,derived,9M21 - 6M21 = 158.937 - 108.775
cash_flow,us-gaap:Depreciation,Depreciation,2Q22,71.85099999999998,(derived),,,,,derived,6M22 - 1Q22 = 137.016 - 65.165
cash_flow,us-gaap:Depreciation,Depreciation,3Q22,75.619,(derived),,,,,derived,9M22 - 6M22 = 212.635 - 137.016
cash_flow,us-gaap:Depreciation,Depreciation,2Q23,80.25999999999999,(derived),,,,,derived,6M23 - 1Q23 = 165.581 - 85.321
cash_flow,us-gaap:Depreciation,Depreciation,3Q23,86.20400000000001,(derived),,,,,derived,9M23 - 6M23 = 251.785 - 165.581
cash_flow,us-gaap:Depreciation,Depreciation,2Q24,88.824,(derived),,,,,derived,6M24 - 1Q24 = 173.172 - 84.348
cash_flow,us-gaap:Depreciation,Depreciation,3Q24,92.35799999999998,(derived),,,,,derived,9M24 - 6M24 = 265.53 - 173.172
cash_flow,us-gaap:Depreciation,Depreciation,2Q25,100.334,(derived),,,,,derived,6M25 - 1Q25 = 198.781 - 98.447
cash_flow,us-gaap:Depreciation,Depreciation,3Q25,102.54199999999997,(derived),,,,,derived,9M25 - 6M25 = 301.323 - 198.781
cash_flow,us-gaap:Depreciation,Depreciation,2Q26,104.957,(derived),,,,,derived,6M26 - 1Q26 = 210.843 - 105.886
cash_flow,us-gaap:AmortizationOfIntangibleAssets,Amortization of intangibles,2Q19,284.525,(derived),,,,,derived,"6M19 - 1Q19(=0, not reported) = 284.525 - 0.0"
cash_flow,us-gaap:AmortizationOfIntangibleAssets,Amortization of intangibles,3Q19,142.52100000000002,(derived),,,,,derived,9M19 - 6M19 = 427.046 - 284.525
cash_flow,us-gaap:AmortizationOfIntangibleAssets,Amortization of intangibles,2Q20,144.05100000000002,(derived),,,,,derived,6M20 - 1Q20 = 288.12 - 144.069
cash_flow,us-gaap:AmortizationOfIntangibleAssets,Amortization of intangibles,3Q20,143.865,(derived),,,,,derived,9M20 - 6M20 = 431.985 - 288.12
cash_flow,us-gaap:AmortizationOfIntangibleAssets,Amortization of intangibles,2Q21,145.701,(derived),,,,,derived,6M21 - 1Q21 = 290.745 - 145.044
cash_flow,us-gaap:AmortizationOfIntangibleAssets,Amortization of intangibles,3Q21,145.98899999999998,(derived),,,,,derived,9M21 - 6M21 = 436.734 - 290.745
cash_flow,us-gaap:AmortizationOfIntangibleAssets,Amortization of intangibles,2Q22,504.255,(derived),,,,,derived,6M22 - 1Q22 = 1008.9 - 504.645
cash_flow,us-gaap:AmortizationOfIntangibleAssets,Amortization of intangibles,3Q22,503.35,(derived),,,,,derived,9M22 - 6M22 = 1512.25 - 1008.9
cash_flow,us-gaap:AmortizationOfIntangibleAssets,Amortization of intangibles,2Q23,501.53599999999994,(derived),,,,,derived,6M23 - 1Q23 = 1003.713 - 502.177
cash_flow,us-gaap:AmortizationOfIntangibleAssets,Amortization of intangibles,3Q23,501.48800000000006,(derived),,,,,derived,9M23 - 6M23 = 1505.201 - 1003.713
cash_flow,us-gaap:AmortizationOfIntangibleAssets,Amortization of intangibles,2Q24,439.47299999999996,(derived),,,,,derived,6M24 - 1Q24 = 880.376 - 440.903
cash_flow,us-gaap:AmortizationOfIntangibleAssets,Amortization of intangibles,3Q24,437.94900000000007,(derived),,,,,derived,9M24 - 6M24 = 1318.325 - 880.376
cash_flow,us-gaap:AmortizationOfIntangibleAssets,Amortization of intangibles,2Q25,400.27299999999997,(derived),,,,,derived,6M25 - 1Q25 = 817.429 - 417.156
cash_flow,us-gaap:AmortizationOfIntangibleAssets,Amortization of intangibles,3Q25,384.7500000000001,(derived),,,,,derived,9M25 - 6M25 = 1202.179 - 817.429
cash_flow,us-gaap:AmortizationOfIntangibleAssets,Amortization of intangibles,2Q26,385.97799999999995,(derived),,,,,derived,6M26 - 1Q26 = 770.593 - 384.615
cash_flow,us-gaap:ShareBasedCompensation,Stock-based compensation expense,2Q19,76.622,(derived),,,,,derived,"6M19 - 1Q19(=0, not reported) = 76.622 - 0.0"
cash_flow,us-gaap:ShareBasedCompensation,Stock-based compensation expense,3Q19,36.098,(derived),,,,,derived,9M19 - 6M19 = 112.72 - 76.622
cash_flow,us-gaap:ShareBasedCompensation,Stock-based compensation expense,2Q20,35.9,(derived),,,,,derived,6M20 - 1Q20 = 73.401 - 37.501
cash_flow,us-gaap:ShareBasedCompensation,Stock-based compensation expense,3Q20,39.56,(derived),,,,,derived,9M20 - 6M20 = 112.961 - 73.401
cash_flow,us-gaap:ShareBasedCompensation,Stock-based compensation expense,2Q21,40.358,(derived),,,,,derived,6M21 - 1Q21 = 76.996 - 36.638
cash_flow,us-gaap:ShareBasedCompensation,Stock-based compensation expense,3Q21,41.68700000000001,(derived),,,,,derived,9M21 - 6M21 = 118.683 - 76.996
cash_flow,us-gaap:ShareBasedCompensation,Stock-based compensation expense,2Q22,70.99600000000001,(derived),,,,,derived,6M22 - 1Q22 = 157.935 - 86.939
cash_flow,us-gaap:ShareBasedCompensation,Stock-based compensation expense,3Q22,84.874,(derived),,,,,derived,9M22 - 6M22 = 242.809 - 157.935
cash_flow,us-gaap:ShareBasedCompensation,Stock-based compensation expense,2Q23,69.102,(derived),,,,,derived,6M23 - 1Q23 = 144.143 - 75.041
cash_flow,us-gaap:ShareBasedCompensation,Stock-based compensation expense,3Q23,82.97,(derived),,,,,derived,9M23 - 6M23 = 227.113 - 144.143
cash_flow,us-gaap:ShareBasedCompensation,Stock-based compensation expense,2Q24,58.396000000000015,(derived),,,,,derived,6M24 - 1Q24 = 128.211 - 69.815
cash_flow,us-gaap:ShareBasedCompensation,Stock-based compensation expense,3Q24,64.05099999999999,(derived),,,,,derived,9M24 - 6M24 = 192.262 - 128.211
cash_flow,us-gaap:ShareBasedCompensation,Stock-based compensation expense,2Q25,72.831,(derived),,,,,derived,6M25 - 1Q25 = 150.405 - 77.574
cash_flow,us-gaap:ShareBasedCompensation,Stock-based compensation expense,3Q25,84.703,(derived),,,,,derived,9M25 - 6M25 = 235.108 - 150.405
cash_flow,us-gaap:ShareBasedCompensation,Stock-based compensation expense,2Q26,81.72099999999999,(derived),,,,,derived,6M26 - 1Q26 = 167.396 - 85.675
cash_flow,adi:NoncashPortionofSpecialCharge,Non-cash portion of special charge,2Q19,4.367,(derived),,,,,derived,"6M19 - 1Q19(=0, not reported) = 4.367 - 0.0"
cash_flow,adi:NoncashPortionofSpecialCharge,Non-cash portion of special charge,3Q19,0.0,(derived),,,,,derived,9M19 - 6M19 = 4.367 - 4.367
cash_flow,us-gaap:DeferredIncomeTaxExpenseBenefit,Deferred income taxes,2Q19,-21.843,(derived),,,,,derived,"6M19 - 1Q19(=0, not reported) = -21.843 - 0.0"
cash_flow,us-gaap:DeferredIncomeTaxExpenseBenefit,Deferred income taxes,3Q19,-33.601,(derived),,,,,derived,9M19 - 6M19 = -55.444 - -21.843
cash_flow,us-gaap:DeferredIncomeTaxExpenseBenefit,Deferred income taxes,2Q20,-21.408,(derived),,,,,derived,6M20 - 1Q20 = -35.39 - -13.982
cash_flow,us-gaap:DeferredIncomeTaxExpenseBenefit,Deferred income taxes,3Q20,-7.411999999999999,(derived),,,,,derived,9M20 - 6M20 = -42.802 - -35.39
cash_flow,us-gaap:DeferredIncomeTaxExpenseBenefit,Deferred income taxes,2Q21,-21.017000000000003,(derived),,,,,derived,6M21 - 1Q21 = -48.292 - -27.275
cash_flow,us-gaap:DeferredIncomeTaxExpenseBenefit,Deferred income taxes,3Q21,-24.286,(derived),,,,,derived,9M21 - 6M21 = -72.578 - -48.292
cash_flow,us-gaap:DeferredIncomeTaxExpenseBenefit,Deferred income taxes,2Q22,-88.34100000000001,(derived),,,,,derived,6M22 - 1Q22 = -122.992 - -34.651
cash_flow,us-gaap:DeferredIncomeTaxExpenseBenefit,Deferred income taxes,3Q22,-82.13599999999998,(derived),,,,,derived,9M22 - 6M22 = -205.128 - -122.992
cash_flow,us-gaap:DeferredIncomeTaxExpenseBenefit,Deferred income taxes,2Q23,-133.756,(derived),,,,,derived,6M23 - 1Q23 = -280.11 - -146.354
cash_flow,us-gaap:DeferredIncomeTaxExpenseBenefit,Deferred income taxes,3Q23,-151.28299999999996,(derived),,,,,derived,9M23 - 6M23 = -431.393 - -280.11
cash_flow,us-gaap:DeferredIncomeTaxExpenseBenefit,Deferred income taxes,2Q24,-62.19900000000001,(derived),,,,,derived,6M24 - 1Q24 = -164.348 - -102.149
cash_flow,us-gaap:DeferredIncomeTaxExpenseBenefit,Deferred income taxes,3Q24,-105.21799999999996,(derived),,,,,derived,9M24 - 6M24 = -269.566 - -164.348
cash_flow,us-gaap:DeferredIncomeTaxExpenseBenefit,Deferred income taxes,2Q25,-89.916,(derived),,,,,derived,6M25 - 1Q25 = -149.37 - -59.454
cash_flow,us-gaap:DeferredIncomeTaxExpenseBenefit,Deferred income taxes,3Q25,52.05200000000001,(derived),,,,,derived,9M25 - 6M25 = -97.318 - -149.37
cash_flow,us-gaap:DeferredIncomeTaxExpenseBenefit,Deferred income taxes,2Q26,-60.269000000000005,(derived),,,,,derived,6M26 - 1Q26 = -120.93 - -60.661
cash_flow,us-gaap:OtherNoncashIncomeExpense,Other non-cash activity,2Q19,18.429,(derived),,,,,derived,"6M19 - 1Q19(=0, not reported) = 18.429 - 0.0"
cash_flow,us-gaap:OtherNoncashIncomeExpense,Other non-cash activity,3Q19,8.272000000000002,(derived),,,,,derived,9M19 - 6M19 = 26.701 - 18.429
cash_flow,us-gaap:OtherNoncashIncomeExpense,Other non-cash activity,2Q20,1.4690000000000003,(derived),,,,,derived,6M20 - 1Q20 = 3.801 - 2.332
cash_flow,us-gaap:OtherNoncashIncomeExpense,Other non-cash activity,3Q20,1.8739999999999997,(derived),,,,,derived,9M20 - 6M20 = 5.675 - 3.801
cash_flow,us-gaap:OtherNoncashIncomeExpense,Other non-cash activity,2Q21,2.431000000000001,(derived),,,,,derived,6M21 - 1Q21 = -12.122 - -14.553
cash_flow,us-gaap:OtherNoncashIncomeExpense,Other non-cash activity,3Q21,-2.843,(derived),,,,,derived,9M21 - 6M21 = -14.965 - -12.122
cash_flow,us-gaap:OtherNoncashIncomeExpense,Other non-cash activity,2Q22,-8.477,(derived),,,,,derived,6M22 - 1Q22 = -10.225 - -1.748
cash_flow,us-gaap:OtherNoncashIncomeExpense,Other non-cash activity,3Q22,3.1639999999999997,(derived),,,,,derived,9M22 - 6M22 = -7.061 - -10.225
cash_flow,us-gaap:OtherNoncashIncomeExpense,Other non-cash activity,2Q23,-2.708,(derived),,,,,derived,6M23 - 1Q23 = 9.67 - 12.378
cash_flow,us-gaap:OtherNoncashIncomeExpense,Other non-cash activity,3Q23,4.515000000000001,(derived),,,,,derived,9M23 - 6M23 = 14.185 - 9.67
cash_flow,us-gaap:OtherNoncashIncomeExpense,Other non-cash activity,2Q24,8.686,(derived),,,,,derived,6M24 - 1Q24 = 13.37 - 4.684
cash_flow,us-gaap:OtherNoncashIncomeExpense,Other non-cash activity,3Q24,10.456000000000001,(derived),,,,,derived,9M24 - 6M24 = 23.826 - 13.37
cash_flow,us-gaap:OtherNoncashIncomeExpense,Other non-cash activity,2Q25,5.002000000000001,(derived),,,,,derived,6M25 - 1Q25 = 4.203 - -0.799
cash_flow,us-gaap:OtherNoncashIncomeExpense,Other non-cash activity,3Q25,-5.699,(derived),,,,,derived,9M25 - 6M25 = -1.496 - 4.203
cash_flow,us-gaap:OtherNoncashIncomeExpense,Other non-cash activity,2Q26,-8.698,(derived),,,,,derived,6M26 - 1Q26 = 4.727 - 13.425
cash_flow,us-gaap:IncreaseDecreaseInOperatingCapital,Changes in operating assets and liabilities,2Q19,-159.829,(derived),,,,,derived,"6M19 - 1Q19(=0, not reported) = -159.829 - 0.0"
cash_flow,us-gaap:IncreaseDecreaseInOperatingCapital,Changes in operating assets and liabilities,3Q19,-24.722999999999985,(derived),,,,,derived,9M19 - 6M19 = -184.552 - -159.829
cash_flow,us-gaap:IncreaseDecreaseInOperatingCapital,Changes in operating assets and liabilities,2Q20,-57.92800000000001,(derived),,,,,derived,6M20 - 1Q20 = -181.937 - -124.009
cash_flow,us-gaap:IncreaseDecreaseInOperatingCapital,Changes in operating assets and liabilities,3Q20,-40.94999999999999,(derived),,,,,derived,9M20 - 6M20 = -222.887 - -181.937
cash_flow,us-gaap:IncreaseDecreaseInOperatingCapital,Changes in operating assets and liabilities,2Q21,93.51800000000001,(derived),,,,,derived,6M21 - 1Q21 = -63.223 - -156.741
cash_flow,us-gaap:IncreaseDecreaseInOperatingCapital,Changes in operating assets and liabilities,3Q21,-70.421,(derived),,,,,derived,9M21 - 6M21 = -133.644 - -63.223
cash_flow,us-gaap:IncreaseDecreaseInOperatingCapital,Changes in operating assets and liabilities,2Q22,-84.053,(derived),,,,,derived,6M22 - 1Q22 = -399.463 - -315.41
cash_flow,us-gaap:IncreaseDecreaseInOperatingCapital,Changes in operating assets and liabilities,3Q22,-183.34999999999997,(derived),,,,,derived,9M22 - 6M22 = -582.813 - -399.463
cash_flow,us-gaap:IncreaseDecreaseInOperatingCapital,Changes in operating assets and liabilities,2Q23,-406.253,(derived),,,,,derived,6M23 - 1Q23 = -487.339 - -81.086
cash_flow,us-gaap:IncreaseDecreaseInOperatingCapital,Changes in operating assets and liabilities,3Q23,-270.306,(derived),,,,,derived,9M23 - 6M23 = -757.645 - -487.339
cash_flow,us-gaap:IncreaseDecreaseInOperatingCapital,Changes in operating assets and liabilities,2Q24,-27.56899999999999,(derived),,,,,derived,6M24 - 1Q24 = 150.935 - 178.504
cash_flow,us-gaap:IncreaseDecreaseInOperatingCapital,Changes in operating assets and liabilities,3Q24,-36.801,(derived),,,,,derived,9M24 - 6M24 = 114.134 - 150.935
cash_flow,us-gaap:IncreaseDecreaseInOperatingCapital,Changes in operating assets and liabilities,2Q25,-238.81599999999997,(derived),,,,,derived,6M25 - 1Q25 = -36.247 - 202.569
cash_flow,us-gaap:IncreaseDecreaseInOperatingCapital,Changes in operating assets and liabilities,3Q25,28.239,(derived),,,,,derived,9M25 - 6M25 = -8.008 - -36.247
cash_flow,us-gaap:IncreaseDecreaseInOperatingCapital,Changes in operating assets and liabilities,2Q26,-807.998,(derived),,,,,derived,6M26 - 1Q26 = -799.249 - 8.749
cash_flow,us-gaap:AdjustmentsToReconcileNetIncomeLossToCashProvidedByUsedInOperatingActivities,Total adjustments,2Q19,319.706,(derived),,,,,derived,"6M19 - 1Q19(=0, not reported) = 319.706 - 0.0"
cash_flow,us-gaap:AdjustmentsToReconcileNetIncomeLossToCashProvidedByUsedInOperatingActivities,Total adjustments,3Q19,190.173,(derived),,,,,derived,9M19 - 6M19 = 509.879 - 319.706
cash_flow,us-gaap:AdjustmentsToReconcileNetIncomeLossToCashProvidedByUsedInOperatingActivities,Total adjustments,2Q20,161.34500000000003,(derived),,,,,derived,6M20 - 1Q20 = 307.119 - 145.774
cash_flow,us-gaap:AdjustmentsToReconcileNetIncomeLossToCashProvidedByUsedInOperatingActivities,Total adjustments,3Q20,194.53499999999997,(derived),,,,,derived,9M20 - 6M20 = 501.654 - 307.119
cash_flow,us-gaap:AdjustmentsToReconcileNetIncomeLossToCashProvidedByUsedInOperatingActivities,Total adjustments,2Q21,313.457,(derived),,,,,derived,6M21 - 1Q21 = 352.879 - 39.422
cash_flow,us-gaap:AdjustmentsToReconcileNetIncomeLossToCashProvidedByUsedInOperatingActivities,Total adjustments,3Q21,126.731,(derived),,,,,derived,9M21 - 6M21 = 479.61 - 352.879
cash_flow,us-gaap:AdjustmentsToReconcileNetIncomeLossToCashProvidedByUsedInOperatingActivities,Total adjustments,2Q22,438.534,(derived),,,,,derived,6M22 - 1Q22 = 1014.87 - 576.336
cash_flow,us-gaap:AdjustmentsToReconcileNetIncomeLossToCashProvidedByUsedInOperatingActivities,Total adjustments,3Q22,498.861,(derived),,,,,derived,9M22 - 6M22 = 1513.731 - 1014.87
cash_flow,us-gaap:AdjustmentsToReconcileNetIncomeLossToCashProvidedByUsedInOperatingActivities,Total adjustments,2Q23,103.92499999999995,(derived),,,,,derived,6M23 - 1Q23 = 548.756 - 444.831
cash_flow,us-gaap:AdjustmentsToReconcileNetIncomeLossToCashProvidedByUsedInOperatingActivities,Total adjustments,3Q23,265.43500000000006,(derived),,,,,derived,9M23 - 6M23 = 814.191 - 548.756
cash_flow,us-gaap:AdjustmentsToReconcileNetIncomeLossToCashProvidedByUsedInOperatingActivities,Total adjustments,2Q24,505.6109999999999,(derived),,,,,derived,6M24 - 1Q24 = 1181.716 - 676.105
cash_flow,us-gaap:AdjustmentsToReconcileNetIncomeLossToCashProvidedByUsedInOperatingActivities,Total adjustments,3Q24,462.7950000000001,(derived),,,,,derived,9M24 - 6M24 = 1644.511 - 1181.716
cash_flow,us-gaap:AdjustmentsToReconcileNetIncomeLossToCashProvidedByUsedInOperatingActivities,Total adjustments,2Q25,249.70799999999997,(derived),,,,,derived,6M25 - 1Q25 = 985.201 - 735.493
cash_flow,us-gaap:AdjustmentsToReconcileNetIncomeLossToCashProvidedByUsedInOperatingActivities,Total adjustments,3Q25,646.587,(derived),,,,,derived,9M25 - 6M25 = 1631.788 - 985.201
cash_flow,us-gaap:AdjustmentsToReconcileNetIncomeLossToCashProvidedByUsedInOperatingActivities,Total adjustments,2Q26,-304.30899999999997,(derived),,,,,derived,6M26 - 1Q26 = 233.38 - 537.689
cash_flow,us-gaap:NetCashProvidedByUsedInOperatingActivities,Net cash provided by operating activities,2Q19,1042.649,(derived),,,,,derived,"6M19 - 1Q19(=0, not reported) = 1042.649 - 0.0"
cash_flow,us-gaap:NetCashProvidedByUsedInOperatingActivities,Net cash provided by operating activities,3Q19,552.547,(derived),,,,,derived,9M19 - 6M19 = 1595.196 - 1042.649
cash_flow,us-gaap:NetCashProvidedByUsedInOperatingActivities,Net cash provided by operating activities,2Q20,429.04099999999994,(derived),,,,,derived,6M20 - 1Q20 = 778.689 - 349.648
cash_flow,us-gaap:NetCashProvidedByUsedInOperatingActivities,Net cash provided by operating activities,3Q20,557.1999999999999,(derived),,,,,derived,9M20 - 6M20 = 1335.889 - 778.689
cash_flow,us-gaap:NetCashProvidedByUsedInOperatingActivities,Net cash provided by operating activities,2Q21,736.3620000000001,(derived),,,,,derived,6M21 - 1Q21 = 1164.303 - 427.941
cash_flow,us-gaap:NetCashProvidedByUsedInOperatingActivities,Net cash provided by operating activities,3Q21,630.0419999999999,(derived),,,,,derived,9M21 - 6M21 = 1794.345 - 1164.303
cash_flow,us-gaap:NetCashProvidedByUsedInOperatingActivities,Net cash provided by operating activities,2Q22,1221.8069999999998,(derived),,,,,derived,6M22 - 1Q22 = 2078.22 - 856.413
cash_flow,us-gaap:NetCashProvidedByUsedInOperatingActivities,Net cash provided by operating activities,3Q22,1247.846,(derived),,,,,derived,9M22 - 6M22 = 3326.066 - 2078.22
cash_flow,us-gaap:NetCashProvidedByUsedInOperatingActivities,Net cash provided by operating activities,2Q23,1081.581,(derived),,,,,derived,6M23 - 1Q23 = 2487.886 - 1406.305
cash_flow,us-gaap:NetCashProvidedByUsedInOperatingActivities,Net cash provided by operating activities,3Q23,1142.4540000000002,(derived),,,,,derived,9M23 - 6M23 = 3630.34 - 2487.886
cash_flow,us-gaap:NetCashProvidedByUsedInOperatingActivities,Net cash provided by operating activities,2Q24,807.8529999999998,(derived),,,,,derived,6M24 - 1Q24 = 1946.685 - 1138.832
cash_flow,us-gaap:NetCashProvidedByUsedInOperatingActivities,Net cash provided by operating activities,3Q24,855.027,(derived),,,,,derived,9M24 - 6M24 = 2801.712 - 1946.685
cash_flow,us-gaap:NetCashProvidedByUsedInOperatingActivities,Net cash provided by operating activities,2Q25,819.4780000000001,(derived),,,,,derived,6M25 - 1Q25 = 1946.287 - 1126.809
cash_flow,us-gaap:NetCashProvidedByUsedInOperatingActivities,Net cash provided by operating activities,3Q25,1165.1049999999998,(derived),,,,,derived,9M25 - 6M25 = 3111.392 - 1946.287
cash_flow,us-gaap:NetCashProvidedByUsedInOperatingActivities,Net cash provided by operating activities,2Q26,872.0409999999999,(derived),,,,,derived,6M26 - 1Q26 = 2240.556 - 1368.515
cash_flow,us-gaap:PaymentsToAcquirePropertyPlantAndEquipment,"Additions to property, plant and equipment",2Q19,-166.202,(derived),,,,,derived,"6M19 - 1Q19(=0, not reported) = -166.202 - 0.0"
cash_flow,us-gaap:PaymentsToAcquirePropertyPlantAndEquipment,"Additions to property, plant and equipment",3Q19,-58.095,(derived),,,,,derived,9M19 - 6M19 = -224.297 - -166.202
cash_flow,us-gaap:PaymentsToAcquirePropertyPlantAndEquipment,"Additions to property, plant and equipment",2Q20,-60.161,(derived),,,,,derived,6M20 - 1Q20 = -115.0 - -54.839
cash_flow,us-gaap:PaymentsToAcquirePropertyPlantAndEquipment,"Additions to property, plant and equipment",3Q20,-20.804000000000002,(derived),,,,,derived,9M20 - 6M20 = -135.804 - -115.0
cash_flow,us-gaap:PaymentsToAcquirePropertyPlantAndEquipment,"Additions to property, plant and equipment",2Q21,-59.17,(derived),,,,,derived,6M21 - 1Q21 = -126.558 - -67.388
cash_flow,us-gaap:PaymentsToAcquirePropertyPlantAndEquipment,"Additions to property, plant and equipment",3Q21,-86.341,(derived),,,,,derived,9M21 - 6M21 = -212.899 - -126.558
cash_flow,us-gaap:PaymentsToAcquirePropertyPlantAndEquipment,"Additions to property, plant and equipment",2Q22,-118.77900000000001,(derived),,,,,derived,6M22 - 1Q22 = -229.912 - -111.133
cash_flow,us-gaap:PaymentsToAcquirePropertyPlantAndEquipment,"Additions to property, plant and equipment",3Q22,-164.884,(derived),,,,,derived,9M22 - 6M22 = -394.796 - -229.912
cash_flow,us-gaap:PaymentsToAcquirePropertyPlantAndEquipment,"Additions to property, plant and equipment",2Q23,-284.33799999999997,(derived),,,,,derived,6M23 - 1Q23 = -460.496 - -176.158
cash_flow,us-gaap:PaymentsToAcquirePropertyPlantAndEquipment,"Additions to property, plant and equipment",3Q23,-324.57400000000007,(derived),,,,,derived,9M23 - 6M23 = -785.07 - -460.496
cash_flow,us-gaap:PaymentsToAcquirePropertyPlantAndEquipment,"Additions to property, plant and equipment",2Q24,-188.18899999999996,(derived),,,,,derived,6M24 - 1Q24 = -411.167 - -222.978
cash_flow,us-gaap:PaymentsToAcquirePropertyPlantAndEquipment,"Additions to property, plant and equipment",3Q24,-153.88600000000002,(derived),,,,,derived,9M24 - 6M24 = -565.053 - -411.167
cash_flow,us-gaap:PaymentsToAcquirePropertyPlantAndEquipment,"Additions to property, plant and equipment",2Q25,-90.268,(derived),,,,,derived,6M25 - 1Q25 = -239.246 - -148.978
cash_flow,us-gaap:PaymentsToAcquirePropertyPlantAndEquipment,"Additions to property, plant and equipment",3Q25,-79.15299999999999,(derived),,,,,derived,9M25 - 6M25 = -318.399 - -239.246
cash_flow,us-gaap:PaymentsToAcquirePropertyPlantAndEquipment,"Additions to property, plant and equipment",2Q26,-137.702,(derived),,,,,derived,6M26 - 1Q26 = -247.015 - -109.313
cash_flow,us-gaap:PaymentsForProceedsFromOtherInvestingActivities,Changes in other assets,2Q19,-4.585,(derived),,,,,derived,"6M19 - 1Q19(=0, not reported) = -4.585 - 0.0"
cash_flow,us-gaap:PaymentsForProceedsFromOtherInvestingActivities,Changes in other assets,3Q19,-0.5469999999999997,(derived),,,,,derived,9M19 - 6M19 = -5.132 - -4.585
cash_flow,us-gaap:PaymentsForProceedsFromOtherInvestingActivities,Changes in other assets,2Q20,-1.391,(derived),,,,,derived,6M20 - 1Q20 = -1.284 - 0.107
cash_flow,us-gaap:PaymentsForProceedsFromOtherInvestingActivities,Changes in other assets,3Q20,0.07000000000000006,(derived),,,,,derived,9M20 - 6M20 = -1.214 - -1.284
cash_flow,us-gaap:PaymentsForProceedsFromOtherInvestingActivities,Changes in other assets,2Q21,0.0,(derived),,,,,derived,6M21 - 1Q21 = 18.566 - 18.566
cash_flow,us-gaap:PaymentsForProceedsFromOtherInvestingActivities,Changes in other assets,3Q21,3.649000000000001,(derived),,,,,derived,9M21 - 6M21 = 22.215 - 18.566
cash_flow,us-gaap:PaymentsForProceedsFromOtherInvestingActivities,Changes in other assets,2Q22,13.01,(derived),,,,,derived,"6M22 - 1Q22(=0, not reported) = 13.01 - 0.0"
cash_flow,us-gaap:PaymentsForProceedsFromOtherInvestingActivities,Changes in other assets,3Q22,30.751000000000005,(derived),,,,,derived,9M22 - 6M22 = 43.761 - 13.01
cash_flow,us-gaap:PaymentsForProceedsFromOtherInvestingActivities,Changes in other assets,2Q23,-0.183,(derived),,,,,derived,6M23 - 1Q23 = -0.081 - 0.102
cash_flow,us-gaap:PaymentsForProceedsFromOtherInvestingActivities,Changes in other assets,3Q23,-2.173,(derived),,,,,derived,9M23 - 6M23 = -2.254 - -0.081
cash_flow,us-gaap:PaymentsForProceedsFromOtherInvestingActivities,Changes in other assets,2Q24,10.229,(derived),,,,,derived,6M24 - 1Q24 = 14.106 - 3.877
cash_flow,us-gaap:PaymentsForProceedsFromOtherInvestingActivities,Changes in other assets,3Q24,-3.395999999999999,(derived),,,,,derived,9M24 - 6M24 = 10.71 - 14.106
cash_flow,us-gaap:PaymentsForProceedsFromOtherInvestingActivities,Changes in other assets,2Q25,-13.209000000000001,(derived),,,,,derived,6M25 - 1Q25 = -12.88 - 0.329
cash_flow,us-gaap:PaymentsForProceedsFromOtherInvestingActivities,Changes in other assets,3Q25,-0.7149999999999999,(derived),,,,,derived,9M25 - 6M25 = -13.595 - -12.88
cash_flow,us-gaap:PaymentsForProceedsFromOtherInvestingActivities,Changes in other assets,2Q26,-16.174,(derived),,,,,derived,6M26 - 1Q26 = -23.882 - -7.708
cash_flow,us-gaap:NetCashProvidedByUsedInInvestingActivities,Net cash used for investing activities,2Q19,-170.787,(derived),,,,,derived,"6M19 - 1Q19(=0, not reported) = -170.787 - 0.0"
cash_flow,us-gaap:NetCashProvidedByUsedInInvestingActivities,Net cash used for investing activities,3Q19,-58.641999999999996,(derived),,,,,derived,9M19 - 6M19 = -229.429 - -170.787
cash_flow,us-gaap:NetCashProvidedByUsedInInvestingActivities,Net cash used for investing activities,2Q20,-61.55200000000001,(derived),,,,,derived,6M20 - 1Q20 = -116.284 - -54.732
cash_flow,us-gaap:NetCashProvidedByUsedInInvestingActivities,Net cash used for investing activities,3Q20,-33.497,(derived),,,,,derived,9M20 - 6M20 = -149.781 - -116.284
cash_flow,us-gaap:NetCashProvidedByUsedInInvestingActivities,Net cash used for investing activities,2Q21,-60.697,(derived),,,,,derived,6M21 - 1Q21 = -135.768 - -75.071
cash_flow,us-gaap:NetCashProvidedByUsedInInvestingActivities,Net cash used for investing activities,3Q21,-47.512,(derived),,,,,derived,9M21 - 6M21 = -183.28 - -135.768
cash_flow,us-gaap:NetCashProvidedByUsedInInvestingActivities,Net cash used for investing activities,2Q22,-113.59299999999999,(derived),,,,,derived,6M22 - 1Q22 = -216.902 - -103.309
cash_flow,us-gaap:NetCashProvidedByUsedInInvestingActivities,Net cash used for investing activities,3Q22,-134.13300000000004,(derived),,,,,derived,9M22 - 6M22 = -351.035 - -216.902
cash_flow,us-gaap:NetCashProvidedByUsedInInvestingActivities,Net cash used for investing activities,2Q23,-284.52099999999996,(derived),,,,,derived,6M23 - 1Q23 = -460.577 - -176.056
cash_flow,us-gaap:NetCashProvidedByUsedInInvestingActivities,Net cash used for investing activities,3Q23,-326.74699999999996,(derived),,,,,derived,9M23 - 6M23 = -787.324 - -460.577
cash_flow,us-gaap:NetCashProvidedByUsedInInvestingActivities,Net cash used for investing activities,2Q24,-602.077,(derived),,,,,derived,6M24 - 1Q24 = -821.178 - -219.101
cash_flow,us-gaap:NetCashProvidedByUsedInInvestingActivities,Net cash used for investing activities,3Q24,-172.06600000000003,(derived),,,,,derived,9M24 - 6M24 = -993.244 - -821.178
cash_flow,us-gaap:NetCashProvidedByUsedInInvestingActivities,Net cash used for investing activities,2Q25,328.193,(derived),,,,,derived,6M25 - 1Q25 = 133.892 - -194.301
cash_flow,us-gaap:NetCashProvidedByUsedInInvestingActivities,Net cash used for investing activities,3Q25,-1230.108,(derived),,,,,derived,9M25 - 6M25 = -1096.216 - 133.892
cash_flow,us-gaap:NetCashProvidedByUsedInInvestingActivities,Net cash used for investing activities,2Q26,-51.926000000000016,(derived),,,,,derived,6M26 - 1Q26 = -158.955 - -107.029
cash_flow,us-gaap:ProceedsFromLinesOfCredit,Proceeds from revolver,2Q19,75.0,(derived),,,,,derived,"6M19 - 1Q19(=0, not reported) = 75.0 - 0.0"
cash_flow,us-gaap:ProceedsFromLinesOfCredit,Proceeds from revolver,3Q19,0.0,(derived),,,,,derived,9M19 - 6M19 = 75.0 - 75.0
cash_flow,us-gaap:ProceedsFromLinesOfCredit,Proceeds from revolver,2Q20,350.0,(derived),,,,,derived,"6M20 - 1Q20(=0, not reported) = 350.0 - 0.0"
cash_flow,us-gaap:ProceedsFromLinesOfCredit,Proceeds from revolver,3Q20,0.0,(derived),,,,,derived,9M20 - 6M20 = 350.0 - 350.0
cash_flow,us-gaap:ProceedsFromLinesOfCredit,Proceeds from revolver,3Q22,400.0,(derived),,,,,derived,"9M22 - 6M22(=0, not reported) = 400.0 - 0.0"
cash_flow,us-gaap:RepaymentsOfLinesOfCredit,Payments on revolver,2Q19,-75.0,(derived),,,,,derived,"6M19 - 1Q19(=0, not reported) = -75.0 - 0.0"
cash_flow,us-gaap:RepaymentsOfLinesOfCredit,Payments on revolver,3Q19,0.0,(derived),,,,,derived,9M19 - 6M19 = -75.0 - -75.0
cash_flow,us-gaap:RepaymentsOfLinesOfCredit,Payments on revolver,2Q20,-350.0,(derived),,,,,derived,"6M20 - 1Q20(=0, not reported) = -350.0 - 0.0"
cash_flow,us-gaap:RepaymentsOfLinesOfCredit,Payments on revolver,3Q20,0.0,(derived),,,,,derived,9M20 - 6M20 = -350.0 - -350.0
cash_flow,us-gaap:RepaymentsOfLinesOfCredit,Payments on revolver,3Q22,-400.0,(derived),,,,,derived,"9M22 - 6M22(=0, not reported) = -400.0 - 0.0"
cash_flow,us-gaap:RepaymentsOfDebt,Debt repayments,2Q25,-399.998,(derived),,,,,derived,"6M25 - 1Q25(=0, not reported) = -399.998 - 0.0"
cash_flow,us-gaap:RepaymentsOfDebt,Debt repayments,3Q25,0.0,(derived),,,,,derived,9M25 - 6M25 = -399.998 - -399.998
cash_flow,us-gaap:RepaymentsOfDebt,Debt repayments,2Q19,-350.0,(derived),,,,,derived,"6M19 - 1Q19(=0, not reported) = -350.0 - 0.0"
cash_flow,us-gaap:RepaymentsOfDebt,Debt repayments,3Q19,-300.0,(derived),,,,,derived,9M19 - 6M19 = -650.0 - -350.0
cash_flow,us-gaap:RepaymentsOfDebt,Debt repayments,2Q20,-300.0,(derived),,,,,derived,"6M20 - 1Q20(=0, not reported) = -300.0 - 0.0"
cash_flow,us-gaap:RepaymentsOfDebt,Debt repayments,3Q20,0.0,(derived),,,,,derived,9M20 - 6M20 = -300.0 - -300.0
cash_flow,us-gaap:RepaymentsOfDebt,Debt repayments,2Q22,0.0,(derived),,,,,derived,6M22 - 1Q22 = -519.116 - -519.116
cash_flow,us-gaap:RepaymentsOfDebt,Debt repayments,3Q22,0.0,(derived),,,,,derived,9M22 - 6M22 = -519.116 - -519.116
cash_flow,us-gaap:PaymentsOfDividendsCommonStock,Dividend payments to shareholders,2Q19,-377.217,(derived),,,,,derived,"6M19 - 1Q19(=0, not reported) = -377.217 - 0.0"
cash_flow,us-gaap:PaymentsOfDividendsCommonStock,Dividend payments to shareholders,3Q19,-200.06799999999998,(derived),,,,,derived,9M19 - 6M19 = -577.285 - -377.217
cash_flow,us-gaap:PaymentsOfDividendsCommonStock,Dividend payments to shareholders,2Q20,-228.6,(derived),,,,,derived,6M20 - 1Q20 = -427.76 - -199.16
cash_flow,us-gaap:PaymentsOfDividendsCommonStock,Dividend payments to shareholders,3Q20,-228.798,(derived),,,,,derived,9M20 - 6M20 = -656.558 - -427.76
cash_flow,us-gaap:PaymentsOfDividendsCommonStock,Dividend payments to shareholders,2Q21,-254.429,(derived),,,,,derived,6M21 - 1Q21 = -483.608 - -229.179
cash_flow,us-gaap:PaymentsOfDividendsCommonStock,Dividend payments to shareholders,3Q21,-254.50600000000003,(derived),,,,,derived,9M21 - 6M21 = -738.114 - -483.608
cash_flow,us-gaap:PaymentsOfDividendsCommonStock,Dividend payments to shareholders,2Q22,-397.544,(derived),,,,,derived,6M22 - 1Q22 = -760.189 - -362.645
cash_flow,us-gaap:PaymentsOfDividendsCommonStock,Dividend payments to shareholders,3Q22,-394.01800000000014,(derived),,,,,derived,9M22 - 6M22 = -1154.207 - -760.189
cash_flow,us-gaap:PaymentsOfDividendsCommonStock,Dividend payments to shareholders,2Q23,-435.21299999999997,(derived),,,,,derived,6M23 - 1Q23 = -820.665 - -385.452
cash_flow,us-gaap:PaymentsOfDividendsCommonStock,Dividend payments to shareholders,3Q23,-430.45600000000013,(derived),,,,,derived,9M23 - 6M23 = -1251.121 - -820.665
cash_flow,us-gaap:PaymentsOfDividendsCommonStock,Dividend payments to shareholders,2Q24,-456.14199999999994,(derived),,,,,derived,6M24 - 1Q24 = -882.218 - -426.076
cash_flow,us-gaap:PaymentsOfDividendsCommonStock,Dividend payments to shareholders,3Q24,-456.485,(derived),,,,,derived,9M24 - 6M24 = -1338.703 - -882.218
cash_flow,us-gaap:PaymentsOfDividendsCommonStock,Dividend payments to shareholders,2Q25,-491.022,(derived),,,,,derived,6M25 - 1Q25 = -947.36 - -456.338
cash_flow,us-gaap:PaymentsOfDividendsCommonStock,Dividend payments to shareholders,3Q25,-490.16099999999994,(derived),,,,,derived,9M25 - 6M25 = -1437.521 - -947.36
cash_flow,us-gaap:PaymentsOfDividendsCommonStock,Dividend payments to shareholders,2Q26,-536.4590000000001,(derived),,,,,derived,6M26 - 1Q26 = -1020.719 - -484.26
cash_flow,us-gaap:PaymentsForRepurchaseOfCommonStock,Repurchase of common stock,2Q19,-328.615,(derived),,,,,derived,"6M19 - 1Q19(=0, not reported) = -328.615 - 0.0"
cash_flow,us-gaap:PaymentsForRepurchaseOfCommonStock,Repurchase of common stock,3Q19,-112.00099999999998,(derived),,,,,derived,9M19 - 6M19 = -440.616 - -328.615
cash_flow,us-gaap:PaymentsForRepurchaseOfCommonStock,Repurchase of common stock,2Q20,-113.584,(derived),,,,,derived,6M20 - 1Q20 = -219.614 - -106.03
cash_flow,us-gaap:PaymentsForRepurchaseOfCommonStock,Repurchase of common stock,3Q20,-17.650999999999982,(derived),,,,,derived,9M20 - 6M20 = -237.265 - -219.614
cash_flow,us-gaap:PaymentsForRepurchaseOfCommonStock,Repurchase of common stock,2Q21,-188.814,(derived),,,,,derived,6M21 - 1Q21 = -345.871 - -157.057
cash_flow,us-gaap:PaymentsForRepurchaseOfCommonStock,Repurchase of common stock,3Q21,-163.281,(derived),,,,,derived,9M21 - 6M21 = -509.152 - -345.871
cash_flow,us-gaap:PaymentsForRepurchaseOfCommonStock,Repurchase of common stock,2Q22,-776.841,(derived),,,,,derived,6M22 - 1Q22 = -852.86 - -76.019
cash_flow,us-gaap:PaymentsForRepurchaseOfCommonStock,Repurchase of common stock,3Q22,-905.9720000000001,(derived),,,,,derived,9M22 - 6M22 = -1758.832 - -852.86
cash_flow,us-gaap:PaymentsForRepurchaseOfCommonStock,Repurchase of common stock,2Q23,-1152.951,(derived),,,,,derived,6M23 - 1Q23 = -1807.508 - -654.557
cash_flow,us-gaap:PaymentsForRepurchaseOfCommonStock,Repurchase of common stock,3Q23,-686.51,(derived),,,,,derived,9M23 - 6M23 = -2494.018 - -1807.508
cash_flow,us-gaap:PaymentsForRepurchaseOfCommonStock,Repurchase of common stock,2Q24,-222.38100000000003,(derived),,,,,derived,6M24 - 1Q24 = -402.732 - -180.351
cash_flow,us-gaap:PaymentsForRepurchaseOfCommonStock,Repurchase of common stock,3Q24,-117.97999999999996,(derived),,,,,derived,9M24 - 6M24 = -520.712 - -402.732
cash_flow,us-gaap:PaymentsForRepurchaseOfCommonStock,Repurchase of common stock,2Q25,-248.64600000000002,(derived),,,,,derived,6M25 - 1Q25 = -409.014 - -160.368
cash_flow,us-gaap:PaymentsForRepurchaseOfCommonStock,Repurchase of common stock,3Q25,-1075.152,(derived),,,,,derived,9M25 - 6M25 = -1484.166 - -409.014
cash_flow,us-gaap:PaymentsForRepurchaseOfCommonStock,Repurchase of common stock,2Q26,-772.902,(derived),,,,,derived,6M26 - 1Q26 = -1289.401 - -516.499
cash_flow,us-gaap:ProceedsFromStockPlans,Proceeds from employee stock plans,2Q19,86.907,(derived),,,,,derived,"6M19 - 1Q19(=0, not reported) = 86.907 - 0.0"
cash_flow,us-gaap:ProceedsFromStockPlans,Proceeds from employee stock plans,3Q19,19.22800000000001,(derived),,,,,derived,9M19 - 6M19 = 106.135 - 86.907
cash_flow,us-gaap:ProceedsFromStockPlans,Proceeds from employee stock plans,2Q20,14.783999999999999,(derived),,,,,derived,6M20 - 1Q20 = 30.897 - 16.113
cash_flow,us-gaap:ProceedsFromStockPlans,Proceeds from employee stock plans,3Q20,26.853,(derived),,,,,derived,9M20 - 6M20 = 57.75 - 30.897
cash_flow,us-gaap:ProceedsFromStockPlans,Proceeds from employee stock plans,2Q21,23.751999999999995,(derived),,,,,derived,6M21 - 1Q21 = 43.672 - 19.92
cash_flow,us-gaap:ProceedsFromStockPlans,Proceeds from employee stock plans,3Q21,11.676000000000002,(derived),,,,,derived,9M21 - 6M21 = 55.348 - 43.672
cash_flow,us-gaap:ProceedsFromStockPlans,Proceeds from employee stock plans,2Q22,11.582999999999998,(derived),,,,,derived,6M22 - 1Q22 = 20.054 - 8.471
cash_flow,us-gaap:ProceedsFromStockPlans,Proceeds from employee stock plans,3Q22,9.959000000000003,(derived),,,,,derived,9M22 - 6M22 = 30.013 - 20.054
cash_flow,us-gaap:ProceedsFromStockPlans,Proceeds from employee stock plans,2Q23,25.774,(derived),,,,,derived,6M23 - 1Q23 = 67.012 - 41.238
cash_flow,us-gaap:ProceedsFromStockPlans,Proceeds from employee stock plans,3Q23,45.989999999999995,(derived),,,,,derived,9M23 - 6M23 = 113.002 - 67.012
cash_flow,us-gaap:ProceedsFromStockPlans,Proceeds from employee stock plans,2Q24,14.516999999999996,(derived),,,,,derived,6M24 - 1Q24 = 64.336 - 49.819
cash_flow,us-gaap:ProceedsFromStockPlans,Proceeds from employee stock plans,3Q24,52.019000000000005,(derived),,,,,derived,9M24 - 6M24 = 116.355 - 64.336
cash_flow,us-gaap:ProceedsFromStockPlans,Proceeds from employee stock plans,2Q25,19.814999999999998,(derived),,,,,derived,6M25 - 1Q25 = 61.562 - 41.747
cash_flow,us-gaap:ProceedsFromStockPlans,Proceeds from employee stock plans,3Q25,42.766999999999996,(derived),,,,,derived,9M25 - 6M25 = 104.329 - 61.562
cash_flow,us-gaap:ProceedsFromStockPlans,Proceeds from employee stock plans,2Q26,9.866,(derived),,,,,derived,6M26 - 1Q26 = 59.487 - 49.621
cash_flow,adi:BusinessAcquisitionContingentConsiderationCashPaymentFinancing,Contingent consideration payment,2Q19,-4.0,(derived),,,,,derived,"6M19 - 1Q19(=0, not reported) = -4.0 - 0.0"
cash_flow,us-gaap:ProceedsFromPaymentsForOtherFinancingActivities,Changes in other financing activities,2Q19,-2.144,(derived),,,,,derived,"6M19 - 1Q19(=0, not reported) = -2.144 - 0.0"
cash_flow,us-gaap:ProceedsFromPaymentsForOtherFinancingActivities,Changes in other financing activities,3Q19,-5.774,(derived),,,,,derived,9M19 - 6M19 = -7.918 - -2.144
cash_flow,us-gaap:ProceedsFromPaymentsForOtherFinancingActivities,Changes in other financing activities,2Q20,-3.9559999999999995,(derived),,,,,derived,6M20 - 1Q20 = -4.451 - -0.495
cash_flow,us-gaap:ProceedsFromPaymentsForOtherFinancingActivities,Changes in other financing activities,3Q20,0.43599999999999994,(derived),,,,,derived,9M20 - 6M20 = -4.015 - -4.451
cash_flow,us-gaap:ProceedsFromPaymentsForOtherFinancingActivities,Changes in other financing activities,2Q21,-0.09399999999999986,(derived),,,,,derived,6M21 - 1Q21 = 2.399 - 2.493
cash_flow,us-gaap:ProceedsFromPaymentsForOtherFinancingActivities,Changes in other financing activities,3Q21,-0.44700000000000006,(derived),,,,,derived,9M21 - 6M21 = 1.952 - 2.399
cash_flow,us-gaap:ProceedsFromPaymentsForOtherFinancingActivities,Changes in other financing activities,2Q22,14.616,(derived),,,,,derived,6M22 - 1Q22 = 26.657 - 12.041
cash_flow,us-gaap:ProceedsFromPaymentsForOtherFinancingActivities,Changes in other financing activities,3Q22,-28.375,(derived),,,,,derived,9M22 - 6M22 = -1.718 - 26.657
cash_flow,us-gaap:ProceedsFromPaymentsForOtherFinancingActivities,Changes in other financing activities,2Q23,84.53,(derived),,,,,derived,6M23 - 1Q23 = 52.942 - -31.588
cash_flow,us-gaap:ProceedsFromPaymentsForOtherFinancingActivities,Changes in other financing activities,3Q23,-64.169,(derived),,,,,derived,9M23 - 6M23 = -11.227 - 52.942
cash_flow,us-gaap:ProceedsFromPaymentsForOtherFinancingActivities,Changes in other financing activities,2Q24,2.718,(derived),,,,,derived,6M24 - 1Q24 = -12.126 - -14.844
cash_flow,us-gaap:ProceedsFromPaymentsForOtherFinancingActivities,Changes in other financing activities,3Q24,6.614,(derived),,,,,derived,9M24 - 6M24 = -5.512 - -12.126
cash_flow,us-gaap:ProceedsFromPaymentsForOtherFinancingActivities,Changes in other financing activities,2Q25,-1.896,(derived),,,,,derived,6M25 - 1Q25 = -1.458 - 0.438
cash_flow,us-gaap:ProceedsFromPaymentsForOtherFinancingActivities,Changes in other financing activities,3Q25,41.775,(derived),,,,,derived,9M25 - 6M25 = 40.317 - -1.458
cash_flow,us-gaap:ProceedsFromPaymentsForOtherFinancingActivities,Changes in other financing activities,2Q26,3.2800000000000002,(derived),,,,,derived,6M26 - 1Q26 = 2.983 - -0.297
cash_flow,us-gaap:NetCashProvidedByUsedInFinancingActivities,Net cash used for financing activities,2Q19,-975.069,(derived),,,,,derived,"6M19 - 1Q19(=0, not reported) = -975.069 - 0.0"
cash_flow,us-gaap:NetCashProvidedByUsedInFinancingActivities,Net cash used for financing activities,3Q19,-594.615,(derived),,,,,derived,9M19 - 6M19 = -1569.684 - -975.069
cash_flow,us-gaap:NetCashProvidedByUsedInFinancingActivities,Net cash used for financing activities,2Q20,-235.71000000000004,(derived),,,,,derived,6M20 - 1Q20 = -525.282 - -289.572
cash_flow,us-gaap:NetCashProvidedByUsedInFinancingActivities,Net cash used for financing activities,3Q20,-219.15999999999997,(derived),,,,,derived,9M20 - 6M20 = -744.442 - -525.282
cash_flow,us-gaap:NetCashProvidedByUsedInFinancingActivities,Net cash used for financing activities,2Q21,-419.58500000000004,(derived),,,,,derived,6M21 - 1Q21 = -783.408 - -363.823
cash_flow,us-gaap:NetCashProvidedByUsedInFinancingActivities,Net cash used for financing activities,3Q21,-406.5579999999999,(derived),,,,,derived,9M21 - 6M21 = -1189.966 - -783.408
cash_flow,us-gaap:NetCashProvidedByUsedInFinancingActivities,Net cash used for financing activities,2Q22,-1148.1860000000001,(derived),,,,,derived,6M22 - 1Q22 = -2085.454 - -937.268
cash_flow,us-gaap:NetCashProvidedByUsedInFinancingActivities,Net cash used for financing activities,3Q22,-1318.406,(derived),,,,,derived,9M22 - 6M22 = -3403.86 - -2085.454
cash_flow,us-gaap:NetCashProvidedByUsedInFinancingActivities,Net cash used for financing activities,2Q23,-1289.913,(derived),,,,,derived,6M23 - 1Q23 = -2320.272 - -1030.359
cash_flow,us-gaap:NetCashProvidedByUsedInFinancingActivities,Net cash used for financing activities,3Q23,-844.0700000000002,(derived),,,,,derived,9M23 - 6M23 = -3164.342 - -2320.272
cash_flow,us-gaap:NetCashProvidedByUsedInFinancingActivities,Net cash used for financing activities,2Q24,430.359,(derived),,,,,derived,6M24 - 1Q24 = -143.873 - -574.232
cash_flow,us-gaap:NetCashProvidedByUsedInFinancingActivities,Net cash used for financing activities,3Q24,-516.624,(derived),,,,,derived,9M24 - 6M24 = -660.497 - -143.873
cash_flow,us-gaap:NetCashProvidedByUsedInFinancingActivities,Net cash used for financing activities,2Q25,-1121.43,(derived),,,,,derived,6M25 - 1Q25 = -1695.286 - -573.856
cash_flow,us-gaap:NetCashProvidedByUsedInFinancingActivities,Net cash used for financing activities,3Q25,9.95900000000006,(derived),,,,,derived,9M25 - 6M25 = -1685.327 - -1695.286
cash_flow,us-gaap:NetCashProvidedByUsedInFinancingActivities,Net cash used for financing activities,2Q26,-1289.0589999999997,(derived),,,,,derived,6M26 - 1Q26 = -2144.091 - -855.032
cash_flow,us-gaap:EffectOfExchangeRateOnCashCashEquivalentsRestrictedCashAndRestrictedCashEquivalents,Effect of exchange rate changes on cash,2Q19,0.217,(derived),,,,,derived,"6M19 - 1Q19(=0, not reported) = 0.217 - 0.0"
cash_flow,us-gaap:EffectOfExchangeRateOnCashCashEquivalentsRestrictedCashAndRestrictedCashEquivalents,Effect of exchange rate changes on cash,3Q19,-0.727,(derived),,,,,derived,9M19 - 6M19 = -0.51 - 0.217
cash_flow,us-gaap:EffectOfExchangeRateOnCashCashEquivalentsRestrictedCashAndRestrictedCashEquivalents,Effect of exchange rate changes on cash,2Q20,-1.25,(derived),,,,,derived,6M20 - 1Q20 = -0.508 - 0.742
cash_flow,us-gaap:EffectOfExchangeRateOnCashCashEquivalentsRestrictedCashAndRestrictedCashEquivalents,Effect of exchange rate changes on cash,3Q20,0.784,(derived),,,,,derived,9M20 - 6M20 = 0.276 - -0.508
cash_flow,us-gaap:EffectOfExchangeRateOnCashCashEquivalentsRestrictedCashAndRestrictedCashEquivalents,Effect of exchange rate changes on cash,2Q21,1.073,(derived),,,,,derived,6M21 - 1Q21 = 4.229 - 3.156
cash_flow,us-gaap:EffectOfExchangeRateOnCashCashEquivalentsRestrictedCashAndRestrictedCashEquivalents,Effect of exchange rate changes on cash,3Q21,-0.4870000000000001,(derived),,,,,derived,9M21 - 6M21 = 3.742 - 4.229
cash_flow,us-gaap:EffectOfExchangeRateOnCashCashEquivalentsRestrictedCashAndRestrictedCashEquivalents,Effect of exchange rate changes on cash,2Q22,-12.693999999999999,(derived),,,,,derived,6M22 - 1Q22 = -16.095 - -3.401
cash_flow,us-gaap:EffectOfExchangeRateOnCashCashEquivalentsRestrictedCashAndRestrictedCashEquivalents,Effect of exchange rate changes on cash,3Q22,-8.080000000000002,(derived),,,,,derived,9M22 - 6M22 = -24.175 - -16.095
cash_flow,us-gaap:CashCashEquivalentsRestrictedCashAndRestrictedCashEquivalentsPeriodIncreaseDecreaseIncludingExchangeRateEffect,Net decrease in cash and cash equivalents,2Q19,-102.99,(derived),,,,,derived,"6M19 - 1Q19(=0, not reported) = -102.99 - 0.0"
cash_flow,us-gaap:CashCashEquivalentsRestrictedCashAndRestrictedCashEquivalentsPeriodIncreaseDecreaseIncludingExchangeRateEffect,Net decrease in cash and cash equivalents,3Q19,-101.437,(derived),,,,,derived,9M19 - 6M19 = -204.427 - -102.99
cash_flow,us-gaap:CashCashEquivalentsRestrictedCashAndRestrictedCashEquivalentsPeriodIncreaseDecreaseIncludingExchangeRateEffect,Net decrease in cash and cash equivalents,2Q20,130.529,(derived),,,,,derived,6M20 - 1Q20 = 136.615 - 6.086
cash_flow,us-gaap:CashCashEquivalentsRestrictedCashAndRestrictedCashEquivalentsPeriodIncreaseDecreaseIncludingExchangeRateEffect,Net decrease in cash and cash equivalents,3Q20,305.327,(derived),,,,,derived,9M20 - 6M20 = 441.942 - 136.615
cash_flow,us-gaap:CashCashEquivalentsRestrictedCashAndRestrictedCashEquivalentsPeriodIncreaseDecreaseIncludingExchangeRateEffect,Net decrease in cash and cash equivalents,2Q21,257.153,(derived),,,,,derived,6M21 - 1Q21 = 249.356 - -7.797
cash_flow,us-gaap:CashCashEquivalentsRestrictedCashAndRestrictedCashEquivalentsPeriodIncreaseDecreaseIncludingExchangeRateEffect,Net decrease in cash and cash equivalents,3Q21,175.485,(derived),,,,,derived,9M21 - 6M21 = 424.841 - 249.356
cash_flow,us-gaap:CashCashEquivalentsRestrictedCashAndRestrictedCashEquivalentsPeriodIncreaseDecreaseIncludingExchangeRateEffect,Net decrease in cash and cash equivalents,2Q22,-52.666,(derived),,,,,derived,6M22 - 1Q22 = -240.231 - -187.565
cash_flow,us-gaap:CashCashEquivalentsRestrictedCashAndRestrictedCashEquivalentsPeriodIncreaseDecreaseIncludingExchangeRateEffect,Net decrease in cash and cash equivalents,3Q22,-212.77300000000002,(derived),,,,,derived,9M22 - 6M22 = -453.004 - -240.231
cash_flow,us-gaap:CashCashEquivalentsRestrictedCashAndRestrictedCashEquivalentsPeriodIncreaseDecreaseIncludingExchangeRateEffect,Net decrease in cash and cash equivalents,2Q23,-492.853,(derived),,,,,derived,6M23 - 1Q23 = -292.963 - 199.89
cash_flow,us-gaap:CashCashEquivalentsRestrictedCashAndRestrictedCashEquivalentsPeriodIncreaseDecreaseIncludingExchangeRateEffect,Net decrease in cash and cash equivalents,3Q23,-28.363,(derived),,,,,derived,9M23 - 6M23 = -321.326 - -292.963
cash_flow,us-gaap:CashCashEquivalentsRestrictedCashAndRestrictedCashEquivalentsPeriodIncreaseDecreaseIncludingExchangeRateEffect,Net decrease in cash and cash equivalents,2Q24,636.135,(derived),,,,,derived,6M24 - 1Q24 = 981.634 - 345.499
cash_flow,us-gaap:CashCashEquivalentsRestrictedCashAndRestrictedCashEquivalentsPeriodIncreaseDecreaseIncludingExchangeRateEffect,Net decrease in cash and cash equivalents,3Q24,166.337,(derived),,,,,derived,9M24 - 6M24 = 1147.971 - 981.634
cash_flow,us-gaap:CashCashEquivalentsRestrictedCashAndRestrictedCashEquivalentsPeriodIncreaseDecreaseIncludingExchangeRateEffect,Net decrease in cash and cash equivalents,2Q25,26.240999999999985,(derived),,,,,derived,6M25 - 1Q25 = 384.893 - 358.652
cash_flow,us-gaap:CashCashEquivalentsRestrictedCashAndRestrictedCashEquivalentsPeriodIncreaseDecreaseIncludingExchangeRateEffect,Net decrease in cash and cash equivalents,3Q25,-55.04399999999998,(derived),,,,,derived,9M25 - 6M25 = 329.849 - 384.893
cash_flow,us-gaap:CashCashEquivalentsRestrictedCashAndRestrictedCashEquivalentsPeriodIncreaseDecreaseIncludingExchangeRateEffect,Net decrease in cash and cash equivalents,2Q26,-468.944,(derived),,,,,derived,6M26 - 1Q26 = -62.49 - 406.454
cash_flow,us-gaap:CashCashEquivalentsRestrictedCashAndRestrictedCashEquivalents,Cash and cash equivalents at beginning of period,2Q19,816.591,(derived),,,,,derived,"6M19 - 1Q19(=0, not reported) = 816.591 - 0.0"
cash_flow,us-gaap:CashCashEquivalentsRestrictedCashAndRestrictedCashEquivalents,Cash and cash equivalents at beginning of period,3Q19,0.0,(derived),,,,,derived,9M19 - 6M19 = 816.591 - 816.591
cash_flow,us-gaap:CashCashEquivalentsRestrictedCashAndRestrictedCashEquivalents,Cash and cash equivalents at beginning of period,2Q20,0.0,(derived),,,,,derived,6M20 - 1Q20 = 648.322 - 648.322
cash_flow,us-gaap:CashCashEquivalentsRestrictedCashAndRestrictedCashEquivalents,Cash and cash equivalents at beginning of period,3Q20,0.0,(derived),,,,,derived,9M20 - 6M20 = 648.322 - 648.322
cash_flow,us-gaap:CashCashEquivalentsRestrictedCashAndRestrictedCashEquivalents,Cash and cash equivalents at beginning of period,2Q21,0.0,(derived),,,,,derived,6M21 - 1Q21 = 1055.86 - 1055.86
cash_flow,us-gaap:CashCashEquivalentsRestrictedCashAndRestrictedCashEquivalents,Cash and cash equivalents at beginning of period,3Q21,0.0,(derived),,,,,derived,9M21 - 6M21 = 1055.86 - 1055.86
cash_flow,us-gaap:CashCashEquivalentsRestrictedCashAndRestrictedCashEquivalents,Cash and cash equivalents at beginning of period,2Q22,0.0,(derived),,,,,derived,6M22 - 1Q22 = 1977.964 - 1977.964
cash_flow,us-gaap:CashCashEquivalentsRestrictedCashAndRestrictedCashEquivalents,Cash and cash equivalents at beginning of period,3Q22,0.0,(derived),,,,,derived,9M22 - 6M22 = 1977.964 - 1977.964
cash_flow,us-gaap:CashCashEquivalentsRestrictedCashAndRestrictedCashEquivalents,Cash and cash equivalents at beginning of period,2Q23,0.0,(derived),,,,,derived,6M23 - 1Q23 = 1470.572 - 1470.572
cash_flow,us-gaap:CashCashEquivalentsRestrictedCashAndRestrictedCashEquivalents,Cash and cash equivalents at beginning of period,3Q23,0.0,(derived),,,,,derived,9M23 - 6M23 = 1470.572 - 1470.572
cash_flow,us-gaap:CashCashEquivalentsRestrictedCashAndRestrictedCashEquivalents,Cash and cash equivalents at beginning of period,2Q24,0.0,(derived),,,,,derived,6M24 - 1Q24 = 958.061 - 958.061
cash_flow,us-gaap:CashCashEquivalentsRestrictedCashAndRestrictedCashEquivalents,Cash and cash equivalents at beginning of period,3Q24,0.0,(derived),,,,,derived,9M24 - 6M24 = 958.061 - 958.061
cash_flow,us-gaap:CashCashEquivalentsRestrictedCashAndRestrictedCashEquivalents,Cash and cash equivalents at beginning of period,2Q25,0.0,(derived),,,,,derived,6M25 - 1Q25 = 1991.342 - 1991.342
cash_flow,us-gaap:CashCashEquivalentsRestrictedCashAndRestrictedCashEquivalents,Cash and cash equivalents at beginning of period,3Q25,0.0,(derived),,,,,derived,9M25 - 6M25 = 1991.342 - 1991.342
cash_flow,us-gaap:CashCashEquivalentsRestrictedCashAndRestrictedCashEquivalents,Cash and cash equivalents at beginning of period,2Q26,0.0,(derived),,,,,derived,6M26 - 1Q26 = 2499.406 - 2499.406
cash_flow,us-gaap:ProceedsFromIssuanceOfDebt,Proceeds from debt,2Q24,1087.856,(derived),,,,,derived,"6M24 - 1Q24(=0, not reported) = 1087.856 - 0.0"
cash_flow,us-gaap:ProceedsFromIssuanceOfDebt,Proceeds from debt,3Q24,0.0,(derived),,,,,derived,9M24 - 6M24 = 1087.856 - 1087.856
cash_flow,us-gaap:ProceedsFromIssuanceOfDebt,Proceeds from debt,3Q25,1490.785,(derived),,,,,derived,"9M25 - 6M25(=0, not reported) = 1490.785 - 0.0"
cash_flow,us-gaap:ProceedsFromIssuanceOfDebt,Proceeds from debt,3Q19,1250.0,(derived),,,,,derived,"9M19 - 6M19(=0, not reported) = 1250.0 - 0.0"
cash_flow,us-gaap:ProceedsFromIssuanceOfDebt,Proceeds from debt,2Q20,395.646,(derived),,,,,derived,"6M20 - 1Q20(=0, not reported) = 395.646 - 0.0"
cash_flow,us-gaap:ProceedsFromIssuanceOfDebt,Proceeds from debt,3Q20,0.0,(derived),,,,,derived,9M20 - 6M20 = 395.646 - 395.646
cash_flow,us-gaap:ProceedsFromRepaymentsOfDebt,Early termination of debt,3Q19,-1250.0,(derived),,,,,derived,"9M19 - 6M19(=0, not reported) = -1250.0 - 0.0"
cash_flow,adi:NonCashContributionToCharitableFoundation,Non-cash contribution to charitable foundation,2Q20,0.0,(derived),,,,,derived,6M20 - 1Q20 = 40.0 - 40.0
cash_flow,adi:NonCashContributionToCharitableFoundation,Non-cash contribution to charitable foundation,3Q20,0.0,(derived),,,,,derived,9M20 - 6M20 = 40.0 - 40.0
cash_flow,us-gaap:PaymentsToAcquireBusinessesNetOfCashAcquired,"Payments for acquisitions, net of cash acquired",2Q25,0.0,(derived),,,,,derived,6M25 - 1Q25 = -45.652 - -45.652
cash_flow,us-gaap:PaymentsToAcquireBusinessesNetOfCashAcquired,"Payments for acquisitions, net of cash acquired",3Q25,0.0,(derived),,,,,derived,9M25 - 6M25 = -45.652 - -45.652
cash_flow,us-gaap:PaymentsToAcquireBusinessesNetOfCashAcquired,"Payments for acquisitions, net of cash acquired",2Q26,-35.875,(derived),,,,,derived,"6M26 - 1Q26(=0, not reported) = -35.875 - 0.0"
cash_flow,us-gaap:PaymentsToAcquireBusinessesNetOfCashAcquired,"Payments for acquisitions, net of cash acquired",3Q20,-12.763,(derived),,,,,derived,"9M20 - 6M20(=0, not reported) = -12.763 - 0.0"
cash_flow,us-gaap:PaymentsToAcquireBusinessesNetOfCashAcquired,"Payments for acquisitions, net of cash acquired",2Q21,0.0,(derived),,,,,derived,6M21 - 1Q21 = -2.428 - -2.428
cash_flow,us-gaap:PaymentsToAcquireBusinessesNetOfCashAcquired,"Payments for acquisitions, net of cash acquired",3Q21,-22.522,(derived),,,,,derived,9M21 - 6M21 = -24.95 - -2.428
cash_flow,adi:PaymentsForAssetAcquisition,Cash paid for asset acquisition,2Q21,0.0,(derived),,,,,derived,6M21 - 1Q21 = -22.522 - -22.522
cash_flow,adi:IncreaseDecreaseInOtherAssetsInvesting,Changes in other assets,2Q21,-1.5270000000000001,(derived),,,,,derived,6M21 - 1Q21 = -2.826 - -1.299
cash_flow,adi:IncreaseDecreaseInOtherAssetsInvesting,Changes in other assets,3Q21,-0.5339999999999998,(derived),,,,,derived,9M21 - 6M21 = -3.36 - -2.826
cash_flow,us-gaap:GainLossOnSaleOfPropertyPlantEquipment,"Gain on sale of property, plant and equipment",3Q21,-13.557,(derived),,,,,derived,"9M21 - 6M21(=0, not reported) = -13.557 - 0.0"
cash_flow,us-gaap:GainLossOnSaleOfPropertyPlantEquipment,"Gain on sale of property, plant and equipment",3Q22,-4.352,(derived),,,,,derived,"9M22 - 6M22(=0, not reported) = -4.352 - 0.0"
cash_flow,us-gaap:ProceedsFromSaleOfPropertyPlantAndEquipment,"Proceeds from sale of property, plant and equipment",2Q25,58.892,(derived),,,,,derived,"6M25 - 1Q25(=0, not reported) = 58.892 - 0.0"
cash_flow,us-gaap:ProceedsFromSaleOfPropertyPlantAndEquipment,"Proceeds from sale of property, plant and equipment",3Q25,0.0,(derived),,,,,derived,9M25 - 6M25 = 58.892 - 58.892
cash_flow,us-gaap:ProceedsFromSaleOfPropertyPlantAndEquipment,"Proceeds from sale of property, plant and equipment",3Q21,35.714,(derived),,,,,derived,"9M21 - 6M21(=0, not reported) = 35.714 - 0.0"
cash_flow,adi:CostOfGoodsAndServicesSoldForInventoryAcquired,Cost of goods sold for inventory acquired,2Q22,0.0,(derived),,,,,derived,6M22 - 1Q22 = 271.396 - 271.396
cash_flow,adi:CostOfGoodsAndServicesSoldForInventoryAcquired,Cost of goods sold for inventory acquired,3Q22,0.0,(derived),,,,,derived,9M22 - 6M22 = 271.396 - 271.396
cash_flow,adi:NonCashOperatingLeaseCosts,Non-cash operating lease costs,2Q22,-27.697,(derived),,,,,derived,"6M22 - 1Q22(=0, not reported) = -27.697 - 0.0"
cash_flow,adi:NonCashOperatingLeaseCosts,Non-cash operating lease costs,3Q22,9.739,(derived),,,,,derived,9M22 - 6M22 = -17.958 - -27.697
cash_flow,adi:NonCashOperatingLeaseCosts,Non-cash operating lease costs,2Q23,-4.256,(derived),,,,,derived,6M23 - 1Q23 = -6.902 - -2.646
cash_flow,us-gaap:AssetImpairmentCharges,Non-cash impairment charge,3Q22,91.953,(derived),,,,,derived,"9M22 - 6M22(=0, not reported) = 91.953 - 0.0"
cash_flow,us-gaap:EarlyRepaymentOfSeniorDebt,Early termination of debt,2Q23,-65.688,(derived),,,,,derived,"6M23 - 1Q23(=0, not reported) = -65.688 - 0.0"
cash_flow,us-gaap:EarlyRepaymentOfSeniorDebt,Early termination of debt,3Q23,0.0,(derived),,,,,derived,9M23 - 6M23 = -65.688 - -65.688
cash_flow,us-gaap:ProceedsFromIssuanceOfCommercialPaper,Proceeds from commercial paper notes,2Q24,2603.9069999999997,(derived),,,,,derived,6M24 - 1Q24 = 5383.401 - 2779.494
cash_flow,us-gaap:ProceedsFromIssuanceOfCommercialPaper,Proceeds from commercial paper notes,3Q24,2326.0910000000003,(derived),,,,,derived,9M24 - 6M24 = 7709.492 - 5383.401
cash_flow,us-gaap:ProceedsFromIssuanceOfCommercialPaper,Proceeds from commercial paper notes,2Q25,2347.0640000000003,(derived),,,,,derived,6M25 - 1Q25 = 4316.34 - 1969.276
cash_flow,us-gaap:ProceedsFromIssuanceOfCommercialPaper,Proceeds from commercial paper notes,3Q25,2551.1679999999997,(derived),,,,,derived,9M25 - 6M25 = 6867.508 - 4316.34
cash_flow,us-gaap:ProceedsFromIssuanceOfCommercialPaper,Proceeds from commercial paper notes,2Q26,4107.964,(derived),,,,,derived,6M26 - 1Q26 = 7154.789 - 3046.825
cash_flow,us-gaap:ProceedsFromIssuanceOfCommercialPaper,Proceeds from commercial paper notes,2Q23,253.635,(derived),,,,,derived,"6M23 - 1Q23(=0, not reported) = 253.635 - 0.0"
cash_flow,us-gaap:ProceedsFromIssuanceOfCommercialPaper,Proceeds from commercial paper notes,3Q23,2392.874,(derived),,,,,derived,9M23 - 6M23 = 2646.509 - 253.635
cash_flow,adi:OperatingLeaseRightOfUseAssetAndLiability,Operating lease assets and liabilities,3Q23,4.945,(derived),,,,,derived,"9M23 - 6M23(=0, not reported) = 4.945 - 0.0"
cash_flow,adi:PaymentsOfCommercialPaper,Payments of commercial paper notes,2Q24,-2600.1160000000004,(derived),,,,,derived,6M24 - 1Q24 = -5382.39 - -2782.274
cash_flow,adi:PaymentsOfCommercialPaper,Payments of commercial paper notes,3Q24,-2326.883,(derived),,,,,derived,9M24 - 6M24 = -7709.273 - -5382.39
cash_flow,adi:PaymentsOfCommercialPaper,Payments of commercial paper notes,2Q25,-2346.7470000000003,(derived),,,,,derived,6M25 - 1Q25 = -4315.358 - -1968.611
cash_flow,adi:PaymentsOfCommercialPaper,Payments of commercial paper notes,3Q25,-2551.223,(derived),,,,,derived,9M25 - 6M25 = -6866.581 - -4315.358
cash_flow,adi:PaymentsOfCommercialPaper,Payments of commercial paper notes,2Q26,-4100.807999999999,(derived),,,,,derived,6M26 - 1Q26 = -7051.23 - -2950.422
cash_flow,adi:PaymentsOfCommercialPaper,Payments of commercial paper notes,3Q23,-2101.799,(derived),,,,,derived,"9M23 - 6M23(=0, not reported) = -2101.799 - 0.0"
cash_flow,us-gaap:PaymentsToAcquireAvailableForSaleSecuritiesDebt,Purchases of short-term available-for-sale investments,2Q24,-424.117,(derived),,,,,derived,"6M24 - 1Q24(=0, not reported) = -424.117 - 0.0"
cash_flow,us-gaap:PaymentsToAcquireAvailableForSaleSecuritiesDebt,Purchases of short-term available-for-sale investments,3Q24,-14.783999999999992,(derived),,,,,derived,9M24 - 6M24 = -438.901 - -424.117
cash_flow,us-gaap:ProceedsFromMaturitiesPrepaymentsAndCallsOfAvailableForSaleSecurities,Maturities of short-term available-for-sale investments,2Q25,372.778,(derived),,,,,derived,"6M25 - 1Q25(=0, not reported) = 372.778 - 0.0"
cash_flow,us-gaap:ProceedsFromMaturitiesPrepaymentsAndCallsOfAvailableForSaleSecurities,Maturities of short-term available-for-sale investments,3Q25,0.0,(derived),,,,,derived,9M25 - 6M25 = 372.778 - 372.778
cash_flow,us-gaap:ProceedsFromMaturitiesPrepaymentsAndCallsOfAvailableForSaleSecurities,Maturities of short-term available-for-sale investments,2Q26,137.82500000000002,(derived),,,,,derived,6M26 - 1Q26 = 147.817 - 9.992
cash_flow,us-gaap:PaymentsForProceedsFromAvailableforsaleSecuritiesShortterm,Purchases of short-term available-for-sale investments,3Q25,-1150.24,(derived),,,,,derived,"9M25 - 6M25(=0, not reported) = -1150.24 - 0.0"
