statement_type,canonical_row_id,master_display_label,output_period,value,source_file,source_sheet,source_column,raw_line_label,raw_concept,source_method,derivation_formula
income_statement,us-gaap:RevenueFromContractWithCustomerExcludingAssessedTax,Subscription and support,FY19,12413.0,CRM_SEC-XBRL-financials_as-presented_10-K_2019-03-08_0001108524-19-000009.xlsx,Income Statement,"Fiscal Year Ended January 31, 2019",Subscription and support,html:subscription-and-support,reported,
income_statement,html:professional-services-and-other,Professional services and other,FY19,869.0,CRM_SEC-XBRL-financials_as-presented_10-K_2019-03-08_0001108524-19-000009.xlsx,Income Statement,"Fiscal Year Ended January 31, 2019",Professional services and other,html:professional-services-and-other,reported,
income_statement,html:cost-of-revenues-1-2,Cost of revenues (1)(2):,FY19,16733.0,CRM_SEC-XBRL-financials_as-presented_10-K_2019-03-08_0001108524-19-000009.xlsx,Income Statement,"Fiscal Year Ended January 31, 2019",Total cost of revenues; Total revenues,html:total-cost-of-revenues + html:total-revenues,summed_within_file,SUM(html:total-cost-of-revenues + html:total-revenues) in CRM_SEC-XBRL-financials_as-presented_10-K_2019-03-08_0001108524-19-000009.xlsx
income_statement,us-gaap:GrossProfit,Gross profit,FY19,9831.0,CRM_SEC-XBRL-financials_as-presented_10-K_2019-03-08_0001108524-19-000009.xlsx,Income Statement,"Fiscal Year Ended January 31, 2019",Gross profit,html:gross-profit,reported,
income_statement,us-gaap:ResearchAndDevelopmentExpense,Research and development,FY19,1886.0,CRM_SEC-XBRL-financials_as-presented_10-K_2019-03-08_0001108524-19-000009.xlsx,Income Statement,"Fiscal Year Ended January 31, 2019",Research and development,html:research-and-development,reported,
income_statement,us-gaap:SellingAndMarketingExpense,Sales and marketing,FY19,6064.0,CRM_SEC-XBRL-financials_as-presented_10-K_2019-03-08_0001108524-19-000009.xlsx,Income Statement,"Fiscal Year Ended January 31, 2019",Marketing and sales,html:marketing-and-sales,reported,
income_statement,us-gaap:GeneralAndAdministrativeExpense,General and administrative,FY19,1346.0,CRM_SEC-XBRL-financials_as-presented_10-K_2019-03-08_0001108524-19-000009.xlsx,Income Statement,"Fiscal Year Ended January 31, 2019",General and administrative,html:general-and-administrative,reported,
income_statement,html:operating-expenses-1-2,Operating expenses (1)(2):,FY19,9296.0,CRM_SEC-XBRL-financials_as-presented_10-K_2019-03-08_0001108524-19-000009.xlsx,Income Statement,"Fiscal Year Ended January 31, 2019",Total operating expenses,html:total-operating-expenses,reported,
income_statement,us-gaap:OperatingIncomeLoss,Income from operations,FY19,535.0,CRM_SEC-XBRL-financials_as-presented_10-K_2019-03-08_0001108524-19-000009.xlsx,Income Statement,"Fiscal Year Ended January 31, 2019",Income from operations,html:income-from-operations,reported,
income_statement,html:investment-income,Investment income,FY19,57.0,CRM_SEC-XBRL-financials_as-presented_10-K_2019-03-08_0001108524-19-000009.xlsx,Income Statement,"Fiscal Year Ended January 31, 2019",Investment income,html:investment-income,reported,
income_statement,html:interest-expense,Interest expense,FY19,-154.0,CRM_SEC-XBRL-financials_as-presented_10-K_2019-03-08_0001108524-19-000009.xlsx,Income Statement,"Fiscal Year Ended January 31, 2019",Interest expense,html:interest-expense,reported,
income_statement,us-gaap:GainLossOnInvestments,"Gains (losses) on strategic investments, net",FY19,542.0,CRM_SEC-XBRL-financials_as-presented_10-K_2019-03-08_0001108524-19-000009.xlsx,Income Statement,"Fiscal Year Ended January 31, 2019","Gains on strategic investments, net",html:gains-on-strategic-investments-net,reported,
income_statement,us-gaap:OtherNonoperatingIncomeExpense,Other income,FY19,3.0,CRM_SEC-XBRL-financials_as-presented_10-K_2019-03-08_0001108524-19-000009.xlsx,Income Statement,"Fiscal Year Ended January 31, 2019",Other income (expense),html:other-income-expense,reported,
income_statement,html:income-before-benefit-from-provision-for-income-taxes,Income before benefit from (provision for) income taxes,FY19,983.0,CRM_SEC-XBRL-financials_as-presented_10-K_2019-03-08_0001108524-19-000009.xlsx,Income Statement,"Fiscal Year Ended January 31, 2019",Income before benefit from (provision for) income taxes,html:income-before-benefit-from-provision-for-income-taxes,reported,
income_statement,html:benefit-from-provision-for-income-taxes-3,Benefit from (provision for) income taxes (3),FY19,127.0,CRM_SEC-XBRL-financials_as-presented_10-K_2019-03-08_0001108524-19-000009.xlsx,Income Statement,"Fiscal Year Ended January 31, 2019",Benefit from (provision for) income taxes (3),html:benefit-from-provision-for-income-taxes-3,reported,
income_statement,us-gaap:NetIncomeLoss,Net income,FY19,1110.0,CRM_SEC-XBRL-financials_as-presented_10-K_2019-03-08_0001108524-19-000009.xlsx,Income Statement,"Fiscal Year Ended January 31, 2019",Net income,html:net-income,reported,
income_statement,us-gaap:EarningsPerShareBasic,Basic net income per share,FY19,1.48,CRM_SEC-XBRL-financials_as-presented_10-K_2019-03-08_0001108524-19-000009.xlsx,Income Statement,"Fiscal Year Ended January 31, 2019",Basic net income per share,html:basic-net-income-per-share,reported,
income_statement,us-gaap:EarningsPerShareDiluted,Diluted net income per share,FY19,1.43,CRM_SEC-XBRL-financials_as-presented_10-K_2019-03-08_0001108524-19-000009.xlsx,Income Statement,"Fiscal Year Ended January 31, 2019",Diluted net income per share,html:diluted-net-income-per-share,reported,
income_statement,us-gaap:WeightedAverageNumberOfSharesOutstandingBasic,Shares used in computing basic net income per share,FY19,751.0,CRM_SEC-XBRL-financials_as-presented_10-K_2019-03-08_0001108524-19-000009.xlsx,Income Statement,"Fiscal Year Ended January 31, 2019",Shares used in computing basic net income per share,html:shares-used-in-computing-basic-net-income-per-share,reported,
income_statement,us-gaap:WeightedAverageNumberOfDilutedSharesOutstanding,Shares used in computing diluted net income per share,FY19,775.0,CRM_SEC-XBRL-financials_as-presented_10-K_2019-03-08_0001108524-19-000009.xlsx,Income Statement,"Fiscal Year Ended January 31, 2019",Shares used in computing diluted net income per share,html:shares-used-in-computing-diluted-net-income-per-share,reported,
cash_flow,us-gaap:NetIncomeLoss,Net income,FY19,1110.0,CRM_SEC-XBRL-financials_as-presented_10-K_2019-03-08_0001108524-19-000009.xlsx,Cash Flow,"Fiscal Year Ended January 31, 2019",Net income,html:net-income,reported,
cash_flow,us-gaap:DepreciationAndAmortization,Depreciation and amortization (1),FY19,962.0,CRM_SEC-XBRL-financials_as-presented_10-K_2019-03-08_0001108524-19-000009.xlsx,Cash Flow,"Fiscal Year Ended January 31, 2019",Depreciation and amortization,html:depreciation-and-amortization,reported,
cash_flow,html:amortization-of-debt-discount-and-issuance-costs,Amortization of debt discount and issuance costs,FY19,20.0,CRM_SEC-XBRL-financials_as-presented_10-K_2019-03-08_0001108524-19-000009.xlsx,Cash Flow,"Fiscal Year Ended January 31, 2019",Amortization of debt discount and issuance costs,html:amortization-of-debt-discount-and-issuance-costs,reported,
cash_flow,us-gaap:CapitalizedContractCostAmortization,"Amortization of costs capitalized to obtain revenue contracts, net",FY19,737.0,CRM_SEC-XBRL-financials_as-presented_10-K_2019-03-08_0001108524-19-000009.xlsx,Cash Flow,"Fiscal Year Ended January 31, 2019","Amortization of costs capitalized to obtain revenue contracts, net",html:amortization-of-costs-capitalized-to-obtain-revenue-contracts-net,reported,
cash_flow,html:expenses-related-to-employee-stock-plans,Expenses related to employee stock plans,FY19,1283.0,CRM_SEC-XBRL-financials_as-presented_10-K_2019-03-08_0001108524-19-000009.xlsx,Cash Flow,"Fiscal Year Ended January 31, 2019",Expenses related to employee stock plans,html:expenses-related-to-employee-stock-plans,reported,
cash_flow,us-gaap:GainLossOnInvestments,"(Gains) losses on strategic investments, net",FY19,-542.0,CRM_SEC-XBRL-financials_as-presented_10-K_2019-03-08_0001108524-19-000009.xlsx,Cash Flow,"Fiscal Year Ended January 31, 2019","Gains on strategic investments, net",html:gains-on-strategic-investments-net,reported,
cash_flow,us-gaap:IncreaseDecreaseInAccountsReceivable,"Accounts receivable, net",FY19,-923.0,CRM_SEC-XBRL-financials_as-presented_10-K_2019-03-08_0001108524-19-000009.xlsx,Cash Flow,"Fiscal Year Ended January 31, 2019","Accounts receivable, net",html:accounts-receivable-net,reported,
cash_flow,crm:IncreaseDecreaseInCapitalizedContractCosts,"Costs capitalized to obtain revenue contracts, net",FY19,-981.0,CRM_SEC-XBRL-financials_as-presented_10-K_2019-03-08_0001108524-19-000009.xlsx,Cash Flow,"Fiscal Year Ended January 31, 2019","Costs capitalized to obtain revenue contracts, net",html:costs-capitalized-to-obtain-revenue-contracts-net,reported,
cash_flow,us-gaap:IncreaseDecreaseInPrepaidDeferredExpenseAndOtherAssets,Prepaid expenses and other current assets and other assets,FY19,-58.0,CRM_SEC-XBRL-financials_as-presented_10-K_2019-03-08_0001108524-19-000009.xlsx,Cash Flow,"Fiscal Year Ended January 31, 2019",Prepaid expenses and other current assets and other assets,html:prepaid-expenses-and-other-current-assets-and-other-assets,reported,
cash_flow,us-gaap:IncreaseDecreaseInAccountsPayableAndAccruedLiabilities,Accounts payable and accrued expenses and other liabilities,FY19,287.0,CRM_SEC-XBRL-financials_as-presented_10-K_2019-03-08_0001108524-19-000009.xlsx,Cash Flow,"Fiscal Year Ended January 31, 2019",Accounts payable; Accrued expenses and other liabilities,html:accounts-payable + html:accrued-expenses-and-other-liabilities,summed_within_file,SUM(html:accounts-payable + html:accrued-expenses-and-other-liabilities) in CRM_SEC-XBRL-financials_as-presented_10-K_2019-03-08_0001108524-19-000009.xlsx
cash_flow,us-gaap:IncreaseDecreaseInContractWithCustomerLiability,Unearned revenue,FY19,1503.0,CRM_SEC-XBRL-financials_as-presented_10-K_2019-03-08_0001108524-19-000009.xlsx,Cash Flow,"Fiscal Year Ended January 31, 2019",Unearned revenue,html:unearned-revenue,reported,
cash_flow,us-gaap:NetCashProvidedByUsedInOperatingActivities,Net cash provided by operating activities,FY19,5408.0,CRM_SEC-XBRL-financials_as-presented_10-K_2019-03-08_0001108524-19-000009.xlsx,Cash Flow,"Fiscal Year Ended January 31, 2019",Net cash provided by financing activities; Net cash provided by operating activities,html:net-cash-provided-by-financing-activities + html:net-cash-provided-by-operating-activities,summed_within_file,SUM(html:net-cash-provided-by-financing-activities + html:net-cash-provided-by-operating-activities) in CRM_SEC-XBRL-financials_as-presented_10-K_2019-03-08_0001108524-19-000009.xlsx
cash_flow,us-gaap:PaymentsToAcquireBusinessesNetOfCashAcquired,"Business combinations, net of cash acquired",FY19,-5115.0,CRM_SEC-XBRL-financials_as-presented_10-K_2019-03-08_0001108524-19-000009.xlsx,Cash Flow,"Fiscal Year Ended January 31, 2019","Business combinations, net of cash acquired",html:business-combinations-net-of-cash-acquired,reported,
cash_flow,us-gaap:PaymentsToAcquireLongtermInvestments,Purchases of strategic investments,FY19,-362.0,CRM_SEC-XBRL-financials_as-presented_10-K_2019-03-08_0001108524-19-000009.xlsx,Cash Flow,"Fiscal Year Ended January 31, 2019",Purchases of strategic investments,html:purchases-of-strategic-investments,reported,
cash_flow,us-gaap:ProceedsFromSaleOfLongtermInvestments,Sales of strategic investments,FY19,260.0,CRM_SEC-XBRL-financials_as-presented_10-K_2019-03-08_0001108524-19-000009.xlsx,Cash Flow,"Fiscal Year Ended January 31, 2019",Sales of strategic investments,html:sales-of-strategic-investments,reported,
cash_flow,us-gaap:PaymentsToAcquireAvailableForSaleSecuritiesDebt,Purchases of marketable securities,FY19,-1068.0,CRM_SEC-XBRL-financials_as-presented_10-K_2019-03-08_0001108524-19-000009.xlsx,Cash Flow,"Fiscal Year Ended January 31, 2019",Purchases of marketable securities,html:purchases-of-marketable-securities,reported,
cash_flow,us-gaap:ProceedsFromSaleOfAvailableForSaleSecuritiesDebt,Sales of marketable securities,FY19,1426.0,CRM_SEC-XBRL-financials_as-presented_10-K_2019-03-08_0001108524-19-000009.xlsx,Cash Flow,"Fiscal Year Ended January 31, 2019",Sales of marketable securities,html:sales-of-marketable-securities,reported,
cash_flow,us-gaap:ProceedsFromMaturitiesPrepaymentsAndCallsOfAvailableForSaleSecurities,Maturities of marketable securities,FY19,146.0,CRM_SEC-XBRL-financials_as-presented_10-K_2019-03-08_0001108524-19-000009.xlsx,Cash Flow,"Fiscal Year Ended January 31, 2019",Maturities of marketable securities,html:maturities-of-marketable-securities,reported,
cash_flow,us-gaap:PaymentsToAcquirePropertyPlantAndEquipment,Capital expenditures,FY19,-595.0,CRM_SEC-XBRL-financials_as-presented_10-K_2019-03-08_0001108524-19-000009.xlsx,Cash Flow,"Fiscal Year Ended January 31, 2019",Capital expenditures,html:capital-expenditures,reported,
cash_flow,us-gaap:NetCashProvidedByUsedInInvestingActivities,Net cash used in investing activities,FY19,-5308.0,CRM_SEC-XBRL-financials_as-presented_10-K_2019-03-08_0001108524-19-000009.xlsx,Cash Flow,"Fiscal Year Ended January 31, 2019",Net cash used in investing activities,html:net-cash-used-in-investing-activities,reported,
cash_flow,us-gaap:ProceedsFromIssuanceOfMediumTermNotes,"Proceeds from issuance of debt, net of issuance costs",FY19,2966.0,CRM_SEC-XBRL-financials_as-presented_10-K_2019-03-08_0001108524-19-000009.xlsx,Cash Flow,"Fiscal Year Ended January 31, 2019","Proceeds from issuance of debt, net",html:proceeds-from-issuance-of-debt-net,reported,
cash_flow,us-gaap:ProceedsFromStockPlans,Proceeds from employee stock plans,FY19,704.0,CRM_SEC-XBRL-financials_as-presented_10-K_2019-03-08_0001108524-19-000009.xlsx,Cash Flow,"Fiscal Year Ended January 31, 2019",Proceeds from employee stock plans,html:proceeds-from-employee-stock-plans,reported,
cash_flow,html:principal-payments-on-capital-lease-obligations,Principal payments on capital lease obligations,FY19,-131.0,CRM_SEC-XBRL-financials_as-presented_10-K_2019-03-08_0001108524-19-000009.xlsx,Cash Flow,"Fiscal Year Ended January 31, 2019",Principal payments on capital lease obligations,html:principal-payments-on-capital-lease-obligations,reported,
cash_flow,us-gaap:RepaymentsOfLongTermLinesOfCredit,Repayments of debt,FY19,-1529.0,CRM_SEC-XBRL-financials_as-presented_10-K_2019-03-08_0001108524-19-000009.xlsx,Cash Flow,"Fiscal Year Ended January 31, 2019",Repayments of debt,html:repayments-of-debt,reported,
cash_flow,us-gaap:EffectOfExchangeRateOnCashCashEquivalentsRestrictedCashAndRestrictedCashEquivalents,Effect of exchange rate changes,FY19,26.0,CRM_SEC-XBRL-financials_as-presented_10-K_2019-03-08_0001108524-19-000009.xlsx,Cash Flow,"Fiscal Year Ended January 31, 2019",Effect of exchange rate changes,html:effect-of-exchange-rate-changes,reported,
cash_flow,us-gaap:CashCashEquivalentsRestrictedCashAndRestrictedCashEquivalentsPeriodIncreaseDecreaseIncludingExchangeRateEffect,Net increase (decrease) in cash and cash equivalents,FY19,126.0,CRM_SEC-XBRL-financials_as-presented_10-K_2019-03-08_0001108524-19-000009.xlsx,Cash Flow,"Fiscal Year Ended January 31, 2019",Net increase in cash and cash equivalents,html:net-increase-in-cash-and-cash-equivalents,reported,
cash_flow,us-gaap:CashCashEquivalentsRestrictedCashAndRestrictedCashEquivalents,"Cash and cash equivalents, beginning of period",FY19,5212.0,CRM_SEC-XBRL-financials_as-presented_10-K_2019-03-08_0001108524-19-000009.xlsx,Cash Flow,"Fiscal Year Ended January 31, 2019","Cash and cash equivalents, beginning of period; Cash and cash equivalents, end of period",html:cash-and-cash-equivalents-beginning-of-period + html:cash-and-cash-equivalents-end-of-period,summed_within_file,SUM(html:cash-and-cash-equivalents-beginning-of-period + html:cash-and-cash-equivalents-end-of-period) in CRM_SEC-XBRL-financials_as-presented_10-K_2019-03-08_0001108524-19-000009.xlsx
income_statement,us-gaap:RevenueFromContractWithCustomerExcludingAssessedTax,Subscription and support,FY20,16043.0,CRM_SEC-XBRL-financials_as-presented_10-K_2020-03-05_0001108524-20-000014.xlsx,Income Statement,"Fiscal Year Ended January 31, 2020",Subscription and support,us-gaap:RevenueFromContractWithCustomerExcludingAssessedTax,reported,
income_statement,us-gaap:CostOfGoodsAndServicesSold,Subscription and support,FY20,3198.0,CRM_SEC-XBRL-financials_as-presented_10-K_2020-03-05_0001108524-20-000014.xlsx,Income Statement,"Fiscal Year Ended January 31, 2020",Subscription and support,us-gaap:CostOfGoodsAndServicesSold,reported,
income_statement,us-gaap:GrossProfit,Gross profit,FY20,12863.0,CRM_SEC-XBRL-financials_as-presented_10-K_2020-03-05_0001108524-20-000014.xlsx,Income Statement,"Fiscal Year Ended January 31, 2020",Gross profit,us-gaap:GrossProfit,reported,
income_statement,us-gaap:ResearchAndDevelopmentExpense,Research and development,FY20,2766.0,CRM_SEC-XBRL-financials_as-presented_10-K_2020-03-05_0001108524-20-000014.xlsx,Income Statement,"Fiscal Year Ended January 31, 2020",Research and development,us-gaap:ResearchAndDevelopmentExpense,reported,
income_statement,us-gaap:SellingAndMarketingExpense,Sales and marketing,FY20,7930.0,CRM_SEC-XBRL-financials_as-presented_10-K_2020-03-05_0001108524-20-000014.xlsx,Income Statement,"Fiscal Year Ended January 31, 2020",Marketing and sales,us-gaap:SellingAndMarketingExpense,reported,
income_statement,us-gaap:GeneralAndAdministrativeExpense,General and administrative,FY20,1704.0,CRM_SEC-XBRL-financials_as-presented_10-K_2020-03-05_0001108524-20-000014.xlsx,Income Statement,"Fiscal Year Ended January 31, 2020",General and administrative,us-gaap:GeneralAndAdministrativeExpense,reported,
income_statement,crm:FairValueAdjustmentLossOnRemainingPerformanceObligationsofAgreements,Loss on settlement of Salesforce.org reseller agreement (Note 7),FY20,166.0,CRM_SEC-XBRL-financials_as-presented_10-K_2020-03-05_0001108524-20-000014.xlsx,Income Statement,"Fiscal Year Ended January 31, 2020",Loss on settlement of Salesforce.org reseller agreement (Note 7),crm:FairValueAdjustmentLossOnRemainingPerformanceObligationsofAgreements,reported,
income_statement,us-gaap:OperatingExpenses,Total operating expenses,FY20,12566.0,CRM_SEC-XBRL-financials_as-presented_10-K_2020-03-05_0001108524-20-000014.xlsx,Income Statement,"Fiscal Year Ended January 31, 2020",Total operating expenses,us-gaap:OperatingExpenses,reported,
income_statement,us-gaap:OperatingIncomeLoss,Income from operations,FY20,297.0,CRM_SEC-XBRL-financials_as-presented_10-K_2020-03-05_0001108524-20-000014.xlsx,Income Statement,"Fiscal Year Ended January 31, 2020",Income from operations,us-gaap:OperatingIncomeLoss,reported,
income_statement,us-gaap:GainLossOnInvestments,"Gains (losses) on strategic investments, net",FY20,427.0,CRM_SEC-XBRL-financials_as-presented_10-K_2020-03-05_0001108524-20-000014.xlsx,Income Statement,"Fiscal Year Ended January 31, 2020","Gains on strategic investments, net",us-gaap:EquitySecuritiesFvNiGainLoss,reported,
income_statement,us-gaap:OtherNonoperatingIncomeExpense,Other income,FY20,-18.0,CRM_SEC-XBRL-financials_as-presented_10-K_2020-03-05_0001108524-20-000014.xlsx,Income Statement,"Fiscal Year Ended January 31, 2020",Other expense,us-gaap:OtherNonoperatingIncomeExpense,reported,
income_statement,us-gaap:IncomeLossFromContinuingOperationsBeforeIncomeTaxesMinorityInterestAndIncomeLossFromEquityMethodInvestments,Income before benefit from (provision for) income taxes,FY20,706.0,CRM_SEC-XBRL-financials_as-presented_10-K_2020-03-05_0001108524-20-000014.xlsx,Income Statement,"Fiscal Year Ended January 31, 2020",Income before benefit from (provision for) income taxes,us-gaap:IncomeLossFromContinuingOperationsBeforeIncomeTaxesMinorityInterestAndIncomeLossFromEquityMethodInvestments,reported,
income_statement,us-gaap:IncomeTaxExpenseBenefit,Provision for income taxes,FY20,-580.0,CRM_SEC-XBRL-financials_as-presented_10-K_2020-03-05_0001108524-20-000014.xlsx,Income Statement,"Fiscal Year Ended January 31, 2020",Benefit from (provision for) income taxes (3),us-gaap:IncomeTaxExpenseBenefit,reported,
income_statement,us-gaap:NetIncomeLoss,Net income,FY20,126.0,CRM_SEC-XBRL-financials_as-presented_10-K_2020-03-05_0001108524-20-000014.xlsx,Income Statement,"Fiscal Year Ended January 31, 2020",Net income,us-gaap:NetIncomeLoss,reported,
income_statement,us-gaap:EarningsPerShareBasic,Basic net income per share,FY20,0.15,CRM_SEC-XBRL-financials_as-presented_10-K_2020-03-05_0001108524-20-000014.xlsx,Income Statement,"Fiscal Year Ended January 31, 2020",Basic net income per share,us-gaap:EarningsPerShareBasic,reported,
income_statement,us-gaap:EarningsPerShareDiluted,Diluted net income per share,FY20,0.15,CRM_SEC-XBRL-financials_as-presented_10-K_2020-03-05_0001108524-20-000014.xlsx,Income Statement,"Fiscal Year Ended January 31, 2020",Diluted net income per share,us-gaap:EarningsPerShareDiluted,reported,
income_statement,us-gaap:WeightedAverageNumberOfSharesOutstandingBasic,Shares used in computing basic net income per share,FY20,829.0,CRM_SEC-XBRL-financials_as-presented_10-K_2020-03-05_0001108524-20-000014.xlsx,Income Statement,"Fiscal Year Ended January 31, 2020",Shares used in computing basic net income per share,us-gaap:WeightedAverageNumberOfSharesOutstandingBasic,reported,
income_statement,us-gaap:WeightedAverageNumberOfDilutedSharesOutstanding,Shares used in computing diluted net income per share,FY20,850.0,CRM_SEC-XBRL-financials_as-presented_10-K_2020-03-05_0001108524-20-000014.xlsx,Income Statement,"Fiscal Year Ended January 31, 2020",Shares used in computing diluted net income per share,us-gaap:WeightedAverageNumberOfDilutedSharesOutstanding,reported,
cash_flow,us-gaap:NetIncomeLoss,Net income,FY20,126.0,CRM_SEC-XBRL-financials_as-presented_10-K_2020-03-05_0001108524-20-000014.xlsx,Cash Flow,"Fiscal Year Ended January 31, 2020",Net income,us-gaap:NetIncomeLoss,reported,
cash_flow,us-gaap:DepreciationAndAmortization,Depreciation and amortization (1),FY20,2135.0,CRM_SEC-XBRL-financials_as-presented_10-K_2020-03-05_0001108524-20-000014.xlsx,Cash Flow,"Fiscal Year Ended January 31, 2020",Depreciation and amortization,us-gaap:DepreciationAndAmortization,reported,
cash_flow,us-gaap:CapitalizedContractCostAmortization,"Amortization of costs capitalized to obtain revenue contracts, net",FY20,876.0,CRM_SEC-XBRL-financials_as-presented_10-K_2020-03-05_0001108524-20-000014.xlsx,Cash Flow,"Fiscal Year Ended January 31, 2020","Amortization of costs capitalized to obtain revenue contracts, net",us-gaap:CapitalizedContractCostAmortization,reported,
cash_flow,us-gaap:ShareBasedCompensation,Stock-based compensation expense,FY20,1785.0,CRM_SEC-XBRL-financials_as-presented_10-K_2020-03-05_0001108524-20-000014.xlsx,Cash Flow,"Fiscal Year Ended January 31, 2020",Expenses related to employee stock plans,us-gaap:ShareBasedCompensation,reported,
cash_flow,crm:FairValueAdjustmentLossOnRemainingPerformanceObligationsofAgreements,Loss on settlement of Salesforce.org reseller agreement (Note 7),FY20,166.0,CRM_SEC-XBRL-financials_as-presented_10-K_2020-03-05_0001108524-20-000014.xlsx,Cash Flow,"Fiscal Year Ended January 31, 2020",Loss on settlement of Salesforce.org reseller agreement (Note 7),crm:FairValueAdjustmentLossOnRemainingPerformanceObligationsofAgreements,reported,
cash_flow,us-gaap:GainLossOnInvestments,"(Gains) losses on strategic investments, net",FY20,-427.0,CRM_SEC-XBRL-financials_as-presented_10-K_2020-03-05_0001108524-20-000014.xlsx,Cash Flow,"Fiscal Year Ended January 31, 2020","Gains on strategic investments, net",crm:MarketableEquityandNonMarketableDebtandEquitySecuritiesRealizedGainsLossonSale,reported,
cash_flow,us-gaap:IncreaseDecreaseInAccountsReceivable,"Accounts receivable, net",FY20,-1000.0,CRM_SEC-XBRL-financials_as-presented_10-K_2020-03-05_0001108524-20-000014.xlsx,Cash Flow,"Fiscal Year Ended January 31, 2020","Accounts receivable, net",us-gaap:IncreaseDecreaseInAccountsReceivable,reported,
cash_flow,crm:IncreaseDecreaseInCapitalizedContractCosts,"Costs capitalized to obtain revenue contracts, net",FY20,-1130.0,CRM_SEC-XBRL-financials_as-presented_10-K_2020-03-05_0001108524-20-000014.xlsx,Cash Flow,"Fiscal Year Ended January 31, 2020","Costs capitalized to obtain revenue contracts, net",crm:IncreaseDecreaseinCapitalizedContractCosts,reported,
cash_flow,us-gaap:IncreaseDecreaseInPrepaidDeferredExpenseAndOtherAssets,Prepaid expenses and other current assets and other assets,FY20,-119.0,CRM_SEC-XBRL-financials_as-presented_10-K_2020-03-05_0001108524-20-000014.xlsx,Cash Flow,"Fiscal Year Ended January 31, 2020",Prepaid expenses and other current assets and other assets,us-gaap:IncreaseDecreaseInPrepaidDeferredExpenseAndOtherAssets,reported,
cash_flow,us-gaap:IncreaseDecreaseInAccountsPayableAndAccruedLiabilities,Accounts payable and accrued expenses and other liabilities,FY20,982.0,CRM_SEC-XBRL-financials_as-presented_10-K_2020-03-05_0001108524-20-000014.xlsx,Cash Flow,"Fiscal Year Ended January 31, 2020",Accounts payable; Accrued expenses and other liabilities,us-gaap:IncreaseDecreaseInAccountsPayable + us-gaap:IncreaseDecreaseInAccruedLiabilities,summed_within_file,SUM(us-gaap:IncreaseDecreaseInAccountsPayable + us-gaap:IncreaseDecreaseInAccruedLiabilities) in CRM_SEC-XBRL-financials_as-presented_10-K_2020-03-05_0001108524-20-000014.xlsx
cash_flow,us-gaap:IncreaseDecreaseInOperatingLeaseLiability,Operating lease liabilities,FY20,-728.0,CRM_SEC-XBRL-financials_as-presented_10-K_2020-03-05_0001108524-20-000014.xlsx,Cash Flow,"Fiscal Year Ended January 31, 2020",Operating lease liabilities,crm:IncreaseDecreaseinOperatingLeaseLiabilities,reported,
cash_flow,us-gaap:IncreaseDecreaseInContractWithCustomerLiability,Unearned revenue,FY20,1665.0,CRM_SEC-XBRL-financials_as-presented_10-K_2020-03-05_0001108524-20-000014.xlsx,Cash Flow,"Fiscal Year Ended January 31, 2020",Unearned revenue,us-gaap:IncreaseDecreaseInContractWithCustomerLiability,reported,
cash_flow,us-gaap:NetCashProvidedByUsedInOperatingActivities,Net cash provided by operating activities,FY20,4331.0,CRM_SEC-XBRL-financials_as-presented_10-K_2020-03-05_0001108524-20-000014.xlsx,Cash Flow,"Fiscal Year Ended January 31, 2020",Net cash provided by operating activities,us-gaap:NetCashProvidedByUsedInOperatingActivities,reported,
cash_flow,us-gaap:PaymentsToAcquireBusinessesNetOfCashAcquired,"Business combinations, net of cash acquired",FY20,-369.0,CRM_SEC-XBRL-financials_as-presented_10-K_2020-03-05_0001108524-20-000014.xlsx,Cash Flow,"Fiscal Year Ended January 31, 2020","Business combinations, net of cash acquired",us-gaap:PaymentsToAcquireBusinessesNetOfCashAcquired,reported,
cash_flow,us-gaap:PaymentsToAcquireLongtermInvestments,Purchases of strategic investments,FY20,-768.0,CRM_SEC-XBRL-financials_as-presented_10-K_2020-03-05_0001108524-20-000014.xlsx,Cash Flow,"Fiscal Year Ended January 31, 2020",Purchases of strategic investments,crm:PaymentsForInvestmentsInPrivatelyHeldCompanies,reported,
cash_flow,us-gaap:ProceedsFromSaleOfLongtermInvestments,Sales of strategic investments,FY20,434.0,CRM_SEC-XBRL-financials_as-presented_10-K_2020-03-05_0001108524-20-000014.xlsx,Cash Flow,"Fiscal Year Ended January 31, 2020",Sales of strategic investments,crm:ProceedsFromInvestmentsInPrivatelyHeldCompanies,reported,
cash_flow,us-gaap:PaymentsToAcquireAvailableForSaleSecuritiesDebt,Purchases of marketable securities,FY20,-3857.0,CRM_SEC-XBRL-financials_as-presented_10-K_2020-03-05_0001108524-20-000014.xlsx,Cash Flow,"Fiscal Year Ended January 31, 2020",Purchases of marketable securities,us-gaap:PaymentsToAcquireAvailableForSaleSecuritiesDebt,reported,
cash_flow,us-gaap:ProceedsFromSaleOfAvailableForSaleSecuritiesDebt,Sales of marketable securities,FY20,1444.0,CRM_SEC-XBRL-financials_as-presented_10-K_2020-03-05_0001108524-20-000014.xlsx,Cash Flow,"Fiscal Year Ended January 31, 2020",Sales of marketable securities,us-gaap:ProceedsFromSaleOfAvailableForSaleSecuritiesDebt,reported,
cash_flow,us-gaap:ProceedsFromMaturitiesPrepaymentsAndCallsOfAvailableForSaleSecurities,Maturities of marketable securities,FY20,779.0,CRM_SEC-XBRL-financials_as-presented_10-K_2020-03-05_0001108524-20-000014.xlsx,Cash Flow,"Fiscal Year Ended January 31, 2020",Maturities of marketable securities,us-gaap:ProceedsFromMaturitiesPrepaymentsAndCallsOfAvailableForSaleSecurities,reported,
cash_flow,us-gaap:PaymentsToAcquirePropertyPlantAndEquipment,Capital expenditures,FY20,-643.0,CRM_SEC-XBRL-financials_as-presented_10-K_2020-03-05_0001108524-20-000014.xlsx,Cash Flow,"Fiscal Year Ended January 31, 2020",Capital expenditures,us-gaap:PaymentsToAcquirePropertyPlantAndEquipment,reported,
cash_flow,us-gaap:NetCashProvidedByUsedInInvestingActivities,Net cash used in investing activities,FY20,-2980.0,CRM_SEC-XBRL-financials_as-presented_10-K_2020-03-05_0001108524-20-000014.xlsx,Cash Flow,"Fiscal Year Ended January 31, 2020",Net cash used in investing activities,us-gaap:NetCashProvidedByUsedInInvestingActivities,reported,
cash_flow,us-gaap:ProceedsFromIssuanceOfMediumTermNotes,"Proceeds from issuance of debt, net of issuance costs",FY20,0.0,CRM_SEC-XBRL-financials_as-presented_10-K_2020-03-05_0001108524-20-000014.xlsx,Cash Flow,"Fiscal Year Ended January 31, 2020","Proceeds from issuance of debt, net",us-gaap:ProceedsFromIssuanceOfMediumTermNotes,reported,
cash_flow,us-gaap:ProceedsFromStockPlans,Proceeds from employee stock plans,FY20,840.0,CRM_SEC-XBRL-financials_as-presented_10-K_2020-03-05_0001108524-20-000014.xlsx,Cash Flow,"Fiscal Year Ended January 31, 2020",Proceeds from employee stock plans,us-gaap:ProceedsFromStockPlans,reported,
cash_flow,us-gaap:FinanceLeasePrincipalPayments,Principal payments on financing obligations,FY20,-173.0,CRM_SEC-XBRL-financials_as-presented_10-K_2020-03-05_0001108524-20-000014.xlsx,Cash Flow,"Fiscal Year Ended January 31, 2020",Principal payments on financing obligations (1),us-gaap:RepaymentsOfLongTermCapitalLeaseObligations,reported,
cash_flow,us-gaap:RepaymentsOfLongTermLinesOfCredit,Repayments of debt,FY20,-503.0,CRM_SEC-XBRL-financials_as-presented_10-K_2020-03-05_0001108524-20-000014.xlsx,Cash Flow,"Fiscal Year Ended January 31, 2020",Repayments of debt,us-gaap:RepaymentsOfLongTermLinesOfCredit,reported,
cash_flow,us-gaap:NetCashProvidedByUsedInFinancingActivities,Net cash used in financing activities,FY20,164.0,CRM_SEC-XBRL-financials_as-presented_10-K_2020-03-05_0001108524-20-000014.xlsx,Cash Flow,"Fiscal Year Ended January 31, 2020",Net cash provided by financing activities,us-gaap:NetCashProvidedByUsedInFinancingActivities,reported,
cash_flow,us-gaap:EffectOfExchangeRateOnCashCashEquivalentsRestrictedCashAndRestrictedCashEquivalents,Effect of exchange rate changes,FY20,-39.0,CRM_SEC-XBRL-financials_as-presented_10-K_2020-03-05_0001108524-20-000014.xlsx,Cash Flow,"Fiscal Year Ended January 31, 2020",Effect of exchange rate changes,us-gaap:EffectOfExchangeRateOnCashCashEquivalentsRestrictedCashAndRestrictedCashEquivalents,reported,
cash_flow,us-gaap:CashCashEquivalentsRestrictedCashAndRestrictedCashEquivalentsPeriodIncreaseDecreaseIncludingExchangeRateEffect,Net increase (decrease) in cash and cash equivalents,FY20,1476.0,CRM_SEC-XBRL-financials_as-presented_10-K_2020-03-05_0001108524-20-000014.xlsx,Cash Flow,"Fiscal Year Ended January 31, 2020",Net increase in cash and cash equivalents,us-gaap:CashCashEquivalentsRestrictedCashAndRestrictedCashEquivalentsPeriodIncreaseDecreaseIncludingExchangeRateEffect,reported,
cash_flow,us-gaap:CashCashEquivalentsRestrictedCashAndRestrictedCashEquivalents,"Cash and cash equivalents, beginning of period",FY20,2669.0,CRM_SEC-XBRL-financials_as-presented_10-K_2020-03-05_0001108524-20-000014.xlsx,Cash Flow,"Fiscal Year Ended January 31, 2020","Cash and cash equivalents, beginning of period",us-gaap:CashCashEquivalentsRestrictedCashAndRestrictedCashEquivalents,reported,
income_statement,us-gaap:RevenueFromContractWithCustomerExcludingAssessedTax,Subscription and support,FY21,19976.0,CRM_SEC-XBRL-financials_as-presented_10-K_2021-03-17_0001108524-22-000008.xlsx,Income Statement,"Fiscal Year Ended January 31, 2021",Subscription and support,us-gaap:RevenueFromContractWithCustomerExcludingAssessedTax,reported,
income_statement,us-gaap:CostOfGoodsAndServicesSold,Subscription and support,FY21,4154.0,CRM_SEC-XBRL-financials_as-presented_10-K_2021-03-17_0001108524-22-000008.xlsx,Income Statement,"Fiscal Year Ended January 31, 2021",Subscription and support,us-gaap:CostOfGoodsAndServicesSold,reported,
income_statement,us-gaap:GrossProfit,Gross profit,FY21,15814.0,CRM_SEC-XBRL-financials_as-presented_10-K_2021-03-17_0001108524-22-000008.xlsx,Income Statement,"Fiscal Year Ended January 31, 2021",Gross profit,us-gaap:GrossProfit,reported,
income_statement,us-gaap:ResearchAndDevelopmentExpense,Research and development,FY21,3598.0,CRM_SEC-XBRL-financials_as-presented_10-K_2021-03-17_0001108524-22-000008.xlsx,Income Statement,"Fiscal Year Ended January 31, 2021",Research and development,us-gaap:ResearchAndDevelopmentExpense,reported,
income_statement,us-gaap:SellingAndMarketingExpense,Sales and marketing,FY21,9674.0,CRM_SEC-XBRL-financials_as-presented_10-K_2021-03-17_0001108524-22-000008.xlsx,Income Statement,"Fiscal Year Ended January 31, 2021",Marketing and sales,us-gaap:SellingAndMarketingExpense,reported,
income_statement,us-gaap:GeneralAndAdministrativeExpense,General and administrative,FY21,2087.0,CRM_SEC-XBRL-financials_as-presented_10-K_2021-03-17_0001108524-22-000008.xlsx,Income Statement,"Fiscal Year Ended January 31, 2021",General and administrative,us-gaap:GeneralAndAdministrativeExpense,reported,
income_statement,crm:FairValueAdjustmentLossOnRemainingPerformanceObligationsOfAgreements,Loss on settlement of Salesforce.org reseller agreement,FY21,0.0,CRM_SEC-XBRL-financials_as-presented_10-K_2021-03-17_0001108524-22-000008.xlsx,Income Statement,"Fiscal Year Ended January 31, 2021",Loss on settlement of Salesforce.org reseller agreement,crm:FairValueAdjustmentLossOnRemainingPerformanceObligationsOfAgreements,reported,
income_statement,us-gaap:OperatingExpenses,Total operating expenses,FY21,15359.0,CRM_SEC-XBRL-financials_as-presented_10-K_2021-03-17_0001108524-22-000008.xlsx,Income Statement,"Fiscal Year Ended January 31, 2021",Total operating expenses,us-gaap:OperatingExpenses,reported,
income_statement,us-gaap:OperatingIncomeLoss,Income from operations,FY21,455.0,CRM_SEC-XBRL-financials_as-presented_10-K_2021-03-17_0001108524-22-000008.xlsx,Income Statement,"Fiscal Year Ended January 31, 2021",Income from operations,us-gaap:OperatingIncomeLoss,reported,
income_statement,us-gaap:GainLossOnInvestments,"Gains (losses) on strategic investments, net",FY21,2170.0,CRM_SEC-XBRL-financials_as-presented_10-K_2021-03-17_0001108524-22-000008.xlsx,Income Statement,"Fiscal Year Ended January 31, 2021","Gains on strategic investments, net (3)",us-gaap:GainLossOnInvestments,reported,
income_statement,us-gaap:OtherNonoperatingExpense,Other expense,FY21,-64.0,CRM_SEC-XBRL-financials_as-presented_10-K_2021-03-17_0001108524-22-000008.xlsx,Income Statement,"Fiscal Year Ended January 31, 2021",Other expense,us-gaap:OtherNonoperatingExpense,reported,
income_statement,us-gaap:IncomeLossFromContinuingOperationsBeforeIncomeTaxesMinorityInterestAndIncomeLossFromEquityMethodInvestments,Income before benefit from (provision for) income taxes,FY21,2561.0,CRM_SEC-XBRL-financials_as-presented_10-K_2021-03-17_0001108524-22-000008.xlsx,Income Statement,"Fiscal Year Ended January 31, 2021",Income before benefit from (provision for) income taxes,us-gaap:IncomeLossFromContinuingOperationsBeforeIncomeTaxesMinorityInterestAndIncomeLossFromEquityMethodInvestments,reported,
income_statement,us-gaap:IncomeTaxExpenseBenefit,Provision for income taxes,FY21,1511.0,CRM_SEC-XBRL-financials_as-presented_10-K_2021-03-17_0001108524-22-000008.xlsx,Income Statement,"Fiscal Year Ended January 31, 2021",Benefit from (provision for) income taxes (4),us-gaap:IncomeTaxExpenseBenefit,reported,
income_statement,us-gaap:NetIncomeLoss,Net income,FY21,4072.0,CRM_SEC-XBRL-financials_as-presented_10-K_2021-03-17_0001108524-22-000008.xlsx,Income Statement,"Fiscal Year Ended January 31, 2021",Net income,us-gaap:NetIncomeLoss,reported,
income_statement,us-gaap:EarningsPerShareBasic,Basic net income per share,FY21,4.48,CRM_SEC-XBRL-financials_as-presented_10-K_2021-03-17_0001108524-22-000008.xlsx,Income Statement,"Fiscal Year Ended January 31, 2021",Basic net income per share,us-gaap:EarningsPerShareBasic,reported,
income_statement,us-gaap:EarningsPerShareDiluted,Diluted net income per share,FY21,4.38,CRM_SEC-XBRL-financials_as-presented_10-K_2021-03-17_0001108524-22-000008.xlsx,Income Statement,"Fiscal Year Ended January 31, 2021",Diluted net income per share,us-gaap:EarningsPerShareDiluted,reported,
income_statement,us-gaap:WeightedAverageNumberOfSharesOutstandingBasic,Shares used in computing basic net income per share,FY21,908.0,CRM_SEC-XBRL-financials_as-presented_10-K_2021-03-17_0001108524-22-000008.xlsx,Income Statement,"Fiscal Year Ended January 31, 2021",Shares used in computing basic net income per share,us-gaap:WeightedAverageNumberOfSharesOutstandingBasic,reported,
income_statement,us-gaap:WeightedAverageNumberOfDilutedSharesOutstanding,Shares used in computing diluted net income per share,FY21,930.0,CRM_SEC-XBRL-financials_as-presented_10-K_2021-03-17_0001108524-22-000008.xlsx,Income Statement,"Fiscal Year Ended January 31, 2021",Shares used in computing diluted net income per share,us-gaap:WeightedAverageNumberOfDilutedSharesOutstanding,reported,
cash_flow,us-gaap:NetIncomeLoss,Net income,FY21,4072.0,CRM_SEC-XBRL-financials_as-presented_10-K_2021-03-17_0001108524-22-000008.xlsx,Cash Flow,"Fiscal Year Ended January 31, 2021",Net income,us-gaap:NetIncomeLoss,reported,
cash_flow,us-gaap:DepreciationAndAmortization,Depreciation and amortization (1),FY21,2846.0,CRM_SEC-XBRL-financials_as-presented_10-K_2021-03-17_0001108524-22-000008.xlsx,Cash Flow,"Fiscal Year Ended January 31, 2021",Depreciation and amortization,us-gaap:DepreciationAndAmortization,reported,
cash_flow,us-gaap:CapitalizedContractCostAmortization,"Amortization of costs capitalized to obtain revenue contracts, net",FY21,1058.0,CRM_SEC-XBRL-financials_as-presented_10-K_2021-03-17_0001108524-22-000008.xlsx,Cash Flow,"Fiscal Year Ended January 31, 2021","Amortization of costs capitalized to obtain revenue contracts, net",us-gaap:CapitalizedContractCostAmortization,reported,
cash_flow,us-gaap:ShareBasedCompensation,Stock-based compensation expense,FY21,2190.0,CRM_SEC-XBRL-financials_as-presented_10-K_2021-03-17_0001108524-22-000008.xlsx,Cash Flow,"Fiscal Year Ended January 31, 2021",Expenses related to employee stock plans,us-gaap:ShareBasedCompensation,reported,
cash_flow,crm:FairValueAdjustmentLossOnRemainingPerformanceObligationsOfAgreements,Loss on settlement of Salesforce.org reseller agreement,FY21,0.0,CRM_SEC-XBRL-financials_as-presented_10-K_2021-03-17_0001108524-22-000008.xlsx,Cash Flow,"Fiscal Year Ended January 31, 2021",Loss on settlement of Salesforce.org reseller agreement,crm:FairValueAdjustmentLossOnRemainingPerformanceObligationsOfAgreements,reported,
cash_flow,us-gaap:GainLossOnInvestments,"(Gains) losses on strategic investments, net",FY21,-2170.0,CRM_SEC-XBRL-financials_as-presented_10-K_2021-03-17_0001108524-22-000008.xlsx,Cash Flow,"Fiscal Year Ended January 31, 2021","Gains on strategic investments, net",us-gaap:GainLossOnInvestments,reported,
cash_flow,crm:DeferredIncomeTaxExpenseBenefitFromIntraEntityTransferOfIntangibleProperty,Tax benefit from intra-entity transfer of intangible property,FY21,-2003.0,CRM_SEC-XBRL-financials_as-presented_10-K_2021-03-17_0001108524-22-000008.xlsx,Cash Flow,"Fiscal Year Ended January 31, 2021",Tax benefit from intra-entity transfer of intangible property,crm:DeferredIncomeTaxExpenseBenefitFromIntraEntityTransferOfIntangibleProperty,reported,
cash_flow,us-gaap:IncreaseDecreaseInAccountsReceivable,"Accounts receivable, net",FY21,-1556.0,CRM_SEC-XBRL-financials_as-presented_10-K_2021-03-17_0001108524-22-000008.xlsx,Cash Flow,"Fiscal Year Ended January 31, 2021","Accounts receivable, net",us-gaap:IncreaseDecreaseInAccountsReceivable,reported,
cash_flow,crm:IncreaseDecreaseInCapitalizedContractCosts,"Costs capitalized to obtain revenue contracts, net",FY21,-1645.0,CRM_SEC-XBRL-financials_as-presented_10-K_2021-03-17_0001108524-22-000008.xlsx,Cash Flow,"Fiscal Year Ended January 31, 2021","Costs capitalized to obtain revenue contracts, net",crm:IncreaseDecreaseInCapitalizedContractCosts,reported,
cash_flow,us-gaap:IncreaseDecreaseInPrepaidDeferredExpenseAndOtherAssets,Prepaid expenses and other current assets and other assets,FY21,-133.0,CRM_SEC-XBRL-financials_as-presented_10-K_2021-03-17_0001108524-22-000008.xlsx,Cash Flow,"Fiscal Year Ended January 31, 2021",Prepaid expenses and other current assets and other assets,us-gaap:IncreaseDecreaseInPrepaidDeferredExpenseAndOtherAssets,reported,
cash_flow,us-gaap:IncreaseDecreaseInAccountsPayableAndAccruedLiabilities,Accounts payable and accrued expenses and other liabilities,FY21,1100.0,CRM_SEC-XBRL-financials_as-presented_10-K_2021-03-17_0001108524-22-000008.xlsx,Cash Flow,"Fiscal Year Ended January 31, 2021",Accounts payable and accrued expenses and other liabilities,us-gaap:IncreaseDecreaseInAccountsPayableAndAccruedLiabilities,reported,
cash_flow,us-gaap:IncreaseDecreaseInOperatingLeaseLiability,Operating lease liabilities,FY21,-830.0,CRM_SEC-XBRL-financials_as-presented_10-K_2021-03-17_0001108524-22-000008.xlsx,Cash Flow,"Fiscal Year Ended January 31, 2021",Operating lease liabilities,crm:IncreaseDecreaseInOperatingLeaseLiabilities,reported,
cash_flow,us-gaap:IncreaseDecreaseInContractWithCustomerLiability,Unearned revenue,FY21,1872.0,CRM_SEC-XBRL-financials_as-presented_10-K_2021-03-17_0001108524-22-000008.xlsx,Cash Flow,"Fiscal Year Ended January 31, 2021",Unearned revenue,us-gaap:IncreaseDecreaseInContractWithCustomerLiability,reported,
cash_flow,us-gaap:NetCashProvidedByUsedInOperatingActivities,Net cash provided by operating activities,FY21,4801.0,CRM_SEC-XBRL-financials_as-presented_10-K_2021-03-17_0001108524-22-000008.xlsx,Cash Flow,"Fiscal Year Ended January 31, 2021",Net cash provided by operating activities,us-gaap:NetCashProvidedByUsedInOperatingActivities,reported,
cash_flow,us-gaap:PaymentsToAcquireBusinessesNetOfCashAcquired,"Business combinations, net of cash acquired",FY21,-1281.0,CRM_SEC-XBRL-financials_as-presented_10-K_2021-03-17_0001108524-22-000008.xlsx,Cash Flow,"Fiscal Year Ended January 31, 2021","Business combinations, net of cash acquired",us-gaap:PaymentsToAcquireBusinessesNetOfCashAcquired,reported,
cash_flow,us-gaap:PaymentsToAcquireLongtermInvestments,Purchases of strategic investments,FY21,-1069.0,CRM_SEC-XBRL-financials_as-presented_10-K_2021-03-17_0001108524-22-000008.xlsx,Cash Flow,"Fiscal Year Ended January 31, 2021",Purchases of strategic investments,us-gaap:PaymentsToAcquireLongtermInvestments,reported,
cash_flow,us-gaap:ProceedsFromSaleOfLongtermInvestments,Sales of strategic investments,FY21,1051.0,CRM_SEC-XBRL-financials_as-presented_10-K_2021-03-17_0001108524-22-000008.xlsx,Cash Flow,"Fiscal Year Ended January 31, 2021",Sales of strategic investments,us-gaap:ProceedsFromSaleOfLongtermInvestments,reported,
cash_flow,us-gaap:PaymentsToAcquireAvailableForSaleSecuritiesDebt,Purchases of marketable securities,FY21,-4833.0,CRM_SEC-XBRL-financials_as-presented_10-K_2021-03-17_0001108524-22-000008.xlsx,Cash Flow,"Fiscal Year Ended January 31, 2021",Purchases of marketable securities,us-gaap:PaymentsToAcquireAvailableForSaleSecuritiesDebt,reported,
cash_flow,us-gaap:ProceedsFromSaleOfAvailableForSaleSecuritiesDebt,Sales of marketable securities,FY21,1836.0,CRM_SEC-XBRL-financials_as-presented_10-K_2021-03-17_0001108524-22-000008.xlsx,Cash Flow,"Fiscal Year Ended January 31, 2021",Sales of marketable securities,us-gaap:ProceedsFromSaleOfAvailableForSaleSecuritiesDebt,reported,
cash_flow,us-gaap:ProceedsFromMaturitiesPrepaymentsAndCallsOfAvailableForSaleSecurities,Maturities of marketable securities,FY21,1035.0,CRM_SEC-XBRL-financials_as-presented_10-K_2021-03-17_0001108524-22-000008.xlsx,Cash Flow,"Fiscal Year Ended January 31, 2021",Maturities of marketable securities,us-gaap:ProceedsFromMaturitiesPrepaymentsAndCallsOfAvailableForSaleSecurities,reported,
cash_flow,us-gaap:PaymentsToAcquirePropertyPlantAndEquipment,Capital expenditures,FY21,-710.0,CRM_SEC-XBRL-financials_as-presented_10-K_2021-03-17_0001108524-22-000008.xlsx,Cash Flow,"Fiscal Year Ended January 31, 2021",Capital expenditures,us-gaap:PaymentsToAcquirePropertyPlantAndEquipment,reported,
cash_flow,us-gaap:NetCashProvidedByUsedInInvestingActivities,Net cash used in investing activities,FY21,-3971.0,CRM_SEC-XBRL-financials_as-presented_10-K_2021-03-17_0001108524-22-000008.xlsx,Cash Flow,"Fiscal Year Ended January 31, 2021",Net cash used in investing activities,us-gaap:NetCashProvidedByUsedInInvestingActivities,reported,
cash_flow,us-gaap:ProceedsFromIssuanceOfMediumTermNotes,"Proceeds from issuance of debt, net of issuance costs",FY21,-20.0,CRM_SEC-XBRL-financials_as-presented_10-K_2021-03-17_0001108524-22-000008.xlsx,Cash Flow,"Fiscal Year Ended January 31, 2021","Proceeds from issuance of debt, net",us-gaap:ProceedsFromIssuanceOfMediumTermNotes,reported,
cash_flow,us-gaap:ProceedsFromStockPlans,Proceeds from employee stock plans,FY21,1321.0,CRM_SEC-XBRL-financials_as-presented_10-K_2021-03-17_0001108524-22-000008.xlsx,Cash Flow,"Fiscal Year Ended January 31, 2021",Proceeds from employee stock plans,us-gaap:ProceedsFromStockPlans,reported,
cash_flow,us-gaap:FinanceLeasePrincipalPayments,Principal payments on financing obligations,FY21,-103.0,CRM_SEC-XBRL-financials_as-presented_10-K_2021-03-17_0001108524-22-000008.xlsx,Cash Flow,"Fiscal Year Ended January 31, 2021",Principal payments on financing obligations,us-gaap:FinanceLeasePrincipalPayments,reported,
cash_flow,us-gaap:RepaymentsOfLongTermLinesOfCredit,Repayments of debt,FY21,-4.0,CRM_SEC-XBRL-financials_as-presented_10-K_2021-03-17_0001108524-22-000008.xlsx,Cash Flow,"Fiscal Year Ended January 31, 2021",Repayments of debt,us-gaap:RepaymentsOfLongTermLinesOfCredit,reported,
cash_flow,us-gaap:NetCashProvidedByUsedInFinancingActivities,Net cash used in financing activities,FY21,1194.0,CRM_SEC-XBRL-financials_as-presented_10-K_2021-03-17_0001108524-22-000008.xlsx,Cash Flow,"Fiscal Year Ended January 31, 2021",Net cash provided by financing activities,us-gaap:NetCashProvidedByUsedInFinancingActivities,reported,
cash_flow,us-gaap:EffectOfExchangeRateOnCashCashEquivalentsRestrictedCashAndRestrictedCashEquivalents,Effect of exchange rate changes,FY21,26.0,CRM_SEC-XBRL-financials_as-presented_10-K_2021-03-17_0001108524-22-000008.xlsx,Cash Flow,"Fiscal Year Ended January 31, 2021",Effect of exchange rate changes,us-gaap:EffectOfExchangeRateOnCashCashEquivalentsRestrictedCashAndRestrictedCashEquivalents,reported,
cash_flow,us-gaap:CashCashEquivalentsRestrictedCashAndRestrictedCashEquivalentsPeriodIncreaseDecreaseIncludingExchangeRateEffect,Net increase (decrease) in cash and cash equivalents,FY21,2050.0,CRM_SEC-XBRL-financials_as-presented_10-K_2021-03-17_0001108524-22-000008.xlsx,Cash Flow,"Fiscal Year Ended January 31, 2021",Net increase in cash and cash equivalents,us-gaap:CashCashEquivalentsRestrictedCashAndRestrictedCashEquivalentsPeriodIncreaseDecreaseIncludingExchangeRateEffect,reported,
cash_flow,us-gaap:CashCashEquivalentsRestrictedCashAndRestrictedCashEquivalents,"Cash and cash equivalents, beginning of period",FY21,4145.0,CRM_SEC-XBRL-financials_as-presented_10-K_2021-03-17_0001108524-22-000008.xlsx,Cash Flow,"Fiscal Year Ended January 31, 2021","Cash and cash equivalents, beginning of period",us-gaap:CashCashEquivalentsRestrictedCashAndRestrictedCashEquivalents,reported,
income_statement,us-gaap:RevenueFromContractWithCustomerExcludingAssessedTax,Subscription and support,FY22,24657.0,CRM_SEC-XBRL-financials_as-presented_10-K_2022-03-11_0001108524-22-000013.xlsx,Income Statement,"Fiscal Year Ended January 31, 2022",Subscription and support,us-gaap:RevenueFromContractWithCustomerExcludingAssessedTax,reported,
income_statement,us-gaap:CostOfGoodsAndServicesSold,Subscription and support,FY22,5059.0,CRM_SEC-XBRL-financials_as-presented_10-K_2022-03-11_0001108524-22-000013.xlsx,Income Statement,"Fiscal Year Ended January 31, 2022",Subscription and support,us-gaap:CostOfGoodsAndServicesSold,reported,
income_statement,us-gaap:GrossProfit,Gross profit,FY22,19466.0,CRM_SEC-XBRL-financials_as-presented_10-K_2022-03-11_0001108524-22-000013.xlsx,Income Statement,"Fiscal Year Ended January 31, 2022",Gross profit,us-gaap:GrossProfit,reported,
income_statement,us-gaap:ResearchAndDevelopmentExpense,Research and development,FY22,4465.0,CRM_SEC-XBRL-financials_as-presented_10-K_2022-03-11_0001108524-22-000013.xlsx,Income Statement,"Fiscal Year Ended January 31, 2022",Research and development,us-gaap:ResearchAndDevelopmentExpense,reported,
income_statement,us-gaap:SellingAndMarketingExpense,Sales and marketing,FY22,11855.0,CRM_SEC-XBRL-financials_as-presented_10-K_2022-03-11_0001108524-22-000013.xlsx,Income Statement,"Fiscal Year Ended January 31, 2022",Marketing and sales,us-gaap:SellingAndMarketingExpense,reported,
income_statement,us-gaap:GeneralAndAdministrativeExpense,General and administrative,FY22,2598.0,CRM_SEC-XBRL-financials_as-presented_10-K_2022-03-11_0001108524-22-000013.xlsx,Income Statement,"Fiscal Year Ended January 31, 2022",General and administrative,us-gaap:GeneralAndAdministrativeExpense,reported,
income_statement,crm:FairValueAdjustmentLossOnRemainingPerformanceObligationsOfAgreements,Loss on settlement of Salesforce.org reseller agreement,FY22,0.0,CRM_SEC-XBRL-financials_as-presented_10-K_2022-03-11_0001108524-22-000013.xlsx,Income Statement,"Fiscal Year Ended January 31, 2022",Loss on settlement of Salesforce.org reseller agreement,crm:FairValueAdjustmentLossOnRemainingPerformanceObligationsOfAgreements,reported,
income_statement,us-gaap:OperatingExpenses,Total operating expenses,FY22,18918.0,CRM_SEC-XBRL-financials_as-presented_10-K_2022-03-11_0001108524-22-000013.xlsx,Income Statement,"Fiscal Year Ended January 31, 2022",Total operating expenses,us-gaap:OperatingExpenses,reported,
income_statement,us-gaap:OperatingIncomeLoss,Income from operations,FY22,548.0,CRM_SEC-XBRL-financials_as-presented_10-K_2022-03-11_0001108524-22-000013.xlsx,Income Statement,"Fiscal Year Ended January 31, 2022",Income from operations,us-gaap:OperatingIncomeLoss,reported,
income_statement,us-gaap:GainLossOnInvestments,"Gains (losses) on strategic investments, net",FY22,1211.0,CRM_SEC-XBRL-financials_as-presented_10-K_2022-03-11_0001108524-22-000013.xlsx,Income Statement,"Fiscal Year Ended January 31, 2022","Gains on strategic investments, net",us-gaap:GainLossOnInvestments,reported,
income_statement,us-gaap:OtherNonoperatingExpense,Other expense,FY22,-227.0,CRM_SEC-XBRL-financials_as-presented_10-K_2022-03-11_0001108524-22-000013.xlsx,Income Statement,"Fiscal Year Ended January 31, 2022",Other expense,us-gaap:OtherNonoperatingExpense,reported,
income_statement,us-gaap:IncomeLossFromContinuingOperationsBeforeIncomeTaxesExtraordinaryItemsNoncontrollingInterest,Income before provision for income taxes,FY22,1532.0,CRM_SEC-XBRL-financials_as-presented_10-K_2022-03-11_0001108524-22-000013.xlsx,Income Statement,"Fiscal Year Ended January 31, 2022",Income before benefit from (provision for) income taxes,us-gaap:IncomeLossFromContinuingOperationsBeforeIncomeTaxesExtraordinaryItemsNoncontrollingInterest,reported,
income_statement,us-gaap:IncomeTaxExpenseBenefit,Provision for income taxes,FY22,-88.0,CRM_SEC-XBRL-financials_as-presented_10-K_2022-03-11_0001108524-22-000013.xlsx,Income Statement,"Fiscal Year Ended January 31, 2022",Benefit from (provision for) income taxes (3),us-gaap:IncomeTaxExpenseBenefit,reported,
income_statement,us-gaap:NetIncomeLoss,Net income,FY22,1444.0,CRM_SEC-XBRL-financials_as-presented_10-K_2022-03-11_0001108524-22-000013.xlsx,Income Statement,"Fiscal Year Ended January 31, 2022",Net income,us-gaap:NetIncomeLoss,reported,
income_statement,us-gaap:EarningsPerShareBasic,Basic net income per share,FY22,1.51,CRM_SEC-XBRL-financials_as-presented_10-K_2022-03-11_0001108524-22-000013.xlsx,Income Statement,"Fiscal Year Ended January 31, 2022",Basic net income per share,us-gaap:EarningsPerShareBasic,reported,
income_statement,us-gaap:EarningsPerShareDiluted,Diluted net income per share,FY22,1.48,CRM_SEC-XBRL-financials_as-presented_10-K_2022-03-11_0001108524-22-000013.xlsx,Income Statement,"Fiscal Year Ended January 31, 2022",Diluted net income per share,us-gaap:EarningsPerShareDiluted,reported,
income_statement,us-gaap:WeightedAverageNumberOfSharesOutstandingBasic,Shares used in computing basic net income per share,FY22,955.0,CRM_SEC-XBRL-financials_as-presented_10-K_2022-03-11_0001108524-22-000013.xlsx,Income Statement,"Fiscal Year Ended January 31, 2022",Shares used in computing basic net income per share,us-gaap:WeightedAverageNumberOfSharesOutstandingBasic,reported,
income_statement,us-gaap:WeightedAverageNumberOfDilutedSharesOutstanding,Shares used in computing diluted net income per share,FY22,974.0,CRM_SEC-XBRL-financials_as-presented_10-K_2022-03-11_0001108524-22-000013.xlsx,Income Statement,"Fiscal Year Ended January 31, 2022",Shares used in computing diluted net income per share,us-gaap:WeightedAverageNumberOfDilutedSharesOutstanding,reported,
cash_flow,us-gaap:NetIncomeLoss,Net income,FY22,1444.0,CRM_SEC-XBRL-financials_as-presented_10-K_2022-03-11_0001108524-22-000013.xlsx,Cash Flow,"Fiscal Year Ended January 31, 2022",Net income,us-gaap:NetIncomeLoss,reported,
cash_flow,us-gaap:DepreciationAndAmortization,Depreciation and amortization (1),FY22,3298.0,CRM_SEC-XBRL-financials_as-presented_10-K_2022-03-11_0001108524-22-000013.xlsx,Cash Flow,"Fiscal Year Ended January 31, 2022",Depreciation and amortization,us-gaap:DepreciationAndAmortization,reported,
cash_flow,us-gaap:CapitalizedContractCostAmortization,"Amortization of costs capitalized to obtain revenue contracts, net",FY22,1348.0,CRM_SEC-XBRL-financials_as-presented_10-K_2022-03-11_0001108524-22-000013.xlsx,Cash Flow,"Fiscal Year Ended January 31, 2022","Amortization of costs capitalized to obtain revenue contracts, net",us-gaap:CapitalizedContractCostAmortization,reported,
cash_flow,us-gaap:ShareBasedCompensation,Stock-based compensation expense,FY22,2779.0,CRM_SEC-XBRL-financials_as-presented_10-K_2022-03-11_0001108524-22-000013.xlsx,Cash Flow,"Fiscal Year Ended January 31, 2022",Stock-based expense,us-gaap:ShareBasedCompensation,reported,
cash_flow,crm:FairValueAdjustmentLossOnRemainingPerformanceObligationsOfAgreements,Loss on settlement of Salesforce.org reseller agreement,FY22,0.0,CRM_SEC-XBRL-financials_as-presented_10-K_2022-03-11_0001108524-22-000013.xlsx,Cash Flow,"Fiscal Year Ended January 31, 2022",Loss on settlement of Salesforce.org reseller agreement,crm:FairValueAdjustmentLossOnRemainingPerformanceObligationsOfAgreements,reported,
cash_flow,us-gaap:GainLossOnInvestments,"(Gains) losses on strategic investments, net",FY22,-1211.0,CRM_SEC-XBRL-financials_as-presented_10-K_2022-03-11_0001108524-22-000013.xlsx,Cash Flow,"Fiscal Year Ended January 31, 2022","Gains on strategic investments, net",us-gaap:GainLossOnInvestments,reported,
cash_flow,crm:DeferredIncomeTaxExpenseBenefitFromIntraEntityTransferOfIntangibleProperty,Tax benefit from intra-entity transfer of intangible property,FY22,0.0,CRM_SEC-XBRL-financials_as-presented_10-K_2022-03-11_0001108524-22-000013.xlsx,Cash Flow,"Fiscal Year Ended January 31, 2022",Tax benefit from intra-entity transfer of intangible property,crm:DeferredIncomeTaxExpenseBenefitFromIntraEntityTransferOfIntangibleProperty,reported,
cash_flow,us-gaap:IncreaseDecreaseInAccountsReceivable,"Accounts receivable, net",FY22,-1824.0,CRM_SEC-XBRL-financials_as-presented_10-K_2022-03-11_0001108524-22-000013.xlsx,Cash Flow,"Fiscal Year Ended January 31, 2022","Accounts receivable, net",us-gaap:IncreaseDecreaseInAccountsReceivable,reported,
cash_flow,crm:IncreaseDecreaseInCapitalizedContractCosts,"Costs capitalized to obtain revenue contracts, net",FY22,-2283.0,CRM_SEC-XBRL-financials_as-presented_10-K_2022-03-11_0001108524-22-000013.xlsx,Cash Flow,"Fiscal Year Ended January 31, 2022","Costs capitalized to obtain revenue contracts, net",crm:IncreaseDecreaseInCapitalizedContractCosts,reported,
cash_flow,us-gaap:IncreaseDecreaseInPrepaidDeferredExpenseAndOtherAssets,Prepaid expenses and other current assets and other assets,FY22,114.0,CRM_SEC-XBRL-financials_as-presented_10-K_2022-03-11_0001108524-22-000013.xlsx,Cash Flow,"Fiscal Year Ended January 31, 2022",Prepaid expenses and other current assets and other assets,us-gaap:IncreaseDecreaseInPrepaidDeferredExpenseAndOtherAssets,reported,
cash_flow,us-gaap:IncreaseDecreaseInAccountsPayableAndAccruedLiabilities,Accounts payable and accrued expenses and other liabilities,FY22,507.0,CRM_SEC-XBRL-financials_as-presented_10-K_2022-03-11_0001108524-22-000013.xlsx,Cash Flow,"Fiscal Year Ended January 31, 2022",Accounts payable and accrued expenses and other liabilities,us-gaap:IncreaseDecreaseInAccountsPayableAndAccruedLiabilities,reported,
cash_flow,us-gaap:IncreaseDecreaseInOperatingLeaseLiability,Operating lease liabilities,FY22,-801.0,CRM_SEC-XBRL-financials_as-presented_10-K_2022-03-11_0001108524-22-000013.xlsx,Cash Flow,"Fiscal Year Ended January 31, 2022",Operating lease liabilities,us-gaap:IncreaseDecreaseInOperatingLeaseLiability,reported,
cash_flow,us-gaap:IncreaseDecreaseInContractWithCustomerLiability,Unearned revenue,FY22,2629.0,CRM_SEC-XBRL-financials_as-presented_10-K_2022-03-11_0001108524-22-000013.xlsx,Cash Flow,"Fiscal Year Ended January 31, 2022",Unearned revenue,us-gaap:IncreaseDecreaseInContractWithCustomerLiability,reported,
cash_flow,us-gaap:NetCashProvidedByUsedInOperatingActivities,Net cash provided by operating activities,FY22,6000.0,CRM_SEC-XBRL-financials_as-presented_10-K_2022-03-11_0001108524-22-000013.xlsx,Cash Flow,"Fiscal Year Ended January 31, 2022",Net cash provided by operating activities,us-gaap:NetCashProvidedByUsedInOperatingActivities,reported,
cash_flow,us-gaap:PaymentsToAcquireBusinessesNetOfCashAcquired,"Business combinations, net of cash acquired",FY22,-14876.0,CRM_SEC-XBRL-financials_as-presented_10-K_2022-03-11_0001108524-22-000013.xlsx,Cash Flow,"Fiscal Year Ended January 31, 2022","Business combinations, net of cash acquired",us-gaap:PaymentsToAcquireBusinessesNetOfCashAcquired,reported,
cash_flow,us-gaap:PaymentsToAcquireLongtermInvestments,Purchases of strategic investments,FY22,-1718.0,CRM_SEC-XBRL-financials_as-presented_10-K_2022-03-11_0001108524-22-000013.xlsx,Cash Flow,"Fiscal Year Ended January 31, 2022",Purchases of strategic investments,us-gaap:PaymentsToAcquireLongtermInvestments,reported,
cash_flow,us-gaap:ProceedsFromSaleOfLongtermInvestments,Sales of strategic investments,FY22,2201.0,CRM_SEC-XBRL-financials_as-presented_10-K_2022-03-11_0001108524-22-000013.xlsx,Cash Flow,"Fiscal Year Ended January 31, 2022",Sales of strategic investments,us-gaap:ProceedsFromSaleOfLongtermInvestments,reported,
cash_flow,us-gaap:PaymentsToAcquireAvailableForSaleSecuritiesDebt,Purchases of marketable securities,FY22,-5674.0,CRM_SEC-XBRL-financials_as-presented_10-K_2022-03-11_0001108524-22-000013.xlsx,Cash Flow,"Fiscal Year Ended January 31, 2022",Purchases of marketable securities,us-gaap:PaymentsToAcquireAvailableForSaleSecuritiesDebt,reported,
cash_flow,us-gaap:ProceedsFromSaleOfAvailableForSaleSecuritiesDebt,Sales of marketable securities,FY22,4179.0,CRM_SEC-XBRL-financials_as-presented_10-K_2022-03-11_0001108524-22-000013.xlsx,Cash Flow,"Fiscal Year Ended January 31, 2022",Sales of marketable securities,us-gaap:ProceedsFromSaleOfAvailableForSaleSecuritiesDebt,reported,
cash_flow,us-gaap:ProceedsFromMaturitiesPrepaymentsAndCallsOfAvailableForSaleSecurities,Maturities of marketable securities,FY22,2069.0,CRM_SEC-XBRL-financials_as-presented_10-K_2022-03-11_0001108524-22-000013.xlsx,Cash Flow,"Fiscal Year Ended January 31, 2022",Maturities of marketable securities,us-gaap:ProceedsFromMaturitiesPrepaymentsAndCallsOfAvailableForSaleSecurities,reported,
cash_flow,us-gaap:PaymentsToAcquirePropertyPlantAndEquipment,Capital expenditures,FY22,-717.0,CRM_SEC-XBRL-financials_as-presented_10-K_2022-03-11_0001108524-22-000013.xlsx,Cash Flow,"Fiscal Year Ended January 31, 2022",Capital expenditures,us-gaap:PaymentsToAcquirePropertyPlantAndEquipment,reported,
cash_flow,us-gaap:NetCashProvidedByUsedInInvestingActivities,Net cash used in investing activities,FY22,-14536.0,CRM_SEC-XBRL-financials_as-presented_10-K_2022-03-11_0001108524-22-000013.xlsx,Cash Flow,"Fiscal Year Ended January 31, 2022",Net cash used in investing activities,us-gaap:NetCashProvidedByUsedInInvestingActivities,reported,
cash_flow,us-gaap:ProceedsFromIssuanceOfMediumTermNotes,"Proceeds from issuance of debt, net of issuance costs",FY22,7906.0,CRM_SEC-XBRL-financials_as-presented_10-K_2022-03-11_0001108524-22-000013.xlsx,Cash Flow,"Fiscal Year Ended January 31, 2022","Proceeds from issuance of debt, net of issuance costs",us-gaap:ProceedsFromIssuanceOfMediumTermNotes,reported,
cash_flow,crm:RepaymentsOfProceedsFromConvertibleDebtNetOfCappedCalls,"Repayments of Slack Convertible Notes, net of capped call proceeds (Note 9)",FY22,-1197.0,CRM_SEC-XBRL-financials_as-presented_10-K_2022-03-11_0001108524-22-000013.xlsx,Cash Flow,"Fiscal Year Ended January 31, 2022","Repayments of Slack Convertible Notes, net of capped call proceeds (Note 9)",crm:RepaymentsOfProceedsFromConvertibleDebtNetOfCappedCalls,reported,
cash_flow,us-gaap:ProceedsFromStockPlans,Proceeds from employee stock plans,FY22,1289.0,CRM_SEC-XBRL-financials_as-presented_10-K_2022-03-11_0001108524-22-000013.xlsx,Cash Flow,"Fiscal Year Ended January 31, 2022",Proceeds from employee stock plans,us-gaap:ProceedsFromStockPlans,reported,
cash_flow,us-gaap:FinanceLeasePrincipalPayments,Principal payments on financing obligations,FY22,-156.0,CRM_SEC-XBRL-financials_as-presented_10-K_2022-03-11_0001108524-22-000013.xlsx,Cash Flow,"Fiscal Year Ended January 31, 2022",Principal payments on financing obligations,us-gaap:FinanceLeasePrincipalPayments,reported,
cash_flow,us-gaap:RepaymentsOfLongTermLinesOfCredit,Repayments of debt,FY22,-4.0,CRM_SEC-XBRL-financials_as-presented_10-K_2022-03-11_0001108524-22-000013.xlsx,Cash Flow,"Fiscal Year Ended January 31, 2022",Repayments of debt,us-gaap:RepaymentsOfLongTermLinesOfCredit,reported,
cash_flow,us-gaap:NetCashProvidedByUsedInFinancingActivities,Net cash used in financing activities,FY22,7838.0,CRM_SEC-XBRL-financials_as-presented_10-K_2022-03-11_0001108524-22-000013.xlsx,Cash Flow,"Fiscal Year Ended January 31, 2022",Net cash provided by financing activities,us-gaap:NetCashProvidedByUsedInFinancingActivities,reported,
cash_flow,us-gaap:EffectOfExchangeRateOnCashCashEquivalentsRestrictedCashAndRestrictedCashEquivalents,Effect of exchange rate changes,FY22,-33.0,CRM_SEC-XBRL-financials_as-presented_10-K_2022-03-11_0001108524-22-000013.xlsx,Cash Flow,"Fiscal Year Ended January 31, 2022",Effect of exchange rate changes,us-gaap:EffectOfExchangeRateOnCashCashEquivalentsRestrictedCashAndRestrictedCashEquivalents,reported,
cash_flow,us-gaap:CashCashEquivalentsRestrictedCashAndRestrictedCashEquivalentsPeriodIncreaseDecreaseIncludingExchangeRateEffect,Net increase (decrease) in cash and cash equivalents,FY22,-731.0,CRM_SEC-XBRL-financials_as-presented_10-K_2022-03-11_0001108524-22-000013.xlsx,Cash Flow,"Fiscal Year Ended January 31, 2022",Net increase (decrease) in cash and cash equivalents,us-gaap:CashCashEquivalentsRestrictedCashAndRestrictedCashEquivalentsPeriodIncreaseDecreaseIncludingExchangeRateEffect,reported,
cash_flow,us-gaap:CashCashEquivalentsRestrictedCashAndRestrictedCashEquivalents,"Cash and cash equivalents, beginning of period",FY22,6195.0,CRM_SEC-XBRL-financials_as-presented_10-K_2022-03-11_0001108524-22-000013.xlsx,Cash Flow,"Fiscal Year Ended January 31, 2022","Cash and cash equivalents, beginning of period",us-gaap:CashCashEquivalentsRestrictedCashAndRestrictedCashEquivalents,reported,
income_statement,us-gaap:RevenueFromContractWithCustomerExcludingAssessedTax,Subscription and support,FY23,29021.0,CRM_SEC-XBRL-financials_as-presented_10-K_2023-03-08_0001108524-23-000011.xlsx,Income Statement,"Fiscal Year Ended January 31, 2023",Subscription and support,us-gaap:RevenueFromContractWithCustomerExcludingAssessedTax,reported,
income_statement,us-gaap:CostOfGoodsAndServicesSold,Subscription and support,FY23,5821.0,CRM_SEC-XBRL-financials_as-presented_10-K_2023-03-08_0001108524-23-000011.xlsx,Income Statement,"Fiscal Year Ended January 31, 2023",Subscription and support,us-gaap:CostOfGoodsAndServicesSold,reported,
income_statement,us-gaap:GrossProfit,Gross profit,FY23,22992.0,CRM_SEC-XBRL-financials_as-presented_10-K_2023-03-08_0001108524-23-000011.xlsx,Income Statement,"Fiscal Year Ended January 31, 2023",Gross profit,us-gaap:GrossProfit,reported,
income_statement,us-gaap:ResearchAndDevelopmentExpense,Research and development,FY23,5055.0,CRM_SEC-XBRL-financials_as-presented_10-K_2023-03-08_0001108524-23-000011.xlsx,Income Statement,"Fiscal Year Ended January 31, 2023",Research and development,us-gaap:ResearchAndDevelopmentExpense,reported,
income_statement,us-gaap:SellingAndMarketingExpense,Sales and marketing,FY23,13526.0,CRM_SEC-XBRL-financials_as-presented_10-K_2023-03-08_0001108524-23-000011.xlsx,Income Statement,"Fiscal Year Ended January 31, 2023",Marketing and sales,us-gaap:SellingAndMarketingExpense,reported,
income_statement,us-gaap:GeneralAndAdministrativeExpense,General and administrative,FY23,2553.0,CRM_SEC-XBRL-financials_as-presented_10-K_2023-03-08_0001108524-23-000011.xlsx,Income Statement,"Fiscal Year Ended January 31, 2023",General and administrative,us-gaap:GeneralAndAdministrativeExpense,reported,
income_statement,us-gaap:RestructuringCharges,Restructuring,FY23,828.0,CRM_SEC-XBRL-financials_as-presented_10-K_2023-03-08_0001108524-23-000011.xlsx,Income Statement,"Fiscal Year Ended January 31, 2023",Restructuring (Note 10),us-gaap:RestructuringCharges,reported,
income_statement,us-gaap:OperatingExpenses,Total operating expenses,FY23,21962.0,CRM_SEC-XBRL-financials_as-presented_10-K_2023-03-08_0001108524-23-000011.xlsx,Income Statement,"Fiscal Year Ended January 31, 2023",Total operating expenses,us-gaap:OperatingExpenses,reported,
income_statement,us-gaap:OperatingIncomeLoss,Income from operations,FY23,1030.0,CRM_SEC-XBRL-financials_as-presented_10-K_2023-03-08_0001108524-23-000011.xlsx,Income Statement,"Fiscal Year Ended January 31, 2023",Income from operations,us-gaap:OperatingIncomeLoss,reported,
income_statement,us-gaap:GainLossOnInvestments,"Gains (losses) on strategic investments, net",FY23,-239.0,CRM_SEC-XBRL-financials_as-presented_10-K_2023-03-08_0001108524-23-000011.xlsx,Income Statement,"Fiscal Year Ended January 31, 2023","Gains (losses) on strategic investments, net",us-gaap:GainLossOnInvestments,reported,
income_statement,us-gaap:OtherNonoperatingExpense,Other expense,FY23,-131.0,CRM_SEC-XBRL-financials_as-presented_10-K_2023-03-08_0001108524-23-000011.xlsx,Income Statement,"Fiscal Year Ended January 31, 2023",Other expense,us-gaap:OtherNonoperatingExpense,reported,
income_statement,us-gaap:IncomeLossFromContinuingOperationsBeforeIncomeTaxesExtraordinaryItemsNoncontrollingInterest,Income before provision for income taxes,FY23,660.0,CRM_SEC-XBRL-financials_as-presented_10-K_2023-03-08_0001108524-23-000011.xlsx,Income Statement,"Fiscal Year Ended January 31, 2023",Income before benefit from (provision for) income taxes,us-gaap:IncomeLossFromContinuingOperationsBeforeIncomeTaxesExtraordinaryItemsNoncontrollingInterest,reported,
income_statement,us-gaap:IncomeTaxExpenseBenefit,Provision for income taxes,FY23,-452.0,CRM_SEC-XBRL-financials_as-presented_10-K_2023-03-08_0001108524-23-000011.xlsx,Income Statement,"Fiscal Year Ended January 31, 2023",Benefit from (provision for) income taxes (3),us-gaap:IncomeTaxExpenseBenefit,reported,
income_statement,us-gaap:NetIncomeLoss,Net income,FY23,208.0,CRM_SEC-XBRL-financials_as-presented_10-K_2023-03-08_0001108524-23-000011.xlsx,Income Statement,"Fiscal Year Ended January 31, 2023",Net income,us-gaap:NetIncomeLoss,reported,
income_statement,us-gaap:EarningsPerShareBasic,Basic net income per share,FY23,0.21,CRM_SEC-XBRL-financials_as-presented_10-K_2023-03-08_0001108524-23-000011.xlsx,Income Statement,"Fiscal Year Ended January 31, 2023",Basic net income per share,us-gaap:EarningsPerShareBasic,reported,
income_statement,us-gaap:EarningsPerShareDiluted,Diluted net income per share,FY23,0.21,CRM_SEC-XBRL-financials_as-presented_10-K_2023-03-08_0001108524-23-000011.xlsx,Income Statement,"Fiscal Year Ended January 31, 2023",Diluted net income per share,us-gaap:EarningsPerShareDiluted,reported,
income_statement,us-gaap:WeightedAverageNumberOfSharesOutstandingBasic,Shares used in computing basic net income per share,FY23,992.0,CRM_SEC-XBRL-financials_as-presented_10-K_2023-03-08_0001108524-23-000011.xlsx,Income Statement,"Fiscal Year Ended January 31, 2023",Shares used in computing basic net income per share,us-gaap:WeightedAverageNumberOfSharesOutstandingBasic,reported,
income_statement,us-gaap:WeightedAverageNumberOfDilutedSharesOutstanding,Shares used in computing diluted net income per share,FY23,997.0,CRM_SEC-XBRL-financials_as-presented_10-K_2023-03-08_0001108524-23-000011.xlsx,Income Statement,"Fiscal Year Ended January 31, 2023",Shares used in computing diluted net income per share,us-gaap:WeightedAverageNumberOfDilutedSharesOutstanding,reported,
cash_flow,us-gaap:NetIncomeLoss,Net income,FY23,208.0,CRM_SEC-XBRL-financials_as-presented_10-K_2023-03-08_0001108524-23-000011.xlsx,Cash Flow,"Fiscal Year Ended January 31, 2023",Net income,us-gaap:NetIncomeLoss,reported,
cash_flow,us-gaap:DepreciationAndAmortization,Depreciation and amortization (1),FY23,3786.0,CRM_SEC-XBRL-financials_as-presented_10-K_2023-03-08_0001108524-23-000011.xlsx,Cash Flow,"Fiscal Year Ended January 31, 2023",Depreciation and amortization (1),us-gaap:DepreciationAndAmortization,reported,
cash_flow,us-gaap:CapitalizedContractCostAmortization,"Amortization of costs capitalized to obtain revenue contracts, net",FY23,1668.0,CRM_SEC-XBRL-financials_as-presented_10-K_2023-03-08_0001108524-23-000011.xlsx,Cash Flow,"Fiscal Year Ended January 31, 2023","Amortization of costs capitalized to obtain revenue contracts, net",us-gaap:CapitalizedContractCostAmortization,reported,
cash_flow,us-gaap:ShareBasedCompensation,Stock-based compensation expense,FY23,3279.0,CRM_SEC-XBRL-financials_as-presented_10-K_2023-03-08_0001108524-23-000011.xlsx,Cash Flow,"Fiscal Year Ended January 31, 2023",Stock-based compensation expense,us-gaap:ShareBasedCompensation,reported,
cash_flow,us-gaap:GainLossOnInvestments,"(Gains) losses on strategic investments, net",FY23,239.0,CRM_SEC-XBRL-financials_as-presented_10-K_2023-03-08_0001108524-23-000011.xlsx,Cash Flow,"Fiscal Year Ended January 31, 2023","(Gains) losses on strategic investments, net",us-gaap:GainLossOnInvestments,reported,
cash_flow,crm:DeferredIncomeTaxExpenseBenefitFromIntraEntityTransferOfIntangibleProperty,Tax benefit from intra-entity transfer of intangible property,FY23,0.0,CRM_SEC-XBRL-financials_as-presented_10-K_2023-03-08_0001108524-23-000011.xlsx,Cash Flow,"Fiscal Year Ended January 31, 2023",Tax benefit from intra-entity transfer of intangible property,crm:DeferredIncomeTaxExpenseBenefitFromIntraEntityTransferOfIntangibleProperty,reported,
cash_flow,us-gaap:IncreaseDecreaseInAccountsReceivable,"Accounts receivable, net",FY23,-995.0,CRM_SEC-XBRL-financials_as-presented_10-K_2023-03-08_0001108524-23-000011.xlsx,Cash Flow,"Fiscal Year Ended January 31, 2023","Accounts receivable, net",us-gaap:IncreaseDecreaseInAccountsReceivable,reported,
cash_flow,crm:IncreaseDecreaseInCapitalizedContractCosts,"Costs capitalized to obtain revenue contracts, net",FY23,-2345.0,CRM_SEC-XBRL-financials_as-presented_10-K_2023-03-08_0001108524-23-000011.xlsx,Cash Flow,"Fiscal Year Ended January 31, 2023","Costs capitalized to obtain revenue contracts, net",crm:IncreaseDecreaseInCapitalizedContractCosts,reported,
cash_flow,us-gaap:IncreaseDecreaseInPrepaidDeferredExpenseAndOtherAssets,Prepaid expenses and other current assets and other assets,FY23,-302.0,CRM_SEC-XBRL-financials_as-presented_10-K_2023-03-08_0001108524-23-000011.xlsx,Cash Flow,"Fiscal Year Ended January 31, 2023",Prepaid expenses and other current assets and other assets,us-gaap:IncreaseDecreaseInPrepaidDeferredExpenseAndOtherAssets,reported,
cash_flow,us-gaap:IncreaseDecreaseInAccountsPayableAndAccruedLiabilities,Accounts payable and accrued expenses and other liabilities,FY23,528.0,CRM_SEC-XBRL-financials_as-presented_10-K_2023-03-08_0001108524-23-000011.xlsx,Cash Flow,"Fiscal Year Ended January 31, 2023",Accounts payable and accrued expenses and other liabilities,us-gaap:IncreaseDecreaseInAccountsPayableAndAccruedLiabilities,reported,
cash_flow,us-gaap:IncreaseDecreaseInOperatingLeaseLiability,Operating lease liabilities,FY23,-699.0,CRM_SEC-XBRL-financials_as-presented_10-K_2023-03-08_0001108524-23-000011.xlsx,Cash Flow,"Fiscal Year Ended January 31, 2023",Operating lease liabilities,us-gaap:IncreaseDecreaseInOperatingLeaseLiability,reported,
cash_flow,us-gaap:IncreaseDecreaseInContractWithCustomerLiability,Unearned revenue,FY23,1744.0,CRM_SEC-XBRL-financials_as-presented_10-K_2023-03-08_0001108524-23-000011.xlsx,Cash Flow,"Fiscal Year Ended January 31, 2023",Unearned revenue,us-gaap:IncreaseDecreaseInContractWithCustomerLiability,reported,
cash_flow,us-gaap:NetCashProvidedByUsedInOperatingActivities,Net cash provided by operating activities,FY23,7111.0,CRM_SEC-XBRL-financials_as-presented_10-K_2023-03-08_0001108524-23-000011.xlsx,Cash Flow,"Fiscal Year Ended January 31, 2023",Net cash provided by operating activities,us-gaap:NetCashProvidedByUsedInOperatingActivities,reported,
cash_flow,us-gaap:PaymentsToAcquireBusinessesNetOfCashAcquired,"Business combinations, net of cash acquired",FY23,-439.0,CRM_SEC-XBRL-financials_as-presented_10-K_2023-03-08_0001108524-23-000011.xlsx,Cash Flow,"Fiscal Year Ended January 31, 2023","Business combinations, net of cash acquired",us-gaap:PaymentsToAcquireBusinessesNetOfCashAcquired,reported,
cash_flow,us-gaap:PaymentsToAcquireLongtermInvestments,Purchases of strategic investments,FY23,-550.0,CRM_SEC-XBRL-financials_as-presented_10-K_2023-03-08_0001108524-23-000011.xlsx,Cash Flow,"Fiscal Year Ended January 31, 2023",Purchases of strategic investments,us-gaap:PaymentsToAcquireLongtermInvestments,reported,
cash_flow,us-gaap:ProceedsFromSaleOfLongtermInvestments,Sales of strategic investments,FY23,355.0,CRM_SEC-XBRL-financials_as-presented_10-K_2023-03-08_0001108524-23-000011.xlsx,Cash Flow,"Fiscal Year Ended January 31, 2023",Sales of strategic investments,us-gaap:ProceedsFromSaleOfLongtermInvestments,reported,
cash_flow,us-gaap:PaymentsToAcquireAvailableForSaleSecuritiesDebt,Purchases of marketable securities,FY23,-4777.0,CRM_SEC-XBRL-financials_as-presented_10-K_2023-03-08_0001108524-23-000011.xlsx,Cash Flow,"Fiscal Year Ended January 31, 2023",Purchases of marketable securities,us-gaap:PaymentsToAcquireAvailableForSaleSecuritiesDebt,reported,
cash_flow,us-gaap:ProceedsFromSaleOfAvailableForSaleSecuritiesDebt,Sales of marketable securities,FY23,1771.0,CRM_SEC-XBRL-financials_as-presented_10-K_2023-03-08_0001108524-23-000011.xlsx,Cash Flow,"Fiscal Year Ended January 31, 2023",Sales of marketable securities,us-gaap:ProceedsFromSaleOfAvailableForSaleSecuritiesDebt,reported,
cash_flow,us-gaap:ProceedsFromMaturitiesPrepaymentsAndCallsOfAvailableForSaleSecurities,Maturities of marketable securities,FY23,2449.0,CRM_SEC-XBRL-financials_as-presented_10-K_2023-03-08_0001108524-23-000011.xlsx,Cash Flow,"Fiscal Year Ended January 31, 2023",Maturities of marketable securities,us-gaap:ProceedsFromMaturitiesPrepaymentsAndCallsOfAvailableForSaleSecurities,reported,
cash_flow,us-gaap:PaymentsToAcquirePropertyPlantAndEquipment,Capital expenditures,FY23,-798.0,CRM_SEC-XBRL-financials_as-presented_10-K_2023-03-08_0001108524-23-000011.xlsx,Cash Flow,"Fiscal Year Ended January 31, 2023",Capital expenditures,us-gaap:PaymentsToAcquirePropertyPlantAndEquipment,reported,
cash_flow,us-gaap:NetCashProvidedByUsedInInvestingActivities,Net cash used in investing activities,FY23,-1989.0,CRM_SEC-XBRL-financials_as-presented_10-K_2023-03-08_0001108524-23-000011.xlsx,Cash Flow,"Fiscal Year Ended January 31, 2023",Net cash used in investing activities,us-gaap:NetCashProvidedByUsedInInvestingActivities,reported,
cash_flow,us-gaap:ProceedsFromIssuanceOfMediumTermNotes,"Proceeds from issuance of debt, net of issuance costs",FY23,0.0,CRM_SEC-XBRL-financials_as-presented_10-K_2023-03-08_0001108524-23-000011.xlsx,Cash Flow,"Fiscal Year Ended January 31, 2023","Proceeds from issuance of debt, net of issuance costs",us-gaap:ProceedsFromIssuanceOfMediumTermNotes,reported,
cash_flow,crm:RepaymentsOfProceedsFromConvertibleDebtNetOfCappedCalls,"Repayments of Slack Convertible Notes, net of capped call proceeds (Note 9)",FY23,0.0,CRM_SEC-XBRL-financials_as-presented_10-K_2023-03-08_0001108524-23-000011.xlsx,Cash Flow,"Fiscal Year Ended January 31, 2023","Repayments of Slack Convertible Notes, net of capped call proceeds",crm:RepaymentsOfProceedsFromConvertibleDebtNetOfCappedCalls,reported,
cash_flow,us-gaap:PaymentsForRepurchaseOfCommonStock,Repurchases of common stock,FY23,-4000.0,CRM_SEC-XBRL-financials_as-presented_10-K_2023-03-08_0001108524-23-000011.xlsx,Cash Flow,"Fiscal Year Ended January 31, 2023",Repurchases of common stock,us-gaap:PaymentsForRepurchaseOfCommonStock,reported,
cash_flow,us-gaap:ProceedsFromStockPlans,Proceeds from employee stock plans,FY23,861.0,CRM_SEC-XBRL-financials_as-presented_10-K_2023-03-08_0001108524-23-000011.xlsx,Cash Flow,"Fiscal Year Ended January 31, 2023",Proceeds from employee stock plans,us-gaap:ProceedsFromStockPlans,reported,
cash_flow,us-gaap:FinanceLeasePrincipalPayments,Principal payments on financing obligations,FY23,-419.0,CRM_SEC-XBRL-financials_as-presented_10-K_2023-03-08_0001108524-23-000011.xlsx,Cash Flow,"Fiscal Year Ended January 31, 2023",Principal payments on financing obligations,us-gaap:FinanceLeasePrincipalPayments,reported,
cash_flow,us-gaap:RepaymentsOfLongTermLinesOfCredit,Repayments of debt,FY23,-4.0,CRM_SEC-XBRL-financials_as-presented_10-K_2023-03-08_0001108524-23-000011.xlsx,Cash Flow,"Fiscal Year Ended January 31, 2023",Repayments of debt,us-gaap:RepaymentsOfLongTermLinesOfCredit,reported,
cash_flow,us-gaap:NetCashProvidedByUsedInFinancingActivities,Net cash used in financing activities,FY23,-3562.0,CRM_SEC-XBRL-financials_as-presented_10-K_2023-03-08_0001108524-23-000011.xlsx,Cash Flow,"Fiscal Year Ended January 31, 2023",Net cash provided by (used in) financing activities,us-gaap:NetCashProvidedByUsedInFinancingActivities,reported,
cash_flow,us-gaap:EffectOfExchangeRateOnCashCashEquivalentsRestrictedCashAndRestrictedCashEquivalents,Effect of exchange rate changes,FY23,-8.0,CRM_SEC-XBRL-financials_as-presented_10-K_2023-03-08_0001108524-23-000011.xlsx,Cash Flow,"Fiscal Year Ended January 31, 2023",Effect of exchange rate changes,us-gaap:EffectOfExchangeRateOnCashCashEquivalentsRestrictedCashAndRestrictedCashEquivalents,reported,
cash_flow,us-gaap:CashCashEquivalentsRestrictedCashAndRestrictedCashEquivalentsPeriodIncreaseDecreaseIncludingExchangeRateEffect,Net increase (decrease) in cash and cash equivalents,FY23,1552.0,CRM_SEC-XBRL-financials_as-presented_10-K_2023-03-08_0001108524-23-000011.xlsx,Cash Flow,"Fiscal Year Ended January 31, 2023",Net increase (decrease) in cash and cash equivalents,us-gaap:CashCashEquivalentsRestrictedCashAndRestrictedCashEquivalentsPeriodIncreaseDecreaseIncludingExchangeRateEffect,reported,
cash_flow,us-gaap:CashCashEquivalentsRestrictedCashAndRestrictedCashEquivalents,"Cash and cash equivalents, beginning of period",FY23,5464.0,CRM_SEC-XBRL-financials_as-presented_10-K_2023-03-08_0001108524-23-000011.xlsx,Cash Flow,"Fiscal Year Ended January 31, 2023","Cash and cash equivalents, beginning of period",us-gaap:CashCashEquivalentsRestrictedCashAndRestrictedCashEquivalents,reported,
income_statement,us-gaap:RevenueFromContractWithCustomerExcludingAssessedTax,Subscription and support,FY24,32537.0,CRM_SEC-XBRL-financials_as-presented_10-K_2024-03-06_0001108524-24-000005.xlsx,Income Statement,"Fiscal Year Ended January 31, 2024",Subscription and support,us-gaap:RevenueFromContractWithCustomerExcludingAssessedTax,reported,
income_statement,us-gaap:CostOfGoodsAndServicesSold,Subscription and support,FY24,6177.0,CRM_SEC-XBRL-financials_as-presented_10-K_2024-03-06_0001108524-24-000005.xlsx,Income Statement,"Fiscal Year Ended January 31, 2024",Subscription and support,us-gaap:CostOfGoodsAndServicesSold,reported,
income_statement,us-gaap:GrossProfit,Gross profit,FY24,26316.0,CRM_SEC-XBRL-financials_as-presented_10-K_2024-03-06_0001108524-24-000005.xlsx,Income Statement,"Fiscal Year Ended January 31, 2024",Gross profit,us-gaap:GrossProfit,reported,
income_statement,us-gaap:ResearchAndDevelopmentExpense,Research and development,FY24,4906.0,CRM_SEC-XBRL-financials_as-presented_10-K_2024-03-06_0001108524-24-000005.xlsx,Income Statement,"Fiscal Year Ended January 31, 2024",Research and development,us-gaap:ResearchAndDevelopmentExpense,reported,
income_statement,us-gaap:SellingAndMarketingExpense,Sales and marketing,FY24,12877.0,CRM_SEC-XBRL-financials_as-presented_10-K_2024-03-06_0001108524-24-000005.xlsx,Income Statement,"Fiscal Year Ended January 31, 2024",Marketing and sales,us-gaap:SellingAndMarketingExpense,reported,
income_statement,us-gaap:GeneralAndAdministrativeExpense,General and administrative,FY24,2534.0,CRM_SEC-XBRL-financials_as-presented_10-K_2024-03-06_0001108524-24-000005.xlsx,Income Statement,"Fiscal Year Ended January 31, 2024",General and administrative,us-gaap:GeneralAndAdministrativeExpense,reported,
income_statement,us-gaap:RestructuringCharges,Restructuring,FY24,988.0,CRM_SEC-XBRL-financials_as-presented_10-K_2024-03-06_0001108524-24-000005.xlsx,Income Statement,"Fiscal Year Ended January 31, 2024",Restructuring,us-gaap:RestructuringCharges,reported,
income_statement,us-gaap:OperatingExpenses,Total operating expenses,FY24,21305.0,CRM_SEC-XBRL-financials_as-presented_10-K_2024-03-06_0001108524-24-000005.xlsx,Income Statement,"Fiscal Year Ended January 31, 2024",Total operating expenses,us-gaap:OperatingExpenses,reported,
income_statement,us-gaap:OperatingIncomeLoss,Income from operations,FY24,5011.0,CRM_SEC-XBRL-financials_as-presented_10-K_2024-03-06_0001108524-24-000005.xlsx,Income Statement,"Fiscal Year Ended January 31, 2024",Income from operations,us-gaap:OperatingIncomeLoss,reported,
income_statement,us-gaap:GainLossOnInvestments,"Gains (losses) on strategic investments, net",FY24,-277.0,CRM_SEC-XBRL-financials_as-presented_10-K_2024-03-06_0001108524-24-000005.xlsx,Income Statement,"Fiscal Year Ended January 31, 2024","Gains (losses) on strategic investments, net",us-gaap:GainLossOnInvestments,reported,
income_statement,us-gaap:OtherNonoperatingIncomeExpense,Other income,FY24,216.0,CRM_SEC-XBRL-financials_as-presented_10-K_2024-03-06_0001108524-24-000005.xlsx,Income Statement,"Fiscal Year Ended January 31, 2024",Other income (expense),us-gaap:OtherNonoperatingIncomeExpense,reported,
income_statement,us-gaap:IncomeLossFromContinuingOperationsBeforeIncomeTaxesExtraordinaryItemsNoncontrollingInterest,Income before provision for income taxes,FY24,4950.0,CRM_SEC-XBRL-financials_as-presented_10-K_2024-03-06_0001108524-24-000005.xlsx,Income Statement,"Fiscal Year Ended January 31, 2024",Income before provision for income taxes,us-gaap:IncomeLossFromContinuingOperationsBeforeIncomeTaxesExtraordinaryItemsNoncontrollingInterest,reported,
income_statement,us-gaap:IncomeTaxExpenseBenefit,Provision for income taxes,FY24,-814.0,CRM_SEC-XBRL-financials_as-presented_10-K_2024-03-06_0001108524-24-000005.xlsx,Income Statement,"Fiscal Year Ended January 31, 2024",Provision for income taxes,us-gaap:IncomeTaxExpenseBenefit,reported,
income_statement,us-gaap:NetIncomeLoss,Net income,FY24,4136.0,CRM_SEC-XBRL-financials_as-presented_10-K_2024-03-06_0001108524-24-000005.xlsx,Income Statement,"Fiscal Year Ended January 31, 2024",Net income,us-gaap:NetIncomeLoss,reported,
income_statement,us-gaap:EarningsPerShareBasic,Basic net income per share,FY24,4.25,CRM_SEC-XBRL-financials_as-presented_10-K_2024-03-06_0001108524-24-000005.xlsx,Income Statement,"Fiscal Year Ended January 31, 2024",Basic net income per share,us-gaap:EarningsPerShareBasic,reported,
income_statement,us-gaap:EarningsPerShareDiluted,Diluted net income per share,FY24,4.2,CRM_SEC-XBRL-financials_as-presented_10-K_2024-03-06_0001108524-24-000005.xlsx,Income Statement,"Fiscal Year Ended January 31, 2024",Diluted net income per share,us-gaap:EarningsPerShareDiluted,reported,
income_statement,us-gaap:WeightedAverageNumberOfSharesOutstandingBasic,Shares used in computing basic net income per share,FY24,974.0,CRM_SEC-XBRL-financials_as-presented_10-K_2024-03-06_0001108524-24-000005.xlsx,Income Statement,"Fiscal Year Ended January 31, 2024",Shares used in computing basic net income per share,us-gaap:WeightedAverageNumberOfSharesOutstandingBasic,reported,
income_statement,us-gaap:WeightedAverageNumberOfDilutedSharesOutstanding,Shares used in computing diluted net income per share,FY24,984.0,CRM_SEC-XBRL-financials_as-presented_10-K_2024-03-06_0001108524-24-000005.xlsx,Income Statement,"Fiscal Year Ended January 31, 2024",Shares used in computing diluted net income per share,us-gaap:WeightedAverageNumberOfDilutedSharesOutstanding,reported,
cash_flow,us-gaap:NetIncomeLoss,Net income,FY24,4136.0,CRM_SEC-XBRL-financials_as-presented_10-K_2024-03-06_0001108524-24-000005.xlsx,Cash Flow,"Fiscal Year Ended January 31, 2024",Net income,us-gaap:NetIncomeLoss,reported,
cash_flow,us-gaap:DepreciationAndAmortization,Depreciation and amortization (1),FY24,3959.0,CRM_SEC-XBRL-financials_as-presented_10-K_2024-03-06_0001108524-24-000005.xlsx,Cash Flow,"Fiscal Year Ended January 31, 2024",Depreciation and amortization (1),us-gaap:DepreciationAndAmortization,reported,
cash_flow,us-gaap:CapitalizedContractCostAmortization,"Amortization of costs capitalized to obtain revenue contracts, net",FY24,1925.0,CRM_SEC-XBRL-financials_as-presented_10-K_2024-03-06_0001108524-24-000005.xlsx,Cash Flow,"Fiscal Year Ended January 31, 2024","Amortization of costs capitalized to obtain revenue contracts, net",us-gaap:CapitalizedContractCostAmortization,reported,
cash_flow,us-gaap:ShareBasedCompensation,Stock-based compensation expense,FY24,2787.0,CRM_SEC-XBRL-financials_as-presented_10-K_2024-03-06_0001108524-24-000005.xlsx,Cash Flow,"Fiscal Year Ended January 31, 2024",Stock-based compensation expense,us-gaap:ShareBasedCompensation,reported,
cash_flow,us-gaap:GainLossOnInvestments,"(Gains) losses on strategic investments, net",FY24,277.0,CRM_SEC-XBRL-financials_as-presented_10-K_2024-03-06_0001108524-24-000005.xlsx,Cash Flow,"Fiscal Year Ended January 31, 2024","(Gains) losses on strategic investments, net",us-gaap:GainLossOnInvestments,reported,
cash_flow,us-gaap:IncreaseDecreaseInAccountsReceivable,"Accounts receivable, net",FY24,-659.0,CRM_SEC-XBRL-financials_as-presented_10-K_2024-03-06_0001108524-24-000005.xlsx,Cash Flow,"Fiscal Year Ended January 31, 2024","Accounts receivable, net",us-gaap:IncreaseDecreaseInAccountsReceivable,reported,
cash_flow,crm:IncreaseDecreaseInCapitalizedContractCosts,"Costs capitalized to obtain revenue contracts, net",FY24,-1872.0,CRM_SEC-XBRL-financials_as-presented_10-K_2024-03-06_0001108524-24-000005.xlsx,Cash Flow,"Fiscal Year Ended January 31, 2024","Costs capitalized to obtain revenue contracts, net",crm:IncreaseDecreaseInCapitalizedContractCosts,reported,
cash_flow,us-gaap:IncreaseDecreaseInPrepaidDeferredExpenseAndOtherAssets,Prepaid expenses and other current assets and other assets,FY24,-843.0,CRM_SEC-XBRL-financials_as-presented_10-K_2024-03-06_0001108524-24-000005.xlsx,Cash Flow,"Fiscal Year Ended January 31, 2024",Prepaid expenses and other current assets and other assets,us-gaap:IncreaseDecreaseInPrepaidDeferredExpenseAndOtherAssets,reported,
cash_flow,us-gaap:IncreaseDecreaseInAccountsPayableAndAccruedLiabilities,Accounts payable and accrued expenses and other liabilities,FY24,-478.0,CRM_SEC-XBRL-financials_as-presented_10-K_2024-03-06_0001108524-24-000005.xlsx,Cash Flow,"Fiscal Year Ended January 31, 2024",Accounts payable and accrued expenses and other liabilities,us-gaap:IncreaseDecreaseInAccountsPayableAndAccruedLiabilities,reported,
cash_flow,us-gaap:IncreaseDecreaseInOperatingLeaseLiability,Operating lease liabilities,FY24,-621.0,CRM_SEC-XBRL-financials_as-presented_10-K_2024-03-06_0001108524-24-000005.xlsx,Cash Flow,"Fiscal Year Ended January 31, 2024",Operating lease liabilities,us-gaap:IncreaseDecreaseInOperatingLeaseLiability,reported,
cash_flow,us-gaap:IncreaseDecreaseInContractWithCustomerLiability,Unearned revenue,FY24,1623.0,CRM_SEC-XBRL-financials_as-presented_10-K_2024-03-06_0001108524-24-000005.xlsx,Cash Flow,"Fiscal Year Ended January 31, 2024",Unearned revenue,us-gaap:IncreaseDecreaseInContractWithCustomerLiability,reported,
cash_flow,us-gaap:NetCashProvidedByUsedInOperatingActivities,Net cash provided by operating activities,FY24,10234.0,CRM_SEC-XBRL-financials_as-presented_10-K_2024-03-06_0001108524-24-000005.xlsx,Cash Flow,"Fiscal Year Ended January 31, 2024",Net cash provided by operating activities,us-gaap:NetCashProvidedByUsedInOperatingActivities,reported,
cash_flow,us-gaap:PaymentsToAcquireBusinessesNetOfCashAcquired,"Business combinations, net of cash acquired",FY24,-82.0,CRM_SEC-XBRL-financials_as-presented_10-K_2024-03-06_0001108524-24-000005.xlsx,Cash Flow,"Fiscal Year Ended January 31, 2024","Business combinations, net of cash acquired",us-gaap:PaymentsToAcquireBusinessesNetOfCashAcquired,reported,
cash_flow,us-gaap:PaymentsToAcquireLongtermInvestments,Purchases of strategic investments,FY24,-496.0,CRM_SEC-XBRL-financials_as-presented_10-K_2024-03-06_0001108524-24-000005.xlsx,Cash Flow,"Fiscal Year Ended January 31, 2024",Purchases of strategic investments,us-gaap:PaymentsToAcquireLongtermInvestments,reported,
cash_flow,us-gaap:ProceedsFromSaleOfLongtermInvestments,Sales of strategic investments,FY24,108.0,CRM_SEC-XBRL-financials_as-presented_10-K_2024-03-06_0001108524-24-000005.xlsx,Cash Flow,"Fiscal Year Ended January 31, 2024",Sales of strategic investments,us-gaap:ProceedsFromSaleOfLongtermInvestments,reported,
cash_flow,us-gaap:PaymentsToAcquireAvailableForSaleSecuritiesDebt,Purchases of marketable securities,FY24,-3761.0,CRM_SEC-XBRL-financials_as-presented_10-K_2024-03-06_0001108524-24-000005.xlsx,Cash Flow,"Fiscal Year Ended January 31, 2024",Purchases of marketable securities,us-gaap:PaymentsToAcquireAvailableForSaleSecuritiesDebt,reported,
cash_flow,us-gaap:ProceedsFromSaleOfAvailableForSaleSecuritiesDebt,Sales of marketable securities,FY24,1511.0,CRM_SEC-XBRL-financials_as-presented_10-K_2024-03-06_0001108524-24-000005.xlsx,Cash Flow,"Fiscal Year Ended January 31, 2024",Sales of marketable securities,us-gaap:ProceedsFromSaleOfAvailableForSaleSecuritiesDebt,reported,
cash_flow,us-gaap:ProceedsFromMaturitiesPrepaymentsAndCallsOfAvailableForSaleSecurities,Maturities of marketable securities,FY24,2129.0,CRM_SEC-XBRL-financials_as-presented_10-K_2024-03-06_0001108524-24-000005.xlsx,Cash Flow,"Fiscal Year Ended January 31, 2024",Maturities of marketable securities,us-gaap:ProceedsFromMaturitiesPrepaymentsAndCallsOfAvailableForSaleSecurities,reported,
cash_flow,us-gaap:PaymentsToAcquirePropertyPlantAndEquipment,Capital expenditures,FY24,-736.0,CRM_SEC-XBRL-financials_as-presented_10-K_2024-03-06_0001108524-24-000005.xlsx,Cash Flow,"Fiscal Year Ended January 31, 2024",Capital expenditures,us-gaap:PaymentsToAcquirePropertyPlantAndEquipment,reported,
cash_flow,us-gaap:NetCashProvidedByUsedInInvestingActivities,Net cash used in investing activities,FY24,-1327.0,CRM_SEC-XBRL-financials_as-presented_10-K_2024-03-06_0001108524-24-000005.xlsx,Cash Flow,"Fiscal Year Ended January 31, 2024",Net cash used in investing activities,us-gaap:NetCashProvidedByUsedInInvestingActivities,reported,
cash_flow,us-gaap:ProceedsFromIssuanceOfMediumTermNotes,"Proceeds from issuance of debt, net of issuance costs",FY24,0.0,CRM_SEC-XBRL-financials_as-presented_10-K_2024-03-06_0001108524-24-000005.xlsx,Cash Flow,"Fiscal Year Ended January 31, 2024","Proceeds from issuance of debt, net of issuance costs",us-gaap:ProceedsFromIssuanceOfMediumTermNotes,reported,
cash_flow,crm:RepaymentsOfProceedsFromConvertibleDebtNetOfCappedCalls,"Repayments of Slack Convertible Notes, net of capped call proceeds (Note 9)",FY24,0.0,CRM_SEC-XBRL-financials_as-presented_10-K_2024-03-06_0001108524-24-000005.xlsx,Cash Flow,"Fiscal Year Ended January 31, 2024","Repayments of Slack Convertible Notes, net of capped call proceeds",crm:RepaymentsOfProceedsFromConvertibleDebtNetOfCappedCalls,reported,
cash_flow,us-gaap:PaymentsForRepurchaseOfCommonStock,Repurchases of common stock,FY24,-7620.0,CRM_SEC-XBRL-financials_as-presented_10-K_2024-03-06_0001108524-24-000005.xlsx,Cash Flow,"Fiscal Year Ended January 31, 2024",Repurchases of common stock,us-gaap:PaymentsForRepurchaseOfCommonStock,reported,
cash_flow,us-gaap:ProceedsFromStockPlans,Proceeds from employee stock plans,FY24,1954.0,CRM_SEC-XBRL-financials_as-presented_10-K_2024-03-06_0001108524-24-000005.xlsx,Cash Flow,"Fiscal Year Ended January 31, 2024",Proceeds from employee stock plans,us-gaap:ProceedsFromStockPlans,reported,
cash_flow,us-gaap:FinanceLeasePrincipalPayments,Principal payments on financing obligations,FY24,-629.0,CRM_SEC-XBRL-financials_as-presented_10-K_2024-03-06_0001108524-24-000005.xlsx,Cash Flow,"Fiscal Year Ended January 31, 2024",Principal payments on financing obligations,us-gaap:FinanceLeasePrincipalPayments,reported,
cash_flow,us-gaap:RepaymentsOfLongTermLinesOfCredit,Repayments of debt,FY24,-1182.0,CRM_SEC-XBRL-financials_as-presented_10-K_2024-03-06_0001108524-24-000005.xlsx,Cash Flow,"Fiscal Year Ended January 31, 2024",Repayments of debt,us-gaap:RepaymentsOfLongTermLinesOfCredit,reported,
cash_flow,us-gaap:NetCashProvidedByUsedInFinancingActivities,Net cash used in financing activities,FY24,-7477.0,CRM_SEC-XBRL-financials_as-presented_10-K_2024-03-06_0001108524-24-000005.xlsx,Cash Flow,"Fiscal Year Ended January 31, 2024",Net cash provided by (used in) financing activities,us-gaap:NetCashProvidedByUsedInFinancingActivities,reported,
cash_flow,us-gaap:EffectOfExchangeRateOnCashCashEquivalentsRestrictedCashAndRestrictedCashEquivalents,Effect of exchange rate changes,FY24,26.0,CRM_SEC-XBRL-financials_as-presented_10-K_2024-03-06_0001108524-24-000005.xlsx,Cash Flow,"Fiscal Year Ended January 31, 2024",Effect of exchange rate changes,us-gaap:EffectOfExchangeRateOnCashCashEquivalentsRestrictedCashAndRestrictedCashEquivalents,reported,
cash_flow,us-gaap:CashCashEquivalentsRestrictedCashAndRestrictedCashEquivalentsPeriodIncreaseDecreaseIncludingExchangeRateEffect,Net increase (decrease) in cash and cash equivalents,FY24,1456.0,CRM_SEC-XBRL-financials_as-presented_10-K_2024-03-06_0001108524-24-000005.xlsx,Cash Flow,"Fiscal Year Ended January 31, 2024",Net increase (decrease) in cash and cash equivalents,us-gaap:CashCashEquivalentsRestrictedCashAndRestrictedCashEquivalentsPeriodIncreaseDecreaseIncludingExchangeRateEffect,reported,
cash_flow,us-gaap:CashCashEquivalentsRestrictedCashAndRestrictedCashEquivalents,"Cash and cash equivalents, beginning of period",FY24,7016.0,CRM_SEC-XBRL-financials_as-presented_10-K_2024-03-06_0001108524-24-000005.xlsx,Cash Flow,"Fiscal Year Ended January 31, 2024","Cash and cash equivalents, beginning of period",us-gaap:CashCashEquivalentsRestrictedCashAndRestrictedCashEquivalents,reported,
income_statement,us-gaap:RevenueFromContractWithCustomerExcludingAssessedTax,Subscription and support,FY25,35679.0,CRM_SEC-XBRL-financials_as-presented_10-K_2025-03-05_0001108524-25-000006.xlsx,Income Statement,"Fiscal Year Ended January 31, 2025",Subscription and support,us-gaap:RevenueFromContractWithCustomerExcludingAssessedTax,reported,
income_statement,us-gaap:CostOfGoodsAndServicesSold,Subscription and support,FY25,6198.0,CRM_SEC-XBRL-financials_as-presented_10-K_2025-03-05_0001108524-25-000006.xlsx,Income Statement,"Fiscal Year Ended January 31, 2025",Subscription and support,us-gaap:CostOfGoodsAndServicesSold,reported,
income_statement,us-gaap:GrossProfit,Gross profit,FY25,29252.0,CRM_SEC-XBRL-financials_as-presented_10-K_2025-03-05_0001108524-25-000006.xlsx,Income Statement,"Fiscal Year Ended January 31, 2025",Gross profit,us-gaap:GrossProfit,reported,
income_statement,us-gaap:ResearchAndDevelopmentExpense,Research and development,FY25,5493.0,CRM_SEC-XBRL-financials_as-presented_10-K_2025-03-05_0001108524-25-000006.xlsx,Income Statement,"Fiscal Year Ended January 31, 2025",Research and development,us-gaap:ResearchAndDevelopmentExpense,reported,
income_statement,us-gaap:SellingAndMarketingExpense,Sales and marketing,FY25,13257.0,CRM_SEC-XBRL-financials_as-presented_10-K_2025-03-05_0001108524-25-000006.xlsx,Income Statement,"Fiscal Year Ended January 31, 2025",Sales and marketing,us-gaap:SellingAndMarketingExpense,reported,
income_statement,us-gaap:GeneralAndAdministrativeExpense,General and administrative,FY25,2836.0,CRM_SEC-XBRL-financials_as-presented_10-K_2025-03-05_0001108524-25-000006.xlsx,Income Statement,"Fiscal Year Ended January 31, 2025",General and administrative,us-gaap:GeneralAndAdministrativeExpense,reported,
income_statement,us-gaap:RestructuringCharges,Restructuring,FY25,461.0,CRM_SEC-XBRL-financials_as-presented_10-K_2025-03-05_0001108524-25-000006.xlsx,Income Statement,"Fiscal Year Ended January 31, 2025",Restructuring,us-gaap:RestructuringCharges,reported,
income_statement,us-gaap:OperatingExpenses,Total operating expenses,FY25,22047.0,CRM_SEC-XBRL-financials_as-presented_10-K_2025-03-05_0001108524-25-000006.xlsx,Income Statement,"Fiscal Year Ended January 31, 2025",Total operating expenses,us-gaap:OperatingExpenses,reported,
income_statement,us-gaap:OperatingIncomeLoss,Income from operations,FY25,7205.0,CRM_SEC-XBRL-financials_as-presented_10-K_2025-03-05_0001108524-25-000006.xlsx,Income Statement,"Fiscal Year Ended January 31, 2025",Income from operations,us-gaap:OperatingIncomeLoss,reported,
income_statement,us-gaap:GainLossOnInvestments,"Gains (losses) on strategic investments, net",FY25,-121.0,CRM_SEC-XBRL-financials_as-presented_10-K_2025-03-05_0001108524-25-000006.xlsx,Income Statement,"Fiscal Year Ended January 31, 2025","Losses on strategic investments, net",us-gaap:GainLossOnInvestments,reported,
income_statement,us-gaap:OtherNonoperatingIncomeExpense,Other income,FY25,354.0,CRM_SEC-XBRL-financials_as-presented_10-K_2025-03-05_0001108524-25-000006.xlsx,Income Statement,"Fiscal Year Ended January 31, 2025",Other income (expense),us-gaap:OtherNonoperatingIncomeExpense,reported,
income_statement,us-gaap:IncomeLossFromContinuingOperationsBeforeIncomeTaxesExtraordinaryItemsNoncontrollingInterest,Income before provision for income taxes,FY25,7438.0,CRM_SEC-XBRL-financials_as-presented_10-K_2025-03-05_0001108524-25-000006.xlsx,Income Statement,"Fiscal Year Ended January 31, 2025",Income before provision for income taxes,us-gaap:IncomeLossFromContinuingOperationsBeforeIncomeTaxesExtraordinaryItemsNoncontrollingInterest,reported,
income_statement,us-gaap:IncomeTaxExpenseBenefit,Provision for income taxes,FY25,-1241.0,CRM_SEC-XBRL-financials_as-presented_10-K_2025-03-05_0001108524-25-000006.xlsx,Income Statement,"Fiscal Year Ended January 31, 2025",Provision for income taxes,us-gaap:IncomeTaxExpenseBenefit,reported,
income_statement,us-gaap:NetIncomeLoss,Net income,FY25,6197.0,CRM_SEC-XBRL-financials_as-presented_10-K_2025-03-05_0001108524-25-000006.xlsx,Income Statement,"Fiscal Year Ended January 31, 2025",Net income,us-gaap:NetIncomeLoss,reported,
income_statement,us-gaap:EarningsPerShareBasic,Basic net income per share,FY25,6.44,CRM_SEC-XBRL-financials_as-presented_10-K_2025-03-05_0001108524-25-000006.xlsx,Income Statement,"Fiscal Year Ended January 31, 2025",Basic net income per share,us-gaap:EarningsPerShareBasic,reported,
income_statement,us-gaap:EarningsPerShareDiluted,Diluted net income per share,FY25,6.36,CRM_SEC-XBRL-financials_as-presented_10-K_2025-03-05_0001108524-25-000006.xlsx,Income Statement,"Fiscal Year Ended January 31, 2025",Diluted net income per share,us-gaap:EarningsPerShareDiluted,reported,
income_statement,us-gaap:WeightedAverageNumberOfSharesOutstandingBasic,Shares used in computing basic net income per share,FY25,962.0,CRM_SEC-XBRL-financials_as-presented_10-K_2025-03-05_0001108524-25-000006.xlsx,Income Statement,"Fiscal Year Ended January 31, 2025",Shares used in computing basic net income per share,us-gaap:WeightedAverageNumberOfSharesOutstandingBasic,reported,
income_statement,us-gaap:WeightedAverageNumberOfDilutedSharesOutstanding,Shares used in computing diluted net income per share,FY25,974.0,CRM_SEC-XBRL-financials_as-presented_10-K_2025-03-05_0001108524-25-000006.xlsx,Income Statement,"Fiscal Year Ended January 31, 2025",Shares used in computing diluted net income per share,us-gaap:WeightedAverageNumberOfDilutedSharesOutstanding,reported,
cash_flow,us-gaap:NetIncomeLoss,Net income,FY25,6197.0,CRM_SEC-XBRL-financials_as-presented_10-K_2025-03-05_0001108524-25-000006.xlsx,Cash Flow,"Fiscal Year Ended January 31, 2025",Net income,us-gaap:NetIncomeLoss,reported,
cash_flow,us-gaap:DepreciationAndAmortization,Depreciation and amortization (1),FY25,3477.0,CRM_SEC-XBRL-financials_as-presented_10-K_2025-03-05_0001108524-25-000006.xlsx,Cash Flow,"Fiscal Year Ended January 31, 2025",Depreciation and amortization (1),us-gaap:DepreciationAndAmortization,reported,
cash_flow,us-gaap:CapitalizedContractCostAmortization,"Amortization of costs capitalized to obtain revenue contracts, net",FY25,2095.0,CRM_SEC-XBRL-financials_as-presented_10-K_2025-03-05_0001108524-25-000006.xlsx,Cash Flow,"Fiscal Year Ended January 31, 2025","Amortization of costs capitalized to obtain revenue contracts, net",us-gaap:CapitalizedContractCostAmortization,reported,
cash_flow,us-gaap:ShareBasedCompensation,Stock-based compensation expense,FY25,3183.0,CRM_SEC-XBRL-financials_as-presented_10-K_2025-03-05_0001108524-25-000006.xlsx,Cash Flow,"Fiscal Year Ended January 31, 2025",Stock-based compensation expense,us-gaap:ShareBasedCompensation,reported,
cash_flow,us-gaap:GainLossOnInvestments,"(Gains) losses on strategic investments, net",FY25,121.0,CRM_SEC-XBRL-financials_as-presented_10-K_2025-03-05_0001108524-25-000006.xlsx,Cash Flow,"Fiscal Year Ended January 31, 2025","Losses on strategic investments, net",us-gaap:GainLossOnInvestments,reported,
cash_flow,us-gaap:IncreaseDecreaseInAccountsReceivable,"Accounts receivable, net",FY25,-490.0,CRM_SEC-XBRL-financials_as-presented_10-K_2025-03-05_0001108524-25-000006.xlsx,Cash Flow,"Fiscal Year Ended January 31, 2025","Accounts receivable, net",us-gaap:IncreaseDecreaseInAccountsReceivable,reported,
cash_flow,crm:IncreaseDecreaseInCapitalizedContractCosts,"Costs capitalized to obtain revenue contracts, net",FY25,-2121.0,CRM_SEC-XBRL-financials_as-presented_10-K_2025-03-05_0001108524-25-000006.xlsx,Cash Flow,"Fiscal Year Ended January 31, 2025","Costs capitalized to obtain revenue contracts, net",crm:IncreaseDecreaseInCapitalizedContractCosts,reported,
cash_flow,us-gaap:IncreaseDecreaseInPrepaidDeferredExpenseAndOtherAssets,Prepaid expenses and other current assets and other assets,FY25,-1495.0,CRM_SEC-XBRL-financials_as-presented_10-K_2025-03-05_0001108524-25-000006.xlsx,Cash Flow,"Fiscal Year Ended January 31, 2025",Prepaid expenses and other current assets and other assets,us-gaap:IncreaseDecreaseInPrepaidDeferredExpenseAndOtherAssets,reported,
cash_flow,us-gaap:IncreaseDecreaseInAccountsPayableAndAccruedLiabilities,Accounts payable and accrued expenses and other liabilities,FY25,1089.0,CRM_SEC-XBRL-financials_as-presented_10-K_2025-03-05_0001108524-25-000006.xlsx,Cash Flow,"Fiscal Year Ended January 31, 2025",Accounts payable and accrued expenses and other liabilities,us-gaap:IncreaseDecreaseInAccountsPayableAndAccruedLiabilities,reported,
cash_flow,us-gaap:IncreaseDecreaseInOperatingLeaseLiability,Operating lease liabilities,FY25,-548.0,CRM_SEC-XBRL-financials_as-presented_10-K_2025-03-05_0001108524-25-000006.xlsx,Cash Flow,"Fiscal Year Ended January 31, 2025",Operating lease liabilities,us-gaap:IncreaseDecreaseInOperatingLeaseLiability,reported,
cash_flow,us-gaap:IncreaseDecreaseInContractWithCustomerLiability,Unearned revenue,FY25,1584.0,CRM_SEC-XBRL-financials_as-presented_10-K_2025-03-05_0001108524-25-000006.xlsx,Cash Flow,"Fiscal Year Ended January 31, 2025",Unearned revenue,us-gaap:IncreaseDecreaseInContractWithCustomerLiability,reported,
cash_flow,us-gaap:NetCashProvidedByUsedInOperatingActivities,Net cash provided by operating activities,FY25,13092.0,CRM_SEC-XBRL-financials_as-presented_10-K_2025-03-05_0001108524-25-000006.xlsx,Cash Flow,"Fiscal Year Ended January 31, 2025",Net cash provided by operating activities,us-gaap:NetCashProvidedByUsedInOperatingActivities,reported,
cash_flow,us-gaap:PaymentsToAcquireBusinessesNetOfCashAcquired,"Business combinations, net of cash acquired",FY25,-2734.0,CRM_SEC-XBRL-financials_as-presented_10-K_2025-03-05_0001108524-25-000006.xlsx,Cash Flow,"Fiscal Year Ended January 31, 2025","Business combinations, net of cash acquired",us-gaap:PaymentsToAcquireBusinessesNetOfCashAcquired,reported,
cash_flow,us-gaap:PaymentsToAcquireLongtermInvestments,Purchases of strategic investments,FY25,-539.0,CRM_SEC-XBRL-financials_as-presented_10-K_2025-03-05_0001108524-25-000006.xlsx,Cash Flow,"Fiscal Year Ended January 31, 2025",Purchases of strategic investments,us-gaap:PaymentsToAcquireLongtermInvestments,reported,
cash_flow,us-gaap:ProceedsFromSaleOfLongtermInvestments,Sales of strategic investments,FY25,126.0,CRM_SEC-XBRL-financials_as-presented_10-K_2025-03-05_0001108524-25-000006.xlsx,Cash Flow,"Fiscal Year Ended January 31, 2025",Sales of strategic investments,us-gaap:ProceedsFromSaleOfLongtermInvestments,reported,
cash_flow,us-gaap:PaymentsToAcquireAvailableForSaleSecuritiesDebt,Purchases of marketable securities,FY25,-6879.0,CRM_SEC-XBRL-financials_as-presented_10-K_2025-03-05_0001108524-25-000006.xlsx,Cash Flow,"Fiscal Year Ended January 31, 2025",Purchases of marketable securities,us-gaap:PaymentsToAcquireAvailableForSaleSecuritiesDebt,reported,
cash_flow,us-gaap:ProceedsFromSaleOfAvailableForSaleSecuritiesDebt,Sales of marketable securities,FY25,4143.0,CRM_SEC-XBRL-financials_as-presented_10-K_2025-03-05_0001108524-25-000006.xlsx,Cash Flow,"Fiscal Year Ended January 31, 2025",Sales of marketable securities,us-gaap:ProceedsFromSaleOfAvailableForSaleSecuritiesDebt,reported,
cash_flow,us-gaap:ProceedsFromMaturitiesPrepaymentsAndCallsOfAvailableForSaleSecurities,Maturities of marketable securities,FY25,3378.0,CRM_SEC-XBRL-financials_as-presented_10-K_2025-03-05_0001108524-25-000006.xlsx,Cash Flow,"Fiscal Year Ended January 31, 2025",Maturities of marketable securities,us-gaap:ProceedsFromMaturitiesPrepaymentsAndCallsOfAvailableForSaleSecurities,reported,
cash_flow,us-gaap:PaymentsToAcquirePropertyPlantAndEquipment,Capital expenditures,FY25,-658.0,CRM_SEC-XBRL-financials_as-presented_10-K_2025-03-05_0001108524-25-000006.xlsx,Cash Flow,"Fiscal Year Ended January 31, 2025",Capital expenditures,us-gaap:PaymentsToAcquirePropertyPlantAndEquipment,reported,
cash_flow,us-gaap:NetCashProvidedByUsedInInvestingActivities,Net cash used in investing activities,FY25,-3163.0,CRM_SEC-XBRL-financials_as-presented_10-K_2025-03-05_0001108524-25-000006.xlsx,Cash Flow,"Fiscal Year Ended January 31, 2025",Net cash used in investing activities,us-gaap:NetCashProvidedByUsedInInvestingActivities,reported,
cash_flow,us-gaap:PaymentsForRepurchaseOfCommonStock,Repurchases of common stock,FY25,-7829.0,CRM_SEC-XBRL-financials_as-presented_10-K_2025-03-05_0001108524-25-000006.xlsx,Cash Flow,"Fiscal Year Ended January 31, 2025",Repurchases of common stock,us-gaap:PaymentsForRepurchaseOfCommonStock,reported,
cash_flow,us-gaap:ProceedsFromStockPlans,Proceeds from employee stock plans,FY25,1540.0,CRM_SEC-XBRL-financials_as-presented_10-K_2025-03-05_0001108524-25-000006.xlsx,Cash Flow,"Fiscal Year Ended January 31, 2025",Proceeds from employee stock plans,us-gaap:ProceedsFromStockPlans,reported,
cash_flow,us-gaap:FinanceLeasePrincipalPayments,Principal payments on financing obligations,FY25,-603.0,CRM_SEC-XBRL-financials_as-presented_10-K_2025-03-05_0001108524-25-000006.xlsx,Cash Flow,"Fiscal Year Ended January 31, 2025",Principal payments on financing obligations,us-gaap:FinanceLeasePrincipalPayments,reported,
cash_flow,us-gaap:RepaymentsOfLongTermLinesOfCredit,Repayments of debt,FY25,-1000.0,CRM_SEC-XBRL-financials_as-presented_10-K_2025-03-05_0001108524-25-000006.xlsx,Cash Flow,"Fiscal Year Ended January 31, 2025",Repayments of debt,us-gaap:RepaymentsOfLongTermLinesOfCredit,reported,
cash_flow,us-gaap:PaymentsOfDividends,Payments of dividends and dividend equivalents,FY25,-1537.0,CRM_SEC-XBRL-financials_as-presented_10-K_2025-03-05_0001108524-25-000006.xlsx,Cash Flow,"Fiscal Year Ended January 31, 2025",Payments of dividends,us-gaap:PaymentsOfDividends,reported,
cash_flow,us-gaap:NetCashProvidedByUsedInFinancingActivities,Net cash used in financing activities,FY25,-9429.0,CRM_SEC-XBRL-financials_as-presented_10-K_2025-03-05_0001108524-25-000006.xlsx,Cash Flow,"Fiscal Year Ended January 31, 2025",Net cash used in financing activities,us-gaap:NetCashProvidedByUsedInFinancingActivities,reported,
cash_flow,us-gaap:EffectOfExchangeRateOnCashCashEquivalentsRestrictedCashAndRestrictedCashEquivalents,Effect of exchange rate changes,FY25,-124.0,CRM_SEC-XBRL-financials_as-presented_10-K_2025-03-05_0001108524-25-000006.xlsx,Cash Flow,"Fiscal Year Ended January 31, 2025",Effect of exchange rate changes,us-gaap:EffectOfExchangeRateOnCashCashEquivalentsRestrictedCashAndRestrictedCashEquivalents,reported,
cash_flow,us-gaap:CashCashEquivalentsRestrictedCashAndRestrictedCashEquivalentsPeriodIncreaseDecreaseIncludingExchangeRateEffect,Net increase (decrease) in cash and cash equivalents,FY25,376.0,CRM_SEC-XBRL-financials_as-presented_10-K_2025-03-05_0001108524-25-000006.xlsx,Cash Flow,"Fiscal Year Ended January 31, 2025",Net increase in cash and cash equivalents,us-gaap:CashCashEquivalentsRestrictedCashAndRestrictedCashEquivalentsPeriodIncreaseDecreaseIncludingExchangeRateEffect,reported,
cash_flow,us-gaap:CashCashEquivalentsRestrictedCashAndRestrictedCashEquivalents,"Cash and cash equivalents, beginning of period",FY25,8472.0,CRM_SEC-XBRL-financials_as-presented_10-K_2025-03-05_0001108524-25-000006.xlsx,Cash Flow,"Fiscal Year Ended January 31, 2025","Cash and cash equivalents, beginning of period",us-gaap:CashCashEquivalentsRestrictedCashAndRestrictedCashEquivalents,reported,
income_statement,us-gaap:RevenueFromContractWithCustomerExcludingAssessedTax,Subscription and support,FY26,39388.0,CRM_SEC-XBRL-financials_as-presented_10-K_2026-03-02_0001108524-26-000060.xlsx,Income Statement,"Fiscal Year Ended January 31, 2026",Subscription and support,us-gaap:RevenueFromContractWithCustomerExcludingAssessedTax,reported,
income_statement,us-gaap:CostOfGoodsAndServicesSold,Subscription and support,FY26,6796.0,CRM_SEC-XBRL-financials_as-presented_10-K_2026-03-02_0001108524-26-000060.xlsx,Income Statement,"Fiscal Year Ended January 31, 2026",Subscription and support,us-gaap:CostOfGoodsAndServicesSold,reported,
income_statement,us-gaap:GrossProfit,Gross profit,FY26,32255.0,CRM_SEC-XBRL-financials_as-presented_10-K_2026-03-02_0001108524-26-000060.xlsx,Income Statement,"Fiscal Year Ended January 31, 2026",Gross profit,us-gaap:GrossProfit,reported,
income_statement,us-gaap:ResearchAndDevelopmentExpense,Research and development,FY26,5993.0,CRM_SEC-XBRL-financials_as-presented_10-K_2026-03-02_0001108524-26-000060.xlsx,Income Statement,"Fiscal Year Ended January 31, 2026",Research and development,us-gaap:ResearchAndDevelopmentExpense,reported,
income_statement,us-gaap:SellingAndMarketingExpense,Sales and marketing,FY26,14345.0,CRM_SEC-XBRL-financials_as-presented_10-K_2026-03-02_0001108524-26-000060.xlsx,Income Statement,"Fiscal Year Ended January 31, 2026",Sales and marketing,us-gaap:SellingAndMarketingExpense,reported,
income_statement,us-gaap:GeneralAndAdministrativeExpense,General and administrative,FY26,3000.0,CRM_SEC-XBRL-financials_as-presented_10-K_2026-03-02_0001108524-26-000060.xlsx,Income Statement,"Fiscal Year Ended January 31, 2026",General and administrative,us-gaap:GeneralAndAdministrativeExpense,reported,
income_statement,us-gaap:RestructuringCharges,Restructuring,FY26,586.0,CRM_SEC-XBRL-financials_as-presented_10-K_2026-03-02_0001108524-26-000060.xlsx,Income Statement,"Fiscal Year Ended January 31, 2026",Restructuring,us-gaap:RestructuringCharges,reported,
income_statement,us-gaap:OperatingExpenses,Total operating expenses,FY26,23924.0,CRM_SEC-XBRL-financials_as-presented_10-K_2026-03-02_0001108524-26-000060.xlsx,Income Statement,"Fiscal Year Ended January 31, 2026",Total operating expenses,us-gaap:OperatingExpenses,reported,
income_statement,us-gaap:OperatingIncomeLoss,Income from operations,FY26,8331.0,CRM_SEC-XBRL-financials_as-presented_10-K_2026-03-02_0001108524-26-000060.xlsx,Income Statement,"Fiscal Year Ended January 31, 2026",Income from operations,us-gaap:OperatingIncomeLoss,reported,
income_statement,us-gaap:GainLossOnInvestments,"Gains (losses) on strategic investments, net",FY26,1017.0,CRM_SEC-XBRL-financials_as-presented_10-K_2026-03-02_0001108524-26-000060.xlsx,Income Statement,"Fiscal Year Ended January 31, 2026","Gains (losses) on strategic investments, net",us-gaap:GainLossOnInvestments,reported,
income_statement,us-gaap:OtherNonoperatingIncomeExpense,Other income,FY26,172.0,CRM_SEC-XBRL-financials_as-presented_10-K_2026-03-02_0001108524-26-000060.xlsx,Income Statement,"Fiscal Year Ended January 31, 2026",Other income,us-gaap:OtherNonoperatingIncomeExpense,reported,
income_statement,us-gaap:IncomeLossFromContinuingOperationsBeforeIncomeTaxesExtraordinaryItemsNoncontrollingInterest,Income before provision for income taxes,FY26,9520.0,CRM_SEC-XBRL-financials_as-presented_10-K_2026-03-02_0001108524-26-000060.xlsx,Income Statement,"Fiscal Year Ended January 31, 2026",Income before provision for income taxes,us-gaap:IncomeLossFromContinuingOperationsBeforeIncomeTaxesExtraordinaryItemsNoncontrollingInterest,reported,
income_statement,us-gaap:IncomeTaxExpenseBenefit,Provision for income taxes,FY26,-2063.0,CRM_SEC-XBRL-financials_as-presented_10-K_2026-03-02_0001108524-26-000060.xlsx,Income Statement,"Fiscal Year Ended January 31, 2026",Provision for income taxes,us-gaap:IncomeTaxExpenseBenefit,reported,
income_statement,us-gaap:NetIncomeLoss,Net income,FY26,7457.0,CRM_SEC-XBRL-financials_as-presented_10-K_2026-03-02_0001108524-26-000060.xlsx,Income Statement,"Fiscal Year Ended January 31, 2026",Net income,us-gaap:NetIncomeLoss,reported,
income_statement,us-gaap:EarningsPerShareBasic,Basic net income per share,FY26,7.85,CRM_SEC-XBRL-financials_as-presented_10-K_2026-03-02_0001108524-26-000060.xlsx,Income Statement,"Fiscal Year Ended January 31, 2026",Basic net income per share,us-gaap:EarningsPerShareBasic,reported,
income_statement,us-gaap:EarningsPerShareDiluted,Diluted net income per share,FY26,7.8,CRM_SEC-XBRL-financials_as-presented_10-K_2026-03-02_0001108524-26-000060.xlsx,Income Statement,"Fiscal Year Ended January 31, 2026",Diluted net income per share,us-gaap:EarningsPerShareDiluted,reported,
income_statement,us-gaap:WeightedAverageNumberOfSharesOutstandingBasic,Shares used in computing basic net income per share,FY26,950.0,CRM_SEC-XBRL-financials_as-presented_10-K_2026-03-02_0001108524-26-000060.xlsx,Income Statement,"Fiscal Year Ended January 31, 2026",Shares used in computing basic net income per share,us-gaap:WeightedAverageNumberOfSharesOutstandingBasic,reported,
income_statement,us-gaap:WeightedAverageNumberOfDilutedSharesOutstanding,Shares used in computing diluted net income per share,FY26,956.0,CRM_SEC-XBRL-financials_as-presented_10-K_2026-03-02_0001108524-26-000060.xlsx,Income Statement,"Fiscal Year Ended January 31, 2026",Shares used in computing diluted net income per share,us-gaap:WeightedAverageNumberOfDilutedSharesOutstanding,reported,
cash_flow,us-gaap:NetIncomeLoss,Net income,FY26,7457.0,CRM_SEC-XBRL-financials_as-presented_10-K_2026-03-02_0001108524-26-000060.xlsx,Cash Flow,"Fiscal Year Ended January 31, 2026",Net income,us-gaap:NetIncomeLoss,reported,
cash_flow,us-gaap:DepreciationAndAmortization,Depreciation and amortization (1),FY26,3631.0,CRM_SEC-XBRL-financials_as-presented_10-K_2026-03-02_0001108524-26-000060.xlsx,Cash Flow,"Fiscal Year Ended January 31, 2026",Depreciation and amortization (1),us-gaap:DepreciationAndAmortization,reported,
cash_flow,us-gaap:CapitalizedContractCostAmortization,"Amortization of costs capitalized to obtain revenue contracts, net",FY26,2197.0,CRM_SEC-XBRL-financials_as-presented_10-K_2026-03-02_0001108524-26-000060.xlsx,Cash Flow,"Fiscal Year Ended January 31, 2026","Amortization of costs capitalized to obtain revenue contracts, net",us-gaap:CapitalizedContractCostAmortization,reported,
cash_flow,us-gaap:ShareBasedCompensation,Stock-based compensation expense,FY26,3509.0,CRM_SEC-XBRL-financials_as-presented_10-K_2026-03-02_0001108524-26-000060.xlsx,Cash Flow,"Fiscal Year Ended January 31, 2026",Stock-based compensation expense,us-gaap:ShareBasedCompensation,reported,
cash_flow,us-gaap:GainLossOnInvestments,"(Gains) losses on strategic investments, net",FY26,-1017.0,CRM_SEC-XBRL-financials_as-presented_10-K_2026-03-02_0001108524-26-000060.xlsx,Cash Flow,"Fiscal Year Ended January 31, 2026","(Gains) losses on strategic investments, net",us-gaap:GainLossOnInvestments,reported,
cash_flow,us-gaap:IncreaseDecreaseInAccountsReceivable,"Accounts receivable, net",FY26,-2160.0,CRM_SEC-XBRL-financials_as-presented_10-K_2026-03-02_0001108524-26-000060.xlsx,Cash Flow,"Fiscal Year Ended January 31, 2026","Accounts receivable, net",us-gaap:IncreaseDecreaseInAccountsReceivable,reported,
cash_flow,crm:IncreaseDecreaseInCapitalizedContractCosts,"Costs capitalized to obtain revenue contracts, net",FY26,-2811.0,CRM_SEC-XBRL-financials_as-presented_10-K_2026-03-02_0001108524-26-000060.xlsx,Cash Flow,"Fiscal Year Ended January 31, 2026","Costs capitalized to obtain revenue contracts, net",crm:IncreaseDecreaseInCapitalizedContractCosts,reported,
cash_flow,us-gaap:IncreaseDecreaseInPrepaidDeferredExpenseAndOtherAssets,Prepaid expenses and other current assets and other assets,FY26,819.0,CRM_SEC-XBRL-financials_as-presented_10-K_2026-03-02_0001108524-26-000060.xlsx,Cash Flow,"Fiscal Year Ended January 31, 2026",Prepaid expenses and other current assets and other assets,us-gaap:IncreaseDecreaseInPrepaidDeferredExpenseAndOtherAssets,reported,
cash_flow,us-gaap:IncreaseDecreaseInAccountsPayableAndAccruedLiabilities,Accounts payable and accrued expenses and other liabilities,FY26,1014.0,CRM_SEC-XBRL-financials_as-presented_10-K_2026-03-02_0001108524-26-000060.xlsx,Cash Flow,"Fiscal Year Ended January 31, 2026",Accounts payable and accrued expenses and other liabilities,us-gaap:IncreaseDecreaseInAccountsPayableAndAccruedLiabilities,reported,
cash_flow,us-gaap:IncreaseDecreaseInOperatingLeaseLiability,Operating lease liabilities,FY26,-567.0,CRM_SEC-XBRL-financials_as-presented_10-K_2026-03-02_0001108524-26-000060.xlsx,Cash Flow,"Fiscal Year Ended January 31, 2026",Operating lease liabilities,us-gaap:IncreaseDecreaseInOperatingLeaseLiability,reported,
cash_flow,us-gaap:IncreaseDecreaseInContractWithCustomerLiability,Unearned revenue,FY26,2924.0,CRM_SEC-XBRL-financials_as-presented_10-K_2026-03-02_0001108524-26-000060.xlsx,Cash Flow,"Fiscal Year Ended January 31, 2026",Unearned revenue,us-gaap:IncreaseDecreaseInContractWithCustomerLiability,reported,
cash_flow,us-gaap:NetCashProvidedByUsedInOperatingActivities,Net cash provided by operating activities,FY26,14996.0,CRM_SEC-XBRL-financials_as-presented_10-K_2026-03-02_0001108524-26-000060.xlsx,Cash Flow,"Fiscal Year Ended January 31, 2026",Net cash provided by operating activities,us-gaap:NetCashProvidedByUsedInOperatingActivities,reported,
cash_flow,us-gaap:PaymentsToAcquireBusinessesNetOfCashAcquired,"Business combinations, net of cash acquired",FY26,-9268.0,CRM_SEC-XBRL-financials_as-presented_10-K_2026-03-02_0001108524-26-000060.xlsx,Cash Flow,"Fiscal Year Ended January 31, 2026","Business combinations, net of cash acquired",us-gaap:PaymentsToAcquireBusinessesNetOfCashAcquired,reported,
cash_flow,us-gaap:PaymentsToAcquireLongtermInvestments,Purchases of strategic investments,FY26,-1958.0,CRM_SEC-XBRL-financials_as-presented_10-K_2026-03-02_0001108524-26-000060.xlsx,Cash Flow,"Fiscal Year Ended January 31, 2026",Purchases of strategic investments,us-gaap:PaymentsToAcquireLongtermInvestments,reported,
cash_flow,us-gaap:ProceedsFromSaleOfLongtermInvestments,Sales of strategic investments,FY26,184.0,CRM_SEC-XBRL-financials_as-presented_10-K_2026-03-02_0001108524-26-000060.xlsx,Cash Flow,"Fiscal Year Ended January 31, 2026",Sales of strategic investments,us-gaap:ProceedsFromSaleOfLongtermInvestments,reported,
cash_flow,us-gaap:PaymentsToAcquireAvailableForSaleSecuritiesDebt,Purchases of marketable securities,FY26,-3763.0,CRM_SEC-XBRL-financials_as-presented_10-K_2026-03-02_0001108524-26-000060.xlsx,Cash Flow,"Fiscal Year Ended January 31, 2026",Purchases of marketable securities,us-gaap:PaymentsToAcquireAvailableForSaleSecuritiesDebt,reported,
cash_flow,us-gaap:ProceedsFromSaleOfAvailableForSaleSecuritiesDebt,Sales of marketable securities,FY26,4414.0,CRM_SEC-XBRL-financials_as-presented_10-K_2026-03-02_0001108524-26-000060.xlsx,Cash Flow,"Fiscal Year Ended January 31, 2026",Sales of marketable securities,us-gaap:ProceedsFromSaleOfAvailableForSaleSecuritiesDebt,reported,
cash_flow,us-gaap:ProceedsFromMaturitiesPrepaymentsAndCallsOfAvailableForSaleSecurities,Maturities of marketable securities,FY26,2395.0,CRM_SEC-XBRL-financials_as-presented_10-K_2026-03-02_0001108524-26-000060.xlsx,Cash Flow,"Fiscal Year Ended January 31, 2026",Maturities of marketable securities,us-gaap:ProceedsFromMaturitiesPrepaymentsAndCallsOfAvailableForSaleSecurities,reported,
cash_flow,us-gaap:PaymentsToAcquirePropertyPlantAndEquipment,Capital expenditures,FY26,-594.0,CRM_SEC-XBRL-financials_as-presented_10-K_2026-03-02_0001108524-26-000060.xlsx,Cash Flow,"Fiscal Year Ended January 31, 2026",Capital expenditures,us-gaap:PaymentsToAcquirePropertyPlantAndEquipment,reported,
cash_flow,us-gaap:NetCashProvidedByUsedInInvestingActivities,Net cash used in investing activities,FY26,-8590.0,CRM_SEC-XBRL-financials_as-presented_10-K_2026-03-02_0001108524-26-000060.xlsx,Cash Flow,"Fiscal Year Ended January 31, 2026",Net cash used in investing activities,us-gaap:NetCashProvidedByUsedInInvestingActivities,reported,
cash_flow,us-gaap:ProceedsFromIssuanceOfMediumTermNotes,"Proceeds from issuance of debt, net of issuance costs",FY26,6000.0,CRM_SEC-XBRL-financials_as-presented_10-K_2026-03-02_0001108524-26-000060.xlsx,Cash Flow,"Fiscal Year Ended January 31, 2026","Proceeds from issuance of debt, net of issuance costs",us-gaap:ProceedsFromIssuanceOfMediumTermNotes,reported,
cash_flow,us-gaap:PaymentsForRepurchaseOfCommonStock,Repurchases of common stock,FY26,-12596.0,CRM_SEC-XBRL-financials_as-presented_10-K_2026-03-02_0001108524-26-000060.xlsx,Cash Flow,"Fiscal Year Ended January 31, 2026",Repurchases of common stock,us-gaap:PaymentsForRepurchaseOfCommonStock,reported,
cash_flow,us-gaap:PaymentsRelatedToTaxWithholdingForShareBasedCompensation,Payments for taxes related to net share settlement of equity awards,FY26,-351.0,CRM_SEC-XBRL-financials_as-presented_10-K_2026-03-02_0001108524-26-000060.xlsx,Cash Flow,"Fiscal Year Ended January 31, 2026",Payments for taxes related to net share settlement of equity awards,us-gaap:PaymentsRelatedToTaxWithholdingForShareBasedCompensation,reported,
cash_flow,us-gaap:ProceedsFromStockPlans,Proceeds from employee stock plans,FY26,1039.0,CRM_SEC-XBRL-financials_as-presented_10-K_2026-03-02_0001108524-26-000060.xlsx,Cash Flow,"Fiscal Year Ended January 31, 2026",Proceeds from employee stock plans,us-gaap:ProceedsFromStockPlans,reported,
cash_flow,us-gaap:FinanceLeasePrincipalPayments,Principal payments on financing obligations,FY26,-584.0,CRM_SEC-XBRL-financials_as-presented_10-K_2026-03-02_0001108524-26-000060.xlsx,Cash Flow,"Fiscal Year Ended January 31, 2026",Principal payments on financing obligations,us-gaap:FinanceLeasePrincipalPayments,reported,
cash_flow,us-gaap:RepaymentsOfLongTermLinesOfCredit,Repayments of debt,FY26,0.0,CRM_SEC-XBRL-financials_as-presented_10-K_2026-03-02_0001108524-26-000060.xlsx,Cash Flow,"Fiscal Year Ended January 31, 2026",Repayments of debt,us-gaap:RepaymentsOfLongTermLinesOfCredit,reported,
cash_flow,us-gaap:PaymentsOfDividends,Payments of dividends and dividend equivalents,FY26,-1587.0,CRM_SEC-XBRL-financials_as-presented_10-K_2026-03-02_0001108524-26-000060.xlsx,Cash Flow,"Fiscal Year Ended January 31, 2026",Payments of dividends and dividend equivalents,us-gaap:PaymentsOfDividends,reported,
cash_flow,us-gaap:NetCashProvidedByUsedInFinancingActivities,Net cash used in financing activities,FY26,-8079.0,CRM_SEC-XBRL-financials_as-presented_10-K_2026-03-02_0001108524-26-000060.xlsx,Cash Flow,"Fiscal Year Ended January 31, 2026",Net cash used in financing activities,us-gaap:NetCashProvidedByUsedInFinancingActivities,reported,
cash_flow,us-gaap:EffectOfExchangeRateOnCashCashEquivalentsRestrictedCashAndRestrictedCashEquivalents,Effect of exchange rate changes,FY26,152.0,CRM_SEC-XBRL-financials_as-presented_10-K_2026-03-02_0001108524-26-000060.xlsx,Cash Flow,"Fiscal Year Ended January 31, 2026",Effect of exchange rate changes,us-gaap:EffectOfExchangeRateOnCashCashEquivalentsRestrictedCashAndRestrictedCashEquivalents,reported,
cash_flow,us-gaap:CashCashEquivalentsRestrictedCashAndRestrictedCashEquivalentsPeriodIncreaseDecreaseIncludingExchangeRateEffect,Net increase (decrease) in cash and cash equivalents,FY26,-1521.0,CRM_SEC-XBRL-financials_as-presented_10-K_2026-03-02_0001108524-26-000060.xlsx,Cash Flow,"Fiscal Year Ended January 31, 2026",Net increase (decrease) in cash and cash equivalents,us-gaap:CashCashEquivalentsRestrictedCashAndRestrictedCashEquivalentsPeriodIncreaseDecreaseIncludingExchangeRateEffect,reported,
cash_flow,us-gaap:CashCashEquivalentsRestrictedCashAndRestrictedCashEquivalents,"Cash and cash equivalents, beginning of period",FY26,8848.0,CRM_SEC-XBRL-financials_as-presented_10-K_2026-03-02_0001108524-26-000060.xlsx,Cash Flow,"Fiscal Year Ended January 31, 2026","Cash and cash equivalents, beginning of period",us-gaap:CashCashEquivalentsRestrictedCashAndRestrictedCashEquivalents,reported,
income_statement,us-gaap:RevenueFromContractWithCustomerExcludingAssessedTax,Subscription and support,1Q20,3496.0,CRM_SEC-XBRL-financials_as-presented_10-Q_2019-06-05_0001108524-19-000025.xlsx,Income Statement,"Three Months Ended April 30, 2019",Subscription and support,us-gaap:RevenueFromContractWithCustomerExcludingAssessedTax,reported,
income_statement,us-gaap:CostOfGoodsAndServicesSold,Subscription and support,1Q20,678.0,CRM_SEC-XBRL-financials_as-presented_10-Q_2019-06-05_0001108524-19-000025.xlsx,Income Statement,"Three Months Ended April 30, 2019",Subscription and support,us-gaap:CostOfGoodsAndServicesSold,reported,
income_statement,us-gaap:GrossProfit,Gross profit,1Q20,2823.0,CRM_SEC-XBRL-financials_as-presented_10-Q_2019-06-05_0001108524-19-000025.xlsx,Income Statement,"Three Months Ended April 30, 2019",Gross profit,us-gaap:GrossProfit,reported,
income_statement,us-gaap:ResearchAndDevelopmentExpense,Research and development,1Q20,554.0,CRM_SEC-XBRL-financials_as-presented_10-Q_2019-06-05_0001108524-19-000025.xlsx,Income Statement,"Three Months Ended April 30, 2019",Research and development,us-gaap:ResearchAndDevelopmentExpense,reported,
income_statement,us-gaap:SellingAndMarketingExpense,Sales and marketing,1Q20,1697.0,CRM_SEC-XBRL-financials_as-presented_10-Q_2019-06-05_0001108524-19-000025.xlsx,Income Statement,"Three Months Ended April 30, 2019",Marketing and sales,us-gaap:SellingAndMarketingExpense,reported,
income_statement,us-gaap:GeneralAndAdministrativeExpense,General and administrative,1Q20,362.0,CRM_SEC-XBRL-financials_as-presented_10-Q_2019-06-05_0001108524-19-000025.xlsx,Income Statement,"Three Months Ended April 30, 2019",General and administrative,us-gaap:GeneralAndAdministrativeExpense,reported,
income_statement,us-gaap:OperatingExpenses,Total operating expenses,1Q20,2613.0,CRM_SEC-XBRL-financials_as-presented_10-Q_2019-06-05_0001108524-19-000025.xlsx,Income Statement,"Three Months Ended April 30, 2019",Total operating expenses,us-gaap:OperatingExpenses,reported,
income_statement,us-gaap:OperatingIncomeLoss,Income from operations,1Q20,210.0,CRM_SEC-XBRL-financials_as-presented_10-Q_2019-06-05_0001108524-19-000025.xlsx,Income Statement,"Three Months Ended April 30, 2019",Income from operations,us-gaap:OperatingIncomeLoss,reported,
income_statement,us-gaap:GainLossOnInvestments,"Gains (losses) on strategic investments, net",1Q20,281.0,CRM_SEC-XBRL-financials_as-presented_10-Q_2019-06-05_0001108524-19-000025.xlsx,Income Statement,"Three Months Ended April 30, 2019","Gains on strategic investments, net",us-gaap:EquitySecuritiesFvNiGainLoss,reported,
income_statement,us-gaap:OtherNonoperatingIncomeExpense,Other income,1Q20,-9.0,CRM_SEC-XBRL-financials_as-presented_10-Q_2019-06-05_0001108524-19-000025.xlsx,Income Statement,"Three Months Ended April 30, 2019",Other expense,us-gaap:OtherNonoperatingIncomeExpense,reported,
income_statement,us-gaap:IncomeLossFromContinuingOperationsBeforeIncomeTaxesMinorityInterestAndIncomeLossFromEquityMethodInvestments,Income before benefit from (provision for) income taxes,1Q20,482.0,CRM_SEC-XBRL-financials_as-presented_10-Q_2019-06-05_0001108524-19-000025.xlsx,Income Statement,"Three Months Ended April 30, 2019",Income before provision for income taxes,us-gaap:IncomeLossFromContinuingOperationsBeforeIncomeTaxesMinorityInterestAndIncomeLossFromEquityMethodInvestments,reported,
income_statement,us-gaap:IncomeTaxExpenseBenefit,Provision for income taxes,1Q20,-90.0,CRM_SEC-XBRL-financials_as-presented_10-Q_2019-06-05_0001108524-19-000025.xlsx,Income Statement,"Three Months Ended April 30, 2019",Provision for income taxes,us-gaap:IncomeTaxExpenseBenefit,reported,
income_statement,us-gaap:NetIncomeLoss,Net income,1Q20,392.0,CRM_SEC-XBRL-financials_as-presented_10-Q_2019-06-05_0001108524-19-000025.xlsx,Income Statement,"Three Months Ended April 30, 2019",Net income,us-gaap:NetIncomeLoss,reported,
income_statement,us-gaap:EarningsPerShareBasic,Basic net income per share,1Q20,0.51,CRM_SEC-XBRL-financials_as-presented_10-Q_2019-06-05_0001108524-19-000025.xlsx,Income Statement,"Three Months Ended April 30, 2019",Basic net income per share,us-gaap:EarningsPerShareBasic,reported,
income_statement,us-gaap:EarningsPerShareDiluted,Diluted net income per share,1Q20,0.49,CRM_SEC-XBRL-financials_as-presented_10-Q_2019-06-05_0001108524-19-000025.xlsx,Income Statement,"Three Months Ended April 30, 2019",Diluted net income per share,us-gaap:EarningsPerShareDiluted,reported,
income_statement,us-gaap:WeightedAverageNumberOfSharesOutstandingBasic,Shares used in computing basic net income per share,1Q20,771.0,CRM_SEC-XBRL-financials_as-presented_10-Q_2019-06-05_0001108524-19-000025.xlsx,Income Statement,"Three Months Ended April 30, 2019",Shares used in computing basic net income per share,us-gaap:WeightedAverageNumberOfSharesOutstandingBasic,reported,
income_statement,us-gaap:WeightedAverageNumberOfDilutedSharesOutstanding,Shares used in computing diluted net income per share,1Q20,793.0,CRM_SEC-XBRL-financials_as-presented_10-Q_2019-06-05_0001108524-19-000025.xlsx,Income Statement,"Three Months Ended April 30, 2019",Shares used in computing diluted net income per share,us-gaap:WeightedAverageNumberOfDilutedSharesOutstanding,reported,
balance_sheet,us-gaap:CashAndCashEquivalentsAtCarryingValue,Cash and cash equivalents,1Q20,4110.0,CRM_SEC-XBRL-financials_as-presented_10-Q_2019-06-05_0001108524-19-000025.xlsx,Balance Sheet,"April 30, 2019",Cash and cash equivalents,us-gaap:CashAndCashEquivalentsAtCarryingValue,reported,
balance_sheet,us-gaap:AvailableForSaleSecuritiesDebtSecuritiesCurrent,Marketable securities,1Q20,2269.0,CRM_SEC-XBRL-financials_as-presented_10-Q_2019-06-05_0001108524-19-000025.xlsx,Balance Sheet,"April 30, 2019",Marketable securities,us-gaap:AvailableForSaleSecuritiesDebtSecuritiesCurrent,reported,
balance_sheet,us-gaap:AccountsReceivableNetCurrent,"Accounts receivable, net",1Q20,2153.0,CRM_SEC-XBRL-financials_as-presented_10-Q_2019-06-05_0001108524-19-000025.xlsx,Balance Sheet,"April 30, 2019",Accounts receivable,us-gaap:AccountsReceivableNetCurrent,reported,
balance_sheet,us-gaap:CapitalizedContractCostNetCurrent,"Costs capitalized to obtain revenue contracts, net",1Q20,786.0,CRM_SEC-XBRL-financials_as-presented_10-Q_2019-06-05_0001108524-19-000025.xlsx,Balance Sheet,"April 30, 2019","Costs capitalized to obtain revenue contracts, net",us-gaap:CapitalizedContractCostNetCurrent,reported,
balance_sheet,us-gaap:PrepaidExpenseAndOtherAssetsCurrent,Prepaid expenses and other current assets,1Q20,717.0,CRM_SEC-XBRL-financials_as-presented_10-Q_2019-06-05_0001108524-19-000025.xlsx,Balance Sheet,"April 30, 2019",Prepaid expenses and other current assets,us-gaap:PrepaidExpenseAndOtherAssetsCurrent,reported,
balance_sheet,us-gaap:AssetsCurrent,Total current assets,1Q20,10035.0,CRM_SEC-XBRL-financials_as-presented_10-Q_2019-06-05_0001108524-19-000025.xlsx,Balance Sheet,"April 30, 2019",Total current assets,us-gaap:AssetsCurrent,reported,
balance_sheet,us-gaap:PropertyPlantAndEquipmentNet,"Property and equipment, net",1Q20,2243.0,CRM_SEC-XBRL-financials_as-presented_10-Q_2019-06-05_0001108524-19-000025.xlsx,Balance Sheet,"April 30, 2019","Property and equipment, net",us-gaap:PropertyPlantAndEquipmentNet,reported,
balance_sheet,us-gaap:OperatingLeaseRightOfUseAsset,"Operating lease right-of-use assets, net",1Q20,2854.0,CRM_SEC-XBRL-financials_as-presented_10-Q_2019-06-05_0001108524-19-000025.xlsx,Balance Sheet,"April 30, 2019",Operating lease right-of-use assets,us-gaap:OperatingLeaseRightOfUseAsset,reported,
balance_sheet,us-gaap:CapitalizedContractCostNetNoncurrent,"Noncurrent costs capitalized to obtain revenue contracts, net",1Q20,1149.0,CRM_SEC-XBRL-financials_as-presented_10-Q_2019-06-05_0001108524-19-000025.xlsx,Balance Sheet,"April 30, 2019","Costs capitalized to obtain revenue contracts, noncurrent, net",us-gaap:CapitalizedContractCostNetNoncurrent,reported,
balance_sheet,us-gaap:OtherLongTermInvestments,Strategic investments,1Q20,1548.0,CRM_SEC-XBRL-financials_as-presented_10-Q_2019-06-05_0001108524-19-000025.xlsx,Balance Sheet,"April 30, 2019",Strategic investments,us-gaap:OtherLongTermInvestments,reported,
balance_sheet,us-gaap:Goodwill,Goodwill,1Q20,12854.0,CRM_SEC-XBRL-financials_as-presented_10-Q_2019-06-05_0001108524-19-000025.xlsx,Balance Sheet,"April 30, 2019",Goodwill,us-gaap:Goodwill,reported,
balance_sheet,us-gaap:IntangibleAssetsNetExcludingGoodwill,"Intangible assets acquired through business combinations, net",1Q20,1794.0,CRM_SEC-XBRL-financials_as-presented_10-Q_2019-06-05_0001108524-19-000025.xlsx,Balance Sheet,"April 30, 2019","Intangible assets acquired through business combinations, net",us-gaap:IntangibleAssetsNetExcludingGoodwill,reported,
balance_sheet,us-gaap:OtherAssetsNoncurrent,"Deferred tax assets and other assets, net",1Q20,677.0,CRM_SEC-XBRL-financials_as-presented_10-Q_2019-06-05_0001108524-19-000025.xlsx,Balance Sheet,"April 30, 2019","Capitalized software and other assets, net",us-gaap:OtherAssetsNoncurrent,reported,
balance_sheet,us-gaap:Assets,Total assets,1Q20,33154.0,CRM_SEC-XBRL-financials_as-presented_10-Q_2019-06-05_0001108524-19-000025.xlsx,Balance Sheet,"April 30, 2019",Total assets,us-gaap:Assets,reported,
balance_sheet,us-gaap:AccountsPayableAndOtherAccruedLiabilitiesCurrent,"Accounts payable, accrued expenses and other liabilities",1Q20,2228.0,CRM_SEC-XBRL-financials_as-presented_10-Q_2019-06-05_0001108524-19-000025.xlsx,Balance Sheet,"April 30, 2019","Accounts payable, accrued expenses and other liabilities",us-gaap:AccountsPayableAndOtherAccruedLiabilitiesCurrent,reported,
balance_sheet,us-gaap:OperatingLeaseLiabilityCurrent,"Operating lease liabilities, current",1Q20,675.0,CRM_SEC-XBRL-financials_as-presented_10-Q_2019-06-05_0001108524-19-000025.xlsx,Balance Sheet,"April 30, 2019","Operating lease liabilities, current",us-gaap:OperatingLeaseLiabilityCurrent,reported,
balance_sheet,us-gaap:ContractWithCustomerLiabilityCurrent,Unearned revenue,1Q20,7585.0,CRM_SEC-XBRL-financials_as-presented_10-Q_2019-06-05_0001108524-19-000025.xlsx,Balance Sheet,"April 30, 2019",Unearned revenue,us-gaap:ContractWithCustomerLiabilityCurrent,reported,
balance_sheet,us-gaap:LiabilitiesCurrent,Total current liabilities,1Q20,10488.0,CRM_SEC-XBRL-financials_as-presented_10-Q_2019-06-05_0001108524-19-000025.xlsx,Balance Sheet,"April 30, 2019",Total current liabilities,us-gaap:LiabilitiesCurrent,reported,
balance_sheet,us-gaap:LongTermDebtNoncurrent,Noncurrent debt,1Q20,3173.0,CRM_SEC-XBRL-financials_as-presented_10-Q_2019-06-05_0001108524-19-000025.xlsx,Balance Sheet,"April 30, 2019",Noncurrent debt,us-gaap:LongTermDebtNoncurrent,reported,
balance_sheet,us-gaap:OperatingLeaseLiabilityNoncurrent,Noncurrent operating lease liabilities,1Q20,2383.0,CRM_SEC-XBRL-financials_as-presented_10-Q_2019-06-05_0001108524-19-000025.xlsx,Balance Sheet,"April 30, 2019",Noncurrent operating lease liabilities,us-gaap:OperatingLeaseLiabilityNoncurrent,reported,
balance_sheet,us-gaap:OtherLiabilitiesNoncurrent,Other noncurrent liabilities,1Q20,664.0,CRM_SEC-XBRL-financials_as-presented_10-Q_2019-06-05_0001108524-19-000025.xlsx,Balance Sheet,"April 30, 2019",Other noncurrent liabilities,us-gaap:OtherLiabilitiesNoncurrent,reported,
balance_sheet,us-gaap:Liabilities,Total liabilities,1Q20,16708.0,CRM_SEC-XBRL-financials_as-presented_10-Q_2019-06-05_0001108524-19-000025.xlsx,Balance Sheet,"April 30, 2019",Total liabilities,us-gaap:Liabilities,reported,
balance_sheet,us-gaap:CommonStockValue,Common stock,1Q20,1.0,CRM_SEC-XBRL-financials_as-presented_10-Q_2019-06-05_0001108524-19-000025.xlsx,Balance Sheet,"April 30, 2019",Common stock,us-gaap:CommonStockValue,reported,
balance_sheet,us-gaap:AdditionalPaidInCapitalCommonStock,Additional paid-in capital,1Q20,14383.0,CRM_SEC-XBRL-financials_as-presented_10-Q_2019-06-05_0001108524-19-000025.xlsx,Balance Sheet,"April 30, 2019",Additional paid-in capital,us-gaap:AdditionalPaidInCapitalCommonStock,reported,
balance_sheet,us-gaap:AccumulatedOtherComprehensiveIncomeLossNetOfTax,Accumulated other comprehensive income (loss),1Q20,-65.0,CRM_SEC-XBRL-financials_as-presented_10-Q_2019-06-05_0001108524-19-000025.xlsx,Balance Sheet,"April 30, 2019",Accumulated other comprehensive loss,us-gaap:AccumulatedOtherComprehensiveIncomeLossNetOfTax,reported,
balance_sheet,us-gaap:RetainedEarningsAccumulatedDeficit,Retained earnings,1Q20,2127.0,CRM_SEC-XBRL-financials_as-presented_10-Q_2019-06-05_0001108524-19-000025.xlsx,Balance Sheet,"April 30, 2019",Retained earnings,us-gaap:RetainedEarningsAccumulatedDeficit,reported,
balance_sheet,us-gaap:StockholdersEquity,Total stockholders’ equity,1Q20,16446.0,CRM_SEC-XBRL-financials_as-presented_10-Q_2019-06-05_0001108524-19-000025.xlsx,Balance Sheet,"April 30, 2019",Total stockholders’ equity,us-gaap:StockholdersEquity,reported,
balance_sheet,us-gaap:LiabilitiesAndStockholdersEquity,Total liabilities and stockholders’ equity,1Q20,33154.0,CRM_SEC-XBRL-financials_as-presented_10-Q_2019-06-05_0001108524-19-000025.xlsx,Balance Sheet,"April 30, 2019",Total liabilities and stockholders’ equity,us-gaap:LiabilitiesAndStockholdersEquity,reported,
cash_flow,us-gaap:NetIncomeLoss,Net income,1Q20,392.0,CRM_SEC-XBRL-financials_as-presented_10-Q_2019-06-05_0001108524-19-000025.xlsx,Cash Flow,"Three Months Ended April 30, 2019",Net income,us-gaap:NetIncomeLoss,reported,
cash_flow,us-gaap:DepreciationAndAmortization,Depreciation and amortization (1),1Q20,437.0,CRM_SEC-XBRL-financials_as-presented_10-Q_2019-06-05_0001108524-19-000025.xlsx,Cash Flow,"Three Months Ended April 30, 2019",Depreciation and amortization,us-gaap:DepreciationAndAmortization,reported,
cash_flow,us-gaap:CapitalizedContractCostAmortization,"Amortization of costs capitalized to obtain revenue contracts, net",1Q20,209.0,CRM_SEC-XBRL-financials_as-presented_10-Q_2019-06-05_0001108524-19-000025.xlsx,Cash Flow,"Three Months Ended April 30, 2019","Amortization of costs capitalized to obtain revenue contracts, net",us-gaap:CapitalizedContractCostAmortization,reported,
cash_flow,us-gaap:ShareBasedCompensation,Stock-based compensation expense,1Q20,343.0,CRM_SEC-XBRL-financials_as-presented_10-Q_2019-06-05_0001108524-19-000025.xlsx,Cash Flow,"Three Months Ended April 30, 2019",Expenses related to employee stock plans,us-gaap:ShareBasedCompensation,reported,
cash_flow,us-gaap:GainLossOnInvestments,"(Gains) losses on strategic investments, net",1Q20,-281.0,CRM_SEC-XBRL-financials_as-presented_10-Q_2019-06-05_0001108524-19-000025.xlsx,Cash Flow,"Three Months Ended April 30, 2019","Gains on strategic investments, net",crm:MarketableEquityandNonMarketableDebtandEquitySecuritiesRealizedGainsLossonSale,reported,
cash_flow,us-gaap:IncreaseDecreaseInAccountsReceivable,"Accounts receivable, net",1Q20,2774.0,CRM_SEC-XBRL-financials_as-presented_10-Q_2019-06-05_0001108524-19-000025.xlsx,Cash Flow,"Three Months Ended April 30, 2019","Accounts receivable, net",us-gaap:IncreaseDecreaseInAccountsReceivable,reported,
cash_flow,crm:IncreaseDecreaseInCapitalizedContractCosts,"Costs capitalized to obtain revenue contracts, net",1Q20,-124.0,CRM_SEC-XBRL-financials_as-presented_10-Q_2019-06-05_0001108524-19-000025.xlsx,Cash Flow,"Three Months Ended April 30, 2019","Costs capitalized to obtain revenue contracts, net",crm:IncreaseDecreaseinCapitalizedContractCosts,reported,
cash_flow,us-gaap:IncreaseDecreaseInPrepaidDeferredExpenseAndOtherAssets,Prepaid expenses and other current assets and other assets,1Q20,-97.0,CRM_SEC-XBRL-financials_as-presented_10-Q_2019-06-05_0001108524-19-000025.xlsx,Cash Flow,"Three Months Ended April 30, 2019",Prepaid expenses and other current assets and other assets,us-gaap:IncreaseDecreaseInPrepaidDeferredExpenseAndOtherAssets,reported,
cash_flow,us-gaap:IncreaseDecreaseInAccountsPayableAndAccruedLiabilities,Accounts payable and accrued expenses and other liabilities,1Q20,-545.0,CRM_SEC-XBRL-financials_as-presented_10-Q_2019-06-05_0001108524-19-000025.xlsx,Cash Flow,"Three Months Ended April 30, 2019",Accounts payable; Accrued expenses and other liabilities,us-gaap:IncreaseDecreaseInAccountsPayable + us-gaap:IncreaseDecreaseInAccruedLiabilities,summed_within_file,SUM(us-gaap:IncreaseDecreaseInAccountsPayable + us-gaap:IncreaseDecreaseInAccruedLiabilities) in CRM_SEC-XBRL-financials_as-presented_10-Q_2019-06-05_0001108524-19-000025.xlsx
cash_flow,us-gaap:IncreaseDecreaseInOperatingLeaseLiability,Operating lease liabilities,1Q20,-164.0,CRM_SEC-XBRL-financials_as-presented_10-Q_2019-06-05_0001108524-19-000025.xlsx,Cash Flow,"Three Months Ended April 30, 2019",Operating lease liabilities,crm:IncreaseDecreaseinOperatingLeaseLiabilities,reported,
cash_flow,us-gaap:IncreaseDecreaseInContractWithCustomerLiability,Unearned revenue,1Q20,-979.0,CRM_SEC-XBRL-financials_as-presented_10-Q_2019-06-05_0001108524-19-000025.xlsx,Cash Flow,"Three Months Ended April 30, 2019",Unearned revenue,us-gaap:IncreaseDecreaseInContractWithCustomerLiability,reported,
cash_flow,us-gaap:NetCashProvidedByUsedInOperatingActivities,Net cash provided by operating activities,1Q20,1965.0,CRM_SEC-XBRL-financials_as-presented_10-Q_2019-06-05_0001108524-19-000025.xlsx,Cash Flow,"Three Months Ended April 30, 2019",Net cash provided by operating activities,us-gaap:NetCashProvidedByUsedInOperatingActivities,reported,
cash_flow,us-gaap:PaymentsToAcquireBusinessesNetOfCashAcquired,"Business combinations, net of cash acquired",1Q20,-10.0,CRM_SEC-XBRL-financials_as-presented_10-Q_2019-06-05_0001108524-19-000025.xlsx,Cash Flow,"Three Months Ended April 30, 2019","Business combinations, net of cash acquired",us-gaap:PaymentsToAcquireBusinessesNetOfCashAcquired,reported,
cash_flow,us-gaap:PaymentsToAcquireLongtermInvestments,Purchases of strategic investments,1Q20,-159.0,CRM_SEC-XBRL-financials_as-presented_10-Q_2019-06-05_0001108524-19-000025.xlsx,Cash Flow,"Three Months Ended April 30, 2019",Purchases of strategic investments,crm:PaymentsForInvestmentsInPrivatelyHeldCompanies,reported,
cash_flow,us-gaap:ProceedsFromSaleOfLongtermInvestments,Sales of strategic investments,1Q20,194.0,CRM_SEC-XBRL-financials_as-presented_10-Q_2019-06-05_0001108524-19-000025.xlsx,Cash Flow,"Three Months Ended April 30, 2019",Sales of strategic investments,crm:ProceedsFromInvestmentsInPrivatelyHeldCompanies,reported,
cash_flow,us-gaap:PaymentsToAcquireAvailableForSaleSecuritiesDebt,Purchases of marketable securities,1Q20,-734.0,CRM_SEC-XBRL-financials_as-presented_10-Q_2019-06-05_0001108524-19-000025.xlsx,Cash Flow,"Three Months Ended April 30, 2019",Purchases of marketable securities,us-gaap:PaymentsToAcquireAvailableForSaleSecuritiesDebt,reported,
cash_flow,us-gaap:ProceedsFromSaleOfAvailableForSaleSecuritiesDebt,Sales of marketable securities,1Q20,86.0,CRM_SEC-XBRL-financials_as-presented_10-Q_2019-06-05_0001108524-19-000025.xlsx,Cash Flow,"Three Months Ended April 30, 2019",Sales of marketable securities,us-gaap:ProceedsFromSaleOfAvailableForSaleSecuritiesDebt,reported,
cash_flow,us-gaap:ProceedsFromMaturitiesPrepaymentsAndCallsOfAvailableForSaleSecurities,Maturities of marketable securities,1Q20,56.0,CRM_SEC-XBRL-financials_as-presented_10-Q_2019-06-05_0001108524-19-000025.xlsx,Cash Flow,"Three Months Ended April 30, 2019",Maturities of marketable securities,us-gaap:ProceedsFromMaturitiesPrepaymentsAndCallsOfAvailableForSaleSecurities,reported,
cash_flow,us-gaap:PaymentsToAcquirePropertyPlantAndEquipment,Capital expenditures,1Q20,-159.0,CRM_SEC-XBRL-financials_as-presented_10-Q_2019-06-05_0001108524-19-000025.xlsx,Cash Flow,"Three Months Ended April 30, 2019",Capital expenditures,us-gaap:PaymentsToAcquirePropertyPlantAndEquipment,reported,
cash_flow,us-gaap:NetCashProvidedByUsedInInvestingActivities,Net cash used in investing activities,1Q20,-726.0,CRM_SEC-XBRL-financials_as-presented_10-Q_2019-06-05_0001108524-19-000025.xlsx,Cash Flow,"Three Months Ended April 30, 2019",Net cash provided by (used in) investing activities,us-gaap:NetCashProvidedByUsedInInvestingActivities,reported,
cash_flow,us-gaap:ProceedsFromIssuanceOfMediumTermNotes,"Proceeds from issuance of debt, net of issuance costs",1Q20,0.0,CRM_SEC-XBRL-financials_as-presented_10-Q_2019-06-05_0001108524-19-000025.xlsx,Cash Flow,"Three Months Ended April 30, 2019","Proceeds from issuance of debt, net",us-gaap:ProceedsFromIssuanceOfMediumTermNotes,reported,
cash_flow,us-gaap:ProceedsFromStockPlans,Proceeds from employee stock plans,1Q20,219.0,CRM_SEC-XBRL-financials_as-presented_10-Q_2019-06-05_0001108524-19-000025.xlsx,Cash Flow,"Three Months Ended April 30, 2019",Proceeds from employee stock plans,us-gaap:ProceedsFromStockPlans,reported,
cash_flow,us-gaap:FinanceLeasePrincipalPayments,Principal payments on financing obligations,1Q20,-11.0,CRM_SEC-XBRL-financials_as-presented_10-Q_2019-06-05_0001108524-19-000025.xlsx,Cash Flow,"Three Months Ended April 30, 2019",Principal payments on financing obligations (1),us-gaap:RepaymentsOfLongTermCapitalLeaseObligations,reported,
cash_flow,us-gaap:RepaymentsOfLongTermLinesOfCredit,Repayments of debt,1Q20,-1.0,CRM_SEC-XBRL-financials_as-presented_10-Q_2019-06-05_0001108524-19-000025.xlsx,Cash Flow,"Three Months Ended April 30, 2019",Repayments of debt,us-gaap:RepaymentsOfLongTermLinesOfCredit,reported,
cash_flow,us-gaap:NetCashProvidedByUsedInFinancingActivities,Net cash used in financing activities,1Q20,207.0,CRM_SEC-XBRL-financials_as-presented_10-Q_2019-06-05_0001108524-19-000025.xlsx,Cash Flow,"Three Months Ended April 30, 2019",Net cash provided by financing activities,us-gaap:NetCashProvidedByUsedInFinancingActivities,reported,
cash_flow,us-gaap:EffectOfExchangeRateOnCashCashEquivalentsRestrictedCashAndRestrictedCashEquivalents,Effect of exchange rate changes,1Q20,-5.0,CRM_SEC-XBRL-financials_as-presented_10-Q_2019-06-05_0001108524-19-000025.xlsx,Cash Flow,"Three Months Ended April 30, 2019",Effect of exchange rate changes,us-gaap:EffectOfExchangeRateOnCashCashEquivalentsRestrictedCashAndRestrictedCashEquivalents,reported,
cash_flow,us-gaap:CashCashEquivalentsRestrictedCashAndRestrictedCashEquivalentsPeriodIncreaseDecreaseIncludingExchangeRateEffect,Net increase (decrease) in cash and cash equivalents,1Q20,1441.0,CRM_SEC-XBRL-financials_as-presented_10-Q_2019-06-05_0001108524-19-000025.xlsx,Cash Flow,"Three Months Ended April 30, 2019",Net increase in cash and cash equivalents,us-gaap:CashCashEquivalentsRestrictedCashAndRestrictedCashEquivalentsPeriodIncreaseDecreaseIncludingExchangeRateEffect,reported,
cash_flow,us-gaap:CashCashEquivalentsRestrictedCashAndRestrictedCashEquivalents,"Cash and cash equivalents, beginning of period",1Q20,2669.0,CRM_SEC-XBRL-financials_as-presented_10-Q_2019-06-05_0001108524-19-000025.xlsx,Cash Flow,"Three Months Ended April 30, 2019","Cash and cash equivalents, beginning of period",us-gaap:CashCashEquivalentsRestrictedCashAndRestrictedCashEquivalents,reported,
income_statement,us-gaap:RevenueFromContractWithCustomerExcludingAssessedTax,Subscription and support,2Q20,3745.0,CRM_SEC-XBRL-financials_as-presented_10-Q_2019-08-23_0001108524-19-000052.xlsx,Income Statement,"Three Months Ended July 31, 2019",Subscription and support,us-gaap:RevenueFromContractWithCustomerExcludingAssessedTax,reported,
income_statement,us-gaap:RevenueFromContractWithCustomerExcludingAssessedTax,Subscription and support,6M20,7241.0,CRM_SEC-XBRL-financials_as-presented_10-Q_2019-08-23_0001108524-19-000052.xlsx,Income Statement,"Six Months Ended July 31, 2019",Subscription and support,us-gaap:RevenueFromContractWithCustomerExcludingAssessedTax,reported,
income_statement,us-gaap:CostOfGoodsAndServicesSold,Subscription and support,2Q20,727.0,CRM_SEC-XBRL-financials_as-presented_10-Q_2019-08-23_0001108524-19-000052.xlsx,Income Statement,"Three Months Ended July 31, 2019",Subscription and support,us-gaap:CostOfGoodsAndServicesSold,reported,
income_statement,us-gaap:CostOfGoodsAndServicesSold,Subscription and support,6M20,1405.0,CRM_SEC-XBRL-financials_as-presented_10-Q_2019-08-23_0001108524-19-000052.xlsx,Income Statement,"Six Months Ended July 31, 2019",Subscription and support,us-gaap:CostOfGoodsAndServicesSold,reported,
income_statement,us-gaap:GrossProfit,Gross profit,2Q20,3030.0,CRM_SEC-XBRL-financials_as-presented_10-Q_2019-08-23_0001108524-19-000052.xlsx,Income Statement,"Three Months Ended July 31, 2019",Gross profit,us-gaap:GrossProfit,reported,
income_statement,us-gaap:GrossProfit,Gross profit,6M20,5853.0,CRM_SEC-XBRL-financials_as-presented_10-Q_2019-08-23_0001108524-19-000052.xlsx,Income Statement,"Six Months Ended July 31, 2019",Gross profit,us-gaap:GrossProfit,reported,
income_statement,us-gaap:ResearchAndDevelopmentExpense,Research and development,2Q20,607.0,CRM_SEC-XBRL-financials_as-presented_10-Q_2019-08-23_0001108524-19-000052.xlsx,Income Statement,"Three Months Ended July 31, 2019",Research and development,us-gaap:ResearchAndDevelopmentExpense,reported,
income_statement,us-gaap:ResearchAndDevelopmentExpense,Research and development,6M20,1161.0,CRM_SEC-XBRL-financials_as-presented_10-Q_2019-08-23_0001108524-19-000052.xlsx,Income Statement,"Six Months Ended July 31, 2019",Research and development,us-gaap:ResearchAndDevelopmentExpense,reported,
income_statement,us-gaap:SellingAndMarketingExpense,Sales and marketing,2Q20,1824.0,CRM_SEC-XBRL-financials_as-presented_10-Q_2019-08-23_0001108524-19-000052.xlsx,Income Statement,"Three Months Ended July 31, 2019",Marketing and sales,us-gaap:SellingAndMarketingExpense,reported,
income_statement,us-gaap:SellingAndMarketingExpense,Sales and marketing,6M20,3521.0,CRM_SEC-XBRL-financials_as-presented_10-Q_2019-08-23_0001108524-19-000052.xlsx,Income Statement,"Six Months Ended July 31, 2019",Marketing and sales,us-gaap:SellingAndMarketingExpense,reported,
income_statement,us-gaap:GeneralAndAdministrativeExpense,General and administrative,2Q20,375.0,CRM_SEC-XBRL-financials_as-presented_10-Q_2019-08-23_0001108524-19-000052.xlsx,Income Statement,"Three Months Ended July 31, 2019",General and administrative,us-gaap:GeneralAndAdministrativeExpense,reported,
income_statement,us-gaap:GeneralAndAdministrativeExpense,General and administrative,6M20,737.0,CRM_SEC-XBRL-financials_as-presented_10-Q_2019-08-23_0001108524-19-000052.xlsx,Income Statement,"Six Months Ended July 31, 2019",General and administrative,us-gaap:GeneralAndAdministrativeExpense,reported,
income_statement,crm:FairValueAdjustmentLossOnRemainingPerformanceObligationsofAgreements,Loss on settlement of Salesforce.org reseller agreement (Note 7),2Q20,166.0,CRM_SEC-XBRL-financials_as-presented_10-Q_2019-08-23_0001108524-19-000052.xlsx,Income Statement,"Three Months Ended July 31, 2019",Loss on settlement of Salesforce.org reseller agreement (Note 6),crm:FairValueAdjustmentLossOnRemainingPerformanceObligationsofAgreements,reported,
income_statement,crm:FairValueAdjustmentLossOnRemainingPerformanceObligationsofAgreements,Loss on settlement of Salesforce.org reseller agreement (Note 7),6M20,166.0,CRM_SEC-XBRL-financials_as-presented_10-Q_2019-08-23_0001108524-19-000052.xlsx,Income Statement,"Six Months Ended July 31, 2019",Loss on settlement of Salesforce.org reseller agreement (Note 6),crm:FairValueAdjustmentLossOnRemainingPerformanceObligationsofAgreements,reported,
income_statement,us-gaap:OperatingExpenses,Total operating expenses,2Q20,2972.0,CRM_SEC-XBRL-financials_as-presented_10-Q_2019-08-23_0001108524-19-000052.xlsx,Income Statement,"Three Months Ended July 31, 2019",Total operating expenses,us-gaap:OperatingExpenses,reported,
income_statement,us-gaap:OperatingExpenses,Total operating expenses,6M20,5585.0,CRM_SEC-XBRL-financials_as-presented_10-Q_2019-08-23_0001108524-19-000052.xlsx,Income Statement,"Six Months Ended July 31, 2019",Total operating expenses,us-gaap:OperatingExpenses,reported,
income_statement,us-gaap:OperatingIncomeLoss,Income from operations,2Q20,58.0,CRM_SEC-XBRL-financials_as-presented_10-Q_2019-08-23_0001108524-19-000052.xlsx,Income Statement,"Three Months Ended July 31, 2019",Income from operations,us-gaap:OperatingIncomeLoss,reported,
income_statement,us-gaap:OperatingIncomeLoss,Income from operations,6M20,268.0,CRM_SEC-XBRL-financials_as-presented_10-Q_2019-08-23_0001108524-19-000052.xlsx,Income Statement,"Six Months Ended July 31, 2019",Income from operations,us-gaap:OperatingIncomeLoss,reported,
income_statement,us-gaap:GainLossOnInvestments,"Gains (losses) on strategic investments, net",2Q20,109.0,CRM_SEC-XBRL-financials_as-presented_10-Q_2019-08-23_0001108524-19-000052.xlsx,Income Statement,"Three Months Ended July 31, 2019","Gains on strategic investments, net",us-gaap:EquitySecuritiesFvNiGainLoss,reported,
income_statement,us-gaap:GainLossOnInvestments,"Gains (losses) on strategic investments, net",6M20,390.0,CRM_SEC-XBRL-financials_as-presented_10-Q_2019-08-23_0001108524-19-000052.xlsx,Income Statement,"Six Months Ended July 31, 2019","Gains on strategic investments, net",us-gaap:EquitySecuritiesFvNiGainLoss,reported,
income_statement,us-gaap:OtherNonoperatingIncomeExpense,Other income,2Q20,-3.0,CRM_SEC-XBRL-financials_as-presented_10-Q_2019-08-23_0001108524-19-000052.xlsx,Income Statement,"Three Months Ended July 31, 2019",Other expense,us-gaap:OtherNonoperatingIncomeExpense,reported,
income_statement,us-gaap:OtherNonoperatingIncomeExpense,Other income,6M20,-12.0,CRM_SEC-XBRL-financials_as-presented_10-Q_2019-08-23_0001108524-19-000052.xlsx,Income Statement,"Six Months Ended July 31, 2019",Other expense,us-gaap:OtherNonoperatingIncomeExpense,reported,
income_statement,us-gaap:IncomeLossFromContinuingOperationsBeforeIncomeTaxesMinorityInterestAndIncomeLossFromEquityMethodInvestments,Income before benefit from (provision for) income taxes,2Q20,164.0,CRM_SEC-XBRL-financials_as-presented_10-Q_2019-08-23_0001108524-19-000052.xlsx,Income Statement,"Three Months Ended July 31, 2019",Income before benefit from (provision for) income taxes,us-gaap:IncomeLossFromContinuingOperationsBeforeIncomeTaxesMinorityInterestAndIncomeLossFromEquityMethodInvestments,reported,
income_statement,us-gaap:IncomeLossFromContinuingOperationsBeforeIncomeTaxesMinorityInterestAndIncomeLossFromEquityMethodInvestments,Income before benefit from (provision for) income taxes,6M20,646.0,CRM_SEC-XBRL-financials_as-presented_10-Q_2019-08-23_0001108524-19-000052.xlsx,Income Statement,"Six Months Ended July 31, 2019",Income before benefit from (provision for) income taxes,us-gaap:IncomeLossFromContinuingOperationsBeforeIncomeTaxesMinorityInterestAndIncomeLossFromEquityMethodInvestments,reported,
income_statement,us-gaap:IncomeTaxExpenseBenefit,Provision for income taxes,2Q20,-73.0,CRM_SEC-XBRL-financials_as-presented_10-Q_2019-08-23_0001108524-19-000052.xlsx,Income Statement,"Three Months Ended July 31, 2019",Benefit from (provision for) income taxes,us-gaap:IncomeTaxExpenseBenefit,reported,
income_statement,us-gaap:IncomeTaxExpenseBenefit,Provision for income taxes,6M20,-163.0,CRM_SEC-XBRL-financials_as-presented_10-Q_2019-08-23_0001108524-19-000052.xlsx,Income Statement,"Six Months Ended July 31, 2019",Benefit from (provision for) income taxes,us-gaap:IncomeTaxExpenseBenefit,reported,
income_statement,us-gaap:NetIncomeLoss,Net income,2Q20,91.0,CRM_SEC-XBRL-financials_as-presented_10-Q_2019-08-23_0001108524-19-000052.xlsx,Income Statement,"Three Months Ended July 31, 2019",Net income,us-gaap:NetIncomeLoss,reported,
income_statement,us-gaap:NetIncomeLoss,Net income,6M20,483.0,CRM_SEC-XBRL-financials_as-presented_10-Q_2019-08-23_0001108524-19-000052.xlsx,Income Statement,"Six Months Ended July 31, 2019",Net income,us-gaap:NetIncomeLoss,reported,
income_statement,us-gaap:EarningsPerShareBasic,Basic net income per share,2Q20,0.12,CRM_SEC-XBRL-financials_as-presented_10-Q_2019-08-23_0001108524-19-000052.xlsx,Income Statement,"Three Months Ended July 31, 2019",Basic net income per share,us-gaap:EarningsPerShareBasic,reported,
income_statement,us-gaap:EarningsPerShareBasic,Basic net income per share,6M20,0.62,CRM_SEC-XBRL-financials_as-presented_10-Q_2019-08-23_0001108524-19-000052.xlsx,Income Statement,"Six Months Ended July 31, 2019",Basic net income per share,us-gaap:EarningsPerShareBasic,reported,
income_statement,us-gaap:EarningsPerShareDiluted,Diluted net income per share,2Q20,0.11,CRM_SEC-XBRL-financials_as-presented_10-Q_2019-08-23_0001108524-19-000052.xlsx,Income Statement,"Three Months Ended July 31, 2019",Diluted net income per share,us-gaap:EarningsPerShareDiluted,reported,
income_statement,us-gaap:EarningsPerShareDiluted,Diluted net income per share,6M20,0.61,CRM_SEC-XBRL-financials_as-presented_10-Q_2019-08-23_0001108524-19-000052.xlsx,Income Statement,"Six Months Ended July 31, 2019",Diluted net income per share,us-gaap:EarningsPerShareDiluted,reported,
income_statement,us-gaap:WeightedAverageNumberOfSharesOutstandingBasic,Shares used in computing basic net income per share,2Q20,776.0,CRM_SEC-XBRL-financials_as-presented_10-Q_2019-08-23_0001108524-19-000052.xlsx,Income Statement,"Three Months Ended July 31, 2019",Shares used in computing basic net income per share,us-gaap:WeightedAverageNumberOfSharesOutstandingBasic,reported,
income_statement,us-gaap:WeightedAverageNumberOfSharesOutstandingBasic,Shares used in computing basic net income per share,6M20,774.0,CRM_SEC-XBRL-financials_as-presented_10-Q_2019-08-23_0001108524-19-000052.xlsx,Income Statement,"Six Months Ended July 31, 2019",Shares used in computing basic net income per share,us-gaap:WeightedAverageNumberOfSharesOutstandingBasic,reported,
income_statement,us-gaap:WeightedAverageNumberOfDilutedSharesOutstanding,Shares used in computing diluted net income per share,2Q20,795.0,CRM_SEC-XBRL-financials_as-presented_10-Q_2019-08-23_0001108524-19-000052.xlsx,Income Statement,"Three Months Ended July 31, 2019",Shares used in computing diluted net income per share,us-gaap:WeightedAverageNumberOfDilutedSharesOutstanding,reported,
income_statement,us-gaap:WeightedAverageNumberOfDilutedSharesOutstanding,Shares used in computing diluted net income per share,6M20,795.0,CRM_SEC-XBRL-financials_as-presented_10-Q_2019-08-23_0001108524-19-000052.xlsx,Income Statement,"Six Months Ended July 31, 2019",Shares used in computing diluted net income per share,us-gaap:WeightedAverageNumberOfDilutedSharesOutstanding,reported,
balance_sheet,us-gaap:CashAndCashEquivalentsAtCarryingValue,Cash and cash equivalents,2Q20,3510.0,CRM_SEC-XBRL-financials_as-presented_10-Q_2019-08-23_0001108524-19-000052.xlsx,Balance Sheet,"July 31, 2019",Cash and cash equivalents,us-gaap:CashAndCashEquivalentsAtCarryingValue,reported,
balance_sheet,us-gaap:AvailableForSaleSecuritiesDebtSecuritiesCurrent,Marketable securities,2Q20,2532.0,CRM_SEC-XBRL-financials_as-presented_10-Q_2019-08-23_0001108524-19-000052.xlsx,Balance Sheet,"July 31, 2019",Marketable securities,us-gaap:AvailableForSaleSecuritiesDebtSecuritiesCurrent,reported,
balance_sheet,us-gaap:AccountsReceivableNetCurrent,"Accounts receivable, net",2Q20,2332.0,CRM_SEC-XBRL-financials_as-presented_10-Q_2019-08-23_0001108524-19-000052.xlsx,Balance Sheet,"July 31, 2019","Accounts receivable, net",us-gaap:AccountsReceivableNetCurrent,reported,
balance_sheet,us-gaap:CapitalizedContractCostNetCurrent,"Costs capitalized to obtain revenue contracts, net",2Q20,786.0,CRM_SEC-XBRL-financials_as-presented_10-Q_2019-08-23_0001108524-19-000052.xlsx,Balance Sheet,"July 31, 2019","Costs capitalized to obtain revenue contracts, net",us-gaap:CapitalizedContractCostNetCurrent,reported,
balance_sheet,us-gaap:PrepaidExpenseAndOtherAssetsCurrent,Prepaid expenses and other current assets,2Q20,743.0,CRM_SEC-XBRL-financials_as-presented_10-Q_2019-08-23_0001108524-19-000052.xlsx,Balance Sheet,"July 31, 2019",Prepaid expenses and other current assets,us-gaap:PrepaidExpenseAndOtherAssetsCurrent,reported,
balance_sheet,us-gaap:AssetsCurrent,Total current assets,2Q20,9903.0,CRM_SEC-XBRL-financials_as-presented_10-Q_2019-08-23_0001108524-19-000052.xlsx,Balance Sheet,"July 31, 2019",Total current assets,us-gaap:AssetsCurrent,reported,
balance_sheet,us-gaap:PropertyPlantAndEquipmentNet,"Property and equipment, net",2Q20,2283.0,CRM_SEC-XBRL-financials_as-presented_10-Q_2019-08-23_0001108524-19-000052.xlsx,Balance Sheet,"July 31, 2019","Property and equipment, net",us-gaap:PropertyPlantAndEquipmentNet,reported,
balance_sheet,us-gaap:OperatingLeaseRightOfUseAsset,"Operating lease right-of-use assets, net",2Q20,2904.0,CRM_SEC-XBRL-financials_as-presented_10-Q_2019-08-23_0001108524-19-000052.xlsx,Balance Sheet,"July 31, 2019",Operating lease right-of-use assets (Note 1),us-gaap:OperatingLeaseRightOfUseAsset,reported,
balance_sheet,us-gaap:CapitalizedContractCostNetNoncurrent,"Noncurrent costs capitalized to obtain revenue contracts, net",2Q20,1105.0,CRM_SEC-XBRL-financials_as-presented_10-Q_2019-08-23_0001108524-19-000052.xlsx,Balance Sheet,"July 31, 2019","Costs capitalized to obtain revenue contracts, noncurrent, net",us-gaap:CapitalizedContractCostNetNoncurrent,reported,
balance_sheet,us-gaap:OtherLongTermInvestments,Strategic investments,2Q20,1614.0,CRM_SEC-XBRL-financials_as-presented_10-Q_2019-08-23_0001108524-19-000052.xlsx,Balance Sheet,"July 31, 2019",Strategic investments,us-gaap:OtherLongTermInvestments,reported,
balance_sheet,us-gaap:Goodwill,Goodwill,2Q20,13199.0,CRM_SEC-XBRL-financials_as-presented_10-Q_2019-08-23_0001108524-19-000052.xlsx,Balance Sheet,"July 31, 2019",Goodwill,us-gaap:Goodwill,reported,
balance_sheet,us-gaap:IntangibleAssetsNetExcludingGoodwill,"Intangible assets acquired through business combinations, net",2Q20,1725.0,CRM_SEC-XBRL-financials_as-presented_10-Q_2019-08-23_0001108524-19-000052.xlsx,Balance Sheet,"July 31, 2019","Intangible assets acquired through business combinations, net",us-gaap:IntangibleAssetsNetExcludingGoodwill,reported,
balance_sheet,us-gaap:OtherAssetsNoncurrent,"Deferred tax assets and other assets, net",2Q20,603.0,CRM_SEC-XBRL-financials_as-presented_10-Q_2019-08-23_0001108524-19-000052.xlsx,Balance Sheet,"July 31, 2019","Capitalized software and other assets, net",us-gaap:OtherAssetsNoncurrent,reported,
balance_sheet,us-gaap:Assets,Total assets,2Q20,33336.0,CRM_SEC-XBRL-financials_as-presented_10-Q_2019-08-23_0001108524-19-000052.xlsx,Balance Sheet,"July 31, 2019",Total assets,us-gaap:Assets,reported,
balance_sheet,us-gaap:AccountsPayableAndOtherAccruedLiabilitiesCurrent,"Accounts payable, accrued expenses and other liabilities",2Q20,2347.0,CRM_SEC-XBRL-financials_as-presented_10-Q_2019-08-23_0001108524-19-000052.xlsx,Balance Sheet,"July 31, 2019","Accounts payable, accrued expenses and other liabilities",us-gaap:AccountsPayableAndOtherAccruedLiabilitiesCurrent,reported,
balance_sheet,us-gaap:OperatingLeaseLiabilityCurrent,"Operating lease liabilities, current",2Q20,706.0,CRM_SEC-XBRL-financials_as-presented_10-Q_2019-08-23_0001108524-19-000052.xlsx,Balance Sheet,"July 31, 2019","Operating lease liabilities, current (Note 1)",us-gaap:OperatingLeaseLiabilityCurrent,reported,
balance_sheet,us-gaap:ContractWithCustomerLiabilityCurrent,Unearned revenue,2Q20,7142.0,CRM_SEC-XBRL-financials_as-presented_10-Q_2019-08-23_0001108524-19-000052.xlsx,Balance Sheet,"July 31, 2019",Unearned revenue,us-gaap:ContractWithCustomerLiabilityCurrent,reported,
balance_sheet,us-gaap:LiabilitiesCurrent,Total current liabilities,2Q20,10195.0,CRM_SEC-XBRL-financials_as-presented_10-Q_2019-08-23_0001108524-19-000052.xlsx,Balance Sheet,"July 31, 2019",Total current liabilities,us-gaap:LiabilitiesCurrent,reported,
balance_sheet,us-gaap:LongTermDebtNoncurrent,Noncurrent debt,2Q20,2973.0,CRM_SEC-XBRL-financials_as-presented_10-Q_2019-08-23_0001108524-19-000052.xlsx,Balance Sheet,"July 31, 2019",Noncurrent debt,us-gaap:LongTermDebtNoncurrent,reported,
balance_sheet,us-gaap:OperatingLeaseLiabilityNoncurrent,Noncurrent operating lease liabilities,2Q20,2341.0,CRM_SEC-XBRL-financials_as-presented_10-Q_2019-08-23_0001108524-19-000052.xlsx,Balance Sheet,"July 31, 2019",Noncurrent operating lease liabilities (Note 1),us-gaap:OperatingLeaseLiabilityNoncurrent,reported,
balance_sheet,us-gaap:OtherLiabilitiesNoncurrent,Other noncurrent liabilities,2Q20,661.0,CRM_SEC-XBRL-financials_as-presented_10-Q_2019-08-23_0001108524-19-000052.xlsx,Balance Sheet,"July 31, 2019",Other noncurrent liabilities,us-gaap:OtherLiabilitiesNoncurrent,reported,
balance_sheet,us-gaap:Liabilities,Total liabilities,2Q20,16170.0,CRM_SEC-XBRL-financials_as-presented_10-Q_2019-08-23_0001108524-19-000052.xlsx,Balance Sheet,"July 31, 2019",Total liabilities,us-gaap:Liabilities,reported,
balance_sheet,us-gaap:CommonStockValue,Common stock,2Q20,1.0,CRM_SEC-XBRL-financials_as-presented_10-Q_2019-08-23_0001108524-19-000052.xlsx,Balance Sheet,"July 31, 2019",Common stock,us-gaap:CommonStockValue,reported,
balance_sheet,us-gaap:AdditionalPaidInCapitalCommonStock,Additional paid-in capital,2Q20,15024.0,CRM_SEC-XBRL-financials_as-presented_10-Q_2019-08-23_0001108524-19-000052.xlsx,Balance Sheet,"July 31, 2019",Additional paid-in capital,us-gaap:AdditionalPaidInCapitalCommonStock,reported,
balance_sheet,us-gaap:AccumulatedOtherComprehensiveIncomeLossNetOfTax,Accumulated other comprehensive income (loss),2Q20,-77.0,CRM_SEC-XBRL-financials_as-presented_10-Q_2019-08-23_0001108524-19-000052.xlsx,Balance Sheet,"July 31, 2019",Accumulated other comprehensive loss,us-gaap:AccumulatedOtherComprehensiveIncomeLossNetOfTax,reported,
balance_sheet,us-gaap:RetainedEarningsAccumulatedDeficit,Retained earnings,2Q20,2218.0,CRM_SEC-XBRL-financials_as-presented_10-Q_2019-08-23_0001108524-19-000052.xlsx,Balance Sheet,"July 31, 2019",Retained earnings,us-gaap:RetainedEarningsAccumulatedDeficit,reported,
balance_sheet,us-gaap:StockholdersEquity,Total stockholders’ equity,2Q20,17166.0,CRM_SEC-XBRL-financials_as-presented_10-Q_2019-08-23_0001108524-19-000052.xlsx,Balance Sheet,"July 31, 2019",Total stockholders’ equity,us-gaap:StockholdersEquity,reported,
balance_sheet,us-gaap:LiabilitiesAndStockholdersEquity,Total liabilities and stockholders’ equity,2Q20,33336.0,CRM_SEC-XBRL-financials_as-presented_10-Q_2019-08-23_0001108524-19-000052.xlsx,Balance Sheet,"July 31, 2019",Total liabilities and stockholders’ equity,us-gaap:LiabilitiesAndStockholdersEquity,reported,
cash_flow,us-gaap:NetIncomeLoss,Net income,2Q20,91.0,CRM_SEC-XBRL-financials_as-presented_10-Q_2019-08-23_0001108524-19-000052.xlsx,Cash Flow,"Three Months Ended July 31, 2019",Net income,us-gaap:NetIncomeLoss,reported,
cash_flow,us-gaap:NetIncomeLoss,Net income,6M20,483.0,CRM_SEC-XBRL-financials_as-presented_10-Q_2019-08-23_0001108524-19-000052.xlsx,Cash Flow,"Six Months Ended July 31, 2019",Net income,us-gaap:NetIncomeLoss,reported,
cash_flow,us-gaap:DepreciationAndAmortization,Depreciation and amortization (1),2Q20,457.0,CRM_SEC-XBRL-financials_as-presented_10-Q_2019-08-23_0001108524-19-000052.xlsx,Cash Flow,"Three Months Ended July 31, 2019",Depreciation and amortization,us-gaap:DepreciationAndAmortization,reported,
cash_flow,us-gaap:DepreciationAndAmortization,Depreciation and amortization (1),6M20,894.0,CRM_SEC-XBRL-financials_as-presented_10-Q_2019-08-23_0001108524-19-000052.xlsx,Cash Flow,"Six Months Ended July 31, 2019",Depreciation and amortization,us-gaap:DepreciationAndAmortization,reported,
cash_flow,us-gaap:CapitalizedContractCostAmortization,"Amortization of costs capitalized to obtain revenue contracts, net",2Q20,217.0,CRM_SEC-XBRL-financials_as-presented_10-Q_2019-08-23_0001108524-19-000052.xlsx,Cash Flow,"Three Months Ended July 31, 2019","Amortization of costs capitalized to obtain revenue contracts, net",us-gaap:CapitalizedContractCostAmortization,reported,
cash_flow,us-gaap:CapitalizedContractCostAmortization,"Amortization of costs capitalized to obtain revenue contracts, net",6M20,426.0,CRM_SEC-XBRL-financials_as-presented_10-Q_2019-08-23_0001108524-19-000052.xlsx,Cash Flow,"Six Months Ended July 31, 2019","Amortization of costs capitalized to obtain revenue contracts, net",us-gaap:CapitalizedContractCostAmortization,reported,
cash_flow,us-gaap:ShareBasedCompensation,Stock-based compensation expense,2Q20,388.0,CRM_SEC-XBRL-financials_as-presented_10-Q_2019-08-23_0001108524-19-000052.xlsx,Cash Flow,"Three Months Ended July 31, 2019",Expenses related to employee stock plans,us-gaap:ShareBasedCompensation,reported,
cash_flow,us-gaap:ShareBasedCompensation,Stock-based compensation expense,6M20,731.0,CRM_SEC-XBRL-financials_as-presented_10-Q_2019-08-23_0001108524-19-000052.xlsx,Cash Flow,"Six Months Ended July 31, 2019",Expenses related to employee stock plans,us-gaap:ShareBasedCompensation,reported,
cash_flow,crm:FairValueAdjustmentLossOnRemainingPerformanceObligationsofAgreements,Loss on settlement of Salesforce.org reseller agreement (Note 7),2Q20,166.0,CRM_SEC-XBRL-financials_as-presented_10-Q_2019-08-23_0001108524-19-000052.xlsx,Cash Flow,"Three Months Ended July 31, 2019",Loss on settlement of Salesforce.org reseller agreement (Note 6),crm:FairValueAdjustmentLossOnRemainingPerformanceObligationsofAgreements,reported,
cash_flow,crm:FairValueAdjustmentLossOnRemainingPerformanceObligationsofAgreements,Loss on settlement of Salesforce.org reseller agreement (Note 7),6M20,166.0,CRM_SEC-XBRL-financials_as-presented_10-Q_2019-08-23_0001108524-19-000052.xlsx,Cash Flow,"Six Months Ended July 31, 2019",Loss on settlement of Salesforce.org reseller agreement (Note 6),crm:FairValueAdjustmentLossOnRemainingPerformanceObligationsofAgreements,reported,
cash_flow,us-gaap:GainLossOnInvestments,"(Gains) losses on strategic investments, net",2Q20,-109.0,CRM_SEC-XBRL-financials_as-presented_10-Q_2019-08-23_0001108524-19-000052.xlsx,Cash Flow,"Three Months Ended July 31, 2019","Gains on strategic investments, net",crm:MarketableEquityandNonMarketableDebtandEquitySecuritiesRealizedGainsLossonSale,reported,
cash_flow,us-gaap:GainLossOnInvestments,"(Gains) losses on strategic investments, net",6M20,-390.0,CRM_SEC-XBRL-financials_as-presented_10-Q_2019-08-23_0001108524-19-000052.xlsx,Cash Flow,"Six Months Ended July 31, 2019","Gains on strategic investments, net",crm:MarketableEquityandNonMarketableDebtandEquitySecuritiesRealizedGainsLossonSale,reported,
cash_flow,us-gaap:IncreaseDecreaseInAccountsReceivable,"Accounts receivable, net",2Q20,-146.0,CRM_SEC-XBRL-financials_as-presented_10-Q_2019-08-23_0001108524-19-000052.xlsx,Cash Flow,"Three Months Ended July 31, 2019","Accounts receivable, net",us-gaap:IncreaseDecreaseInAccountsReceivable,reported,
cash_flow,us-gaap:IncreaseDecreaseInAccountsReceivable,"Accounts receivable, net",6M20,2628.0,CRM_SEC-XBRL-financials_as-presented_10-Q_2019-08-23_0001108524-19-000052.xlsx,Cash Flow,"Six Months Ended July 31, 2019","Accounts receivable, net",us-gaap:IncreaseDecreaseInAccountsReceivable,reported,
cash_flow,crm:IncreaseDecreaseInCapitalizedContractCosts,"Costs capitalized to obtain revenue contracts, net",2Q20,-173.0,CRM_SEC-XBRL-financials_as-presented_10-Q_2019-08-23_0001108524-19-000052.xlsx,Cash Flow,"Three Months Ended July 31, 2019","Costs capitalized to obtain revenue contracts, net",crm:IncreaseDecreaseinCapitalizedContractCosts,reported,
cash_flow,crm:IncreaseDecreaseInCapitalizedContractCosts,"Costs capitalized to obtain revenue contracts, net",6M20,-297.0,CRM_SEC-XBRL-financials_as-presented_10-Q_2019-08-23_0001108524-19-000052.xlsx,Cash Flow,"Six Months Ended July 31, 2019","Costs capitalized to obtain revenue contracts, net",crm:IncreaseDecreaseinCapitalizedContractCosts,reported,
cash_flow,us-gaap:IncreaseDecreaseInPrepaidDeferredExpenseAndOtherAssets,Prepaid expenses and other current assets and other assets,2Q20,28.0,CRM_SEC-XBRL-financials_as-presented_10-Q_2019-08-23_0001108524-19-000052.xlsx,Cash Flow,"Three Months Ended July 31, 2019",Prepaid expenses and other current assets and other assets,us-gaap:IncreaseDecreaseInPrepaidDeferredExpenseAndOtherAssets,reported,
cash_flow,us-gaap:IncreaseDecreaseInPrepaidDeferredExpenseAndOtherAssets,Prepaid expenses and other current assets and other assets,6M20,-69.0,CRM_SEC-XBRL-financials_as-presented_10-Q_2019-08-23_0001108524-19-000052.xlsx,Cash Flow,"Six Months Ended July 31, 2019",Prepaid expenses and other current assets and other assets,us-gaap:IncreaseDecreaseInPrepaidDeferredExpenseAndOtherAssets,reported,
cash_flow,us-gaap:IncreaseDecreaseInAccountsPayableAndAccruedLiabilities,Accounts payable and accrued expenses and other liabilities,2Q20,293.0,CRM_SEC-XBRL-financials_as-presented_10-Q_2019-08-23_0001108524-19-000052.xlsx,Cash Flow,"Three Months Ended July 31, 2019",Accounts payable; Accrued expenses and other liabilities,us-gaap:IncreaseDecreaseInAccountsPayable + us-gaap:IncreaseDecreaseInAccruedLiabilities,summed_within_file,SUM(us-gaap:IncreaseDecreaseInAccountsPayable + us-gaap:IncreaseDecreaseInAccruedLiabilities) in CRM_SEC-XBRL-financials_as-presented_10-Q_2019-08-23_0001108524-19-000052.xlsx
cash_flow,us-gaap:IncreaseDecreaseInAccountsPayableAndAccruedLiabilities,Accounts payable and accrued expenses and other liabilities,6M20,-252.0,CRM_SEC-XBRL-financials_as-presented_10-Q_2019-08-23_0001108524-19-000052.xlsx,Cash Flow,"Six Months Ended July 31, 2019",Accounts payable; Accrued expenses and other liabilities,us-gaap:IncreaseDecreaseInAccountsPayable + us-gaap:IncreaseDecreaseInAccruedLiabilities,summed_within_file,SUM(us-gaap:IncreaseDecreaseInAccountsPayable + us-gaap:IncreaseDecreaseInAccruedLiabilities) in CRM_SEC-XBRL-financials_as-presented_10-Q_2019-08-23_0001108524-19-000052.xlsx
cash_flow,us-gaap:IncreaseDecreaseInOperatingLeaseLiability,Operating lease liabilities,2Q20,-182.0,CRM_SEC-XBRL-financials_as-presented_10-Q_2019-08-23_0001108524-19-000052.xlsx,Cash Flow,"Three Months Ended July 31, 2019",Operating lease liabilities,crm:IncreaseDecreaseinOperatingLeaseLiabilities,reported,
cash_flow,us-gaap:IncreaseDecreaseInOperatingLeaseLiability,Operating lease liabilities,6M20,-346.0,CRM_SEC-XBRL-financials_as-presented_10-Q_2019-08-23_0001108524-19-000052.xlsx,Cash Flow,"Six Months Ended July 31, 2019",Operating lease liabilities,crm:IncreaseDecreaseinOperatingLeaseLiabilities,reported,
cash_flow,us-gaap:IncreaseDecreaseInContractWithCustomerLiability,Unearned revenue,2Q20,-594.0,CRM_SEC-XBRL-financials_as-presented_10-Q_2019-08-23_0001108524-19-000052.xlsx,Cash Flow,"Three Months Ended July 31, 2019",Unearned revenue,us-gaap:IncreaseDecreaseInContractWithCustomerLiability,reported,
cash_flow,us-gaap:IncreaseDecreaseInContractWithCustomerLiability,Unearned revenue,6M20,-1573.0,CRM_SEC-XBRL-financials_as-presented_10-Q_2019-08-23_0001108524-19-000052.xlsx,Cash Flow,"Six Months Ended July 31, 2019",Unearned revenue,us-gaap:IncreaseDecreaseInContractWithCustomerLiability,reported,
cash_flow,us-gaap:NetCashProvidedByUsedInOperatingActivities,Net cash provided by operating activities,2Q20,436.0,CRM_SEC-XBRL-financials_as-presented_10-Q_2019-08-23_0001108524-19-000052.xlsx,Cash Flow,"Three Months Ended July 31, 2019",Net cash provided by operating activities,us-gaap:NetCashProvidedByUsedInOperatingActivities,reported,
cash_flow,us-gaap:NetCashProvidedByUsedInOperatingActivities,Net cash provided by operating activities,6M20,2401.0,CRM_SEC-XBRL-financials_as-presented_10-Q_2019-08-23_0001108524-19-000052.xlsx,Cash Flow,"Six Months Ended July 31, 2019",Net cash provided by operating activities,us-gaap:NetCashProvidedByUsedInOperatingActivities,reported,
cash_flow,us-gaap:PaymentsToAcquireBusinessesNetOfCashAcquired,"Business combinations, net of cash acquired",2Q20,-423.0,CRM_SEC-XBRL-financials_as-presented_10-Q_2019-08-23_0001108524-19-000052.xlsx,Cash Flow,"Three Months Ended July 31, 2019","Business combinations, net of cash acquired",us-gaap:PaymentsToAcquireBusinessesNetOfCashAcquired,reported,
cash_flow,us-gaap:PaymentsToAcquireBusinessesNetOfCashAcquired,"Business combinations, net of cash acquired",6M20,-433.0,CRM_SEC-XBRL-financials_as-presented_10-Q_2019-08-23_0001108524-19-000052.xlsx,Cash Flow,"Six Months Ended July 31, 2019","Business combinations, net of cash acquired",us-gaap:PaymentsToAcquireBusinessesNetOfCashAcquired,reported,
cash_flow,us-gaap:PaymentsToAcquireLongtermInvestments,Purchases of strategic investments,2Q20,-62.0,CRM_SEC-XBRL-financials_as-presented_10-Q_2019-08-23_0001108524-19-000052.xlsx,Cash Flow,"Three Months Ended July 31, 2019",Purchases of strategic investments,crm:PaymentsForInvestmentsInPrivatelyHeldCompanies,reported,
cash_flow,us-gaap:PaymentsToAcquireLongtermInvestments,Purchases of strategic investments,6M20,-221.0,CRM_SEC-XBRL-financials_as-presented_10-Q_2019-08-23_0001108524-19-000052.xlsx,Cash Flow,"Six Months Ended July 31, 2019",Purchases of strategic investments,crm:PaymentsForInvestmentsInPrivatelyHeldCompanies,reported,
cash_flow,us-gaap:ProceedsFromSaleOfLongtermInvestments,Sales of strategic investments,2Q20,71.0,CRM_SEC-XBRL-financials_as-presented_10-Q_2019-08-23_0001108524-19-000052.xlsx,Cash Flow,"Three Months Ended July 31, 2019",Sales of strategic investments,crm:ProceedsFromInvestmentsInPrivatelyHeldCompanies,reported,
cash_flow,us-gaap:ProceedsFromSaleOfLongtermInvestments,Sales of strategic investments,6M20,265.0,CRM_SEC-XBRL-financials_as-presented_10-Q_2019-08-23_0001108524-19-000052.xlsx,Cash Flow,"Six Months Ended July 31, 2019",Sales of strategic investments,crm:ProceedsFromInvestmentsInPrivatelyHeldCompanies,reported,
cash_flow,us-gaap:PaymentsToAcquireAvailableForSaleSecuritiesDebt,Purchases of marketable securities,2Q20,-772.0,CRM_SEC-XBRL-financials_as-presented_10-Q_2019-08-23_0001108524-19-000052.xlsx,Cash Flow,"Three Months Ended July 31, 2019",Purchases of marketable securities,us-gaap:PaymentsToAcquireAvailableForSaleSecuritiesDebt,reported,
cash_flow,us-gaap:PaymentsToAcquireAvailableForSaleSecuritiesDebt,Purchases of marketable securities,6M20,-1506.0,CRM_SEC-XBRL-financials_as-presented_10-Q_2019-08-23_0001108524-19-000052.xlsx,Cash Flow,"Six Months Ended July 31, 2019",Purchases of marketable securities,us-gaap:PaymentsToAcquireAvailableForSaleSecuritiesDebt,reported,
cash_flow,us-gaap:ProceedsFromSaleOfAvailableForSaleSecuritiesDebt,Sales of marketable securities,2Q20,375.0,CRM_SEC-XBRL-financials_as-presented_10-Q_2019-08-23_0001108524-19-000052.xlsx,Cash Flow,"Three Months Ended July 31, 2019",Sales of marketable securities,us-gaap:ProceedsFromSaleOfAvailableForSaleSecuritiesDebt,reported,
cash_flow,us-gaap:ProceedsFromSaleOfAvailableForSaleSecuritiesDebt,Sales of marketable securities,6M20,461.0,CRM_SEC-XBRL-financials_as-presented_10-Q_2019-08-23_0001108524-19-000052.xlsx,Cash Flow,"Six Months Ended July 31, 2019",Sales of marketable securities,us-gaap:ProceedsFromSaleOfAvailableForSaleSecuritiesDebt,reported,
cash_flow,us-gaap:ProceedsFromMaturitiesPrepaymentsAndCallsOfAvailableForSaleSecurities,Maturities of marketable securities,2Q20,137.0,CRM_SEC-XBRL-financials_as-presented_10-Q_2019-08-23_0001108524-19-000052.xlsx,Cash Flow,"Three Months Ended July 31, 2019",Maturities of marketable securities,us-gaap:ProceedsFromMaturitiesPrepaymentsAndCallsOfAvailableForSaleSecurities,reported,
cash_flow,us-gaap:ProceedsFromMaturitiesPrepaymentsAndCallsOfAvailableForSaleSecurities,Maturities of marketable securities,6M20,193.0,CRM_SEC-XBRL-financials_as-presented_10-Q_2019-08-23_0001108524-19-000052.xlsx,Cash Flow,"Six Months Ended July 31, 2019",Maturities of marketable securities,us-gaap:ProceedsFromMaturitiesPrepaymentsAndCallsOfAvailableForSaleSecurities,reported,
cash_flow,us-gaap:PaymentsToAcquirePropertyPlantAndEquipment,Capital expenditures,2Q20,-178.0,CRM_SEC-XBRL-financials_as-presented_10-Q_2019-08-23_0001108524-19-000052.xlsx,Cash Flow,"Three Months Ended July 31, 2019",Capital expenditures,us-gaap:PaymentsToAcquirePropertyPlantAndEquipment,reported,
cash_flow,us-gaap:PaymentsToAcquirePropertyPlantAndEquipment,Capital expenditures,6M20,-337.0,CRM_SEC-XBRL-financials_as-presented_10-Q_2019-08-23_0001108524-19-000052.xlsx,Cash Flow,"Six Months Ended July 31, 2019",Capital expenditures,us-gaap:PaymentsToAcquirePropertyPlantAndEquipment,reported,
cash_flow,us-gaap:NetCashProvidedByUsedInInvestingActivities,Net cash used in investing activities,2Q20,-852.0,CRM_SEC-XBRL-financials_as-presented_10-Q_2019-08-23_0001108524-19-000052.xlsx,Cash Flow,"Three Months Ended July 31, 2019",Net cash used in investing activities,us-gaap:NetCashProvidedByUsedInInvestingActivities,reported,
cash_flow,us-gaap:NetCashProvidedByUsedInInvestingActivities,Net cash used in investing activities,6M20,-1578.0,CRM_SEC-XBRL-financials_as-presented_10-Q_2019-08-23_0001108524-19-000052.xlsx,Cash Flow,"Six Months Ended July 31, 2019",Net cash used in investing activities,us-gaap:NetCashProvidedByUsedInInvestingActivities,reported,
cash_flow,us-gaap:ProceedsFromIssuanceOfMediumTermNotes,"Proceeds from issuance of debt, net of issuance costs",2Q20,0.0,CRM_SEC-XBRL-financials_as-presented_10-Q_2019-08-23_0001108524-19-000052.xlsx,Cash Flow,"Three Months Ended July 31, 2019","Proceeds from issuance of debt, net",us-gaap:ProceedsFromIssuanceOfMediumTermNotes,reported,
cash_flow,us-gaap:ProceedsFromIssuanceOfMediumTermNotes,"Proceeds from issuance of debt, net of issuance costs",6M20,0.0,CRM_SEC-XBRL-financials_as-presented_10-Q_2019-08-23_0001108524-19-000052.xlsx,Cash Flow,"Six Months Ended July 31, 2019","Proceeds from issuance of debt, net",us-gaap:ProceedsFromIssuanceOfMediumTermNotes,reported,
cash_flow,us-gaap:ProceedsFromStockPlans,Proceeds from employee stock plans,2Q20,152.0,CRM_SEC-XBRL-financials_as-presented_10-Q_2019-08-23_0001108524-19-000052.xlsx,Cash Flow,"Three Months Ended July 31, 2019",Proceeds from employee stock plans,us-gaap:ProceedsFromStockPlans,reported,
cash_flow,us-gaap:ProceedsFromStockPlans,Proceeds from employee stock plans,6M20,371.0,CRM_SEC-XBRL-financials_as-presented_10-Q_2019-08-23_0001108524-19-000052.xlsx,Cash Flow,"Six Months Ended July 31, 2019",Proceeds from employee stock plans,us-gaap:ProceedsFromStockPlans,reported,
cash_flow,us-gaap:FinanceLeasePrincipalPayments,Principal payments on financing obligations,2Q20,-134.0,CRM_SEC-XBRL-financials_as-presented_10-Q_2019-08-23_0001108524-19-000052.xlsx,Cash Flow,"Three Months Ended July 31, 2019",Principal payments on financing obligations (1),us-gaap:RepaymentsOfLongTermCapitalLeaseObligations,reported,
cash_flow,us-gaap:FinanceLeasePrincipalPayments,Principal payments on financing obligations,6M20,-145.0,CRM_SEC-XBRL-financials_as-presented_10-Q_2019-08-23_0001108524-19-000052.xlsx,Cash Flow,"Six Months Ended July 31, 2019",Principal payments on financing obligations (1),us-gaap:RepaymentsOfLongTermCapitalLeaseObligations,reported,
cash_flow,us-gaap:RepaymentsOfLongTermLinesOfCredit,Repayments of debt,2Q20,-201.0,CRM_SEC-XBRL-financials_as-presented_10-Q_2019-08-23_0001108524-19-000052.xlsx,Cash Flow,"Three Months Ended July 31, 2019",Repayments of debt,us-gaap:RepaymentsOfLongTermLinesOfCredit,reported,
cash_flow,us-gaap:RepaymentsOfLongTermLinesOfCredit,Repayments of debt,6M20,-202.0,CRM_SEC-XBRL-financials_as-presented_10-Q_2019-08-23_0001108524-19-000052.xlsx,Cash Flow,"Six Months Ended July 31, 2019",Repayments of debt,us-gaap:RepaymentsOfLongTermLinesOfCredit,reported,
cash_flow,us-gaap:NetCashProvidedByUsedInFinancingActivities,Net cash used in financing activities,2Q20,-183.0,CRM_SEC-XBRL-financials_as-presented_10-Q_2019-08-23_0001108524-19-000052.xlsx,Cash Flow,"Three Months Ended July 31, 2019",Net cash provided by (used in) financing activities,us-gaap:NetCashProvidedByUsedInFinancingActivities,reported,
cash_flow,us-gaap:NetCashProvidedByUsedInFinancingActivities,Net cash used in financing activities,6M20,24.0,CRM_SEC-XBRL-financials_as-presented_10-Q_2019-08-23_0001108524-19-000052.xlsx,Cash Flow,"Six Months Ended July 31, 2019",Net cash provided by (used in) financing activities,us-gaap:NetCashProvidedByUsedInFinancingActivities,reported,
cash_flow,us-gaap:EffectOfExchangeRateOnCashCashEquivalentsRestrictedCashAndRestrictedCashEquivalents,Effect of exchange rate changes,2Q20,-1.0,CRM_SEC-XBRL-financials_as-presented_10-Q_2019-08-23_0001108524-19-000052.xlsx,Cash Flow,"Three Months Ended July 31, 2019",Effect of exchange rate changes,us-gaap:EffectOfExchangeRateOnCashCashEquivalentsRestrictedCashAndRestrictedCashEquivalents,reported,
cash_flow,us-gaap:EffectOfExchangeRateOnCashCashEquivalentsRestrictedCashAndRestrictedCashEquivalents,Effect of exchange rate changes,6M20,-6.0,CRM_SEC-XBRL-financials_as-presented_10-Q_2019-08-23_0001108524-19-000052.xlsx,Cash Flow,"Six Months Ended July 31, 2019",Effect of exchange rate changes,us-gaap:EffectOfExchangeRateOnCashCashEquivalentsRestrictedCashAndRestrictedCashEquivalents,reported,
cash_flow,us-gaap:CashCashEquivalentsRestrictedCashAndRestrictedCashEquivalentsPeriodIncreaseDecreaseIncludingExchangeRateEffect,Net increase (decrease) in cash and cash equivalents,2Q20,-600.0,CRM_SEC-XBRL-financials_as-presented_10-Q_2019-08-23_0001108524-19-000052.xlsx,Cash Flow,"Three Months Ended July 31, 2019",Net increase (decrease) in cash and cash equivalents,us-gaap:CashCashEquivalentsRestrictedCashAndRestrictedCashEquivalentsPeriodIncreaseDecreaseIncludingExchangeRateEffect,reported,
cash_flow,us-gaap:CashCashEquivalentsRestrictedCashAndRestrictedCashEquivalentsPeriodIncreaseDecreaseIncludingExchangeRateEffect,Net increase (decrease) in cash and cash equivalents,6M20,841.0,CRM_SEC-XBRL-financials_as-presented_10-Q_2019-08-23_0001108524-19-000052.xlsx,Cash Flow,"Six Months Ended July 31, 2019",Net increase (decrease) in cash and cash equivalents,us-gaap:CashCashEquivalentsRestrictedCashAndRestrictedCashEquivalentsPeriodIncreaseDecreaseIncludingExchangeRateEffect,reported,
cash_flow,us-gaap:CashCashEquivalentsRestrictedCashAndRestrictedCashEquivalents,"Cash and cash equivalents, beginning of period",2Q20,4110.0,CRM_SEC-XBRL-financials_as-presented_10-Q_2019-08-23_0001108524-19-000052.xlsx,Cash Flow,"Three Months Ended July 31, 2019","Cash and cash equivalents, beginning of period",us-gaap:CashCashEquivalentsRestrictedCashAndRestrictedCashEquivalents,reported,
cash_flow,us-gaap:CashCashEquivalentsRestrictedCashAndRestrictedCashEquivalents,"Cash and cash equivalents, beginning of period",6M20,2669.0,CRM_SEC-XBRL-financials_as-presented_10-Q_2019-08-23_0001108524-19-000052.xlsx,Cash Flow,"Six Months Ended July 31, 2019","Cash and cash equivalents, beginning of period",us-gaap:CashCashEquivalentsRestrictedCashAndRestrictedCashEquivalents,reported,
income_statement,us-gaap:RevenueFromContractWithCustomerExcludingAssessedTax,Subscription and support,3Q20,4239.0,CRM_SEC-XBRL-financials_as-presented_10-Q_2019-12-04_0001108524-19-000076.xlsx,Income Statement,"Three Months Ended October 31, 2019",Subscription and support,us-gaap:RevenueFromContractWithCustomerExcludingAssessedTax,reported,
income_statement,us-gaap:CostOfGoodsAndServicesSold,Subscription and support,3Q20,870.0,CRM_SEC-XBRL-financials_as-presented_10-Q_2019-12-04_0001108524-19-000076.xlsx,Income Statement,"Three Months Ended October 31, 2019",Subscription and support,us-gaap:CostOfGoodsAndServicesSold,reported,
income_statement,us-gaap:GrossProfit,Gross profit,3Q20,3379.0,CRM_SEC-XBRL-financials_as-presented_10-Q_2019-12-04_0001108524-19-000076.xlsx,Income Statement,"Three Months Ended October 31, 2019",Gross profit,us-gaap:GrossProfit,reported,
income_statement,us-gaap:ResearchAndDevelopmentExpense,Research and development,3Q20,774.0,CRM_SEC-XBRL-financials_as-presented_10-Q_2019-12-04_0001108524-19-000076.xlsx,Income Statement,"Three Months Ended October 31, 2019",Research and development,us-gaap:ResearchAndDevelopmentExpense,reported,
income_statement,us-gaap:SellingAndMarketingExpense,Sales and marketing,3Q20,2063.0,CRM_SEC-XBRL-financials_as-presented_10-Q_2019-12-04_0001108524-19-000076.xlsx,Income Statement,"Three Months Ended October 31, 2019",Marketing and sales,us-gaap:SellingAndMarketingExpense,reported,
income_statement,us-gaap:GeneralAndAdministrativeExpense,General and administrative,3Q20,477.0,CRM_SEC-XBRL-financials_as-presented_10-Q_2019-12-04_0001108524-19-000076.xlsx,Income Statement,"Three Months Ended October 31, 2019",General and administrative,us-gaap:GeneralAndAdministrativeExpense,reported,
income_statement,crm:FairValueAdjustmentLossOnRemainingPerformanceObligationsofAgreements,Loss on settlement of Salesforce.org reseller agreement (Note 7),3Q20,0.0,CRM_SEC-XBRL-financials_as-presented_10-Q_2019-12-04_0001108524-19-000076.xlsx,Income Statement,"Three Months Ended October 31, 2019",Loss on settlement of Salesforce.org reseller agreement (Note 6),crm:FairValueAdjustmentLossOnRemainingPerformanceObligationsofAgreements,reported,
income_statement,us-gaap:OperatingExpenses,Total operating expenses,3Q20,3314.0,CRM_SEC-XBRL-financials_as-presented_10-Q_2019-12-04_0001108524-19-000076.xlsx,Income Statement,"Three Months Ended October 31, 2019",Total operating expenses,us-gaap:OperatingExpenses,reported,
income_statement,us-gaap:OperatingIncomeLoss,Income from operations,3Q20,65.0,CRM_SEC-XBRL-financials_as-presented_10-Q_2019-12-04_0001108524-19-000076.xlsx,Income Statement,"Three Months Ended October 31, 2019",Income from operations,us-gaap:OperatingIncomeLoss,reported,
income_statement,us-gaap:GainLossOnInvestments,"Gains (losses) on strategic investments, net",3Q20,6.0,CRM_SEC-XBRL-financials_as-presented_10-Q_2019-12-04_0001108524-19-000076.xlsx,Income Statement,"Three Months Ended October 31, 2019","Gains on strategic investments, net",us-gaap:EquitySecuritiesFvNiGainLoss,reported,
income_statement,us-gaap:OtherNonoperatingIncomeExpense,Other income,3Q20,-7.0,CRM_SEC-XBRL-financials_as-presented_10-Q_2019-12-04_0001108524-19-000076.xlsx,Income Statement,"Three Months Ended October 31, 2019",Other expense,us-gaap:OtherNonoperatingIncomeExpense,reported,
income_statement,us-gaap:IncomeLossFromContinuingOperationsBeforeIncomeTaxesMinorityInterestAndIncomeLossFromEquityMethodInvestments,Income before benefit from (provision for) income taxes,3Q20,64.0,CRM_SEC-XBRL-financials_as-presented_10-Q_2019-12-04_0001108524-19-000076.xlsx,Income Statement,"Three Months Ended October 31, 2019",Income before benefit from (provision for) income taxes,us-gaap:IncomeLossFromContinuingOperationsBeforeIncomeTaxesMinorityInterestAndIncomeLossFromEquityMethodInvestments,reported,
income_statement,us-gaap:IncomeTaxExpenseBenefit,Provision for income taxes,3Q20,-173.0,CRM_SEC-XBRL-financials_as-presented_10-Q_2019-12-04_0001108524-19-000076.xlsx,Income Statement,"Three Months Ended October 31, 2019",Benefit from (provision for) income taxes,us-gaap:IncomeTaxExpenseBenefit,reported,
income_statement,us-gaap:NetIncomeLoss,Net income,3Q20,-109.0,CRM_SEC-XBRL-financials_as-presented_10-Q_2019-12-04_0001108524-19-000076.xlsx,Income Statement,"Three Months Ended October 31, 2019",Net income (loss),us-gaap:NetIncomeLoss,reported,
income_statement,us-gaap:EarningsPerShareBasic,Basic net income per share,3Q20,-0.12,CRM_SEC-XBRL-financials_as-presented_10-Q_2019-12-04_0001108524-19-000076.xlsx,Income Statement,"Three Months Ended October 31, 2019",Basic net income (loss) per share,us-gaap:EarningsPerShareBasic,reported,
income_statement,us-gaap:EarningsPerShareDiluted,Diluted net income per share,3Q20,-0.12,CRM_SEC-XBRL-financials_as-presented_10-Q_2019-12-04_0001108524-19-000076.xlsx,Income Statement,"Three Months Ended October 31, 2019",Diluted net income (loss) per share,us-gaap:EarningsPerShareDiluted,reported,
income_statement,us-gaap:WeightedAverageNumberOfSharesOutstandingBasic,Shares used in computing basic net income per share,3Q20,879.0,CRM_SEC-XBRL-financials_as-presented_10-Q_2019-12-04_0001108524-19-000076.xlsx,Income Statement,"Three Months Ended October 31, 2019",Shares used in computing basic net income (loss) per share,us-gaap:WeightedAverageNumberOfSharesOutstandingBasic,reported,
income_statement,us-gaap:WeightedAverageNumberOfDilutedSharesOutstanding,Shares used in computing diluted net income per share,3Q20,879.0,CRM_SEC-XBRL-financials_as-presented_10-Q_2019-12-04_0001108524-19-000076.xlsx,Income Statement,"Three Months Ended October 31, 2019",Shares used in computing diluted net income (loss) per share,us-gaap:WeightedAverageNumberOfDilutedSharesOutstanding,reported,
balance_sheet,us-gaap:CashAndCashEquivalentsAtCarryingValue,Cash and cash equivalents,3Q20,3868.0,CRM_SEC-XBRL-financials_as-presented_10-Q_2019-12-04_0001108524-19-000076.xlsx,Balance Sheet,"October 31, 2019",Cash and cash equivalents,us-gaap:CashAndCashEquivalentsAtCarryingValue,reported,
balance_sheet,us-gaap:AvailableForSaleSecuritiesDebtSecuritiesCurrent,Marketable securities,3Q20,2661.0,CRM_SEC-XBRL-financials_as-presented_10-Q_2019-12-04_0001108524-19-000076.xlsx,Balance Sheet,"October 31, 2019",Marketable securities,us-gaap:AvailableForSaleSecuritiesDebtSecuritiesCurrent,reported,
balance_sheet,us-gaap:AccountsReceivableNetCurrent,"Accounts receivable, net",3Q20,2573.0,CRM_SEC-XBRL-financials_as-presented_10-Q_2019-12-04_0001108524-19-000076.xlsx,Balance Sheet,"October 31, 2019","Accounts receivable, net",us-gaap:AccountsReceivableNetCurrent,reported,
balance_sheet,us-gaap:CapitalizedContractCostNetCurrent,"Costs capitalized to obtain revenue contracts, net",3Q20,813.0,CRM_SEC-XBRL-financials_as-presented_10-Q_2019-12-04_0001108524-19-000076.xlsx,Balance Sheet,"October 31, 2019","Costs capitalized to obtain revenue contracts, net",us-gaap:CapitalizedContractCostNetCurrent,reported,
balance_sheet,us-gaap:PrepaidExpenseAndOtherAssetsCurrent,Prepaid expenses and other current assets,3Q20,1111.0,CRM_SEC-XBRL-financials_as-presented_10-Q_2019-12-04_0001108524-19-000076.xlsx,Balance Sheet,"October 31, 2019",Prepaid expenses and other current assets,us-gaap:PrepaidExpenseAndOtherAssetsCurrent,reported,
balance_sheet,us-gaap:AssetsCurrent,Total current assets,3Q20,11026.0,CRM_SEC-XBRL-financials_as-presented_10-Q_2019-12-04_0001108524-19-000076.xlsx,Balance Sheet,"October 31, 2019",Total current assets,us-gaap:AssetsCurrent,reported,
balance_sheet,us-gaap:PropertyPlantAndEquipmentNet,"Property and equipment, net",3Q20,2365.0,CRM_SEC-XBRL-financials_as-presented_10-Q_2019-12-04_0001108524-19-000076.xlsx,Balance Sheet,"October 31, 2019","Property and equipment, net",us-gaap:PropertyPlantAndEquipmentNet,reported,
balance_sheet,us-gaap:OperatingLeaseRightOfUseAsset,"Operating lease right-of-use assets, net",3Q20,3150.0,CRM_SEC-XBRL-financials_as-presented_10-Q_2019-12-04_0001108524-19-000076.xlsx,Balance Sheet,"October 31, 2019",Operating lease right-of-use assets (Note 1),us-gaap:OperatingLeaseRightOfUseAsset,reported,
balance_sheet,us-gaap:CapitalizedContractCostNetNoncurrent,"Noncurrent costs capitalized to obtain revenue contracts, net",3Q20,1103.0,CRM_SEC-XBRL-financials_as-presented_10-Q_2019-12-04_0001108524-19-000076.xlsx,Balance Sheet,"October 31, 2019","Costs capitalized to obtain revenue contracts, noncurrent, net",us-gaap:CapitalizedContractCostNetNoncurrent,reported,
balance_sheet,us-gaap:OtherLongTermInvestments,Strategic investments,3Q20,1760.0,CRM_SEC-XBRL-financials_as-presented_10-Q_2019-12-04_0001108524-19-000076.xlsx,Balance Sheet,"October 31, 2019",Strategic investments,us-gaap:OtherLongTermInvestments,reported,
balance_sheet,us-gaap:Goodwill,Goodwill,3Q20,25022.0,CRM_SEC-XBRL-financials_as-presented_10-Q_2019-12-04_0001108524-19-000076.xlsx,Balance Sheet,"October 31, 2019",Goodwill,us-gaap:Goodwill,reported,
balance_sheet,us-gaap:IntangibleAssetsNetExcludingGoodwill,"Intangible assets acquired through business combinations, net",3Q20,4987.0,CRM_SEC-XBRL-financials_as-presented_10-Q_2019-12-04_0001108524-19-000076.xlsx,Balance Sheet,"October 31, 2019","Intangible assets acquired through business combinations, net",us-gaap:IntangibleAssetsNetExcludingGoodwill,reported,
balance_sheet,us-gaap:OtherAssetsNoncurrent,"Deferred tax assets and other assets, net",3Q20,529.0,CRM_SEC-XBRL-financials_as-presented_10-Q_2019-12-04_0001108524-19-000076.xlsx,Balance Sheet,"October 31, 2019","Capitalized software and other assets, net",us-gaap:OtherAssetsNoncurrent,reported,
balance_sheet,us-gaap:Assets,Total assets,3Q20,49942.0,CRM_SEC-XBRL-financials_as-presented_10-Q_2019-12-04_0001108524-19-000076.xlsx,Balance Sheet,"October 31, 2019",Total assets,us-gaap:Assets,reported,
balance_sheet,us-gaap:AccountsPayableAndOtherAccruedLiabilitiesCurrent,"Accounts payable, accrued expenses and other liabilities",3Q20,2881.0,CRM_SEC-XBRL-financials_as-presented_10-Q_2019-12-04_0001108524-19-000076.xlsx,Balance Sheet,"October 31, 2019","Accounts payable, accrued expenses and other liabilities",us-gaap:AccountsPayableAndOtherAccruedLiabilitiesCurrent,reported,
balance_sheet,us-gaap:OperatingLeaseLiabilityCurrent,"Operating lease liabilities, current",3Q20,735.0,CRM_SEC-XBRL-financials_as-presented_10-Q_2019-12-04_0001108524-19-000076.xlsx,Balance Sheet,"October 31, 2019","Operating lease liabilities, current (Note 1)",us-gaap:OperatingLeaseLiabilityCurrent,reported,
balance_sheet,us-gaap:ContractWithCustomerLiabilityCurrent,Unearned revenue,3Q20,6858.0,CRM_SEC-XBRL-financials_as-presented_10-Q_2019-12-04_0001108524-19-000076.xlsx,Balance Sheet,"October 31, 2019",Unearned revenue,us-gaap:ContractWithCustomerLiabilityCurrent,reported,
balance_sheet,us-gaap:LiabilitiesCurrent,Total current liabilities,3Q20,10474.0,CRM_SEC-XBRL-financials_as-presented_10-Q_2019-12-04_0001108524-19-000076.xlsx,Balance Sheet,"October 31, 2019",Total current liabilities,us-gaap:LiabilitiesCurrent,reported,
balance_sheet,us-gaap:LongTermDebtNoncurrent,Noncurrent debt,3Q20,2824.0,CRM_SEC-XBRL-financials_as-presented_10-Q_2019-12-04_0001108524-19-000076.xlsx,Balance Sheet,"October 31, 2019",Noncurrent debt,us-gaap:LongTermDebtNoncurrent,reported,
balance_sheet,us-gaap:OperatingLeaseLiabilityNoncurrent,Noncurrent operating lease liabilities,3Q20,2535.0,CRM_SEC-XBRL-financials_as-presented_10-Q_2019-12-04_0001108524-19-000076.xlsx,Balance Sheet,"October 31, 2019",Noncurrent operating lease liabilities (Note 1),us-gaap:OperatingLeaseLiabilityNoncurrent,reported,
balance_sheet,us-gaap:OtherLiabilitiesNoncurrent,Other noncurrent liabilities,3Q20,830.0,CRM_SEC-XBRL-financials_as-presented_10-Q_2019-12-04_0001108524-19-000076.xlsx,Balance Sheet,"October 31, 2019",Other noncurrent liabilities,us-gaap:OtherLiabilitiesNoncurrent,reported,
balance_sheet,us-gaap:Liabilities,Total liabilities,3Q20,16663.0,CRM_SEC-XBRL-financials_as-presented_10-Q_2019-12-04_0001108524-19-000076.xlsx,Balance Sheet,"October 31, 2019",Total liabilities,us-gaap:Liabilities,reported,
balance_sheet,us-gaap:CommonStockValue,Common stock,3Q20,1.0,CRM_SEC-XBRL-financials_as-presented_10-Q_2019-12-04_0001108524-19-000076.xlsx,Balance Sheet,"October 31, 2019",Common stock,us-gaap:CommonStockValue,reported,
balance_sheet,us-gaap:AdditionalPaidInCapitalCommonStock,Additional paid-in capital,3Q20,31243.0,CRM_SEC-XBRL-financials_as-presented_10-Q_2019-12-04_0001108524-19-000076.xlsx,Balance Sheet,"October 31, 2019",Additional paid-in capital,us-gaap:AdditionalPaidInCapitalCommonStock,reported,
balance_sheet,us-gaap:AccumulatedOtherComprehensiveIncomeLossNetOfTax,Accumulated other comprehensive income (loss),3Q20,-74.0,CRM_SEC-XBRL-financials_as-presented_10-Q_2019-12-04_0001108524-19-000076.xlsx,Balance Sheet,"October 31, 2019",Accumulated other comprehensive loss,us-gaap:AccumulatedOtherComprehensiveIncomeLossNetOfTax,reported,
balance_sheet,us-gaap:RetainedEarningsAccumulatedDeficit,Retained earnings,3Q20,2109.0,CRM_SEC-XBRL-financials_as-presented_10-Q_2019-12-04_0001108524-19-000076.xlsx,Balance Sheet,"October 31, 2019",Retained earnings,us-gaap:RetainedEarningsAccumulatedDeficit,reported,
balance_sheet,us-gaap:StockholdersEquity,Total stockholders’ equity,3Q20,33279.0,CRM_SEC-XBRL-financials_as-presented_10-Q_2019-12-04_0001108524-19-000076.xlsx,Balance Sheet,"October 31, 2019",Total stockholders’ equity,us-gaap:StockholdersEquity,reported,
balance_sheet,us-gaap:LiabilitiesAndStockholdersEquity,Total liabilities and stockholders’ equity,3Q20,49942.0,CRM_SEC-XBRL-financials_as-presented_10-Q_2019-12-04_0001108524-19-000076.xlsx,Balance Sheet,"October 31, 2019",Total liabilities and stockholders’ equity,us-gaap:LiabilitiesAndStockholdersEquity,reported,
cash_flow,us-gaap:NetIncomeLoss,Net income,3Q20,-109.0,CRM_SEC-XBRL-financials_as-presented_10-Q_2019-12-04_0001108524-19-000076.xlsx,Cash Flow,"Three Months Ended October 31, 2019",Net income (loss),us-gaap:NetIncomeLoss,reported,
cash_flow,us-gaap:DepreciationAndAmortization,Depreciation and amortization (1),3Q20,608.0,CRM_SEC-XBRL-financials_as-presented_10-Q_2019-12-04_0001108524-19-000076.xlsx,Cash Flow,"Three Months Ended October 31, 2019",Depreciation and amortization,us-gaap:DepreciationAndAmortization,reported,
cash_flow,us-gaap:CapitalizedContractCostAmortization,"Amortization of costs capitalized to obtain revenue contracts, net",3Q20,221.0,CRM_SEC-XBRL-financials_as-presented_10-Q_2019-12-04_0001108524-19-000076.xlsx,Cash Flow,"Three Months Ended October 31, 2019","Amortization of costs capitalized to obtain revenue contracts, net",us-gaap:CapitalizedContractCostAmortization,reported,
cash_flow,us-gaap:ShareBasedCompensation,Stock-based compensation expense,3Q20,543.0,CRM_SEC-XBRL-financials_as-presented_10-Q_2019-12-04_0001108524-19-000076.xlsx,Cash Flow,"Three Months Ended October 31, 2019",Expenses related to employee stock plans,us-gaap:ShareBasedCompensation,reported,
cash_flow,crm:FairValueAdjustmentLossOnRemainingPerformanceObligationsofAgreements,Loss on settlement of Salesforce.org reseller agreement (Note 7),3Q20,0.0,CRM_SEC-XBRL-financials_as-presented_10-Q_2019-12-04_0001108524-19-000076.xlsx,Cash Flow,"Three Months Ended October 31, 2019",Loss on settlement of Salesforce.org reseller agreement (Note 6),crm:FairValueAdjustmentLossOnRemainingPerformanceObligationsofAgreements,reported,
cash_flow,us-gaap:GainLossOnInvestments,"(Gains) losses on strategic investments, net",3Q20,-6.0,CRM_SEC-XBRL-financials_as-presented_10-Q_2019-12-04_0001108524-19-000076.xlsx,Cash Flow,"Three Months Ended October 31, 2019","Gains on strategic investments, net",crm:MarketableEquityandNonMarketableDebtandEquitySecuritiesRealizedGainsLossonSale,reported,
cash_flow,us-gaap:IncreaseDecreaseInAccountsReceivable,"Accounts receivable, net",3Q20,-29.0,CRM_SEC-XBRL-financials_as-presented_10-Q_2019-12-04_0001108524-19-000076.xlsx,Cash Flow,"Three Months Ended October 31, 2019","Accounts receivable, net",us-gaap:IncreaseDecreaseInAccountsReceivable,reported,
cash_flow,crm:IncreaseDecreaseInCapitalizedContractCosts,"Costs capitalized to obtain revenue contracts, net",3Q20,-246.0,CRM_SEC-XBRL-financials_as-presented_10-Q_2019-12-04_0001108524-19-000076.xlsx,Cash Flow,"Three Months Ended October 31, 2019","Costs capitalized to obtain revenue contracts, net",crm:IncreaseDecreaseinCapitalizedContractCosts,reported,
cash_flow,us-gaap:IncreaseDecreaseInPrepaidDeferredExpenseAndOtherAssets,Prepaid expenses and other current assets and other assets,3Q20,-183.0,CRM_SEC-XBRL-financials_as-presented_10-Q_2019-12-04_0001108524-19-000076.xlsx,Cash Flow,"Three Months Ended October 31, 2019",Prepaid expenses and other current assets and other assets,us-gaap:IncreaseDecreaseInPrepaidDeferredExpenseAndOtherAssets,reported,
cash_flow,us-gaap:IncreaseDecreaseInAccountsPayableAndAccruedLiabilities,Accounts payable and accrued expenses and other liabilities,3Q20,265.0,CRM_SEC-XBRL-financials_as-presented_10-Q_2019-12-04_0001108524-19-000076.xlsx,Cash Flow,"Three Months Ended October 31, 2019",Accounts payable; Accrued expenses and other liabilities,us-gaap:IncreaseDecreaseInAccountsPayable + us-gaap:IncreaseDecreaseInAccruedLiabilities,summed_within_file,SUM(us-gaap:IncreaseDecreaseInAccountsPayable + us-gaap:IncreaseDecreaseInAccruedLiabilities) in CRM_SEC-XBRL-financials_as-presented_10-Q_2019-12-04_0001108524-19-000076.xlsx
cash_flow,us-gaap:IncreaseDecreaseInOperatingLeaseLiability,Operating lease liabilities,3Q20,-200.0,CRM_SEC-XBRL-financials_as-presented_10-Q_2019-12-04_0001108524-19-000076.xlsx,Cash Flow,"Three Months Ended October 31, 2019",Operating lease liabilities,crm:IncreaseDecreaseinOperatingLeaseLiabilities,reported,
cash_flow,us-gaap:IncreaseDecreaseInContractWithCustomerLiability,Unearned revenue,3Q20,-566.0,CRM_SEC-XBRL-financials_as-presented_10-Q_2019-12-04_0001108524-19-000076.xlsx,Cash Flow,"Three Months Ended October 31, 2019",Unearned revenue,us-gaap:IncreaseDecreaseInContractWithCustomerLiability,reported,
cash_flow,us-gaap:NetCashProvidedByUsedInOperatingActivities,Net cash provided by operating activities,3Q20,298.0,CRM_SEC-XBRL-financials_as-presented_10-Q_2019-12-04_0001108524-19-000076.xlsx,Cash Flow,"Three Months Ended October 31, 2019",Net cash provided by operating activities,us-gaap:NetCashProvidedByUsedInOperatingActivities,reported,
cash_flow,us-gaap:PaymentsToAcquireBusinessesNetOfCashAcquired,"Business combinations, net of cash acquired",3Q20,94.0,CRM_SEC-XBRL-financials_as-presented_10-Q_2019-12-04_0001108524-19-000076.xlsx,Cash Flow,"Three Months Ended October 31, 2019","Business combinations, net of cash acquired",us-gaap:PaymentsToAcquireBusinessesNetOfCashAcquired,reported,
cash_flow,us-gaap:PaymentsToAcquireLongtermInvestments,Purchases of strategic investments,3Q20,-346.0,CRM_SEC-XBRL-financials_as-presented_10-Q_2019-12-04_0001108524-19-000076.xlsx,Cash Flow,"Three Months Ended October 31, 2019",Purchases of strategic investments,crm:PaymentsForInvestmentsInPrivatelyHeldCompanies,reported,
cash_flow,us-gaap:ProceedsFromSaleOfLongtermInvestments,Sales of strategic investments,3Q20,138.0,CRM_SEC-XBRL-financials_as-presented_10-Q_2019-12-04_0001108524-19-000076.xlsx,Cash Flow,"Three Months Ended October 31, 2019",Sales of strategic investments,crm:ProceedsFromInvestmentsInPrivatelyHeldCompanies,reported,
cash_flow,us-gaap:PaymentsToAcquireAvailableForSaleSecuritiesDebt,Purchases of marketable securities,3Q20,-438.0,CRM_SEC-XBRL-financials_as-presented_10-Q_2019-12-04_0001108524-19-000076.xlsx,Cash Flow,"Three Months Ended October 31, 2019",Purchases of marketable securities,us-gaap:PaymentsToAcquireAvailableForSaleSecuritiesDebt,reported,
cash_flow,us-gaap:ProceedsFromSaleOfAvailableForSaleSecuritiesDebt,Sales of marketable securities,3Q20,427.0,CRM_SEC-XBRL-financials_as-presented_10-Q_2019-12-04_0001108524-19-000076.xlsx,Cash Flow,"Three Months Ended October 31, 2019",Sales of marketable securities,us-gaap:ProceedsFromSaleOfAvailableForSaleSecuritiesDebt,reported,
cash_flow,us-gaap:ProceedsFromMaturitiesPrepaymentsAndCallsOfAvailableForSaleSecurities,Maturities of marketable securities,3Q20,358.0,CRM_SEC-XBRL-financials_as-presented_10-Q_2019-12-04_0001108524-19-000076.xlsx,Cash Flow,"Three Months Ended October 31, 2019",Maturities of marketable securities,us-gaap:ProceedsFromMaturitiesPrepaymentsAndCallsOfAvailableForSaleSecurities,reported,
cash_flow,us-gaap:PaymentsToAcquirePropertyPlantAndEquipment,Capital expenditures,3Q20,-170.0,CRM_SEC-XBRL-financials_as-presented_10-Q_2019-12-04_0001108524-19-000076.xlsx,Cash Flow,"Three Months Ended October 31, 2019",Capital expenditures,us-gaap:PaymentsToAcquirePropertyPlantAndEquipment,reported,
cash_flow,us-gaap:NetCashProvidedByUsedInInvestingActivities,Net cash used in investing activities,3Q20,63.0,CRM_SEC-XBRL-financials_as-presented_10-Q_2019-12-04_0001108524-19-000076.xlsx,Cash Flow,"Three Months Ended October 31, 2019",Net cash provided by (used in) investing activities,us-gaap:NetCashProvidedByUsedInInvestingActivities,reported,
cash_flow,us-gaap:ProceedsFromIssuanceOfMediumTermNotes,"Proceeds from issuance of debt, net of issuance costs",3Q20,0.0,CRM_SEC-XBRL-financials_as-presented_10-Q_2019-12-04_0001108524-19-000076.xlsx,Cash Flow,"Three Months Ended October 31, 2019","Proceeds from issuance of debt, net",us-gaap:ProceedsFromIssuanceOfMediumTermNotes,reported,
cash_flow,us-gaap:ProceedsFromStockPlans,Proceeds from employee stock plans,3Q20,179.0,CRM_SEC-XBRL-financials_as-presented_10-Q_2019-12-04_0001108524-19-000076.xlsx,Cash Flow,"Three Months Ended October 31, 2019",Proceeds from employee stock plans,us-gaap:ProceedsFromStockPlans,reported,
cash_flow,us-gaap:FinanceLeasePrincipalPayments,Principal payments on financing obligations,3Q20,-14.0,CRM_SEC-XBRL-financials_as-presented_10-Q_2019-12-04_0001108524-19-000076.xlsx,Cash Flow,"Three Months Ended October 31, 2019",Principal payments on financing obligations (1),us-gaap:RepaymentsOfLongTermCapitalLeaseObligations,reported,
cash_flow,us-gaap:RepaymentsOfLongTermLinesOfCredit,Repayments of debt,3Q20,-150.0,CRM_SEC-XBRL-financials_as-presented_10-Q_2019-12-04_0001108524-19-000076.xlsx,Cash Flow,"Three Months Ended October 31, 2019",Repayments of debt,us-gaap:RepaymentsOfLongTermLinesOfCredit,reported,
cash_flow,us-gaap:NetCashProvidedByUsedInFinancingActivities,Net cash used in financing activities,3Q20,15.0,CRM_SEC-XBRL-financials_as-presented_10-Q_2019-12-04_0001108524-19-000076.xlsx,Cash Flow,"Three Months Ended October 31, 2019",Net cash provided by financing activities,us-gaap:NetCashProvidedByUsedInFinancingActivities,reported,
cash_flow,us-gaap:EffectOfExchangeRateOnCashCashEquivalentsRestrictedCashAndRestrictedCashEquivalents,Effect of exchange rate changes,3Q20,-18.0,CRM_SEC-XBRL-financials_as-presented_10-Q_2019-12-04_0001108524-19-000076.xlsx,Cash Flow,"Three Months Ended October 31, 2019",Effect of exchange rate changes,us-gaap:EffectOfExchangeRateOnCashCashEquivalentsRestrictedCashAndRestrictedCashEquivalents,reported,
cash_flow,us-gaap:CashCashEquivalentsRestrictedCashAndRestrictedCashEquivalentsPeriodIncreaseDecreaseIncludingExchangeRateEffect,Net increase (decrease) in cash and cash equivalents,3Q20,358.0,CRM_SEC-XBRL-financials_as-presented_10-Q_2019-12-04_0001108524-19-000076.xlsx,Cash Flow,"Three Months Ended October 31, 2019",Net increase (decrease) in cash and cash equivalents,us-gaap:CashCashEquivalentsRestrictedCashAndRestrictedCashEquivalentsPeriodIncreaseDecreaseIncludingExchangeRateEffect,reported,
cash_flow,us-gaap:CashCashEquivalentsRestrictedCashAndRestrictedCashEquivalents,"Cash and cash equivalents, beginning of period",3Q20,3510.0,CRM_SEC-XBRL-financials_as-presented_10-Q_2019-12-04_0001108524-19-000076.xlsx,Cash Flow,"Three Months Ended October 31, 2019","Cash and cash equivalents, beginning of period",us-gaap:CashCashEquivalentsRestrictedCashAndRestrictedCashEquivalents,reported,
income_statement,us-gaap:RevenueFromContractWithCustomerExcludingAssessedTax,Subscription and support,1Q21,4575.0,CRM_SEC-XBRL-financials_as-presented_10-Q_2020-06-01_0001108524-22-000007.xlsx,Income Statement,"Three Months Ended April 30, 2020",Subscription and support,us-gaap:RevenueFromContractWithCustomerExcludingAssessedTax,reported,
income_statement,us-gaap:CostOfGoodsAndServicesSold,Subscription and support,1Q21,966.0,CRM_SEC-XBRL-financials_as-presented_10-Q_2020-06-01_0001108524-22-000007.xlsx,Income Statement,"Three Months Ended April 30, 2020",Subscription and support,us-gaap:CostOfGoodsAndServicesSold,reported,
income_statement,us-gaap:GrossProfit,Gross profit,1Q21,3611.0,CRM_SEC-XBRL-financials_as-presented_10-Q_2020-06-01_0001108524-22-000007.xlsx,Income Statement,"Three Months Ended April 30, 2020",Gross profit,us-gaap:GrossProfit,reported,
income_statement,us-gaap:ResearchAndDevelopmentExpense,Research and development,1Q21,859.0,CRM_SEC-XBRL-financials_as-presented_10-Q_2020-06-01_0001108524-22-000007.xlsx,Income Statement,"Three Months Ended April 30, 2020",Research and development,us-gaap:ResearchAndDevelopmentExpense,reported,
income_statement,us-gaap:SellingAndMarketingExpense,Sales and marketing,1Q21,2390.0,CRM_SEC-XBRL-financials_as-presented_10-Q_2020-06-01_0001108524-22-000007.xlsx,Income Statement,"Three Months Ended April 30, 2020",Marketing and sales,us-gaap:SellingAndMarketingExpense,reported,
income_statement,us-gaap:GeneralAndAdministrativeExpense,General and administrative,1Q21,502.0,CRM_SEC-XBRL-financials_as-presented_10-Q_2020-06-01_0001108524-22-000007.xlsx,Income Statement,"Three Months Ended April 30, 2020",General and administrative,us-gaap:GeneralAndAdministrativeExpense,reported,
income_statement,us-gaap:OperatingExpenses,Total operating expenses,1Q21,3751.0,CRM_SEC-XBRL-financials_as-presented_10-Q_2020-06-01_0001108524-22-000007.xlsx,Income Statement,"Three Months Ended April 30, 2020",Total operating expenses,us-gaap:OperatingExpenses,reported,
income_statement,us-gaap:OperatingIncomeLoss,Income from operations,1Q21,-140.0,CRM_SEC-XBRL-financials_as-presented_10-Q_2020-06-01_0001108524-22-000007.xlsx,Income Statement,"Three Months Ended April 30, 2020",Income (loss) from operations,us-gaap:OperatingIncomeLoss,reported,
income_statement,us-gaap:GainLossOnInvestments,"Gains (losses) on strategic investments, net",1Q21,192.0,CRM_SEC-XBRL-financials_as-presented_10-Q_2020-06-01_0001108524-22-000007.xlsx,Income Statement,"Three Months Ended April 30, 2020","Gains on strategic investments, net",us-gaap:EquitySecuritiesFvNiGainLoss,reported,
income_statement,us-gaap:OtherNonoperatingIncomeExpense,Other income,1Q21,-5.0,CRM_SEC-XBRL-financials_as-presented_10-Q_2020-06-01_0001108524-22-000007.xlsx,Income Statement,"Three Months Ended April 30, 2020",Other expense,us-gaap:OtherNonoperatingIncomeExpense,reported,
income_statement,us-gaap:IncomeLossFromContinuingOperationsBeforeIncomeTaxesMinorityInterestAndIncomeLossFromEquityMethodInvestments,Income before benefit from (provision for) income taxes,1Q21,47.0,CRM_SEC-XBRL-financials_as-presented_10-Q_2020-06-01_0001108524-22-000007.xlsx,Income Statement,"Three Months Ended April 30, 2020",Income before benefit from (provision for) income taxes,us-gaap:IncomeLossFromContinuingOperationsBeforeIncomeTaxesMinorityInterestAndIncomeLossFromEquityMethodInvestments,reported,
income_statement,us-gaap:IncomeTaxExpenseBenefit,Provision for income taxes,1Q21,52.0,CRM_SEC-XBRL-financials_as-presented_10-Q_2020-06-01_0001108524-22-000007.xlsx,Income Statement,"Three Months Ended April 30, 2020",Benefit from (provision for) income taxes,us-gaap:IncomeTaxExpenseBenefit,reported,
income_statement,us-gaap:NetIncomeLoss,Net income,1Q21,99.0,CRM_SEC-XBRL-financials_as-presented_10-Q_2020-06-01_0001108524-22-000007.xlsx,Income Statement,"Three Months Ended April 30, 2020",Net income,us-gaap:NetIncomeLoss,reported,
income_statement,us-gaap:EarningsPerShareBasic,Basic net income per share,1Q21,0.11,CRM_SEC-XBRL-financials_as-presented_10-Q_2020-06-01_0001108524-22-000007.xlsx,Income Statement,"Three Months Ended April 30, 2020",Basic net income per share,us-gaap:EarningsPerShareBasic,reported,
income_statement,us-gaap:EarningsPerShareDiluted,Diluted net income per share,1Q21,0.11,CRM_SEC-XBRL-financials_as-presented_10-Q_2020-06-01_0001108524-22-000007.xlsx,Income Statement,"Three Months Ended April 30, 2020",Diluted net income per share,us-gaap:EarningsPerShareDiluted,reported,
income_statement,us-gaap:WeightedAverageNumberOfSharesOutstandingBasic,Shares used in computing basic net income per share,1Q21,896.0,CRM_SEC-XBRL-financials_as-presented_10-Q_2020-06-01_0001108524-22-000007.xlsx,Income Statement,"Three Months Ended April 30, 2020",Shares used in computing basic net income per share,us-gaap:WeightedAverageNumberOfSharesOutstandingBasic,reported,
income_statement,us-gaap:WeightedAverageNumberOfDilutedSharesOutstanding,Shares used in computing diluted net income per share,1Q21,913.0,CRM_SEC-XBRL-financials_as-presented_10-Q_2020-06-01_0001108524-22-000007.xlsx,Income Statement,"Three Months Ended April 30, 2020",Shares used in computing diluted net income per share,us-gaap:WeightedAverageNumberOfDilutedSharesOutstanding,reported,
balance_sheet,us-gaap:CashAndCashEquivalentsAtCarryingValue,Cash and cash equivalents,1Q21,5772.0,CRM_SEC-XBRL-financials_as-presented_10-Q_2020-06-01_0001108524-22-000007.xlsx,Balance Sheet,"April 30, 2020 (unaudited)",Cash and cash equivalents,us-gaap:CashAndCashEquivalentsAtCarryingValue,reported,
balance_sheet,us-gaap:AvailableForSaleSecuritiesDebtSecuritiesCurrent,Marketable securities,1Q21,4030.0,CRM_SEC-XBRL-financials_as-presented_10-Q_2020-06-01_0001108524-22-000007.xlsx,Balance Sheet,"April 30, 2020 (unaudited)",Marketable securities,us-gaap:AvailableForSaleSecuritiesDebtSecuritiesCurrent,reported,
balance_sheet,us-gaap:AccountsReceivableNetCurrent,"Accounts receivable, net",1Q21,3076.0,CRM_SEC-XBRL-financials_as-presented_10-Q_2020-06-01_0001108524-22-000007.xlsx,Balance Sheet,"April 30, 2020 (unaudited)","Accounts receivable, net",us-gaap:AccountsReceivableNetCurrent,reported,
balance_sheet,us-gaap:CapitalizedContractCostNetCurrent,"Costs capitalized to obtain revenue contracts, net",1Q21,881.0,CRM_SEC-XBRL-financials_as-presented_10-Q_2020-06-01_0001108524-22-000007.xlsx,Balance Sheet,"April 30, 2020 (unaudited)","Costs capitalized to obtain revenue contracts, net",us-gaap:CapitalizedContractCostNetCurrent,reported,
balance_sheet,us-gaap:PrepaidExpenseAndOtherAssetsCurrent,Prepaid expenses and other current assets,1Q21,954.0,CRM_SEC-XBRL-financials_as-presented_10-Q_2020-06-01_0001108524-22-000007.xlsx,Balance Sheet,"April 30, 2020 (unaudited)",Prepaid expenses and other current assets,us-gaap:PrepaidExpenseAndOtherAssetsCurrent,reported,
balance_sheet,us-gaap:AssetsCurrent,Total current assets,1Q21,14713.0,CRM_SEC-XBRL-financials_as-presented_10-Q_2020-06-01_0001108524-22-000007.xlsx,Balance Sheet,"April 30, 2020 (unaudited)",Total current assets,us-gaap:AssetsCurrent,reported,
balance_sheet,us-gaap:PropertyPlantAndEquipmentNet,"Property and equipment, net",1Q21,2518.0,CRM_SEC-XBRL-financials_as-presented_10-Q_2020-06-01_0001108524-22-000007.xlsx,Balance Sheet,"April 30, 2020 (unaudited)","Property and equipment, net",us-gaap:PropertyPlantAndEquipmentNet,reported,
balance_sheet,us-gaap:OperatingLeaseRightOfUseAsset,"Operating lease right-of-use assets, net",1Q21,2983.0,CRM_SEC-XBRL-financials_as-presented_10-Q_2020-06-01_0001108524-22-000007.xlsx,Balance Sheet,"April 30, 2020 (unaudited)","Operating lease right-of-use assets, net",us-gaap:OperatingLeaseRightOfUseAsset,reported,
balance_sheet,us-gaap:CapitalizedContractCostNetNoncurrent,"Noncurrent costs capitalized to obtain revenue contracts, net",1Q21,1171.0,CRM_SEC-XBRL-financials_as-presented_10-Q_2020-06-01_0001108524-22-000007.xlsx,Balance Sheet,"April 30, 2020 (unaudited)","Noncurrent costs capitalized to obtain revenue contracts, net",us-gaap:CapitalizedContractCostNetNoncurrent,reported,
balance_sheet,us-gaap:OtherLongTermInvestments,Strategic investments,1Q21,1902.0,CRM_SEC-XBRL-financials_as-presented_10-Q_2020-06-01_0001108524-22-000007.xlsx,Balance Sheet,"April 30, 2020 (unaudited)",Strategic investments,us-gaap:OtherLongTermInvestments,reported,
balance_sheet,us-gaap:Goodwill,Goodwill,1Q21,25266.0,CRM_SEC-XBRL-financials_as-presented_10-Q_2020-06-01_0001108524-22-000007.xlsx,Balance Sheet,"April 30, 2020 (unaudited)",Goodwill,us-gaap:Goodwill,reported,
balance_sheet,us-gaap:IntangibleAssetsNetExcludingGoodwill,"Intangible assets acquired through business combinations, net",1Q21,4488.0,CRM_SEC-XBRL-financials_as-presented_10-Q_2020-06-01_0001108524-22-000007.xlsx,Balance Sheet,"April 30, 2020 (unaudited)","Intangible assets acquired through business combinations, net",us-gaap:IntangibleAssetsNetExcludingGoodwill,reported,
balance_sheet,us-gaap:OtherAssetsNoncurrent,"Deferred tax assets and other assets, net",1Q21,582.0,CRM_SEC-XBRL-financials_as-presented_10-Q_2020-06-01_0001108524-22-000007.xlsx,Balance Sheet,"April 30, 2020 (unaudited)","Capitalized software and other assets, net",us-gaap:OtherAssetsNoncurrent,reported,
balance_sheet,us-gaap:Assets,Total assets,1Q21,53623.0,CRM_SEC-XBRL-financials_as-presented_10-Q_2020-06-01_0001108524-22-000007.xlsx,Balance Sheet,"April 30, 2020 (unaudited)",Total assets,us-gaap:Assets,reported,
balance_sheet,us-gaap:AccountsPayableAndOtherAccruedLiabilitiesCurrent,"Accounts payable, accrued expenses and other liabilities",1Q21,2989.0,CRM_SEC-XBRL-financials_as-presented_10-Q_2020-06-01_0001108524-22-000007.xlsx,Balance Sheet,"April 30, 2020 (unaudited)","Accounts payable, accrued expenses and other liabilities",us-gaap:AccountsPayableAndOtherAccruedLiabilitiesCurrent,reported,
balance_sheet,us-gaap:OperatingLeaseLiabilityCurrent,"Operating lease liabilities, current",1Q21,742.0,CRM_SEC-XBRL-financials_as-presented_10-Q_2020-06-01_0001108524-22-000007.xlsx,Balance Sheet,"April 30, 2020 (unaudited)","Operating lease liabilities, current",us-gaap:OperatingLeaseLiabilityCurrent,reported,
balance_sheet,us-gaap:ContractWithCustomerLiabilityCurrent,Unearned revenue,1Q21,9112.0,CRM_SEC-XBRL-financials_as-presented_10-Q_2020-06-01_0001108524-22-000007.xlsx,Balance Sheet,"April 30, 2020 (unaudited)",Unearned revenue,us-gaap:ContractWithCustomerLiabilityCurrent,reported,
balance_sheet,us-gaap:LiabilitiesCurrent,Total current liabilities,1Q21,12843.0,CRM_SEC-XBRL-financials_as-presented_10-Q_2020-06-01_0001108524-22-000007.xlsx,Balance Sheet,"April 30, 2020 (unaudited)",Total current liabilities,us-gaap:LiabilitiesCurrent,reported,
balance_sheet,us-gaap:LongTermDebtNoncurrent,Noncurrent debt,1Q21,2673.0,CRM_SEC-XBRL-financials_as-presented_10-Q_2020-06-01_0001108524-22-000007.xlsx,Balance Sheet,"April 30, 2020 (unaudited)",Noncurrent debt,us-gaap:LongTermDebtNoncurrent,reported,
balance_sheet,us-gaap:OperatingLeaseLiabilityNoncurrent,Noncurrent operating lease liabilities,1Q21,2422.0,CRM_SEC-XBRL-financials_as-presented_10-Q_2020-06-01_0001108524-22-000007.xlsx,Balance Sheet,"April 30, 2020 (unaudited)",Noncurrent operating lease liabilities,us-gaap:OperatingLeaseLiabilityNoncurrent,reported,
balance_sheet,us-gaap:OtherLiabilitiesNoncurrent,Other noncurrent liabilities,1Q21,1120.0,CRM_SEC-XBRL-financials_as-presented_10-Q_2020-06-01_0001108524-22-000007.xlsx,Balance Sheet,"April 30, 2020 (unaudited)",Other noncurrent liabilities,us-gaap:OtherLiabilitiesNoncurrent,reported,
balance_sheet,us-gaap:Liabilities,Total liabilities,1Q21,19058.0,CRM_SEC-XBRL-financials_as-presented_10-Q_2020-06-01_0001108524-22-000007.xlsx,Balance Sheet,"April 30, 2020 (unaudited)",Total liabilities,us-gaap:Liabilities,reported,
balance_sheet,us-gaap:CommonStockValue,Common stock,1Q21,1.0,CRM_SEC-XBRL-financials_as-presented_10-Q_2020-06-01_0001108524-22-000007.xlsx,Balance Sheet,"April 30, 2020 (unaudited)",Common stock,us-gaap:CommonStockValue,reported,
balance_sheet,us-gaap:AdditionalPaidInCapitalCommonStock,Additional paid-in capital,1Q21,32739.0,CRM_SEC-XBRL-financials_as-presented_10-Q_2020-06-01_0001108524-22-000007.xlsx,Balance Sheet,"April 30, 2020 (unaudited)",Additional paid-in capital,us-gaap:AdditionalPaidInCapitalCommonStock,reported,
balance_sheet,us-gaap:AccumulatedOtherComprehensiveIncomeLossNetOfTax,Accumulated other comprehensive income (loss),1Q21,-135.0,CRM_SEC-XBRL-financials_as-presented_10-Q_2020-06-01_0001108524-22-000007.xlsx,Balance Sheet,"April 30, 2020 (unaudited)",Accumulated other comprehensive loss,us-gaap:AccumulatedOtherComprehensiveIncomeLossNetOfTax,reported,
balance_sheet,us-gaap:RetainedEarningsAccumulatedDeficit,Retained earnings,1Q21,1960.0,CRM_SEC-XBRL-financials_as-presented_10-Q_2020-06-01_0001108524-22-000007.xlsx,Balance Sheet,"April 30, 2020 (unaudited)",Retained earnings,us-gaap:RetainedEarningsAccumulatedDeficit,reported,
balance_sheet,us-gaap:StockholdersEquity,Total stockholders’ equity,1Q21,34565.0,CRM_SEC-XBRL-financials_as-presented_10-Q_2020-06-01_0001108524-22-000007.xlsx,Balance Sheet,"April 30, 2020 (unaudited)",Total stockholders’ equity,us-gaap:StockholdersEquity,reported,
balance_sheet,us-gaap:LiabilitiesAndStockholdersEquity,Total liabilities and stockholders’ equity,1Q21,53623.0,CRM_SEC-XBRL-financials_as-presented_10-Q_2020-06-01_0001108524-22-000007.xlsx,Balance Sheet,"April 30, 2020 (unaudited)",Total liabilities and stockholders’ equity,us-gaap:LiabilitiesAndStockholdersEquity,reported,
cash_flow,us-gaap:NetIncomeLoss,Net income,1Q21,99.0,CRM_SEC-XBRL-financials_as-presented_10-Q_2020-06-01_0001108524-22-000007.xlsx,Cash Flow,"Three Months Ended April 30, 2020",Net income,us-gaap:NetIncomeLoss,reported,
cash_flow,us-gaap:DepreciationAndAmortization,Depreciation and amortization (1),1Q21,658.0,CRM_SEC-XBRL-financials_as-presented_10-Q_2020-06-01_0001108524-22-000007.xlsx,Cash Flow,"Three Months Ended April 30, 2020",Depreciation and amortization,us-gaap:DepreciationAndAmortization,reported,
cash_flow,us-gaap:CapitalizedContractCostAmortization,"Amortization of costs capitalized to obtain revenue contracts, net",1Q21,247.0,CRM_SEC-XBRL-financials_as-presented_10-Q_2020-06-01_0001108524-22-000007.xlsx,Cash Flow,"Three Months Ended April 30, 2020","Amortization of costs capitalized to obtain revenue contracts, net",us-gaap:CapitalizedContractCostAmortization,reported,
cash_flow,us-gaap:ShareBasedCompensation,Stock-based compensation expense,1Q21,504.0,CRM_SEC-XBRL-financials_as-presented_10-Q_2020-06-01_0001108524-22-000007.xlsx,Cash Flow,"Three Months Ended April 30, 2020",Expenses related to employee stock plans,us-gaap:ShareBasedCompensation,reported,
cash_flow,us-gaap:GainLossOnInvestments,"(Gains) losses on strategic investments, net",1Q21,-192.0,CRM_SEC-XBRL-financials_as-presented_10-Q_2020-06-01_0001108524-22-000007.xlsx,Cash Flow,"Three Months Ended April 30, 2020","Gains on strategic investments, net",crm:MarketableEquityandNonMarketableDebtandEquitySecuritiesRealizedGainsLossonSale,reported,
cash_flow,us-gaap:IncreaseDecreaseInAccountsReceivable,"Accounts receivable, net",1Q21,3094.0,CRM_SEC-XBRL-financials_as-presented_10-Q_2020-06-01_0001108524-22-000007.xlsx,Cash Flow,"Three Months Ended April 30, 2020","Accounts receivable, net",us-gaap:IncreaseDecreaseInAccountsReceivable,reported,
cash_flow,crm:IncreaseDecreaseInCapitalizedContractCosts,"Costs capitalized to obtain revenue contracts, net",1Q21,-25.0,CRM_SEC-XBRL-financials_as-presented_10-Q_2020-06-01_0001108524-22-000007.xlsx,Cash Flow,"Three Months Ended April 30, 2020","Costs capitalized to obtain revenue contracts, net",crm:IncreaseDecreaseinCapitalizedContractCosts,reported,
cash_flow,us-gaap:IncreaseDecreaseInPrepaidDeferredExpenseAndOtherAssets,Prepaid expenses and other current assets and other assets,1Q21,-11.0,CRM_SEC-XBRL-financials_as-presented_10-Q_2020-06-01_0001108524-22-000007.xlsx,Cash Flow,"Three Months Ended April 30, 2020",Prepaid expenses and other current assets and other assets,us-gaap:IncreaseDecreaseInPrepaidDeferredExpenseAndOtherAssets,reported,
cash_flow,us-gaap:IncreaseDecreaseInAccountsPayableAndAccruedLiabilities,Accounts payable and accrued expenses and other liabilities,1Q21,-757.0,CRM_SEC-XBRL-financials_as-presented_10-Q_2020-06-01_0001108524-22-000007.xlsx,Cash Flow,"Three Months Ended April 30, 2020",Accounts payable; Accrued expenses and other liabilities,us-gaap:IncreaseDecreaseInAccountsPayable + us-gaap:IncreaseDecreaseInAccruedLiabilities,summed_within_file,SUM(us-gaap:IncreaseDecreaseInAccountsPayable + us-gaap:IncreaseDecreaseInAccruedLiabilities) in CRM_SEC-XBRL-financials_as-presented_10-Q_2020-06-01_0001108524-22-000007.xlsx
cash_flow,us-gaap:IncreaseDecreaseInOperatingLeaseLiability,Operating lease liabilities,1Q21,-203.0,CRM_SEC-XBRL-financials_as-presented_10-Q_2020-06-01_0001108524-22-000007.xlsx,Cash Flow,"Three Months Ended April 30, 2020",Operating lease liabilities,crm:IncreaseDecreaseinOperatingLeaseLiabilities,reported,
cash_flow,us-gaap:IncreaseDecreaseInContractWithCustomerLiability,Unearned revenue,1Q21,-1555.0,CRM_SEC-XBRL-financials_as-presented_10-Q_2020-06-01_0001108524-22-000007.xlsx,Cash Flow,"Three Months Ended April 30, 2020",Unearned revenue,us-gaap:IncreaseDecreaseInContractWithCustomerLiability,reported,
cash_flow,us-gaap:NetCashProvidedByUsedInOperatingActivities,Net cash provided by operating activities,1Q21,1859.0,CRM_SEC-XBRL-financials_as-presented_10-Q_2020-06-01_0001108524-22-000007.xlsx,Cash Flow,"Three Months Ended April 30, 2020",Net cash provided by operating activities,us-gaap:NetCashProvidedByUsedInOperatingActivities,reported,
cash_flow,us-gaap:PaymentsToAcquireBusinessesNetOfCashAcquired,"Business combinations, net of cash acquired",1Q21,-103.0,CRM_SEC-XBRL-financials_as-presented_10-Q_2020-06-01_0001108524-22-000007.xlsx,Cash Flow,"Three Months Ended April 30, 2020","Business combinations, net of cash acquired",us-gaap:PaymentsToAcquireBusinessesNetOfCashAcquired,reported,
cash_flow,us-gaap:PaymentsToAcquireLongtermInvestments,Purchases of strategic investments,1Q21,-342.0,CRM_SEC-XBRL-financials_as-presented_10-Q_2020-06-01_0001108524-22-000007.xlsx,Cash Flow,"Three Months Ended April 30, 2020",Purchases of strategic investments,crm:PaymentsForInvestmentsInPrivatelyHeldCompanies,reported,
cash_flow,us-gaap:ProceedsFromSaleOfLongtermInvestments,Sales of strategic investments,1Q21,601.0,CRM_SEC-XBRL-financials_as-presented_10-Q_2020-06-01_0001108524-22-000007.xlsx,Cash Flow,"Three Months Ended April 30, 2020",Sales of strategic investments,crm:ProceedsFromInvestmentsInPrivatelyHeldCompanies,reported,
cash_flow,us-gaap:PaymentsToAcquireAvailableForSaleSecuritiesDebt,Purchases of marketable securities,1Q21,-834.0,CRM_SEC-XBRL-financials_as-presented_10-Q_2020-06-01_0001108524-22-000007.xlsx,Cash Flow,"Three Months Ended April 30, 2020",Purchases of marketable securities,us-gaap:PaymentsToAcquireAvailableForSaleSecuritiesDebt,reported,
cash_flow,us-gaap:ProceedsFromSaleOfAvailableForSaleSecuritiesDebt,Sales of marketable securities,1Q21,337.0,CRM_SEC-XBRL-financials_as-presented_10-Q_2020-06-01_0001108524-22-000007.xlsx,Cash Flow,"Three Months Ended April 30, 2020",Sales of marketable securities,us-gaap:ProceedsFromSaleOfAvailableForSaleSecuritiesDebt,reported,
cash_flow,us-gaap:ProceedsFromMaturitiesPrepaymentsAndCallsOfAvailableForSaleSecurities,Maturities of marketable securities,1Q21,227.0,CRM_SEC-XBRL-financials_as-presented_10-Q_2020-06-01_0001108524-22-000007.xlsx,Cash Flow,"Three Months Ended April 30, 2020",Maturities of marketable securities,us-gaap:ProceedsFromMaturitiesPrepaymentsAndCallsOfAvailableForSaleSecurities,reported,
cash_flow,us-gaap:PaymentsToAcquirePropertyPlantAndEquipment,Capital expenditures,1Q21,-323.0,CRM_SEC-XBRL-financials_as-presented_10-Q_2020-06-01_0001108524-22-000007.xlsx,Cash Flow,"Three Months Ended April 30, 2020",Capital expenditures,us-gaap:PaymentsToAcquirePropertyPlantAndEquipment,reported,
cash_flow,us-gaap:NetCashProvidedByUsedInInvestingActivities,Net cash used in investing activities,1Q21,-437.0,CRM_SEC-XBRL-financials_as-presented_10-Q_2020-06-01_0001108524-22-000007.xlsx,Cash Flow,"Three Months Ended April 30, 2020",Net cash used in investing activities,us-gaap:NetCashProvidedByUsedInInvestingActivities,reported,
cash_flow,us-gaap:ProceedsFromStockPlans,Proceeds from employee stock plans,1Q21,258.0,CRM_SEC-XBRL-financials_as-presented_10-Q_2020-06-01_0001108524-22-000007.xlsx,Cash Flow,"Three Months Ended April 30, 2020",Proceeds from employee stock plans,us-gaap:ProceedsFromStockPlans,reported,
cash_flow,us-gaap:FinanceLeasePrincipalPayments,Principal payments on financing obligations,1Q21,-48.0,CRM_SEC-XBRL-financials_as-presented_10-Q_2020-06-01_0001108524-22-000007.xlsx,Cash Flow,"Three Months Ended April 30, 2020",Principal payments on financing obligations,us-gaap:FinanceLeasePrincipalPayments,reported,
cash_flow,us-gaap:RepaymentsOfLongTermLinesOfCredit,Repayments of debt,1Q21,-1.0,CRM_SEC-XBRL-financials_as-presented_10-Q_2020-06-01_0001108524-22-000007.xlsx,Cash Flow,"Three Months Ended April 30, 2020",Repayments of debt,us-gaap:RepaymentsOfLongTermLinesOfCredit,reported,
cash_flow,us-gaap:NetCashProvidedByUsedInFinancingActivities,Net cash used in financing activities,1Q21,209.0,CRM_SEC-XBRL-financials_as-presented_10-Q_2020-06-01_0001108524-22-000007.xlsx,Cash Flow,"Three Months Ended April 30, 2020",Net cash provided by financing activities,us-gaap:NetCashProvidedByUsedInFinancingActivities,reported,
cash_flow,us-gaap:EffectOfExchangeRateOnCashCashEquivalentsRestrictedCashAndRestrictedCashEquivalents,Effect of exchange rate changes,1Q21,-4.0,CRM_SEC-XBRL-financials_as-presented_10-Q_2020-06-01_0001108524-22-000007.xlsx,Cash Flow,"Three Months Ended April 30, 2020",Effect of exchange rate changes,us-gaap:EffectOfExchangeRateOnCashCashEquivalentsRestrictedCashAndRestrictedCashEquivalents,reported,
cash_flow,us-gaap:CashCashEquivalentsRestrictedCashAndRestrictedCashEquivalentsPeriodIncreaseDecreaseIncludingExchangeRateEffect,Net increase (decrease) in cash and cash equivalents,1Q21,1627.0,CRM_SEC-XBRL-financials_as-presented_10-Q_2020-06-01_0001108524-22-000007.xlsx,Cash Flow,"Three Months Ended April 30, 2020",Net increase in cash and cash equivalents,us-gaap:CashCashEquivalentsRestrictedCashAndRestrictedCashEquivalentsPeriodIncreaseDecreaseIncludingExchangeRateEffect,reported,
cash_flow,us-gaap:CashCashEquivalentsRestrictedCashAndRestrictedCashEquivalents,"Cash and cash equivalents, beginning of period",1Q21,4145.0,CRM_SEC-XBRL-financials_as-presented_10-Q_2020-06-01_0001108524-22-000007.xlsx,Cash Flow,"Three Months Ended April 30, 2020","Cash and cash equivalents, beginning of period",us-gaap:CashCashEquivalentsRestrictedCashAndRestrictedCashEquivalents,reported,
income_statement,us-gaap:RevenueFromContractWithCustomerExcludingAssessedTax,Subscription and support,2Q21,4840.0,CRM_SEC-XBRL-financials_as-presented_10-Q_2020-08-28_0001108524-20-000041.xlsx,Income Statement,"Three Months Ended July 31, 2020",Subscription and support,us-gaap:RevenueFromContractWithCustomerExcludingAssessedTax,reported,
income_statement,us-gaap:CostOfGoodsAndServicesSold,Subscription and support,2Q21,1013.0,CRM_SEC-XBRL-financials_as-presented_10-Q_2020-08-28_0001108524-20-000041.xlsx,Income Statement,"Three Months Ended July 31, 2020",Subscription and support,us-gaap:CostOfGoodsAndServicesSold,reported,
income_statement,us-gaap:GrossProfit,Gross profit,2Q21,3840.0,CRM_SEC-XBRL-financials_as-presented_10-Q_2020-08-28_0001108524-20-000041.xlsx,Income Statement,"Three Months Ended July 31, 2020",Gross profit,us-gaap:GrossProfit,reported,
income_statement,us-gaap:ResearchAndDevelopmentExpense,Research and development,2Q21,898.0,CRM_SEC-XBRL-financials_as-presented_10-Q_2020-08-28_0001108524-20-000041.xlsx,Income Statement,"Three Months Ended July 31, 2020",Research and development,us-gaap:ResearchAndDevelopmentExpense,reported,
income_statement,us-gaap:SellingAndMarketingExpense,Sales and marketing,2Q21,2275.0,CRM_SEC-XBRL-financials_as-presented_10-Q_2020-08-28_0001108524-20-000041.xlsx,Income Statement,"Three Months Ended July 31, 2020",Marketing and sales,us-gaap:SellingAndMarketingExpense,reported,
income_statement,us-gaap:GeneralAndAdministrativeExpense,General and administrative,2Q21,489.0,CRM_SEC-XBRL-financials_as-presented_10-Q_2020-08-28_0001108524-20-000041.xlsx,Income Statement,"Three Months Ended July 31, 2020",General and administrative,us-gaap:GeneralAndAdministrativeExpense,reported,
income_statement,crm:FairValueAdjustmentLossOnRemainingPerformanceObligationsofAgreements,Loss on settlement of Salesforce.org reseller agreement (Note 7),2Q21,0.0,CRM_SEC-XBRL-financials_as-presented_10-Q_2020-08-28_0001108524-20-000041.xlsx,Income Statement,"Three Months Ended July 31, 2020",Loss on settlement of Salesforce.org reseller agreement,crm:FairValueAdjustmentLossOnRemainingPerformanceObligationsofAgreements,reported,
income_statement,us-gaap:OperatingExpenses,Total operating expenses,2Q21,3662.0,CRM_SEC-XBRL-financials_as-presented_10-Q_2020-08-28_0001108524-20-000041.xlsx,Income Statement,"Three Months Ended July 31, 2020",Total operating expenses,us-gaap:OperatingExpenses,reported,
income_statement,us-gaap:OperatingIncomeLoss,Income from operations,2Q21,178.0,CRM_SEC-XBRL-financials_as-presented_10-Q_2020-08-28_0001108524-20-000041.xlsx,Income Statement,"Three Months Ended July 31, 2020",Income from operations,us-gaap:OperatingIncomeLoss,reported,
income_statement,us-gaap:GainLossOnInvestments,"Gains (losses) on strategic investments, net",2Q21,682.0,CRM_SEC-XBRL-financials_as-presented_10-Q_2020-08-28_0001108524-20-000041.xlsx,Income Statement,"Three Months Ended July 31, 2020","Gains on strategic investments, net",us-gaap:GainLossOnInvestments,reported,
income_statement,us-gaap:OtherNonoperatingIncomeExpense,Other income,2Q21,-21.0,CRM_SEC-XBRL-financials_as-presented_10-Q_2020-08-28_0001108524-20-000041.xlsx,Income Statement,"Three Months Ended July 31, 2020",Other expense,us-gaap:OtherNonoperatingIncomeExpense,reported,
income_statement,us-gaap:IncomeLossFromContinuingOperationsBeforeIncomeTaxesMinorityInterestAndIncomeLossFromEquityMethodInvestments,Income before benefit from (provision for) income taxes,2Q21,839.0,CRM_SEC-XBRL-financials_as-presented_10-Q_2020-08-28_0001108524-20-000041.xlsx,Income Statement,"Three Months Ended July 31, 2020",Income before benefit from (provision for) income taxes,us-gaap:IncomeLossFromContinuingOperationsBeforeIncomeTaxesMinorityInterestAndIncomeLossFromEquityMethodInvestments,reported,
income_statement,us-gaap:IncomeTaxExpenseBenefit,Provision for income taxes,2Q21,1786.0,CRM_SEC-XBRL-financials_as-presented_10-Q_2020-08-28_0001108524-20-000041.xlsx,Income Statement,"Three Months Ended July 31, 2020",Benefit from (provision for) income taxes (3),us-gaap:IncomeTaxExpenseBenefit,reported,
income_statement,us-gaap:NetIncomeLoss,Net income,2Q21,2625.0,CRM_SEC-XBRL-financials_as-presented_10-Q_2020-08-28_0001108524-20-000041.xlsx,Income Statement,"Three Months Ended July 31, 2020",Net income,us-gaap:NetIncomeLoss,reported,
income_statement,us-gaap:EarningsPerShareBasic,Basic net income per share,2Q21,2.9,CRM_SEC-XBRL-financials_as-presented_10-Q_2020-08-28_0001108524-20-000041.xlsx,Income Statement,"Three Months Ended July 31, 2020",Basic net income per share,us-gaap:EarningsPerShareBasic,reported,
income_statement,us-gaap:EarningsPerShareDiluted,Diluted net income per share,2Q21,2.85,CRM_SEC-XBRL-financials_as-presented_10-Q_2020-08-28_0001108524-20-000041.xlsx,Income Statement,"Three Months Ended July 31, 2020",Diluted net income per share,us-gaap:EarningsPerShareDiluted,reported,
income_statement,us-gaap:WeightedAverageNumberOfSharesOutstandingBasic,Shares used in computing basic net income per share,2Q21,904.0,CRM_SEC-XBRL-financials_as-presented_10-Q_2020-08-28_0001108524-20-000041.xlsx,Income Statement,"Three Months Ended July 31, 2020",Shares used in computing basic net income per share,us-gaap:WeightedAverageNumberOfSharesOutstandingBasic,reported,
income_statement,us-gaap:WeightedAverageNumberOfDilutedSharesOutstanding,Shares used in computing diluted net income per share,2Q21,922.0,CRM_SEC-XBRL-financials_as-presented_10-Q_2020-08-28_0001108524-20-000041.xlsx,Income Statement,"Three Months Ended July 31, 2020",Shares used in computing diluted net income per share,us-gaap:WeightedAverageNumberOfDilutedSharesOutstanding,reported,
balance_sheet,us-gaap:CashAndCashEquivalentsAtCarryingValue,Cash and cash equivalents,2Q21,4052.0,CRM_SEC-XBRL-financials_as-presented_10-Q_2020-08-28_0001108524-20-000041.xlsx,Balance Sheet,"July 31, 2020 (unaudited)",Cash and cash equivalents,us-gaap:CashAndCashEquivalentsAtCarryingValue,reported,
balance_sheet,us-gaap:AvailableForSaleSecuritiesDebtSecuritiesCurrent,Marketable securities,2Q21,5231.0,CRM_SEC-XBRL-financials_as-presented_10-Q_2020-08-28_0001108524-20-000041.xlsx,Balance Sheet,"July 31, 2020 (unaudited)",Marketable securities,us-gaap:AvailableForSaleSecuritiesDebtSecuritiesCurrent,reported,
balance_sheet,us-gaap:AccountsReceivableNetCurrent,"Accounts receivable, net",2Q21,3445.0,CRM_SEC-XBRL-financials_as-presented_10-Q_2020-08-28_0001108524-20-000041.xlsx,Balance Sheet,"July 31, 2020 (unaudited)","Accounts receivable, net",us-gaap:AccountsReceivableNetCurrent,reported,
balance_sheet,us-gaap:CapitalizedContractCostNetCurrent,"Costs capitalized to obtain revenue contracts, net",2Q21,948.0,CRM_SEC-XBRL-financials_as-presented_10-Q_2020-08-28_0001108524-20-000041.xlsx,Balance Sheet,"July 31, 2020 (unaudited)","Costs capitalized to obtain revenue contracts, net",us-gaap:CapitalizedContractCostNetCurrent,reported,
balance_sheet,us-gaap:PrepaidExpenseAndOtherAssetsCurrent,Prepaid expenses and other current assets,2Q21,1170.0,CRM_SEC-XBRL-financials_as-presented_10-Q_2020-08-28_0001108524-20-000041.xlsx,Balance Sheet,"July 31, 2020 (unaudited)",Prepaid expenses and other current assets,us-gaap:PrepaidExpenseAndOtherAssetsCurrent,reported,
balance_sheet,us-gaap:AssetsCurrent,Total current assets,2Q21,14846.0,CRM_SEC-XBRL-financials_as-presented_10-Q_2020-08-28_0001108524-20-000041.xlsx,Balance Sheet,"July 31, 2020 (unaudited)",Total current assets,us-gaap:AssetsCurrent,reported,
balance_sheet,us-gaap:PropertyPlantAndEquipmentNet,"Property and equipment, net",2Q21,2528.0,CRM_SEC-XBRL-financials_as-presented_10-Q_2020-08-28_0001108524-20-000041.xlsx,Balance Sheet,"July 31, 2020 (unaudited)","Property and equipment, net",us-gaap:PropertyPlantAndEquipmentNet,reported,
balance_sheet,us-gaap:OperatingLeaseRightOfUseAsset,"Operating lease right-of-use assets, net",2Q21,2985.0,CRM_SEC-XBRL-financials_as-presented_10-Q_2020-08-28_0001108524-20-000041.xlsx,Balance Sheet,"July 31, 2020 (unaudited)","Operating lease right-of-use assets, net",us-gaap:OperatingLeaseRightOfUseAsset,reported,
balance_sheet,us-gaap:CapitalizedContractCostNetNoncurrent,"Noncurrent costs capitalized to obtain revenue contracts, net",2Q21,1309.0,CRM_SEC-XBRL-financials_as-presented_10-Q_2020-08-28_0001108524-20-000041.xlsx,Balance Sheet,"July 31, 2020 (unaudited)","Noncurrent costs capitalized to obtain revenue contracts, net",us-gaap:CapitalizedContractCostNetNoncurrent,reported,
balance_sheet,us-gaap:OtherLongTermInvestments,Strategic investments,2Q21,2555.0,CRM_SEC-XBRL-financials_as-presented_10-Q_2020-08-28_0001108524-20-000041.xlsx,Balance Sheet,"July 31, 2020 (unaudited)",Strategic investments,us-gaap:OtherLongTermInvestments,reported,
balance_sheet,us-gaap:Goodwill,Goodwill,2Q21,26301.0,CRM_SEC-XBRL-financials_as-presented_10-Q_2020-08-28_0001108524-20-000041.xlsx,Balance Sheet,"July 31, 2020 (unaudited)",Goodwill,us-gaap:Goodwill,reported,
balance_sheet,us-gaap:IntangibleAssetsNetExcludingGoodwill,"Intangible assets acquired through business combinations, net",2Q21,4676.0,CRM_SEC-XBRL-financials_as-presented_10-Q_2020-08-28_0001108524-20-000041.xlsx,Balance Sheet,"July 31, 2020 (unaudited)","Intangible assets acquired through business combinations, net",us-gaap:IntangibleAssetsNetExcludingGoodwill,reported,
balance_sheet,us-gaap:OtherAssetsNoncurrent,"Deferred tax assets and other assets, net",2Q21,2580.0,CRM_SEC-XBRL-financials_as-presented_10-Q_2020-08-28_0001108524-20-000041.xlsx,Balance Sheet,"July 31, 2020 (unaudited)","Deferred tax assets and other assets, net",us-gaap:OtherAssetsNoncurrent,reported,
balance_sheet,us-gaap:Assets,Total assets,2Q21,57780.0,CRM_SEC-XBRL-financials_as-presented_10-Q_2020-08-28_0001108524-20-000041.xlsx,Balance Sheet,"July 31, 2020 (unaudited)",Total assets,us-gaap:Assets,reported,
balance_sheet,us-gaap:AccountsPayableAndOtherAccruedLiabilitiesCurrent,"Accounts payable, accrued expenses and other liabilities",2Q21,3485.0,CRM_SEC-XBRL-financials_as-presented_10-Q_2020-08-28_0001108524-20-000041.xlsx,Balance Sheet,"July 31, 2020 (unaudited)","Accounts payable, accrued expenses and other liabilities",us-gaap:AccountsPayableAndOtherAccruedLiabilitiesCurrent,reported,
balance_sheet,us-gaap:OperatingLeaseLiabilityCurrent,"Operating lease liabilities, current",2Q21,767.0,CRM_SEC-XBRL-financials_as-presented_10-Q_2020-08-28_0001108524-20-000041.xlsx,Balance Sheet,"July 31, 2020 (unaudited)","Operating lease liabilities, current",us-gaap:OperatingLeaseLiabilityCurrent,reported,
balance_sheet,us-gaap:ContractWithCustomerLiabilityCurrent,Unearned revenue,2Q21,8711.0,CRM_SEC-XBRL-financials_as-presented_10-Q_2020-08-28_0001108524-20-000041.xlsx,Balance Sheet,"July 31, 2020 (unaudited)",Unearned revenue,us-gaap:ContractWithCustomerLiabilityCurrent,reported,
balance_sheet,us-gaap:LiabilitiesCurrent,Total current liabilities,2Q21,12963.0,CRM_SEC-XBRL-financials_as-presented_10-Q_2020-08-28_0001108524-20-000041.xlsx,Balance Sheet,"July 31, 2020 (unaudited)",Total current liabilities,us-gaap:LiabilitiesCurrent,reported,
balance_sheet,us-gaap:LongTermDebtNoncurrent,Noncurrent debt,2Q21,2673.0,CRM_SEC-XBRL-financials_as-presented_10-Q_2020-08-28_0001108524-20-000041.xlsx,Balance Sheet,"July 31, 2020 (unaudited)",Noncurrent debt,us-gaap:LongTermDebtNoncurrent,reported,
balance_sheet,us-gaap:OperatingLeaseLiabilityNoncurrent,Noncurrent operating lease liabilities,2Q21,2407.0,CRM_SEC-XBRL-financials_as-presented_10-Q_2020-08-28_0001108524-20-000041.xlsx,Balance Sheet,"July 31, 2020 (unaudited)",Noncurrent operating lease liabilities,us-gaap:OperatingLeaseLiabilityNoncurrent,reported,
balance_sheet,us-gaap:OtherLiabilitiesNoncurrent,Other noncurrent liabilities,2Q21,1297.0,CRM_SEC-XBRL-financials_as-presented_10-Q_2020-08-28_0001108524-20-000041.xlsx,Balance Sheet,"July 31, 2020 (unaudited)",Other noncurrent liabilities,us-gaap:OtherLiabilitiesNoncurrent,reported,
balance_sheet,us-gaap:Liabilities,Total liabilities,2Q21,19340.0,CRM_SEC-XBRL-financials_as-presented_10-Q_2020-08-28_0001108524-20-000041.xlsx,Balance Sheet,"July 31, 2020 (unaudited)",Total liabilities,us-gaap:Liabilities,reported,
balance_sheet,us-gaap:CommonStockValue,Common stock,2Q21,1.0,CRM_SEC-XBRL-financials_as-presented_10-Q_2020-08-28_0001108524-20-000041.xlsx,Balance Sheet,"July 31, 2020 (unaudited)",Common stock,us-gaap:CommonStockValue,reported,
balance_sheet,us-gaap:AdditionalPaidInCapitalCommonStock,Additional paid-in capital,2Q21,33922.0,CRM_SEC-XBRL-financials_as-presented_10-Q_2020-08-28_0001108524-20-000041.xlsx,Balance Sheet,"July 31, 2020 (unaudited)",Additional paid-in capital,us-gaap:AdditionalPaidInCapitalCommonStock,reported,
balance_sheet,us-gaap:AccumulatedOtherComprehensiveIncomeLossNetOfTax,Accumulated other comprehensive income (loss),2Q21,-68.0,CRM_SEC-XBRL-financials_as-presented_10-Q_2020-08-28_0001108524-20-000041.xlsx,Balance Sheet,"July 31, 2020 (unaudited)",Accumulated other comprehensive loss,us-gaap:AccumulatedOtherComprehensiveIncomeLossNetOfTax,reported,
balance_sheet,us-gaap:RetainedEarningsAccumulatedDeficit,Retained earnings,2Q21,4585.0,CRM_SEC-XBRL-financials_as-presented_10-Q_2020-08-28_0001108524-20-000041.xlsx,Balance Sheet,"July 31, 2020 (unaudited)",Retained earnings,us-gaap:RetainedEarningsAccumulatedDeficit,reported,
balance_sheet,us-gaap:StockholdersEquity,Total stockholders’ equity,2Q21,38440.0,CRM_SEC-XBRL-financials_as-presented_10-Q_2020-08-28_0001108524-20-000041.xlsx,Balance Sheet,"July 31, 2020 (unaudited)",Total stockholders’ equity,us-gaap:StockholdersEquity,reported,
balance_sheet,us-gaap:LiabilitiesAndStockholdersEquity,Total liabilities and stockholders’ equity,2Q21,57780.0,CRM_SEC-XBRL-financials_as-presented_10-Q_2020-08-28_0001108524-20-000041.xlsx,Balance Sheet,"July 31, 2020 (unaudited)",Total liabilities and stockholders’ equity,us-gaap:LiabilitiesAndStockholdersEquity,reported,
cash_flow,us-gaap:NetIncomeLoss,Net income,2Q21,2625.0,CRM_SEC-XBRL-financials_as-presented_10-Q_2020-08-28_0001108524-20-000041.xlsx,Cash Flow,"Three Months Ended July 31, 2020",Net income,us-gaap:NetIncomeLoss,reported,
cash_flow,us-gaap:DepreciationAndAmortization,Depreciation and amortization (1),2Q21,649.0,CRM_SEC-XBRL-financials_as-presented_10-Q_2020-08-28_0001108524-20-000041.xlsx,Cash Flow,"Three Months Ended July 31, 2020",Depreciation and amortization,us-gaap:DepreciationAndAmortization,reported,
cash_flow,us-gaap:CapitalizedContractCostAmortization,"Amortization of costs capitalized to obtain revenue contracts, net",2Q21,250.0,CRM_SEC-XBRL-financials_as-presented_10-Q_2020-08-28_0001108524-20-000041.xlsx,Cash Flow,"Three Months Ended July 31, 2020","Amortization of costs capitalized to obtain revenue contracts, net",us-gaap:CapitalizedContractCostAmortization,reported,
cash_flow,us-gaap:ShareBasedCompensation,Stock-based compensation expense,2Q21,578.0,CRM_SEC-XBRL-financials_as-presented_10-Q_2020-08-28_0001108524-20-000041.xlsx,Cash Flow,"Three Months Ended July 31, 2020",Expenses related to employee stock plans,us-gaap:ShareBasedCompensation,reported,
cash_flow,crm:FairValueAdjustmentLossOnRemainingPerformanceObligationsofAgreements,Loss on settlement of Salesforce.org reseller agreement (Note 7),2Q21,0.0,CRM_SEC-XBRL-financials_as-presented_10-Q_2020-08-28_0001108524-20-000041.xlsx,Cash Flow,"Three Months Ended July 31, 2020",Loss on settlement of Salesforce.org reseller agreement,crm:FairValueAdjustmentLossOnRemainingPerformanceObligationsofAgreements,reported,
cash_flow,us-gaap:GainLossOnInvestments,"(Gains) losses on strategic investments, net",2Q21,-682.0,CRM_SEC-XBRL-financials_as-presented_10-Q_2020-08-28_0001108524-20-000041.xlsx,Cash Flow,"Three Months Ended July 31, 2020","Gains on strategic investments, net",us-gaap:GainLossOnInvestments,reported,
cash_flow,us-gaap:DeferredIncomeTaxExpenseBenefit,Tax benefit from intra-entity transfer of intangible property,2Q21,-2003.0,CRM_SEC-XBRL-financials_as-presented_10-Q_2020-08-28_0001108524-20-000041.xlsx,Cash Flow,"Three Months Ended July 31, 2020",Tax benefit from intra-entity transfer of intangible property,us-gaap:DeferredIncomeTaxExpenseBenefit,reported,
cash_flow,us-gaap:IncreaseDecreaseInAccountsReceivable,"Accounts receivable, net",2Q21,-349.0,CRM_SEC-XBRL-financials_as-presented_10-Q_2020-08-28_0001108524-20-000041.xlsx,Cash Flow,"Three Months Ended July 31, 2020","Accounts receivable, net",us-gaap:IncreaseDecreaseInAccountsReceivable,reported,
cash_flow,crm:IncreaseDecreaseInCapitalizedContractCosts,"Costs capitalized to obtain revenue contracts, net",2Q21,-455.0,CRM_SEC-XBRL-financials_as-presented_10-Q_2020-08-28_0001108524-20-000041.xlsx,Cash Flow,"Three Months Ended July 31, 2020","Costs capitalized to obtain revenue contracts, net",crm:IncreaseDecreaseinCapitalizedContractCosts,reported,
cash_flow,us-gaap:IncreaseDecreaseInPrepaidDeferredExpenseAndOtherAssets,Prepaid expenses and other current assets and other assets,2Q21,-203.0,CRM_SEC-XBRL-financials_as-presented_10-Q_2020-08-28_0001108524-20-000041.xlsx,Cash Flow,"Three Months Ended July 31, 2020",Prepaid expenses and other current assets and other assets,us-gaap:IncreaseDecreaseInPrepaidDeferredExpenseAndOtherAssets,reported,
cash_flow,us-gaap:IncreaseDecreaseInAccountsPayableAndAccruedLiabilities,Accounts payable and accrued expenses and other liabilities,2Q21,693.0,CRM_SEC-XBRL-financials_as-presented_10-Q_2020-08-28_0001108524-20-000041.xlsx,Cash Flow,"Three Months Ended July 31, 2020",Accounts payable and accrued expenses and other liabilities,us-gaap:IncreaseDecreaseInAccountsPayableAndAccruedLiabilities,reported,
cash_flow,us-gaap:IncreaseDecreaseInOperatingLeaseLiability,Operating lease liabilities,2Q21,-209.0,CRM_SEC-XBRL-financials_as-presented_10-Q_2020-08-28_0001108524-20-000041.xlsx,Cash Flow,"Three Months Ended July 31, 2020",Operating lease liabilities,crm:IncreaseDecreaseinOperatingLeaseLiabilities,reported,
cash_flow,us-gaap:IncreaseDecreaseInContractWithCustomerLiability,Unearned revenue,2Q21,-465.0,CRM_SEC-XBRL-financials_as-presented_10-Q_2020-08-28_0001108524-20-000041.xlsx,Cash Flow,"Three Months Ended July 31, 2020",Unearned revenue,us-gaap:IncreaseDecreaseInContractWithCustomerLiability,reported,
cash_flow,us-gaap:NetCashProvidedByUsedInOperatingActivities,Net cash provided by operating activities,2Q21,429.0,CRM_SEC-XBRL-financials_as-presented_10-Q_2020-08-28_0001108524-20-000041.xlsx,Cash Flow,"Three Months Ended July 31, 2020",Net cash provided by operating activities,us-gaap:NetCashProvidedByUsedInOperatingActivities,reported,
cash_flow,us-gaap:PaymentsToAcquireBusinessesNetOfCashAcquired,"Business combinations, net of cash acquired",2Q21,-1154.0,CRM_SEC-XBRL-financials_as-presented_10-Q_2020-08-28_0001108524-20-000041.xlsx,Cash Flow,"Three Months Ended July 31, 2020","Business combinations, net of cash acquired",us-gaap:PaymentsToAcquireBusinessesNetOfCashAcquired,reported,
cash_flow,us-gaap:PaymentsToAcquireLongtermInvestments,Purchases of strategic investments,2Q21,-232.0,CRM_SEC-XBRL-financials_as-presented_10-Q_2020-08-28_0001108524-20-000041.xlsx,Cash Flow,"Three Months Ended July 31, 2020",Purchases of strategic investments,crm:PaymentsForInvestmentsInPrivatelyHeldCompanies,reported,
cash_flow,us-gaap:ProceedsFromSaleOfLongtermInvestments,Sales of strategic investments,2Q21,51.0,CRM_SEC-XBRL-financials_as-presented_10-Q_2020-08-28_0001108524-20-000041.xlsx,Cash Flow,"Three Months Ended July 31, 2020",Sales of strategic investments,crm:ProceedsFromInvestmentsInPrivatelyHeldCompanies,reported,
cash_flow,us-gaap:PaymentsToAcquireAvailableForSaleSecuritiesDebt,Purchases of marketable securities,2Q21,-1681.0,CRM_SEC-XBRL-financials_as-presented_10-Q_2020-08-28_0001108524-20-000041.xlsx,Cash Flow,"Three Months Ended July 31, 2020",Purchases of marketable securities,us-gaap:PaymentsToAcquireAvailableForSaleSecuritiesDebt,reported,
cash_flow,us-gaap:ProceedsFromSaleOfAvailableForSaleSecuritiesDebt,Sales of marketable securities,2Q21,207.0,CRM_SEC-XBRL-financials_as-presented_10-Q_2020-08-28_0001108524-20-000041.xlsx,Cash Flow,"Three Months Ended July 31, 2020",Sales of marketable securities,us-gaap:ProceedsFromSaleOfAvailableForSaleSecuritiesDebt,reported,
cash_flow,us-gaap:ProceedsFromMaturitiesPrepaymentsAndCallsOfAvailableForSaleSecurities,Maturities of marketable securities,2Q21,330.0,CRM_SEC-XBRL-financials_as-presented_10-Q_2020-08-28_0001108524-20-000041.xlsx,Cash Flow,"Three Months Ended July 31, 2020",Maturities of marketable securities,us-gaap:ProceedsFromMaturitiesPrepaymentsAndCallsOfAvailableForSaleSecurities,reported,
cash_flow,us-gaap:PaymentsToAcquirePropertyPlantAndEquipment,Capital expenditures,2Q21,-114.0,CRM_SEC-XBRL-financials_as-presented_10-Q_2020-08-28_0001108524-20-000041.xlsx,Cash Flow,"Three Months Ended July 31, 2020",Capital expenditures,us-gaap:PaymentsToAcquirePropertyPlantAndEquipment,reported,
cash_flow,us-gaap:NetCashProvidedByUsedInInvestingActivities,Net cash used in investing activities,2Q21,-2593.0,CRM_SEC-XBRL-financials_as-presented_10-Q_2020-08-28_0001108524-20-000041.xlsx,Cash Flow,"Three Months Ended July 31, 2020",Net cash used in investing activities,us-gaap:NetCashProvidedByUsedInInvestingActivities,reported,
cash_flow,us-gaap:ProceedsFromStockPlans,Proceeds from employee stock plans,2Q21,466.0,CRM_SEC-XBRL-financials_as-presented_10-Q_2020-08-28_0001108524-20-000041.xlsx,Cash Flow,"Three Months Ended July 31, 2020",Proceeds from employee stock plans,us-gaap:ProceedsFromStockPlans,reported,
cash_flow,us-gaap:FinanceLeasePrincipalPayments,Principal payments on financing obligations,2Q21,-24.0,CRM_SEC-XBRL-financials_as-presented_10-Q_2020-08-28_0001108524-20-000041.xlsx,Cash Flow,"Three Months Ended July 31, 2020",Principal payments on financing obligations,us-gaap:FinanceLeasePrincipalPayments,reported,
cash_flow,us-gaap:RepaymentsOfLongTermLinesOfCredit,Repayments of debt,2Q21,-1.0,CRM_SEC-XBRL-financials_as-presented_10-Q_2020-08-28_0001108524-20-000041.xlsx,Cash Flow,"Three Months Ended July 31, 2020",Repayments of debt,us-gaap:RepaymentsOfLongTermLinesOfCredit,reported,
cash_flow,us-gaap:NetCashProvidedByUsedInFinancingActivities,Net cash used in financing activities,2Q21,441.0,CRM_SEC-XBRL-financials_as-presented_10-Q_2020-08-28_0001108524-20-000041.xlsx,Cash Flow,"Three Months Ended July 31, 2020",Net cash provided by (used in) financing activities,us-gaap:NetCashProvidedByUsedInFinancingActivities,reported,
cash_flow,us-gaap:EffectOfExchangeRateOnCashCashEquivalentsRestrictedCashAndRestrictedCashEquivalents,Effect of exchange rate changes,2Q21,3.0,CRM_SEC-XBRL-financials_as-presented_10-Q_2020-08-28_0001108524-20-000041.xlsx,Cash Flow,"Three Months Ended July 31, 2020",Effect of exchange rate changes,us-gaap:EffectOfExchangeRateOnCashCashEquivalentsRestrictedCashAndRestrictedCashEquivalents,reported,
cash_flow,us-gaap:CashCashEquivalentsRestrictedCashAndRestrictedCashEquivalentsPeriodIncreaseDecreaseIncludingExchangeRateEffect,Net increase (decrease) in cash and cash equivalents,2Q21,-1720.0,CRM_SEC-XBRL-financials_as-presented_10-Q_2020-08-28_0001108524-20-000041.xlsx,Cash Flow,"Three Months Ended July 31, 2020",Net increase (decrease) in cash and cash equivalents,us-gaap:CashCashEquivalentsRestrictedCashAndRestrictedCashEquivalentsPeriodIncreaseDecreaseIncludingExchangeRateEffect,reported,
cash_flow,us-gaap:CashCashEquivalentsRestrictedCashAndRestrictedCashEquivalents,"Cash and cash equivalents, beginning of period",2Q21,5772.0,CRM_SEC-XBRL-financials_as-presented_10-Q_2020-08-28_0001108524-20-000041.xlsx,Cash Flow,"Three Months Ended July 31, 2020","Cash and cash equivalents, beginning of period",us-gaap:CashCashEquivalentsRestrictedCashAndRestrictedCashEquivalents,reported,
income_statement,us-gaap:RevenueFromContractWithCustomerExcludingAssessedTax,Subscription and support,3Q21,5085.0,CRM_SEC-XBRL-financials_as-presented_10-Q_2020-12-04_0001108524-20-000047.xlsx,Income Statement,"Three Months Ended October 31, 2020",Subscription and support,us-gaap:RevenueFromContractWithCustomerExcludingAssessedTax,reported,
income_statement,us-gaap:RevenueFromContractWithCustomerExcludingAssessedTax,Subscription and support,9M21,14500.0,CRM_SEC-XBRL-financials_as-presented_10-Q_2020-12-04_0001108524-20-000047.xlsx,Income Statement,"Nine Months Ended October 31, 2020",Subscription and support,us-gaap:RevenueFromContractWithCustomerExcludingAssessedTax,reported,
income_statement,us-gaap:CostOfGoodsAndServicesSold,Subscription and support,3Q21,1060.0,CRM_SEC-XBRL-financials_as-presented_10-Q_2020-12-04_0001108524-20-000047.xlsx,Income Statement,"Three Months Ended October 31, 2020",Subscription and support,us-gaap:CostOfGoodsAndServicesSold,reported,
income_statement,us-gaap:CostOfGoodsAndServicesSold,Subscription and support,9M21,3039.0,CRM_SEC-XBRL-financials_as-presented_10-Q_2020-12-04_0001108524-20-000047.xlsx,Income Statement,"Nine Months Ended October 31, 2020",Subscription and support,us-gaap:CostOfGoodsAndServicesSold,reported,
income_statement,us-gaap:GrossProfit,Gross profit,3Q21,4025.0,CRM_SEC-XBRL-financials_as-presented_10-Q_2020-12-04_0001108524-20-000047.xlsx,Income Statement,"Three Months Ended October 31, 2020",Gross profit,us-gaap:GrossProfit,reported,
income_statement,us-gaap:GrossProfit,Gross profit,9M21,11476.0,CRM_SEC-XBRL-financials_as-presented_10-Q_2020-12-04_0001108524-20-000047.xlsx,Income Statement,"Nine Months Ended October 31, 2020",Gross profit,us-gaap:GrossProfit,reported,
income_statement,us-gaap:ResearchAndDevelopmentExpense,Research and development,3Q21,902.0,CRM_SEC-XBRL-financials_as-presented_10-Q_2020-12-04_0001108524-20-000047.xlsx,Income Statement,"Three Months Ended October 31, 2020",Research and development,us-gaap:ResearchAndDevelopmentExpense,reported,
income_statement,us-gaap:ResearchAndDevelopmentExpense,Research and development,9M21,2659.0,CRM_SEC-XBRL-financials_as-presented_10-Q_2020-12-04_0001108524-20-000047.xlsx,Income Statement,"Nine Months Ended October 31, 2020",Research and development,us-gaap:ResearchAndDevelopmentExpense,reported,
income_statement,us-gaap:SellingAndMarketingExpense,Sales and marketing,3Q21,2377.0,CRM_SEC-XBRL-financials_as-presented_10-Q_2020-12-04_0001108524-20-000047.xlsx,Income Statement,"Three Months Ended October 31, 2020",Marketing and sales,us-gaap:SellingAndMarketingExpense,reported,
income_statement,us-gaap:SellingAndMarketingExpense,Sales and marketing,9M21,7042.0,CRM_SEC-XBRL-financials_as-presented_10-Q_2020-12-04_0001108524-20-000047.xlsx,Income Statement,"Nine Months Ended October 31, 2020",Marketing and sales,us-gaap:SellingAndMarketingExpense,reported,
income_statement,us-gaap:GeneralAndAdministrativeExpense,General and administrative,3Q21,522.0,CRM_SEC-XBRL-financials_as-presented_10-Q_2020-12-04_0001108524-20-000047.xlsx,Income Statement,"Three Months Ended October 31, 2020",General and administrative,us-gaap:GeneralAndAdministrativeExpense,reported,
income_statement,us-gaap:GeneralAndAdministrativeExpense,General and administrative,9M21,1513.0,CRM_SEC-XBRL-financials_as-presented_10-Q_2020-12-04_0001108524-20-000047.xlsx,Income Statement,"Nine Months Ended October 31, 2020",General and administrative,us-gaap:GeneralAndAdministrativeExpense,reported,
income_statement,crm:FairValueAdjustmentLossOnRemainingPerformanceObligationsOfAgreements,Loss on settlement of Salesforce.org reseller agreement,3Q21,0.0,CRM_SEC-XBRL-financials_as-presented_10-Q_2020-12-04_0001108524-20-000047.xlsx,Income Statement,"Three Months Ended October 31, 2020",Loss on settlement of Salesforce.org reseller agreement,crm:FairValueAdjustmentLossOnRemainingPerformanceObligationsOfAgreements,reported,
income_statement,crm:FairValueAdjustmentLossOnRemainingPerformanceObligationsOfAgreements,Loss on settlement of Salesforce.org reseller agreement,9M21,0.0,CRM_SEC-XBRL-financials_as-presented_10-Q_2020-12-04_0001108524-20-000047.xlsx,Income Statement,"Nine Months Ended October 31, 2020",Loss on settlement of Salesforce.org reseller agreement,crm:FairValueAdjustmentLossOnRemainingPerformanceObligationsOfAgreements,reported,
income_statement,us-gaap:OperatingExpenses,Total operating expenses,3Q21,3801.0,CRM_SEC-XBRL-financials_as-presented_10-Q_2020-12-04_0001108524-20-000047.xlsx,Income Statement,"Three Months Ended October 31, 2020",Total operating expenses,us-gaap:OperatingExpenses,reported,
income_statement,us-gaap:OperatingExpenses,Total operating expenses,9M21,11214.0,CRM_SEC-XBRL-financials_as-presented_10-Q_2020-12-04_0001108524-20-000047.xlsx,Income Statement,"Nine Months Ended October 31, 2020",Total operating expenses,us-gaap:OperatingExpenses,reported,
income_statement,us-gaap:OperatingIncomeLoss,Income from operations,3Q21,224.0,CRM_SEC-XBRL-financials_as-presented_10-Q_2020-12-04_0001108524-20-000047.xlsx,Income Statement,"Three Months Ended October 31, 2020",Income from operations,us-gaap:OperatingIncomeLoss,reported,
income_statement,us-gaap:OperatingIncomeLoss,Income from operations,9M21,262.0,CRM_SEC-XBRL-financials_as-presented_10-Q_2020-12-04_0001108524-20-000047.xlsx,Income Statement,"Nine Months Ended October 31, 2020",Income from operations,us-gaap:OperatingIncomeLoss,reported,
income_statement,us-gaap:GainLossOnInvestments,"Gains (losses) on strategic investments, net",3Q21,1036.0,CRM_SEC-XBRL-financials_as-presented_10-Q_2020-12-04_0001108524-20-000047.xlsx,Income Statement,"Three Months Ended October 31, 2020","Gains on strategic investments, net (3)",us-gaap:GainLossOnInvestments,reported,
income_statement,us-gaap:GainLossOnInvestments,"Gains (losses) on strategic investments, net",9M21,1910.0,CRM_SEC-XBRL-financials_as-presented_10-Q_2020-12-04_0001108524-20-000047.xlsx,Income Statement,"Nine Months Ended October 31, 2020","Gains on strategic investments, net (3)",us-gaap:GainLossOnInvestments,reported,
income_statement,us-gaap:OtherNonoperatingExpense,Other expense,3Q21,-10.0,CRM_SEC-XBRL-financials_as-presented_10-Q_2020-12-04_0001108524-20-000047.xlsx,Income Statement,"Three Months Ended October 31, 2020",Other expense,us-gaap:OtherNonoperatingExpense,reported,
income_statement,us-gaap:OtherNonoperatingExpense,Other expense,9M21,-36.0,CRM_SEC-XBRL-financials_as-presented_10-Q_2020-12-04_0001108524-20-000047.xlsx,Income Statement,"Nine Months Ended October 31, 2020",Other expense,us-gaap:OtherNonoperatingExpense,reported,
income_statement,us-gaap:IncomeLossFromContinuingOperationsBeforeIncomeTaxesMinorityInterestAndIncomeLossFromEquityMethodInvestments,Income before benefit from (provision for) income taxes,3Q21,1250.0,CRM_SEC-XBRL-financials_as-presented_10-Q_2020-12-04_0001108524-20-000047.xlsx,Income Statement,"Three Months Ended October 31, 2020",Income before benefit from (provision for) income taxes,us-gaap:IncomeLossFromContinuingOperationsBeforeIncomeTaxesMinorityInterestAndIncomeLossFromEquityMethodInvestments,reported,
income_statement,us-gaap:IncomeLossFromContinuingOperationsBeforeIncomeTaxesMinorityInterestAndIncomeLossFromEquityMethodInvestments,Income before benefit from (provision for) income taxes,9M21,2136.0,CRM_SEC-XBRL-financials_as-presented_10-Q_2020-12-04_0001108524-20-000047.xlsx,Income Statement,"Nine Months Ended October 31, 2020",Income before benefit from (provision for) income taxes,us-gaap:IncomeLossFromContinuingOperationsBeforeIncomeTaxesMinorityInterestAndIncomeLossFromEquityMethodInvestments,reported,
income_statement,us-gaap:IncomeTaxExpenseBenefit,Provision for income taxes,3Q21,-169.0,CRM_SEC-XBRL-financials_as-presented_10-Q_2020-12-04_0001108524-20-000047.xlsx,Income Statement,"Three Months Ended October 31, 2020",Benefit from (provision for) income taxes (4),us-gaap:IncomeTaxExpenseBenefit,reported,
income_statement,us-gaap:IncomeTaxExpenseBenefit,Provision for income taxes,9M21,1669.0,CRM_SEC-XBRL-financials_as-presented_10-Q_2020-12-04_0001108524-20-000047.xlsx,Income Statement,"Nine Months Ended October 31, 2020",Benefit from (provision for) income taxes (4),us-gaap:IncomeTaxExpenseBenefit,reported,
income_statement,us-gaap:NetIncomeLoss,Net income,3Q21,1081.0,CRM_SEC-XBRL-financials_as-presented_10-Q_2020-12-04_0001108524-20-000047.xlsx,Income Statement,"Three Months Ended October 31, 2020",Net income (loss),us-gaap:NetIncomeLoss,reported,
income_statement,us-gaap:NetIncomeLoss,Net income,9M21,3805.0,CRM_SEC-XBRL-financials_as-presented_10-Q_2020-12-04_0001108524-20-000047.xlsx,Income Statement,"Nine Months Ended October 31, 2020",Net income (loss),us-gaap:NetIncomeLoss,reported,
income_statement,us-gaap:EarningsPerShareBasic,Basic net income per share,3Q21,1.19,CRM_SEC-XBRL-financials_as-presented_10-Q_2020-12-04_0001108524-20-000047.xlsx,Income Statement,"Three Months Ended October 31, 2020",Basic net income (loss) per share,us-gaap:EarningsPerShareBasic,reported,
income_statement,us-gaap:EarningsPerShareBasic,Basic net income per share,9M21,4.2,CRM_SEC-XBRL-financials_as-presented_10-Q_2020-12-04_0001108524-20-000047.xlsx,Income Statement,"Nine Months Ended October 31, 2020",Basic net income (loss) per share,us-gaap:EarningsPerShareBasic,reported,
income_statement,us-gaap:EarningsPerShareDiluted,Diluted net income per share,3Q21,1.15,CRM_SEC-XBRL-financials_as-presented_10-Q_2020-12-04_0001108524-20-000047.xlsx,Income Statement,"Three Months Ended October 31, 2020",Diluted net income (loss) per share,us-gaap:EarningsPerShareDiluted,reported,
income_statement,us-gaap:EarningsPerShareDiluted,Diluted net income per share,9M21,4.11,CRM_SEC-XBRL-financials_as-presented_10-Q_2020-12-04_0001108524-20-000047.xlsx,Income Statement,"Nine Months Ended October 31, 2020",Diluted net income (loss) per share,us-gaap:EarningsPerShareDiluted,reported,
income_statement,us-gaap:WeightedAverageNumberOfSharesOutstandingBasic,Shares used in computing basic net income per share,3Q21,911.0,CRM_SEC-XBRL-financials_as-presented_10-Q_2020-12-04_0001108524-20-000047.xlsx,Income Statement,"Three Months Ended October 31, 2020",Shares used in computing basic net income (loss) per share,us-gaap:WeightedAverageNumberOfSharesOutstandingBasic,reported,
income_statement,us-gaap:WeightedAverageNumberOfSharesOutstandingBasic,Shares used in computing basic net income per share,9M21,905.0,CRM_SEC-XBRL-financials_as-presented_10-Q_2020-12-04_0001108524-20-000047.xlsx,Income Statement,"Nine Months Ended October 31, 2020",Shares used in computing basic net income (loss) per share,us-gaap:WeightedAverageNumberOfSharesOutstandingBasic,reported,
income_statement,us-gaap:WeightedAverageNumberOfDilutedSharesOutstanding,Shares used in computing diluted net income per share,3Q21,939.0,CRM_SEC-XBRL-financials_as-presented_10-Q_2020-12-04_0001108524-20-000047.xlsx,Income Statement,"Three Months Ended October 31, 2020",Shares used in computing diluted net income (loss) per share,us-gaap:WeightedAverageNumberOfDilutedSharesOutstanding,reported,
income_statement,us-gaap:WeightedAverageNumberOfDilutedSharesOutstanding,Shares used in computing diluted net income per share,9M21,926.0,CRM_SEC-XBRL-financials_as-presented_10-Q_2020-12-04_0001108524-20-000047.xlsx,Income Statement,"Nine Months Ended October 31, 2020",Shares used in computing diluted net income (loss) per share,us-gaap:WeightedAverageNumberOfDilutedSharesOutstanding,reported,
balance_sheet,us-gaap:CashAndCashEquivalentsAtCarryingValue,Cash and cash equivalents,3Q21,3724.0,CRM_SEC-XBRL-financials_as-presented_10-Q_2020-12-04_0001108524-20-000047.xlsx,Balance Sheet,"October 31, 2020 (unaudited)",Cash and cash equivalents,us-gaap:CashAndCashEquivalentsAtCarryingValue,reported,
balance_sheet,us-gaap:AvailableForSaleSecuritiesDebtSecuritiesCurrent,Marketable securities,3Q21,5768.0,CRM_SEC-XBRL-financials_as-presented_10-Q_2020-12-04_0001108524-20-000047.xlsx,Balance Sheet,"October 31, 2020 (unaudited)",Marketable securities,us-gaap:AvailableForSaleSecuritiesDebtSecuritiesCurrent,reported,
balance_sheet,us-gaap:AccountsReceivableNetCurrent,"Accounts receivable, net",3Q21,3316.0,CRM_SEC-XBRL-financials_as-presented_10-Q_2020-12-04_0001108524-20-000047.xlsx,Balance Sheet,"October 31, 2020 (unaudited)","Accounts receivable, net",us-gaap:AccountsReceivableNetCurrent,reported,
balance_sheet,us-gaap:CapitalizedContractCostNetCurrent,"Costs capitalized to obtain revenue contracts, net",3Q21,1017.0,CRM_SEC-XBRL-financials_as-presented_10-Q_2020-12-04_0001108524-20-000047.xlsx,Balance Sheet,"October 31, 2020 (unaudited)","Costs capitalized to obtain revenue contracts, net",us-gaap:CapitalizedContractCostNetCurrent,reported,
balance_sheet,us-gaap:PrepaidExpenseAndOtherAssetsCurrent,Prepaid expenses and other current assets,3Q21,1121.0,CRM_SEC-XBRL-financials_as-presented_10-Q_2020-12-04_0001108524-20-000047.xlsx,Balance Sheet,"October 31, 2020 (unaudited)",Prepaid expenses and other current assets,us-gaap:PrepaidExpenseAndOtherAssetsCurrent,reported,
balance_sheet,us-gaap:AssetsCurrent,Total current assets,3Q21,14946.0,CRM_SEC-XBRL-financials_as-presented_10-Q_2020-12-04_0001108524-20-000047.xlsx,Balance Sheet,"October 31, 2020 (unaudited)",Total current assets,us-gaap:AssetsCurrent,reported,
balance_sheet,us-gaap:PropertyPlantAndEquipmentNet,"Property and equipment, net",3Q21,2564.0,CRM_SEC-XBRL-financials_as-presented_10-Q_2020-12-04_0001108524-20-000047.xlsx,Balance Sheet,"October 31, 2020 (unaudited)","Property and equipment, net",us-gaap:PropertyPlantAndEquipmentNet,reported,
balance_sheet,us-gaap:OperatingLeaseRightOfUseAsset,"Operating lease right-of-use assets, net",3Q21,2962.0,CRM_SEC-XBRL-financials_as-presented_10-Q_2020-12-04_0001108524-20-000047.xlsx,Balance Sheet,"October 31, 2020 (unaudited)","Operating lease right-of-use assets, net",us-gaap:OperatingLeaseRightOfUseAsset,reported,
balance_sheet,us-gaap:CapitalizedContractCostNetNoncurrent,"Noncurrent costs capitalized to obtain revenue contracts, net",3Q21,1462.0,CRM_SEC-XBRL-financials_as-presented_10-Q_2020-12-04_0001108524-20-000047.xlsx,Balance Sheet,"October 31, 2020 (unaudited)","Noncurrent costs capitalized to obtain revenue contracts, net",us-gaap:CapitalizedContractCostNetNoncurrent,reported,
balance_sheet,us-gaap:OtherLongTermInvestments,Strategic investments,3Q21,3927.0,CRM_SEC-XBRL-financials_as-presented_10-Q_2020-12-04_0001108524-20-000047.xlsx,Balance Sheet,"October 31, 2020 (unaudited)",Strategic investments,us-gaap:OtherLongTermInvestments,reported,
balance_sheet,us-gaap:Goodwill,Goodwill,3Q21,26313.0,CRM_SEC-XBRL-financials_as-presented_10-Q_2020-12-04_0001108524-20-000047.xlsx,Balance Sheet,"October 31, 2020 (unaudited)",Goodwill,us-gaap:Goodwill,reported,
balance_sheet,us-gaap:IntangibleAssetsNetExcludingGoodwill,"Intangible assets acquired through business combinations, net",3Q21,4398.0,CRM_SEC-XBRL-financials_as-presented_10-Q_2020-12-04_0001108524-20-000047.xlsx,Balance Sheet,"October 31, 2020 (unaudited)","Intangible assets acquired through business combinations, net",us-gaap:IntangibleAssetsNetExcludingGoodwill,reported,
balance_sheet,us-gaap:OtherAssetsNoncurrent,"Deferred tax assets and other assets, net",3Q21,2564.0,CRM_SEC-XBRL-financials_as-presented_10-Q_2020-12-04_0001108524-20-000047.xlsx,Balance Sheet,"October 31, 2020 (unaudited)","Deferred tax assets and other assets, net",us-gaap:OtherAssetsNoncurrent,reported,
balance_sheet,us-gaap:Assets,Total assets,3Q21,59136.0,CRM_SEC-XBRL-financials_as-presented_10-Q_2020-12-04_0001108524-20-000047.xlsx,Balance Sheet,"October 31, 2020 (unaudited)",Total assets,us-gaap:Assets,reported,
balance_sheet,us-gaap:AccountsPayableAndOtherAccruedLiabilitiesCurrent,"Accounts payable, accrued expenses and other liabilities",3Q21,3546.0,CRM_SEC-XBRL-financials_as-presented_10-Q_2020-12-04_0001108524-20-000047.xlsx,Balance Sheet,"October 31, 2020 (unaudited)","Accounts payable, accrued expenses and other liabilities",us-gaap:AccountsPayableAndOtherAccruedLiabilitiesCurrent,reported,
balance_sheet,us-gaap:OperatingLeaseLiabilityCurrent,"Operating lease liabilities, current",3Q21,765.0,CRM_SEC-XBRL-financials_as-presented_10-Q_2020-12-04_0001108524-20-000047.xlsx,Balance Sheet,"October 31, 2020 (unaudited)","Operating lease liabilities, current",us-gaap:OperatingLeaseLiabilityCurrent,reported,
balance_sheet,us-gaap:ContractWithCustomerLiabilityCurrent,Unearned revenue,3Q21,7923.0,CRM_SEC-XBRL-financials_as-presented_10-Q_2020-12-04_0001108524-20-000047.xlsx,Balance Sheet,"October 31, 2020 (unaudited)",Unearned revenue,us-gaap:ContractWithCustomerLiabilityCurrent,reported,
balance_sheet,us-gaap:LiabilitiesCurrent,Total current liabilities,3Q21,12234.0,CRM_SEC-XBRL-financials_as-presented_10-Q_2020-12-04_0001108524-20-000047.xlsx,Balance Sheet,"October 31, 2020 (unaudited)",Total current liabilities,us-gaap:LiabilitiesCurrent,reported,
balance_sheet,us-gaap:LongTermDebtNoncurrent,Noncurrent debt,3Q21,2672.0,CRM_SEC-XBRL-financials_as-presented_10-Q_2020-12-04_0001108524-20-000047.xlsx,Balance Sheet,"October 31, 2020 (unaudited)",Noncurrent debt,us-gaap:LongTermDebtNoncurrent,reported,
balance_sheet,us-gaap:OperatingLeaseLiabilityNoncurrent,Noncurrent operating lease liabilities,3Q21,2403.0,CRM_SEC-XBRL-financials_as-presented_10-Q_2020-12-04_0001108524-20-000047.xlsx,Balance Sheet,"October 31, 2020 (unaudited)",Noncurrent operating lease liabilities,us-gaap:OperatingLeaseLiabilityNoncurrent,reported,
balance_sheet,us-gaap:OtherLiabilitiesNoncurrent,Other noncurrent liabilities,3Q21,1517.0,CRM_SEC-XBRL-financials_as-presented_10-Q_2020-12-04_0001108524-20-000047.xlsx,Balance Sheet,"October 31, 2020 (unaudited)",Other noncurrent liabilities,us-gaap:OtherLiabilitiesNoncurrent,reported,
balance_sheet,us-gaap:Liabilities,Total liabilities,3Q21,18826.0,CRM_SEC-XBRL-financials_as-presented_10-Q_2020-12-04_0001108524-20-000047.xlsx,Balance Sheet,"October 31, 2020 (unaudited)",Total liabilities,us-gaap:Liabilities,reported,
balance_sheet,us-gaap:CommonStockValue,Common stock,3Q21,1.0,CRM_SEC-XBRL-financials_as-presented_10-Q_2020-12-04_0001108524-20-000047.xlsx,Balance Sheet,"October 31, 2020 (unaudited)",Common stock,us-gaap:CommonStockValue,reported,
balance_sheet,us-gaap:AdditionalPaidInCapitalCommonStock,Additional paid-in capital,3Q21,34727.0,CRM_SEC-XBRL-financials_as-presented_10-Q_2020-12-04_0001108524-20-000047.xlsx,Balance Sheet,"October 31, 2020 (unaudited)",Additional paid-in capital,us-gaap:AdditionalPaidInCapitalCommonStock,reported,
balance_sheet,us-gaap:AccumulatedOtherComprehensiveIncomeLossNetOfTax,Accumulated other comprehensive income (loss),3Q21,-84.0,CRM_SEC-XBRL-financials_as-presented_10-Q_2020-12-04_0001108524-20-000047.xlsx,Balance Sheet,"October 31, 2020 (unaudited)",Accumulated other comprehensive loss,us-gaap:AccumulatedOtherComprehensiveIncomeLossNetOfTax,reported,
balance_sheet,us-gaap:RetainedEarningsAccumulatedDeficit,Retained earnings,3Q21,5666.0,CRM_SEC-XBRL-financials_as-presented_10-Q_2020-12-04_0001108524-20-000047.xlsx,Balance Sheet,"October 31, 2020 (unaudited)",Retained earnings,us-gaap:RetainedEarningsAccumulatedDeficit,reported,
balance_sheet,us-gaap:StockholdersEquity,Total stockholders’ equity,3Q21,40310.0,CRM_SEC-XBRL-financials_as-presented_10-Q_2020-12-04_0001108524-20-000047.xlsx,Balance Sheet,"October 31, 2020 (unaudited)",Total stockholders’ equity,us-gaap:StockholdersEquity,reported,
balance_sheet,us-gaap:LiabilitiesAndStockholdersEquity,Total liabilities and stockholders’ equity,3Q21,59136.0,CRM_SEC-XBRL-financials_as-presented_10-Q_2020-12-04_0001108524-20-000047.xlsx,Balance Sheet,"October 31, 2020 (unaudited)",Total liabilities and stockholders’ equity,us-gaap:LiabilitiesAndStockholdersEquity,reported,
cash_flow,us-gaap:NetIncomeLoss,Net income,3Q21,1081.0,CRM_SEC-XBRL-financials_as-presented_10-Q_2020-12-04_0001108524-20-000047.xlsx,Cash Flow,"Three Months Ended October 31, 2020",Net income (loss),us-gaap:NetIncomeLoss,reported,
cash_flow,us-gaap:NetIncomeLoss,Net income,9M21,3805.0,CRM_SEC-XBRL-financials_as-presented_10-Q_2020-12-04_0001108524-20-000047.xlsx,Cash Flow,"Nine Months Ended October 31, 2020",Net income (loss),us-gaap:NetIncomeLoss,reported,
cash_flow,us-gaap:DepreciationAndAmortization,Depreciation and amortization (1),3Q21,670.0,CRM_SEC-XBRL-financials_as-presented_10-Q_2020-12-04_0001108524-20-000047.xlsx,Cash Flow,"Three Months Ended October 31, 2020",Depreciation and amortization,us-gaap:DepreciationAndAmortization,reported,
cash_flow,us-gaap:DepreciationAndAmortization,Depreciation and amortization (1),9M21,1977.0,CRM_SEC-XBRL-financials_as-presented_10-Q_2020-12-04_0001108524-20-000047.xlsx,Cash Flow,"Nine Months Ended October 31, 2020",Depreciation and amortization,us-gaap:DepreciationAndAmortization,reported,
cash_flow,us-gaap:CapitalizedContractCostAmortization,"Amortization of costs capitalized to obtain revenue contracts, net",3Q21,271.0,CRM_SEC-XBRL-financials_as-presented_10-Q_2020-12-04_0001108524-20-000047.xlsx,Cash Flow,"Three Months Ended October 31, 2020","Amortization of costs capitalized to obtain revenue contracts, net",us-gaap:CapitalizedContractCostAmortization,reported,
cash_flow,us-gaap:CapitalizedContractCostAmortization,"Amortization of costs capitalized to obtain revenue contracts, net",9M21,768.0,CRM_SEC-XBRL-financials_as-presented_10-Q_2020-12-04_0001108524-20-000047.xlsx,Cash Flow,"Nine Months Ended October 31, 2020","Amortization of costs capitalized to obtain revenue contracts, net",us-gaap:CapitalizedContractCostAmortization,reported,
cash_flow,us-gaap:ShareBasedCompensation,Stock-based compensation expense,3Q21,566.0,CRM_SEC-XBRL-financials_as-presented_10-Q_2020-12-04_0001108524-20-000047.xlsx,Cash Flow,"Three Months Ended October 31, 2020",Expenses related to employee stock plans,us-gaap:ShareBasedCompensation,reported,
cash_flow,us-gaap:ShareBasedCompensation,Stock-based compensation expense,9M21,1648.0,CRM_SEC-XBRL-financials_as-presented_10-Q_2020-12-04_0001108524-20-000047.xlsx,Cash Flow,"Nine Months Ended October 31, 2020",Expenses related to employee stock plans,us-gaap:ShareBasedCompensation,reported,
cash_flow,crm:FairValueAdjustmentLossOnRemainingPerformanceObligationsOfAgreements,Loss on settlement of Salesforce.org reseller agreement,3Q21,0.0,CRM_SEC-XBRL-financials_as-presented_10-Q_2020-12-04_0001108524-20-000047.xlsx,Cash Flow,"Three Months Ended October 31, 2020",Loss on settlement of Salesforce.org reseller agreement,crm:FairValueAdjustmentLossOnRemainingPerformanceObligationsOfAgreements,reported,
cash_flow,crm:FairValueAdjustmentLossOnRemainingPerformanceObligationsOfAgreements,Loss on settlement of Salesforce.org reseller agreement,9M21,0.0,CRM_SEC-XBRL-financials_as-presented_10-Q_2020-12-04_0001108524-20-000047.xlsx,Cash Flow,"Nine Months Ended October 31, 2020",Loss on settlement of Salesforce.org reseller agreement,crm:FairValueAdjustmentLossOnRemainingPerformanceObligationsOfAgreements,reported,
cash_flow,us-gaap:GainLossOnInvestments,"(Gains) losses on strategic investments, net",3Q21,-1036.0,CRM_SEC-XBRL-financials_as-presented_10-Q_2020-12-04_0001108524-20-000047.xlsx,Cash Flow,"Three Months Ended October 31, 2020","Gains on strategic investments, net",us-gaap:GainLossOnInvestments,reported,
cash_flow,us-gaap:GainLossOnInvestments,"(Gains) losses on strategic investments, net",9M21,-1910.0,CRM_SEC-XBRL-financials_as-presented_10-Q_2020-12-04_0001108524-20-000047.xlsx,Cash Flow,"Nine Months Ended October 31, 2020","Gains on strategic investments, net",us-gaap:GainLossOnInvestments,reported,
cash_flow,us-gaap:DeferredIncomeTaxExpenseBenefit,Tax benefit from intra-entity transfer of intangible property,3Q21,0.0,CRM_SEC-XBRL-financials_as-presented_10-Q_2020-12-04_0001108524-20-000047.xlsx,Cash Flow,"Three Months Ended October 31, 2020",Tax benefit from intra-entity transfer of intangible property,us-gaap:DeferredIncomeTaxExpenseBenefit,reported,
cash_flow,us-gaap:DeferredIncomeTaxExpenseBenefit,Tax benefit from intra-entity transfer of intangible property,9M21,-2003.0,CRM_SEC-XBRL-financials_as-presented_10-Q_2020-12-04_0001108524-20-000047.xlsx,Cash Flow,"Nine Months Ended October 31, 2020",Tax benefit from intra-entity transfer of intangible property,us-gaap:DeferredIncomeTaxExpenseBenefit,reported,
cash_flow,us-gaap:IncreaseDecreaseInAccountsReceivable,"Accounts receivable, net",3Q21,128.0,CRM_SEC-XBRL-financials_as-presented_10-Q_2020-12-04_0001108524-20-000047.xlsx,Cash Flow,"Three Months Ended October 31, 2020","Accounts receivable, net",us-gaap:IncreaseDecreaseInAccountsReceivable,reported,
cash_flow,us-gaap:IncreaseDecreaseInAccountsReceivable,"Accounts receivable, net",9M21,2873.0,CRM_SEC-XBRL-financials_as-presented_10-Q_2020-12-04_0001108524-20-000047.xlsx,Cash Flow,"Nine Months Ended October 31, 2020","Accounts receivable, net",us-gaap:IncreaseDecreaseInAccountsReceivable,reported,
cash_flow,crm:IncreaseDecreaseInCapitalizedContractCosts,"Costs capitalized to obtain revenue contracts, net",3Q21,-493.0,CRM_SEC-XBRL-financials_as-presented_10-Q_2020-12-04_0001108524-20-000047.xlsx,Cash Flow,"Three Months Ended October 31, 2020","Costs capitalized to obtain revenue contracts, net",crm:IncreaseDecreaseInCapitalizedContractCosts,reported,
cash_flow,crm:IncreaseDecreaseInCapitalizedContractCosts,"Costs capitalized to obtain revenue contracts, net",9M21,-973.0,CRM_SEC-XBRL-financials_as-presented_10-Q_2020-12-04_0001108524-20-000047.xlsx,Cash Flow,"Nine Months Ended October 31, 2020","Costs capitalized to obtain revenue contracts, net",crm:IncreaseDecreaseInCapitalizedContractCosts,reported,
cash_flow,us-gaap:IncreaseDecreaseInPrepaidDeferredExpenseAndOtherAssets,Prepaid expenses and other current assets and other assets,3Q21,80.0,CRM_SEC-XBRL-financials_as-presented_10-Q_2020-12-04_0001108524-20-000047.xlsx,Cash Flow,"Three Months Ended October 31, 2020",Prepaid expenses and other current assets and other assets,us-gaap:IncreaseDecreaseInPrepaidDeferredExpenseAndOtherAssets,reported,
cash_flow,us-gaap:IncreaseDecreaseInPrepaidDeferredExpenseAndOtherAssets,Prepaid expenses and other current assets and other assets,9M21,-134.0,CRM_SEC-XBRL-financials_as-presented_10-Q_2020-12-04_0001108524-20-000047.xlsx,Cash Flow,"Nine Months Ended October 31, 2020",Prepaid expenses and other current assets and other assets,us-gaap:IncreaseDecreaseInPrepaidDeferredExpenseAndOtherAssets,reported,
cash_flow,us-gaap:IncreaseDecreaseInAccountsPayableAndAccruedLiabilities,Accounts payable and accrued expenses and other liabilities,3Q21,68.0,CRM_SEC-XBRL-financials_as-presented_10-Q_2020-12-04_0001108524-20-000047.xlsx,Cash Flow,"Three Months Ended October 31, 2020",Accounts payable and accrued expenses and other liabilities,us-gaap:IncreaseDecreaseInAccountsPayableAndAccruedLiabilities,reported,
cash_flow,us-gaap:IncreaseDecreaseInAccountsPayableAndAccruedLiabilities,Accounts payable and accrued expenses and other liabilities,9M21,4.0,CRM_SEC-XBRL-financials_as-presented_10-Q_2020-12-04_0001108524-20-000047.xlsx,Cash Flow,"Nine Months Ended October 31, 2020",Accounts payable and accrued expenses and other liabilities,us-gaap:IncreaseDecreaseInAccountsPayableAndAccruedLiabilities,reported,
cash_flow,us-gaap:IncreaseDecreaseInOperatingLeaseLiability,Operating lease liabilities,3Q21,-204.0,CRM_SEC-XBRL-financials_as-presented_10-Q_2020-12-04_0001108524-20-000047.xlsx,Cash Flow,"Three Months Ended October 31, 2020",Operating lease liabilities,crm:IncreaseDecreaseInOperatingLeaseLiabilities,reported,
cash_flow,us-gaap:IncreaseDecreaseInOperatingLeaseLiability,Operating lease liabilities,9M21,-616.0,CRM_SEC-XBRL-financials_as-presented_10-Q_2020-12-04_0001108524-20-000047.xlsx,Cash Flow,"Nine Months Ended October 31, 2020",Operating lease liabilities,crm:IncreaseDecreaseInOperatingLeaseLiabilities,reported,
cash_flow,us-gaap:IncreaseDecreaseInContractWithCustomerLiability,Unearned revenue,3Q21,-792.0,CRM_SEC-XBRL-financials_as-presented_10-Q_2020-12-04_0001108524-20-000047.xlsx,Cash Flow,"Three Months Ended October 31, 2020",Unearned revenue,us-gaap:IncreaseDecreaseInContractWithCustomerLiability,reported,
cash_flow,us-gaap:IncreaseDecreaseInContractWithCustomerLiability,Unearned revenue,9M21,-2812.0,CRM_SEC-XBRL-financials_as-presented_10-Q_2020-12-04_0001108524-20-000047.xlsx,Cash Flow,"Nine Months Ended October 31, 2020",Unearned revenue,us-gaap:IncreaseDecreaseInContractWithCustomerLiability,reported,
cash_flow,us-gaap:NetCashProvidedByUsedInOperatingActivities,Net cash provided by operating activities,3Q21,339.0,CRM_SEC-XBRL-financials_as-presented_10-Q_2020-12-04_0001108524-20-000047.xlsx,Cash Flow,"Three Months Ended October 31, 2020",Net cash provided by operating activities,us-gaap:NetCashProvidedByUsedInOperatingActivities,reported,
cash_flow,us-gaap:NetCashProvidedByUsedInOperatingActivities,Net cash provided by operating activities,9M21,2627.0,CRM_SEC-XBRL-financials_as-presented_10-Q_2020-12-04_0001108524-20-000047.xlsx,Cash Flow,"Nine Months Ended October 31, 2020",Net cash provided by operating activities,us-gaap:NetCashProvidedByUsedInOperatingActivities,reported,
cash_flow,us-gaap:PaymentsToAcquireBusinessesNetOfCashAcquired,"Business combinations, net of cash acquired",3Q21,-24.0,CRM_SEC-XBRL-financials_as-presented_10-Q_2020-12-04_0001108524-20-000047.xlsx,Cash Flow,"Three Months Ended October 31, 2020","Business combinations, net of cash acquired",us-gaap:PaymentsToAcquireBusinessesNetOfCashAcquired,reported,
cash_flow,us-gaap:PaymentsToAcquireBusinessesNetOfCashAcquired,"Business combinations, net of cash acquired",9M21,-1281.0,CRM_SEC-XBRL-financials_as-presented_10-Q_2020-12-04_0001108524-20-000047.xlsx,Cash Flow,"Nine Months Ended October 31, 2020","Business combinations, net of cash acquired",us-gaap:PaymentsToAcquireBusinessesNetOfCashAcquired,reported,
cash_flow,us-gaap:PaymentsToAcquireLongtermInvestments,Purchases of strategic investments,3Q21,-368.0,CRM_SEC-XBRL-financials_as-presented_10-Q_2020-12-04_0001108524-20-000047.xlsx,Cash Flow,"Three Months Ended October 31, 2020",Purchases of strategic investments,us-gaap:PaymentsToAcquireLongtermInvestments,reported,
cash_flow,us-gaap:PaymentsToAcquireLongtermInvestments,Purchases of strategic investments,9M21,-942.0,CRM_SEC-XBRL-financials_as-presented_10-Q_2020-12-04_0001108524-20-000047.xlsx,Cash Flow,"Nine Months Ended October 31, 2020",Purchases of strategic investments,us-gaap:PaymentsToAcquireLongtermInvestments,reported,
cash_flow,us-gaap:ProceedsFromSaleOfLongtermInvestments,Sales of strategic investments,3Q21,33.0,CRM_SEC-XBRL-financials_as-presented_10-Q_2020-12-04_0001108524-20-000047.xlsx,Cash Flow,"Three Months Ended October 31, 2020",Sales of strategic investments,us-gaap:ProceedsFromSaleOfLongtermInvestments,reported,
cash_flow,us-gaap:ProceedsFromSaleOfLongtermInvestments,Sales of strategic investments,9M21,685.0,CRM_SEC-XBRL-financials_as-presented_10-Q_2020-12-04_0001108524-20-000047.xlsx,Cash Flow,"Nine Months Ended October 31, 2020",Sales of strategic investments,us-gaap:ProceedsFromSaleOfLongtermInvestments,reported,
cash_flow,us-gaap:PaymentsToAcquireAvailableForSaleSecuritiesDebt,Purchases of marketable securities,3Q21,-1453.0,CRM_SEC-XBRL-financials_as-presented_10-Q_2020-12-04_0001108524-20-000047.xlsx,Cash Flow,"Three Months Ended October 31, 2020",Purchases of marketable securities,us-gaap:PaymentsToAcquireAvailableForSaleSecuritiesDebt,reported,
cash_flow,us-gaap:PaymentsToAcquireAvailableForSaleSecuritiesDebt,Purchases of marketable securities,9M21,-3968.0,CRM_SEC-XBRL-financials_as-presented_10-Q_2020-12-04_0001108524-20-000047.xlsx,Cash Flow,"Nine Months Ended October 31, 2020",Purchases of marketable securities,us-gaap:PaymentsToAcquireAvailableForSaleSecuritiesDebt,reported,
cash_flow,us-gaap:ProceedsFromSaleOfAvailableForSaleSecuritiesDebt,Sales of marketable securities,3Q21,662.0,CRM_SEC-XBRL-financials_as-presented_10-Q_2020-12-04_0001108524-20-000047.xlsx,Cash Flow,"Three Months Ended October 31, 2020",Sales of marketable securities,us-gaap:ProceedsFromSaleOfAvailableForSaleSecuritiesDebt,reported,
cash_flow,us-gaap:ProceedsFromSaleOfAvailableForSaleSecuritiesDebt,Sales of marketable securities,9M21,1206.0,CRM_SEC-XBRL-financials_as-presented_10-Q_2020-12-04_0001108524-20-000047.xlsx,Cash Flow,"Nine Months Ended October 31, 2020",Sales of marketable securities,us-gaap:ProceedsFromSaleOfAvailableForSaleSecuritiesDebt,reported,
cash_flow,us-gaap:ProceedsFromMaturitiesPrepaymentsAndCallsOfAvailableForSaleSecurities,Maturities of marketable securities,3Q21,239.0,CRM_SEC-XBRL-financials_as-presented_10-Q_2020-12-04_0001108524-20-000047.xlsx,Cash Flow,"Three Months Ended October 31, 2020",Maturities of marketable securities,us-gaap:ProceedsFromMaturitiesPrepaymentsAndCallsOfAvailableForSaleSecurities,reported,
cash_flow,us-gaap:ProceedsFromMaturitiesPrepaymentsAndCallsOfAvailableForSaleSecurities,Maturities of marketable securities,9M21,796.0,CRM_SEC-XBRL-financials_as-presented_10-Q_2020-12-04_0001108524-20-000047.xlsx,Cash Flow,"Nine Months Ended October 31, 2020",Maturities of marketable securities,us-gaap:ProceedsFromMaturitiesPrepaymentsAndCallsOfAvailableForSaleSecurities,reported,
cash_flow,us-gaap:PaymentsToAcquirePropertyPlantAndEquipment,Capital expenditures,3Q21,-124.0,CRM_SEC-XBRL-financials_as-presented_10-Q_2020-12-04_0001108524-20-000047.xlsx,Cash Flow,"Three Months Ended October 31, 2020",Capital expenditures,us-gaap:PaymentsToAcquirePropertyPlantAndEquipment,reported,
cash_flow,us-gaap:PaymentsToAcquirePropertyPlantAndEquipment,Capital expenditures,9M21,-561.0,CRM_SEC-XBRL-financials_as-presented_10-Q_2020-12-04_0001108524-20-000047.xlsx,Cash Flow,"Nine Months Ended October 31, 2020",Capital expenditures,us-gaap:PaymentsToAcquirePropertyPlantAndEquipment,reported,
cash_flow,us-gaap:NetCashProvidedByUsedInInvestingActivities,Net cash used in investing activities,3Q21,-1035.0,CRM_SEC-XBRL-financials_as-presented_10-Q_2020-12-04_0001108524-20-000047.xlsx,Cash Flow,"Three Months Ended October 31, 2020",Net cash provided by (used in) investing activities,us-gaap:NetCashProvidedByUsedInInvestingActivities,reported,
cash_flow,us-gaap:NetCashProvidedByUsedInInvestingActivities,Net cash used in investing activities,9M21,-4065.0,CRM_SEC-XBRL-financials_as-presented_10-Q_2020-12-04_0001108524-20-000047.xlsx,Cash Flow,"Nine Months Ended October 31, 2020",Net cash provided by (used in) investing activities,us-gaap:NetCashProvidedByUsedInInvestingActivities,reported,
cash_flow,us-gaap:ProceedsFromStockPlans,Proceeds from employee stock plans,3Q21,381.0,CRM_SEC-XBRL-financials_as-presented_10-Q_2020-12-04_0001108524-20-000047.xlsx,Cash Flow,"Three Months Ended October 31, 2020",Proceeds from employee stock plans,us-gaap:ProceedsFromStockPlans,reported,
cash_flow,us-gaap:ProceedsFromStockPlans,Proceeds from employee stock plans,9M21,1105.0,CRM_SEC-XBRL-financials_as-presented_10-Q_2020-12-04_0001108524-20-000047.xlsx,Cash Flow,"Nine Months Ended October 31, 2020",Proceeds from employee stock plans,us-gaap:ProceedsFromStockPlans,reported,
cash_flow,us-gaap:FinanceLeasePrincipalPayments,Principal payments on financing obligations,3Q21,-12.0,CRM_SEC-XBRL-financials_as-presented_10-Q_2020-12-04_0001108524-20-000047.xlsx,Cash Flow,"Three Months Ended October 31, 2020",Principal payments on financing obligations,us-gaap:FinanceLeasePrincipalPayments,reported,
cash_flow,us-gaap:FinanceLeasePrincipalPayments,Principal payments on financing obligations,9M21,-84.0,CRM_SEC-XBRL-financials_as-presented_10-Q_2020-12-04_0001108524-20-000047.xlsx,Cash Flow,"Nine Months Ended October 31, 2020",Principal payments on financing obligations,us-gaap:FinanceLeasePrincipalPayments,reported,
cash_flow,us-gaap:RepaymentsOfLongTermLinesOfCredit,Repayments of debt,3Q21,-1.0,CRM_SEC-XBRL-financials_as-presented_10-Q_2020-12-04_0001108524-20-000047.xlsx,Cash Flow,"Three Months Ended October 31, 2020",Repayments of debt,us-gaap:RepaymentsOfLongTermLinesOfCredit,reported,
cash_flow,us-gaap:RepaymentsOfLongTermLinesOfCredit,Repayments of debt,9M21,-3.0,CRM_SEC-XBRL-financials_as-presented_10-Q_2020-12-04_0001108524-20-000047.xlsx,Cash Flow,"Nine Months Ended October 31, 2020",Repayments of debt,us-gaap:RepaymentsOfLongTermLinesOfCredit,reported,
cash_flow,us-gaap:NetCashProvidedByUsedInFinancingActivities,Net cash used in financing activities,3Q21,368.0,CRM_SEC-XBRL-financials_as-presented_10-Q_2020-12-04_0001108524-20-000047.xlsx,Cash Flow,"Three Months Ended October 31, 2020",Net cash provided by financing activities,us-gaap:NetCashProvidedByUsedInFinancingActivities,reported,
cash_flow,us-gaap:NetCashProvidedByUsedInFinancingActivities,Net cash used in financing activities,9M21,1018.0,CRM_SEC-XBRL-financials_as-presented_10-Q_2020-12-04_0001108524-20-000047.xlsx,Cash Flow,"Nine Months Ended October 31, 2020",Net cash provided by financing activities,us-gaap:NetCashProvidedByUsedInFinancingActivities,reported,
cash_flow,us-gaap:EffectOfExchangeRateOnCashCashEquivalentsRestrictedCashAndRestrictedCashEquivalents,Effect of exchange rate changes,3Q21,0.0,CRM_SEC-XBRL-financials_as-presented_10-Q_2020-12-04_0001108524-20-000047.xlsx,Cash Flow,"Three Months Ended October 31, 2020",Effect of exchange rate changes,us-gaap:EffectOfExchangeRateOnCashCashEquivalentsRestrictedCashAndRestrictedCashEquivalents,reported,
cash_flow,us-gaap:EffectOfExchangeRateOnCashCashEquivalentsRestrictedCashAndRestrictedCashEquivalents,Effect of exchange rate changes,9M21,-1.0,CRM_SEC-XBRL-financials_as-presented_10-Q_2020-12-04_0001108524-20-000047.xlsx,Cash Flow,"Nine Months Ended October 31, 2020",Effect of exchange rate changes,us-gaap:EffectOfExchangeRateOnCashCashEquivalentsRestrictedCashAndRestrictedCashEquivalents,reported,
cash_flow,us-gaap:CashCashEquivalentsRestrictedCashAndRestrictedCashEquivalentsPeriodIncreaseDecreaseIncludingExchangeRateEffect,Net increase (decrease) in cash and cash equivalents,3Q21,-328.0,CRM_SEC-XBRL-financials_as-presented_10-Q_2020-12-04_0001108524-20-000047.xlsx,Cash Flow,"Three Months Ended October 31, 2020",Net increase (decrease) in cash and cash equivalents,us-gaap:CashCashEquivalentsRestrictedCashAndRestrictedCashEquivalentsPeriodIncreaseDecreaseIncludingExchangeRateEffect,reported,
cash_flow,us-gaap:CashCashEquivalentsRestrictedCashAndRestrictedCashEquivalentsPeriodIncreaseDecreaseIncludingExchangeRateEffect,Net increase (decrease) in cash and cash equivalents,9M21,-421.0,CRM_SEC-XBRL-financials_as-presented_10-Q_2020-12-04_0001108524-20-000047.xlsx,Cash Flow,"Nine Months Ended October 31, 2020",Net increase (decrease) in cash and cash equivalents,us-gaap:CashCashEquivalentsRestrictedCashAndRestrictedCashEquivalentsPeriodIncreaseDecreaseIncludingExchangeRateEffect,reported,
cash_flow,us-gaap:CashCashEquivalentsRestrictedCashAndRestrictedCashEquivalents,"Cash and cash equivalents, beginning of period",3Q21,4052.0,CRM_SEC-XBRL-financials_as-presented_10-Q_2020-12-04_0001108524-20-000047.xlsx,Cash Flow,"Three Months Ended October 31, 2020","Cash and cash equivalents, beginning of period",us-gaap:CashCashEquivalentsRestrictedCashAndRestrictedCashEquivalents,reported,
cash_flow,us-gaap:CashCashEquivalentsRestrictedCashAndRestrictedCashEquivalents,"Cash and cash equivalents, beginning of period",9M21,4145.0,CRM_SEC-XBRL-financials_as-presented_10-Q_2020-12-04_0001108524-20-000047.xlsx,Cash Flow,"Nine Months Ended October 31, 2020","Cash and cash equivalents, beginning of period",us-gaap:CashCashEquivalentsRestrictedCashAndRestrictedCashEquivalents,reported,
income_statement,us-gaap:RevenueFromContractWithCustomerExcludingAssessedTax,Subscription and support,1Q22,5536.0,CRM_SEC-XBRL-financials_as-presented_10-Q_2021-06-02_0001108524-21-000030.xlsx,Income Statement,"Three Months Ended April 30, 2021",Subscription and support,us-gaap:RevenueFromContractWithCustomerExcludingAssessedTax,reported,
income_statement,us-gaap:CostOfGoodsAndServicesSold,Subscription and support,1Q22,1122.0,CRM_SEC-XBRL-financials_as-presented_10-Q_2021-06-02_0001108524-21-000030.xlsx,Income Statement,"Three Months Ended April 30, 2021",Subscription and support,us-gaap:CostOfGoodsAndServicesSold,reported,
income_statement,us-gaap:GrossProfit,Gross profit,1Q22,4408.0,CRM_SEC-XBRL-financials_as-presented_10-Q_2021-06-02_0001108524-21-000030.xlsx,Income Statement,"Three Months Ended April 30, 2021",Gross profit,us-gaap:GrossProfit,reported,
income_statement,us-gaap:ResearchAndDevelopmentExpense,Research and development,1Q22,951.0,CRM_SEC-XBRL-financials_as-presented_10-Q_2021-06-02_0001108524-21-000030.xlsx,Income Statement,"Three Months Ended April 30, 2021",Research and development,us-gaap:ResearchAndDevelopmentExpense,reported,
income_statement,us-gaap:SellingAndMarketingExpense,Sales and marketing,1Q22,2544.0,CRM_SEC-XBRL-financials_as-presented_10-Q_2021-06-02_0001108524-21-000030.xlsx,Income Statement,"Three Months Ended April 30, 2021",Marketing and sales,us-gaap:SellingAndMarketingExpense,reported,
income_statement,us-gaap:GeneralAndAdministrativeExpense,General and administrative,1Q22,559.0,CRM_SEC-XBRL-financials_as-presented_10-Q_2021-06-02_0001108524-21-000030.xlsx,Income Statement,"Three Months Ended April 30, 2021",General and administrative,us-gaap:GeneralAndAdministrativeExpense,reported,
income_statement,us-gaap:OperatingExpenses,Total operating expenses,1Q22,4054.0,CRM_SEC-XBRL-financials_as-presented_10-Q_2021-06-02_0001108524-21-000030.xlsx,Income Statement,"Three Months Ended April 30, 2021",Total operating expenses,us-gaap:OperatingExpenses,reported,
income_statement,us-gaap:OperatingIncomeLoss,Income from operations,1Q22,354.0,CRM_SEC-XBRL-financials_as-presented_10-Q_2021-06-02_0001108524-21-000030.xlsx,Income Statement,"Three Months Ended April 30, 2021",Income (loss) from operations,us-gaap:OperatingIncomeLoss,reported,
income_statement,us-gaap:GainLossOnInvestments,"Gains (losses) on strategic investments, net",1Q22,288.0,CRM_SEC-XBRL-financials_as-presented_10-Q_2021-06-02_0001108524-21-000030.xlsx,Income Statement,"Three Months Ended April 30, 2021","Gains on strategic investments, net",us-gaap:GainLossOnInvestments,reported,
income_statement,us-gaap:OtherNonoperatingExpense,Other expense,1Q22,-38.0,CRM_SEC-XBRL-financials_as-presented_10-Q_2021-06-02_0001108524-21-000030.xlsx,Income Statement,"Three Months Ended April 30, 2021",Other expense,us-gaap:OtherNonoperatingExpense,reported,
income_statement,us-gaap:IncomeLossFromContinuingOperationsBeforeIncomeTaxesMinorityInterestAndIncomeLossFromEquityMethodInvestments,Income before benefit from (provision for) income taxes,1Q22,604.0,CRM_SEC-XBRL-financials_as-presented_10-Q_2021-06-02_0001108524-21-000030.xlsx,Income Statement,"Three Months Ended April 30, 2021",Income before benefit from (provision for) income taxes,us-gaap:IncomeLossFromContinuingOperationsBeforeIncomeTaxesMinorityInterestAndIncomeLossFromEquityMethodInvestments,reported,
income_statement,us-gaap:IncomeTaxExpenseBenefit,Provision for income taxes,1Q22,-135.0,CRM_SEC-XBRL-financials_as-presented_10-Q_2021-06-02_0001108524-21-000030.xlsx,Income Statement,"Three Months Ended April 30, 2021",Benefit from (provision for) income taxes,us-gaap:IncomeTaxExpenseBenefit,reported,
income_statement,us-gaap:NetIncomeLoss,Net income,1Q22,469.0,CRM_SEC-XBRL-financials_as-presented_10-Q_2021-06-02_0001108524-21-000030.xlsx,Income Statement,"Three Months Ended April 30, 2021",Net income,us-gaap:NetIncomeLoss,reported,
income_statement,us-gaap:EarningsPerShareBasic,Basic net income per share,1Q22,0.51,CRM_SEC-XBRL-financials_as-presented_10-Q_2021-06-02_0001108524-21-000030.xlsx,Income Statement,"Three Months Ended April 30, 2021",Basic net income per share,us-gaap:EarningsPerShareBasic,reported,
income_statement,us-gaap:EarningsPerShareDiluted,Diluted net income per share,1Q22,0.5,CRM_SEC-XBRL-financials_as-presented_10-Q_2021-06-02_0001108524-21-000030.xlsx,Income Statement,"Three Months Ended April 30, 2021",Diluted net income per share,us-gaap:EarningsPerShareDiluted,reported,
income_statement,us-gaap:WeightedAverageNumberOfSharesOutstandingBasic,Shares used in computing basic net income per share,1Q22,921.0,CRM_SEC-XBRL-financials_as-presented_10-Q_2021-06-02_0001108524-21-000030.xlsx,Income Statement,"Three Months Ended April 30, 2021",Shares used in computing basic net income per share,us-gaap:WeightedAverageNumberOfSharesOutstandingBasic,reported,
income_statement,us-gaap:WeightedAverageNumberOfDilutedSharesOutstanding,Shares used in computing diluted net income per share,1Q22,940.0,CRM_SEC-XBRL-financials_as-presented_10-Q_2021-06-02_0001108524-21-000030.xlsx,Income Statement,"Three Months Ended April 30, 2021",Shares used in computing diluted net income per share,us-gaap:WeightedAverageNumberOfDilutedSharesOutstanding,reported,
balance_sheet,us-gaap:CashAndCashEquivalentsAtCarryingValue,Cash and cash equivalents,1Q22,8544.0,CRM_SEC-XBRL-financials_as-presented_10-Q_2021-06-02_0001108524-21-000030.xlsx,Balance Sheet,"April 30, 2021 (unaudited)",Cash and cash equivalents,us-gaap:CashAndCashEquivalentsAtCarryingValue,reported,
balance_sheet,us-gaap:AvailableForSaleSecuritiesDebtSecuritiesCurrent,Marketable securities,1Q22,6479.0,CRM_SEC-XBRL-financials_as-presented_10-Q_2021-06-02_0001108524-21-000030.xlsx,Balance Sheet,"April 30, 2021 (unaudited)",Marketable securities,us-gaap:AvailableForSaleSecuritiesDebtSecuritiesCurrent,reported,
balance_sheet,us-gaap:AccountsReceivableNetCurrent,"Accounts receivable, net",1Q22,3174.0,CRM_SEC-XBRL-financials_as-presented_10-Q_2021-06-02_0001108524-21-000030.xlsx,Balance Sheet,"April 30, 2021 (unaudited)","Accounts receivable, net",us-gaap:AccountsReceivableNetCurrent,reported,
balance_sheet,us-gaap:CapitalizedContractCostNetCurrent,"Costs capitalized to obtain revenue contracts, net",1Q22,1166.0,CRM_SEC-XBRL-financials_as-presented_10-Q_2021-06-02_0001108524-21-000030.xlsx,Balance Sheet,"April 30, 2021 (unaudited)","Costs capitalized to obtain revenue contracts, net",us-gaap:CapitalizedContractCostNetCurrent,reported,
balance_sheet,us-gaap:PrepaidExpenseAndOtherAssetsCurrent,Prepaid expenses and other current assets,1Q22,1081.0,CRM_SEC-XBRL-financials_as-presented_10-Q_2021-06-02_0001108524-21-000030.xlsx,Balance Sheet,"April 30, 2021 (unaudited)",Prepaid expenses and other current assets,us-gaap:PrepaidExpenseAndOtherAssetsCurrent,reported,
balance_sheet,us-gaap:AssetsCurrent,Total current assets,1Q22,20444.0,CRM_SEC-XBRL-financials_as-presented_10-Q_2021-06-02_0001108524-21-000030.xlsx,Balance Sheet,"April 30, 2021 (unaudited)",Total current assets,us-gaap:AssetsCurrent,reported,
balance_sheet,us-gaap:PropertyPlantAndEquipmentNet,"Property and equipment, net",1Q22,2490.0,CRM_SEC-XBRL-financials_as-presented_10-Q_2021-06-02_0001108524-21-000030.xlsx,Balance Sheet,"April 30, 2021 (unaudited)","Property and equipment, net",us-gaap:PropertyPlantAndEquipmentNet,reported,
balance_sheet,us-gaap:OperatingLeaseRightOfUseAsset,"Operating lease right-of-use assets, net",1Q22,3065.0,CRM_SEC-XBRL-financials_as-presented_10-Q_2021-06-02_0001108524-21-000030.xlsx,Balance Sheet,"April 30, 2021 (unaudited)","Operating lease right-of-use assets, net",us-gaap:OperatingLeaseRightOfUseAsset,reported,
balance_sheet,us-gaap:CapitalizedContractCostNetNoncurrent,"Noncurrent costs capitalized to obtain revenue contracts, net",1Q22,1736.0,CRM_SEC-XBRL-financials_as-presented_10-Q_2021-06-02_0001108524-21-000030.xlsx,Balance Sheet,"April 30, 2021 (unaudited)","Noncurrent costs capitalized to obtain revenue contracts, net",us-gaap:CapitalizedContractCostNetNoncurrent,reported,
balance_sheet,us-gaap:OtherLongTermInvestments,Strategic investments,1Q22,3944.0,CRM_SEC-XBRL-financials_as-presented_10-Q_2021-06-02_0001108524-21-000030.xlsx,Balance Sheet,"April 30, 2021 (unaudited)",Strategic investments,us-gaap:OtherLongTermInvestments,reported,
balance_sheet,us-gaap:Goodwill,Goodwill,1Q22,26640.0,CRM_SEC-XBRL-financials_as-presented_10-Q_2021-06-02_0001108524-21-000030.xlsx,Balance Sheet,"April 30, 2021 (unaudited)",Goodwill,us-gaap:Goodwill,reported,
balance_sheet,us-gaap:IntangibleAssetsNetExcludingGoodwill,"Intangible assets acquired through business combinations, net",1Q22,3925.0,CRM_SEC-XBRL-financials_as-presented_10-Q_2021-06-02_0001108524-21-000030.xlsx,Balance Sheet,"April 30, 2021 (unaudited)","Intangible assets acquired through business combinations, net",us-gaap:IntangibleAssetsNetExcludingGoodwill,reported,
balance_sheet,us-gaap:OtherAssetsNoncurrent,"Deferred tax assets and other assets, net",1Q22,2641.0,CRM_SEC-XBRL-financials_as-presented_10-Q_2021-06-02_0001108524-21-000030.xlsx,Balance Sheet,"April 30, 2021 (unaudited)","Deferred tax assets and other assets, net",us-gaap:OtherAssetsNoncurrent,reported,
balance_sheet,us-gaap:Assets,Total assets,1Q22,64885.0,CRM_SEC-XBRL-financials_as-presented_10-Q_2021-06-02_0001108524-21-000030.xlsx,Balance Sheet,"April 30, 2021 (unaudited)",Total assets,us-gaap:Assets,reported,
balance_sheet,us-gaap:AccountsPayableAndOtherAccruedLiabilitiesCurrent,"Accounts payable, accrued expenses and other liabilities",1Q22,3439.0,CRM_SEC-XBRL-financials_as-presented_10-Q_2021-06-02_0001108524-21-000030.xlsx,Balance Sheet,"April 30, 2021 (unaudited)","Accounts payable, accrued expenses and other liabilities",us-gaap:AccountsPayableAndOtherAccruedLiabilitiesCurrent,reported,
balance_sheet,us-gaap:OperatingLeaseLiabilityCurrent,"Operating lease liabilities, current",1Q22,726.0,CRM_SEC-XBRL-financials_as-presented_10-Q_2021-06-02_0001108524-21-000030.xlsx,Balance Sheet,"April 30, 2021 (unaudited)","Operating lease liabilities, current",us-gaap:OperatingLeaseLiabilityCurrent,reported,
balance_sheet,us-gaap:ContractWithCustomerLiabilityCurrent,Unearned revenue,1Q22,11158.0,CRM_SEC-XBRL-financials_as-presented_10-Q_2021-06-02_0001108524-21-000030.xlsx,Balance Sheet,"April 30, 2021 (unaudited)",Unearned revenue,us-gaap:ContractWithCustomerLiabilityCurrent,reported,
balance_sheet,us-gaap:LiabilitiesCurrent,Total current liabilities,1Q22,15323.0,CRM_SEC-XBRL-financials_as-presented_10-Q_2021-06-02_0001108524-21-000030.xlsx,Balance Sheet,"April 30, 2021 (unaudited)",Total current liabilities,us-gaap:LiabilitiesCurrent,reported,
balance_sheet,us-gaap:LongTermDebtNoncurrent,Noncurrent debt,1Q22,2672.0,CRM_SEC-XBRL-financials_as-presented_10-Q_2021-06-02_0001108524-21-000030.xlsx,Balance Sheet,"April 30, 2021 (unaudited)",Noncurrent debt,us-gaap:LongTermDebtNoncurrent,reported,
balance_sheet,us-gaap:OperatingLeaseLiabilityNoncurrent,Noncurrent operating lease liabilities,1Q22,2734.0,CRM_SEC-XBRL-financials_as-presented_10-Q_2021-06-02_0001108524-21-000030.xlsx,Balance Sheet,"April 30, 2021 (unaudited)",Noncurrent operating lease liabilities,us-gaap:OperatingLeaseLiabilityNoncurrent,reported,
balance_sheet,us-gaap:OtherLiabilitiesNoncurrent,Other noncurrent liabilities,1Q22,1589.0,CRM_SEC-XBRL-financials_as-presented_10-Q_2021-06-02_0001108524-21-000030.xlsx,Balance Sheet,"April 30, 2021 (unaudited)",Other noncurrent liabilities,us-gaap:OtherLiabilitiesNoncurrent,reported,
balance_sheet,us-gaap:Liabilities,Total liabilities,1Q22,22318.0,CRM_SEC-XBRL-financials_as-presented_10-Q_2021-06-02_0001108524-21-000030.xlsx,Balance Sheet,"April 30, 2021 (unaudited)",Total liabilities,us-gaap:Liabilities,reported,
balance_sheet,us-gaap:CommonStockValue,Common stock,1Q22,1.0,CRM_SEC-XBRL-financials_as-presented_10-Q_2021-06-02_0001108524-21-000030.xlsx,Balance Sheet,"April 30, 2021 (unaudited)",Common stock,us-gaap:CommonStockValue,reported,
balance_sheet,us-gaap:AdditionalPaidInCapitalCommonStock,Additional paid-in capital,1Q22,36232.0,CRM_SEC-XBRL-financials_as-presented_10-Q_2021-06-02_0001108524-21-000030.xlsx,Balance Sheet,"April 30, 2021 (unaudited)",Additional paid-in capital,us-gaap:AdditionalPaidInCapitalCommonStock,reported,
balance_sheet,us-gaap:AccumulatedOtherComprehensiveIncomeLossNetOfTax,Accumulated other comprehensive income (loss),1Q22,-68.0,CRM_SEC-XBRL-financials_as-presented_10-Q_2021-06-02_0001108524-21-000030.xlsx,Balance Sheet,"April 30, 2021 (unaudited)",Accumulated other comprehensive loss,us-gaap:AccumulatedOtherComprehensiveIncomeLossNetOfTax,reported,
balance_sheet,us-gaap:RetainedEarningsAccumulatedDeficit,Retained earnings,1Q22,6402.0,CRM_SEC-XBRL-financials_as-presented_10-Q_2021-06-02_0001108524-21-000030.xlsx,Balance Sheet,"April 30, 2021 (unaudited)",Retained earnings,us-gaap:RetainedEarningsAccumulatedDeficit,reported,
balance_sheet,us-gaap:StockholdersEquity,Total stockholders’ equity,1Q22,42567.0,CRM_SEC-XBRL-financials_as-presented_10-Q_2021-06-02_0001108524-21-000030.xlsx,Balance Sheet,"April 30, 2021 (unaudited)",Total stockholders’ equity,us-gaap:StockholdersEquity,reported,
balance_sheet,us-gaap:LiabilitiesAndStockholdersEquity,Total liabilities and stockholders’ equity,1Q22,64885.0,CRM_SEC-XBRL-financials_as-presented_10-Q_2021-06-02_0001108524-21-000030.xlsx,Balance Sheet,"April 30, 2021 (unaudited)",Total liabilities and stockholders’ equity,us-gaap:LiabilitiesAndStockholdersEquity,reported,
cash_flow,us-gaap:NetIncomeLoss,Net income,1Q22,469.0,CRM_SEC-XBRL-financials_as-presented_10-Q_2021-06-02_0001108524-21-000030.xlsx,Cash Flow,"Three Months Ended April 30, 2021",Net income,us-gaap:NetIncomeLoss,reported,
cash_flow,us-gaap:DepreciationAndAmortization,Depreciation and amortization (1),1Q22,685.0,CRM_SEC-XBRL-financials_as-presented_10-Q_2021-06-02_0001108524-21-000030.xlsx,Cash Flow,"Three Months Ended April 30, 2021",Depreciation and amortization,us-gaap:DepreciationAndAmortization,reported,
cash_flow,us-gaap:CapitalizedContractCostAmortization,"Amortization of costs capitalized to obtain revenue contracts, net",1Q22,314.0,CRM_SEC-XBRL-financials_as-presented_10-Q_2021-06-02_0001108524-21-000030.xlsx,Cash Flow,"Three Months Ended April 30, 2021","Amortization of costs capitalized to obtain revenue contracts, net",us-gaap:CapitalizedContractCostAmortization,reported,
cash_flow,us-gaap:ShareBasedCompensation,Stock-based compensation expense,1Q22,564.0,CRM_SEC-XBRL-financials_as-presented_10-Q_2021-06-02_0001108524-21-000030.xlsx,Cash Flow,"Three Months Ended April 30, 2021",Stock-based expense,us-gaap:ShareBasedCompensation,reported,
cash_flow,us-gaap:GainLossOnInvestments,"(Gains) losses on strategic investments, net",1Q22,-288.0,CRM_SEC-XBRL-financials_as-presented_10-Q_2021-06-02_0001108524-21-000030.xlsx,Cash Flow,"Three Months Ended April 30, 2021","Gains on strategic investments, net",us-gaap:GainLossOnInvestments,reported,
cash_flow,us-gaap:IncreaseDecreaseInAccountsReceivable,"Accounts receivable, net",1Q22,4616.0,CRM_SEC-XBRL-financials_as-presented_10-Q_2021-06-02_0001108524-21-000030.xlsx,Cash Flow,"Three Months Ended April 30, 2021","Accounts receivable, net",us-gaap:IncreaseDecreaseInAccountsReceivable,reported,
cash_flow,crm:IncreaseDecreaseInCapitalizedContractCosts,"Costs capitalized to obtain revenue contracts, net",1Q22,-355.0,CRM_SEC-XBRL-financials_as-presented_10-Q_2021-06-02_0001108524-21-000030.xlsx,Cash Flow,"Three Months Ended April 30, 2021","Costs capitalized to obtain revenue contracts, net",crm:IncreaseDecreaseInCapitalizedContractCosts,reported,
cash_flow,us-gaap:IncreaseDecreaseInPrepaidDeferredExpenseAndOtherAssets,Prepaid expenses and other current assets and other assets,1Q22,-17.0,CRM_SEC-XBRL-financials_as-presented_10-Q_2021-06-02_0001108524-21-000030.xlsx,Cash Flow,"Three Months Ended April 30, 2021",Prepaid expenses and other current assets and other assets,us-gaap:IncreaseDecreaseInPrepaidDeferredExpenseAndOtherAssets,reported,
cash_flow,us-gaap:IncreaseDecreaseInAccountsPayableAndAccruedLiabilities,Accounts payable and accrued expenses and other liabilities,1Q22,-1093.0,CRM_SEC-XBRL-financials_as-presented_10-Q_2021-06-02_0001108524-21-000030.xlsx,Cash Flow,"Three Months Ended April 30, 2021",Accounts payable and accrued expenses and other liabilities,us-gaap:IncreaseDecreaseInAccountsPayableAndAccruedLiabilities,reported,
cash_flow,us-gaap:IncreaseDecreaseInOperatingLeaseLiability,Operating lease liabilities,1Q22,-216.0,CRM_SEC-XBRL-financials_as-presented_10-Q_2021-06-02_0001108524-21-000030.xlsx,Cash Flow,"Three Months Ended April 30, 2021",Operating lease liabilities,crm:IncreaseDecreaseInOperatingLeaseLiabilities,reported,
cash_flow,us-gaap:IncreaseDecreaseInContractWithCustomerLiability,Unearned revenue,1Q22,-1451.0,CRM_SEC-XBRL-financials_as-presented_10-Q_2021-06-02_0001108524-21-000030.xlsx,Cash Flow,"Three Months Ended April 30, 2021",Unearned revenue,us-gaap:IncreaseDecreaseInContractWithCustomerLiability,reported,
cash_flow,us-gaap:NetCashProvidedByUsedInOperatingActivities,Net cash provided by operating activities,1Q22,3228.0,CRM_SEC-XBRL-financials_as-presented_10-Q_2021-06-02_0001108524-21-000030.xlsx,Cash Flow,"Three Months Ended April 30, 2021",Net cash provided by operating activities,us-gaap:NetCashProvidedByUsedInOperatingActivities,reported,
cash_flow,us-gaap:PaymentsToAcquireBusinessesNetOfCashAcquired,"Business combinations, net of cash acquired",1Q22,-425.0,CRM_SEC-XBRL-financials_as-presented_10-Q_2021-06-02_0001108524-21-000030.xlsx,Cash Flow,"Three Months Ended April 30, 2021","Business combinations, net of cash acquired",us-gaap:PaymentsToAcquireBusinessesNetOfCashAcquired,reported,
cash_flow,us-gaap:PaymentsToAcquireLongtermInvestments,Purchases of strategic investments,1Q22,-277.0,CRM_SEC-XBRL-financials_as-presented_10-Q_2021-06-02_0001108524-21-000030.xlsx,Cash Flow,"Three Months Ended April 30, 2021",Purchases of strategic investments,us-gaap:PaymentsToAcquireLongtermInvestments,reported,
cash_flow,us-gaap:ProceedsFromSaleOfLongtermInvestments,Sales of strategic investments,1Q22,556.0,CRM_SEC-XBRL-financials_as-presented_10-Q_2021-06-02_0001108524-21-000030.xlsx,Cash Flow,"Three Months Ended April 30, 2021",Sales of strategic investments,us-gaap:ProceedsFromSaleOfLongtermInvestments,reported,
cash_flow,us-gaap:PaymentsToAcquireAvailableForSaleSecuritiesDebt,Purchases of marketable securities,1Q22,-1809.0,CRM_SEC-XBRL-financials_as-presented_10-Q_2021-06-02_0001108524-21-000030.xlsx,Cash Flow,"Three Months Ended April 30, 2021",Purchases of marketable securities,us-gaap:PaymentsToAcquireAvailableForSaleSecuritiesDebt,reported,
cash_flow,us-gaap:ProceedsFromSaleOfAvailableForSaleSecuritiesDebt,Sales of marketable securities,1Q22,581.0,CRM_SEC-XBRL-financials_as-presented_10-Q_2021-06-02_0001108524-21-000030.xlsx,Cash Flow,"Three Months Ended April 30, 2021",Sales of marketable securities,us-gaap:ProceedsFromSaleOfAvailableForSaleSecuritiesDebt,reported,
cash_flow,us-gaap:ProceedsFromMaturitiesPrepaymentsAndCallsOfAvailableForSaleSecurities,Maturities of marketable securities,1Q22,498.0,CRM_SEC-XBRL-financials_as-presented_10-Q_2021-06-02_0001108524-21-000030.xlsx,Cash Flow,"Three Months Ended April 30, 2021",Maturities of marketable securities,us-gaap:ProceedsFromMaturitiesPrepaymentsAndCallsOfAvailableForSaleSecurities,reported,
cash_flow,us-gaap:PaymentsToAcquirePropertyPlantAndEquipment,Capital expenditures,1Q22,-171.0,CRM_SEC-XBRL-financials_as-presented_10-Q_2021-06-02_0001108524-21-000030.xlsx,Cash Flow,"Three Months Ended April 30, 2021",Capital expenditures,us-gaap:PaymentsToAcquirePropertyPlantAndEquipment,reported,
cash_flow,us-gaap:NetCashProvidedByUsedInInvestingActivities,Net cash used in investing activities,1Q22,-1047.0,CRM_SEC-XBRL-financials_as-presented_10-Q_2021-06-02_0001108524-21-000030.xlsx,Cash Flow,"Three Months Ended April 30, 2021",Net cash used in investing activities,us-gaap:NetCashProvidedByUsedInInvestingActivities,reported,
cash_flow,us-gaap:ProceedsFromIssuanceOfMediumTermNotes,"Proceeds from issuance of debt, net of issuance costs",1Q22,-10.0,CRM_SEC-XBRL-financials_as-presented_10-Q_2021-06-02_0001108524-21-000030.xlsx,Cash Flow,"Three Months Ended April 30, 2021","Proceeds from issuance of debt, net of issuance costs",us-gaap:ProceedsFromIssuanceOfMediumTermNotes,reported,
cash_flow,us-gaap:ProceedsFromStockPlans,Proceeds from employee stock plans,1Q22,225.0,CRM_SEC-XBRL-financials_as-presented_10-Q_2021-06-02_0001108524-21-000030.xlsx,Cash Flow,"Three Months Ended April 30, 2021",Proceeds from employee stock plans,us-gaap:ProceedsFromStockPlans,reported,
cash_flow,us-gaap:FinanceLeasePrincipalPayments,Principal payments on financing obligations,1Q22,-49.0,CRM_SEC-XBRL-financials_as-presented_10-Q_2021-06-02_0001108524-21-000030.xlsx,Cash Flow,"Three Months Ended April 30, 2021",Principal payments on financing obligations,us-gaap:FinanceLeasePrincipalPayments,reported,
cash_flow,us-gaap:RepaymentsOfLongTermLinesOfCredit,Repayments of debt,1Q22,-1.0,CRM_SEC-XBRL-financials_as-presented_10-Q_2021-06-02_0001108524-21-000030.xlsx,Cash Flow,"Three Months Ended April 30, 2021",Repayments of debt,us-gaap:RepaymentsOfLongTermLinesOfCredit,reported,
cash_flow,us-gaap:NetCashProvidedByUsedInFinancingActivities,Net cash used in financing activities,1Q22,165.0,CRM_SEC-XBRL-financials_as-presented_10-Q_2021-06-02_0001108524-21-000030.xlsx,Cash Flow,"Three Months Ended April 30, 2021",Net cash provided by financing activities,us-gaap:NetCashProvidedByUsedInFinancingActivities,reported,
cash_flow,us-gaap:EffectOfExchangeRateOnCashCashEquivalentsRestrictedCashAndRestrictedCashEquivalents,Effect of exchange rate changes,1Q22,3.0,CRM_SEC-XBRL-financials_as-presented_10-Q_2021-06-02_0001108524-21-000030.xlsx,Cash Flow,"Three Months Ended April 30, 2021",Effect of exchange rate changes,us-gaap:EffectOfExchangeRateOnCashCashEquivalentsRestrictedCashAndRestrictedCashEquivalents,reported,
cash_flow,us-gaap:CashCashEquivalentsRestrictedCashAndRestrictedCashEquivalentsPeriodIncreaseDecreaseIncludingExchangeRateEffect,Net increase (decrease) in cash and cash equivalents,1Q22,2349.0,CRM_SEC-XBRL-financials_as-presented_10-Q_2021-06-02_0001108524-21-000030.xlsx,Cash Flow,"Three Months Ended April 30, 2021",Net increase in cash and cash equivalents,us-gaap:CashCashEquivalentsRestrictedCashAndRestrictedCashEquivalentsPeriodIncreaseDecreaseIncludingExchangeRateEffect,reported,
cash_flow,us-gaap:CashCashEquivalentsRestrictedCashAndRestrictedCashEquivalents,"Cash and cash equivalents, beginning of period",1Q22,6195.0,CRM_SEC-XBRL-financials_as-presented_10-Q_2021-06-02_0001108524-21-000030.xlsx,Cash Flow,"Three Months Ended April 30, 2021","Cash and cash equivalents, beginning of period",us-gaap:CashCashEquivalentsRestrictedCashAndRestrictedCashEquivalents,reported,
income_statement,us-gaap:RevenueFromContractWithCustomerExcludingAssessedTax,Subscription and support,2Q22,5914.0,CRM_SEC-XBRL-financials_as-presented_10-Q_2021-08-27_0001108524-21-000047.xlsx,Income Statement,"Three Months Ended July 31, 2021",Subscription and support,us-gaap:RevenueFromContractWithCustomerExcludingAssessedTax,reported,
income_statement,us-gaap:RevenueFromContractWithCustomerExcludingAssessedTax,Subscription and support,6M22,11450.0,CRM_SEC-XBRL-financials_as-presented_10-Q_2021-08-27_0001108524-21-000047.xlsx,Income Statement,"Six Months Ended July 31, 2021",Subscription and support,us-gaap:RevenueFromContractWithCustomerExcludingAssessedTax,reported,
income_statement,us-gaap:CostOfGoodsAndServicesSold,Subscription and support,2Q22,1146.0,CRM_SEC-XBRL-financials_as-presented_10-Q_2021-08-27_0001108524-21-000047.xlsx,Income Statement,"Three Months Ended July 31, 2021",Subscription and support,us-gaap:CostOfGoodsAndServicesSold,reported,
income_statement,us-gaap:CostOfGoodsAndServicesSold,Subscription and support,6M22,2268.0,CRM_SEC-XBRL-financials_as-presented_10-Q_2021-08-27_0001108524-21-000047.xlsx,Income Statement,"Six Months Ended July 31, 2021",Subscription and support,us-gaap:CostOfGoodsAndServicesSold,reported,
income_statement,us-gaap:GrossProfit,Gross profit,2Q22,4727.0,CRM_SEC-XBRL-financials_as-presented_10-Q_2021-08-27_0001108524-21-000047.xlsx,Income Statement,"Three Months Ended July 31, 2021",Gross profit,us-gaap:GrossProfit,reported,
income_statement,us-gaap:GrossProfit,Gross profit,6M22,9135.0,CRM_SEC-XBRL-financials_as-presented_10-Q_2021-08-27_0001108524-21-000047.xlsx,Income Statement,"Six Months Ended July 31, 2021",Gross profit,us-gaap:GrossProfit,reported,
income_statement,us-gaap:ResearchAndDevelopmentExpense,Research and development,2Q22,1020.0,CRM_SEC-XBRL-financials_as-presented_10-Q_2021-08-27_0001108524-21-000047.xlsx,Income Statement,"Three Months Ended July 31, 2021",Research and development,us-gaap:ResearchAndDevelopmentExpense,reported,
income_statement,us-gaap:ResearchAndDevelopmentExpense,Research and development,6M22,1971.0,CRM_SEC-XBRL-financials_as-presented_10-Q_2021-08-27_0001108524-21-000047.xlsx,Income Statement,"Six Months Ended July 31, 2021",Research and development,us-gaap:ResearchAndDevelopmentExpense,reported,
income_statement,us-gaap:SellingAndMarketingExpense,Sales and marketing,2Q22,2736.0,CRM_SEC-XBRL-financials_as-presented_10-Q_2021-08-27_0001108524-21-000047.xlsx,Income Statement,"Three Months Ended July 31, 2021",Marketing and sales,us-gaap:SellingAndMarketingExpense,reported,
income_statement,us-gaap:SellingAndMarketingExpense,Sales and marketing,6M22,5280.0,CRM_SEC-XBRL-financials_as-presented_10-Q_2021-08-27_0001108524-21-000047.xlsx,Income Statement,"Six Months Ended July 31, 2021",Marketing and sales,us-gaap:SellingAndMarketingExpense,reported,
income_statement,us-gaap:GeneralAndAdministrativeExpense,General and administrative,2Q22,639.0,CRM_SEC-XBRL-financials_as-presented_10-Q_2021-08-27_0001108524-21-000047.xlsx,Income Statement,"Three Months Ended July 31, 2021",General and administrative,us-gaap:GeneralAndAdministrativeExpense,reported,
income_statement,us-gaap:GeneralAndAdministrativeExpense,General and administrative,6M22,1198.0,CRM_SEC-XBRL-financials_as-presented_10-Q_2021-08-27_0001108524-21-000047.xlsx,Income Statement,"Six Months Ended July 31, 2021",General and administrative,us-gaap:GeneralAndAdministrativeExpense,reported,
income_statement,us-gaap:OperatingExpenses,Total operating expenses,2Q22,4395.0,CRM_SEC-XBRL-financials_as-presented_10-Q_2021-08-27_0001108524-21-000047.xlsx,Income Statement,"Three Months Ended July 31, 2021",Total operating expenses,us-gaap:OperatingExpenses,reported,
income_statement,us-gaap:OperatingExpenses,Total operating expenses,6M22,8449.0,CRM_SEC-XBRL-financials_as-presented_10-Q_2021-08-27_0001108524-21-000047.xlsx,Income Statement,"Six Months Ended July 31, 2021",Total operating expenses,us-gaap:OperatingExpenses,reported,
income_statement,us-gaap:OperatingIncomeLoss,Income from operations,2Q22,332.0,CRM_SEC-XBRL-financials_as-presented_10-Q_2021-08-27_0001108524-21-000047.xlsx,Income Statement,"Three Months Ended July 31, 2021",Income from operations,us-gaap:OperatingIncomeLoss,reported,
income_statement,us-gaap:OperatingIncomeLoss,Income from operations,6M22,686.0,CRM_SEC-XBRL-financials_as-presented_10-Q_2021-08-27_0001108524-21-000047.xlsx,Income Statement,"Six Months Ended July 31, 2021",Income from operations,us-gaap:OperatingIncomeLoss,reported,
income_statement,us-gaap:GainLossOnInvestments,"Gains (losses) on strategic investments, net",2Q22,526.0,CRM_SEC-XBRL-financials_as-presented_10-Q_2021-08-27_0001108524-21-000047.xlsx,Income Statement,"Three Months Ended July 31, 2021","Gains on strategic investments, net",us-gaap:GainLossOnInvestments,reported,
income_statement,us-gaap:GainLossOnInvestments,"Gains (losses) on strategic investments, net",6M22,814.0,CRM_SEC-XBRL-financials_as-presented_10-Q_2021-08-27_0001108524-21-000047.xlsx,Income Statement,"Six Months Ended July 31, 2021","Gains on strategic investments, net",us-gaap:GainLossOnInvestments,reported,
income_statement,us-gaap:OtherNonoperatingExpense,Other expense,2Q22,-32.0,CRM_SEC-XBRL-financials_as-presented_10-Q_2021-08-27_0001108524-21-000047.xlsx,Income Statement,"Three Months Ended July 31, 2021",Other expense,us-gaap:OtherNonoperatingExpense,reported,
income_statement,us-gaap:OtherNonoperatingExpense,Other expense,6M22,-70.0,CRM_SEC-XBRL-financials_as-presented_10-Q_2021-08-27_0001108524-21-000047.xlsx,Income Statement,"Six Months Ended July 31, 2021",Other expense,us-gaap:OtherNonoperatingExpense,reported,
income_statement,us-gaap:IncomeLossFromContinuingOperationsBeforeIncomeTaxesMinorityInterestAndIncomeLossFromEquityMethodInvestments,Income before benefit from (provision for) income taxes,2Q22,826.0,CRM_SEC-XBRL-financials_as-presented_10-Q_2021-08-27_0001108524-21-000047.xlsx,Income Statement,"Three Months Ended July 31, 2021",Income before benefit from (provision for) income taxes,us-gaap:IncomeLossFromContinuingOperationsBeforeIncomeTaxesMinorityInterestAndIncomeLossFromEquityMethodInvestments,reported,
income_statement,us-gaap:IncomeLossFromContinuingOperationsBeforeIncomeTaxesMinorityInterestAndIncomeLossFromEquityMethodInvestments,Income before benefit from (provision for) income taxes,6M22,1430.0,CRM_SEC-XBRL-financials_as-presented_10-Q_2021-08-27_0001108524-21-000047.xlsx,Income Statement,"Six Months Ended July 31, 2021",Income before benefit from (provision for) income taxes,us-gaap:IncomeLossFromContinuingOperationsBeforeIncomeTaxesMinorityInterestAndIncomeLossFromEquityMethodInvestments,reported,
income_statement,us-gaap:IncomeTaxExpenseBenefit,Provision for income taxes,2Q22,-291.0,CRM_SEC-XBRL-financials_as-presented_10-Q_2021-08-27_0001108524-21-000047.xlsx,Income Statement,"Three Months Ended July 31, 2021",Benefit from (provision for) income taxes (3),us-gaap:IncomeTaxExpenseBenefit,reported,
income_statement,us-gaap:IncomeTaxExpenseBenefit,Provision for income taxes,6M22,-426.0,CRM_SEC-XBRL-financials_as-presented_10-Q_2021-08-27_0001108524-21-000047.xlsx,Income Statement,"Six Months Ended July 31, 2021",Benefit from (provision for) income taxes (3),us-gaap:IncomeTaxExpenseBenefit,reported,
income_statement,us-gaap:NetIncomeLoss,Net income,2Q22,535.0,CRM_SEC-XBRL-financials_as-presented_10-Q_2021-08-27_0001108524-21-000047.xlsx,Income Statement,"Three Months Ended July 31, 2021",Net income,us-gaap:NetIncomeLoss,reported,
income_statement,us-gaap:NetIncomeLoss,Net income,6M22,1004.0,CRM_SEC-XBRL-financials_as-presented_10-Q_2021-08-27_0001108524-21-000047.xlsx,Income Statement,"Six Months Ended July 31, 2021",Net income,us-gaap:NetIncomeLoss,reported,
income_statement,us-gaap:EarningsPerShareBasic,Basic net income per share,2Q22,0.57,CRM_SEC-XBRL-financials_as-presented_10-Q_2021-08-27_0001108524-21-000047.xlsx,Income Statement,"Three Months Ended July 31, 2021",Basic net income per share,us-gaap:EarningsPerShareBasic,reported,
income_statement,us-gaap:EarningsPerShareBasic,Basic net income per share,6M22,1.08,CRM_SEC-XBRL-financials_as-presented_10-Q_2021-08-27_0001108524-21-000047.xlsx,Income Statement,"Six Months Ended July 31, 2021",Basic net income per share,us-gaap:EarningsPerShareBasic,reported,
income_statement,us-gaap:EarningsPerShareDiluted,Diluted net income per share,2Q22,0.56,CRM_SEC-XBRL-financials_as-presented_10-Q_2021-08-27_0001108524-21-000047.xlsx,Income Statement,"Three Months Ended July 31, 2021",Diluted net income per share,us-gaap:EarningsPerShareDiluted,reported,
income_statement,us-gaap:EarningsPerShareDiluted,Diluted net income per share,6M22,1.06,CRM_SEC-XBRL-financials_as-presented_10-Q_2021-08-27_0001108524-21-000047.xlsx,Income Statement,"Six Months Ended July 31, 2021",Diluted net income per share,us-gaap:EarningsPerShareDiluted,reported,
income_statement,us-gaap:WeightedAverageNumberOfSharesOutstandingBasic,Shares used in computing basic net income per share,2Q22,933.0,CRM_SEC-XBRL-financials_as-presented_10-Q_2021-08-27_0001108524-21-000047.xlsx,Income Statement,"Three Months Ended July 31, 2021",Shares used in computing basic net income per share,us-gaap:WeightedAverageNumberOfSharesOutstandingBasic,reported,
income_statement,us-gaap:WeightedAverageNumberOfSharesOutstandingBasic,Shares used in computing basic net income per share,6M22,927.0,CRM_SEC-XBRL-financials_as-presented_10-Q_2021-08-27_0001108524-21-000047.xlsx,Income Statement,"Six Months Ended July 31, 2021",Shares used in computing basic net income per share,us-gaap:WeightedAverageNumberOfSharesOutstandingBasic,reported,
income_statement,us-gaap:WeightedAverageNumberOfDilutedSharesOutstanding,Shares used in computing diluted net income per share,2Q22,950.0,CRM_SEC-XBRL-financials_as-presented_10-Q_2021-08-27_0001108524-21-000047.xlsx,Income Statement,"Three Months Ended July 31, 2021",Shares used in computing diluted net income per share,us-gaap:WeightedAverageNumberOfDilutedSharesOutstanding,reported,
income_statement,us-gaap:WeightedAverageNumberOfDilutedSharesOutstanding,Shares used in computing diluted net income per share,6M22,945.0,CRM_SEC-XBRL-financials_as-presented_10-Q_2021-08-27_0001108524-21-000047.xlsx,Income Statement,"Six Months Ended July 31, 2021",Shares used in computing diluted net income per share,us-gaap:WeightedAverageNumberOfDilutedSharesOutstanding,reported,
balance_sheet,us-gaap:CashAndCashEquivalentsAtCarryingValue,Cash and cash equivalents,2Q22,6299.0,CRM_SEC-XBRL-financials_as-presented_10-Q_2021-08-27_0001108524-21-000047.xlsx,Balance Sheet,"July 31, 2021 (unaudited)",Cash and cash equivalents,us-gaap:CashAndCashEquivalentsAtCarryingValue,reported,
balance_sheet,us-gaap:AvailableForSaleSecuritiesDebtSecuritiesCurrent,Marketable securities,2Q22,3351.0,CRM_SEC-XBRL-financials_as-presented_10-Q_2021-08-27_0001108524-21-000047.xlsx,Balance Sheet,"July 31, 2021 (unaudited)",Marketable securities,us-gaap:AvailableForSaleSecuritiesDebtSecuritiesCurrent,reported,
balance_sheet,us-gaap:AccountsReceivableNetCurrent,"Accounts receivable, net",2Q22,4074.0,CRM_SEC-XBRL-financials_as-presented_10-Q_2021-08-27_0001108524-21-000047.xlsx,Balance Sheet,"July 31, 2021 (unaudited)","Accounts receivable, net",us-gaap:AccountsReceivableNetCurrent,reported,
balance_sheet,us-gaap:CapitalizedContractCostNetCurrent,"Costs capitalized to obtain revenue contracts, net",2Q22,1211.0,CRM_SEC-XBRL-financials_as-presented_10-Q_2021-08-27_0001108524-21-000047.xlsx,Balance Sheet,"July 31, 2021 (unaudited)","Costs capitalized to obtain revenue contracts, net",us-gaap:CapitalizedContractCostNetCurrent,reported,
balance_sheet,us-gaap:PrepaidExpenseAndOtherAssetsCurrent,Prepaid expenses and other current assets,2Q22,1321.0,CRM_SEC-XBRL-financials_as-presented_10-Q_2021-08-27_0001108524-21-000047.xlsx,Balance Sheet,"July 31, 2021 (unaudited)",Prepaid expenses and other current assets,us-gaap:PrepaidExpenseAndOtherAssetsCurrent,reported,
balance_sheet,us-gaap:AssetsCurrent,Total current assets,2Q22,16256.0,CRM_SEC-XBRL-financials_as-presented_10-Q_2021-08-27_0001108524-21-000047.xlsx,Balance Sheet,"July 31, 2021 (unaudited)",Total current assets,us-gaap:AssetsCurrent,reported,
balance_sheet,us-gaap:PropertyPlantAndEquipmentNet,"Property and equipment, net",2Q22,2711.0,CRM_SEC-XBRL-financials_as-presented_10-Q_2021-08-27_0001108524-21-000047.xlsx,Balance Sheet,"July 31, 2021 (unaudited)","Property and equipment, net",us-gaap:PropertyPlantAndEquipmentNet,reported,
balance_sheet,us-gaap:OperatingLeaseRightOfUseAsset,"Operating lease right-of-use assets, net",2Q22,3123.0,CRM_SEC-XBRL-financials_as-presented_10-Q_2021-08-27_0001108524-21-000047.xlsx,Balance Sheet,"July 31, 2021 (unaudited)","Operating lease right-of-use assets, net",us-gaap:OperatingLeaseRightOfUseAsset,reported,
balance_sheet,us-gaap:CapitalizedContractCostNetNoncurrent,"Noncurrent costs capitalized to obtain revenue contracts, net",2Q22,1820.0,CRM_SEC-XBRL-financials_as-presented_10-Q_2021-08-27_0001108524-21-000047.xlsx,Balance Sheet,"July 31, 2021 (unaudited)","Noncurrent costs capitalized to obtain revenue contracts, net",us-gaap:CapitalizedContractCostNetNoncurrent,reported,
balance_sheet,us-gaap:OtherLongTermInvestments,Strategic investments,2Q22,4105.0,CRM_SEC-XBRL-financials_as-presented_10-Q_2021-08-27_0001108524-21-000047.xlsx,Balance Sheet,"July 31, 2021 (unaudited)",Strategic investments,us-gaap:OtherLongTermInvestments,reported,
balance_sheet,us-gaap:Goodwill,Goodwill,2Q22,48103.0,CRM_SEC-XBRL-financials_as-presented_10-Q_2021-08-27_0001108524-21-000047.xlsx,Balance Sheet,"July 31, 2021 (unaudited)",Goodwill,us-gaap:Goodwill,reported,
balance_sheet,us-gaap:IntangibleAssetsNetExcludingGoodwill,"Intangible assets acquired through business combinations, net",2Q22,9746.0,CRM_SEC-XBRL-financials_as-presented_10-Q_2021-08-27_0001108524-21-000047.xlsx,Balance Sheet,"July 31, 2021 (unaudited)","Intangible assets acquired through business combinations, net",us-gaap:IntangibleAssetsNetExcludingGoodwill,reported,
balance_sheet,us-gaap:OtherAssetsNoncurrent,"Deferred tax assets and other assets, net",2Q22,2794.0,CRM_SEC-XBRL-financials_as-presented_10-Q_2021-08-27_0001108524-21-000047.xlsx,Balance Sheet,"July 31, 2021 (unaudited)","Deferred tax assets and other assets, net",us-gaap:OtherAssetsNoncurrent,reported,
balance_sheet,us-gaap:Assets,Total assets,2Q22,88658.0,CRM_SEC-XBRL-financials_as-presented_10-Q_2021-08-27_0001108524-21-000047.xlsx,Balance Sheet,"July 31, 2021 (unaudited)",Total assets,us-gaap:Assets,reported,
balance_sheet,us-gaap:AccountsPayableAndOtherAccruedLiabilitiesCurrent,"Accounts payable, accrued expenses and other liabilities",2Q22,4274.0,CRM_SEC-XBRL-financials_as-presented_10-Q_2021-08-27_0001108524-21-000047.xlsx,Balance Sheet,"July 31, 2021 (unaudited)","Accounts payable, accrued expenses and other liabilities",us-gaap:AccountsPayableAndOtherAccruedLiabilitiesCurrent,reported,
balance_sheet,us-gaap:OperatingLeaseLiabilityCurrent,"Operating lease liabilities, current",2Q22,713.0,CRM_SEC-XBRL-financials_as-presented_10-Q_2021-08-27_0001108524-21-000047.xlsx,Balance Sheet,"July 31, 2021 (unaudited)","Operating lease liabilities, current",us-gaap:OperatingLeaseLiabilityCurrent,reported,
balance_sheet,us-gaap:ContractWithCustomerLiabilityCurrent,Unearned revenue,2Q22,11067.0,CRM_SEC-XBRL-financials_as-presented_10-Q_2021-08-27_0001108524-21-000047.xlsx,Balance Sheet,"July 31, 2021 (unaudited)",Unearned revenue,us-gaap:ContractWithCustomerLiabilityCurrent,reported,
balance_sheet,us-gaap:ConvertibleDebtCurrent,"Debt, current",2Q22,1339.0,CRM_SEC-XBRL-financials_as-presented_10-Q_2021-08-27_0001108524-21-000047.xlsx,Balance Sheet,"July 31, 2021 (unaudited)",Slack Convertible Notes,us-gaap:ConvertibleDebtCurrent,reported,
balance_sheet,us-gaap:LiabilitiesCurrent,Total current liabilities,2Q22,17393.0,CRM_SEC-XBRL-financials_as-presented_10-Q_2021-08-27_0001108524-21-000047.xlsx,Balance Sheet,"July 31, 2021 (unaudited)",Total current liabilities,us-gaap:LiabilitiesCurrent,reported,
balance_sheet,us-gaap:LongTermDebtNoncurrent,Noncurrent debt,2Q22,10589.0,CRM_SEC-XBRL-financials_as-presented_10-Q_2021-08-27_0001108524-21-000047.xlsx,Balance Sheet,"July 31, 2021 (unaudited)",Noncurrent debt,us-gaap:LongTermDebtNoncurrent,reported,
balance_sheet,us-gaap:OperatingLeaseLiabilityNoncurrent,Noncurrent operating lease liabilities,2Q22,2878.0,CRM_SEC-XBRL-financials_as-presented_10-Q_2021-08-27_0001108524-21-000047.xlsx,Balance Sheet,"July 31, 2021 (unaudited)",Noncurrent operating lease liabilities,us-gaap:OperatingLeaseLiabilityNoncurrent,reported,
balance_sheet,us-gaap:OtherLiabilitiesNoncurrent,Other noncurrent liabilities,2Q22,2278.0,CRM_SEC-XBRL-financials_as-presented_10-Q_2021-08-27_0001108524-21-000047.xlsx,Balance Sheet,"July 31, 2021 (unaudited)",Other noncurrent liabilities,us-gaap:OtherLiabilitiesNoncurrent,reported,
balance_sheet,us-gaap:Liabilities,Total liabilities,2Q22,33138.0,CRM_SEC-XBRL-financials_as-presented_10-Q_2021-08-27_0001108524-21-000047.xlsx,Balance Sheet,"July 31, 2021 (unaudited)",Total liabilities,us-gaap:Liabilities,reported,
balance_sheet,us-gaap:CommonStockValue,Common stock,2Q22,1.0,CRM_SEC-XBRL-financials_as-presented_10-Q_2021-08-27_0001108524-21-000047.xlsx,Balance Sheet,"July 31, 2021 (unaudited)",Common stock,us-gaap:CommonStockValue,reported,
balance_sheet,us-gaap:AdditionalPaidInCapitalCommonStock,Additional paid-in capital,2Q22,48666.0,CRM_SEC-XBRL-financials_as-presented_10-Q_2021-08-27_0001108524-21-000047.xlsx,Balance Sheet,"July 31, 2021 (unaudited)",Additional paid-in capital,us-gaap:AdditionalPaidInCapitalCommonStock,reported,
balance_sheet,us-gaap:AccumulatedOtherComprehensiveIncomeLossNetOfTax,Accumulated other comprehensive income (loss),2Q22,-84.0,CRM_SEC-XBRL-financials_as-presented_10-Q_2021-08-27_0001108524-21-000047.xlsx,Balance Sheet,"July 31, 2021 (unaudited)",Accumulated other comprehensive loss,us-gaap:AccumulatedOtherComprehensiveIncomeLossNetOfTax,reported,
balance_sheet,us-gaap:RetainedEarningsAccumulatedDeficit,Retained earnings,2Q22,6937.0,CRM_SEC-XBRL-financials_as-presented_10-Q_2021-08-27_0001108524-21-000047.xlsx,Balance Sheet,"July 31, 2021 (unaudited)",Retained earnings,us-gaap:RetainedEarningsAccumulatedDeficit,reported,
balance_sheet,us-gaap:StockholdersEquity,Total stockholders’ equity,2Q22,55520.0,CRM_SEC-XBRL-financials_as-presented_10-Q_2021-08-27_0001108524-21-000047.xlsx,Balance Sheet,"July 31, 2021 (unaudited)",Total stockholders’ equity,us-gaap:StockholdersEquity,reported,
balance_sheet,us-gaap:LiabilitiesAndStockholdersEquity,Total liabilities and stockholders’ equity,2Q22,88658.0,CRM_SEC-XBRL-financials_as-presented_10-Q_2021-08-27_0001108524-21-000047.xlsx,Balance Sheet,"July 31, 2021 (unaudited)",Total liabilities and stockholders’ equity,us-gaap:LiabilitiesAndStockholdersEquity,reported,
cash_flow,us-gaap:NetIncomeLoss,Net income,2Q22,535.0,CRM_SEC-XBRL-financials_as-presented_10-Q_2021-08-27_0001108524-21-000047.xlsx,Cash Flow,"Three Months Ended July 31, 2021",Net income,us-gaap:NetIncomeLoss,reported,
cash_flow,us-gaap:NetIncomeLoss,Net income,6M22,1004.0,CRM_SEC-XBRL-financials_as-presented_10-Q_2021-08-27_0001108524-21-000047.xlsx,Cash Flow,"Six Months Ended July 31, 2021",Net income,us-gaap:NetIncomeLoss,reported,
cash_flow,us-gaap:DepreciationAndAmortization,Depreciation and amortization (1),2Q22,719.0,CRM_SEC-XBRL-financials_as-presented_10-Q_2021-08-27_0001108524-21-000047.xlsx,Cash Flow,"Three Months Ended July 31, 2021",Depreciation and amortization,us-gaap:DepreciationAndAmortization,reported,
cash_flow,us-gaap:DepreciationAndAmortization,Depreciation and amortization (1),6M22,1404.0,CRM_SEC-XBRL-financials_as-presented_10-Q_2021-08-27_0001108524-21-000047.xlsx,Cash Flow,"Six Months Ended July 31, 2021",Depreciation and amortization,us-gaap:DepreciationAndAmortization,reported,
cash_flow,us-gaap:CapitalizedContractCostAmortization,"Amortization of costs capitalized to obtain revenue contracts, net",2Q22,334.0,CRM_SEC-XBRL-financials_as-presented_10-Q_2021-08-27_0001108524-21-000047.xlsx,Cash Flow,"Three Months Ended July 31, 2021","Amortization of costs capitalized to obtain revenue contracts, net",us-gaap:CapitalizedContractCostAmortization,reported,
cash_flow,us-gaap:CapitalizedContractCostAmortization,"Amortization of costs capitalized to obtain revenue contracts, net",6M22,648.0,CRM_SEC-XBRL-financials_as-presented_10-Q_2021-08-27_0001108524-21-000047.xlsx,Cash Flow,"Six Months Ended July 31, 2021","Amortization of costs capitalized to obtain revenue contracts, net",us-gaap:CapitalizedContractCostAmortization,reported,
cash_flow,us-gaap:ShareBasedCompensation,Stock-based compensation expense,2Q22,640.0,CRM_SEC-XBRL-financials_as-presented_10-Q_2021-08-27_0001108524-21-000047.xlsx,Cash Flow,"Three Months Ended July 31, 2021",Stock-based expense,us-gaap:ShareBasedCompensation,reported,
cash_flow,us-gaap:ShareBasedCompensation,Stock-based compensation expense,6M22,1204.0,CRM_SEC-XBRL-financials_as-presented_10-Q_2021-08-27_0001108524-21-000047.xlsx,Cash Flow,"Six Months Ended July 31, 2021",Stock-based expense,us-gaap:ShareBasedCompensation,reported,
cash_flow,us-gaap:GainLossOnInvestments,"(Gains) losses on strategic investments, net",2Q22,-526.0,CRM_SEC-XBRL-financials_as-presented_10-Q_2021-08-27_0001108524-21-000047.xlsx,Cash Flow,"Three Months Ended July 31, 2021","Gains on strategic investments, net",us-gaap:GainLossOnInvestments,reported,
cash_flow,us-gaap:GainLossOnInvestments,"(Gains) losses on strategic investments, net",6M22,-814.0,CRM_SEC-XBRL-financials_as-presented_10-Q_2021-08-27_0001108524-21-000047.xlsx,Cash Flow,"Six Months Ended July 31, 2021","Gains on strategic investments, net",us-gaap:GainLossOnInvestments,reported,
cash_flow,crm:DeferredIncomeTaxExpenseBenefitFromIntraEntityTransferOfIntangibleProperty,Tax benefit from intra-entity transfer of intangible property,2Q22,0.0,CRM_SEC-XBRL-financials_as-presented_10-Q_2021-08-27_0001108524-21-000047.xlsx,Cash Flow,"Three Months Ended July 31, 2021",Tax benefit from intra-entity transfer of intangible property,crm:DeferredIncomeTaxExpenseBenefitFromIntraEntityTransferOfIntangibleProperty,reported,
cash_flow,crm:DeferredIncomeTaxExpenseBenefitFromIntraEntityTransferOfIntangibleProperty,Tax benefit from intra-entity transfer of intangible property,6M22,0.0,CRM_SEC-XBRL-financials_as-presented_10-Q_2021-08-27_0001108524-21-000047.xlsx,Cash Flow,"Six Months Ended July 31, 2021",Tax benefit from intra-entity transfer of intangible property,crm:DeferredIncomeTaxExpenseBenefitFromIntraEntityTransferOfIntangibleProperty,reported,
cash_flow,us-gaap:IncreaseDecreaseInAccountsReceivable,"Accounts receivable, net",2Q22,-812.0,CRM_SEC-XBRL-financials_as-presented_10-Q_2021-08-27_0001108524-21-000047.xlsx,Cash Flow,"Three Months Ended July 31, 2021","Accounts receivable, net",us-gaap:IncreaseDecreaseInAccountsReceivable,reported,
cash_flow,us-gaap:IncreaseDecreaseInAccountsReceivable,"Accounts receivable, net",6M22,3804.0,CRM_SEC-XBRL-financials_as-presented_10-Q_2021-08-27_0001108524-21-000047.xlsx,Cash Flow,"Six Months Ended July 31, 2021","Accounts receivable, net",us-gaap:IncreaseDecreaseInAccountsReceivable,reported,
cash_flow,crm:IncreaseDecreaseInCapitalizedContractCosts,"Costs capitalized to obtain revenue contracts, net",2Q22,-463.0,CRM_SEC-XBRL-financials_as-presented_10-Q_2021-08-27_0001108524-21-000047.xlsx,Cash Flow,"Three Months Ended July 31, 2021","Costs capitalized to obtain revenue contracts, net",crm:IncreaseDecreaseInCapitalizedContractCosts,reported,
cash_flow,crm:IncreaseDecreaseInCapitalizedContractCosts,"Costs capitalized to obtain revenue contracts, net",6M22,-818.0,CRM_SEC-XBRL-financials_as-presented_10-Q_2021-08-27_0001108524-21-000047.xlsx,Cash Flow,"Six Months Ended July 31, 2021","Costs capitalized to obtain revenue contracts, net",crm:IncreaseDecreaseInCapitalizedContractCosts,reported,
cash_flow,us-gaap:IncreaseDecreaseInPrepaidDeferredExpenseAndOtherAssets,Prepaid expenses and other current assets and other assets,2Q22,-173.0,CRM_SEC-XBRL-financials_as-presented_10-Q_2021-08-27_0001108524-21-000047.xlsx,Cash Flow,"Three Months Ended July 31, 2021",Prepaid expenses and other current assets and other assets,us-gaap:IncreaseDecreaseInPrepaidDeferredExpenseAndOtherAssets,reported,
cash_flow,us-gaap:IncreaseDecreaseInPrepaidDeferredExpenseAndOtherAssets,Prepaid expenses and other current assets and other assets,6M22,-190.0,CRM_SEC-XBRL-financials_as-presented_10-Q_2021-08-27_0001108524-21-000047.xlsx,Cash Flow,"Six Months Ended July 31, 2021",Prepaid expenses and other current assets and other assets,us-gaap:IncreaseDecreaseInPrepaidDeferredExpenseAndOtherAssets,reported,
cash_flow,us-gaap:IncreaseDecreaseInAccountsPayableAndAccruedLiabilities,Accounts payable and accrued expenses and other liabilities,2Q22,805.0,CRM_SEC-XBRL-financials_as-presented_10-Q_2021-08-27_0001108524-21-000047.xlsx,Cash Flow,"Three Months Ended July 31, 2021",Accounts payable and accrued expenses and other liabilities,us-gaap:IncreaseDecreaseInAccountsPayableAndAccruedLiabilities,reported,
cash_flow,us-gaap:IncreaseDecreaseInAccountsPayableAndAccruedLiabilities,Accounts payable and accrued expenses and other liabilities,6M22,-288.0,CRM_SEC-XBRL-financials_as-presented_10-Q_2021-08-27_0001108524-21-000047.xlsx,Cash Flow,"Six Months Ended July 31, 2021",Accounts payable and accrued expenses and other liabilities,us-gaap:IncreaseDecreaseInAccountsPayableAndAccruedLiabilities,reported,
cash_flow,us-gaap:IncreaseDecreaseInOperatingLeaseLiability,Operating lease liabilities,2Q22,-200.0,CRM_SEC-XBRL-financials_as-presented_10-Q_2021-08-27_0001108524-21-000047.xlsx,Cash Flow,"Three Months Ended July 31, 2021",Operating lease liabilities,us-gaap:IncreaseDecreaseInOperatingLeaseLiability,reported,
cash_flow,us-gaap:IncreaseDecreaseInOperatingLeaseLiability,Operating lease liabilities,6M22,-416.0,CRM_SEC-XBRL-financials_as-presented_10-Q_2021-08-27_0001108524-21-000047.xlsx,Cash Flow,"Six Months Ended July 31, 2021",Operating lease liabilities,us-gaap:IncreaseDecreaseInOperatingLeaseLiability,reported,
cash_flow,us-gaap:IncreaseDecreaseInContractWithCustomerLiability,Unearned revenue,2Q22,-473.0,CRM_SEC-XBRL-financials_as-presented_10-Q_2021-08-27_0001108524-21-000047.xlsx,Cash Flow,"Three Months Ended July 31, 2021",Unearned revenue,us-gaap:IncreaseDecreaseInContractWithCustomerLiability,reported,
cash_flow,us-gaap:IncreaseDecreaseInContractWithCustomerLiability,Unearned revenue,6M22,-1924.0,CRM_SEC-XBRL-financials_as-presented_10-Q_2021-08-27_0001108524-21-000047.xlsx,Cash Flow,"Six Months Ended July 31, 2021",Unearned revenue,us-gaap:IncreaseDecreaseInContractWithCustomerLiability,reported,
cash_flow,us-gaap:NetCashProvidedByUsedInOperatingActivities,Net cash provided by operating activities,2Q22,386.0,CRM_SEC-XBRL-financials_as-presented_10-Q_2021-08-27_0001108524-21-000047.xlsx,Cash Flow,"Three Months Ended July 31, 2021",Net cash provided by operating activities,us-gaap:NetCashProvidedByUsedInOperatingActivities,reported,
cash_flow,us-gaap:NetCashProvidedByUsedInOperatingActivities,Net cash provided by operating activities,6M22,3614.0,CRM_SEC-XBRL-financials_as-presented_10-Q_2021-08-27_0001108524-21-000047.xlsx,Cash Flow,"Six Months Ended July 31, 2021",Net cash provided by operating activities,us-gaap:NetCashProvidedByUsedInOperatingActivities,reported,
cash_flow,us-gaap:PaymentsToAcquireBusinessesNetOfCashAcquired,"Business combinations, net of cash acquired",2Q22,-14356.0,CRM_SEC-XBRL-financials_as-presented_10-Q_2021-08-27_0001108524-21-000047.xlsx,Cash Flow,"Three Months Ended July 31, 2021","Business combinations, net of cash acquired",us-gaap:PaymentsToAcquireBusinessesNetOfCashAcquired,reported,
cash_flow,us-gaap:PaymentsToAcquireBusinessesNetOfCashAcquired,"Business combinations, net of cash acquired",6M22,-14781.0,CRM_SEC-XBRL-financials_as-presented_10-Q_2021-08-27_0001108524-21-000047.xlsx,Cash Flow,"Six Months Ended July 31, 2021","Business combinations, net of cash acquired",us-gaap:PaymentsToAcquireBusinessesNetOfCashAcquired,reported,
cash_flow,us-gaap:PaymentsToAcquireLongtermInvestments,Purchases of strategic investments,2Q22,-509.0,CRM_SEC-XBRL-financials_as-presented_10-Q_2021-08-27_0001108524-21-000047.xlsx,Cash Flow,"Three Months Ended July 31, 2021",Purchases of strategic investments,us-gaap:PaymentsToAcquireLongtermInvestments,reported,
cash_flow,us-gaap:PaymentsToAcquireLongtermInvestments,Purchases of strategic investments,6M22,-786.0,CRM_SEC-XBRL-financials_as-presented_10-Q_2021-08-27_0001108524-21-000047.xlsx,Cash Flow,"Six Months Ended July 31, 2021",Purchases of strategic investments,us-gaap:PaymentsToAcquireLongtermInvestments,reported,
cash_flow,us-gaap:ProceedsFromSaleOfLongtermInvestments,Sales of strategic investments,2Q22,913.0,CRM_SEC-XBRL-financials_as-presented_10-Q_2021-08-27_0001108524-21-000047.xlsx,Cash Flow,"Three Months Ended July 31, 2021",Sales of strategic investments,us-gaap:ProceedsFromSaleOfLongtermInvestments,reported,
cash_flow,us-gaap:ProceedsFromSaleOfLongtermInvestments,Sales of strategic investments,6M22,1469.0,CRM_SEC-XBRL-financials_as-presented_10-Q_2021-08-27_0001108524-21-000047.xlsx,Cash Flow,"Six Months Ended July 31, 2021",Sales of strategic investments,us-gaap:ProceedsFromSaleOfLongtermInvestments,reported,
cash_flow,us-gaap:PaymentsToAcquireAvailableForSaleSecuritiesDebt,Purchases of marketable securities,2Q22,-507.0,CRM_SEC-XBRL-financials_as-presented_10-Q_2021-08-27_0001108524-21-000047.xlsx,Cash Flow,"Three Months Ended July 31, 2021",Purchases of marketable securities,us-gaap:PaymentsToAcquireAvailableForSaleSecuritiesDebt,reported,
cash_flow,us-gaap:PaymentsToAcquireAvailableForSaleSecuritiesDebt,Purchases of marketable securities,6M22,-2316.0,CRM_SEC-XBRL-financials_as-presented_10-Q_2021-08-27_0001108524-21-000047.xlsx,Cash Flow,"Six Months Ended July 31, 2021",Purchases of marketable securities,us-gaap:PaymentsToAcquireAvailableForSaleSecuritiesDebt,reported,
cash_flow,us-gaap:ProceedsFromSaleOfAvailableForSaleSecuritiesDebt,Sales of marketable securities,2Q22,2464.0,CRM_SEC-XBRL-financials_as-presented_10-Q_2021-08-27_0001108524-21-000047.xlsx,Cash Flow,"Three Months Ended July 31, 2021",Sales of marketable securities,us-gaap:ProceedsFromSaleOfAvailableForSaleSecuritiesDebt,reported,
cash_flow,us-gaap:ProceedsFromSaleOfAvailableForSaleSecuritiesDebt,Sales of marketable securities,6M22,3045.0,CRM_SEC-XBRL-financials_as-presented_10-Q_2021-08-27_0001108524-21-000047.xlsx,Cash Flow,"Six Months Ended July 31, 2021",Sales of marketable securities,us-gaap:ProceedsFromSaleOfAvailableForSaleSecuritiesDebt,reported,
cash_flow,us-gaap:ProceedsFromMaturitiesPrepaymentsAndCallsOfAvailableForSaleSecurities,Maturities of marketable securities,2Q22,1154.0,CRM_SEC-XBRL-financials_as-presented_10-Q_2021-08-27_0001108524-21-000047.xlsx,Cash Flow,"Three Months Ended July 31, 2021",Maturities of marketable securities,us-gaap:ProceedsFromMaturitiesPrepaymentsAndCallsOfAvailableForSaleSecurities,reported,
cash_flow,us-gaap:ProceedsFromMaturitiesPrepaymentsAndCallsOfAvailableForSaleSecurities,Maturities of marketable securities,6M22,1652.0,CRM_SEC-XBRL-financials_as-presented_10-Q_2021-08-27_0001108524-21-000047.xlsx,Cash Flow,"Six Months Ended July 31, 2021",Maturities of marketable securities,us-gaap:ProceedsFromMaturitiesPrepaymentsAndCallsOfAvailableForSaleSecurities,reported,
cash_flow,us-gaap:PaymentsToAcquirePropertyPlantAndEquipment,Capital expenditures,2Q22,-213.0,CRM_SEC-XBRL-financials_as-presented_10-Q_2021-08-27_0001108524-21-000047.xlsx,Cash Flow,"Three Months Ended July 31, 2021",Capital expenditures,us-gaap:PaymentsToAcquirePropertyPlantAndEquipment,reported,
cash_flow,us-gaap:PaymentsToAcquirePropertyPlantAndEquipment,Capital expenditures,6M22,-384.0,CRM_SEC-XBRL-financials_as-presented_10-Q_2021-08-27_0001108524-21-000047.xlsx,Cash Flow,"Six Months Ended July 31, 2021",Capital expenditures,us-gaap:PaymentsToAcquirePropertyPlantAndEquipment,reported,
cash_flow,us-gaap:NetCashProvidedByUsedInInvestingActivities,Net cash used in investing activities,2Q22,-11054.0,CRM_SEC-XBRL-financials_as-presented_10-Q_2021-08-27_0001108524-21-000047.xlsx,Cash Flow,"Three Months Ended July 31, 2021",Net cash used in investing activities,us-gaap:NetCashProvidedByUsedInInvestingActivities,reported,
cash_flow,us-gaap:NetCashProvidedByUsedInInvestingActivities,Net cash used in investing activities,6M22,-12101.0,CRM_SEC-XBRL-financials_as-presented_10-Q_2021-08-27_0001108524-21-000047.xlsx,Cash Flow,"Six Months Ended July 31, 2021",Net cash used in investing activities,us-gaap:NetCashProvidedByUsedInInvestingActivities,reported,
cash_flow,us-gaap:ProceedsFromIssuanceOfMediumTermNotes,"Proceeds from issuance of debt, net of issuance costs",2Q22,7922.0,CRM_SEC-XBRL-financials_as-presented_10-Q_2021-08-27_0001108524-21-000047.xlsx,Cash Flow,"Three Months Ended July 31, 2021","Proceeds from issuance of debt, net of issuance costs",us-gaap:ProceedsFromIssuanceOfMediumTermNotes,reported,
cash_flow,us-gaap:ProceedsFromIssuanceOfMediumTermNotes,"Proceeds from issuance of debt, net of issuance costs",6M22,7912.0,CRM_SEC-XBRL-financials_as-presented_10-Q_2021-08-27_0001108524-21-000047.xlsx,Cash Flow,"Six Months Ended July 31, 2021","Proceeds from issuance of debt, net of issuance costs",us-gaap:ProceedsFromIssuanceOfMediumTermNotes,reported,
cash_flow,crm:RepaymentsOfProceedsFromConvertibleDebtNetOfCappedCalls,"Repayments of Slack Convertible Notes, net of capped call proceeds (Note 9)",2Q22,168.0,CRM_SEC-XBRL-financials_as-presented_10-Q_2021-08-27_0001108524-21-000047.xlsx,Cash Flow,"Three Months Ended July 31, 2021","Repayments of Slack Convertible Notes, net of capped call proceeds",crm:RepaymentsOfProceedsFromConvertibleDebtNetOfCappedCalls,reported,
cash_flow,crm:RepaymentsOfProceedsFromConvertibleDebtNetOfCappedCalls,"Repayments of Slack Convertible Notes, net of capped call proceeds (Note 9)",6M22,168.0,CRM_SEC-XBRL-financials_as-presented_10-Q_2021-08-27_0001108524-21-000047.xlsx,Cash Flow,"Six Months Ended July 31, 2021","Repayments of Slack Convertible Notes, net of capped call proceeds",crm:RepaymentsOfProceedsFromConvertibleDebtNetOfCappedCalls,reported,
cash_flow,us-gaap:ProceedsFromStockPlans,Proceeds from employee stock plans,2Q22,375.0,CRM_SEC-XBRL-financials_as-presented_10-Q_2021-08-27_0001108524-21-000047.xlsx,Cash Flow,"Three Months Ended July 31, 2021",Proceeds from employee stock plans,us-gaap:ProceedsFromStockPlans,reported,
cash_flow,us-gaap:ProceedsFromStockPlans,Proceeds from employee stock plans,6M22,600.0,CRM_SEC-XBRL-financials_as-presented_10-Q_2021-08-27_0001108524-21-000047.xlsx,Cash Flow,"Six Months Ended July 31, 2021",Proceeds from employee stock plans,us-gaap:ProceedsFromStockPlans,reported,
cash_flow,us-gaap:FinanceLeasePrincipalPayments,Principal payments on financing obligations,2Q22,-24.0,CRM_SEC-XBRL-financials_as-presented_10-Q_2021-08-27_0001108524-21-000047.xlsx,Cash Flow,"Three Months Ended July 31, 2021",Principal payments on financing obligations,us-gaap:FinanceLeasePrincipalPayments,reported,
cash_flow,us-gaap:FinanceLeasePrincipalPayments,Principal payments on financing obligations,6M22,-73.0,CRM_SEC-XBRL-financials_as-presented_10-Q_2021-08-27_0001108524-21-000047.xlsx,Cash Flow,"Six Months Ended July 31, 2021",Principal payments on financing obligations,us-gaap:FinanceLeasePrincipalPayments,reported,
cash_flow,us-gaap:RepaymentsOfLongTermLinesOfCredit,Repayments of debt,2Q22,-1.0,CRM_SEC-XBRL-financials_as-presented_10-Q_2021-08-27_0001108524-21-000047.xlsx,Cash Flow,"Three Months Ended July 31, 2021",Repayments of debt,us-gaap:RepaymentsOfLongTermLinesOfCredit,reported,
cash_flow,us-gaap:RepaymentsOfLongTermLinesOfCredit,Repayments of debt,6M22,-2.0,CRM_SEC-XBRL-financials_as-presented_10-Q_2021-08-27_0001108524-21-000047.xlsx,Cash Flow,"Six Months Ended July 31, 2021",Repayments of debt,us-gaap:RepaymentsOfLongTermLinesOfCredit,reported,
cash_flow,us-gaap:NetCashProvidedByUsedInFinancingActivities,Net cash used in financing activities,2Q22,8440.0,CRM_SEC-XBRL-financials_as-presented_10-Q_2021-08-27_0001108524-21-000047.xlsx,Cash Flow,"Three Months Ended July 31, 2021",Net cash provided by financing activities,us-gaap:NetCashProvidedByUsedInFinancingActivities,reported,
cash_flow,us-gaap:NetCashProvidedByUsedInFinancingActivities,Net cash used in financing activities,6M22,8605.0,CRM_SEC-XBRL-financials_as-presented_10-Q_2021-08-27_0001108524-21-000047.xlsx,Cash Flow,"Six Months Ended July 31, 2021",Net cash provided by financing activities,us-gaap:NetCashProvidedByUsedInFinancingActivities,reported,
cash_flow,us-gaap:EffectOfExchangeRateOnCashCashEquivalentsRestrictedCashAndRestrictedCashEquivalents,Effect of exchange rate changes,2Q22,-17.0,CRM_SEC-XBRL-financials_as-presented_10-Q_2021-08-27_0001108524-21-000047.xlsx,Cash Flow,"Three Months Ended July 31, 2021",Effect of exchange rate changes,us-gaap:EffectOfExchangeRateOnCashCashEquivalentsRestrictedCashAndRestrictedCashEquivalents,reported,
cash_flow,us-gaap:EffectOfExchangeRateOnCashCashEquivalentsRestrictedCashAndRestrictedCashEquivalents,Effect of exchange rate changes,6M22,-14.0,CRM_SEC-XBRL-financials_as-presented_10-Q_2021-08-27_0001108524-21-000047.xlsx,Cash Flow,"Six Months Ended July 31, 2021",Effect of exchange rate changes,us-gaap:EffectOfExchangeRateOnCashCashEquivalentsRestrictedCashAndRestrictedCashEquivalents,reported,
cash_flow,us-gaap:CashCashEquivalentsRestrictedCashAndRestrictedCashEquivalentsPeriodIncreaseDecreaseIncludingExchangeRateEffect,Net increase (decrease) in cash and cash equivalents,2Q22,-2245.0,CRM_SEC-XBRL-financials_as-presented_10-Q_2021-08-27_0001108524-21-000047.xlsx,Cash Flow,"Three Months Ended July 31, 2021",Net increase (decrease) in cash and cash equivalents,us-gaap:CashCashEquivalentsRestrictedCashAndRestrictedCashEquivalentsPeriodIncreaseDecreaseIncludingExchangeRateEffect,reported,
cash_flow,us-gaap:CashCashEquivalentsRestrictedCashAndRestrictedCashEquivalentsPeriodIncreaseDecreaseIncludingExchangeRateEffect,Net increase (decrease) in cash and cash equivalents,6M22,104.0,CRM_SEC-XBRL-financials_as-presented_10-Q_2021-08-27_0001108524-21-000047.xlsx,Cash Flow,"Six Months Ended July 31, 2021",Net increase (decrease) in cash and cash equivalents,us-gaap:CashCashEquivalentsRestrictedCashAndRestrictedCashEquivalentsPeriodIncreaseDecreaseIncludingExchangeRateEffect,reported,
cash_flow,us-gaap:CashCashEquivalentsRestrictedCashAndRestrictedCashEquivalents,"Cash and cash equivalents, beginning of period",2Q22,8544.0,CRM_SEC-XBRL-financials_as-presented_10-Q_2021-08-27_0001108524-21-000047.xlsx,Cash Flow,"Three Months Ended July 31, 2021","Cash and cash equivalents, beginning of period",us-gaap:CashCashEquivalentsRestrictedCashAndRestrictedCashEquivalents,reported,
cash_flow,us-gaap:CashCashEquivalentsRestrictedCashAndRestrictedCashEquivalents,"Cash and cash equivalents, beginning of period",6M22,6195.0,CRM_SEC-XBRL-financials_as-presented_10-Q_2021-08-27_0001108524-21-000047.xlsx,Cash Flow,"Six Months Ended July 31, 2021","Cash and cash equivalents, beginning of period",us-gaap:CashCashEquivalentsRestrictedCashAndRestrictedCashEquivalents,reported,
income_statement,us-gaap:RevenueFromContractWithCustomerExcludingAssessedTax,Subscription and support,3Q22,6379.0,CRM_SEC-XBRL-financials_as-presented_10-Q_2021-12-02_0001108524-21-000055.xlsx,Income Statement,"Three Months Ended October 31, 2021",Subscription and support,us-gaap:RevenueFromContractWithCustomerExcludingAssessedTax,reported,
income_statement,us-gaap:RevenueFromContractWithCustomerExcludingAssessedTax,Subscription and support,9M22,17829.0,CRM_SEC-XBRL-financials_as-presented_10-Q_2021-12-02_0001108524-21-000055.xlsx,Income Statement,"Nine Months Ended October 31, 2021",Subscription and support,us-gaap:RevenueFromContractWithCustomerExcludingAssessedTax,reported,
income_statement,us-gaap:CostOfGoodsAndServicesSold,Subscription and support,3Q22,1335.0,CRM_SEC-XBRL-financials_as-presented_10-Q_2021-12-02_0001108524-21-000055.xlsx,Income Statement,"Three Months Ended October 31, 2021",Subscription and support,us-gaap:CostOfGoodsAndServicesSold,reported,
income_statement,us-gaap:CostOfGoodsAndServicesSold,Subscription and support,9M22,3603.0,CRM_SEC-XBRL-financials_as-presented_10-Q_2021-12-02_0001108524-21-000055.xlsx,Income Statement,"Nine Months Ended October 31, 2021",Subscription and support,us-gaap:CostOfGoodsAndServicesSold,reported,
income_statement,us-gaap:GrossProfit,Gross profit,3Q22,5019.0,CRM_SEC-XBRL-financials_as-presented_10-Q_2021-12-02_0001108524-21-000055.xlsx,Income Statement,"Three Months Ended October 31, 2021",Gross profit,us-gaap:GrossProfit,reported,
income_statement,us-gaap:GrossProfit,Gross profit,9M22,14154.0,CRM_SEC-XBRL-financials_as-presented_10-Q_2021-12-02_0001108524-21-000055.xlsx,Income Statement,"Nine Months Ended October 31, 2021",Gross profit,us-gaap:GrossProfit,reported,
income_statement,us-gaap:ResearchAndDevelopmentExpense,Research and development,3Q22,1203.0,CRM_SEC-XBRL-financials_as-presented_10-Q_2021-12-02_0001108524-21-000055.xlsx,Income Statement,"Three Months Ended October 31, 2021",Research and development,us-gaap:ResearchAndDevelopmentExpense,reported,
income_statement,us-gaap:ResearchAndDevelopmentExpense,Research and development,9M22,3174.0,CRM_SEC-XBRL-financials_as-presented_10-Q_2021-12-02_0001108524-21-000055.xlsx,Income Statement,"Nine Months Ended October 31, 2021",Research and development,us-gaap:ResearchAndDevelopmentExpense,reported,
income_statement,us-gaap:SellingAndMarketingExpense,Sales and marketing,3Q22,3111.0,CRM_SEC-XBRL-financials_as-presented_10-Q_2021-12-02_0001108524-21-000055.xlsx,Income Statement,"Three Months Ended October 31, 2021",Marketing and sales,us-gaap:SellingAndMarketingExpense,reported,
income_statement,us-gaap:SellingAndMarketingExpense,Sales and marketing,9M22,8391.0,CRM_SEC-XBRL-financials_as-presented_10-Q_2021-12-02_0001108524-21-000055.xlsx,Income Statement,"Nine Months Ended October 31, 2021",Marketing and sales,us-gaap:SellingAndMarketingExpense,reported,
income_statement,us-gaap:GeneralAndAdministrativeExpense,General and administrative,3Q22,667.0,CRM_SEC-XBRL-financials_as-presented_10-Q_2021-12-02_0001108524-21-000055.xlsx,Income Statement,"Three Months Ended October 31, 2021",General and administrative,us-gaap:GeneralAndAdministrativeExpense,reported,
income_statement,us-gaap:GeneralAndAdministrativeExpense,General and administrative,9M22,1865.0,CRM_SEC-XBRL-financials_as-presented_10-Q_2021-12-02_0001108524-21-000055.xlsx,Income Statement,"Nine Months Ended October 31, 2021",General and administrative,us-gaap:GeneralAndAdministrativeExpense,reported,
income_statement,us-gaap:OperatingExpenses,Total operating expenses,3Q22,4981.0,CRM_SEC-XBRL-financials_as-presented_10-Q_2021-12-02_0001108524-21-000055.xlsx,Income Statement,"Three Months Ended October 31, 2021",Total operating expenses,us-gaap:OperatingExpenses,reported,
income_statement,us-gaap:OperatingExpenses,Total operating expenses,9M22,13430.0,CRM_SEC-XBRL-financials_as-presented_10-Q_2021-12-02_0001108524-21-000055.xlsx,Income Statement,"Nine Months Ended October 31, 2021",Total operating expenses,us-gaap:OperatingExpenses,reported,
income_statement,us-gaap:OperatingIncomeLoss,Income from operations,3Q22,38.0,CRM_SEC-XBRL-financials_as-presented_10-Q_2021-12-02_0001108524-21-000055.xlsx,Income Statement,"Three Months Ended October 31, 2021",Income from operations,us-gaap:OperatingIncomeLoss,reported,
income_statement,us-gaap:OperatingIncomeLoss,Income from operations,9M22,724.0,CRM_SEC-XBRL-financials_as-presented_10-Q_2021-12-02_0001108524-21-000055.xlsx,Income Statement,"Nine Months Ended October 31, 2021",Income from operations,us-gaap:OperatingIncomeLoss,reported,
income_statement,us-gaap:GainLossOnInvestments,"Gains (losses) on strategic investments, net",3Q22,363.0,CRM_SEC-XBRL-financials_as-presented_10-Q_2021-12-02_0001108524-21-000055.xlsx,Income Statement,"Three Months Ended October 31, 2021","Gains on strategic investments, net",us-gaap:GainLossOnInvestments,reported,
income_statement,us-gaap:GainLossOnInvestments,"Gains (losses) on strategic investments, net",9M22,1177.0,CRM_SEC-XBRL-financials_as-presented_10-Q_2021-12-02_0001108524-21-000055.xlsx,Income Statement,"Nine Months Ended October 31, 2021","Gains on strategic investments, net",us-gaap:GainLossOnInvestments,reported,
income_statement,us-gaap:OtherNonoperatingExpense,Other expense,3Q22,-102.0,CRM_SEC-XBRL-financials_as-presented_10-Q_2021-12-02_0001108524-21-000055.xlsx,Income Statement,"Three Months Ended October 31, 2021",Other expense,us-gaap:OtherNonoperatingExpense,reported,
income_statement,us-gaap:OtherNonoperatingExpense,Other expense,9M22,-172.0,CRM_SEC-XBRL-financials_as-presented_10-Q_2021-12-02_0001108524-21-000055.xlsx,Income Statement,"Nine Months Ended October 31, 2021",Other expense,us-gaap:OtherNonoperatingExpense,reported,
income_statement,us-gaap:IncomeLossFromContinuingOperationsBeforeIncomeTaxesExtraordinaryItemsNoncontrollingInterest,Income before provision for income taxes,3Q22,299.0,CRM_SEC-XBRL-financials_as-presented_10-Q_2021-12-02_0001108524-21-000055.xlsx,Income Statement,"Three Months Ended October 31, 2021",Income before benefit from (provision for) income taxes,us-gaap:IncomeLossFromContinuingOperationsBeforeIncomeTaxesExtraordinaryItemsNoncontrollingInterest,reported,
income_statement,us-gaap:IncomeLossFromContinuingOperationsBeforeIncomeTaxesExtraordinaryItemsNoncontrollingInterest,Income before provision for income taxes,9M22,1729.0,CRM_SEC-XBRL-financials_as-presented_10-Q_2021-12-02_0001108524-21-000055.xlsx,Income Statement,"Nine Months Ended October 31, 2021",Income before benefit from (provision for) income taxes,us-gaap:IncomeLossFromContinuingOperationsBeforeIncomeTaxesExtraordinaryItemsNoncontrollingInterest,reported,
income_statement,us-gaap:IncomeTaxExpenseBenefit,Provision for income taxes,3Q22,169.0,CRM_SEC-XBRL-financials_as-presented_10-Q_2021-12-02_0001108524-21-000055.xlsx,Income Statement,"Three Months Ended October 31, 2021",Benefit from (provision for) income taxes (3),us-gaap:IncomeTaxExpenseBenefit,reported,
income_statement,us-gaap:IncomeTaxExpenseBenefit,Provision for income taxes,9M22,-257.0,CRM_SEC-XBRL-financials_as-presented_10-Q_2021-12-02_0001108524-21-000055.xlsx,Income Statement,"Nine Months Ended October 31, 2021",Benefit from (provision for) income taxes (3),us-gaap:IncomeTaxExpenseBenefit,reported,
income_statement,us-gaap:NetIncomeLoss,Net income,3Q22,468.0,CRM_SEC-XBRL-financials_as-presented_10-Q_2021-12-02_0001108524-21-000055.xlsx,Income Statement,"Three Months Ended October 31, 2021",Net income,us-gaap:NetIncomeLoss,reported,
income_statement,us-gaap:NetIncomeLoss,Net income,9M22,1472.0,CRM_SEC-XBRL-financials_as-presented_10-Q_2021-12-02_0001108524-21-000055.xlsx,Income Statement,"Nine Months Ended October 31, 2021",Net income,us-gaap:NetIncomeLoss,reported,
income_statement,us-gaap:EarningsPerShareBasic,Basic net income per share,3Q22,0.48,CRM_SEC-XBRL-financials_as-presented_10-Q_2021-12-02_0001108524-21-000055.xlsx,Income Statement,"Three Months Ended October 31, 2021",Basic net income per share,us-gaap:EarningsPerShareBasic,reported,
income_statement,us-gaap:EarningsPerShareBasic,Basic net income per share,9M22,1.56,CRM_SEC-XBRL-financials_as-presented_10-Q_2021-12-02_0001108524-21-000055.xlsx,Income Statement,"Nine Months Ended October 31, 2021",Basic net income per share,us-gaap:EarningsPerShareBasic,reported,
income_statement,us-gaap:EarningsPerShareDiluted,Diluted net income per share,3Q22,0.47,CRM_SEC-XBRL-financials_as-presented_10-Q_2021-12-02_0001108524-21-000055.xlsx,Income Statement,"Three Months Ended October 31, 2021",Diluted net income per share,us-gaap:EarningsPerShareDiluted,reported,
income_statement,us-gaap:EarningsPerShareDiluted,Diluted net income per share,9M22,1.53,CRM_SEC-XBRL-financials_as-presented_10-Q_2021-12-02_0001108524-21-000055.xlsx,Income Statement,"Nine Months Ended October 31, 2021",Diluted net income per share,us-gaap:EarningsPerShareDiluted,reported,
income_statement,us-gaap:WeightedAverageNumberOfSharesOutstandingBasic,Shares used in computing basic net income per share,3Q22,980.0,CRM_SEC-XBRL-financials_as-presented_10-Q_2021-12-02_0001108524-21-000055.xlsx,Income Statement,"Three Months Ended October 31, 2021",Shares used in computing basic net income per share,us-gaap:WeightedAverageNumberOfSharesOutstandingBasic,reported,
income_statement,us-gaap:WeightedAverageNumberOfSharesOutstandingBasic,Shares used in computing basic net income per share,9M22,945.0,CRM_SEC-XBRL-financials_as-presented_10-Q_2021-12-02_0001108524-21-000055.xlsx,Income Statement,"Nine Months Ended October 31, 2021",Shares used in computing basic net income per share,us-gaap:WeightedAverageNumberOfSharesOutstandingBasic,reported,
income_statement,us-gaap:WeightedAverageNumberOfDilutedSharesOutstanding,Shares used in computing diluted net income per share,3Q22,1.001,CRM_SEC-XBRL-financials_as-presented_10-Q_2021-12-02_0001108524-21-000055.xlsx,Income Statement,"Three Months Ended October 31, 2021",Shares used in computing diluted net income per share,us-gaap:WeightedAverageNumberOfDilutedSharesOutstanding,reported,
income_statement,us-gaap:WeightedAverageNumberOfDilutedSharesOutstanding,Shares used in computing diluted net income per share,9M22,964.0,CRM_SEC-XBRL-financials_as-presented_10-Q_2021-12-02_0001108524-21-000055.xlsx,Income Statement,"Nine Months Ended October 31, 2021",Shares used in computing diluted net income per share,us-gaap:WeightedAverageNumberOfDilutedSharesOutstanding,reported,
balance_sheet,us-gaap:CashAndCashEquivalentsAtCarryingValue,Cash and cash equivalents,3Q22,4753.0,CRM_SEC-XBRL-financials_as-presented_10-Q_2021-12-02_0001108524-21-000055.xlsx,Balance Sheet,"October 31, 2021 (unaudited)",Cash and cash equivalents,us-gaap:CashAndCashEquivalentsAtCarryingValue,reported,
balance_sheet,us-gaap:AvailableForSaleSecuritiesDebtSecuritiesCurrent,Marketable securities,3Q22,4638.0,CRM_SEC-XBRL-financials_as-presented_10-Q_2021-12-02_0001108524-21-000055.xlsx,Balance Sheet,"October 31, 2021 (unaudited)",Marketable securities,us-gaap:AvailableForSaleSecuritiesDebtSecuritiesCurrent,reported,
balance_sheet,us-gaap:AccountsReceivableNetCurrent,"Accounts receivable, net",3Q22,4019.0,CRM_SEC-XBRL-financials_as-presented_10-Q_2021-12-02_0001108524-21-000055.xlsx,Balance Sheet,"October 31, 2021 (unaudited)","Accounts receivable, net",us-gaap:AccountsReceivableNetCurrent,reported,
balance_sheet,us-gaap:CapitalizedContractCostNetCurrent,"Costs capitalized to obtain revenue contracts, net",3Q22,1242.0,CRM_SEC-XBRL-financials_as-presented_10-Q_2021-12-02_0001108524-21-000055.xlsx,Balance Sheet,"October 31, 2021 (unaudited)","Costs capitalized to obtain revenue contracts, net",us-gaap:CapitalizedContractCostNetCurrent,reported,
balance_sheet,us-gaap:PrepaidExpenseAndOtherAssetsCurrent,Prepaid expenses and other current assets,3Q22,1305.0,CRM_SEC-XBRL-financials_as-presented_10-Q_2021-12-02_0001108524-21-000055.xlsx,Balance Sheet,"October 31, 2021 (unaudited)",Prepaid expenses and other current assets,us-gaap:PrepaidExpenseAndOtherAssetsCurrent,reported,
balance_sheet,us-gaap:AssetsCurrent,Total current assets,3Q22,15957.0,CRM_SEC-XBRL-financials_as-presented_10-Q_2021-12-02_0001108524-21-000055.xlsx,Balance Sheet,"October 31, 2021 (unaudited)",Total current assets,us-gaap:AssetsCurrent,reported,
balance_sheet,us-gaap:PropertyPlantAndEquipmentNet,"Property and equipment, net",3Q22,2768.0,CRM_SEC-XBRL-financials_as-presented_10-Q_2021-12-02_0001108524-21-000055.xlsx,Balance Sheet,"October 31, 2021 (unaudited)","Property and equipment, net",us-gaap:PropertyPlantAndEquipmentNet,reported,
balance_sheet,us-gaap:OperatingLeaseRightOfUseAsset,"Operating lease right-of-use assets, net",3Q22,2909.0,CRM_SEC-XBRL-financials_as-presented_10-Q_2021-12-02_0001108524-21-000055.xlsx,Balance Sheet,"October 31, 2021 (unaudited)","Operating lease right-of-use assets, net",us-gaap:OperatingLeaseRightOfUseAsset,reported,
balance_sheet,us-gaap:CapitalizedContractCostNetNoncurrent,"Noncurrent costs capitalized to obtain revenue contracts, net",3Q22,1850.0,CRM_SEC-XBRL-financials_as-presented_10-Q_2021-12-02_0001108524-21-000055.xlsx,Balance Sheet,"October 31, 2021 (unaudited)","Noncurrent costs capitalized to obtain revenue contracts, net",us-gaap:CapitalizedContractCostNetNoncurrent,reported,
balance_sheet,us-gaap:OtherLongTermInvestments,Strategic investments,3Q22,4004.0,CRM_SEC-XBRL-financials_as-presented_10-Q_2021-12-02_0001108524-21-000055.xlsx,Balance Sheet,"October 31, 2021 (unaudited)",Strategic investments,us-gaap:OtherLongTermInvestments,reported,
balance_sheet,us-gaap:Goodwill,Goodwill,3Q22,47951.0,CRM_SEC-XBRL-financials_as-presented_10-Q_2021-12-02_0001108524-21-000055.xlsx,Balance Sheet,"October 31, 2021 (unaudited)",Goodwill,us-gaap:Goodwill,reported,
balance_sheet,us-gaap:IntangibleAssetsNetExcludingGoodwill,"Intangible assets acquired through business combinations, net",3Q22,9472.0,CRM_SEC-XBRL-financials_as-presented_10-Q_2021-12-02_0001108524-21-000055.xlsx,Balance Sheet,"October 31, 2021 (unaudited)","Intangible assets acquired through business combinations, net",us-gaap:IntangibleAssetsNetExcludingGoodwill,reported,
balance_sheet,us-gaap:OtherAssetsNoncurrent,"Deferred tax assets and other assets, net",3Q22,2525.0,CRM_SEC-XBRL-financials_as-presented_10-Q_2021-12-02_0001108524-21-000055.xlsx,Balance Sheet,"October 31, 2021 (unaudited)","Deferred tax assets and other assets, net",us-gaap:OtherAssetsNoncurrent,reported,
balance_sheet,us-gaap:Assets,Total assets,3Q22,87436.0,CRM_SEC-XBRL-financials_as-presented_10-Q_2021-12-02_0001108524-21-000055.xlsx,Balance Sheet,"October 31, 2021 (unaudited)",Total assets,us-gaap:Assets,reported,
balance_sheet,us-gaap:AccountsPayableAndOtherAccruedLiabilitiesCurrent,"Accounts payable, accrued expenses and other liabilities",3Q22,4231.0,CRM_SEC-XBRL-financials_as-presented_10-Q_2021-12-02_0001108524-21-000055.xlsx,Balance Sheet,"October 31, 2021 (unaudited)","Accounts payable, accrued expenses and other liabilities",us-gaap:AccountsPayableAndOtherAccruedLiabilitiesCurrent,reported,
balance_sheet,us-gaap:OperatingLeaseLiabilityCurrent,"Operating lease liabilities, current",3Q22,688.0,CRM_SEC-XBRL-financials_as-presented_10-Q_2021-12-02_0001108524-21-000055.xlsx,Balance Sheet,"October 31, 2021 (unaudited)","Operating lease liabilities, current",us-gaap:OperatingLeaseLiabilityCurrent,reported,
balance_sheet,us-gaap:ContractWithCustomerLiabilityCurrent,Unearned revenue,3Q22,10116.0,CRM_SEC-XBRL-financials_as-presented_10-Q_2021-12-02_0001108524-21-000055.xlsx,Balance Sheet,"October 31, 2021 (unaudited)",Unearned revenue,us-gaap:ContractWithCustomerLiabilityCurrent,reported,
balance_sheet,us-gaap:LiabilitiesCurrent,Total current liabilities,3Q22,15035.0,CRM_SEC-XBRL-financials_as-presented_10-Q_2021-12-02_0001108524-21-000055.xlsx,Balance Sheet,"October 31, 2021 (unaudited)",Total current liabilities,us-gaap:LiabilitiesCurrent,reported,
balance_sheet,us-gaap:LongTermDebtNoncurrent,Noncurrent debt,3Q22,10591.0,CRM_SEC-XBRL-financials_as-presented_10-Q_2021-12-02_0001108524-21-000055.xlsx,Balance Sheet,"October 31, 2021 (unaudited)",Noncurrent debt,us-gaap:LongTermDebtNoncurrent,reported,
balance_sheet,us-gaap:OperatingLeaseLiabilityNoncurrent,Noncurrent operating lease liabilities,3Q22,2722.0,CRM_SEC-XBRL-financials_as-presented_10-Q_2021-12-02_0001108524-21-000055.xlsx,Balance Sheet,"October 31, 2021 (unaudited)",Noncurrent operating lease liabilities,us-gaap:OperatingLeaseLiabilityNoncurrent,reported,
balance_sheet,us-gaap:OtherLiabilitiesNoncurrent,Other noncurrent liabilities,3Q22,2034.0,CRM_SEC-XBRL-financials_as-presented_10-Q_2021-12-02_0001108524-21-000055.xlsx,Balance Sheet,"October 31, 2021 (unaudited)",Other noncurrent liabilities,us-gaap:OtherLiabilitiesNoncurrent,reported,
balance_sheet,us-gaap:Liabilities,Total liabilities,3Q22,30382.0,CRM_SEC-XBRL-financials_as-presented_10-Q_2021-12-02_0001108524-21-000055.xlsx,Balance Sheet,"October 31, 2021 (unaudited)",Total liabilities,us-gaap:Liabilities,reported,
balance_sheet,us-gaap:CommonStockValue,Common stock,3Q22,1.0,CRM_SEC-XBRL-financials_as-presented_10-Q_2021-12-02_0001108524-21-000055.xlsx,Balance Sheet,"October 31, 2021 (unaudited)",Common stock,us-gaap:CommonStockValue,reported,
balance_sheet,us-gaap:AdditionalPaidInCapitalCommonStock,Additional paid-in capital,3Q22,49770.0,CRM_SEC-XBRL-financials_as-presented_10-Q_2021-12-02_0001108524-21-000055.xlsx,Balance Sheet,"October 31, 2021 (unaudited)",Additional paid-in capital,us-gaap:AdditionalPaidInCapitalCommonStock,reported,
balance_sheet,us-gaap:AccumulatedOtherComprehensiveIncomeLossNetOfTax,Accumulated other comprehensive income (loss),3Q22,-122.0,CRM_SEC-XBRL-financials_as-presented_10-Q_2021-12-02_0001108524-21-000055.xlsx,Balance Sheet,"October 31, 2021 (unaudited)",Accumulated other comprehensive loss,us-gaap:AccumulatedOtherComprehensiveIncomeLossNetOfTax,reported,
balance_sheet,us-gaap:RetainedEarningsAccumulatedDeficit,Retained earnings,3Q22,7405.0,CRM_SEC-XBRL-financials_as-presented_10-Q_2021-12-02_0001108524-21-000055.xlsx,Balance Sheet,"October 31, 2021 (unaudited)",Retained earnings,us-gaap:RetainedEarningsAccumulatedDeficit,reported,
balance_sheet,us-gaap:StockholdersEquity,Total stockholders’ equity,3Q22,57054.0,CRM_SEC-XBRL-financials_as-presented_10-Q_2021-12-02_0001108524-21-000055.xlsx,Balance Sheet,"October 31, 2021 (unaudited)",Total stockholders’ equity,us-gaap:StockholdersEquity,reported,
balance_sheet,us-gaap:LiabilitiesAndStockholdersEquity,Total liabilities and stockholders’ equity,3Q22,87436.0,CRM_SEC-XBRL-financials_as-presented_10-Q_2021-12-02_0001108524-21-000055.xlsx,Balance Sheet,"October 31, 2021 (unaudited)",Total liabilities and stockholders’ equity,us-gaap:LiabilitiesAndStockholdersEquity,reported,
cash_flow,us-gaap:NetIncomeLoss,Net income,3Q22,468.0,CRM_SEC-XBRL-financials_as-presented_10-Q_2021-12-02_0001108524-21-000055.xlsx,Cash Flow,"Three Months Ended October 31, 2021",Net income,us-gaap:NetIncomeLoss,reported,
cash_flow,us-gaap:NetIncomeLoss,Net income,9M22,1472.0,CRM_SEC-XBRL-financials_as-presented_10-Q_2021-12-02_0001108524-21-000055.xlsx,Cash Flow,"Nine Months Ended October 31, 2021",Net income,us-gaap:NetIncomeLoss,reported,
cash_flow,us-gaap:DepreciationAndAmortization,Depreciation and amortization (1),3Q22,963.0,CRM_SEC-XBRL-financials_as-presented_10-Q_2021-12-02_0001108524-21-000055.xlsx,Cash Flow,"Three Months Ended October 31, 2021",Depreciation and amortization,us-gaap:DepreciationAndAmortization,reported,
cash_flow,us-gaap:DepreciationAndAmortization,Depreciation and amortization (1),9M22,2367.0,CRM_SEC-XBRL-financials_as-presented_10-Q_2021-12-02_0001108524-21-000055.xlsx,Cash Flow,"Nine Months Ended October 31, 2021",Depreciation and amortization,us-gaap:DepreciationAndAmortization,reported,
cash_flow,us-gaap:CapitalizedContractCostAmortization,"Amortization of costs capitalized to obtain revenue contracts, net",3Q22,344.0,CRM_SEC-XBRL-financials_as-presented_10-Q_2021-12-02_0001108524-21-000055.xlsx,Cash Flow,"Three Months Ended October 31, 2021","Amortization of costs capitalized to obtain revenue contracts, net",us-gaap:CapitalizedContractCostAmortization,reported,
cash_flow,us-gaap:CapitalizedContractCostAmortization,"Amortization of costs capitalized to obtain revenue contracts, net",9M22,992.0,CRM_SEC-XBRL-financials_as-presented_10-Q_2021-12-02_0001108524-21-000055.xlsx,Cash Flow,"Nine Months Ended October 31, 2021","Amortization of costs capitalized to obtain revenue contracts, net",us-gaap:CapitalizedContractCostAmortization,reported,
cash_flow,us-gaap:ShareBasedCompensation,Stock-based compensation expense,3Q22,812.0,CRM_SEC-XBRL-financials_as-presented_10-Q_2021-12-02_0001108524-21-000055.xlsx,Cash Flow,"Three Months Ended October 31, 2021",Stock-based expense,us-gaap:ShareBasedCompensation,reported,
cash_flow,us-gaap:ShareBasedCompensation,Stock-based compensation expense,9M22,2016.0,CRM_SEC-XBRL-financials_as-presented_10-Q_2021-12-02_0001108524-21-000055.xlsx,Cash Flow,"Nine Months Ended October 31, 2021",Stock-based expense,us-gaap:ShareBasedCompensation,reported,
cash_flow,us-gaap:GainLossOnInvestments,"(Gains) losses on strategic investments, net",3Q22,-363.0,CRM_SEC-XBRL-financials_as-presented_10-Q_2021-12-02_0001108524-21-000055.xlsx,Cash Flow,"Three Months Ended October 31, 2021","Gains on strategic investments, net",us-gaap:GainLossOnInvestments,reported,
cash_flow,us-gaap:GainLossOnInvestments,"(Gains) losses on strategic investments, net",9M22,-1177.0,CRM_SEC-XBRL-financials_as-presented_10-Q_2021-12-02_0001108524-21-000055.xlsx,Cash Flow,"Nine Months Ended October 31, 2021","Gains on strategic investments, net",us-gaap:GainLossOnInvestments,reported,
cash_flow,crm:DeferredIncomeTaxExpenseBenefitFromIntraEntityTransferOfIntangibleProperty,Tax benefit from intra-entity transfer of intangible property,3Q22,0.0,CRM_SEC-XBRL-financials_as-presented_10-Q_2021-12-02_0001108524-21-000055.xlsx,Cash Flow,"Three Months Ended October 31, 2021",Tax benefit from intra-entity transfer of intangible property,crm:DeferredIncomeTaxExpenseBenefitFromIntraEntityTransferOfIntangibleProperty,reported,
cash_flow,crm:DeferredIncomeTaxExpenseBenefitFromIntraEntityTransferOfIntangibleProperty,Tax benefit from intra-entity transfer of intangible property,9M22,0.0,CRM_SEC-XBRL-financials_as-presented_10-Q_2021-12-02_0001108524-21-000055.xlsx,Cash Flow,"Nine Months Ended October 31, 2021",Tax benefit from intra-entity transfer of intangible property,crm:DeferredIncomeTaxExpenseBenefitFromIntraEntityTransferOfIntangibleProperty,reported,
cash_flow,us-gaap:IncreaseDecreaseInAccountsReceivable,"Accounts receivable, net",3Q22,91.0,CRM_SEC-XBRL-financials_as-presented_10-Q_2021-12-02_0001108524-21-000055.xlsx,Cash Flow,"Three Months Ended October 31, 2021","Accounts receivable, net",us-gaap:IncreaseDecreaseInAccountsReceivable,reported,
cash_flow,us-gaap:IncreaseDecreaseInAccountsReceivable,"Accounts receivable, net",9M22,3895.0,CRM_SEC-XBRL-financials_as-presented_10-Q_2021-12-02_0001108524-21-000055.xlsx,Cash Flow,"Nine Months Ended October 31, 2021","Accounts receivable, net",us-gaap:IncreaseDecreaseInAccountsReceivable,reported,
cash_flow,crm:IncreaseDecreaseInCapitalizedContractCosts,"Costs capitalized to obtain revenue contracts, net",3Q22,-405.0,CRM_SEC-XBRL-financials_as-presented_10-Q_2021-12-02_0001108524-21-000055.xlsx,Cash Flow,"Three Months Ended October 31, 2021","Costs capitalized to obtain revenue contracts, net",crm:IncreaseDecreaseInCapitalizedContractCosts,reported,
cash_flow,crm:IncreaseDecreaseInCapitalizedContractCosts,"Costs capitalized to obtain revenue contracts, net",9M22,-1223.0,CRM_SEC-XBRL-financials_as-presented_10-Q_2021-12-02_0001108524-21-000055.xlsx,Cash Flow,"Nine Months Ended October 31, 2021","Costs capitalized to obtain revenue contracts, net",crm:IncreaseDecreaseInCapitalizedContractCosts,reported,
cash_flow,us-gaap:IncreaseDecreaseInPrepaidDeferredExpenseAndOtherAssets,Prepaid expenses and other current assets and other assets,3Q22,189.0,CRM_SEC-XBRL-financials_as-presented_10-Q_2021-12-02_0001108524-21-000055.xlsx,Cash Flow,"Three Months Ended October 31, 2021",Prepaid expenses and other current assets and other assets,us-gaap:IncreaseDecreaseInPrepaidDeferredExpenseAndOtherAssets,reported,
cash_flow,us-gaap:IncreaseDecreaseInPrepaidDeferredExpenseAndOtherAssets,Prepaid expenses and other current assets and other assets,9M22,-1.0,CRM_SEC-XBRL-financials_as-presented_10-Q_2021-12-02_0001108524-21-000055.xlsx,Cash Flow,"Nine Months Ended October 31, 2021",Prepaid expenses and other current assets and other assets,us-gaap:IncreaseDecreaseInPrepaidDeferredExpenseAndOtherAssets,reported,
cash_flow,us-gaap:IncreaseDecreaseInAccountsPayableAndAccruedLiabilities,Accounts payable and accrued expenses and other liabilities,3Q22,-548.0,CRM_SEC-XBRL-financials_as-presented_10-Q_2021-12-02_0001108524-21-000055.xlsx,Cash Flow,"Three Months Ended October 31, 2021",Accounts payable and accrued expenses and other liabilities,us-gaap:IncreaseDecreaseInAccountsPayableAndAccruedLiabilities,reported,
cash_flow,us-gaap:IncreaseDecreaseInAccountsPayableAndAccruedLiabilities,Accounts payable and accrued expenses and other liabilities,9M22,-836.0,CRM_SEC-XBRL-financials_as-presented_10-Q_2021-12-02_0001108524-21-000055.xlsx,Cash Flow,"Nine Months Ended October 31, 2021",Accounts payable and accrued expenses and other liabilities,us-gaap:IncreaseDecreaseInAccountsPayableAndAccruedLiabilities,reported,
cash_flow,us-gaap:IncreaseDecreaseInOperatingLeaseLiability,Operating lease liabilities,3Q22,-191.0,CRM_SEC-XBRL-financials_as-presented_10-Q_2021-12-02_0001108524-21-000055.xlsx,Cash Flow,"Three Months Ended October 31, 2021",Operating lease liabilities,us-gaap:IncreaseDecreaseInOperatingLeaseLiability,reported,
cash_flow,us-gaap:IncreaseDecreaseInOperatingLeaseLiability,Operating lease liabilities,9M22,-607.0,CRM_SEC-XBRL-financials_as-presented_10-Q_2021-12-02_0001108524-21-000055.xlsx,Cash Flow,"Nine Months Ended October 31, 2021",Operating lease liabilities,us-gaap:IncreaseDecreaseInOperatingLeaseLiability,reported,
cash_flow,us-gaap:IncreaseDecreaseInContractWithCustomerLiability,Unearned revenue,3Q22,-956.0,CRM_SEC-XBRL-financials_as-presented_10-Q_2021-12-02_0001108524-21-000055.xlsx,Cash Flow,"Three Months Ended October 31, 2021",Unearned revenue,us-gaap:IncreaseDecreaseInContractWithCustomerLiability,reported,
cash_flow,us-gaap:IncreaseDecreaseInContractWithCustomerLiability,Unearned revenue,9M22,-2880.0,CRM_SEC-XBRL-financials_as-presented_10-Q_2021-12-02_0001108524-21-000055.xlsx,Cash Flow,"Nine Months Ended October 31, 2021",Unearned revenue,us-gaap:IncreaseDecreaseInContractWithCustomerLiability,reported,
cash_flow,us-gaap:NetCashProvidedByUsedInOperatingActivities,Net cash provided by operating activities,3Q22,404.0,CRM_SEC-XBRL-financials_as-presented_10-Q_2021-12-02_0001108524-21-000055.xlsx,Cash Flow,"Three Months Ended October 31, 2021",Net cash provided by operating activities,us-gaap:NetCashProvidedByUsedInOperatingActivities,reported,
cash_flow,us-gaap:NetCashProvidedByUsedInOperatingActivities,Net cash provided by operating activities,9M22,4018.0,CRM_SEC-XBRL-financials_as-presented_10-Q_2021-12-02_0001108524-21-000055.xlsx,Cash Flow,"Nine Months Ended October 31, 2021",Net cash provided by operating activities,us-gaap:NetCashProvidedByUsedInOperatingActivities,reported,
cash_flow,us-gaap:PaymentsToAcquireBusinessesNetOfCashAcquired,"Business combinations, net of cash acquired",3Q22,-35.0,CRM_SEC-XBRL-financials_as-presented_10-Q_2021-12-02_0001108524-21-000055.xlsx,Cash Flow,"Three Months Ended October 31, 2021","Business combinations, net of cash acquired",us-gaap:PaymentsToAcquireBusinessesNetOfCashAcquired,reported,
cash_flow,us-gaap:PaymentsToAcquireBusinessesNetOfCashAcquired,"Business combinations, net of cash acquired",9M22,-14816.0,CRM_SEC-XBRL-financials_as-presented_10-Q_2021-12-02_0001108524-21-000055.xlsx,Cash Flow,"Nine Months Ended October 31, 2021","Business combinations, net of cash acquired",us-gaap:PaymentsToAcquireBusinessesNetOfCashAcquired,reported,
cash_flow,us-gaap:PaymentsToAcquireLongtermInvestments,Purchases of strategic investments,3Q22,-147.0,CRM_SEC-XBRL-financials_as-presented_10-Q_2021-12-02_0001108524-21-000055.xlsx,Cash Flow,"Three Months Ended October 31, 2021",Purchases of strategic investments,us-gaap:PaymentsToAcquireLongtermInvestments,reported,
cash_flow,us-gaap:PaymentsToAcquireLongtermInvestments,Purchases of strategic investments,9M22,-933.0,CRM_SEC-XBRL-financials_as-presented_10-Q_2021-12-02_0001108524-21-000055.xlsx,Cash Flow,"Nine Months Ended October 31, 2021",Purchases of strategic investments,us-gaap:PaymentsToAcquireLongtermInvestments,reported,
cash_flow,us-gaap:ProceedsFromSaleOfLongtermInvestments,Sales of strategic investments,3Q22,695.0,CRM_SEC-XBRL-financials_as-presented_10-Q_2021-12-02_0001108524-21-000055.xlsx,Cash Flow,"Three Months Ended October 31, 2021",Sales of strategic investments,us-gaap:ProceedsFromSaleOfLongtermInvestments,reported,
cash_flow,us-gaap:ProceedsFromSaleOfLongtermInvestments,Sales of strategic investments,9M22,2164.0,CRM_SEC-XBRL-financials_as-presented_10-Q_2021-12-02_0001108524-21-000055.xlsx,Cash Flow,"Nine Months Ended October 31, 2021",Sales of strategic investments,us-gaap:ProceedsFromSaleOfLongtermInvestments,reported,
cash_flow,us-gaap:PaymentsToAcquireAvailableForSaleSecuritiesDebt,Purchases of marketable securities,3Q22,-2193.0,CRM_SEC-XBRL-financials_as-presented_10-Q_2021-12-02_0001108524-21-000055.xlsx,Cash Flow,"Three Months Ended October 31, 2021",Purchases of marketable securities,us-gaap:PaymentsToAcquireAvailableForSaleSecuritiesDebt,reported,
cash_flow,us-gaap:PaymentsToAcquireAvailableForSaleSecuritiesDebt,Purchases of marketable securities,9M22,-4509.0,CRM_SEC-XBRL-financials_as-presented_10-Q_2021-12-02_0001108524-21-000055.xlsx,Cash Flow,"Nine Months Ended October 31, 2021",Purchases of marketable securities,us-gaap:PaymentsToAcquireAvailableForSaleSecuritiesDebt,reported,
cash_flow,us-gaap:ProceedsFromSaleOfAvailableForSaleSecuritiesDebt,Sales of marketable securities,3Q22,720.0,CRM_SEC-XBRL-financials_as-presented_10-Q_2021-12-02_0001108524-21-000055.xlsx,Cash Flow,"Three Months Ended October 31, 2021",Sales of marketable securities,us-gaap:ProceedsFromSaleOfAvailableForSaleSecuritiesDebt,reported,
cash_flow,us-gaap:ProceedsFromSaleOfAvailableForSaleSecuritiesDebt,Sales of marketable securities,9M22,3765.0,CRM_SEC-XBRL-financials_as-presented_10-Q_2021-12-02_0001108524-21-000055.xlsx,Cash Flow,"Nine Months Ended October 31, 2021",Sales of marketable securities,us-gaap:ProceedsFromSaleOfAvailableForSaleSecuritiesDebt,reported,
cash_flow,us-gaap:ProceedsFromMaturitiesPrepaymentsAndCallsOfAvailableForSaleSecurities,Maturities of marketable securities,3Q22,150.0,CRM_SEC-XBRL-financials_as-presented_10-Q_2021-12-02_0001108524-21-000055.xlsx,Cash Flow,"Three Months Ended October 31, 2021",Maturities of marketable securities,us-gaap:ProceedsFromMaturitiesPrepaymentsAndCallsOfAvailableForSaleSecurities,reported,
cash_flow,us-gaap:ProceedsFromMaturitiesPrepaymentsAndCallsOfAvailableForSaleSecurities,Maturities of marketable securities,9M22,1802.0,CRM_SEC-XBRL-financials_as-presented_10-Q_2021-12-02_0001108524-21-000055.xlsx,Cash Flow,"Nine Months Ended October 31, 2021",Maturities of marketable securities,us-gaap:ProceedsFromMaturitiesPrepaymentsAndCallsOfAvailableForSaleSecurities,reported,
cash_flow,us-gaap:PaymentsToAcquirePropertyPlantAndEquipment,Capital expenditures,3Q22,-166.0,CRM_SEC-XBRL-financials_as-presented_10-Q_2021-12-02_0001108524-21-000055.xlsx,Cash Flow,"Three Months Ended October 31, 2021",Capital expenditures,us-gaap:PaymentsToAcquirePropertyPlantAndEquipment,reported,
cash_flow,us-gaap:PaymentsToAcquirePropertyPlantAndEquipment,Capital expenditures,9M22,-550.0,CRM_SEC-XBRL-financials_as-presented_10-Q_2021-12-02_0001108524-21-000055.xlsx,Cash Flow,"Nine Months Ended October 31, 2021",Capital expenditures,us-gaap:PaymentsToAcquirePropertyPlantAndEquipment,reported,
cash_flow,us-gaap:NetCashProvidedByUsedInInvestingActivities,Net cash used in investing activities,3Q22,-976.0,CRM_SEC-XBRL-financials_as-presented_10-Q_2021-12-02_0001108524-21-000055.xlsx,Cash Flow,"Three Months Ended October 31, 2021",Net cash used in investing activities,us-gaap:NetCashProvidedByUsedInInvestingActivities,reported,
cash_flow,us-gaap:NetCashProvidedByUsedInInvestingActivities,Net cash used in investing activities,9M22,-13077.0,CRM_SEC-XBRL-financials_as-presented_10-Q_2021-12-02_0001108524-21-000055.xlsx,Cash Flow,"Nine Months Ended October 31, 2021",Net cash used in investing activities,us-gaap:NetCashProvidedByUsedInInvestingActivities,reported,
cash_flow,us-gaap:ProceedsFromIssuanceOfMediumTermNotes,"Proceeds from issuance of debt, net of issuance costs",3Q22,-6.0,CRM_SEC-XBRL-financials_as-presented_10-Q_2021-12-02_0001108524-21-000055.xlsx,Cash Flow,"Three Months Ended October 31, 2021","Proceeds from issuance of debt, net of issuance costs",us-gaap:ProceedsFromIssuanceOfMediumTermNotes,reported,
cash_flow,us-gaap:ProceedsFromIssuanceOfMediumTermNotes,"Proceeds from issuance of debt, net of issuance costs",9M22,7906.0,CRM_SEC-XBRL-financials_as-presented_10-Q_2021-12-02_0001108524-21-000055.xlsx,Cash Flow,"Nine Months Ended October 31, 2021","Proceeds from issuance of debt, net of issuance costs",us-gaap:ProceedsFromIssuanceOfMediumTermNotes,reported,
cash_flow,crm:RepaymentsOfProceedsFromConvertibleDebtNetOfCappedCalls,"Repayments of Slack Convertible Notes, net of capped call proceeds (Note 9)",3Q22,-1348.0,CRM_SEC-XBRL-financials_as-presented_10-Q_2021-12-02_0001108524-21-000055.xlsx,Cash Flow,"Three Months Ended October 31, 2021","Repayments of Slack Convertible Notes, net of capped call proceeds (Note 8)",crm:RepaymentsOfProceedsFromConvertibleDebtNetOfCappedCalls,reported,
cash_flow,crm:RepaymentsOfProceedsFromConvertibleDebtNetOfCappedCalls,"Repayments of Slack Convertible Notes, net of capped call proceeds (Note 9)",9M22,-1180.0,CRM_SEC-XBRL-financials_as-presented_10-Q_2021-12-02_0001108524-21-000055.xlsx,Cash Flow,"Nine Months Ended October 31, 2021","Repayments of Slack Convertible Notes, net of capped call proceeds (Note 8)",crm:RepaymentsOfProceedsFromConvertibleDebtNetOfCappedCalls,reported,
cash_flow,us-gaap:ProceedsFromStockPlans,Proceeds from employee stock plans,3Q22,430.0,CRM_SEC-XBRL-financials_as-presented_10-Q_2021-12-02_0001108524-21-000055.xlsx,Cash Flow,"Three Months Ended October 31, 2021",Proceeds from employee stock plans,us-gaap:ProceedsFromStockPlans,reported,
cash_flow,us-gaap:ProceedsFromStockPlans,Proceeds from employee stock plans,9M22,1030.0,CRM_SEC-XBRL-financials_as-presented_10-Q_2021-12-02_0001108524-21-000055.xlsx,Cash Flow,"Nine Months Ended October 31, 2021",Proceeds from employee stock plans,us-gaap:ProceedsFromStockPlans,reported,
cash_flow,us-gaap:FinanceLeasePrincipalPayments,Principal payments on financing obligations,3Q22,-45.0,CRM_SEC-XBRL-financials_as-presented_10-Q_2021-12-02_0001108524-21-000055.xlsx,Cash Flow,"Three Months Ended October 31, 2021",Principal payments on financing obligations,us-gaap:FinanceLeasePrincipalPayments,reported,
cash_flow,us-gaap:FinanceLeasePrincipalPayments,Principal payments on financing obligations,9M22,-118.0,CRM_SEC-XBRL-financials_as-presented_10-Q_2021-12-02_0001108524-21-000055.xlsx,Cash Flow,"Nine Months Ended October 31, 2021",Principal payments on financing obligations,us-gaap:FinanceLeasePrincipalPayments,reported,
cash_flow,us-gaap:RepaymentsOfLongTermLinesOfCredit,Repayments of debt,3Q22,-1.0,CRM_SEC-XBRL-financials_as-presented_10-Q_2021-12-02_0001108524-21-000055.xlsx,Cash Flow,"Three Months Ended October 31, 2021",Repayments of debt,us-gaap:RepaymentsOfLongTermLinesOfCredit,reported,
cash_flow,us-gaap:RepaymentsOfLongTermLinesOfCredit,Repayments of debt,9M22,-3.0,CRM_SEC-XBRL-financials_as-presented_10-Q_2021-12-02_0001108524-21-000055.xlsx,Cash Flow,"Nine Months Ended October 31, 2021",Repayments of debt,us-gaap:RepaymentsOfLongTermLinesOfCredit,reported,
cash_flow,us-gaap:NetCashProvidedByUsedInFinancingActivities,Net cash used in financing activities,3Q22,-970.0,CRM_SEC-XBRL-financials_as-presented_10-Q_2021-12-02_0001108524-21-000055.xlsx,Cash Flow,"Three Months Ended October 31, 2021",Net cash provided by (used in) financing activities,us-gaap:NetCashProvidedByUsedInFinancingActivities,reported,
cash_flow,us-gaap:NetCashProvidedByUsedInFinancingActivities,Net cash used in financing activities,9M22,7635.0,CRM_SEC-XBRL-financials_as-presented_10-Q_2021-12-02_0001108524-21-000055.xlsx,Cash Flow,"Nine Months Ended October 31, 2021",Net cash provided by (used in) financing activities,us-gaap:NetCashProvidedByUsedInFinancingActivities,reported,
cash_flow,us-gaap:EffectOfExchangeRateOnCashCashEquivalentsRestrictedCashAndRestrictedCashEquivalents,Effect of exchange rate changes,3Q22,-4.0,CRM_SEC-XBRL-financials_as-presented_10-Q_2021-12-02_0001108524-21-000055.xlsx,Cash Flow,"Three Months Ended October 31, 2021",Effect of exchange rate changes,us-gaap:EffectOfExchangeRateOnCashCashEquivalentsRestrictedCashAndRestrictedCashEquivalents,reported,
cash_flow,us-gaap:EffectOfExchangeRateOnCashCashEquivalentsRestrictedCashAndRestrictedCashEquivalents,Effect of exchange rate changes,9M22,-18.0,CRM_SEC-XBRL-financials_as-presented_10-Q_2021-12-02_0001108524-21-000055.xlsx,Cash Flow,"Nine Months Ended October 31, 2021",Effect of exchange rate changes,us-gaap:EffectOfExchangeRateOnCashCashEquivalentsRestrictedCashAndRestrictedCashEquivalents,reported,
cash_flow,us-gaap:CashCashEquivalentsRestrictedCashAndRestrictedCashEquivalentsPeriodIncreaseDecreaseIncludingExchangeRateEffect,Net increase (decrease) in cash and cash equivalents,3Q22,-1546.0,CRM_SEC-XBRL-financials_as-presented_10-Q_2021-12-02_0001108524-21-000055.xlsx,Cash Flow,"Three Months Ended October 31, 2021",Net decrease in cash and cash equivalents,us-gaap:CashCashEquivalentsRestrictedCashAndRestrictedCashEquivalentsPeriodIncreaseDecreaseIncludingExchangeRateEffect,reported,
cash_flow,us-gaap:CashCashEquivalentsRestrictedCashAndRestrictedCashEquivalentsPeriodIncreaseDecreaseIncludingExchangeRateEffect,Net increase (decrease) in cash and cash equivalents,9M22,-1442.0,CRM_SEC-XBRL-financials_as-presented_10-Q_2021-12-02_0001108524-21-000055.xlsx,Cash Flow,"Nine Months Ended October 31, 2021",Net decrease in cash and cash equivalents,us-gaap:CashCashEquivalentsRestrictedCashAndRestrictedCashEquivalentsPeriodIncreaseDecreaseIncludingExchangeRateEffect,reported,
cash_flow,us-gaap:CashCashEquivalentsRestrictedCashAndRestrictedCashEquivalents,"Cash and cash equivalents, beginning of period",3Q22,6299.0,CRM_SEC-XBRL-financials_as-presented_10-Q_2021-12-02_0001108524-21-000055.xlsx,Cash Flow,"Three Months Ended October 31, 2021","Cash and cash equivalents, beginning of period",us-gaap:CashCashEquivalentsRestrictedCashAndRestrictedCashEquivalents,reported,
cash_flow,us-gaap:CashCashEquivalentsRestrictedCashAndRestrictedCashEquivalents,"Cash and cash equivalents, beginning of period",9M22,6195.0,CRM_SEC-XBRL-financials_as-presented_10-Q_2021-12-02_0001108524-21-000055.xlsx,Cash Flow,"Nine Months Ended October 31, 2021","Cash and cash equivalents, beginning of period",us-gaap:CashCashEquivalentsRestrictedCashAndRestrictedCashEquivalents,reported,
income_statement,us-gaap:RevenueFromContractWithCustomerExcludingAssessedTax,Subscription and support,1Q23,6856.0,CRM_SEC-XBRL-financials_as-presented_10-Q_2022-06-01_0001108524-22-000022.xlsx,Income Statement,"Three Months Ended April 30, 2022",Subscription and support,us-gaap:RevenueFromContractWithCustomerExcludingAssessedTax,reported,
income_statement,us-gaap:CostOfGoodsAndServicesSold,Subscription and support,1Q23,1440.0,CRM_SEC-XBRL-financials_as-presented_10-Q_2022-06-01_0001108524-22-000022.xlsx,Income Statement,"Three Months Ended April 30, 2022",Subscription and support,us-gaap:CostOfGoodsAndServicesSold,reported,
income_statement,us-gaap:GrossProfit,Gross profit,1Q23,5366.0,CRM_SEC-XBRL-financials_as-presented_10-Q_2022-06-01_0001108524-22-000022.xlsx,Income Statement,"Three Months Ended April 30, 2022",Gross profit,us-gaap:GrossProfit,reported,
income_statement,us-gaap:ResearchAndDevelopmentExpense,Research and development,1Q23,1318.0,CRM_SEC-XBRL-financials_as-presented_10-Q_2022-06-01_0001108524-22-000022.xlsx,Income Statement,"Three Months Ended April 30, 2022",Research and development,us-gaap:ResearchAndDevelopmentExpense,reported,
income_statement,us-gaap:SellingAndMarketingExpense,Sales and marketing,1Q23,3372.0,CRM_SEC-XBRL-financials_as-presented_10-Q_2022-06-01_0001108524-22-000022.xlsx,Income Statement,"Three Months Ended April 30, 2022",Marketing and sales,us-gaap:SellingAndMarketingExpense,reported,
income_statement,us-gaap:GeneralAndAdministrativeExpense,General and administrative,1Q23,656.0,CRM_SEC-XBRL-financials_as-presented_10-Q_2022-06-01_0001108524-22-000022.xlsx,Income Statement,"Three Months Ended April 30, 2022",General and administrative,us-gaap:GeneralAndAdministrativeExpense,reported,
income_statement,us-gaap:OperatingExpenses,Total operating expenses,1Q23,5346.0,CRM_SEC-XBRL-financials_as-presented_10-Q_2022-06-01_0001108524-22-000022.xlsx,Income Statement,"Three Months Ended April 30, 2022",Total operating expenses,us-gaap:OperatingExpenses,reported,
income_statement,us-gaap:OperatingIncomeLoss,Income from operations,1Q23,20.0,CRM_SEC-XBRL-financials_as-presented_10-Q_2022-06-01_0001108524-22-000022.xlsx,Income Statement,"Three Months Ended April 30, 2022",Income from operations,us-gaap:OperatingIncomeLoss,reported,
income_statement,us-gaap:GainLossOnInvestments,"Gains (losses) on strategic investments, net",1Q23,7.0,CRM_SEC-XBRL-financials_as-presented_10-Q_2022-06-01_0001108524-22-000022.xlsx,Income Statement,"Three Months Ended April 30, 2022","Gains on strategic investments, net",us-gaap:GainLossOnInvestments,reported,
income_statement,us-gaap:OtherNonoperatingExpense,Other expense,1Q23,-56.0,CRM_SEC-XBRL-financials_as-presented_10-Q_2022-06-01_0001108524-22-000022.xlsx,Income Statement,"Three Months Ended April 30, 2022",Other expense,us-gaap:OtherNonoperatingExpense,reported,
income_statement,us-gaap:IncomeLossFromContinuingOperationsBeforeIncomeTaxesExtraordinaryItemsNoncontrollingInterest,Income before provision for income taxes,1Q23,-29.0,CRM_SEC-XBRL-financials_as-presented_10-Q_2022-06-01_0001108524-22-000022.xlsx,Income Statement,"Three Months Ended April 30, 2022",Income (loss) before benefit from (provision for) income taxes,us-gaap:IncomeLossFromContinuingOperationsBeforeIncomeTaxesExtraordinaryItemsNoncontrollingInterest,reported,
income_statement,us-gaap:IncomeTaxExpenseBenefit,Provision for income taxes,1Q23,57.0,CRM_SEC-XBRL-financials_as-presented_10-Q_2022-06-01_0001108524-22-000022.xlsx,Income Statement,"Three Months Ended April 30, 2022",Benefit from (provision for) income taxes,us-gaap:IncomeTaxExpenseBenefit,reported,
income_statement,us-gaap:NetIncomeLoss,Net income,1Q23,28.0,CRM_SEC-XBRL-financials_as-presented_10-Q_2022-06-01_0001108524-22-000022.xlsx,Income Statement,"Three Months Ended April 30, 2022",Net income,us-gaap:NetIncomeLoss,reported,
income_statement,us-gaap:EarningsPerShareBasic,Basic net income per share,1Q23,0.03,CRM_SEC-XBRL-financials_as-presented_10-Q_2022-06-01_0001108524-22-000022.xlsx,Income Statement,"Three Months Ended April 30, 2022",Basic net income per share,us-gaap:EarningsPerShareBasic,reported,
income_statement,us-gaap:EarningsPerShareDiluted,Diluted net income per share,1Q23,0.03,CRM_SEC-XBRL-financials_as-presented_10-Q_2022-06-01_0001108524-22-000022.xlsx,Income Statement,"Three Months Ended April 30, 2022",Diluted net income per share,us-gaap:EarningsPerShareDiluted,reported,
income_statement,us-gaap:WeightedAverageNumberOfSharesOutstandingBasic,Shares used in computing basic net income per share,1Q23,991.0,CRM_SEC-XBRL-financials_as-presented_10-Q_2022-06-01_0001108524-22-000022.xlsx,Income Statement,"Three Months Ended April 30, 2022",Shares used in computing basic net income per share,us-gaap:WeightedAverageNumberOfSharesOutstandingBasic,reported,
income_statement,us-gaap:WeightedAverageNumberOfDilutedSharesOutstanding,Shares used in computing diluted net income per share,1Q23,1.001,CRM_SEC-XBRL-financials_as-presented_10-Q_2022-06-01_0001108524-22-000022.xlsx,Income Statement,"Three Months Ended April 30, 2022",Shares used in computing diluted net income per share,us-gaap:WeightedAverageNumberOfDilutedSharesOutstanding,reported,
balance_sheet,us-gaap:CashAndCashEquivalentsAtCarryingValue,Cash and cash equivalents,1Q23,6859.0,CRM_SEC-XBRL-financials_as-presented_10-Q_2022-06-01_0001108524-22-000022.xlsx,Balance Sheet,"April 30, 2022 (unaudited)",Cash and cash equivalents,us-gaap:CashAndCashEquivalentsAtCarryingValue,reported,
balance_sheet,us-gaap:AvailableForSaleSecuritiesDebtSecuritiesCurrent,Marketable securities,1Q23,6644.0,CRM_SEC-XBRL-financials_as-presented_10-Q_2022-06-01_0001108524-22-000022.xlsx,Balance Sheet,"April 30, 2022 (unaudited)",Marketable securities,us-gaap:AvailableForSaleSecuritiesDebtSecuritiesCurrent,reported,
balance_sheet,us-gaap:AccountsReceivableNetCurrent,"Accounts receivable, net",1Q23,3952.0,CRM_SEC-XBRL-financials_as-presented_10-Q_2022-06-01_0001108524-22-000022.xlsx,Balance Sheet,"April 30, 2022 (unaudited)","Accounts receivable, net",us-gaap:AccountsReceivableNetCurrent,reported,
balance_sheet,us-gaap:CapitalizedContractCostNetCurrent,"Costs capitalized to obtain revenue contracts, net",1Q23,1478.0,CRM_SEC-XBRL-financials_as-presented_10-Q_2022-06-01_0001108524-22-000022.xlsx,Balance Sheet,"April 30, 2022 (unaudited)","Costs capitalized to obtain revenue contracts, net",us-gaap:CapitalizedContractCostNetCurrent,reported,
balance_sheet,us-gaap:PrepaidExpenseAndOtherAssetsCurrent,Prepaid expenses and other current assets,1Q23,1478.0,CRM_SEC-XBRL-financials_as-presented_10-Q_2022-06-01_0001108524-22-000022.xlsx,Balance Sheet,"April 30, 2022 (unaudited)",Prepaid expenses and other current assets,us-gaap:PrepaidExpenseAndOtherAssetsCurrent,reported,
balance_sheet,us-gaap:AssetsCurrent,Total current assets,1Q23,20411.0,CRM_SEC-XBRL-financials_as-presented_10-Q_2022-06-01_0001108524-22-000022.xlsx,Balance Sheet,"April 30, 2022 (unaudited)",Total current assets,us-gaap:AssetsCurrent,reported,
balance_sheet,us-gaap:PropertyPlantAndEquipmentAndFinanceLeaseRightOfUseAssetAfterAccumulatedDepreciationAndAmortization,"Property and equipment, net",1Q23,2868.0,CRM_SEC-XBRL-financials_as-presented_10-Q_2022-06-01_0001108524-22-000022.xlsx,Balance Sheet,"April 30, 2022 (unaudited)","Property and equipment, net",us-gaap:PropertyPlantAndEquipmentAndFinanceLeaseRightOfUseAssetAfterAccumulatedDepreciationAndAmortization,reported,
balance_sheet,us-gaap:OperatingLeaseRightOfUseAsset,"Operating lease right-of-use assets, net",1Q23,2913.0,CRM_SEC-XBRL-financials_as-presented_10-Q_2022-06-01_0001108524-22-000022.xlsx,Balance Sheet,"April 30, 2022 (unaudited)","Operating lease right-of-use assets, net",us-gaap:OperatingLeaseRightOfUseAsset,reported,
balance_sheet,us-gaap:CapitalizedContractCostNetNoncurrent,"Noncurrent costs capitalized to obtain revenue contracts, net",1Q23,2323.0,CRM_SEC-XBRL-financials_as-presented_10-Q_2022-06-01_0001108524-22-000022.xlsx,Balance Sheet,"April 30, 2022 (unaudited)","Noncurrent costs capitalized to obtain revenue contracts, net",us-gaap:CapitalizedContractCostNetNoncurrent,reported,
balance_sheet,us-gaap:OtherLongTermInvestments,Strategic investments,1Q23,4936.0,CRM_SEC-XBRL-financials_as-presented_10-Q_2022-06-01_0001108524-22-000022.xlsx,Balance Sheet,"April 30, 2022 (unaudited)",Strategic investments,us-gaap:OtherLongTermInvestments,reported,
balance_sheet,us-gaap:Goodwill,Goodwill,1Q23,48319.0,CRM_SEC-XBRL-financials_as-presented_10-Q_2022-06-01_0001108524-22-000022.xlsx,Balance Sheet,"April 30, 2022 (unaudited)",Goodwill,us-gaap:Goodwill,reported,
balance_sheet,us-gaap:IntangibleAssetsNetExcludingGoodwill,"Intangible assets acquired through business combinations, net",1Q23,8559.0,CRM_SEC-XBRL-financials_as-presented_10-Q_2022-06-01_0001108524-22-000022.xlsx,Balance Sheet,"April 30, 2022 (unaudited)","Intangible assets acquired through business combinations, net",us-gaap:IntangibleAssetsNetExcludingGoodwill,reported,
balance_sheet,us-gaap:OtherAssetsNoncurrent,"Deferred tax assets and other assets, net",1Q23,2693.0,CRM_SEC-XBRL-financials_as-presented_10-Q_2022-06-01_0001108524-22-000022.xlsx,Balance Sheet,"April 30, 2022 (unaudited)","Deferred tax assets and other assets, net",us-gaap:OtherAssetsNoncurrent,reported,
balance_sheet,us-gaap:Assets,Total assets,1Q23,93022.0,CRM_SEC-XBRL-financials_as-presented_10-Q_2022-06-01_0001108524-22-000022.xlsx,Balance Sheet,"April 30, 2022 (unaudited)",Total assets,us-gaap:Assets,reported,
balance_sheet,us-gaap:AccountsPayableAndOtherAccruedLiabilitiesCurrent,"Accounts payable, accrued expenses and other liabilities",1Q23,4603.0,CRM_SEC-XBRL-financials_as-presented_10-Q_2022-06-01_0001108524-22-000022.xlsx,Balance Sheet,"April 30, 2022 (unaudited)","Accounts payable, accrued expenses and other liabilities",us-gaap:AccountsPayableAndOtherAccruedLiabilitiesCurrent,reported,
balance_sheet,us-gaap:OperatingLeaseLiabilityCurrent,"Operating lease liabilities, current",1Q23,658.0,CRM_SEC-XBRL-financials_as-presented_10-Q_2022-06-01_0001108524-22-000022.xlsx,Balance Sheet,"April 30, 2022 (unaudited)","Operating lease liabilities, current",us-gaap:OperatingLeaseLiabilityCurrent,reported,
balance_sheet,us-gaap:ContractWithCustomerLiabilityCurrent,Unearned revenue,1Q23,13636.0,CRM_SEC-XBRL-financials_as-presented_10-Q_2022-06-01_0001108524-22-000022.xlsx,Balance Sheet,"April 30, 2022 (unaudited)",Unearned revenue,us-gaap:ContractWithCustomerLiabilityCurrent,reported,
balance_sheet,us-gaap:ConvertibleDebtCurrent,"Debt, current",1Q23,1002.0,CRM_SEC-XBRL-financials_as-presented_10-Q_2022-06-01_0001108524-22-000022.xlsx,Balance Sheet,"April 30, 2022 (unaudited)","Debt, current",us-gaap:ConvertibleDebtCurrent,reported,
balance_sheet,us-gaap:LiabilitiesCurrent,Total current liabilities,1Q23,19899.0,CRM_SEC-XBRL-financials_as-presented_10-Q_2022-06-01_0001108524-22-000022.xlsx,Balance Sheet,"April 30, 2022 (unaudited)",Total current liabilities,us-gaap:LiabilitiesCurrent,reported,
balance_sheet,us-gaap:LongTermDebtNoncurrent,Noncurrent debt,1Q23,9595.0,CRM_SEC-XBRL-financials_as-presented_10-Q_2022-06-01_0001108524-22-000022.xlsx,Balance Sheet,"April 30, 2022 (unaudited)",Noncurrent debt,us-gaap:LongTermDebtNoncurrent,reported,
balance_sheet,us-gaap:OperatingLeaseLiabilityNoncurrent,Noncurrent operating lease liabilities,1Q23,2730.0,CRM_SEC-XBRL-financials_as-presented_10-Q_2022-06-01_0001108524-22-000022.xlsx,Balance Sheet,"April 30, 2022 (unaudited)",Noncurrent operating lease liabilities,us-gaap:OperatingLeaseLiabilityNoncurrent,reported,
balance_sheet,us-gaap:OtherLiabilitiesNoncurrent,Other noncurrent liabilities,1Q23,1922.0,CRM_SEC-XBRL-financials_as-presented_10-Q_2022-06-01_0001108524-22-000022.xlsx,Balance Sheet,"April 30, 2022 (unaudited)",Other noncurrent liabilities,us-gaap:OtherLiabilitiesNoncurrent,reported,
balance_sheet,us-gaap:Liabilities,Total liabilities,1Q23,34146.0,CRM_SEC-XBRL-financials_as-presented_10-Q_2022-06-01_0001108524-22-000022.xlsx,Balance Sheet,"April 30, 2022 (unaudited)",Total liabilities,us-gaap:Liabilities,reported,
balance_sheet,us-gaap:CommonStockValue,Common stock,1Q23,1.0,CRM_SEC-XBRL-financials_as-presented_10-Q_2022-06-01_0001108524-22-000022.xlsx,Balance Sheet,"April 30, 2022 (unaudited)",Common stock,us-gaap:CommonStockValue,reported,
balance_sheet,us-gaap:AdditionalPaidInCapitalCommonStock,Additional paid-in capital,1Q23,51780.0,CRM_SEC-XBRL-financials_as-presented_10-Q_2022-06-01_0001108524-22-000022.xlsx,Balance Sheet,"April 30, 2022 (unaudited)",Additional paid-in capital,us-gaap:AdditionalPaidInCapitalCommonStock,reported,
balance_sheet,us-gaap:AccumulatedOtherComprehensiveIncomeLossNetOfTax,Accumulated other comprehensive income (loss),1Q23,-310.0,CRM_SEC-XBRL-financials_as-presented_10-Q_2022-06-01_0001108524-22-000022.xlsx,Balance Sheet,"April 30, 2022 (unaudited)",Accumulated other comprehensive loss,us-gaap:AccumulatedOtherComprehensiveIncomeLossNetOfTax,reported,
balance_sheet,us-gaap:RetainedEarningsAccumulatedDeficit,Retained earnings,1Q23,7405.0,CRM_SEC-XBRL-financials_as-presented_10-Q_2022-06-01_0001108524-22-000022.xlsx,Balance Sheet,"April 30, 2022 (unaudited)",Retained earnings,us-gaap:RetainedEarningsAccumulatedDeficit,reported,
balance_sheet,us-gaap:StockholdersEquity,Total stockholders’ equity,1Q23,58876.0,CRM_SEC-XBRL-financials_as-presented_10-Q_2022-06-01_0001108524-22-000022.xlsx,Balance Sheet,"April 30, 2022 (unaudited)",Total stockholders’ equity,us-gaap:StockholdersEquity,reported,
balance_sheet,us-gaap:LiabilitiesAndStockholdersEquity,Total liabilities and stockholders’ equity,1Q23,93022.0,CRM_SEC-XBRL-financials_as-presented_10-Q_2022-06-01_0001108524-22-000022.xlsx,Balance Sheet,"April 30, 2022 (unaudited)",Total liabilities and stockholders’ equity,us-gaap:LiabilitiesAndStockholdersEquity,reported,
cash_flow,us-gaap:NetIncomeLoss,Net income,1Q23,28.0,CRM_SEC-XBRL-financials_as-presented_10-Q_2022-06-01_0001108524-22-000022.xlsx,Cash Flow,"Three Months Ended April 30, 2022",Net income,us-gaap:NetIncomeLoss,reported,
cash_flow,us-gaap:DepreciationAndAmortization,Depreciation and amortization (1),1Q23,906.0,CRM_SEC-XBRL-financials_as-presented_10-Q_2022-06-01_0001108524-22-000022.xlsx,Cash Flow,"Three Months Ended April 30, 2022",Depreciation and amortization,us-gaap:DepreciationAndAmortization,reported,
cash_flow,us-gaap:CapitalizedContractCostAmortization,"Amortization of costs capitalized to obtain revenue contracts, net",1Q23,394.0,CRM_SEC-XBRL-financials_as-presented_10-Q_2022-06-01_0001108524-22-000022.xlsx,Cash Flow,"Three Months Ended April 30, 2022","Amortization of costs capitalized to obtain revenue contracts, net",us-gaap:CapitalizedContractCostAmortization,reported,
cash_flow,us-gaap:ShareBasedCompensation,Stock-based compensation expense,1Q23,776.0,CRM_SEC-XBRL-financials_as-presented_10-Q_2022-06-01_0001108524-22-000022.xlsx,Cash Flow,"Three Months Ended April 30, 2022",Stock-based compensation expense,us-gaap:ShareBasedCompensation,reported,
cash_flow,us-gaap:GainLossOnInvestments,"(Gains) losses on strategic investments, net",1Q23,-7.0,CRM_SEC-XBRL-financials_as-presented_10-Q_2022-06-01_0001108524-22-000022.xlsx,Cash Flow,"Three Months Ended April 30, 2022","Gains on strategic investments, net",us-gaap:GainLossOnInvestments,reported,
cash_flow,us-gaap:IncreaseDecreaseInAccountsReceivable,"Accounts receivable, net",1Q23,5805.0,CRM_SEC-XBRL-financials_as-presented_10-Q_2022-06-01_0001108524-22-000022.xlsx,Cash Flow,"Three Months Ended April 30, 2022","Accounts receivable, net",us-gaap:IncreaseDecreaseInAccountsReceivable,reported,
cash_flow,crm:IncreaseDecreaseInCapitalizedContractCosts,"Costs capitalized to obtain revenue contracts, net",1Q23,-399.0,CRM_SEC-XBRL-financials_as-presented_10-Q_2022-06-01_0001108524-22-000022.xlsx,Cash Flow,"Three Months Ended April 30, 2022","Costs capitalized to obtain revenue contracts, net",crm:IncreaseDecreaseInCapitalizedContractCosts,reported,
cash_flow,us-gaap:IncreaseDecreaseInPrepaidDeferredExpenseAndOtherAssets,Prepaid expenses and other current assets and other assets,1Q23,-409.0,CRM_SEC-XBRL-financials_as-presented_10-Q_2022-06-01_0001108524-22-000022.xlsx,Cash Flow,"Three Months Ended April 30, 2022",Prepaid expenses and other current assets and other assets,us-gaap:IncreaseDecreaseInPrepaidDeferredExpenseAndOtherAssets,reported,
cash_flow,us-gaap:IncreaseDecreaseInAccountsPayableAndAccruedLiabilities,Accounts payable and accrued expenses and other liabilities,1Q23,-1222.0,CRM_SEC-XBRL-financials_as-presented_10-Q_2022-06-01_0001108524-22-000022.xlsx,Cash Flow,"Three Months Ended April 30, 2022",Accounts payable and accrued expenses and other liabilities,us-gaap:IncreaseDecreaseInAccountsPayableAndAccruedLiabilities,reported,
cash_flow,us-gaap:IncreaseDecreaseInOperatingLeaseLiability,Operating lease liabilities,1Q23,-202.0,CRM_SEC-XBRL-financials_as-presented_10-Q_2022-06-01_0001108524-22-000022.xlsx,Cash Flow,"Three Months Ended April 30, 2022",Operating lease liabilities,us-gaap:IncreaseDecreaseInOperatingLeaseLiability,reported,
cash_flow,us-gaap:IncreaseDecreaseInContractWithCustomerLiability,Unearned revenue,1Q23,-1994.0,CRM_SEC-XBRL-financials_as-presented_10-Q_2022-06-01_0001108524-22-000022.xlsx,Cash Flow,"Three Months Ended April 30, 2022",Unearned revenue,us-gaap:IncreaseDecreaseInContractWithCustomerLiability,reported,
cash_flow,us-gaap:NetCashProvidedByUsedInOperatingActivities,Net cash provided by operating activities,1Q23,3676.0,CRM_SEC-XBRL-financials_as-presented_10-Q_2022-06-01_0001108524-22-000022.xlsx,Cash Flow,"Three Months Ended April 30, 2022",Net cash provided by operating activities,us-gaap:NetCashProvidedByUsedInOperatingActivities,reported,
cash_flow,us-gaap:PaymentsToAcquireBusinessesNetOfCashAcquired,"Business combinations, net of cash acquired",1Q23,-414.0,CRM_SEC-XBRL-financials_as-presented_10-Q_2022-06-01_0001108524-22-000022.xlsx,Cash Flow,"Three Months Ended April 30, 2022","Business combinations, net of cash acquired",us-gaap:PaymentsToAcquireBusinessesNetOfCashAcquired,reported,
cash_flow,us-gaap:PaymentsToAcquireLongtermInvestments,Purchases of strategic investments,1Q23,-223.0,CRM_SEC-XBRL-financials_as-presented_10-Q_2022-06-01_0001108524-22-000022.xlsx,Cash Flow,"Three Months Ended April 30, 2022",Purchases of strategic investments,us-gaap:PaymentsToAcquireLongtermInvestments,reported,
cash_flow,us-gaap:ProceedsFromSaleOfLongtermInvestments,Sales of strategic investments,1Q23,45.0,CRM_SEC-XBRL-financials_as-presented_10-Q_2022-06-01_0001108524-22-000022.xlsx,Cash Flow,"Three Months Ended April 30, 2022",Sales of strategic investments,us-gaap:ProceedsFromSaleOfLongtermInvestments,reported,
cash_flow,us-gaap:PaymentsToAcquireAvailableForSaleSecuritiesDebt,Purchases of marketable securities,1Q23,-2572.0,CRM_SEC-XBRL-financials_as-presented_10-Q_2022-06-01_0001108524-22-000022.xlsx,Cash Flow,"Three Months Ended April 30, 2022",Purchases of marketable securities,us-gaap:PaymentsToAcquireAvailableForSaleSecuritiesDebt,reported,
cash_flow,us-gaap:ProceedsFromSaleOfAvailableForSaleSecuritiesDebt,Sales of marketable securities,1Q23,441.0,CRM_SEC-XBRL-financials_as-presented_10-Q_2022-06-01_0001108524-22-000022.xlsx,Cash Flow,"Three Months Ended April 30, 2022",Sales of marketable securities,us-gaap:ProceedsFromSaleOfAvailableForSaleSecuritiesDebt,reported,
cash_flow,us-gaap:ProceedsFromMaturitiesPrepaymentsAndCallsOfAvailableForSaleSecurities,Maturities of marketable securities,1Q23,445.0,CRM_SEC-XBRL-financials_as-presented_10-Q_2022-06-01_0001108524-22-000022.xlsx,Cash Flow,"Three Months Ended April 30, 2022",Maturities of marketable securities,us-gaap:ProceedsFromMaturitiesPrepaymentsAndCallsOfAvailableForSaleSecurities,reported,
cash_flow,us-gaap:PaymentsToAcquirePropertyPlantAndEquipment,Capital expenditures,1Q23,-179.0,CRM_SEC-XBRL-financials_as-presented_10-Q_2022-06-01_0001108524-22-000022.xlsx,Cash Flow,"Three Months Ended April 30, 2022",Capital expenditures,us-gaap:PaymentsToAcquirePropertyPlantAndEquipment,reported,
cash_flow,us-gaap:NetCashProvidedByUsedInInvestingActivities,Net cash used in investing activities,1Q23,-2457.0,CRM_SEC-XBRL-financials_as-presented_10-Q_2022-06-01_0001108524-22-000022.xlsx,Cash Flow,"Three Months Ended April 30, 2022",Net cash used in investing activities,us-gaap:NetCashProvidedByUsedInInvestingActivities,reported,
cash_flow,us-gaap:ProceedsFromIssuanceOfMediumTermNotes,"Proceeds from issuance of debt, net of issuance costs",1Q23,0.0,CRM_SEC-XBRL-financials_as-presented_10-Q_2022-06-01_0001108524-22-000022.xlsx,Cash Flow,"Three Months Ended April 30, 2022","Proceeds from issuance of debt, net of issuance costs",us-gaap:ProceedsFromIssuanceOfMediumTermNotes,reported,
cash_flow,us-gaap:ProceedsFromStockPlans,Proceeds from employee stock plans,1Q23,274.0,CRM_SEC-XBRL-financials_as-presented_10-Q_2022-06-01_0001108524-22-000022.xlsx,Cash Flow,"Three Months Ended April 30, 2022",Proceeds from employee stock plans,us-gaap:ProceedsFromStockPlans,reported,
cash_flow,us-gaap:FinanceLeasePrincipalPayments,Principal payments on financing obligations,1Q23,-72.0,CRM_SEC-XBRL-financials_as-presented_10-Q_2022-06-01_0001108524-22-000022.xlsx,Cash Flow,"Three Months Ended April 30, 2022",Principal payments on financing obligations,us-gaap:FinanceLeasePrincipalPayments,reported,
cash_flow,us-gaap:RepaymentsOfLongTermLinesOfCredit,Repayments of debt,1Q23,-1.0,CRM_SEC-XBRL-financials_as-presented_10-Q_2022-06-01_0001108524-22-000022.xlsx,Cash Flow,"Three Months Ended April 30, 2022",Repayments of debt,us-gaap:RepaymentsOfLongTermLinesOfCredit,reported,
cash_flow,us-gaap:NetCashProvidedByUsedInFinancingActivities,Net cash used in financing activities,1Q23,201.0,CRM_SEC-XBRL-financials_as-presented_10-Q_2022-06-01_0001108524-22-000022.xlsx,Cash Flow,"Three Months Ended April 30, 2022",Net cash provided by financing activities,us-gaap:NetCashProvidedByUsedInFinancingActivities,reported,
cash_flow,us-gaap:EffectOfExchangeRateOnCashCashEquivalentsRestrictedCashAndRestrictedCashEquivalents,Effect of exchange rate changes,1Q23,-25.0,CRM_SEC-XBRL-financials_as-presented_10-Q_2022-06-01_0001108524-22-000022.xlsx,Cash Flow,"Three Months Ended April 30, 2022",Effect of exchange rate changes,us-gaap:EffectOfExchangeRateOnCashCashEquivalentsRestrictedCashAndRestrictedCashEquivalents,reported,
cash_flow,us-gaap:CashCashEquivalentsRestrictedCashAndRestrictedCashEquivalentsPeriodIncreaseDecreaseIncludingExchangeRateEffect,Net increase (decrease) in cash and cash equivalents,1Q23,1395.0,CRM_SEC-XBRL-financials_as-presented_10-Q_2022-06-01_0001108524-22-000022.xlsx,Cash Flow,"Three Months Ended April 30, 2022",Net increase in cash and cash equivalents,us-gaap:CashCashEquivalentsRestrictedCashAndRestrictedCashEquivalentsPeriodIncreaseDecreaseIncludingExchangeRateEffect,reported,
cash_flow,us-gaap:CashCashEquivalentsRestrictedCashAndRestrictedCashEquivalents,"Cash and cash equivalents, beginning of period",1Q23,5464.0,CRM_SEC-XBRL-financials_as-presented_10-Q_2022-06-01_0001108524-22-000022.xlsx,Cash Flow,"Three Months Ended April 30, 2022","Cash and cash equivalents, beginning of period",us-gaap:CashCashEquivalentsRestrictedCashAndRestrictedCashEquivalents,reported,
income_statement,us-gaap:RevenueFromContractWithCustomerExcludingAssessedTax,Subscription and support,2Q23,7143.0,CRM_SEC-XBRL-financials_as-presented_10-Q_2022-08-25_0001108524-22-000041.xlsx,Income Statement,"Three Months Ended July 31, 2022",Subscription and support,us-gaap:RevenueFromContractWithCustomerExcludingAssessedTax,reported,
income_statement,us-gaap:RevenueFromContractWithCustomerExcludingAssessedTax,Subscription and support,6M23,13999.0,CRM_SEC-XBRL-financials_as-presented_10-Q_2022-08-25_0001108524-22-000041.xlsx,Income Statement,"Six Months Ended July 31, 2022",Subscription and support,us-gaap:RevenueFromContractWithCustomerExcludingAssessedTax,reported,
income_statement,us-gaap:CostOfGoodsAndServicesSold,Subscription and support,2Q23,1490.0,CRM_SEC-XBRL-financials_as-presented_10-Q_2022-08-25_0001108524-22-000041.xlsx,Income Statement,"Three Months Ended July 31, 2022",Subscription and support,us-gaap:CostOfGoodsAndServicesSold,reported,
income_statement,us-gaap:CostOfGoodsAndServicesSold,Subscription and support,6M23,2930.0,CRM_SEC-XBRL-financials_as-presented_10-Q_2022-08-25_0001108524-22-000041.xlsx,Income Statement,"Six Months Ended July 31, 2022",Subscription and support,us-gaap:CostOfGoodsAndServicesSold,reported,
income_statement,us-gaap:GrossProfit,Gross profit,2Q23,5593.0,CRM_SEC-XBRL-financials_as-presented_10-Q_2022-08-25_0001108524-22-000041.xlsx,Income Statement,"Three Months Ended July 31, 2022",Gross profit,us-gaap:GrossProfit,reported,
income_statement,us-gaap:GrossProfit,Gross profit,6M23,10959.0,CRM_SEC-XBRL-financials_as-presented_10-Q_2022-08-25_0001108524-22-000041.xlsx,Income Statement,"Six Months Ended July 31, 2022",Gross profit,us-gaap:GrossProfit,reported,
income_statement,us-gaap:ResearchAndDevelopmentExpense,Research and development,2Q23,1329.0,CRM_SEC-XBRL-financials_as-presented_10-Q_2022-08-25_0001108524-22-000041.xlsx,Income Statement,"Three Months Ended July 31, 2022",Research and development,us-gaap:ResearchAndDevelopmentExpense,reported,
income_statement,us-gaap:ResearchAndDevelopmentExpense,Research and development,6M23,2647.0,CRM_SEC-XBRL-financials_as-presented_10-Q_2022-08-25_0001108524-22-000041.xlsx,Income Statement,"Six Months Ended July 31, 2022",Research and development,us-gaap:ResearchAndDevelopmentExpense,reported,
income_statement,us-gaap:SellingAndMarketingExpense,Sales and marketing,2Q23,3424.0,CRM_SEC-XBRL-financials_as-presented_10-Q_2022-08-25_0001108524-22-000041.xlsx,Income Statement,"Three Months Ended July 31, 2022",Marketing and sales,us-gaap:SellingAndMarketingExpense,reported,
income_statement,us-gaap:SellingAndMarketingExpense,Sales and marketing,6M23,6796.0,CRM_SEC-XBRL-financials_as-presented_10-Q_2022-08-25_0001108524-22-000041.xlsx,Income Statement,"Six Months Ended July 31, 2022",Marketing and sales,us-gaap:SellingAndMarketingExpense,reported,
income_statement,us-gaap:GeneralAndAdministrativeExpense,General and administrative,2Q23,647.0,CRM_SEC-XBRL-financials_as-presented_10-Q_2022-08-25_0001108524-22-000041.xlsx,Income Statement,"Three Months Ended July 31, 2022",General and administrative,us-gaap:GeneralAndAdministrativeExpense,reported,
income_statement,us-gaap:GeneralAndAdministrativeExpense,General and administrative,6M23,1303.0,CRM_SEC-XBRL-financials_as-presented_10-Q_2022-08-25_0001108524-22-000041.xlsx,Income Statement,"Six Months Ended July 31, 2022",General and administrative,us-gaap:GeneralAndAdministrativeExpense,reported,
income_statement,us-gaap:OperatingExpenses,Total operating expenses,2Q23,5400.0,CRM_SEC-XBRL-financials_as-presented_10-Q_2022-08-25_0001108524-22-000041.xlsx,Income Statement,"Three Months Ended July 31, 2022",Total operating expenses,us-gaap:OperatingExpenses,reported,
income_statement,us-gaap:OperatingExpenses,Total operating expenses,6M23,10746.0,CRM_SEC-XBRL-financials_as-presented_10-Q_2022-08-25_0001108524-22-000041.xlsx,Income Statement,"Six Months Ended July 31, 2022",Total operating expenses,us-gaap:OperatingExpenses,reported,
income_statement,us-gaap:OperatingIncomeLoss,Income from operations,2Q23,193.0,CRM_SEC-XBRL-financials_as-presented_10-Q_2022-08-25_0001108524-22-000041.xlsx,Income Statement,"Three Months Ended July 31, 2022",Income from operations,us-gaap:OperatingIncomeLoss,reported,
income_statement,us-gaap:OperatingIncomeLoss,Income from operations,6M23,213.0,CRM_SEC-XBRL-financials_as-presented_10-Q_2022-08-25_0001108524-22-000041.xlsx,Income Statement,"Six Months Ended July 31, 2022",Income from operations,us-gaap:OperatingIncomeLoss,reported,
income_statement,us-gaap:GainLossOnInvestments,"Gains (losses) on strategic investments, net",2Q23,45.0,CRM_SEC-XBRL-financials_as-presented_10-Q_2022-08-25_0001108524-22-000041.xlsx,Income Statement,"Three Months Ended July 31, 2022","Gains on strategic investments, net",us-gaap:GainLossOnInvestments,reported,
income_statement,us-gaap:GainLossOnInvestments,"Gains (losses) on strategic investments, net",6M23,52.0,CRM_SEC-XBRL-financials_as-presented_10-Q_2022-08-25_0001108524-22-000041.xlsx,Income Statement,"Six Months Ended July 31, 2022","Gains on strategic investments, net",us-gaap:GainLossOnInvestments,reported,
income_statement,us-gaap:OtherNonoperatingExpense,Other expense,2Q23,-57.0,CRM_SEC-XBRL-financials_as-presented_10-Q_2022-08-25_0001108524-22-000041.xlsx,Income Statement,"Three Months Ended July 31, 2022",Other expense,us-gaap:OtherNonoperatingExpense,reported,
income_statement,us-gaap:OtherNonoperatingExpense,Other expense,6M23,-113.0,CRM_SEC-XBRL-financials_as-presented_10-Q_2022-08-25_0001108524-22-000041.xlsx,Income Statement,"Six Months Ended July 31, 2022",Other expense,us-gaap:OtherNonoperatingExpense,reported,
income_statement,us-gaap:IncomeLossFromContinuingOperationsBeforeIncomeTaxesExtraordinaryItemsNoncontrollingInterest,Income before provision for income taxes,2Q23,181.0,CRM_SEC-XBRL-financials_as-presented_10-Q_2022-08-25_0001108524-22-000041.xlsx,Income Statement,"Three Months Ended July 31, 2022",Income before provision for income taxes,us-gaap:IncomeLossFromContinuingOperationsBeforeIncomeTaxesExtraordinaryItemsNoncontrollingInterest,reported,
income_statement,us-gaap:IncomeLossFromContinuingOperationsBeforeIncomeTaxesExtraordinaryItemsNoncontrollingInterest,Income before provision for income taxes,6M23,152.0,CRM_SEC-XBRL-financials_as-presented_10-Q_2022-08-25_0001108524-22-000041.xlsx,Income Statement,"Six Months Ended July 31, 2022",Income before provision for income taxes,us-gaap:IncomeLossFromContinuingOperationsBeforeIncomeTaxesExtraordinaryItemsNoncontrollingInterest,reported,
income_statement,us-gaap:IncomeTaxExpenseBenefit,Provision for income taxes,2Q23,-113.0,CRM_SEC-XBRL-financials_as-presented_10-Q_2022-08-25_0001108524-22-000041.xlsx,Income Statement,"Three Months Ended July 31, 2022",Provision for income taxes,us-gaap:IncomeTaxExpenseBenefit,reported,
income_statement,us-gaap:IncomeTaxExpenseBenefit,Provision for income taxes,6M23,-56.0,CRM_SEC-XBRL-financials_as-presented_10-Q_2022-08-25_0001108524-22-000041.xlsx,Income Statement,"Six Months Ended July 31, 2022",Provision for income taxes,us-gaap:IncomeTaxExpenseBenefit,reported,
income_statement,us-gaap:NetIncomeLoss,Net income,2Q23,68.0,CRM_SEC-XBRL-financials_as-presented_10-Q_2022-08-25_0001108524-22-000041.xlsx,Income Statement,"Three Months Ended July 31, 2022",Net income,us-gaap:NetIncomeLoss,reported,
income_statement,us-gaap:NetIncomeLoss,Net income,6M23,96.0,CRM_SEC-XBRL-financials_as-presented_10-Q_2022-08-25_0001108524-22-000041.xlsx,Income Statement,"Six Months Ended July 31, 2022",Net income,us-gaap:NetIncomeLoss,reported,
income_statement,us-gaap:EarningsPerShareBasic,Basic net income per share,2Q23,0.07,CRM_SEC-XBRL-financials_as-presented_10-Q_2022-08-25_0001108524-22-000041.xlsx,Income Statement,"Three Months Ended July 31, 2022",Basic net income per share,us-gaap:EarningsPerShareBasic,reported,
income_statement,us-gaap:EarningsPerShareBasic,Basic net income per share,6M23,0.1,CRM_SEC-XBRL-financials_as-presented_10-Q_2022-08-25_0001108524-22-000041.xlsx,Income Statement,"Six Months Ended July 31, 2022",Basic net income per share,us-gaap:EarningsPerShareBasic,reported,
income_statement,us-gaap:EarningsPerShareDiluted,Diluted net income per share,2Q23,0.07,CRM_SEC-XBRL-financials_as-presented_10-Q_2022-08-25_0001108524-22-000041.xlsx,Income Statement,"Three Months Ended July 31, 2022",Diluted net income per share,us-gaap:EarningsPerShareDiluted,reported,
income_statement,us-gaap:EarningsPerShareDiluted,Diluted net income per share,6M23,0.1,CRM_SEC-XBRL-financials_as-presented_10-Q_2022-08-25_0001108524-22-000041.xlsx,Income Statement,"Six Months Ended July 31, 2022",Diluted net income per share,us-gaap:EarningsPerShareDiluted,reported,
income_statement,us-gaap:WeightedAverageNumberOfSharesOutstandingBasic,Shares used in computing basic net income per share,2Q23,997.0,CRM_SEC-XBRL-financials_as-presented_10-Q_2022-08-25_0001108524-22-000041.xlsx,Income Statement,"Three Months Ended July 31, 2022",Shares used in computing basic net income per share,us-gaap:WeightedAverageNumberOfSharesOutstandingBasic,reported,
income_statement,us-gaap:WeightedAverageNumberOfSharesOutstandingBasic,Shares used in computing basic net income per share,6M23,994.0,CRM_SEC-XBRL-financials_as-presented_10-Q_2022-08-25_0001108524-22-000041.xlsx,Income Statement,"Six Months Ended July 31, 2022",Shares used in computing basic net income per share,us-gaap:WeightedAverageNumberOfSharesOutstandingBasic,reported,
income_statement,us-gaap:WeightedAverageNumberOfDilutedSharesOutstanding,Shares used in computing diluted net income per share,2Q23,1.001,CRM_SEC-XBRL-financials_as-presented_10-Q_2022-08-25_0001108524-22-000041.xlsx,Income Statement,"Three Months Ended July 31, 2022",Shares used in computing diluted net income per share,us-gaap:WeightedAverageNumberOfDilutedSharesOutstanding,reported,
income_statement,us-gaap:WeightedAverageNumberOfDilutedSharesOutstanding,Shares used in computing diluted net income per share,6M23,1.001,CRM_SEC-XBRL-financials_as-presented_10-Q_2022-08-25_0001108524-22-000041.xlsx,Income Statement,"Six Months Ended July 31, 2022",Shares used in computing diluted net income per share,us-gaap:WeightedAverageNumberOfDilutedSharesOutstanding,reported,
balance_sheet,us-gaap:CashAndCashEquivalentsAtCarryingValue,Cash and cash equivalents,2Q23,6931.0,CRM_SEC-XBRL-financials_as-presented_10-Q_2022-08-25_0001108524-22-000041.xlsx,Balance Sheet,"July 31, 2022 (unaudited)",Cash and cash equivalents,us-gaap:CashAndCashEquivalentsAtCarryingValue,reported,
balance_sheet,us-gaap:AvailableForSaleSecuritiesDebtSecuritiesCurrent,Marketable securities,2Q23,6602.0,CRM_SEC-XBRL-financials_as-presented_10-Q_2022-08-25_0001108524-22-000041.xlsx,Balance Sheet,"July 31, 2022 (unaudited)",Marketable securities,us-gaap:AvailableForSaleSecuritiesDebtSecuritiesCurrent,reported,
balance_sheet,us-gaap:AccountsReceivableNetCurrent,"Accounts receivable, net",2Q23,4745.0,CRM_SEC-XBRL-financials_as-presented_10-Q_2022-08-25_0001108524-22-000041.xlsx,Balance Sheet,"July 31, 2022 (unaudited)","Accounts receivable, net",us-gaap:AccountsReceivableNetCurrent,reported,
balance_sheet,us-gaap:CapitalizedContractCostNetCurrent,"Costs capitalized to obtain revenue contracts, net",2Q23,1531.0,CRM_SEC-XBRL-financials_as-presented_10-Q_2022-08-25_0001108524-22-000041.xlsx,Balance Sheet,"July 31, 2022 (unaudited)","Costs capitalized to obtain revenue contracts, net",us-gaap:CapitalizedContractCostNetCurrent,reported,
balance_sheet,us-gaap:PrepaidExpenseAndOtherAssetsCurrent,Prepaid expenses and other current assets,2Q23,1437.0,CRM_SEC-XBRL-financials_as-presented_10-Q_2022-08-25_0001108524-22-000041.xlsx,Balance Sheet,"July 31, 2022 (unaudited)",Prepaid expenses and other current assets,us-gaap:PrepaidExpenseAndOtherAssetsCurrent,reported,
balance_sheet,us-gaap:AssetsCurrent,Total current assets,2Q23,21246.0,CRM_SEC-XBRL-financials_as-presented_10-Q_2022-08-25_0001108524-22-000041.xlsx,Balance Sheet,"July 31, 2022 (unaudited)",Total current assets,us-gaap:AssetsCurrent,reported,
balance_sheet,us-gaap:PropertyPlantAndEquipmentAndFinanceLeaseRightOfUseAssetAfterAccumulatedDepreciationAndAmortization,"Property and equipment, net",2Q23,3375.0,CRM_SEC-XBRL-financials_as-presented_10-Q_2022-08-25_0001108524-22-000041.xlsx,Balance Sheet,"July 31, 2022 (unaudited)","Property and equipment, net",us-gaap:PropertyPlantAndEquipmentAndFinanceLeaseRightOfUseAssetAfterAccumulatedDepreciationAndAmortization,reported,
balance_sheet,us-gaap:OperatingLeaseRightOfUseAsset,"Operating lease right-of-use assets, net",2Q23,2727.0,CRM_SEC-XBRL-financials_as-presented_10-Q_2022-08-25_0001108524-22-000041.xlsx,Balance Sheet,"July 31, 2022 (unaudited)","Operating lease right-of-use assets, net",us-gaap:OperatingLeaseRightOfUseAsset,reported,
balance_sheet,us-gaap:CapitalizedContractCostNetNoncurrent,"Noncurrent costs capitalized to obtain revenue contracts, net",2Q23,2367.0,CRM_SEC-XBRL-financials_as-presented_10-Q_2022-08-25_0001108524-22-000041.xlsx,Balance Sheet,"July 31, 2022 (unaudited)","Noncurrent costs capitalized to obtain revenue contracts, net",us-gaap:CapitalizedContractCostNetNoncurrent,reported,
balance_sheet,us-gaap:OtherLongTermInvestments,Strategic investments,2Q23,5124.0,CRM_SEC-XBRL-financials_as-presented_10-Q_2022-08-25_0001108524-22-000041.xlsx,Balance Sheet,"July 31, 2022 (unaudited)",Strategic investments,us-gaap:OtherLongTermInvestments,reported,
balance_sheet,us-gaap:Goodwill,Goodwill,2Q23,48568.0,CRM_SEC-XBRL-financials_as-presented_10-Q_2022-08-25_0001108524-22-000041.xlsx,Balance Sheet,"July 31, 2022 (unaudited)",Goodwill,us-gaap:Goodwill,reported,
balance_sheet,us-gaap:IntangibleAssetsNetExcludingGoodwill,"Intangible assets acquired through business combinations, net",2Q23,8072.0,CRM_SEC-XBRL-financials_as-presented_10-Q_2022-08-25_0001108524-22-000041.xlsx,Balance Sheet,"July 31, 2022 (unaudited)","Intangible assets acquired through business combinations, net",us-gaap:IntangibleAssetsNetExcludingGoodwill,reported,
balance_sheet,us-gaap:OtherAssetsNoncurrent,"Deferred tax assets and other assets, net",2Q23,2669.0,CRM_SEC-XBRL-financials_as-presented_10-Q_2022-08-25_0001108524-22-000041.xlsx,Balance Sheet,"July 31, 2022 (unaudited)","Deferred tax assets and other assets, net",us-gaap:OtherAssetsNoncurrent,reported,
balance_sheet,us-gaap:Assets,Total assets,2Q23,94148.0,CRM_SEC-XBRL-financials_as-presented_10-Q_2022-08-25_0001108524-22-000041.xlsx,Balance Sheet,"July 31, 2022 (unaudited)",Total assets,us-gaap:Assets,reported,
balance_sheet,us-gaap:AccountsPayableAndOtherAccruedLiabilitiesCurrent,"Accounts payable, accrued expenses and other liabilities",2Q23,5446.0,CRM_SEC-XBRL-financials_as-presented_10-Q_2022-08-25_0001108524-22-000041.xlsx,Balance Sheet,"July 31, 2022 (unaudited)","Accounts payable, accrued expenses and other liabilities",us-gaap:AccountsPayableAndOtherAccruedLiabilitiesCurrent,reported,
balance_sheet,us-gaap:OperatingLeaseLiabilityCurrent,"Operating lease liabilities, current",2Q23,626.0,CRM_SEC-XBRL-financials_as-presented_10-Q_2022-08-25_0001108524-22-000041.xlsx,Balance Sheet,"July 31, 2022 (unaudited)","Operating lease liabilities, current",us-gaap:OperatingLeaseLiabilityCurrent,reported,
balance_sheet,us-gaap:ContractWithCustomerLiabilityCurrent,Unearned revenue,2Q23,12825.0,CRM_SEC-XBRL-financials_as-presented_10-Q_2022-08-25_0001108524-22-000041.xlsx,Balance Sheet,"July 31, 2022 (unaudited)",Unearned revenue,us-gaap:ContractWithCustomerLiabilityCurrent,reported,
balance_sheet,us-gaap:ConvertibleDebtCurrent,"Debt, current",2Q23,1183.0,CRM_SEC-XBRL-financials_as-presented_10-Q_2022-08-25_0001108524-22-000041.xlsx,Balance Sheet,"July 31, 2022 (unaudited)","Debt, current",us-gaap:ConvertibleDebtCurrent,reported,
balance_sheet,us-gaap:LiabilitiesCurrent,Total current liabilities,2Q23,20080.0,CRM_SEC-XBRL-financials_as-presented_10-Q_2022-08-25_0001108524-22-000041.xlsx,Balance Sheet,"July 31, 2022 (unaudited)",Total current liabilities,us-gaap:LiabilitiesCurrent,reported,
balance_sheet,us-gaap:LongTermDebtNoncurrent,Noncurrent debt,2Q23,9416.0,CRM_SEC-XBRL-financials_as-presented_10-Q_2022-08-25_0001108524-22-000041.xlsx,Balance Sheet,"July 31, 2022 (unaudited)",Noncurrent debt,us-gaap:LongTermDebtNoncurrent,reported,
balance_sheet,us-gaap:OperatingLeaseLiabilityNoncurrent,Noncurrent operating lease liabilities,2Q23,2580.0,CRM_SEC-XBRL-financials_as-presented_10-Q_2022-08-25_0001108524-22-000041.xlsx,Balance Sheet,"July 31, 2022 (unaudited)",Noncurrent operating lease liabilities,us-gaap:OperatingLeaseLiabilityNoncurrent,reported,
balance_sheet,us-gaap:OtherLiabilitiesNoncurrent,Other noncurrent liabilities,2Q23,1974.0,CRM_SEC-XBRL-financials_as-presented_10-Q_2022-08-25_0001108524-22-000041.xlsx,Balance Sheet,"July 31, 2022 (unaudited)",Other noncurrent liabilities,us-gaap:OtherLiabilitiesNoncurrent,reported,
balance_sheet,us-gaap:Liabilities,Total liabilities,2Q23,34050.0,CRM_SEC-XBRL-financials_as-presented_10-Q_2022-08-25_0001108524-22-000041.xlsx,Balance Sheet,"July 31, 2022 (unaudited)",Total liabilities,us-gaap:Liabilities,reported,
balance_sheet,us-gaap:CommonStockValue,Common stock,2Q23,1.0,CRM_SEC-XBRL-financials_as-presented_10-Q_2022-08-25_0001108524-22-000041.xlsx,Balance Sheet,"July 31, 2022 (unaudited)",Common stock,us-gaap:CommonStockValue,reported,
balance_sheet,us-gaap:AdditionalPaidInCapitalCommonStock,Additional paid-in capital,2Q23,52979.0,CRM_SEC-XBRL-financials_as-presented_10-Q_2022-08-25_0001108524-22-000041.xlsx,Balance Sheet,"July 31, 2022 (unaudited)",Additional paid-in capital,us-gaap:AdditionalPaidInCapitalCommonStock,reported,
balance_sheet,us-gaap:AccumulatedOtherComprehensiveIncomeLossNetOfTax,Accumulated other comprehensive income (loss),2Q23,-355.0,CRM_SEC-XBRL-financials_as-presented_10-Q_2022-08-25_0001108524-22-000041.xlsx,Balance Sheet,"July 31, 2022 (unaudited)",Accumulated other comprehensive loss,us-gaap:AccumulatedOtherComprehensiveIncomeLossNetOfTax,reported,
balance_sheet,us-gaap:RetainedEarningsAccumulatedDeficit,Retained earnings,2Q23,7473.0,CRM_SEC-XBRL-financials_as-presented_10-Q_2022-08-25_0001108524-22-000041.xlsx,Balance Sheet,"July 31, 2022 (unaudited)",Retained earnings,us-gaap:RetainedEarningsAccumulatedDeficit,reported,
balance_sheet,us-gaap:StockholdersEquity,Total stockholders’ equity,2Q23,60098.0,CRM_SEC-XBRL-financials_as-presented_10-Q_2022-08-25_0001108524-22-000041.xlsx,Balance Sheet,"July 31, 2022 (unaudited)",Total stockholders’ equity,us-gaap:StockholdersEquity,reported,
balance_sheet,us-gaap:LiabilitiesAndStockholdersEquity,Total liabilities and stockholders’ equity,2Q23,94148.0,CRM_SEC-XBRL-financials_as-presented_10-Q_2022-08-25_0001108524-22-000041.xlsx,Balance Sheet,"July 31, 2022 (unaudited)",Total liabilities and stockholders’ equity,us-gaap:LiabilitiesAndStockholdersEquity,reported,
cash_flow,us-gaap:NetIncomeLoss,Net income,2Q23,68.0,CRM_SEC-XBRL-financials_as-presented_10-Q_2022-08-25_0001108524-22-000041.xlsx,Cash Flow,"Three Months Ended July 31, 2022",Net income,us-gaap:NetIncomeLoss,reported,
cash_flow,us-gaap:NetIncomeLoss,Net income,6M23,96.0,CRM_SEC-XBRL-financials_as-presented_10-Q_2022-08-25_0001108524-22-000041.xlsx,Cash Flow,"Six Months Ended July 31, 2022",Net income,us-gaap:NetIncomeLoss,reported,
cash_flow,us-gaap:DepreciationAndAmortization,Depreciation and amortization (1),2Q23,907.0,CRM_SEC-XBRL-financials_as-presented_10-Q_2022-08-25_0001108524-22-000041.xlsx,Cash Flow,"Three Months Ended July 31, 2022",Depreciation and amortization,us-gaap:DepreciationAndAmortization,reported,
cash_flow,us-gaap:DepreciationAndAmortization,Depreciation and amortization (1),6M23,1813.0,CRM_SEC-XBRL-financials_as-presented_10-Q_2022-08-25_0001108524-22-000041.xlsx,Cash Flow,"Six Months Ended July 31, 2022",Depreciation and amortization,us-gaap:DepreciationAndAmortization,reported,
cash_flow,us-gaap:CapitalizedContractCostAmortization,"Amortization of costs capitalized to obtain revenue contracts, net",2Q23,408.0,CRM_SEC-XBRL-financials_as-presented_10-Q_2022-08-25_0001108524-22-000041.xlsx,Cash Flow,"Three Months Ended July 31, 2022","Amortization of costs capitalized to obtain revenue contracts, net",us-gaap:CapitalizedContractCostAmortization,reported,
cash_flow,us-gaap:CapitalizedContractCostAmortization,"Amortization of costs capitalized to obtain revenue contracts, net",6M23,802.0,CRM_SEC-XBRL-financials_as-presented_10-Q_2022-08-25_0001108524-22-000041.xlsx,Cash Flow,"Six Months Ended July 31, 2022","Amortization of costs capitalized to obtain revenue contracts, net",us-gaap:CapitalizedContractCostAmortization,reported,
cash_flow,us-gaap:ShareBasedCompensation,Stock-based compensation expense,2Q23,851.0,CRM_SEC-XBRL-financials_as-presented_10-Q_2022-08-25_0001108524-22-000041.xlsx,Cash Flow,"Three Months Ended July 31, 2022",Stock-based compensation expense,us-gaap:ShareBasedCompensation,reported,
cash_flow,us-gaap:ShareBasedCompensation,Stock-based compensation expense,6M23,1627.0,CRM_SEC-XBRL-financials_as-presented_10-Q_2022-08-25_0001108524-22-000041.xlsx,Cash Flow,"Six Months Ended July 31, 2022",Stock-based compensation expense,us-gaap:ShareBasedCompensation,reported,
cash_flow,us-gaap:GainLossOnInvestments,"(Gains) losses on strategic investments, net",2Q23,-45.0,CRM_SEC-XBRL-financials_as-presented_10-Q_2022-08-25_0001108524-22-000041.xlsx,Cash Flow,"Three Months Ended July 31, 2022","Gains on strategic investments, net",us-gaap:GainLossOnInvestments,reported,
cash_flow,us-gaap:GainLossOnInvestments,"(Gains) losses on strategic investments, net",6M23,-52.0,CRM_SEC-XBRL-financials_as-presented_10-Q_2022-08-25_0001108524-22-000041.xlsx,Cash Flow,"Six Months Ended July 31, 2022","Gains on strategic investments, net",us-gaap:GainLossOnInvestments,reported,
cash_flow,us-gaap:IncreaseDecreaseInAccountsReceivable,"Accounts receivable, net",2Q23,-790.0,CRM_SEC-XBRL-financials_as-presented_10-Q_2022-08-25_0001108524-22-000041.xlsx,Cash Flow,"Three Months Ended July 31, 2022","Accounts receivable, net",us-gaap:IncreaseDecreaseInAccountsReceivable,reported,
cash_flow,us-gaap:IncreaseDecreaseInAccountsReceivable,"Accounts receivable, net",6M23,5015.0,CRM_SEC-XBRL-financials_as-presented_10-Q_2022-08-25_0001108524-22-000041.xlsx,Cash Flow,"Six Months Ended July 31, 2022","Accounts receivable, net",us-gaap:IncreaseDecreaseInAccountsReceivable,reported,
cash_flow,crm:IncreaseDecreaseInCapitalizedContractCosts,"Costs capitalized to obtain revenue contracts, net",2Q23,-505.0,CRM_SEC-XBRL-financials_as-presented_10-Q_2022-08-25_0001108524-22-000041.xlsx,Cash Flow,"Three Months Ended July 31, 2022","Costs capitalized to obtain revenue contracts, net",crm:IncreaseDecreaseInCapitalizedContractCosts,reported,
cash_flow,crm:IncreaseDecreaseInCapitalizedContractCosts,"Costs capitalized to obtain revenue contracts, net",6M23,-904.0,CRM_SEC-XBRL-financials_as-presented_10-Q_2022-08-25_0001108524-22-000041.xlsx,Cash Flow,"Six Months Ended July 31, 2022","Costs capitalized to obtain revenue contracts, net",crm:IncreaseDecreaseInCapitalizedContractCosts,reported,
cash_flow,us-gaap:IncreaseDecreaseInPrepaidDeferredExpenseAndOtherAssets,Prepaid expenses and other current assets and other assets,2Q23,113.0,CRM_SEC-XBRL-financials_as-presented_10-Q_2022-08-25_0001108524-22-000041.xlsx,Cash Flow,"Three Months Ended July 31, 2022",Prepaid expenses and other current assets and other assets,us-gaap:IncreaseDecreaseInPrepaidDeferredExpenseAndOtherAssets,reported,
cash_flow,us-gaap:IncreaseDecreaseInPrepaidDeferredExpenseAndOtherAssets,Prepaid expenses and other current assets and other assets,6M23,-296.0,CRM_SEC-XBRL-financials_as-presented_10-Q_2022-08-25_0001108524-22-000041.xlsx,Cash Flow,"Six Months Ended July 31, 2022",Prepaid expenses and other current assets and other assets,us-gaap:IncreaseDecreaseInPrepaidDeferredExpenseAndOtherAssets,reported,
cash_flow,us-gaap:IncreaseDecreaseInAccountsPayableAndAccruedLiabilities,Accounts payable and accrued expenses and other liabilities,2Q23,326.0,CRM_SEC-XBRL-financials_as-presented_10-Q_2022-08-25_0001108524-22-000041.xlsx,Cash Flow,"Three Months Ended July 31, 2022",Accounts payable and accrued expenses and other liabilities,us-gaap:IncreaseDecreaseInAccountsPayableAndAccruedLiabilities,reported,
cash_flow,us-gaap:IncreaseDecreaseInAccountsPayableAndAccruedLiabilities,Accounts payable and accrued expenses and other liabilities,6M23,-896.0,CRM_SEC-XBRL-financials_as-presented_10-Q_2022-08-25_0001108524-22-000041.xlsx,Cash Flow,"Six Months Ended July 31, 2022",Accounts payable and accrued expenses and other liabilities,us-gaap:IncreaseDecreaseInAccountsPayableAndAccruedLiabilities,reported,
cash_flow,us-gaap:IncreaseDecreaseInOperatingLeaseLiability,Operating lease liabilities,2Q23,-186.0,CRM_SEC-XBRL-financials_as-presented_10-Q_2022-08-25_0001108524-22-000041.xlsx,Cash Flow,"Three Months Ended July 31, 2022",Operating lease liabilities,us-gaap:IncreaseDecreaseInOperatingLeaseLiability,reported,
cash_flow,us-gaap:IncreaseDecreaseInOperatingLeaseLiability,Operating lease liabilities,6M23,-388.0,CRM_SEC-XBRL-financials_as-presented_10-Q_2022-08-25_0001108524-22-000041.xlsx,Cash Flow,"Six Months Ended July 31, 2022",Operating lease liabilities,us-gaap:IncreaseDecreaseInOperatingLeaseLiability,reported,
cash_flow,us-gaap:IncreaseDecreaseInContractWithCustomerLiability,Unearned revenue,2Q23,-813.0,CRM_SEC-XBRL-financials_as-presented_10-Q_2022-08-25_0001108524-22-000041.xlsx,Cash Flow,"Three Months Ended July 31, 2022",Unearned revenue,us-gaap:IncreaseDecreaseInContractWithCustomerLiability,reported,
cash_flow,us-gaap:IncreaseDecreaseInContractWithCustomerLiability,Unearned revenue,6M23,-2807.0,CRM_SEC-XBRL-financials_as-presented_10-Q_2022-08-25_0001108524-22-000041.xlsx,Cash Flow,"Six Months Ended July 31, 2022",Unearned revenue,us-gaap:IncreaseDecreaseInContractWithCustomerLiability,reported,
cash_flow,us-gaap:NetCashProvidedByUsedInOperatingActivities,Net cash provided by operating activities,2Q23,334.0,CRM_SEC-XBRL-financials_as-presented_10-Q_2022-08-25_0001108524-22-000041.xlsx,Cash Flow,"Three Months Ended July 31, 2022",Net cash provided by operating activities,us-gaap:NetCashProvidedByUsedInOperatingActivities,reported,
cash_flow,us-gaap:NetCashProvidedByUsedInOperatingActivities,Net cash provided by operating activities,6M23,4010.0,CRM_SEC-XBRL-financials_as-presented_10-Q_2022-08-25_0001108524-22-000041.xlsx,Cash Flow,"Six Months Ended July 31, 2022",Net cash provided by operating activities,us-gaap:NetCashProvidedByUsedInOperatingActivities,reported,
cash_flow,us-gaap:PaymentsToAcquireBusinessesNetOfCashAcquired,"Business combinations, net of cash acquired",2Q23,-25.0,CRM_SEC-XBRL-financials_as-presented_10-Q_2022-08-25_0001108524-22-000041.xlsx,Cash Flow,"Three Months Ended July 31, 2022","Business combinations, net of cash acquired",us-gaap:PaymentsToAcquireBusinessesNetOfCashAcquired,reported,
cash_flow,us-gaap:PaymentsToAcquireBusinessesNetOfCashAcquired,"Business combinations, net of cash acquired",6M23,-439.0,CRM_SEC-XBRL-financials_as-presented_10-Q_2022-08-25_0001108524-22-000041.xlsx,Cash Flow,"Six Months Ended July 31, 2022","Business combinations, net of cash acquired",us-gaap:PaymentsToAcquireBusinessesNetOfCashAcquired,reported,
cash_flow,us-gaap:PaymentsToAcquireLongtermInvestments,Purchases of strategic investments,2Q23,-208.0,CRM_SEC-XBRL-financials_as-presented_10-Q_2022-08-25_0001108524-22-000041.xlsx,Cash Flow,"Three Months Ended July 31, 2022",Purchases of strategic investments,us-gaap:PaymentsToAcquireLongtermInvestments,reported,
cash_flow,us-gaap:PaymentsToAcquireLongtermInvestments,Purchases of strategic investments,6M23,-431.0,CRM_SEC-XBRL-financials_as-presented_10-Q_2022-08-25_0001108524-22-000041.xlsx,Cash Flow,"Six Months Ended July 31, 2022",Purchases of strategic investments,us-gaap:PaymentsToAcquireLongtermInvestments,reported,
cash_flow,us-gaap:ProceedsFromSaleOfLongtermInvestments,Sales of strategic investments,2Q23,38.0,CRM_SEC-XBRL-financials_as-presented_10-Q_2022-08-25_0001108524-22-000041.xlsx,Cash Flow,"Three Months Ended July 31, 2022",Sales of strategic investments,us-gaap:ProceedsFromSaleOfLongtermInvestments,reported,
cash_flow,us-gaap:ProceedsFromSaleOfLongtermInvestments,Sales of strategic investments,6M23,83.0,CRM_SEC-XBRL-financials_as-presented_10-Q_2022-08-25_0001108524-22-000041.xlsx,Cash Flow,"Six Months Ended July 31, 2022",Sales of strategic investments,us-gaap:ProceedsFromSaleOfLongtermInvestments,reported,
cash_flow,us-gaap:PaymentsToAcquireAvailableForSaleSecuritiesDebt,Purchases of marketable securities,2Q23,-1152.0,CRM_SEC-XBRL-financials_as-presented_10-Q_2022-08-25_0001108524-22-000041.xlsx,Cash Flow,"Three Months Ended July 31, 2022",Purchases of marketable securities,us-gaap:PaymentsToAcquireAvailableForSaleSecuritiesDebt,reported,
cash_flow,us-gaap:PaymentsToAcquireAvailableForSaleSecuritiesDebt,Purchases of marketable securities,6M23,-3724.0,CRM_SEC-XBRL-financials_as-presented_10-Q_2022-08-25_0001108524-22-000041.xlsx,Cash Flow,"Six Months Ended July 31, 2022",Purchases of marketable securities,us-gaap:PaymentsToAcquireAvailableForSaleSecuritiesDebt,reported,
cash_flow,us-gaap:ProceedsFromSaleOfAvailableForSaleSecuritiesDebt,Sales of marketable securities,2Q23,451.0,CRM_SEC-XBRL-financials_as-presented_10-Q_2022-08-25_0001108524-22-000041.xlsx,Cash Flow,"Three Months Ended July 31, 2022",Sales of marketable securities,us-gaap:ProceedsFromSaleOfAvailableForSaleSecuritiesDebt,reported,
cash_flow,us-gaap:ProceedsFromSaleOfAvailableForSaleSecuritiesDebt,Sales of marketable securities,6M23,892.0,CRM_SEC-XBRL-financials_as-presented_10-Q_2022-08-25_0001108524-22-000041.xlsx,Cash Flow,"Six Months Ended July 31, 2022",Sales of marketable securities,us-gaap:ProceedsFromSaleOfAvailableForSaleSecuritiesDebt,reported,
cash_flow,us-gaap:ProceedsFromMaturitiesPrepaymentsAndCallsOfAvailableForSaleSecurities,Maturities of marketable securities,2Q23,722.0,CRM_SEC-XBRL-financials_as-presented_10-Q_2022-08-25_0001108524-22-000041.xlsx,Cash Flow,"Three Months Ended July 31, 2022",Maturities of marketable securities,us-gaap:ProceedsFromMaturitiesPrepaymentsAndCallsOfAvailableForSaleSecurities,reported,
cash_flow,us-gaap:ProceedsFromMaturitiesPrepaymentsAndCallsOfAvailableForSaleSecurities,Maturities of marketable securities,6M23,1167.0,CRM_SEC-XBRL-financials_as-presented_10-Q_2022-08-25_0001108524-22-000041.xlsx,Cash Flow,"Six Months Ended July 31, 2022",Maturities of marketable securities,us-gaap:ProceedsFromMaturitiesPrepaymentsAndCallsOfAvailableForSaleSecurities,reported,
cash_flow,us-gaap:PaymentsToAcquirePropertyPlantAndEquipment,Capital expenditures,2Q23,-203.0,CRM_SEC-XBRL-financials_as-presented_10-Q_2022-08-25_0001108524-22-000041.xlsx,Cash Flow,"Three Months Ended July 31, 2022",Capital expenditures,us-gaap:PaymentsToAcquirePropertyPlantAndEquipment,reported,
cash_flow,us-gaap:PaymentsToAcquirePropertyPlantAndEquipment,Capital expenditures,6M23,-382.0,CRM_SEC-XBRL-financials_as-presented_10-Q_2022-08-25_0001108524-22-000041.xlsx,Cash Flow,"Six Months Ended July 31, 2022",Capital expenditures,us-gaap:PaymentsToAcquirePropertyPlantAndEquipment,reported,
cash_flow,us-gaap:NetCashProvidedByUsedInInvestingActivities,Net cash used in investing activities,2Q23,-377.0,CRM_SEC-XBRL-financials_as-presented_10-Q_2022-08-25_0001108524-22-000041.xlsx,Cash Flow,"Three Months Ended July 31, 2022",Net cash used in investing activities,us-gaap:NetCashProvidedByUsedInInvestingActivities,reported,
cash_flow,us-gaap:NetCashProvidedByUsedInInvestingActivities,Net cash used in investing activities,6M23,-2834.0,CRM_SEC-XBRL-financials_as-presented_10-Q_2022-08-25_0001108524-22-000041.xlsx,Cash Flow,"Six Months Ended July 31, 2022",Net cash used in investing activities,us-gaap:NetCashProvidedByUsedInInvestingActivities,reported,
cash_flow,us-gaap:ProceedsFromIssuanceOfMediumTermNotes,"Proceeds from issuance of debt, net of issuance costs",2Q23,0.0,CRM_SEC-XBRL-financials_as-presented_10-Q_2022-08-25_0001108524-22-000041.xlsx,Cash Flow,"Three Months Ended July 31, 2022","Proceeds from issuance of debt, net of issuance costs",us-gaap:ProceedsFromIssuanceOfMediumTermNotes,reported,
cash_flow,us-gaap:ProceedsFromIssuanceOfMediumTermNotes,"Proceeds from issuance of debt, net of issuance costs",6M23,0.0,CRM_SEC-XBRL-financials_as-presented_10-Q_2022-08-25_0001108524-22-000041.xlsx,Cash Flow,"Six Months Ended July 31, 2022","Proceeds from issuance of debt, net of issuance costs",us-gaap:ProceedsFromIssuanceOfMediumTermNotes,reported,
cash_flow,crm:RepaymentsOfProceedsFromConvertibleDebtNetOfCappedCalls,"Repayments of Slack Convertible Notes, net of capped call proceeds (Note 9)",2Q23,0.0,CRM_SEC-XBRL-financials_as-presented_10-Q_2022-08-25_0001108524-22-000041.xlsx,Cash Flow,"Three Months Ended July 31, 2022","Repayments of Slack Convertible Notes, net of capped call proceeds",crm:RepaymentsOfProceedsFromConvertibleDebtNetOfCappedCalls,reported,
cash_flow,crm:RepaymentsOfProceedsFromConvertibleDebtNetOfCappedCalls,"Repayments of Slack Convertible Notes, net of capped call proceeds (Note 9)",6M23,0.0,CRM_SEC-XBRL-financials_as-presented_10-Q_2022-08-25_0001108524-22-000041.xlsx,Cash Flow,"Six Months Ended July 31, 2022","Repayments of Slack Convertible Notes, net of capped call proceeds",crm:RepaymentsOfProceedsFromConvertibleDebtNetOfCappedCalls,reported,
cash_flow,us-gaap:ProceedsFromStockPlans,Proceeds from employee stock plans,2Q23,181.0,CRM_SEC-XBRL-financials_as-presented_10-Q_2022-08-25_0001108524-22-000041.xlsx,Cash Flow,"Three Months Ended July 31, 2022",Proceeds from employee stock plans,us-gaap:ProceedsFromStockPlans,reported,
cash_flow,us-gaap:ProceedsFromStockPlans,Proceeds from employee stock plans,6M23,455.0,CRM_SEC-XBRL-financials_as-presented_10-Q_2022-08-25_0001108524-22-000041.xlsx,Cash Flow,"Six Months Ended July 31, 2022",Proceeds from employee stock plans,us-gaap:ProceedsFromStockPlans,reported,
cash_flow,us-gaap:FinanceLeasePrincipalPayments,Principal payments on financing obligations,2Q23,-44.0,CRM_SEC-XBRL-financials_as-presented_10-Q_2022-08-25_0001108524-22-000041.xlsx,Cash Flow,"Three Months Ended July 31, 2022",Principal payments on financing obligations,us-gaap:FinanceLeasePrincipalPayments,reported,
cash_flow,us-gaap:FinanceLeasePrincipalPayments,Principal payments on financing obligations,6M23,-116.0,CRM_SEC-XBRL-financials_as-presented_10-Q_2022-08-25_0001108524-22-000041.xlsx,Cash Flow,"Six Months Ended July 31, 2022",Principal payments on financing obligations,us-gaap:FinanceLeasePrincipalPayments,reported,
cash_flow,us-gaap:RepaymentsOfLongTermLinesOfCredit,Repayments of debt,2Q23,-1.0,CRM_SEC-XBRL-financials_as-presented_10-Q_2022-08-25_0001108524-22-000041.xlsx,Cash Flow,"Three Months Ended July 31, 2022",Repayments of debt,us-gaap:RepaymentsOfLongTermLinesOfCredit,reported,
cash_flow,us-gaap:RepaymentsOfLongTermLinesOfCredit,Repayments of debt,6M23,-2.0,CRM_SEC-XBRL-financials_as-presented_10-Q_2022-08-25_0001108524-22-000041.xlsx,Cash Flow,"Six Months Ended July 31, 2022",Repayments of debt,us-gaap:RepaymentsOfLongTermLinesOfCredit,reported,
cash_flow,us-gaap:NetCashProvidedByUsedInFinancingActivities,Net cash used in financing activities,2Q23,136.0,CRM_SEC-XBRL-financials_as-presented_10-Q_2022-08-25_0001108524-22-000041.xlsx,Cash Flow,"Three Months Ended July 31, 2022",Net cash provided by financing activities,us-gaap:NetCashProvidedByUsedInFinancingActivities,reported,
cash_flow,us-gaap:NetCashProvidedByUsedInFinancingActivities,Net cash used in financing activities,6M23,337.0,CRM_SEC-XBRL-financials_as-presented_10-Q_2022-08-25_0001108524-22-000041.xlsx,Cash Flow,"Six Months Ended July 31, 2022",Net cash provided by financing activities,us-gaap:NetCashProvidedByUsedInFinancingActivities,reported,
cash_flow,us-gaap:EffectOfExchangeRateOnCashCashEquivalentsRestrictedCashAndRestrictedCashEquivalents,Effect of exchange rate changes,2Q23,-21.0,CRM_SEC-XBRL-financials_as-presented_10-Q_2022-08-25_0001108524-22-000041.xlsx,Cash Flow,"Three Months Ended July 31, 2022",Effect of exchange rate changes,us-gaap:EffectOfExchangeRateOnCashCashEquivalentsRestrictedCashAndRestrictedCashEquivalents,reported,
cash_flow,us-gaap:EffectOfExchangeRateOnCashCashEquivalentsRestrictedCashAndRestrictedCashEquivalents,Effect of exchange rate changes,6M23,-46.0,CRM_SEC-XBRL-financials_as-presented_10-Q_2022-08-25_0001108524-22-000041.xlsx,Cash Flow,"Six Months Ended July 31, 2022",Effect of exchange rate changes,us-gaap:EffectOfExchangeRateOnCashCashEquivalentsRestrictedCashAndRestrictedCashEquivalents,reported,
cash_flow,us-gaap:CashCashEquivalentsRestrictedCashAndRestrictedCashEquivalentsPeriodIncreaseDecreaseIncludingExchangeRateEffect,Net increase (decrease) in cash and cash equivalents,2Q23,72.0,CRM_SEC-XBRL-financials_as-presented_10-Q_2022-08-25_0001108524-22-000041.xlsx,Cash Flow,"Three Months Ended July 31, 2022",Net increase (decrease) in cash and cash equivalents,us-gaap:CashCashEquivalentsRestrictedCashAndRestrictedCashEquivalentsPeriodIncreaseDecreaseIncludingExchangeRateEffect,reported,
cash_flow,us-gaap:CashCashEquivalentsRestrictedCashAndRestrictedCashEquivalentsPeriodIncreaseDecreaseIncludingExchangeRateEffect,Net increase (decrease) in cash and cash equivalents,6M23,1467.0,CRM_SEC-XBRL-financials_as-presented_10-Q_2022-08-25_0001108524-22-000041.xlsx,Cash Flow,"Six Months Ended July 31, 2022",Net increase (decrease) in cash and cash equivalents,us-gaap:CashCashEquivalentsRestrictedCashAndRestrictedCashEquivalentsPeriodIncreaseDecreaseIncludingExchangeRateEffect,reported,
cash_flow,us-gaap:CashCashEquivalentsRestrictedCashAndRestrictedCashEquivalents,"Cash and cash equivalents, beginning of period",2Q23,6859.0,CRM_SEC-XBRL-financials_as-presented_10-Q_2022-08-25_0001108524-22-000041.xlsx,Cash Flow,"Three Months Ended July 31, 2022","Cash and cash equivalents, beginning of period",us-gaap:CashCashEquivalentsRestrictedCashAndRestrictedCashEquivalents,reported,
cash_flow,us-gaap:CashCashEquivalentsRestrictedCashAndRestrictedCashEquivalents,"Cash and cash equivalents, beginning of period",6M23,5464.0,CRM_SEC-XBRL-financials_as-presented_10-Q_2022-08-25_0001108524-22-000041.xlsx,Cash Flow,"Six Months Ended July 31, 2022","Cash and cash equivalents, beginning of period",us-gaap:CashCashEquivalentsRestrictedCashAndRestrictedCashEquivalents,reported,
income_statement,us-gaap:RevenueFromContractWithCustomerExcludingAssessedTax,Subscription and support,3Q23,7233.0,CRM_SEC-XBRL-financials_as-presented_10-Q_2022-12-01_0001108524-22-000060.xlsx,Income Statement,"Three Months Ended October 31, 2022",Subscription and support,us-gaap:RevenueFromContractWithCustomerExcludingAssessedTax,reported,
income_statement,us-gaap:RevenueFromContractWithCustomerExcludingAssessedTax,Subscription and support,9M23,21232.0,CRM_SEC-XBRL-financials_as-presented_10-Q_2022-12-01_0001108524-22-000060.xlsx,Income Statement,"Nine Months Ended October 31, 2022",Subscription and support,us-gaap:RevenueFromContractWithCustomerExcludingAssessedTax,reported,
income_statement,us-gaap:CostOfGoodsAndServicesSold,Subscription and support,3Q23,1451.0,CRM_SEC-XBRL-financials_as-presented_10-Q_2022-12-01_0001108524-22-000060.xlsx,Income Statement,"Three Months Ended October 31, 2022",Subscription and support,us-gaap:CostOfGoodsAndServicesSold,reported,
income_statement,us-gaap:CostOfGoodsAndServicesSold,Subscription and support,9M23,4381.0,CRM_SEC-XBRL-financials_as-presented_10-Q_2022-12-01_0001108524-22-000060.xlsx,Income Statement,"Nine Months Ended October 31, 2022",Subscription and support,us-gaap:CostOfGoodsAndServicesSold,reported,
income_statement,us-gaap:GrossProfit,Gross profit,3Q23,5749.0,CRM_SEC-XBRL-financials_as-presented_10-Q_2022-12-01_0001108524-22-000060.xlsx,Income Statement,"Three Months Ended October 31, 2022",Gross profit,us-gaap:GrossProfit,reported,
income_statement,us-gaap:GrossProfit,Gross profit,9M23,16708.0,CRM_SEC-XBRL-financials_as-presented_10-Q_2022-12-01_0001108524-22-000060.xlsx,Income Statement,"Nine Months Ended October 31, 2022",Gross profit,us-gaap:GrossProfit,reported,
income_statement,us-gaap:ResearchAndDevelopmentExpense,Research and development,3Q23,1280.0,CRM_SEC-XBRL-financials_as-presented_10-Q_2022-12-01_0001108524-22-000060.xlsx,Income Statement,"Three Months Ended October 31, 2022",Research and development,us-gaap:ResearchAndDevelopmentExpense,reported,
income_statement,us-gaap:ResearchAndDevelopmentExpense,Research and development,9M23,3927.0,CRM_SEC-XBRL-financials_as-presented_10-Q_2022-12-01_0001108524-22-000060.xlsx,Income Statement,"Nine Months Ended October 31, 2022",Research and development,us-gaap:ResearchAndDevelopmentExpense,reported,
income_statement,us-gaap:SellingAndMarketingExpense,Sales and marketing,3Q23,3345.0,CRM_SEC-XBRL-financials_as-presented_10-Q_2022-12-01_0001108524-22-000060.xlsx,Income Statement,"Three Months Ended October 31, 2022",Marketing and sales,us-gaap:SellingAndMarketingExpense,reported,
income_statement,us-gaap:SellingAndMarketingExpense,Sales and marketing,9M23,10141.0,CRM_SEC-XBRL-financials_as-presented_10-Q_2022-12-01_0001108524-22-000060.xlsx,Income Statement,"Nine Months Ended October 31, 2022",Marketing and sales,us-gaap:SellingAndMarketingExpense,reported,
income_statement,us-gaap:GeneralAndAdministrativeExpense,General and administrative,3Q23,664.0,CRM_SEC-XBRL-financials_as-presented_10-Q_2022-12-01_0001108524-22-000060.xlsx,Income Statement,"Three Months Ended October 31, 2022",General and administrative,us-gaap:GeneralAndAdministrativeExpense,reported,
income_statement,us-gaap:GeneralAndAdministrativeExpense,General and administrative,9M23,1967.0,CRM_SEC-XBRL-financials_as-presented_10-Q_2022-12-01_0001108524-22-000060.xlsx,Income Statement,"Nine Months Ended October 31, 2022",General and administrative,us-gaap:GeneralAndAdministrativeExpense,reported,
income_statement,us-gaap:OperatingExpenses,Total operating expenses,3Q23,5289.0,CRM_SEC-XBRL-financials_as-presented_10-Q_2022-12-01_0001108524-22-000060.xlsx,Income Statement,"Three Months Ended October 31, 2022",Total operating expenses,us-gaap:OperatingExpenses,reported,
income_statement,us-gaap:OperatingExpenses,Total operating expenses,9M23,16035.0,CRM_SEC-XBRL-financials_as-presented_10-Q_2022-12-01_0001108524-22-000060.xlsx,Income Statement,"Nine Months Ended October 31, 2022",Total operating expenses,us-gaap:OperatingExpenses,reported,
income_statement,us-gaap:OperatingIncomeLoss,Income from operations,3Q23,460.0,CRM_SEC-XBRL-financials_as-presented_10-Q_2022-12-01_0001108524-22-000060.xlsx,Income Statement,"Three Months Ended October 31, 2022",Income from operations,us-gaap:OperatingIncomeLoss,reported,
income_statement,us-gaap:OperatingIncomeLoss,Income from operations,9M23,673.0,CRM_SEC-XBRL-financials_as-presented_10-Q_2022-12-01_0001108524-22-000060.xlsx,Income Statement,"Nine Months Ended October 31, 2022",Income from operations,us-gaap:OperatingIncomeLoss,reported,
income_statement,us-gaap:GainLossOnInvestments,"Gains (losses) on strategic investments, net",3Q23,23.0,CRM_SEC-XBRL-financials_as-presented_10-Q_2022-12-01_0001108524-22-000060.xlsx,Income Statement,"Three Months Ended October 31, 2022","Gains on strategic investments, net",us-gaap:GainLossOnInvestments,reported,
income_statement,us-gaap:GainLossOnInvestments,"Gains (losses) on strategic investments, net",9M23,75.0,CRM_SEC-XBRL-financials_as-presented_10-Q_2022-12-01_0001108524-22-000060.xlsx,Income Statement,"Nine Months Ended October 31, 2022","Gains on strategic investments, net",us-gaap:GainLossOnInvestments,reported,
income_statement,us-gaap:OtherNonoperatingExpense,Other expense,3Q23,-8.0,CRM_SEC-XBRL-financials_as-presented_10-Q_2022-12-01_0001108524-22-000060.xlsx,Income Statement,"Three Months Ended October 31, 2022",Other expense,us-gaap:OtherNonoperatingExpense,reported,
income_statement,us-gaap:OtherNonoperatingExpense,Other expense,9M23,-121.0,CRM_SEC-XBRL-financials_as-presented_10-Q_2022-12-01_0001108524-22-000060.xlsx,Income Statement,"Nine Months Ended October 31, 2022",Other expense,us-gaap:OtherNonoperatingExpense,reported,
income_statement,us-gaap:IncomeLossFromContinuingOperationsBeforeIncomeTaxesExtraordinaryItemsNoncontrollingInterest,Income before provision for income taxes,3Q23,475.0,CRM_SEC-XBRL-financials_as-presented_10-Q_2022-12-01_0001108524-22-000060.xlsx,Income Statement,"Three Months Ended October 31, 2022",Income before benefit from (provision for) income taxes,us-gaap:IncomeLossFromContinuingOperationsBeforeIncomeTaxesExtraordinaryItemsNoncontrollingInterest,reported,
income_statement,us-gaap:IncomeLossFromContinuingOperationsBeforeIncomeTaxesExtraordinaryItemsNoncontrollingInterest,Income before provision for income taxes,9M23,627.0,CRM_SEC-XBRL-financials_as-presented_10-Q_2022-12-01_0001108524-22-000060.xlsx,Income Statement,"Nine Months Ended October 31, 2022",Income before benefit from (provision for) income taxes,us-gaap:IncomeLossFromContinuingOperationsBeforeIncomeTaxesExtraordinaryItemsNoncontrollingInterest,reported,
income_statement,us-gaap:IncomeTaxExpenseBenefit,Provision for income taxes,3Q23,-265.0,CRM_SEC-XBRL-financials_as-presented_10-Q_2022-12-01_0001108524-22-000060.xlsx,Income Statement,"Three Months Ended October 31, 2022",Benefit from (provision for) income taxes,us-gaap:IncomeTaxExpenseBenefit,reported,
income_statement,us-gaap:IncomeTaxExpenseBenefit,Provision for income taxes,9M23,-321.0,CRM_SEC-XBRL-financials_as-presented_10-Q_2022-12-01_0001108524-22-000060.xlsx,Income Statement,"Nine Months Ended October 31, 2022",Benefit from (provision for) income taxes,us-gaap:IncomeTaxExpenseBenefit,reported,
income_statement,us-gaap:NetIncomeLoss,Net income,3Q23,210.0,CRM_SEC-XBRL-financials_as-presented_10-Q_2022-12-01_0001108524-22-000060.xlsx,Income Statement,"Three Months Ended October 31, 2022",Net income,us-gaap:NetIncomeLoss,reported,
income_statement,us-gaap:NetIncomeLoss,Net income,9M23,306.0,CRM_SEC-XBRL-financials_as-presented_10-Q_2022-12-01_0001108524-22-000060.xlsx,Income Statement,"Nine Months Ended October 31, 2022",Net income,us-gaap:NetIncomeLoss,reported,
income_statement,us-gaap:EarningsPerShareBasic,Basic net income per share,3Q23,0.21,CRM_SEC-XBRL-financials_as-presented_10-Q_2022-12-01_0001108524-22-000060.xlsx,Income Statement,"Three Months Ended October 31, 2022",Basic net income per share,us-gaap:EarningsPerShareBasic,reported,
income_statement,us-gaap:EarningsPerShareBasic,Basic net income per share,9M23,0.31,CRM_SEC-XBRL-financials_as-presented_10-Q_2022-12-01_0001108524-22-000060.xlsx,Income Statement,"Nine Months Ended October 31, 2022",Basic net income per share,us-gaap:EarningsPerShareBasic,reported,
income_statement,us-gaap:EarningsPerShareDiluted,Diluted net income per share,3Q23,0.21,CRM_SEC-XBRL-financials_as-presented_10-Q_2022-12-01_0001108524-22-000060.xlsx,Income Statement,"Three Months Ended October 31, 2022",Diluted net income per share,us-gaap:EarningsPerShareDiluted,reported,
income_statement,us-gaap:EarningsPerShareDiluted,Diluted net income per share,9M23,0.31,CRM_SEC-XBRL-financials_as-presented_10-Q_2022-12-01_0001108524-22-000060.xlsx,Income Statement,"Nine Months Ended October 31, 2022",Diluted net income per share,us-gaap:EarningsPerShareDiluted,reported,
income_statement,us-gaap:WeightedAverageNumberOfSharesOutstandingBasic,Shares used in computing basic net income per share,3Q23,997.0,CRM_SEC-XBRL-financials_as-presented_10-Q_2022-12-01_0001108524-22-000060.xlsx,Income Statement,"Three Months Ended October 31, 2022",Shares used in computing basic net income per share,us-gaap:WeightedAverageNumberOfSharesOutstandingBasic,reported,
income_statement,us-gaap:WeightedAverageNumberOfSharesOutstandingBasic,Shares used in computing basic net income per share,9M23,995.0,CRM_SEC-XBRL-financials_as-presented_10-Q_2022-12-01_0001108524-22-000060.xlsx,Income Statement,"Nine Months Ended October 31, 2022",Shares used in computing basic net income per share,us-gaap:WeightedAverageNumberOfSharesOutstandingBasic,reported,
income_statement,us-gaap:WeightedAverageNumberOfDilutedSharesOutstanding,Shares used in computing diluted net income per share,3Q23,1.0,CRM_SEC-XBRL-financials_as-presented_10-Q_2022-12-01_0001108524-22-000060.xlsx,Income Statement,"Three Months Ended October 31, 2022",Shares used in computing diluted net income per share,us-gaap:WeightedAverageNumberOfDilutedSharesOutstanding,reported,
income_statement,us-gaap:WeightedAverageNumberOfDilutedSharesOutstanding,Shares used in computing diluted net income per share,9M23,1.001,CRM_SEC-XBRL-financials_as-presented_10-Q_2022-12-01_0001108524-22-000060.xlsx,Income Statement,"Nine Months Ended October 31, 2022",Shares used in computing diluted net income per share,us-gaap:WeightedAverageNumberOfDilutedSharesOutstanding,reported,
balance_sheet,us-gaap:CashAndCashEquivalentsAtCarryingValue,Cash and cash equivalents,3Q23,6076.0,CRM_SEC-XBRL-financials_as-presented_10-Q_2022-12-01_0001108524-22-000060.xlsx,Balance Sheet,"October 31, 2022 (unaudited)",Cash and cash equivalents,us-gaap:CashAndCashEquivalentsAtCarryingValue,reported,
balance_sheet,us-gaap:AvailableForSaleSecuritiesDebtSecuritiesCurrent,Marketable securities,3Q23,5842.0,CRM_SEC-XBRL-financials_as-presented_10-Q_2022-12-01_0001108524-22-000060.xlsx,Balance Sheet,"October 31, 2022 (unaudited)",Marketable securities,us-gaap:AvailableForSaleSecuritiesDebtSecuritiesCurrent,reported,
balance_sheet,us-gaap:AccountsReceivableNetCurrent,"Accounts receivable, net",3Q23,4275.0,CRM_SEC-XBRL-financials_as-presented_10-Q_2022-12-01_0001108524-22-000060.xlsx,Balance Sheet,"October 31, 2022 (unaudited)","Accounts receivable, net",us-gaap:AccountsReceivableNetCurrent,reported,
balance_sheet,us-gaap:CapitalizedContractCostNetCurrent,"Costs capitalized to obtain revenue contracts, net",3Q23,1549.0,CRM_SEC-XBRL-financials_as-presented_10-Q_2022-12-01_0001108524-22-000060.xlsx,Balance Sheet,"October 31, 2022 (unaudited)","Costs capitalized to obtain revenue contracts, net",us-gaap:CapitalizedContractCostNetCurrent,reported,
balance_sheet,us-gaap:PrepaidExpenseAndOtherAssetsCurrent,Prepaid expenses and other current assets,3Q23,1467.0,CRM_SEC-XBRL-financials_as-presented_10-Q_2022-12-01_0001108524-22-000060.xlsx,Balance Sheet,"October 31, 2022 (unaudited)",Prepaid expenses and other current assets,us-gaap:PrepaidExpenseAndOtherAssetsCurrent,reported,
balance_sheet,us-gaap:AssetsCurrent,Total current assets,3Q23,19209.0,CRM_SEC-XBRL-financials_as-presented_10-Q_2022-12-01_0001108524-22-000060.xlsx,Balance Sheet,"October 31, 2022 (unaudited)",Total current assets,us-gaap:AssetsCurrent,reported,
balance_sheet,us-gaap:PropertyPlantAndEquipmentAndFinanceLeaseRightOfUseAssetAfterAccumulatedDepreciationAndAmortization,"Property and equipment, net",3Q23,3514.0,CRM_SEC-XBRL-financials_as-presented_10-Q_2022-12-01_0001108524-22-000060.xlsx,Balance Sheet,"October 31, 2022 (unaudited)","Property and equipment, net",us-gaap:PropertyPlantAndEquipmentAndFinanceLeaseRightOfUseAssetAfterAccumulatedDepreciationAndAmortization,reported,
balance_sheet,us-gaap:OperatingLeaseRightOfUseAsset,"Operating lease right-of-use assets, net",3Q23,2904.0,CRM_SEC-XBRL-financials_as-presented_10-Q_2022-12-01_0001108524-22-000060.xlsx,Balance Sheet,"October 31, 2022 (unaudited)","Operating lease right-of-use assets, net",us-gaap:OperatingLeaseRightOfUseAsset,reported,
balance_sheet,us-gaap:CapitalizedContractCostNetNoncurrent,"Noncurrent costs capitalized to obtain revenue contracts, net",3Q23,2301.0,CRM_SEC-XBRL-financials_as-presented_10-Q_2022-12-01_0001108524-22-000060.xlsx,Balance Sheet,"October 31, 2022 (unaudited)","Noncurrent costs capitalized to obtain revenue contracts, net",us-gaap:CapitalizedContractCostNetNoncurrent,reported,
balance_sheet,us-gaap:OtherLongTermInvestments,Strategic investments,3Q23,5124.0,CRM_SEC-XBRL-financials_as-presented_10-Q_2022-12-01_0001108524-22-000060.xlsx,Balance Sheet,"October 31, 2022 (unaudited)",Strategic investments,us-gaap:OtherLongTermInvestments,reported,
balance_sheet,us-gaap:Goodwill,Goodwill,3Q23,48555.0,CRM_SEC-XBRL-financials_as-presented_10-Q_2022-12-01_0001108524-22-000060.xlsx,Balance Sheet,"October 31, 2022 (unaudited)",Goodwill,us-gaap:Goodwill,reported,
balance_sheet,us-gaap:IntangibleAssetsNetExcludingGoodwill,"Intangible assets acquired through business combinations, net",3Q23,7598.0,CRM_SEC-XBRL-financials_as-presented_10-Q_2022-12-01_0001108524-22-000060.xlsx,Balance Sheet,"October 31, 2022 (unaudited)","Intangible assets acquired through business combinations, net",us-gaap:IntangibleAssetsNetExcludingGoodwill,reported,
balance_sheet,us-gaap:OtherAssetsNoncurrent,"Deferred tax assets and other assets, net",3Q23,2679.0,CRM_SEC-XBRL-financials_as-presented_10-Q_2022-12-01_0001108524-22-000060.xlsx,Balance Sheet,"October 31, 2022 (unaudited)","Deferred tax assets and other assets, net",us-gaap:OtherAssetsNoncurrent,reported,
balance_sheet,us-gaap:Assets,Total assets,3Q23,91884.0,CRM_SEC-XBRL-financials_as-presented_10-Q_2022-12-01_0001108524-22-000060.xlsx,Balance Sheet,"October 31, 2022 (unaudited)",Total assets,us-gaap:Assets,reported,
balance_sheet,us-gaap:AccountsPayableAndOtherAccruedLiabilitiesCurrent,"Accounts payable, accrued expenses and other liabilities",3Q23,5285.0,CRM_SEC-XBRL-financials_as-presented_10-Q_2022-12-01_0001108524-22-000060.xlsx,Balance Sheet,"October 31, 2022 (unaudited)","Accounts payable, accrued expenses and other liabilities",us-gaap:AccountsPayableAndOtherAccruedLiabilitiesCurrent,reported,
balance_sheet,us-gaap:OperatingLeaseLiabilityCurrent,"Operating lease liabilities, current",3Q23,567.0,CRM_SEC-XBRL-financials_as-presented_10-Q_2022-12-01_0001108524-22-000060.xlsx,Balance Sheet,"October 31, 2022 (unaudited)","Operating lease liabilities, current",us-gaap:OperatingLeaseLiabilityCurrent,reported,
balance_sheet,us-gaap:ContractWithCustomerLiabilityCurrent,Unearned revenue,3Q23,11193.0,CRM_SEC-XBRL-financials_as-presented_10-Q_2022-12-01_0001108524-22-000060.xlsx,Balance Sheet,"October 31, 2022 (unaudited)",Unearned revenue,us-gaap:ContractWithCustomerLiabilityCurrent,reported,
balance_sheet,us-gaap:ConvertibleDebtCurrent,"Debt, current",3Q23,1182.0,CRM_SEC-XBRL-financials_as-presented_10-Q_2022-12-01_0001108524-22-000060.xlsx,Balance Sheet,"October 31, 2022 (unaudited)","Debt, current",us-gaap:ConvertibleDebtCurrent,reported,
balance_sheet,us-gaap:LiabilitiesCurrent,Total current liabilities,3Q23,18227.0,CRM_SEC-XBRL-financials_as-presented_10-Q_2022-12-01_0001108524-22-000060.xlsx,Balance Sheet,"October 31, 2022 (unaudited)",Total current liabilities,us-gaap:LiabilitiesCurrent,reported,
balance_sheet,us-gaap:LongTermDebtNoncurrent,Noncurrent debt,3Q23,9418.0,CRM_SEC-XBRL-financials_as-presented_10-Q_2022-12-01_0001108524-22-000060.xlsx,Balance Sheet,"October 31, 2022 (unaudited)",Noncurrent debt,us-gaap:LongTermDebtNoncurrent,reported,
balance_sheet,us-gaap:OperatingLeaseLiabilityNoncurrent,Noncurrent operating lease liabilities,3Q23,2831.0,CRM_SEC-XBRL-financials_as-presented_10-Q_2022-12-01_0001108524-22-000060.xlsx,Balance Sheet,"October 31, 2022 (unaudited)",Noncurrent operating lease liabilities,us-gaap:OperatingLeaseLiabilityNoncurrent,reported,
balance_sheet,us-gaap:OtherLiabilitiesNoncurrent,Other noncurrent liabilities,3Q23,2057.0,CRM_SEC-XBRL-financials_as-presented_10-Q_2022-12-01_0001108524-22-000060.xlsx,Balance Sheet,"October 31, 2022 (unaudited)",Other noncurrent liabilities,us-gaap:OtherLiabilitiesNoncurrent,reported,
balance_sheet,us-gaap:Liabilities,Total liabilities,3Q23,32533.0,CRM_SEC-XBRL-financials_as-presented_10-Q_2022-12-01_0001108524-22-000060.xlsx,Balance Sheet,"October 31, 2022 (unaudited)",Total liabilities,us-gaap:Liabilities,reported,
balance_sheet,us-gaap:CommonStockValue,Common stock,3Q23,1.0,CRM_SEC-XBRL-financials_as-presented_10-Q_2022-12-01_0001108524-22-000060.xlsx,Balance Sheet,"October 31, 2022 (unaudited)",Common stock,us-gaap:CommonStockValue,reported,
balance_sheet,us-gaap:TreasuryStockCommonValue,"Treasury stock, at cost",3Q23,-1743.0,CRM_SEC-XBRL-financials_as-presented_10-Q_2022-12-01_0001108524-22-000060.xlsx,Balance Sheet,"October 31, 2022 (unaudited)","Treasury stock, at cost",us-gaap:TreasuryStockCommonValue,reported,
balance_sheet,us-gaap:AdditionalPaidInCapitalCommonStock,Additional paid-in capital,3Q23,53891.0,CRM_SEC-XBRL-financials_as-presented_10-Q_2022-12-01_0001108524-22-000060.xlsx,Balance Sheet,"October 31, 2022 (unaudited)",Additional paid-in capital,us-gaap:AdditionalPaidInCapitalCommonStock,reported,
balance_sheet,us-gaap:AccumulatedOtherComprehensiveIncomeLossNetOfTax,Accumulated other comprehensive income (loss),3Q23,-481.0,CRM_SEC-XBRL-financials_as-presented_10-Q_2022-12-01_0001108524-22-000060.xlsx,Balance Sheet,"October 31, 2022 (unaudited)",Accumulated other comprehensive loss,us-gaap:AccumulatedOtherComprehensiveIncomeLossNetOfTax,reported,
balance_sheet,us-gaap:RetainedEarningsAccumulatedDeficit,Retained earnings,3Q23,7683.0,CRM_SEC-XBRL-financials_as-presented_10-Q_2022-12-01_0001108524-22-000060.xlsx,Balance Sheet,"October 31, 2022 (unaudited)",Retained earnings,us-gaap:RetainedEarningsAccumulatedDeficit,reported,
balance_sheet,us-gaap:StockholdersEquity,Total stockholders’ equity,3Q23,59351.0,CRM_SEC-XBRL-financials_as-presented_10-Q_2022-12-01_0001108524-22-000060.xlsx,Balance Sheet,"October 31, 2022 (unaudited)",Total stockholders’ equity,us-gaap:StockholdersEquity,reported,
balance_sheet,us-gaap:LiabilitiesAndStockholdersEquity,Total liabilities and stockholders’ equity,3Q23,91884.0,CRM_SEC-XBRL-financials_as-presented_10-Q_2022-12-01_0001108524-22-000060.xlsx,Balance Sheet,"October 31, 2022 (unaudited)",Total liabilities and stockholders’ equity,us-gaap:LiabilitiesAndStockholdersEquity,reported,
cash_flow,us-gaap:NetIncomeLoss,Net income,3Q23,210.0,CRM_SEC-XBRL-financials_as-presented_10-Q_2022-12-01_0001108524-22-000060.xlsx,Cash Flow,"Three Months Ended October 31, 2022",Net income,us-gaap:NetIncomeLoss,reported,
cash_flow,us-gaap:NetIncomeLoss,Net income,9M23,306.0,CRM_SEC-XBRL-financials_as-presented_10-Q_2022-12-01_0001108524-22-000060.xlsx,Cash Flow,"Nine Months Ended October 31, 2022",Net income,us-gaap:NetIncomeLoss,reported,
cash_flow,us-gaap:DepreciationAndAmortization,Depreciation and amortization (1),3Q23,941.0,CRM_SEC-XBRL-financials_as-presented_10-Q_2022-12-01_0001108524-22-000060.xlsx,Cash Flow,"Three Months Ended October 31, 2022",Depreciation and amortization,us-gaap:DepreciationAndAmortization,reported,
cash_flow,us-gaap:DepreciationAndAmortization,Depreciation and amortization (1),9M23,2754.0,CRM_SEC-XBRL-financials_as-presented_10-Q_2022-12-01_0001108524-22-000060.xlsx,Cash Flow,"Nine Months Ended October 31, 2022",Depreciation and amortization,us-gaap:DepreciationAndAmortization,reported,
cash_flow,us-gaap:CapitalizedContractCostAmortization,"Amortization of costs capitalized to obtain revenue contracts, net",3Q23,423.0,CRM_SEC-XBRL-financials_as-presented_10-Q_2022-12-01_0001108524-22-000060.xlsx,Cash Flow,"Three Months Ended October 31, 2022","Amortization of costs capitalized to obtain revenue contracts, net",us-gaap:CapitalizedContractCostAmortization,reported,
cash_flow,us-gaap:CapitalizedContractCostAmortization,"Amortization of costs capitalized to obtain revenue contracts, net",9M23,1225.0,CRM_SEC-XBRL-financials_as-presented_10-Q_2022-12-01_0001108524-22-000060.xlsx,Cash Flow,"Nine Months Ended October 31, 2022","Amortization of costs capitalized to obtain revenue contracts, net",us-gaap:CapitalizedContractCostAmortization,reported,
cash_flow,us-gaap:ShareBasedCompensation,Stock-based compensation expense,3Q23,843.0,CRM_SEC-XBRL-financials_as-presented_10-Q_2022-12-01_0001108524-22-000060.xlsx,Cash Flow,"Three Months Ended October 31, 2022",Stock-based compensation expense,us-gaap:ShareBasedCompensation,reported,
cash_flow,us-gaap:ShareBasedCompensation,Stock-based compensation expense,9M23,2470.0,CRM_SEC-XBRL-financials_as-presented_10-Q_2022-12-01_0001108524-22-000060.xlsx,Cash Flow,"Nine Months Ended October 31, 2022",Stock-based compensation expense,us-gaap:ShareBasedCompensation,reported,
cash_flow,us-gaap:GainLossOnInvestments,"(Gains) losses on strategic investments, net",3Q23,-23.0,CRM_SEC-XBRL-financials_as-presented_10-Q_2022-12-01_0001108524-22-000060.xlsx,Cash Flow,"Three Months Ended October 31, 2022","Gains on strategic investments, net",us-gaap:GainLossOnInvestments,reported,
cash_flow,us-gaap:GainLossOnInvestments,"(Gains) losses on strategic investments, net",9M23,-75.0,CRM_SEC-XBRL-financials_as-presented_10-Q_2022-12-01_0001108524-22-000060.xlsx,Cash Flow,"Nine Months Ended October 31, 2022","Gains on strategic investments, net",us-gaap:GainLossOnInvestments,reported,
cash_flow,us-gaap:IncreaseDecreaseInAccountsReceivable,"Accounts receivable, net",3Q23,471.0,CRM_SEC-XBRL-financials_as-presented_10-Q_2022-12-01_0001108524-22-000060.xlsx,Cash Flow,"Three Months Ended October 31, 2022","Accounts receivable, net",us-gaap:IncreaseDecreaseInAccountsReceivable,reported,
cash_flow,us-gaap:IncreaseDecreaseInAccountsReceivable,"Accounts receivable, net",9M23,5486.0,CRM_SEC-XBRL-financials_as-presented_10-Q_2022-12-01_0001108524-22-000060.xlsx,Cash Flow,"Nine Months Ended October 31, 2022","Accounts receivable, net",us-gaap:IncreaseDecreaseInAccountsReceivable,reported,
cash_flow,crm:IncreaseDecreaseInCapitalizedContractCosts,"Costs capitalized to obtain revenue contracts, net",3Q23,-375.0,CRM_SEC-XBRL-financials_as-presented_10-Q_2022-12-01_0001108524-22-000060.xlsx,Cash Flow,"Three Months Ended October 31, 2022","Costs capitalized to obtain revenue contracts, net",crm:IncreaseDecreaseInCapitalizedContractCosts,reported,
cash_flow,crm:IncreaseDecreaseInCapitalizedContractCosts,"Costs capitalized to obtain revenue contracts, net",9M23,-1279.0,CRM_SEC-XBRL-financials_as-presented_10-Q_2022-12-01_0001108524-22-000060.xlsx,Cash Flow,"Nine Months Ended October 31, 2022","Costs capitalized to obtain revenue contracts, net",crm:IncreaseDecreaseInCapitalizedContractCosts,reported,
cash_flow,us-gaap:IncreaseDecreaseInPrepaidDeferredExpenseAndOtherAssets,Prepaid expenses and other current assets and other assets,3Q23,-63.0,CRM_SEC-XBRL-financials_as-presented_10-Q_2022-12-01_0001108524-22-000060.xlsx,Cash Flow,"Three Months Ended October 31, 2022",Prepaid expenses and other current assets and other assets,us-gaap:IncreaseDecreaseInPrepaidDeferredExpenseAndOtherAssets,reported,
cash_flow,us-gaap:IncreaseDecreaseInPrepaidDeferredExpenseAndOtherAssets,Prepaid expenses and other current assets and other assets,9M23,-359.0,CRM_SEC-XBRL-financials_as-presented_10-Q_2022-12-01_0001108524-22-000060.xlsx,Cash Flow,"Nine Months Ended October 31, 2022",Prepaid expenses and other current assets and other assets,us-gaap:IncreaseDecreaseInPrepaidDeferredExpenseAndOtherAssets,reported,
cash_flow,us-gaap:IncreaseDecreaseInAccountsPayableAndAccruedLiabilities,Accounts payable and accrued expenses and other liabilities,3Q23,-309.0,CRM_SEC-XBRL-financials_as-presented_10-Q_2022-12-01_0001108524-22-000060.xlsx,Cash Flow,"Three Months Ended October 31, 2022",Accounts payable and accrued expenses and other liabilities,us-gaap:IncreaseDecreaseInAccountsPayableAndAccruedLiabilities,reported,
cash_flow,us-gaap:IncreaseDecreaseInAccountsPayableAndAccruedLiabilities,Accounts payable and accrued expenses and other liabilities,9M23,-1205.0,CRM_SEC-XBRL-financials_as-presented_10-Q_2022-12-01_0001108524-22-000060.xlsx,Cash Flow,"Nine Months Ended October 31, 2022",Accounts payable and accrued expenses and other liabilities,us-gaap:IncreaseDecreaseInAccountsPayableAndAccruedLiabilities,reported,
cash_flow,us-gaap:IncreaseDecreaseInOperatingLeaseLiability,Operating lease liabilities,3Q23,-173.0,CRM_SEC-XBRL-financials_as-presented_10-Q_2022-12-01_0001108524-22-000060.xlsx,Cash Flow,"Three Months Ended October 31, 2022",Operating lease liabilities,us-gaap:IncreaseDecreaseInOperatingLeaseLiability,reported,
cash_flow,us-gaap:IncreaseDecreaseInOperatingLeaseLiability,Operating lease liabilities,9M23,-561.0,CRM_SEC-XBRL-financials_as-presented_10-Q_2022-12-01_0001108524-22-000060.xlsx,Cash Flow,"Nine Months Ended October 31, 2022",Operating lease liabilities,us-gaap:IncreaseDecreaseInOperatingLeaseLiability,reported,
cash_flow,us-gaap:IncreaseDecreaseInContractWithCustomerLiability,Unearned revenue,3Q23,-1632.0,CRM_SEC-XBRL-financials_as-presented_10-Q_2022-12-01_0001108524-22-000060.xlsx,Cash Flow,"Three Months Ended October 31, 2022",Unearned revenue,us-gaap:IncreaseDecreaseInContractWithCustomerLiability,reported,
cash_flow,us-gaap:IncreaseDecreaseInContractWithCustomerLiability,Unearned revenue,9M23,-4439.0,CRM_SEC-XBRL-financials_as-presented_10-Q_2022-12-01_0001108524-22-000060.xlsx,Cash Flow,"Nine Months Ended October 31, 2022",Unearned revenue,us-gaap:IncreaseDecreaseInContractWithCustomerLiability,reported,
cash_flow,us-gaap:NetCashProvidedByUsedInOperatingActivities,Net cash provided by operating activities,3Q23,313.0,CRM_SEC-XBRL-financials_as-presented_10-Q_2022-12-01_0001108524-22-000060.xlsx,Cash Flow,"Three Months Ended October 31, 2022",Net cash provided by operating activities,us-gaap:NetCashProvidedByUsedInOperatingActivities,reported,
cash_flow,us-gaap:NetCashProvidedByUsedInOperatingActivities,Net cash provided by operating activities,9M23,4323.0,CRM_SEC-XBRL-financials_as-presented_10-Q_2022-12-01_0001108524-22-000060.xlsx,Cash Flow,"Nine Months Ended October 31, 2022",Net cash provided by operating activities,us-gaap:NetCashProvidedByUsedInOperatingActivities,reported,
cash_flow,us-gaap:PaymentsToAcquireBusinessesNetOfCashAcquired,"Business combinations, net of cash acquired",3Q23,0.0,CRM_SEC-XBRL-financials_as-presented_10-Q_2022-12-01_0001108524-22-000060.xlsx,Cash Flow,"Three Months Ended October 31, 2022","Business combinations, net of cash acquired",us-gaap:PaymentsToAcquireBusinessesNetOfCashAcquired,reported,
cash_flow,us-gaap:PaymentsToAcquireBusinessesNetOfCashAcquired,"Business combinations, net of cash acquired",9M23,-439.0,CRM_SEC-XBRL-financials_as-presented_10-Q_2022-12-01_0001108524-22-000060.xlsx,Cash Flow,"Nine Months Ended October 31, 2022","Business combinations, net of cash acquired",us-gaap:PaymentsToAcquireBusinessesNetOfCashAcquired,reported,
cash_flow,us-gaap:PaymentsToAcquireLongtermInvestments,Purchases of strategic investments,3Q23,-44.0,CRM_SEC-XBRL-financials_as-presented_10-Q_2022-12-01_0001108524-22-000060.xlsx,Cash Flow,"Three Months Ended October 31, 2022",Purchases of strategic investments,us-gaap:PaymentsToAcquireLongtermInvestments,reported,
cash_flow,us-gaap:PaymentsToAcquireLongtermInvestments,Purchases of strategic investments,9M23,-475.0,CRM_SEC-XBRL-financials_as-presented_10-Q_2022-12-01_0001108524-22-000060.xlsx,Cash Flow,"Nine Months Ended October 31, 2022",Purchases of strategic investments,us-gaap:PaymentsToAcquireLongtermInvestments,reported,
cash_flow,us-gaap:ProceedsFromSaleOfLongtermInvestments,Sales of strategic investments,3Q23,98.0,CRM_SEC-XBRL-financials_as-presented_10-Q_2022-12-01_0001108524-22-000060.xlsx,Cash Flow,"Three Months Ended October 31, 2022",Sales of strategic investments,us-gaap:ProceedsFromSaleOfLongtermInvestments,reported,
cash_flow,us-gaap:ProceedsFromSaleOfLongtermInvestments,Sales of strategic investments,9M23,181.0,CRM_SEC-XBRL-financials_as-presented_10-Q_2022-12-01_0001108524-22-000060.xlsx,Cash Flow,"Nine Months Ended October 31, 2022",Sales of strategic investments,us-gaap:ProceedsFromSaleOfLongtermInvestments,reported,
cash_flow,us-gaap:PaymentsToAcquireAvailableForSaleSecuritiesDebt,Purchases of marketable securities,3Q23,-408.0,CRM_SEC-XBRL-financials_as-presented_10-Q_2022-12-01_0001108524-22-000060.xlsx,Cash Flow,"Three Months Ended October 31, 2022",Purchases of marketable securities,us-gaap:PaymentsToAcquireAvailableForSaleSecuritiesDebt,reported,
cash_flow,us-gaap:PaymentsToAcquireAvailableForSaleSecuritiesDebt,Purchases of marketable securities,9M23,-4132.0,CRM_SEC-XBRL-financials_as-presented_10-Q_2022-12-01_0001108524-22-000060.xlsx,Cash Flow,"Nine Months Ended October 31, 2022",Purchases of marketable securities,us-gaap:PaymentsToAcquireAvailableForSaleSecuritiesDebt,reported,
cash_flow,us-gaap:ProceedsFromSaleOfAvailableForSaleSecuritiesDebt,Sales of marketable securities,3Q23,500.0,CRM_SEC-XBRL-financials_as-presented_10-Q_2022-12-01_0001108524-22-000060.xlsx,Cash Flow,"Three Months Ended October 31, 2022",Sales of marketable securities,us-gaap:ProceedsFromSaleOfAvailableForSaleSecuritiesDebt,reported,
cash_flow,us-gaap:ProceedsFromSaleOfAvailableForSaleSecuritiesDebt,Sales of marketable securities,9M23,1392.0,CRM_SEC-XBRL-financials_as-presented_10-Q_2022-12-01_0001108524-22-000060.xlsx,Cash Flow,"Nine Months Ended October 31, 2022",Sales of marketable securities,us-gaap:ProceedsFromSaleOfAvailableForSaleSecuritiesDebt,reported,
cash_flow,us-gaap:ProceedsFromMaturitiesPrepaymentsAndCallsOfAvailableForSaleSecurities,Maturities of marketable securities,3Q23,585.0,CRM_SEC-XBRL-financials_as-presented_10-Q_2022-12-01_0001108524-22-000060.xlsx,Cash Flow,"Three Months Ended October 31, 2022",Maturities of marketable securities,us-gaap:ProceedsFromMaturitiesPrepaymentsAndCallsOfAvailableForSaleSecurities,reported,
cash_flow,us-gaap:ProceedsFromMaturitiesPrepaymentsAndCallsOfAvailableForSaleSecurities,Maturities of marketable securities,9M23,1752.0,CRM_SEC-XBRL-financials_as-presented_10-Q_2022-12-01_0001108524-22-000060.xlsx,Cash Flow,"Nine Months Ended October 31, 2022",Maturities of marketable securities,us-gaap:ProceedsFromMaturitiesPrepaymentsAndCallsOfAvailableForSaleSecurities,reported,
cash_flow,us-gaap:PaymentsToAcquirePropertyPlantAndEquipment,Capital expenditures,3Q23,-198.0,CRM_SEC-XBRL-financials_as-presented_10-Q_2022-12-01_0001108524-22-000060.xlsx,Cash Flow,"Three Months Ended October 31, 2022",Capital expenditures,us-gaap:PaymentsToAcquirePropertyPlantAndEquipment,reported,
cash_flow,us-gaap:PaymentsToAcquirePropertyPlantAndEquipment,Capital expenditures,9M23,-580.0,CRM_SEC-XBRL-financials_as-presented_10-Q_2022-12-01_0001108524-22-000060.xlsx,Cash Flow,"Nine Months Ended October 31, 2022",Capital expenditures,us-gaap:PaymentsToAcquirePropertyPlantAndEquipment,reported,
cash_flow,us-gaap:NetCashProvidedByUsedInInvestingActivities,Net cash used in investing activities,3Q23,533.0,CRM_SEC-XBRL-financials_as-presented_10-Q_2022-12-01_0001108524-22-000060.xlsx,Cash Flow,"Three Months Ended October 31, 2022",Net cash provided by (used in) investing activities,us-gaap:NetCashProvidedByUsedInInvestingActivities,reported,
cash_flow,us-gaap:NetCashProvidedByUsedInInvestingActivities,Net cash used in investing activities,9M23,-2301.0,CRM_SEC-XBRL-financials_as-presented_10-Q_2022-12-01_0001108524-22-000060.xlsx,Cash Flow,"Nine Months Ended October 31, 2022",Net cash provided by (used in) investing activities,us-gaap:NetCashProvidedByUsedInInvestingActivities,reported,
cash_flow,us-gaap:ProceedsFromIssuanceOfMediumTermNotes,"Proceeds from issuance of debt, net of issuance costs",3Q23,0.0,CRM_SEC-XBRL-financials_as-presented_10-Q_2022-12-01_0001108524-22-000060.xlsx,Cash Flow,"Three Months Ended October 31, 2022","Proceeds from issuance of debt, net of issuance costs",us-gaap:ProceedsFromIssuanceOfMediumTermNotes,reported,
cash_flow,us-gaap:ProceedsFromIssuanceOfMediumTermNotes,"Proceeds from issuance of debt, net of issuance costs",9M23,0.0,CRM_SEC-XBRL-financials_as-presented_10-Q_2022-12-01_0001108524-22-000060.xlsx,Cash Flow,"Nine Months Ended October 31, 2022","Proceeds from issuance of debt, net of issuance costs",us-gaap:ProceedsFromIssuanceOfMediumTermNotes,reported,
cash_flow,crm:RepaymentsOfProceedsFromConvertibleDebtNetOfCappedCalls,"Repayments of Slack Convertible Notes, net of capped call proceeds (Note 9)",3Q23,0.0,CRM_SEC-XBRL-financials_as-presented_10-Q_2022-12-01_0001108524-22-000060.xlsx,Cash Flow,"Three Months Ended October 31, 2022","Repayments of Slack Convertible Notes, net of capped call proceeds",crm:RepaymentsOfProceedsFromConvertibleDebtNetOfCappedCalls,reported,
cash_flow,crm:RepaymentsOfProceedsFromConvertibleDebtNetOfCappedCalls,"Repayments of Slack Convertible Notes, net of capped call proceeds (Note 9)",9M23,0.0,CRM_SEC-XBRL-financials_as-presented_10-Q_2022-12-01_0001108524-22-000060.xlsx,Cash Flow,"Nine Months Ended October 31, 2022","Repayments of Slack Convertible Notes, net of capped call proceeds",crm:RepaymentsOfProceedsFromConvertibleDebtNetOfCappedCalls,reported,
cash_flow,us-gaap:PaymentsForRepurchaseOfCommonStock,Repurchases of common stock,3Q23,-1677.0,CRM_SEC-XBRL-financials_as-presented_10-Q_2022-12-01_0001108524-22-000060.xlsx,Cash Flow,"Three Months Ended October 31, 2022",Repurchases of common stock,us-gaap:PaymentsForRepurchaseOfCommonStock,reported,
cash_flow,us-gaap:PaymentsForRepurchaseOfCommonStock,Repurchases of common stock,9M23,-1677.0,CRM_SEC-XBRL-financials_as-presented_10-Q_2022-12-01_0001108524-22-000060.xlsx,Cash Flow,"Nine Months Ended October 31, 2022",Repurchases of common stock,us-gaap:PaymentsForRepurchaseOfCommonStock,reported,
cash_flow,us-gaap:ProceedsFromStockPlans,Proceeds from employee stock plans,3Q23,233.0,CRM_SEC-XBRL-financials_as-presented_10-Q_2022-12-01_0001108524-22-000060.xlsx,Cash Flow,"Three Months Ended October 31, 2022",Proceeds from employee stock plans,us-gaap:ProceedsFromStockPlans,reported,
cash_flow,us-gaap:ProceedsFromStockPlans,Proceeds from employee stock plans,9M23,688.0,CRM_SEC-XBRL-financials_as-presented_10-Q_2022-12-01_0001108524-22-000060.xlsx,Cash Flow,"Nine Months Ended October 31, 2022",Proceeds from employee stock plans,us-gaap:ProceedsFromStockPlans,reported,
cash_flow,us-gaap:FinanceLeasePrincipalPayments,Principal payments on financing obligations,3Q23,-233.0,CRM_SEC-XBRL-financials_as-presented_10-Q_2022-12-01_0001108524-22-000060.xlsx,Cash Flow,"Three Months Ended October 31, 2022",Principal payments on financing obligations,us-gaap:FinanceLeasePrincipalPayments,reported,
cash_flow,us-gaap:FinanceLeasePrincipalPayments,Principal payments on financing obligations,9M23,-349.0,CRM_SEC-XBRL-financials_as-presented_10-Q_2022-12-01_0001108524-22-000060.xlsx,Cash Flow,"Nine Months Ended October 31, 2022",Principal payments on financing obligations,us-gaap:FinanceLeasePrincipalPayments,reported,
cash_flow,us-gaap:RepaymentsOfLongTermLinesOfCredit,Repayments of debt,3Q23,-1.0,CRM_SEC-XBRL-financials_as-presented_10-Q_2022-12-01_0001108524-22-000060.xlsx,Cash Flow,"Three Months Ended October 31, 2022",Repayments of debt,us-gaap:RepaymentsOfLongTermLinesOfCredit,reported,
cash_flow,us-gaap:RepaymentsOfLongTermLinesOfCredit,Repayments of debt,9M23,-3.0,CRM_SEC-XBRL-financials_as-presented_10-Q_2022-12-01_0001108524-22-000060.xlsx,Cash Flow,"Nine Months Ended October 31, 2022",Repayments of debt,us-gaap:RepaymentsOfLongTermLinesOfCredit,reported,
cash_flow,us-gaap:NetCashProvidedByUsedInFinancingActivities,Net cash used in financing activities,3Q23,-1678.0,CRM_SEC-XBRL-financials_as-presented_10-Q_2022-12-01_0001108524-22-000060.xlsx,Cash Flow,"Three Months Ended October 31, 2022",Net cash provided by (used in) financing activities,us-gaap:NetCashProvidedByUsedInFinancingActivities,reported,
cash_flow,us-gaap:NetCashProvidedByUsedInFinancingActivities,Net cash used in financing activities,9M23,-1341.0,CRM_SEC-XBRL-financials_as-presented_10-Q_2022-12-01_0001108524-22-000060.xlsx,Cash Flow,"Nine Months Ended October 31, 2022",Net cash provided by (used in) financing activities,us-gaap:NetCashProvidedByUsedInFinancingActivities,reported,
cash_flow,us-gaap:EffectOfExchangeRateOnCashCashEquivalentsRestrictedCashAndRestrictedCashEquivalents,Effect of exchange rate changes,3Q23,-23.0,CRM_SEC-XBRL-financials_as-presented_10-Q_2022-12-01_0001108524-22-000060.xlsx,Cash Flow,"Three Months Ended October 31, 2022",Effect of exchange rate changes,us-gaap:EffectOfExchangeRateOnCashCashEquivalentsRestrictedCashAndRestrictedCashEquivalents,reported,
cash_flow,us-gaap:EffectOfExchangeRateOnCashCashEquivalentsRestrictedCashAndRestrictedCashEquivalents,Effect of exchange rate changes,9M23,-69.0,CRM_SEC-XBRL-financials_as-presented_10-Q_2022-12-01_0001108524-22-000060.xlsx,Cash Flow,"Nine Months Ended October 31, 2022",Effect of exchange rate changes,us-gaap:EffectOfExchangeRateOnCashCashEquivalentsRestrictedCashAndRestrictedCashEquivalents,reported,
cash_flow,us-gaap:CashCashEquivalentsRestrictedCashAndRestrictedCashEquivalentsPeriodIncreaseDecreaseIncludingExchangeRateEffect,Net increase (decrease) in cash and cash equivalents,3Q23,-855.0,CRM_SEC-XBRL-financials_as-presented_10-Q_2022-12-01_0001108524-22-000060.xlsx,Cash Flow,"Three Months Ended October 31, 2022",Net increase (decrease) in cash and cash equivalents,us-gaap:CashCashEquivalentsRestrictedCashAndRestrictedCashEquivalentsPeriodIncreaseDecreaseIncludingExchangeRateEffect,reported,
cash_flow,us-gaap:CashCashEquivalentsRestrictedCashAndRestrictedCashEquivalentsPeriodIncreaseDecreaseIncludingExchangeRateEffect,Net increase (decrease) in cash and cash equivalents,9M23,612.0,CRM_SEC-XBRL-financials_as-presented_10-Q_2022-12-01_0001108524-22-000060.xlsx,Cash Flow,"Nine Months Ended October 31, 2022",Net increase (decrease) in cash and cash equivalents,us-gaap:CashCashEquivalentsRestrictedCashAndRestrictedCashEquivalentsPeriodIncreaseDecreaseIncludingExchangeRateEffect,reported,
cash_flow,us-gaap:CashCashEquivalentsRestrictedCashAndRestrictedCashEquivalents,"Cash and cash equivalents, beginning of period",3Q23,6931.0,CRM_SEC-XBRL-financials_as-presented_10-Q_2022-12-01_0001108524-22-000060.xlsx,Cash Flow,"Three Months Ended October 31, 2022","Cash and cash equivalents, beginning of period",us-gaap:CashCashEquivalentsRestrictedCashAndRestrictedCashEquivalents,reported,
cash_flow,us-gaap:CashCashEquivalentsRestrictedCashAndRestrictedCashEquivalents,"Cash and cash equivalents, beginning of period",9M23,5464.0,CRM_SEC-XBRL-financials_as-presented_10-Q_2022-12-01_0001108524-22-000060.xlsx,Cash Flow,"Nine Months Ended October 31, 2022","Cash and cash equivalents, beginning of period",us-gaap:CashCashEquivalentsRestrictedCashAndRestrictedCashEquivalents,reported,
income_statement,us-gaap:RevenueFromContractWithCustomerExcludingAssessedTax,Subscription and support,1Q24,7642.0,CRM_SEC-XBRL-financials_as-presented_10-Q_2023-06-01_0001108524-23-000023.xlsx,Income Statement,"Three Months Ended April 30, 2023",Subscription and support,us-gaap:RevenueFromContractWithCustomerExcludingAssessedTax,reported,
income_statement,us-gaap:CostOfGoodsAndServicesSold,Subscription and support,1Q24,1510.0,CRM_SEC-XBRL-financials_as-presented_10-Q_2023-06-01_0001108524-23-000023.xlsx,Income Statement,"Three Months Ended April 30, 2023",Subscription and support,us-gaap:CostOfGoodsAndServicesSold,reported,
income_statement,us-gaap:GrossProfit,Gross profit,1Q24,6122.0,CRM_SEC-XBRL-financials_as-presented_10-Q_2023-06-01_0001108524-23-000023.xlsx,Income Statement,"Three Months Ended April 30, 2023",Gross profit,us-gaap:GrossProfit,reported,
income_statement,us-gaap:ResearchAndDevelopmentExpense,Research and development,1Q24,1207.0,CRM_SEC-XBRL-financials_as-presented_10-Q_2023-06-01_0001108524-23-000023.xlsx,Income Statement,"Three Months Ended April 30, 2023",Research and development,us-gaap:ResearchAndDevelopmentExpense,reported,
income_statement,us-gaap:SellingAndMarketingExpense,Sales and marketing,1Q24,3154.0,CRM_SEC-XBRL-financials_as-presented_10-Q_2023-06-01_0001108524-23-000023.xlsx,Income Statement,"Three Months Ended April 30, 2023",Marketing and sales,us-gaap:SellingAndMarketingExpense,reported,
income_statement,us-gaap:GeneralAndAdministrativeExpense,General and administrative,1Q24,638.0,CRM_SEC-XBRL-financials_as-presented_10-Q_2023-06-01_0001108524-23-000023.xlsx,Income Statement,"Three Months Ended April 30, 2023",General and administrative,us-gaap:GeneralAndAdministrativeExpense,reported,
income_statement,us-gaap:RestructuringCharges,Restructuring,1Q24,711.0,CRM_SEC-XBRL-financials_as-presented_10-Q_2023-06-01_0001108524-23-000023.xlsx,Income Statement,"Three Months Ended April 30, 2023",Restructuring,us-gaap:RestructuringCharges,reported,
income_statement,us-gaap:OperatingExpenses,Total operating expenses,1Q24,5710.0,CRM_SEC-XBRL-financials_as-presented_10-Q_2023-06-01_0001108524-23-000023.xlsx,Income Statement,"Three Months Ended April 30, 2023",Total operating expenses,us-gaap:OperatingExpenses,reported,
income_statement,us-gaap:OperatingIncomeLoss,Income from operations,1Q24,412.0,CRM_SEC-XBRL-financials_as-presented_10-Q_2023-06-01_0001108524-23-000023.xlsx,Income Statement,"Three Months Ended April 30, 2023",Income from operations,us-gaap:OperatingIncomeLoss,reported,
income_statement,us-gaap:GainLossOnInvestments,"Gains (losses) on strategic investments, net",1Q24,-141.0,CRM_SEC-XBRL-financials_as-presented_10-Q_2023-06-01_0001108524-23-000023.xlsx,Income Statement,"Three Months Ended April 30, 2023","Gains (losses) on strategic investments, net",us-gaap:GainLossOnInvestments,reported,
income_statement,us-gaap:OtherNonoperatingIncomeExpense,Other income,1Q24,55.0,CRM_SEC-XBRL-financials_as-presented_10-Q_2023-06-01_0001108524-23-000023.xlsx,Income Statement,"Three Months Ended April 30, 2023",Other income (expense),us-gaap:OtherNonoperatingIncomeExpense,reported,
income_statement,us-gaap:IncomeLossFromContinuingOperationsBeforeIncomeTaxesExtraordinaryItemsNoncontrollingInterest,Income before provision for income taxes,1Q24,326.0,CRM_SEC-XBRL-financials_as-presented_10-Q_2023-06-01_0001108524-23-000023.xlsx,Income Statement,"Three Months Ended April 30, 2023",Income (loss) before benefit from (provision for) income taxes,us-gaap:IncomeLossFromContinuingOperationsBeforeIncomeTaxesExtraordinaryItemsNoncontrollingInterest,reported,
income_statement,us-gaap:IncomeTaxExpenseBenefit,Provision for income taxes,1Q24,-127.0,CRM_SEC-XBRL-financials_as-presented_10-Q_2023-06-01_0001108524-23-000023.xlsx,Income Statement,"Three Months Ended April 30, 2023",Benefit from (provision for) income taxes,us-gaap:IncomeTaxExpenseBenefit,reported,
income_statement,us-gaap:NetIncomeLoss,Net income,1Q24,199.0,CRM_SEC-XBRL-financials_as-presented_10-Q_2023-06-01_0001108524-23-000023.xlsx,Income Statement,"Three Months Ended April 30, 2023",Net income,us-gaap:NetIncomeLoss,reported,
income_statement,us-gaap:EarningsPerShareBasic,Basic net income per share,1Q24,0.2,CRM_SEC-XBRL-financials_as-presented_10-Q_2023-06-01_0001108524-23-000023.xlsx,Income Statement,"Three Months Ended April 30, 2023",Basic net income per share,us-gaap:EarningsPerShareBasic,reported,
income_statement,us-gaap:EarningsPerShareDiluted,Diluted net income per share,1Q24,0.2,CRM_SEC-XBRL-financials_as-presented_10-Q_2023-06-01_0001108524-23-000023.xlsx,Income Statement,"Three Months Ended April 30, 2023",Diluted net income per share,us-gaap:EarningsPerShareDiluted,reported,
income_statement,us-gaap:WeightedAverageNumberOfSharesOutstandingBasic,Shares used in computing basic net income per share,1Q24,980.0,CRM_SEC-XBRL-financials_as-presented_10-Q_2023-06-01_0001108524-23-000023.xlsx,Income Statement,"Three Months Ended April 30, 2023",Shares used in computing basic net income per share,us-gaap:WeightedAverageNumberOfSharesOutstandingBasic,reported,
income_statement,us-gaap:WeightedAverageNumberOfDilutedSharesOutstanding,Shares used in computing diluted net income per share,1Q24,988.0,CRM_SEC-XBRL-financials_as-presented_10-Q_2023-06-01_0001108524-23-000023.xlsx,Income Statement,"Three Months Ended April 30, 2023",Shares used in computing diluted net income per share,us-gaap:WeightedAverageNumberOfDilutedSharesOutstanding,reported,
balance_sheet,us-gaap:CashAndCashEquivalentsAtCarryingValue,Cash and cash equivalents,1Q24,9155.0,CRM_SEC-XBRL-financials_as-presented_10-Q_2023-06-01_0001108524-23-000023.xlsx,Balance Sheet,"April 30, 2023 (unaudited)",Cash and cash equivalents,us-gaap:CashAndCashEquivalentsAtCarryingValue,reported,
balance_sheet,us-gaap:AvailableForSaleSecuritiesDebtSecuritiesCurrent,Marketable securities,1Q24,4822.0,CRM_SEC-XBRL-financials_as-presented_10-Q_2023-06-01_0001108524-23-000023.xlsx,Balance Sheet,"April 30, 2023 (unaudited)",Marketable securities,us-gaap:AvailableForSaleSecuritiesDebtSecuritiesCurrent,reported,
balance_sheet,us-gaap:AccountsReceivableNetCurrent,"Accounts receivable, net",1Q24,4632.0,CRM_SEC-XBRL-financials_as-presented_10-Q_2023-06-01_0001108524-23-000023.xlsx,Balance Sheet,"April 30, 2023 (unaudited)","Accounts receivable, net",us-gaap:AccountsReceivableNetCurrent,reported,
balance_sheet,us-gaap:CapitalizedContractCostNetCurrent,"Costs capitalized to obtain revenue contracts, net",1Q24,1772.0,CRM_SEC-XBRL-financials_as-presented_10-Q_2023-06-01_0001108524-23-000023.xlsx,Balance Sheet,"April 30, 2023 (unaudited)","Costs capitalized to obtain revenue contracts, net",us-gaap:CapitalizedContractCostNetCurrent,reported,
balance_sheet,us-gaap:PrepaidExpenseAndOtherAssetsCurrent,Prepaid expenses and other current assets,1Q24,1600.0,CRM_SEC-XBRL-financials_as-presented_10-Q_2023-06-01_0001108524-23-000023.xlsx,Balance Sheet,"April 30, 2023 (unaudited)",Prepaid expenses and other current assets,us-gaap:PrepaidExpenseAndOtherAssetsCurrent,reported,
balance_sheet,us-gaap:AssetsCurrent,Total current assets,1Q24,21981.0,CRM_SEC-XBRL-financials_as-presented_10-Q_2023-06-01_0001108524-23-000023.xlsx,Balance Sheet,"April 30, 2023 (unaudited)",Total current assets,us-gaap:AssetsCurrent,reported,
balance_sheet,us-gaap:PropertyPlantAndEquipmentAndFinanceLeaseRightOfUseAssetAfterAccumulatedDepreciationAndAmortization,"Property and equipment, net",1Q24,3695.0,CRM_SEC-XBRL-financials_as-presented_10-Q_2023-06-01_0001108524-23-000023.xlsx,Balance Sheet,"April 30, 2023 (unaudited)","Property and equipment, net",us-gaap:PropertyPlantAndEquipmentAndFinanceLeaseRightOfUseAssetAfterAccumulatedDepreciationAndAmortization,reported,
balance_sheet,us-gaap:OperatingLeaseRightOfUseAsset,"Operating lease right-of-use assets, net",1Q24,2646.0,CRM_SEC-XBRL-financials_as-presented_10-Q_2023-06-01_0001108524-23-000023.xlsx,Balance Sheet,"April 30, 2023 (unaudited)","Operating lease right-of-use assets, net",us-gaap:OperatingLeaseRightOfUseAsset,reported,
balance_sheet,us-gaap:CapitalizedContractCostNetNoncurrent,"Noncurrent costs capitalized to obtain revenue contracts, net",1Q24,2506.0,CRM_SEC-XBRL-financials_as-presented_10-Q_2023-06-01_0001108524-23-000023.xlsx,Balance Sheet,"April 30, 2023 (unaudited)","Noncurrent costs capitalized to obtain revenue contracts, net",us-gaap:CapitalizedContractCostNetNoncurrent,reported,
balance_sheet,us-gaap:OtherLongTermInvestments,Strategic investments,1Q24,4633.0,CRM_SEC-XBRL-financials_as-presented_10-Q_2023-06-01_0001108524-23-000023.xlsx,Balance Sheet,"April 30, 2023 (unaudited)",Strategic investments,us-gaap:OtherLongTermInvestments,reported,
balance_sheet,us-gaap:Goodwill,Goodwill,1Q24,48567.0,CRM_SEC-XBRL-financials_as-presented_10-Q_2023-06-01_0001108524-23-000023.xlsx,Balance Sheet,"April 30, 2023 (unaudited)",Goodwill,us-gaap:Goodwill,reported,
balance_sheet,us-gaap:IntangibleAssetsNetExcludingGoodwill,"Intangible assets acquired through business combinations, net",1Q24,6654.0,CRM_SEC-XBRL-financials_as-presented_10-Q_2023-06-01_0001108524-23-000023.xlsx,Balance Sheet,"April 30, 2023 (unaudited)","Intangible assets acquired through business combinations, net",us-gaap:IntangibleAssetsNetExcludingGoodwill,reported,
balance_sheet,us-gaap:OtherAssetsNoncurrent,"Deferred tax assets and other assets, net",1Q24,2859.0,CRM_SEC-XBRL-financials_as-presented_10-Q_2023-06-01_0001108524-23-000023.xlsx,Balance Sheet,"April 30, 2023 (unaudited)","Deferred tax assets and other assets, net",us-gaap:OtherAssetsNoncurrent,reported,
balance_sheet,us-gaap:Assets,Total assets,1Q24,93541.0,CRM_SEC-XBRL-financials_as-presented_10-Q_2023-06-01_0001108524-23-000023.xlsx,Balance Sheet,"April 30, 2023 (unaudited)",Total assets,us-gaap:Assets,reported,
balance_sheet,us-gaap:AccountsPayableAndOtherAccruedLiabilitiesCurrent,"Accounts payable, accrued expenses and other liabilities",1Q24,5733.0,CRM_SEC-XBRL-financials_as-presented_10-Q_2023-06-01_0001108524-23-000023.xlsx,Balance Sheet,"April 30, 2023 (unaudited)","Accounts payable, accrued expenses and other liabilities",us-gaap:AccountsPayableAndOtherAccruedLiabilitiesCurrent,reported,
balance_sheet,us-gaap:OperatingLeaseLiabilityCurrent,"Operating lease liabilities, current",1Q24,591.0,CRM_SEC-XBRL-financials_as-presented_10-Q_2023-06-01_0001108524-23-000023.xlsx,Balance Sheet,"April 30, 2023 (unaudited)","Operating lease liabilities, current",us-gaap:OperatingLeaseLiabilityCurrent,reported,
balance_sheet,us-gaap:ContractWithCustomerLiabilityCurrent,Unearned revenue,1Q24,15121.0,CRM_SEC-XBRL-financials_as-presented_10-Q_2023-06-01_0001108524-23-000023.xlsx,Balance Sheet,"April 30, 2023 (unaudited)",Unearned revenue,us-gaap:ContractWithCustomerLiabilityCurrent,reported,
balance_sheet,us-gaap:ConvertibleDebtCurrent,"Debt, current",1Q24,181.0,CRM_SEC-XBRL-financials_as-presented_10-Q_2023-06-01_0001108524-23-000023.xlsx,Balance Sheet,"April 30, 2023 (unaudited)","Debt, current",us-gaap:ConvertibleDebtCurrent,reported,
balance_sheet,us-gaap:LiabilitiesCurrent,Total current liabilities,1Q24,21626.0,CRM_SEC-XBRL-financials_as-presented_10-Q_2023-06-01_0001108524-23-000023.xlsx,Balance Sheet,"April 30, 2023 (unaudited)",Total current liabilities,us-gaap:LiabilitiesCurrent,reported,
balance_sheet,us-gaap:LongTermDebtNoncurrent,Noncurrent debt,1Q24,9421.0,CRM_SEC-XBRL-financials_as-presented_10-Q_2023-06-01_0001108524-23-000023.xlsx,Balance Sheet,"April 30, 2023 (unaudited)",Noncurrent debt,us-gaap:LongTermDebtNoncurrent,reported,
balance_sheet,us-gaap:OperatingLeaseLiabilityNoncurrent,Noncurrent operating lease liabilities,1Q24,2880.0,CRM_SEC-XBRL-financials_as-presented_10-Q_2023-06-01_0001108524-23-000023.xlsx,Balance Sheet,"April 30, 2023 (unaudited)",Noncurrent operating lease liabilities,us-gaap:OperatingLeaseLiabilityNoncurrent,reported,
balance_sheet,us-gaap:OtherLiabilitiesNoncurrent,Other noncurrent liabilities,1Q24,2202.0,CRM_SEC-XBRL-financials_as-presented_10-Q_2023-06-01_0001108524-23-000023.xlsx,Balance Sheet,"April 30, 2023 (unaudited)",Other noncurrent liabilities,us-gaap:OtherLiabilitiesNoncurrent,reported,
balance_sheet,us-gaap:Liabilities,Total liabilities,1Q24,36129.0,CRM_SEC-XBRL-financials_as-presented_10-Q_2023-06-01_0001108524-23-000023.xlsx,Balance Sheet,"April 30, 2023 (unaudited)",Total liabilities,us-gaap:Liabilities,reported,
balance_sheet,us-gaap:CommonStockValue,Common stock,1Q24,1.0,CRM_SEC-XBRL-financials_as-presented_10-Q_2023-06-01_0001108524-23-000023.xlsx,Balance Sheet,"April 30, 2023 (unaudited)",Common stock,us-gaap:CommonStockValue,reported,
balance_sheet,us-gaap:TreasuryStockCommonValue,"Treasury stock, at cost",1Q24,-6144.0,CRM_SEC-XBRL-financials_as-presented_10-Q_2023-06-01_0001108524-23-000023.xlsx,Balance Sheet,"April 30, 2023 (unaudited)","Treasury stock, at cost",us-gaap:TreasuryStockCommonValue,reported,
balance_sheet,us-gaap:AdditionalPaidInCapitalCommonStock,Additional paid-in capital,1Q24,56026.0,CRM_SEC-XBRL-financials_as-presented_10-Q_2023-06-01_0001108524-23-000023.xlsx,Balance Sheet,"April 30, 2023 (unaudited)",Additional paid-in capital,us-gaap:AdditionalPaidInCapitalCommonStock,reported,
balance_sheet,us-gaap:AccumulatedOtherComprehensiveIncomeLossNetOfTax,Accumulated other comprehensive income (loss),1Q24,-255.0,CRM_SEC-XBRL-financials_as-presented_10-Q_2023-06-01_0001108524-23-000023.xlsx,Balance Sheet,"April 30, 2023 (unaudited)",Accumulated other comprehensive loss,us-gaap:AccumulatedOtherComprehensiveIncomeLossNetOfTax,reported,
balance_sheet,us-gaap:RetainedEarningsAccumulatedDeficit,Retained earnings,1Q24,7784.0,CRM_SEC-XBRL-financials_as-presented_10-Q_2023-06-01_0001108524-23-000023.xlsx,Balance Sheet,"April 30, 2023 (unaudited)",Retained earnings,us-gaap:RetainedEarningsAccumulatedDeficit,reported,
balance_sheet,us-gaap:StockholdersEquity,Total stockholders’ equity,1Q24,57412.0,CRM_SEC-XBRL-financials_as-presented_10-Q_2023-06-01_0001108524-23-000023.xlsx,Balance Sheet,"April 30, 2023 (unaudited)",Total stockholders’ equity,us-gaap:StockholdersEquity,reported,
balance_sheet,us-gaap:LiabilitiesAndStockholdersEquity,Total liabilities and stockholders’ equity,1Q24,93541.0,CRM_SEC-XBRL-financials_as-presented_10-Q_2023-06-01_0001108524-23-000023.xlsx,Balance Sheet,"April 30, 2023 (unaudited)",Total liabilities and stockholders’ equity,us-gaap:LiabilitiesAndStockholdersEquity,reported,
cash_flow,us-gaap:NetIncomeLoss,Net income,1Q24,199.0,CRM_SEC-XBRL-financials_as-presented_10-Q_2023-06-01_0001108524-23-000023.xlsx,Cash Flow,"Three Months Ended April 30, 2023",Net income,us-gaap:NetIncomeLoss,reported,
cash_flow,us-gaap:DepreciationAndAmortization,Depreciation and amortization (1),1Q24,1254.0,CRM_SEC-XBRL-financials_as-presented_10-Q_2023-06-01_0001108524-23-000023.xlsx,Cash Flow,"Three Months Ended April 30, 2023",Depreciation and amortization (1),us-gaap:DepreciationAndAmortization,reported,
cash_flow,us-gaap:CapitalizedContractCostAmortization,"Amortization of costs capitalized to obtain revenue contracts, net",1Q24,470.0,CRM_SEC-XBRL-financials_as-presented_10-Q_2023-06-01_0001108524-23-000023.xlsx,Cash Flow,"Three Months Ended April 30, 2023","Amortization of costs capitalized to obtain revenue contracts, net",us-gaap:CapitalizedContractCostAmortization,reported,
cash_flow,us-gaap:ShareBasedCompensation,Stock-based compensation expense,1Q24,696.0,CRM_SEC-XBRL-financials_as-presented_10-Q_2023-06-01_0001108524-23-000023.xlsx,Cash Flow,"Three Months Ended April 30, 2023",Stock-based compensation expense,us-gaap:ShareBasedCompensation,reported,
cash_flow,us-gaap:GainLossOnInvestments,"(Gains) losses on strategic investments, net",1Q24,141.0,CRM_SEC-XBRL-financials_as-presented_10-Q_2023-06-01_0001108524-23-000023.xlsx,Cash Flow,"Three Months Ended April 30, 2023","(Gains) losses on strategic investments, net",us-gaap:GainLossOnInvestments,reported,
cash_flow,us-gaap:IncreaseDecreaseInAccountsReceivable,"Accounts receivable, net",1Q24,6123.0,CRM_SEC-XBRL-financials_as-presented_10-Q_2023-06-01_0001108524-23-000023.xlsx,Cash Flow,"Three Months Ended April 30, 2023","Accounts receivable, net",us-gaap:IncreaseDecreaseInAccountsReceivable,reported,
cash_flow,crm:IncreaseDecreaseInCapitalizedContractCosts,"Costs capitalized to obtain revenue contracts, net",1Q24,-275.0,CRM_SEC-XBRL-financials_as-presented_10-Q_2023-06-01_0001108524-23-000023.xlsx,Cash Flow,"Three Months Ended April 30, 2023","Costs capitalized to obtain revenue contracts, net",crm:IncreaseDecreaseInCapitalizedContractCosts,reported,
cash_flow,us-gaap:IncreaseDecreaseInPrepaidDeferredExpenseAndOtherAssets,Prepaid expenses and other current assets and other assets,1Q24,-291.0,CRM_SEC-XBRL-financials_as-presented_10-Q_2023-06-01_0001108524-23-000023.xlsx,Cash Flow,"Three Months Ended April 30, 2023",Prepaid expenses and other current assets and other assets,us-gaap:IncreaseDecreaseInPrepaidDeferredExpenseAndOtherAssets,reported,
cash_flow,us-gaap:IncreaseDecreaseInAccountsPayableAndAccruedLiabilities,Accounts payable and accrued expenses and other liabilities,1Q24,-1403.0,CRM_SEC-XBRL-financials_as-presented_10-Q_2023-06-01_0001108524-23-000023.xlsx,Cash Flow,"Three Months Ended April 30, 2023",Accounts payable and accrued expenses and other liabilities,us-gaap:IncreaseDecreaseInAccountsPayableAndAccruedLiabilities,reported,
cash_flow,us-gaap:IncreaseDecreaseInOperatingLeaseLiability,Operating lease liabilities,1Q24,-168.0,CRM_SEC-XBRL-financials_as-presented_10-Q_2023-06-01_0001108524-23-000023.xlsx,Cash Flow,"Three Months Ended April 30, 2023",Operating lease liabilities,us-gaap:IncreaseDecreaseInOperatingLeaseLiability,reported,
cash_flow,us-gaap:IncreaseDecreaseInContractWithCustomerLiability,Unearned revenue,1Q24,-2255.0,CRM_SEC-XBRL-financials_as-presented_10-Q_2023-06-01_0001108524-23-000023.xlsx,Cash Flow,"Three Months Ended April 30, 2023",Unearned revenue,us-gaap:IncreaseDecreaseInContractWithCustomerLiability,reported,
cash_flow,us-gaap:NetCashProvidedByUsedInOperatingActivities,Net cash provided by operating activities,1Q24,4491.0,CRM_SEC-XBRL-financials_as-presented_10-Q_2023-06-01_0001108524-23-000023.xlsx,Cash Flow,"Three Months Ended April 30, 2023",Net cash provided by operating activities,us-gaap:NetCashProvidedByUsedInOperatingActivities,reported,
cash_flow,us-gaap:PaymentsToAcquireBusinessesNetOfCashAcquired,"Business combinations, net of cash acquired",1Q24,0.0,CRM_SEC-XBRL-financials_as-presented_10-Q_2023-06-01_0001108524-23-000023.xlsx,Cash Flow,"Three Months Ended April 30, 2023","Business combinations, net of cash acquired",us-gaap:PaymentsToAcquireBusinessesNetOfCashAcquired,reported,
cash_flow,us-gaap:PaymentsToAcquireLongtermInvestments,Purchases of strategic investments,1Q24,-105.0,CRM_SEC-XBRL-financials_as-presented_10-Q_2023-06-01_0001108524-23-000023.xlsx,Cash Flow,"Three Months Ended April 30, 2023",Purchases of strategic investments,us-gaap:PaymentsToAcquireLongtermInvestments,reported,
cash_flow,us-gaap:ProceedsFromSaleOfLongtermInvestments,Sales of strategic investments,1Q24,9.0,CRM_SEC-XBRL-financials_as-presented_10-Q_2023-06-01_0001108524-23-000023.xlsx,Cash Flow,"Three Months Ended April 30, 2023",Sales of strategic investments,us-gaap:ProceedsFromSaleOfLongtermInvestments,reported,
cash_flow,us-gaap:PaymentsToAcquireAvailableForSaleSecuritiesDebt,Purchases of marketable securities,1Q24,-368.0,CRM_SEC-XBRL-financials_as-presented_10-Q_2023-06-01_0001108524-23-000023.xlsx,Cash Flow,"Three Months Ended April 30, 2023",Purchases of marketable securities,us-gaap:PaymentsToAcquireAvailableForSaleSecuritiesDebt,reported,
cash_flow,us-gaap:ProceedsFromSaleOfAvailableForSaleSecuritiesDebt,Sales of marketable securities,1Q24,269.0,CRM_SEC-XBRL-financials_as-presented_10-Q_2023-06-01_0001108524-23-000023.xlsx,Cash Flow,"Three Months Ended April 30, 2023",Sales of marketable securities,us-gaap:ProceedsFromSaleOfAvailableForSaleSecuritiesDebt,reported,
cash_flow,us-gaap:ProceedsFromMaturitiesPrepaymentsAndCallsOfAvailableForSaleSecurities,Maturities of marketable securities,1Q24,785.0,CRM_SEC-XBRL-financials_as-presented_10-Q_2023-06-01_0001108524-23-000023.xlsx,Cash Flow,"Three Months Ended April 30, 2023",Maturities of marketable securities,us-gaap:ProceedsFromMaturitiesPrepaymentsAndCallsOfAvailableForSaleSecurities,reported,
cash_flow,us-gaap:PaymentsToAcquirePropertyPlantAndEquipment,Capital expenditures,1Q24,-243.0,CRM_SEC-XBRL-financials_as-presented_10-Q_2023-06-01_0001108524-23-000023.xlsx,Cash Flow,"Three Months Ended April 30, 2023",Capital expenditures,us-gaap:PaymentsToAcquirePropertyPlantAndEquipment,reported,
cash_flow,us-gaap:NetCashProvidedByUsedInInvestingActivities,Net cash used in investing activities,1Q24,347.0,CRM_SEC-XBRL-financials_as-presented_10-Q_2023-06-01_0001108524-23-000023.xlsx,Cash Flow,"Three Months Ended April 30, 2023",Net cash provided by (used in) investing activities,us-gaap:NetCashProvidedByUsedInInvestingActivities,reported,
cash_flow,us-gaap:PaymentsForRepurchaseOfCommonStock,Repurchases of common stock,1Q24,-2054.0,CRM_SEC-XBRL-financials_as-presented_10-Q_2023-06-01_0001108524-23-000023.xlsx,Cash Flow,"Three Months Ended April 30, 2023",Repurchases of common stock,us-gaap:PaymentsForRepurchaseOfCommonStock,reported,
cash_flow,us-gaap:ProceedsFromStockPlans,Proceeds from employee stock plans,1Q24,449.0,CRM_SEC-XBRL-financials_as-presented_10-Q_2023-06-01_0001108524-23-000023.xlsx,Cash Flow,"Three Months Ended April 30, 2023",Proceeds from employee stock plans,us-gaap:ProceedsFromStockPlans,reported,
cash_flow,us-gaap:FinanceLeasePrincipalPayments,Principal payments on financing obligations,1Q24,-110.0,CRM_SEC-XBRL-financials_as-presented_10-Q_2023-06-01_0001108524-23-000023.xlsx,Cash Flow,"Three Months Ended April 30, 2023",Principal payments on financing obligations,us-gaap:FinanceLeasePrincipalPayments,reported,
cash_flow,us-gaap:RepaymentsOfLongTermLinesOfCredit,Repayments of debt,1Q24,-1001.0,CRM_SEC-XBRL-financials_as-presented_10-Q_2023-06-01_0001108524-23-000023.xlsx,Cash Flow,"Three Months Ended April 30, 2023",Repayments of debt,us-gaap:RepaymentsOfLongTermLinesOfCredit,reported,
cash_flow,us-gaap:NetCashProvidedByUsedInFinancingActivities,Net cash used in financing activities,1Q24,-2716.0,CRM_SEC-XBRL-financials_as-presented_10-Q_2023-06-01_0001108524-23-000023.xlsx,Cash Flow,"Three Months Ended April 30, 2023",Net cash provided by (used in) financing activities,us-gaap:NetCashProvidedByUsedInFinancingActivities,reported,
cash_flow,us-gaap:EffectOfExchangeRateOnCashCashEquivalentsRestrictedCashAndRestrictedCashEquivalents,Effect of exchange rate changes,1Q24,17.0,CRM_SEC-XBRL-financials_as-presented_10-Q_2023-06-01_0001108524-23-000023.xlsx,Cash Flow,"Three Months Ended April 30, 2023",Effect of exchange rate changes,us-gaap:EffectOfExchangeRateOnCashCashEquivalentsRestrictedCashAndRestrictedCashEquivalents,reported,
cash_flow,us-gaap:CashCashEquivalentsRestrictedCashAndRestrictedCashEquivalentsPeriodIncreaseDecreaseIncludingExchangeRateEffect,Net increase (decrease) in cash and cash equivalents,1Q24,2139.0,CRM_SEC-XBRL-financials_as-presented_10-Q_2023-06-01_0001108524-23-000023.xlsx,Cash Flow,"Three Months Ended April 30, 2023",Net increase in cash and cash equivalents,us-gaap:CashCashEquivalentsRestrictedCashAndRestrictedCashEquivalentsPeriodIncreaseDecreaseIncludingExchangeRateEffect,reported,
cash_flow,us-gaap:CashCashEquivalentsRestrictedCashAndRestrictedCashEquivalents,"Cash and cash equivalents, beginning of period",1Q24,7016.0,CRM_SEC-XBRL-financials_as-presented_10-Q_2023-06-01_0001108524-23-000023.xlsx,Cash Flow,"Three Months Ended April 30, 2023","Cash and cash equivalents, beginning of period",us-gaap:CashCashEquivalentsRestrictedCashAndRestrictedCashEquivalents,reported,
income_statement,us-gaap:RevenueFromContractWithCustomerExcludingAssessedTax,Subscription and support,2Q24,8006.0,CRM_SEC-XBRL-financials_as-presented_10-Q_2023-08-31_0001108524-23-000040.xlsx,Income Statement,"Three Months Ended July 31, 2023",Subscription and support,us-gaap:RevenueFromContractWithCustomerExcludingAssessedTax,reported,
income_statement,us-gaap:RevenueFromContractWithCustomerExcludingAssessedTax,Subscription and support,6M24,15648.0,CRM_SEC-XBRL-financials_as-presented_10-Q_2023-08-31_0001108524-23-000040.xlsx,Income Statement,"Six Months Ended July 31, 2023",Subscription and support,us-gaap:RevenueFromContractWithCustomerExcludingAssessedTax,reported,
income_statement,us-gaap:CostOfGoodsAndServicesSold,Subscription and support,2Q24,1515.0,CRM_SEC-XBRL-financials_as-presented_10-Q_2023-08-31_0001108524-23-000040.xlsx,Income Statement,"Three Months Ended July 31, 2023",Subscription and support,us-gaap:CostOfGoodsAndServicesSold,reported,
income_statement,us-gaap:CostOfGoodsAndServicesSold,Subscription and support,6M24,3025.0,CRM_SEC-XBRL-financials_as-presented_10-Q_2023-08-31_0001108524-23-000040.xlsx,Income Statement,"Six Months Ended July 31, 2023",Subscription and support,us-gaap:CostOfGoodsAndServicesSold,reported,
income_statement,us-gaap:GrossProfit,Gross profit,2Q24,6490.0,CRM_SEC-XBRL-financials_as-presented_10-Q_2023-08-31_0001108524-23-000040.xlsx,Income Statement,"Three Months Ended July 31, 2023",Gross profit,us-gaap:GrossProfit,reported,
income_statement,us-gaap:GrossProfit,Gross profit,6M24,12612.0,CRM_SEC-XBRL-financials_as-presented_10-Q_2023-08-31_0001108524-23-000040.xlsx,Income Statement,"Six Months Ended July 31, 2023",Gross profit,us-gaap:GrossProfit,reported,
income_statement,us-gaap:ResearchAndDevelopmentExpense,Research and development,2Q24,1220.0,CRM_SEC-XBRL-financials_as-presented_10-Q_2023-08-31_0001108524-23-000040.xlsx,Income Statement,"Three Months Ended July 31, 2023",Research and development,us-gaap:ResearchAndDevelopmentExpense,reported,
income_statement,us-gaap:ResearchAndDevelopmentExpense,Research and development,6M24,2427.0,CRM_SEC-XBRL-financials_as-presented_10-Q_2023-08-31_0001108524-23-000040.xlsx,Income Statement,"Six Months Ended July 31, 2023",Research and development,us-gaap:ResearchAndDevelopmentExpense,reported,
income_statement,us-gaap:SellingAndMarketingExpense,Sales and marketing,2Q24,3113.0,CRM_SEC-XBRL-financials_as-presented_10-Q_2023-08-31_0001108524-23-000040.xlsx,Income Statement,"Three Months Ended July 31, 2023",Marketing and sales,us-gaap:SellingAndMarketingExpense,reported,
income_statement,us-gaap:SellingAndMarketingExpense,Sales and marketing,6M24,6267.0,CRM_SEC-XBRL-financials_as-presented_10-Q_2023-08-31_0001108524-23-000040.xlsx,Income Statement,"Six Months Ended July 31, 2023",Marketing and sales,us-gaap:SellingAndMarketingExpense,reported,
income_statement,us-gaap:GeneralAndAdministrativeExpense,General and administrative,2Q24,632.0,CRM_SEC-XBRL-financials_as-presented_10-Q_2023-08-31_0001108524-23-000040.xlsx,Income Statement,"Three Months Ended July 31, 2023",General and administrative,us-gaap:GeneralAndAdministrativeExpense,reported,
income_statement,us-gaap:GeneralAndAdministrativeExpense,General and administrative,6M24,1270.0,CRM_SEC-XBRL-financials_as-presented_10-Q_2023-08-31_0001108524-23-000040.xlsx,Income Statement,"Six Months Ended July 31, 2023",General and administrative,us-gaap:GeneralAndAdministrativeExpense,reported,
income_statement,us-gaap:RestructuringCharges,Restructuring,2Q24,49.0,CRM_SEC-XBRL-financials_as-presented_10-Q_2023-08-31_0001108524-23-000040.xlsx,Income Statement,"Three Months Ended July 31, 2023",Restructuring,us-gaap:RestructuringCharges,reported,
income_statement,us-gaap:RestructuringCharges,Restructuring,6M24,760.0,CRM_SEC-XBRL-financials_as-presented_10-Q_2023-08-31_0001108524-23-000040.xlsx,Income Statement,"Six Months Ended July 31, 2023",Restructuring,us-gaap:RestructuringCharges,reported,
income_statement,us-gaap:OperatingExpenses,Total operating expenses,2Q24,5014.0,CRM_SEC-XBRL-financials_as-presented_10-Q_2023-08-31_0001108524-23-000040.xlsx,Income Statement,"Three Months Ended July 31, 2023",Total operating expenses,us-gaap:OperatingExpenses,reported,
income_statement,us-gaap:OperatingExpenses,Total operating expenses,6M24,10724.0,CRM_SEC-XBRL-financials_as-presented_10-Q_2023-08-31_0001108524-23-000040.xlsx,Income Statement,"Six Months Ended July 31, 2023",Total operating expenses,us-gaap:OperatingExpenses,reported,
income_statement,us-gaap:OperatingIncomeLoss,Income from operations,2Q24,1476.0,CRM_SEC-XBRL-financials_as-presented_10-Q_2023-08-31_0001108524-23-000040.xlsx,Income Statement,"Three Months Ended July 31, 2023",Income from operations,us-gaap:OperatingIncomeLoss,reported,
income_statement,us-gaap:OperatingIncomeLoss,Income from operations,6M24,1888.0,CRM_SEC-XBRL-financials_as-presented_10-Q_2023-08-31_0001108524-23-000040.xlsx,Income Statement,"Six Months Ended July 31, 2023",Income from operations,us-gaap:OperatingIncomeLoss,reported,
income_statement,us-gaap:GainLossOnInvestments,"Gains (losses) on strategic investments, net",2Q24,-29.0,CRM_SEC-XBRL-financials_as-presented_10-Q_2023-08-31_0001108524-23-000040.xlsx,Income Statement,"Three Months Ended July 31, 2023","Gains (losses) on strategic investments, net",us-gaap:GainLossOnInvestments,reported,
income_statement,us-gaap:GainLossOnInvestments,"Gains (losses) on strategic investments, net",6M24,-170.0,CRM_SEC-XBRL-financials_as-presented_10-Q_2023-08-31_0001108524-23-000040.xlsx,Income Statement,"Six Months Ended July 31, 2023","Gains (losses) on strategic investments, net",us-gaap:GainLossOnInvestments,reported,
income_statement,us-gaap:OtherNonoperatingIncomeExpense,Other income,2Q24,45.0,CRM_SEC-XBRL-financials_as-presented_10-Q_2023-08-31_0001108524-23-000040.xlsx,Income Statement,"Three Months Ended July 31, 2023",Other income (expense),us-gaap:OtherNonoperatingIncomeExpense,reported,
income_statement,us-gaap:OtherNonoperatingIncomeExpense,Other income,6M24,100.0,CRM_SEC-XBRL-financials_as-presented_10-Q_2023-08-31_0001108524-23-000040.xlsx,Income Statement,"Six Months Ended July 31, 2023",Other income (expense),us-gaap:OtherNonoperatingIncomeExpense,reported,
income_statement,us-gaap:IncomeLossFromContinuingOperationsBeforeIncomeTaxesExtraordinaryItemsNoncontrollingInterest,Income before provision for income taxes,2Q24,1492.0,CRM_SEC-XBRL-financials_as-presented_10-Q_2023-08-31_0001108524-23-000040.xlsx,Income Statement,"Three Months Ended July 31, 2023",Income before provision for income taxes,us-gaap:IncomeLossFromContinuingOperationsBeforeIncomeTaxesExtraordinaryItemsNoncontrollingInterest,reported,
income_statement,us-gaap:IncomeLossFromContinuingOperationsBeforeIncomeTaxesExtraordinaryItemsNoncontrollingInterest,Income before provision for income taxes,6M24,1818.0,CRM_SEC-XBRL-financials_as-presented_10-Q_2023-08-31_0001108524-23-000040.xlsx,Income Statement,"Six Months Ended July 31, 2023",Income before provision for income taxes,us-gaap:IncomeLossFromContinuingOperationsBeforeIncomeTaxesExtraordinaryItemsNoncontrollingInterest,reported,
income_statement,us-gaap:IncomeTaxExpenseBenefit,Provision for income taxes,2Q24,-225.0,CRM_SEC-XBRL-financials_as-presented_10-Q_2023-08-31_0001108524-23-000040.xlsx,Income Statement,"Three Months Ended July 31, 2023",Provision for income taxes,us-gaap:IncomeTaxExpenseBenefit,reported,
income_statement,us-gaap:IncomeTaxExpenseBenefit,Provision for income taxes,6M24,-352.0,CRM_SEC-XBRL-financials_as-presented_10-Q_2023-08-31_0001108524-23-000040.xlsx,Income Statement,"Six Months Ended July 31, 2023",Provision for income taxes,us-gaap:IncomeTaxExpenseBenefit,reported,
income_statement,us-gaap:NetIncomeLoss,Net income,2Q24,1267.0,CRM_SEC-XBRL-financials_as-presented_10-Q_2023-08-31_0001108524-23-000040.xlsx,Income Statement,"Three Months Ended July 31, 2023",Net income,us-gaap:NetIncomeLoss,reported,
income_statement,us-gaap:NetIncomeLoss,Net income,6M24,1466.0,CRM_SEC-XBRL-financials_as-presented_10-Q_2023-08-31_0001108524-23-000040.xlsx,Income Statement,"Six Months Ended July 31, 2023",Net income,us-gaap:NetIncomeLoss,reported,
income_statement,us-gaap:EarningsPerShareBasic,Basic net income per share,2Q24,1.3,CRM_SEC-XBRL-financials_as-presented_10-Q_2023-08-31_0001108524-23-000040.xlsx,Income Statement,"Three Months Ended July 31, 2023",Basic net income per share,us-gaap:EarningsPerShareBasic,reported,
income_statement,us-gaap:EarningsPerShareBasic,Basic net income per share,6M24,1.5,CRM_SEC-XBRL-financials_as-presented_10-Q_2023-08-31_0001108524-23-000040.xlsx,Income Statement,"Six Months Ended July 31, 2023",Basic net income per share,us-gaap:EarningsPerShareBasic,reported,
income_statement,us-gaap:EarningsPerShareDiluted,Diluted net income per share,2Q24,1.28,CRM_SEC-XBRL-financials_as-presented_10-Q_2023-08-31_0001108524-23-000040.xlsx,Income Statement,"Three Months Ended July 31, 2023",Diluted net income per share,us-gaap:EarningsPerShareDiluted,reported,
income_statement,us-gaap:EarningsPerShareDiluted,Diluted net income per share,6M24,1.49,CRM_SEC-XBRL-financials_as-presented_10-Q_2023-08-31_0001108524-23-000040.xlsx,Income Statement,"Six Months Ended July 31, 2023",Diluted net income per share,us-gaap:EarningsPerShareDiluted,reported,
income_statement,us-gaap:WeightedAverageNumberOfSharesOutstandingBasic,Shares used in computing basic net income per share,2Q24,975.0,CRM_SEC-XBRL-financials_as-presented_10-Q_2023-08-31_0001108524-23-000040.xlsx,Income Statement,"Three Months Ended July 31, 2023",Shares used in computing basic net income per share,us-gaap:WeightedAverageNumberOfSharesOutstandingBasic,reported,
income_statement,us-gaap:WeightedAverageNumberOfSharesOutstandingBasic,Shares used in computing basic net income per share,6M24,977.0,CRM_SEC-XBRL-financials_as-presented_10-Q_2023-08-31_0001108524-23-000040.xlsx,Income Statement,"Six Months Ended July 31, 2023",Shares used in computing basic net income per share,us-gaap:WeightedAverageNumberOfSharesOutstandingBasic,reported,
income_statement,us-gaap:WeightedAverageNumberOfDilutedSharesOutstanding,Shares used in computing diluted net income per share,2Q24,986.0,CRM_SEC-XBRL-financials_as-presented_10-Q_2023-08-31_0001108524-23-000040.xlsx,Income Statement,"Three Months Ended July 31, 2023",Shares used in computing diluted net income per share,us-gaap:WeightedAverageNumberOfDilutedSharesOutstanding,reported,
income_statement,us-gaap:WeightedAverageNumberOfDilutedSharesOutstanding,Shares used in computing diluted net income per share,6M24,987.0,CRM_SEC-XBRL-financials_as-presented_10-Q_2023-08-31_0001108524-23-000040.xlsx,Income Statement,"Six Months Ended July 31, 2023",Shares used in computing diluted net income per share,us-gaap:WeightedAverageNumberOfDilutedSharesOutstanding,reported,
balance_sheet,us-gaap:CashAndCashEquivalentsAtCarryingValue,Cash and cash equivalents,2Q24,6772.0,CRM_SEC-XBRL-financials_as-presented_10-Q_2023-08-31_0001108524-23-000040.xlsx,Balance Sheet,"July 31, 2023 (unaudited)",Cash and cash equivalents,us-gaap:CashAndCashEquivalentsAtCarryingValue,reported,
balance_sheet,us-gaap:AvailableForSaleSecuritiesDebtSecuritiesCurrent,Marketable securities,2Q24,5625.0,CRM_SEC-XBRL-financials_as-presented_10-Q_2023-08-31_0001108524-23-000040.xlsx,Balance Sheet,"July 31, 2023 (unaudited)",Marketable securities,us-gaap:AvailableForSaleSecuritiesDebtSecuritiesCurrent,reported,
balance_sheet,us-gaap:AccountsReceivableNetCurrent,"Accounts receivable, net",2Q24,5400.0,CRM_SEC-XBRL-financials_as-presented_10-Q_2023-08-31_0001108524-23-000040.xlsx,Balance Sheet,"July 31, 2023 (unaudited)","Accounts receivable, net",us-gaap:AccountsReceivableNetCurrent,reported,
balance_sheet,us-gaap:CapitalizedContractCostNetCurrent,"Costs capitalized to obtain revenue contracts, net",2Q24,1781.0,CRM_SEC-XBRL-financials_as-presented_10-Q_2023-08-31_0001108524-23-000040.xlsx,Balance Sheet,"July 31, 2023 (unaudited)","Costs capitalized to obtain revenue contracts, net",us-gaap:CapitalizedContractCostNetCurrent,reported,
balance_sheet,us-gaap:PrepaidExpenseAndOtherAssetsCurrent,Prepaid expenses and other current assets,2Q24,1560.0,CRM_SEC-XBRL-financials_as-presented_10-Q_2023-08-31_0001108524-23-000040.xlsx,Balance Sheet,"July 31, 2023 (unaudited)",Prepaid expenses and other current assets,us-gaap:PrepaidExpenseAndOtherAssetsCurrent,reported,
balance_sheet,us-gaap:AssetsCurrent,Total current assets,2Q24,21138.0,CRM_SEC-XBRL-financials_as-presented_10-Q_2023-08-31_0001108524-23-000040.xlsx,Balance Sheet,"July 31, 2023 (unaudited)",Total current assets,us-gaap:AssetsCurrent,reported,
balance_sheet,us-gaap:PropertyPlantAndEquipmentAndFinanceLeaseRightOfUseAssetAfterAccumulatedDepreciationAndAmortization,"Property and equipment, net",2Q24,3876.0,CRM_SEC-XBRL-financials_as-presented_10-Q_2023-08-31_0001108524-23-000040.xlsx,Balance Sheet,"July 31, 2023 (unaudited)","Property and equipment, net",us-gaap:PropertyPlantAndEquipmentAndFinanceLeaseRightOfUseAssetAfterAccumulatedDepreciationAndAmortization,reported,
balance_sheet,us-gaap:OperatingLeaseRightOfUseAsset,"Operating lease right-of-use assets, net",2Q24,2575.0,CRM_SEC-XBRL-financials_as-presented_10-Q_2023-08-31_0001108524-23-000040.xlsx,Balance Sheet,"July 31, 2023 (unaudited)","Operating lease right-of-use assets, net",us-gaap:OperatingLeaseRightOfUseAsset,reported,
balance_sheet,us-gaap:CapitalizedContractCostNetNoncurrent,"Noncurrent costs capitalized to obtain revenue contracts, net",2Q24,2352.0,CRM_SEC-XBRL-financials_as-presented_10-Q_2023-08-31_0001108524-23-000040.xlsx,Balance Sheet,"July 31, 2023 (unaudited)","Noncurrent costs capitalized to obtain revenue contracts, net",us-gaap:CapitalizedContractCostNetNoncurrent,reported,
balance_sheet,us-gaap:OtherLongTermInvestments,Strategic investments,2Q24,4778.0,CRM_SEC-XBRL-financials_as-presented_10-Q_2023-08-31_0001108524-23-000040.xlsx,Balance Sheet,"July 31, 2023 (unaudited)",Strategic investments,us-gaap:OtherLongTermInvestments,reported,
balance_sheet,us-gaap:Goodwill,Goodwill,2Q24,48566.0,CRM_SEC-XBRL-financials_as-presented_10-Q_2023-08-31_0001108524-23-000040.xlsx,Balance Sheet,"July 31, 2023 (unaudited)",Goodwill,us-gaap:Goodwill,reported,
balance_sheet,us-gaap:IntangibleAssetsNetExcludingGoodwill,"Intangible assets acquired through business combinations, net",2Q24,6182.0,CRM_SEC-XBRL-financials_as-presented_10-Q_2023-08-31_0001108524-23-000040.xlsx,Balance Sheet,"July 31, 2023 (unaudited)","Intangible assets acquired through business combinations, net",us-gaap:IntangibleAssetsNetExcludingGoodwill,reported,
balance_sheet,us-gaap:OtherAssetsNoncurrent,"Deferred tax assets and other assets, net",2Q24,2980.0,CRM_SEC-XBRL-financials_as-presented_10-Q_2023-08-31_0001108524-23-000040.xlsx,Balance Sheet,"July 31, 2023 (unaudited)","Deferred tax assets and other assets, net",us-gaap:OtherAssetsNoncurrent,reported,
balance_sheet,us-gaap:Assets,Total assets,2Q24,92447.0,CRM_SEC-XBRL-financials_as-presented_10-Q_2023-08-31_0001108524-23-000040.xlsx,Balance Sheet,"July 31, 2023 (unaudited)",Total assets,us-gaap:Assets,reported,
balance_sheet,us-gaap:AccountsPayableAndOtherAccruedLiabilitiesCurrent,"Accounts payable, accrued expenses and other liabilities",2Q24,5059.0,CRM_SEC-XBRL-financials_as-presented_10-Q_2023-08-31_0001108524-23-000040.xlsx,Balance Sheet,"July 31, 2023 (unaudited)","Accounts payable, accrued expenses and other liabilities",us-gaap:AccountsPayableAndOtherAccruedLiabilitiesCurrent,reported,
balance_sheet,us-gaap:OperatingLeaseLiabilityCurrent,"Operating lease liabilities, current",2Q24,510.0,CRM_SEC-XBRL-financials_as-presented_10-Q_2023-08-31_0001108524-23-000040.xlsx,Balance Sheet,"July 31, 2023 (unaudited)","Operating lease liabilities, current",us-gaap:OperatingLeaseLiabilityCurrent,reported,
balance_sheet,us-gaap:ContractWithCustomerLiabilityCurrent,Unearned revenue,2Q24,14237.0,CRM_SEC-XBRL-financials_as-presented_10-Q_2023-08-31_0001108524-23-000040.xlsx,Balance Sheet,"July 31, 2023 (unaudited)",Unearned revenue,us-gaap:ContractWithCustomerLiabilityCurrent,reported,
balance_sheet,us-gaap:ConvertibleDebtCurrent,"Debt, current",2Q24,999.0,CRM_SEC-XBRL-financials_as-presented_10-Q_2023-08-31_0001108524-23-000040.xlsx,Balance Sheet,"July 31, 2023 (unaudited)","Debt, current",us-gaap:ConvertibleDebtCurrent,reported,
balance_sheet,us-gaap:LiabilitiesCurrent,Total current liabilities,2Q24,20805.0,CRM_SEC-XBRL-financials_as-presented_10-Q_2023-08-31_0001108524-23-000040.xlsx,Balance Sheet,"July 31, 2023 (unaudited)",Total current liabilities,us-gaap:LiabilitiesCurrent,reported,
balance_sheet,us-gaap:LongTermDebtNoncurrent,Noncurrent debt,2Q24,8424.0,CRM_SEC-XBRL-financials_as-presented_10-Q_2023-08-31_0001108524-23-000040.xlsx,Balance Sheet,"July 31, 2023 (unaudited)",Noncurrent debt,us-gaap:LongTermDebtNoncurrent,reported,
balance_sheet,us-gaap:OperatingLeaseLiabilityNoncurrent,Noncurrent operating lease liabilities,2Q24,2867.0,CRM_SEC-XBRL-financials_as-presented_10-Q_2023-08-31_0001108524-23-000040.xlsx,Balance Sheet,"July 31, 2023 (unaudited)",Noncurrent operating lease liabilities,us-gaap:OperatingLeaseLiabilityNoncurrent,reported,
balance_sheet,us-gaap:OtherLiabilitiesNoncurrent,Other noncurrent liabilities,2Q24,2269.0,CRM_SEC-XBRL-financials_as-presented_10-Q_2023-08-31_0001108524-23-000040.xlsx,Balance Sheet,"July 31, 2023 (unaudited)",Other noncurrent liabilities,us-gaap:OtherLiabilitiesNoncurrent,reported,
balance_sheet,us-gaap:Liabilities,Total liabilities,2Q24,34365.0,CRM_SEC-XBRL-financials_as-presented_10-Q_2023-08-31_0001108524-23-000040.xlsx,Balance Sheet,"July 31, 2023 (unaudited)",Total liabilities,us-gaap:Liabilities,reported,
balance_sheet,us-gaap:CommonStockValue,Common stock,2Q24,1.0,CRM_SEC-XBRL-financials_as-presented_10-Q_2023-08-31_0001108524-23-000040.xlsx,Balance Sheet,"July 31, 2023 (unaudited)",Common stock,us-gaap:CommonStockValue,reported,
balance_sheet,us-gaap:TreasuryStockCommonValue,"Treasury stock, at cost",2Q24,-8057.0,CRM_SEC-XBRL-financials_as-presented_10-Q_2023-08-31_0001108524-23-000040.xlsx,Balance Sheet,"July 31, 2023 (unaudited)","Treasury stock, at cost",us-gaap:TreasuryStockCommonValue,reported,
balance_sheet,us-gaap:AdditionalPaidInCapitalCommonStock,Additional paid-in capital,2Q24,57345.0,CRM_SEC-XBRL-financials_as-presented_10-Q_2023-08-31_0001108524-23-000040.xlsx,Balance Sheet,"July 31, 2023 (unaudited)",Additional paid-in capital,us-gaap:AdditionalPaidInCapitalCommonStock,reported,
balance_sheet,us-gaap:AccumulatedOtherComprehensiveIncomeLossNetOfTax,Accumulated other comprehensive income (loss),2Q24,-258.0,CRM_SEC-XBRL-financials_as-presented_10-Q_2023-08-31_0001108524-23-000040.xlsx,Balance Sheet,"July 31, 2023 (unaudited)",Accumulated other comprehensive loss,us-gaap:AccumulatedOtherComprehensiveIncomeLossNetOfTax,reported,
balance_sheet,us-gaap:RetainedEarningsAccumulatedDeficit,Retained earnings,2Q24,9051.0,CRM_SEC-XBRL-financials_as-presented_10-Q_2023-08-31_0001108524-23-000040.xlsx,Balance Sheet,"July 31, 2023 (unaudited)",Retained earnings,us-gaap:RetainedEarningsAccumulatedDeficit,reported,
balance_sheet,us-gaap:StockholdersEquity,Total stockholders’ equity,2Q24,58082.0,CRM_SEC-XBRL-financials_as-presented_10-Q_2023-08-31_0001108524-23-000040.xlsx,Balance Sheet,"July 31, 2023 (unaudited)",Total stockholders’ equity,us-gaap:StockholdersEquity,reported,
balance_sheet,us-gaap:LiabilitiesAndStockholdersEquity,Total liabilities and stockholders’ equity,2Q24,92447.0,CRM_SEC-XBRL-financials_as-presented_10-Q_2023-08-31_0001108524-23-000040.xlsx,Balance Sheet,"July 31, 2023 (unaudited)",Total liabilities and stockholders’ equity,us-gaap:LiabilitiesAndStockholdersEquity,reported,
cash_flow,us-gaap:NetIncomeLoss,Net income,2Q24,1267.0,CRM_SEC-XBRL-financials_as-presented_10-Q_2023-08-31_0001108524-23-000040.xlsx,Cash Flow,"Three Months Ended July 31, 2023",Net income,us-gaap:NetIncomeLoss,reported,
cash_flow,us-gaap:NetIncomeLoss,Net income,6M24,1466.0,CRM_SEC-XBRL-financials_as-presented_10-Q_2023-08-31_0001108524-23-000040.xlsx,Cash Flow,"Six Months Ended July 31, 2023",Net income,us-gaap:NetIncomeLoss,reported,
cash_flow,us-gaap:DepreciationAndAmortization,Depreciation and amortization (1),2Q24,890.0,CRM_SEC-XBRL-financials_as-presented_10-Q_2023-08-31_0001108524-23-000040.xlsx,Cash Flow,"Three Months Ended July 31, 2023",Depreciation and amortization (1),us-gaap:DepreciationAndAmortization,reported,
cash_flow,us-gaap:DepreciationAndAmortization,Depreciation and amortization (1),6M24,2144.0,CRM_SEC-XBRL-financials_as-presented_10-Q_2023-08-31_0001108524-23-000040.xlsx,Cash Flow,"Six Months Ended July 31, 2023",Depreciation and amortization (1),us-gaap:DepreciationAndAmortization,reported,
cash_flow,us-gaap:CapitalizedContractCostAmortization,"Amortization of costs capitalized to obtain revenue contracts, net",2Q24,476.0,CRM_SEC-XBRL-financials_as-presented_10-Q_2023-08-31_0001108524-23-000040.xlsx,Cash Flow,"Three Months Ended July 31, 2023","Amortization of costs capitalized to obtain revenue contracts, net",us-gaap:CapitalizedContractCostAmortization,reported,
cash_flow,us-gaap:CapitalizedContractCostAmortization,"Amortization of costs capitalized to obtain revenue contracts, net",6M24,946.0,CRM_SEC-XBRL-financials_as-presented_10-Q_2023-08-31_0001108524-23-000040.xlsx,Cash Flow,"Six Months Ended July 31, 2023","Amortization of costs capitalized to obtain revenue contracts, net",us-gaap:CapitalizedContractCostAmortization,reported,
cash_flow,us-gaap:ShareBasedCompensation,Stock-based compensation expense,2Q24,724.0,CRM_SEC-XBRL-financials_as-presented_10-Q_2023-08-31_0001108524-23-000040.xlsx,Cash Flow,"Three Months Ended July 31, 2023",Stock-based compensation expense,us-gaap:ShareBasedCompensation,reported,
cash_flow,us-gaap:ShareBasedCompensation,Stock-based compensation expense,6M24,1420.0,CRM_SEC-XBRL-financials_as-presented_10-Q_2023-08-31_0001108524-23-000040.xlsx,Cash Flow,"Six Months Ended July 31, 2023",Stock-based compensation expense,us-gaap:ShareBasedCompensation,reported,
cash_flow,us-gaap:GainLossOnInvestments,"(Gains) losses on strategic investments, net",2Q24,29.0,CRM_SEC-XBRL-financials_as-presented_10-Q_2023-08-31_0001108524-23-000040.xlsx,Cash Flow,"Three Months Ended July 31, 2023","(Gains) losses on strategic investments, net",us-gaap:GainLossOnInvestments,reported,
cash_flow,us-gaap:GainLossOnInvestments,"(Gains) losses on strategic investments, net",6M24,170.0,CRM_SEC-XBRL-financials_as-presented_10-Q_2023-08-31_0001108524-23-000040.xlsx,Cash Flow,"Six Months Ended July 31, 2023","(Gains) losses on strategic investments, net",us-gaap:GainLossOnInvestments,reported,
cash_flow,us-gaap:IncreaseDecreaseInAccountsReceivable,"Accounts receivable, net",2Q24,-768.0,CRM_SEC-XBRL-financials_as-presented_10-Q_2023-08-31_0001108524-23-000040.xlsx,Cash Flow,"Three Months Ended July 31, 2023","Accounts receivable, net",us-gaap:IncreaseDecreaseInAccountsReceivable,reported,
cash_flow,us-gaap:IncreaseDecreaseInAccountsReceivable,"Accounts receivable, net",6M24,5355.0,CRM_SEC-XBRL-financials_as-presented_10-Q_2023-08-31_0001108524-23-000040.xlsx,Cash Flow,"Six Months Ended July 31, 2023","Accounts receivable, net",us-gaap:IncreaseDecreaseInAccountsReceivable,reported,
cash_flow,crm:IncreaseDecreaseInCapitalizedContractCosts,"Costs capitalized to obtain revenue contracts, net",2Q24,-331.0,CRM_SEC-XBRL-financials_as-presented_10-Q_2023-08-31_0001108524-23-000040.xlsx,Cash Flow,"Three Months Ended July 31, 2023","Costs capitalized to obtain revenue contracts, net",crm:IncreaseDecreaseInCapitalizedContractCosts,reported,
cash_flow,crm:IncreaseDecreaseInCapitalizedContractCosts,"Costs capitalized to obtain revenue contracts, net",6M24,-606.0,CRM_SEC-XBRL-financials_as-presented_10-Q_2023-08-31_0001108524-23-000040.xlsx,Cash Flow,"Six Months Ended July 31, 2023","Costs capitalized to obtain revenue contracts, net",crm:IncreaseDecreaseInCapitalizedContractCosts,reported,
cash_flow,us-gaap:IncreaseDecreaseInPrepaidDeferredExpenseAndOtherAssets,Prepaid expenses and other current assets and other assets,2Q24,-52.0,CRM_SEC-XBRL-financials_as-presented_10-Q_2023-08-31_0001108524-23-000040.xlsx,Cash Flow,"Three Months Ended July 31, 2023",Prepaid expenses and other current assets and other assets,us-gaap:IncreaseDecreaseInPrepaidDeferredExpenseAndOtherAssets,reported,
cash_flow,us-gaap:IncreaseDecreaseInPrepaidDeferredExpenseAndOtherAssets,Prepaid expenses and other current assets and other assets,6M24,-343.0,CRM_SEC-XBRL-financials_as-presented_10-Q_2023-08-31_0001108524-23-000040.xlsx,Cash Flow,"Six Months Ended July 31, 2023",Prepaid expenses and other current assets and other assets,us-gaap:IncreaseDecreaseInPrepaidDeferredExpenseAndOtherAssets,reported,
cash_flow,us-gaap:IncreaseDecreaseInAccountsPayableAndAccruedLiabilities,Accounts payable and accrued expenses and other liabilities,2Q24,-376.0,CRM_SEC-XBRL-financials_as-presented_10-Q_2023-08-31_0001108524-23-000040.xlsx,Cash Flow,"Three Months Ended July 31, 2023",Accounts payable and accrued expenses and other liabilities,us-gaap:IncreaseDecreaseInAccountsPayableAndAccruedLiabilities,reported,
cash_flow,us-gaap:IncreaseDecreaseInAccountsPayableAndAccruedLiabilities,Accounts payable and accrued expenses and other liabilities,6M24,-1779.0,CRM_SEC-XBRL-financials_as-presented_10-Q_2023-08-31_0001108524-23-000040.xlsx,Cash Flow,"Six Months Ended July 31, 2023",Accounts payable and accrued expenses and other liabilities,us-gaap:IncreaseDecreaseInAccountsPayableAndAccruedLiabilities,reported,
cash_flow,us-gaap:IncreaseDecreaseInOperatingLeaseLiability,Operating lease liabilities,2Q24,-167.0,CRM_SEC-XBRL-financials_as-presented_10-Q_2023-08-31_0001108524-23-000040.xlsx,Cash Flow,"Three Months Ended July 31, 2023",Operating lease liabilities,us-gaap:IncreaseDecreaseInOperatingLeaseLiability,reported,
cash_flow,us-gaap:IncreaseDecreaseInOperatingLeaseLiability,Operating lease liabilities,6M24,-335.0,CRM_SEC-XBRL-financials_as-presented_10-Q_2023-08-31_0001108524-23-000040.xlsx,Cash Flow,"Six Months Ended July 31, 2023",Operating lease liabilities,us-gaap:IncreaseDecreaseInOperatingLeaseLiability,reported,
cash_flow,us-gaap:IncreaseDecreaseInContractWithCustomerLiability,Unearned revenue,2Q24,-884.0,CRM_SEC-XBRL-financials_as-presented_10-Q_2023-08-31_0001108524-23-000040.xlsx,Cash Flow,"Three Months Ended July 31, 2023",Unearned revenue,us-gaap:IncreaseDecreaseInContractWithCustomerLiability,reported,
cash_flow,us-gaap:IncreaseDecreaseInContractWithCustomerLiability,Unearned revenue,6M24,-3139.0,CRM_SEC-XBRL-financials_as-presented_10-Q_2023-08-31_0001108524-23-000040.xlsx,Cash Flow,"Six Months Ended July 31, 2023",Unearned revenue,us-gaap:IncreaseDecreaseInContractWithCustomerLiability,reported,
cash_flow,us-gaap:NetCashProvidedByUsedInOperatingActivities,Net cash provided by operating activities,2Q24,808.0,CRM_SEC-XBRL-financials_as-presented_10-Q_2023-08-31_0001108524-23-000040.xlsx,Cash Flow,"Three Months Ended July 31, 2023",Net cash provided by operating activities,us-gaap:NetCashProvidedByUsedInOperatingActivities,reported,
cash_flow,us-gaap:NetCashProvidedByUsedInOperatingActivities,Net cash provided by operating activities,6M24,5299.0,CRM_SEC-XBRL-financials_as-presented_10-Q_2023-08-31_0001108524-23-000040.xlsx,Cash Flow,"Six Months Ended July 31, 2023",Net cash provided by operating activities,us-gaap:NetCashProvidedByUsedInOperatingActivities,reported,
cash_flow,us-gaap:PaymentsToAcquireBusinessesNetOfCashAcquired,"Business combinations, net of cash acquired",2Q24,0.0,CRM_SEC-XBRL-financials_as-presented_10-Q_2023-08-31_0001108524-23-000040.xlsx,Cash Flow,"Three Months Ended July 31, 2023","Business combinations, net of cash acquired",us-gaap:PaymentsToAcquireBusinessesNetOfCashAcquired,reported,
cash_flow,us-gaap:PaymentsToAcquireBusinessesNetOfCashAcquired,"Business combinations, net of cash acquired",6M24,0.0,CRM_SEC-XBRL-financials_as-presented_10-Q_2023-08-31_0001108524-23-000040.xlsx,Cash Flow,"Six Months Ended July 31, 2023","Business combinations, net of cash acquired",us-gaap:PaymentsToAcquireBusinessesNetOfCashAcquired,reported,
cash_flow,us-gaap:PaymentsToAcquireLongtermInvestments,Purchases of strategic investments,2Q24,-182.0,CRM_SEC-XBRL-financials_as-presented_10-Q_2023-08-31_0001108524-23-000040.xlsx,Cash Flow,"Three Months Ended July 31, 2023",Purchases of strategic investments,us-gaap:PaymentsToAcquireLongtermInvestments,reported,
cash_flow,us-gaap:PaymentsToAcquireLongtermInvestments,Purchases of strategic investments,6M24,-287.0,CRM_SEC-XBRL-financials_as-presented_10-Q_2023-08-31_0001108524-23-000040.xlsx,Cash Flow,"Six Months Ended July 31, 2023",Purchases of strategic investments,us-gaap:PaymentsToAcquireLongtermInvestments,reported,
cash_flow,us-gaap:ProceedsFromSaleOfLongtermInvestments,Sales of strategic investments,2Q24,13.0,CRM_SEC-XBRL-financials_as-presented_10-Q_2023-08-31_0001108524-23-000040.xlsx,Cash Flow,"Three Months Ended July 31, 2023",Sales of strategic investments,us-gaap:ProceedsFromSaleOfLongtermInvestments,reported,
cash_flow,us-gaap:ProceedsFromSaleOfLongtermInvestments,Sales of strategic investments,6M24,22.0,CRM_SEC-XBRL-financials_as-presented_10-Q_2023-08-31_0001108524-23-000040.xlsx,Cash Flow,"Six Months Ended July 31, 2023",Sales of strategic investments,us-gaap:ProceedsFromSaleOfLongtermInvestments,reported,
cash_flow,us-gaap:PaymentsToAcquireAvailableForSaleSecuritiesDebt,Purchases of marketable securities,2Q24,-1798.0,CRM_SEC-XBRL-financials_as-presented_10-Q_2023-08-31_0001108524-23-000040.xlsx,Cash Flow,"Three Months Ended July 31, 2023",Purchases of marketable securities,us-gaap:PaymentsToAcquireAvailableForSaleSecuritiesDebt,reported,
cash_flow,us-gaap:PaymentsToAcquireAvailableForSaleSecuritiesDebt,Purchases of marketable securities,6M24,-2166.0,CRM_SEC-XBRL-financials_as-presented_10-Q_2023-08-31_0001108524-23-000040.xlsx,Cash Flow,"Six Months Ended July 31, 2023",Purchases of marketable securities,us-gaap:PaymentsToAcquireAvailableForSaleSecuritiesDebt,reported,
cash_flow,us-gaap:ProceedsFromSaleOfAvailableForSaleSecuritiesDebt,Sales of marketable securities,2Q24,533.0,CRM_SEC-XBRL-financials_as-presented_10-Q_2023-08-31_0001108524-23-000040.xlsx,Cash Flow,"Three Months Ended July 31, 2023",Sales of marketable securities,us-gaap:ProceedsFromSaleOfAvailableForSaleSecuritiesDebt,reported,
cash_flow,us-gaap:ProceedsFromSaleOfAvailableForSaleSecuritiesDebt,Sales of marketable securities,6M24,802.0,CRM_SEC-XBRL-financials_as-presented_10-Q_2023-08-31_0001108524-23-000040.xlsx,Cash Flow,"Six Months Ended July 31, 2023",Sales of marketable securities,us-gaap:ProceedsFromSaleOfAvailableForSaleSecuritiesDebt,reported,
cash_flow,us-gaap:ProceedsFromMaturitiesPrepaymentsAndCallsOfAvailableForSaleSecurities,Maturities of marketable securities,2Q24,462.0,CRM_SEC-XBRL-financials_as-presented_10-Q_2023-08-31_0001108524-23-000040.xlsx,Cash Flow,"Three Months Ended July 31, 2023",Maturities of marketable securities,us-gaap:ProceedsFromMaturitiesPrepaymentsAndCallsOfAvailableForSaleSecurities,reported,
cash_flow,us-gaap:ProceedsFromMaturitiesPrepaymentsAndCallsOfAvailableForSaleSecurities,Maturities of marketable securities,6M24,1247.0,CRM_SEC-XBRL-financials_as-presented_10-Q_2023-08-31_0001108524-23-000040.xlsx,Cash Flow,"Six Months Ended July 31, 2023",Maturities of marketable securities,us-gaap:ProceedsFromMaturitiesPrepaymentsAndCallsOfAvailableForSaleSecurities,reported,
cash_flow,us-gaap:PaymentsToAcquirePropertyPlantAndEquipment,Capital expenditures,2Q24,-180.0,CRM_SEC-XBRL-financials_as-presented_10-Q_2023-08-31_0001108524-23-000040.xlsx,Cash Flow,"Three Months Ended July 31, 2023",Capital expenditures,us-gaap:PaymentsToAcquirePropertyPlantAndEquipment,reported,
cash_flow,us-gaap:PaymentsToAcquirePropertyPlantAndEquipment,Capital expenditures,6M24,-423.0,CRM_SEC-XBRL-financials_as-presented_10-Q_2023-08-31_0001108524-23-000040.xlsx,Cash Flow,"Six Months Ended July 31, 2023",Capital expenditures,us-gaap:PaymentsToAcquirePropertyPlantAndEquipment,reported,
cash_flow,us-gaap:NetCashProvidedByUsedInInvestingActivities,Net cash used in investing activities,2Q24,-1152.0,CRM_SEC-XBRL-financials_as-presented_10-Q_2023-08-31_0001108524-23-000040.xlsx,Cash Flow,"Three Months Ended July 31, 2023",Net cash used in investing activities,us-gaap:NetCashProvidedByUsedInInvestingActivities,reported,
cash_flow,us-gaap:NetCashProvidedByUsedInInvestingActivities,Net cash used in investing activities,6M24,-805.0,CRM_SEC-XBRL-financials_as-presented_10-Q_2023-08-31_0001108524-23-000040.xlsx,Cash Flow,"Six Months Ended July 31, 2023",Net cash used in investing activities,us-gaap:NetCashProvidedByUsedInInvestingActivities,reported,
cash_flow,us-gaap:PaymentsForRepurchaseOfCommonStock,Repurchases of common stock,2Q24,-1949.0,CRM_SEC-XBRL-financials_as-presented_10-Q_2023-08-31_0001108524-23-000040.xlsx,Cash Flow,"Three Months Ended July 31, 2023",Repurchases of common stock,us-gaap:PaymentsForRepurchaseOfCommonStock,reported,
cash_flow,us-gaap:PaymentsForRepurchaseOfCommonStock,Repurchases of common stock,6M24,-4003.0,CRM_SEC-XBRL-financials_as-presented_10-Q_2023-08-31_0001108524-23-000040.xlsx,Cash Flow,"Six Months Ended July 31, 2023",Repurchases of common stock,us-gaap:PaymentsForRepurchaseOfCommonStock,reported,
cash_flow,us-gaap:ProceedsFromStockPlans,Proceeds from employee stock plans,2Q24,362.0,CRM_SEC-XBRL-financials_as-presented_10-Q_2023-08-31_0001108524-23-000040.xlsx,Cash Flow,"Three Months Ended July 31, 2023",Proceeds from employee stock plans,us-gaap:ProceedsFromStockPlans,reported,
cash_flow,us-gaap:ProceedsFromStockPlans,Proceeds from employee stock plans,6M24,811.0,CRM_SEC-XBRL-financials_as-presented_10-Q_2023-08-31_0001108524-23-000040.xlsx,Cash Flow,"Six Months Ended July 31, 2023",Proceeds from employee stock plans,us-gaap:ProceedsFromStockPlans,reported,
cash_flow,us-gaap:FinanceLeasePrincipalPayments,Principal payments on financing obligations,2Q24,-282.0,CRM_SEC-XBRL-financials_as-presented_10-Q_2023-08-31_0001108524-23-000040.xlsx,Cash Flow,"Three Months Ended July 31, 2023",Principal payments on financing obligations,us-gaap:FinanceLeasePrincipalPayments,reported,
cash_flow,us-gaap:FinanceLeasePrincipalPayments,Principal payments on financing obligations,6M24,-392.0,CRM_SEC-XBRL-financials_as-presented_10-Q_2023-08-31_0001108524-23-000040.xlsx,Cash Flow,"Six Months Ended July 31, 2023",Principal payments on financing obligations,us-gaap:FinanceLeasePrincipalPayments,reported,
cash_flow,us-gaap:RepaymentsOfLongTermLinesOfCredit,Repayments of debt,2Q24,-181.0,CRM_SEC-XBRL-financials_as-presented_10-Q_2023-08-31_0001108524-23-000040.xlsx,Cash Flow,"Three Months Ended July 31, 2023",Repayments of debt,us-gaap:RepaymentsOfLongTermLinesOfCredit,reported,
cash_flow,us-gaap:RepaymentsOfLongTermLinesOfCredit,Repayments of debt,6M24,-1182.0,CRM_SEC-XBRL-financials_as-presented_10-Q_2023-08-31_0001108524-23-000040.xlsx,Cash Flow,"Six Months Ended July 31, 2023",Repayments of debt,us-gaap:RepaymentsOfLongTermLinesOfCredit,reported,
cash_flow,us-gaap:NetCashProvidedByUsedInFinancingActivities,Net cash used in financing activities,2Q24,-2050.0,CRM_SEC-XBRL-financials_as-presented_10-Q_2023-08-31_0001108524-23-000040.xlsx,Cash Flow,"Three Months Ended July 31, 2023",Net cash provided by (used in) financing activities,us-gaap:NetCashProvidedByUsedInFinancingActivities,reported,
cash_flow,us-gaap:NetCashProvidedByUsedInFinancingActivities,Net cash used in financing activities,6M24,-4766.0,CRM_SEC-XBRL-financials_as-presented_10-Q_2023-08-31_0001108524-23-000040.xlsx,Cash Flow,"Six Months Ended July 31, 2023",Net cash provided by (used in) financing activities,us-gaap:NetCashProvidedByUsedInFinancingActivities,reported,
cash_flow,us-gaap:EffectOfExchangeRateOnCashCashEquivalentsRestrictedCashAndRestrictedCashEquivalents,Effect of exchange rate changes,2Q24,11.0,CRM_SEC-XBRL-financials_as-presented_10-Q_2023-08-31_0001108524-23-000040.xlsx,Cash Flow,"Three Months Ended July 31, 2023",Effect of exchange rate changes,us-gaap:EffectOfExchangeRateOnCashCashEquivalentsRestrictedCashAndRestrictedCashEquivalents,reported,
cash_flow,us-gaap:EffectOfExchangeRateOnCashCashEquivalentsRestrictedCashAndRestrictedCashEquivalents,Effect of exchange rate changes,6M24,28.0,CRM_SEC-XBRL-financials_as-presented_10-Q_2023-08-31_0001108524-23-000040.xlsx,Cash Flow,"Six Months Ended July 31, 2023",Effect of exchange rate changes,us-gaap:EffectOfExchangeRateOnCashCashEquivalentsRestrictedCashAndRestrictedCashEquivalents,reported,
cash_flow,us-gaap:CashCashEquivalentsRestrictedCashAndRestrictedCashEquivalentsPeriodIncreaseDecreaseIncludingExchangeRateEffect,Net increase (decrease) in cash and cash equivalents,2Q24,-2383.0,CRM_SEC-XBRL-financials_as-presented_10-Q_2023-08-31_0001108524-23-000040.xlsx,Cash Flow,"Three Months Ended July 31, 2023",Net increase (decrease) in cash and cash equivalents,us-gaap:CashCashEquivalentsRestrictedCashAndRestrictedCashEquivalentsPeriodIncreaseDecreaseIncludingExchangeRateEffect,reported,
cash_flow,us-gaap:CashCashEquivalentsRestrictedCashAndRestrictedCashEquivalentsPeriodIncreaseDecreaseIncludingExchangeRateEffect,Net increase (decrease) in cash and cash equivalents,6M24,-244.0,CRM_SEC-XBRL-financials_as-presented_10-Q_2023-08-31_0001108524-23-000040.xlsx,Cash Flow,"Six Months Ended July 31, 2023",Net increase (decrease) in cash and cash equivalents,us-gaap:CashCashEquivalentsRestrictedCashAndRestrictedCashEquivalentsPeriodIncreaseDecreaseIncludingExchangeRateEffect,reported,
cash_flow,us-gaap:CashCashEquivalentsRestrictedCashAndRestrictedCashEquivalents,"Cash and cash equivalents, beginning of period",2Q24,9155.0,CRM_SEC-XBRL-financials_as-presented_10-Q_2023-08-31_0001108524-23-000040.xlsx,Cash Flow,"Three Months Ended July 31, 2023","Cash and cash equivalents, beginning of period",us-gaap:CashCashEquivalentsRestrictedCashAndRestrictedCashEquivalents,reported,
cash_flow,us-gaap:CashCashEquivalentsRestrictedCashAndRestrictedCashEquivalents,"Cash and cash equivalents, beginning of period",6M24,7016.0,CRM_SEC-XBRL-financials_as-presented_10-Q_2023-08-31_0001108524-23-000040.xlsx,Cash Flow,"Six Months Ended July 31, 2023","Cash and cash equivalents, beginning of period",us-gaap:CashCashEquivalentsRestrictedCashAndRestrictedCashEquivalents,reported,
income_statement,us-gaap:RevenueFromContractWithCustomerExcludingAssessedTax,Subscription and support,3Q24,8141.0,CRM_SEC-XBRL-financials_as-presented_10-Q_2023-11-30_0001108524-23-000048.xlsx,Income Statement,"Three Months Ended October 31, 2023",Subscription and support,us-gaap:RevenueFromContractWithCustomerExcludingAssessedTax,reported,
income_statement,us-gaap:RevenueFromContractWithCustomerExcludingAssessedTax,Subscription and support,9M24,23789.0,CRM_SEC-XBRL-financials_as-presented_10-Q_2023-11-30_0001108524-23-000048.xlsx,Income Statement,"Nine Months Ended October 31, 2023",Subscription and support,us-gaap:RevenueFromContractWithCustomerExcludingAssessedTax,reported,
income_statement,us-gaap:CostOfGoodsAndServicesSold,Subscription and support,3Q24,1571.0,CRM_SEC-XBRL-financials_as-presented_10-Q_2023-11-30_0001108524-23-000048.xlsx,Income Statement,"Three Months Ended October 31, 2023",Subscription and support,us-gaap:CostOfGoodsAndServicesSold,reported,
income_statement,us-gaap:CostOfGoodsAndServicesSold,Subscription and support,9M24,4596.0,CRM_SEC-XBRL-financials_as-presented_10-Q_2023-11-30_0001108524-23-000048.xlsx,Income Statement,"Nine Months Ended October 31, 2023",Subscription and support,us-gaap:CostOfGoodsAndServicesSold,reported,
income_statement,us-gaap:GrossProfit,Gross profit,3Q24,6565.0,CRM_SEC-XBRL-financials_as-presented_10-Q_2023-11-30_0001108524-23-000048.xlsx,Income Statement,"Three Months Ended October 31, 2023",Gross profit,us-gaap:GrossProfit,reported,
income_statement,us-gaap:GrossProfit,Gross profit,9M24,19177.0,CRM_SEC-XBRL-financials_as-presented_10-Q_2023-11-30_0001108524-23-000048.xlsx,Income Statement,"Nine Months Ended October 31, 2023",Gross profit,us-gaap:GrossProfit,reported,
income_statement,us-gaap:ResearchAndDevelopmentExpense,Research and development,3Q24,1204.0,CRM_SEC-XBRL-financials_as-presented_10-Q_2023-11-30_0001108524-23-000048.xlsx,Income Statement,"Three Months Ended October 31, 2023",Research and development,us-gaap:ResearchAndDevelopmentExpense,reported,
income_statement,us-gaap:ResearchAndDevelopmentExpense,Research and development,9M24,3631.0,CRM_SEC-XBRL-financials_as-presented_10-Q_2023-11-30_0001108524-23-000048.xlsx,Income Statement,"Nine Months Ended October 31, 2023",Research and development,us-gaap:ResearchAndDevelopmentExpense,reported,
income_statement,us-gaap:SellingAndMarketingExpense,Sales and marketing,3Q24,3173.0,CRM_SEC-XBRL-financials_as-presented_10-Q_2023-11-30_0001108524-23-000048.xlsx,Income Statement,"Three Months Ended October 31, 2023",Marketing and sales,us-gaap:SellingAndMarketingExpense,reported,
income_statement,us-gaap:SellingAndMarketingExpense,Sales and marketing,9M24,9440.0,CRM_SEC-XBRL-financials_as-presented_10-Q_2023-11-30_0001108524-23-000048.xlsx,Income Statement,"Nine Months Ended October 31, 2023",Marketing and sales,us-gaap:SellingAndMarketingExpense,reported,
income_statement,us-gaap:GeneralAndAdministrativeExpense,General and administrative,3Q24,632.0,CRM_SEC-XBRL-financials_as-presented_10-Q_2023-11-30_0001108524-23-000048.xlsx,Income Statement,"Three Months Ended October 31, 2023",General and administrative,us-gaap:GeneralAndAdministrativeExpense,reported,
income_statement,us-gaap:GeneralAndAdministrativeExpense,General and administrative,9M24,1902.0,CRM_SEC-XBRL-financials_as-presented_10-Q_2023-11-30_0001108524-23-000048.xlsx,Income Statement,"Nine Months Ended October 31, 2023",General and administrative,us-gaap:GeneralAndAdministrativeExpense,reported,
income_statement,us-gaap:RestructuringCharges,Restructuring,3Q24,55.0,CRM_SEC-XBRL-financials_as-presented_10-Q_2023-11-30_0001108524-23-000048.xlsx,Income Statement,"Three Months Ended October 31, 2023",Restructuring,us-gaap:RestructuringCharges,reported,
income_statement,us-gaap:RestructuringCharges,Restructuring,9M24,815.0,CRM_SEC-XBRL-financials_as-presented_10-Q_2023-11-30_0001108524-23-000048.xlsx,Income Statement,"Nine Months Ended October 31, 2023",Restructuring,us-gaap:RestructuringCharges,reported,
income_statement,us-gaap:OperatingExpenses,Total operating expenses,3Q24,5064.0,CRM_SEC-XBRL-financials_as-presented_10-Q_2023-11-30_0001108524-23-000048.xlsx,Income Statement,"Three Months Ended October 31, 2023",Total operating expenses,us-gaap:OperatingExpenses,reported,
income_statement,us-gaap:OperatingExpenses,Total operating expenses,9M24,15788.0,CRM_SEC-XBRL-financials_as-presented_10-Q_2023-11-30_0001108524-23-000048.xlsx,Income Statement,"Nine Months Ended October 31, 2023",Total operating expenses,us-gaap:OperatingExpenses,reported,
income_statement,us-gaap:OperatingIncomeLoss,Income from operations,3Q24,1501.0,CRM_SEC-XBRL-financials_as-presented_10-Q_2023-11-30_0001108524-23-000048.xlsx,Income Statement,"Three Months Ended October 31, 2023",Income from operations,us-gaap:OperatingIncomeLoss,reported,
income_statement,us-gaap:OperatingIncomeLoss,Income from operations,9M24,3389.0,CRM_SEC-XBRL-financials_as-presented_10-Q_2023-11-30_0001108524-23-000048.xlsx,Income Statement,"Nine Months Ended October 31, 2023",Income from operations,us-gaap:OperatingIncomeLoss,reported,
income_statement,us-gaap:GainLossOnInvestments,"Gains (losses) on strategic investments, net",3Q24,-72.0,CRM_SEC-XBRL-financials_as-presented_10-Q_2023-11-30_0001108524-23-000048.xlsx,Income Statement,"Three Months Ended October 31, 2023","Gains (losses) on strategic investments, net",us-gaap:GainLossOnInvestments,reported,
income_statement,us-gaap:GainLossOnInvestments,"Gains (losses) on strategic investments, net",9M24,-242.0,CRM_SEC-XBRL-financials_as-presented_10-Q_2023-11-30_0001108524-23-000048.xlsx,Income Statement,"Nine Months Ended October 31, 2023","Gains (losses) on strategic investments, net",us-gaap:GainLossOnInvestments,reported,
income_statement,us-gaap:OtherNonoperatingIncomeExpense,Other income,3Q24,58.0,CRM_SEC-XBRL-financials_as-presented_10-Q_2023-11-30_0001108524-23-000048.xlsx,Income Statement,"Three Months Ended October 31, 2023",Other income (expense),us-gaap:OtherNonoperatingIncomeExpense,reported,
income_statement,us-gaap:OtherNonoperatingIncomeExpense,Other income,9M24,158.0,CRM_SEC-XBRL-financials_as-presented_10-Q_2023-11-30_0001108524-23-000048.xlsx,Income Statement,"Nine Months Ended October 31, 2023",Other income (expense),us-gaap:OtherNonoperatingIncomeExpense,reported,
income_statement,us-gaap:IncomeLossFromContinuingOperationsBeforeIncomeTaxesExtraordinaryItemsNoncontrollingInterest,Income before provision for income taxes,3Q24,1487.0,CRM_SEC-XBRL-financials_as-presented_10-Q_2023-11-30_0001108524-23-000048.xlsx,Income Statement,"Three Months Ended October 31, 2023",Income before provision for income taxes,us-gaap:IncomeLossFromContinuingOperationsBeforeIncomeTaxesExtraordinaryItemsNoncontrollingInterest,reported,
income_statement,us-gaap:IncomeLossFromContinuingOperationsBeforeIncomeTaxesExtraordinaryItemsNoncontrollingInterest,Income before provision for income taxes,9M24,3305.0,CRM_SEC-XBRL-financials_as-presented_10-Q_2023-11-30_0001108524-23-000048.xlsx,Income Statement,"Nine Months Ended October 31, 2023",Income before provision for income taxes,us-gaap:IncomeLossFromContinuingOperationsBeforeIncomeTaxesExtraordinaryItemsNoncontrollingInterest,reported,
income_statement,us-gaap:IncomeTaxExpenseBenefit,Provision for income taxes,3Q24,-263.0,CRM_SEC-XBRL-financials_as-presented_10-Q_2023-11-30_0001108524-23-000048.xlsx,Income Statement,"Three Months Ended October 31, 2023",Provision for income taxes,us-gaap:IncomeTaxExpenseBenefit,reported,
income_statement,us-gaap:IncomeTaxExpenseBenefit,Provision for income taxes,9M24,-615.0,CRM_SEC-XBRL-financials_as-presented_10-Q_2023-11-30_0001108524-23-000048.xlsx,Income Statement,"Nine Months Ended October 31, 2023",Provision for income taxes,us-gaap:IncomeTaxExpenseBenefit,reported,
income_statement,us-gaap:NetIncomeLoss,Net income,3Q24,1224.0,CRM_SEC-XBRL-financials_as-presented_10-Q_2023-11-30_0001108524-23-000048.xlsx,Income Statement,"Three Months Ended October 31, 2023",Net income,us-gaap:NetIncomeLoss,reported,
income_statement,us-gaap:NetIncomeLoss,Net income,9M24,2690.0,CRM_SEC-XBRL-financials_as-presented_10-Q_2023-11-30_0001108524-23-000048.xlsx,Income Statement,"Nine Months Ended October 31, 2023",Net income,us-gaap:NetIncomeLoss,reported,
income_statement,us-gaap:EarningsPerShareBasic,Basic net income per share,3Q24,1.26,CRM_SEC-XBRL-financials_as-presented_10-Q_2023-11-30_0001108524-23-000048.xlsx,Income Statement,"Three Months Ended October 31, 2023",Basic net income per share,us-gaap:EarningsPerShareBasic,reported,
income_statement,us-gaap:EarningsPerShareBasic,Basic net income per share,9M24,2.76,CRM_SEC-XBRL-financials_as-presented_10-Q_2023-11-30_0001108524-23-000048.xlsx,Income Statement,"Nine Months Ended October 31, 2023",Basic net income per share,us-gaap:EarningsPerShareBasic,reported,
income_statement,us-gaap:EarningsPerShareDiluted,Diluted net income per share,3Q24,1.25,CRM_SEC-XBRL-financials_as-presented_10-Q_2023-11-30_0001108524-23-000048.xlsx,Income Statement,"Three Months Ended October 31, 2023",Diluted net income per share,us-gaap:EarningsPerShareDiluted,reported,
income_statement,us-gaap:EarningsPerShareDiluted,Diluted net income per share,9M24,2.73,CRM_SEC-XBRL-financials_as-presented_10-Q_2023-11-30_0001108524-23-000048.xlsx,Income Statement,"Nine Months Ended October 31, 2023",Diluted net income per share,us-gaap:EarningsPerShareDiluted,reported,
income_statement,us-gaap:WeightedAverageNumberOfSharesOutstandingBasic,Shares used in computing basic net income per share,3Q24,972.0,CRM_SEC-XBRL-financials_as-presented_10-Q_2023-11-30_0001108524-23-000048.xlsx,Income Statement,"Three Months Ended October 31, 2023",Shares used in computing basic net income per share,us-gaap:WeightedAverageNumberOfSharesOutstandingBasic,reported,
income_statement,us-gaap:WeightedAverageNumberOfSharesOutstandingBasic,Shares used in computing basic net income per share,9M24,976.0,CRM_SEC-XBRL-financials_as-presented_10-Q_2023-11-30_0001108524-23-000048.xlsx,Income Statement,"Nine Months Ended October 31, 2023",Shares used in computing basic net income per share,us-gaap:WeightedAverageNumberOfSharesOutstandingBasic,reported,
income_statement,us-gaap:WeightedAverageNumberOfDilutedSharesOutstanding,Shares used in computing diluted net income per share,3Q24,981.0,CRM_SEC-XBRL-financials_as-presented_10-Q_2023-11-30_0001108524-23-000048.xlsx,Income Statement,"Three Months Ended October 31, 2023",Shares used in computing diluted net income per share,us-gaap:WeightedAverageNumberOfDilutedSharesOutstanding,reported,
income_statement,us-gaap:WeightedAverageNumberOfDilutedSharesOutstanding,Shares used in computing diluted net income per share,9M24,985.0,CRM_SEC-XBRL-financials_as-presented_10-Q_2023-11-30_0001108524-23-000048.xlsx,Income Statement,"Nine Months Ended October 31, 2023",Shares used in computing diluted net income per share,us-gaap:WeightedAverageNumberOfDilutedSharesOutstanding,reported,
balance_sheet,us-gaap:CashAndCashEquivalentsAtCarryingValue,Cash and cash equivalents,3Q24,6453.0,CRM_SEC-XBRL-financials_as-presented_10-Q_2023-11-30_0001108524-23-000048.xlsx,Balance Sheet,"October 31, 2023 (unaudited)",Cash and cash equivalents,us-gaap:CashAndCashEquivalentsAtCarryingValue,reported,
balance_sheet,us-gaap:AvailableForSaleSecuritiesDebtSecuritiesCurrent,Marketable securities,3Q24,5410.0,CRM_SEC-XBRL-financials_as-presented_10-Q_2023-11-30_0001108524-23-000048.xlsx,Balance Sheet,"October 31, 2023 (unaudited)",Marketable securities,us-gaap:AvailableForSaleSecuritiesDebtSecuritiesCurrent,reported,
balance_sheet,us-gaap:AccountsReceivableNetCurrent,"Accounts receivable, net",3Q24,4850.0,CRM_SEC-XBRL-financials_as-presented_10-Q_2023-11-30_0001108524-23-000048.xlsx,Balance Sheet,"October 31, 2023 (unaudited)","Accounts receivable, net",us-gaap:AccountsReceivableNetCurrent,reported,
balance_sheet,us-gaap:CapitalizedContractCostNetCurrent,"Costs capitalized to obtain revenue contracts, net",3Q24,1757.0,CRM_SEC-XBRL-financials_as-presented_10-Q_2023-11-30_0001108524-23-000048.xlsx,Balance Sheet,"October 31, 2023 (unaudited)","Costs capitalized to obtain revenue contracts, net",us-gaap:CapitalizedContractCostNetCurrent,reported,
balance_sheet,us-gaap:PrepaidExpenseAndOtherAssetsCurrent,Prepaid expenses and other current assets,3Q24,1732.0,CRM_SEC-XBRL-financials_as-presented_10-Q_2023-11-30_0001108524-23-000048.xlsx,Balance Sheet,"October 31, 2023 (unaudited)",Prepaid expenses and other current assets,us-gaap:PrepaidExpenseAndOtherAssetsCurrent,reported,
balance_sheet,us-gaap:AssetsCurrent,Total current assets,3Q24,20202.0,CRM_SEC-XBRL-financials_as-presented_10-Q_2023-11-30_0001108524-23-000048.xlsx,Balance Sheet,"October 31, 2023 (unaudited)",Total current assets,us-gaap:AssetsCurrent,reported,
balance_sheet,us-gaap:PropertyPlantAndEquipmentAndFinanceLeaseRightOfUseAssetAfterAccumulatedDepreciationAndAmortization,"Property and equipment, net",3Q24,3807.0,CRM_SEC-XBRL-financials_as-presented_10-Q_2023-11-30_0001108524-23-000048.xlsx,Balance Sheet,"October 31, 2023 (unaudited)","Property and equipment, net",us-gaap:PropertyPlantAndEquipmentAndFinanceLeaseRightOfUseAssetAfterAccumulatedDepreciationAndAmortization,reported,
balance_sheet,us-gaap:OperatingLeaseRightOfUseAsset,"Operating lease right-of-use assets, net",3Q24,2518.0,CRM_SEC-XBRL-financials_as-presented_10-Q_2023-11-30_0001108524-23-000048.xlsx,Balance Sheet,"October 31, 2023 (unaudited)","Operating lease right-of-use assets, net",us-gaap:OperatingLeaseRightOfUseAsset,reported,
balance_sheet,us-gaap:CapitalizedContractCostNetNoncurrent,"Noncurrent costs capitalized to obtain revenue contracts, net",3Q24,2194.0,CRM_SEC-XBRL-financials_as-presented_10-Q_2023-11-30_0001108524-23-000048.xlsx,Balance Sheet,"October 31, 2023 (unaudited)","Noncurrent costs capitalized to obtain revenue contracts, net",us-gaap:CapitalizedContractCostNetNoncurrent,reported,
balance_sheet,us-gaap:OtherLongTermInvestments,Strategic investments,3Q24,4774.0,CRM_SEC-XBRL-financials_as-presented_10-Q_2023-11-30_0001108524-23-000048.xlsx,Balance Sheet,"October 31, 2023 (unaudited)",Strategic investments,us-gaap:OtherLongTermInvestments,reported,
balance_sheet,us-gaap:Goodwill,Goodwill,3Q24,48614.0,CRM_SEC-XBRL-financials_as-presented_10-Q_2023-11-30_0001108524-23-000048.xlsx,Balance Sheet,"October 31, 2023 (unaudited)",Goodwill,us-gaap:Goodwill,reported,
balance_sheet,us-gaap:IntangibleAssetsNetExcludingGoodwill,"Intangible assets acquired through business combinations, net",3Q24,5737.0,CRM_SEC-XBRL-financials_as-presented_10-Q_2023-11-30_0001108524-23-000048.xlsx,Balance Sheet,"October 31, 2023 (unaudited)","Intangible assets acquired through business combinations, net",us-gaap:IntangibleAssetsNetExcludingGoodwill,reported,
balance_sheet,us-gaap:OtherAssetsNoncurrent,"Deferred tax assets and other assets, net",3Q24,3176.0,CRM_SEC-XBRL-financials_as-presented_10-Q_2023-11-30_0001108524-23-000048.xlsx,Balance Sheet,"October 31, 2023 (unaudited)","Deferred tax assets and other assets, net",us-gaap:OtherAssetsNoncurrent,reported,
balance_sheet,us-gaap:Assets,Total assets,3Q24,91022.0,CRM_SEC-XBRL-financials_as-presented_10-Q_2023-11-30_0001108524-23-000048.xlsx,Balance Sheet,"October 31, 2023 (unaudited)",Total assets,us-gaap:Assets,reported,
balance_sheet,us-gaap:AccountsPayableAndOtherAccruedLiabilitiesCurrent,"Accounts payable, accrued expenses and other liabilities",3Q24,5308.0,CRM_SEC-XBRL-financials_as-presented_10-Q_2023-11-30_0001108524-23-000048.xlsx,Balance Sheet,"October 31, 2023 (unaudited)","Accounts payable, accrued expenses and other liabilities",us-gaap:AccountsPayableAndOtherAccruedLiabilitiesCurrent,reported,
balance_sheet,us-gaap:OperatingLeaseLiabilityCurrent,"Operating lease liabilities, current",3Q24,523.0,CRM_SEC-XBRL-financials_as-presented_10-Q_2023-11-30_0001108524-23-000048.xlsx,Balance Sheet,"October 31, 2023 (unaudited)","Operating lease liabilities, current",us-gaap:OperatingLeaseLiabilityCurrent,reported,
balance_sheet,us-gaap:ContractWithCustomerLiabilityCurrent,Unearned revenue,3Q24,12564.0,CRM_SEC-XBRL-financials_as-presented_10-Q_2023-11-30_0001108524-23-000048.xlsx,Balance Sheet,"October 31, 2023 (unaudited)",Unearned revenue,us-gaap:ContractWithCustomerLiabilityCurrent,reported,
balance_sheet,us-gaap:ConvertibleDebtCurrent,"Debt, current",3Q24,999.0,CRM_SEC-XBRL-financials_as-presented_10-Q_2023-11-30_0001108524-23-000048.xlsx,Balance Sheet,"October 31, 2023 (unaudited)","Debt, current",us-gaap:ConvertibleDebtCurrent,reported,
balance_sheet,us-gaap:LiabilitiesCurrent,Total current liabilities,3Q24,19394.0,CRM_SEC-XBRL-financials_as-presented_10-Q_2023-11-30_0001108524-23-000048.xlsx,Balance Sheet,"October 31, 2023 (unaudited)",Total current liabilities,us-gaap:LiabilitiesCurrent,reported,
balance_sheet,us-gaap:LongTermDebtNoncurrent,Noncurrent debt,3Q24,8426.0,CRM_SEC-XBRL-financials_as-presented_10-Q_2023-11-30_0001108524-23-000048.xlsx,Balance Sheet,"October 31, 2023 (unaudited)",Noncurrent debt,us-gaap:LongTermDebtNoncurrent,reported,
balance_sheet,us-gaap:OperatingLeaseLiabilityNoncurrent,Noncurrent operating lease liabilities,3Q24,2764.0,CRM_SEC-XBRL-financials_as-presented_10-Q_2023-11-30_0001108524-23-000048.xlsx,Balance Sheet,"October 31, 2023 (unaudited)",Noncurrent operating lease liabilities,us-gaap:OperatingLeaseLiabilityNoncurrent,reported,
balance_sheet,us-gaap:OtherLiabilitiesNoncurrent,Other noncurrent liabilities,3Q24,2348.0,CRM_SEC-XBRL-financials_as-presented_10-Q_2023-11-30_0001108524-23-000048.xlsx,Balance Sheet,"October 31, 2023 (unaudited)",Other noncurrent liabilities,us-gaap:OtherLiabilitiesNoncurrent,reported,
balance_sheet,us-gaap:Liabilities,Total liabilities,3Q24,32932.0,CRM_SEC-XBRL-financials_as-presented_10-Q_2023-11-30_0001108524-23-000048.xlsx,Balance Sheet,"October 31, 2023 (unaudited)",Total liabilities,us-gaap:Liabilities,reported,
balance_sheet,us-gaap:CommonStockValue,Common stock,3Q24,1.0,CRM_SEC-XBRL-financials_as-presented_10-Q_2023-11-30_0001108524-23-000048.xlsx,Balance Sheet,"October 31, 2023 (unaudited)",Common stock,us-gaap:CommonStockValue,reported,
balance_sheet,us-gaap:TreasuryStockCommonValue,"Treasury stock, at cost",3Q24,-10004.0,CRM_SEC-XBRL-financials_as-presented_10-Q_2023-11-30_0001108524-23-000048.xlsx,Balance Sheet,"October 31, 2023 (unaudited)","Treasury stock, at cost",us-gaap:TreasuryStockCommonValue,reported,
balance_sheet,us-gaap:AdditionalPaidInCapitalCommonStock,Additional paid-in capital,3Q24,58149.0,CRM_SEC-XBRL-financials_as-presented_10-Q_2023-11-30_0001108524-23-000048.xlsx,Balance Sheet,"October 31, 2023 (unaudited)",Additional paid-in capital,us-gaap:AdditionalPaidInCapitalCommonStock,reported,
balance_sheet,us-gaap:AccumulatedOtherComprehensiveIncomeLossNetOfTax,Accumulated other comprehensive income (loss),3Q24,-331.0,CRM_SEC-XBRL-financials_as-presented_10-Q_2023-11-30_0001108524-23-000048.xlsx,Balance Sheet,"October 31, 2023 (unaudited)",Accumulated other comprehensive loss,us-gaap:AccumulatedOtherComprehensiveIncomeLossNetOfTax,reported,
balance_sheet,us-gaap:RetainedEarningsAccumulatedDeficit,Retained earnings,3Q24,10275.0,CRM_SEC-XBRL-financials_as-presented_10-Q_2023-11-30_0001108524-23-000048.xlsx,Balance Sheet,"October 31, 2023 (unaudited)",Retained earnings,us-gaap:RetainedEarningsAccumulatedDeficit,reported,
balance_sheet,us-gaap:StockholdersEquity,Total stockholders’ equity,3Q24,58090.0,CRM_SEC-XBRL-financials_as-presented_10-Q_2023-11-30_0001108524-23-000048.xlsx,Balance Sheet,"October 31, 2023 (unaudited)",Total stockholders’ equity,us-gaap:StockholdersEquity,reported,
balance_sheet,us-gaap:LiabilitiesAndStockholdersEquity,Total liabilities and stockholders’ equity,3Q24,91022.0,CRM_SEC-XBRL-financials_as-presented_10-Q_2023-11-30_0001108524-23-000048.xlsx,Balance Sheet,"October 31, 2023 (unaudited)",Total liabilities and stockholders’ equity,us-gaap:LiabilitiesAndStockholdersEquity,reported,
cash_flow,us-gaap:NetIncomeLoss,Net income,3Q24,1224.0,CRM_SEC-XBRL-financials_as-presented_10-Q_2023-11-30_0001108524-23-000048.xlsx,Cash Flow,"Three Months Ended October 31, 2023",Net income,us-gaap:NetIncomeLoss,reported,
cash_flow,us-gaap:NetIncomeLoss,Net income,9M24,2690.0,CRM_SEC-XBRL-financials_as-presented_10-Q_2023-11-30_0001108524-23-000048.xlsx,Cash Flow,"Nine Months Ended October 31, 2023",Net income,us-gaap:NetIncomeLoss,reported,
cash_flow,us-gaap:DepreciationAndAmortization,Depreciation and amortization (1),3Q24,862.0,CRM_SEC-XBRL-financials_as-presented_10-Q_2023-11-30_0001108524-23-000048.xlsx,Cash Flow,"Three Months Ended October 31, 2023",Depreciation and amortization (1),us-gaap:DepreciationAndAmortization,reported,
cash_flow,us-gaap:DepreciationAndAmortization,Depreciation and amortization (1),9M24,3006.0,CRM_SEC-XBRL-financials_as-presented_10-Q_2023-11-30_0001108524-23-000048.xlsx,Cash Flow,"Nine Months Ended October 31, 2023",Depreciation and amortization (1),us-gaap:DepreciationAndAmortization,reported,
cash_flow,us-gaap:CapitalizedContractCostAmortization,"Amortization of costs capitalized to obtain revenue contracts, net",3Q24,482.0,CRM_SEC-XBRL-financials_as-presented_10-Q_2023-11-30_0001108524-23-000048.xlsx,Cash Flow,"Three Months Ended October 31, 2023","Amortization of costs capitalized to obtain revenue contracts, net",us-gaap:CapitalizedContractCostAmortization,reported,
cash_flow,us-gaap:CapitalizedContractCostAmortization,"Amortization of costs capitalized to obtain revenue contracts, net",9M24,1428.0,CRM_SEC-XBRL-financials_as-presented_10-Q_2023-11-30_0001108524-23-000048.xlsx,Cash Flow,"Nine Months Ended October 31, 2023","Amortization of costs capitalized to obtain revenue contracts, net",us-gaap:CapitalizedContractCostAmortization,reported,
cash_flow,us-gaap:ShareBasedCompensation,Stock-based compensation expense,3Q24,693.0,CRM_SEC-XBRL-financials_as-presented_10-Q_2023-11-30_0001108524-23-000048.xlsx,Cash Flow,"Three Months Ended October 31, 2023",Stock-based compensation expense,us-gaap:ShareBasedCompensation,reported,
cash_flow,us-gaap:ShareBasedCompensation,Stock-based compensation expense,9M24,2113.0,CRM_SEC-XBRL-financials_as-presented_10-Q_2023-11-30_0001108524-23-000048.xlsx,Cash Flow,"Nine Months Ended October 31, 2023",Stock-based compensation expense,us-gaap:ShareBasedCompensation,reported,
cash_flow,us-gaap:GainLossOnInvestments,"(Gains) losses on strategic investments, net",3Q24,72.0,CRM_SEC-XBRL-financials_as-presented_10-Q_2023-11-30_0001108524-23-000048.xlsx,Cash Flow,"Three Months Ended October 31, 2023","(Gains) losses on strategic investments, net",us-gaap:GainLossOnInvestments,reported,
cash_flow,us-gaap:GainLossOnInvestments,"(Gains) losses on strategic investments, net",9M24,242.0,CRM_SEC-XBRL-financials_as-presented_10-Q_2023-11-30_0001108524-23-000048.xlsx,Cash Flow,"Nine Months Ended October 31, 2023","(Gains) losses on strategic investments, net",us-gaap:GainLossOnInvestments,reported,
cash_flow,us-gaap:IncreaseDecreaseInAccountsReceivable,"Accounts receivable, net",3Q24,550.0,CRM_SEC-XBRL-financials_as-presented_10-Q_2023-11-30_0001108524-23-000048.xlsx,Cash Flow,"Three Months Ended October 31, 2023","Accounts receivable, net",us-gaap:IncreaseDecreaseInAccountsReceivable,reported,
cash_flow,us-gaap:IncreaseDecreaseInAccountsReceivable,"Accounts receivable, net",9M24,5905.0,CRM_SEC-XBRL-financials_as-presented_10-Q_2023-11-30_0001108524-23-000048.xlsx,Cash Flow,"Nine Months Ended October 31, 2023","Accounts receivable, net",us-gaap:IncreaseDecreaseInAccountsReceivable,reported,
cash_flow,crm:IncreaseDecreaseInCapitalizedContractCosts,"Costs capitalized to obtain revenue contracts, net",3Q24,-300.0,CRM_SEC-XBRL-financials_as-presented_10-Q_2023-11-30_0001108524-23-000048.xlsx,Cash Flow,"Three Months Ended October 31, 2023","Costs capitalized to obtain revenue contracts, net",crm:IncreaseDecreaseInCapitalizedContractCosts,reported,
cash_flow,crm:IncreaseDecreaseInCapitalizedContractCosts,"Costs capitalized to obtain revenue contracts, net",9M24,-906.0,CRM_SEC-XBRL-financials_as-presented_10-Q_2023-11-30_0001108524-23-000048.xlsx,Cash Flow,"Nine Months Ended October 31, 2023","Costs capitalized to obtain revenue contracts, net",crm:IncreaseDecreaseInCapitalizedContractCosts,reported,
cash_flow,us-gaap:IncreaseDecreaseInPrepaidDeferredExpenseAndOtherAssets,Prepaid expenses and other current assets and other assets,3Q24,-407.0,CRM_SEC-XBRL-financials_as-presented_10-Q_2023-11-30_0001108524-23-000048.xlsx,Cash Flow,"Three Months Ended October 31, 2023",Prepaid expenses and other current assets and other assets,us-gaap:IncreaseDecreaseInPrepaidDeferredExpenseAndOtherAssets,reported,
cash_flow,us-gaap:IncreaseDecreaseInPrepaidDeferredExpenseAndOtherAssets,Prepaid expenses and other current assets and other assets,9M24,-750.0,CRM_SEC-XBRL-financials_as-presented_10-Q_2023-11-30_0001108524-23-000048.xlsx,Cash Flow,"Nine Months Ended October 31, 2023",Prepaid expenses and other current assets and other assets,us-gaap:IncreaseDecreaseInPrepaidDeferredExpenseAndOtherAssets,reported,
cash_flow,us-gaap:IncreaseDecreaseInAccountsPayableAndAccruedLiabilities,Accounts payable and accrued expenses and other liabilities,3Q24,172.0,CRM_SEC-XBRL-financials_as-presented_10-Q_2023-11-30_0001108524-23-000048.xlsx,Cash Flow,"Three Months Ended October 31, 2023",Accounts payable and accrued expenses and other liabilities,us-gaap:IncreaseDecreaseInAccountsPayableAndAccruedLiabilities,reported,
cash_flow,us-gaap:IncreaseDecreaseInAccountsPayableAndAccruedLiabilities,Accounts payable and accrued expenses and other liabilities,9M24,-1607.0,CRM_SEC-XBRL-financials_as-presented_10-Q_2023-11-30_0001108524-23-000048.xlsx,Cash Flow,"Nine Months Ended October 31, 2023",Accounts payable and accrued expenses and other liabilities,us-gaap:IncreaseDecreaseInAccountsPayableAndAccruedLiabilities,reported,
cash_flow,us-gaap:IncreaseDecreaseInOperatingLeaseLiability,Operating lease liabilities,3Q24,-139.0,CRM_SEC-XBRL-financials_as-presented_10-Q_2023-11-30_0001108524-23-000048.xlsx,Cash Flow,"Three Months Ended October 31, 2023",Operating lease liabilities,us-gaap:IncreaseDecreaseInOperatingLeaseLiability,reported,
cash_flow,us-gaap:IncreaseDecreaseInOperatingLeaseLiability,Operating lease liabilities,9M24,-474.0,CRM_SEC-XBRL-financials_as-presented_10-Q_2023-11-30_0001108524-23-000048.xlsx,Cash Flow,"Nine Months Ended October 31, 2023",Operating lease liabilities,us-gaap:IncreaseDecreaseInOperatingLeaseLiability,reported,
cash_flow,us-gaap:IncreaseDecreaseInContractWithCustomerLiability,Unearned revenue,3Q24,-1677.0,CRM_SEC-XBRL-financials_as-presented_10-Q_2023-11-30_0001108524-23-000048.xlsx,Cash Flow,"Three Months Ended October 31, 2023",Unearned revenue,us-gaap:IncreaseDecreaseInContractWithCustomerLiability,reported,
cash_flow,us-gaap:IncreaseDecreaseInContractWithCustomerLiability,Unearned revenue,9M24,-4816.0,CRM_SEC-XBRL-financials_as-presented_10-Q_2023-11-30_0001108524-23-000048.xlsx,Cash Flow,"Nine Months Ended October 31, 2023",Unearned revenue,us-gaap:IncreaseDecreaseInContractWithCustomerLiability,reported,
cash_flow,us-gaap:NetCashProvidedByUsedInOperatingActivities,Net cash provided by operating activities,3Q24,1532.0,CRM_SEC-XBRL-financials_as-presented_10-Q_2023-11-30_0001108524-23-000048.xlsx,Cash Flow,"Three Months Ended October 31, 2023",Net cash provided by operating activities,us-gaap:NetCashProvidedByUsedInOperatingActivities,reported,
cash_flow,us-gaap:NetCashProvidedByUsedInOperatingActivities,Net cash provided by operating activities,9M24,6831.0,CRM_SEC-XBRL-financials_as-presented_10-Q_2023-11-30_0001108524-23-000048.xlsx,Cash Flow,"Nine Months Ended October 31, 2023",Net cash provided by operating activities,us-gaap:NetCashProvidedByUsedInOperatingActivities,reported,
cash_flow,us-gaap:PaymentsToAcquireBusinessesNetOfCashAcquired,"Business combinations, net of cash acquired",3Q24,-82.0,CRM_SEC-XBRL-financials_as-presented_10-Q_2023-11-30_0001108524-23-000048.xlsx,Cash Flow,"Three Months Ended October 31, 2023","Business combinations, net of cash acquired",us-gaap:PaymentsToAcquireBusinessesNetOfCashAcquired,reported,
cash_flow,us-gaap:PaymentsToAcquireBusinessesNetOfCashAcquired,"Business combinations, net of cash acquired",9M24,-82.0,CRM_SEC-XBRL-financials_as-presented_10-Q_2023-11-30_0001108524-23-000048.xlsx,Cash Flow,"Nine Months Ended October 31, 2023","Business combinations, net of cash acquired",us-gaap:PaymentsToAcquireBusinessesNetOfCashAcquired,reported,
cash_flow,us-gaap:PaymentsToAcquireLongtermInvestments,Purchases of strategic investments,3Q24,-103.0,CRM_SEC-XBRL-financials_as-presented_10-Q_2023-11-30_0001108524-23-000048.xlsx,Cash Flow,"Three Months Ended October 31, 2023",Purchases of strategic investments,us-gaap:PaymentsToAcquireLongtermInvestments,reported,
cash_flow,us-gaap:PaymentsToAcquireLongtermInvestments,Purchases of strategic investments,9M24,-390.0,CRM_SEC-XBRL-financials_as-presented_10-Q_2023-11-30_0001108524-23-000048.xlsx,Cash Flow,"Nine Months Ended October 31, 2023",Purchases of strategic investments,us-gaap:PaymentsToAcquireLongtermInvestments,reported,
cash_flow,us-gaap:ProceedsFromSaleOfLongtermInvestments,Sales of strategic investments,3Q24,80.0,CRM_SEC-XBRL-financials_as-presented_10-Q_2023-11-30_0001108524-23-000048.xlsx,Cash Flow,"Three Months Ended October 31, 2023",Sales of strategic investments,us-gaap:ProceedsFromSaleOfLongtermInvestments,reported,
cash_flow,us-gaap:ProceedsFromSaleOfLongtermInvestments,Sales of strategic investments,9M24,102.0,CRM_SEC-XBRL-financials_as-presented_10-Q_2023-11-30_0001108524-23-000048.xlsx,Cash Flow,"Nine Months Ended October 31, 2023",Sales of strategic investments,us-gaap:ProceedsFromSaleOfLongtermInvestments,reported,
cash_flow,us-gaap:PaymentsToAcquireAvailableForSaleSecuritiesDebt,Purchases of marketable securities,3Q24,-661.0,CRM_SEC-XBRL-financials_as-presented_10-Q_2023-11-30_0001108524-23-000048.xlsx,Cash Flow,"Three Months Ended October 31, 2023",Purchases of marketable securities,us-gaap:PaymentsToAcquireAvailableForSaleSecuritiesDebt,reported,
cash_flow,us-gaap:PaymentsToAcquireAvailableForSaleSecuritiesDebt,Purchases of marketable securities,9M24,-2827.0,CRM_SEC-XBRL-financials_as-presented_10-Q_2023-11-30_0001108524-23-000048.xlsx,Cash Flow,"Nine Months Ended October 31, 2023",Purchases of marketable securities,us-gaap:PaymentsToAcquireAvailableForSaleSecuritiesDebt,reported,
cash_flow,us-gaap:ProceedsFromSaleOfAvailableForSaleSecuritiesDebt,Sales of marketable securities,3Q24,315.0,CRM_SEC-XBRL-financials_as-presented_10-Q_2023-11-30_0001108524-23-000048.xlsx,Cash Flow,"Three Months Ended October 31, 2023",Sales of marketable securities,us-gaap:ProceedsFromSaleOfAvailableForSaleSecuritiesDebt,reported,
cash_flow,us-gaap:ProceedsFromSaleOfAvailableForSaleSecuritiesDebt,Sales of marketable securities,9M24,1117.0,CRM_SEC-XBRL-financials_as-presented_10-Q_2023-11-30_0001108524-23-000048.xlsx,Cash Flow,"Nine Months Ended October 31, 2023",Sales of marketable securities,us-gaap:ProceedsFromSaleOfAvailableForSaleSecuritiesDebt,reported,
cash_flow,us-gaap:ProceedsFromMaturitiesPrepaymentsAndCallsOfAvailableForSaleSecurities,Maturities of marketable securities,3Q24,563.0,CRM_SEC-XBRL-financials_as-presented_10-Q_2023-11-30_0001108524-23-000048.xlsx,Cash Flow,"Three Months Ended October 31, 2023",Maturities of marketable securities,us-gaap:ProceedsFromMaturitiesPrepaymentsAndCallsOfAvailableForSaleSecurities,reported,
cash_flow,us-gaap:ProceedsFromMaturitiesPrepaymentsAndCallsOfAvailableForSaleSecurities,Maturities of marketable securities,9M24,1810.0,CRM_SEC-XBRL-financials_as-presented_10-Q_2023-11-30_0001108524-23-000048.xlsx,Cash Flow,"Nine Months Ended October 31, 2023",Maturities of marketable securities,us-gaap:ProceedsFromMaturitiesPrepaymentsAndCallsOfAvailableForSaleSecurities,reported,
cash_flow,us-gaap:PaymentsToAcquirePropertyPlantAndEquipment,Capital expenditures,3Q24,-166.0,CRM_SEC-XBRL-financials_as-presented_10-Q_2023-11-30_0001108524-23-000048.xlsx,Cash Flow,"Three Months Ended October 31, 2023",Capital expenditures,us-gaap:PaymentsToAcquirePropertyPlantAndEquipment,reported,
cash_flow,us-gaap:PaymentsToAcquirePropertyPlantAndEquipment,Capital expenditures,9M24,-589.0,CRM_SEC-XBRL-financials_as-presented_10-Q_2023-11-30_0001108524-23-000048.xlsx,Cash Flow,"Nine Months Ended October 31, 2023",Capital expenditures,us-gaap:PaymentsToAcquirePropertyPlantAndEquipment,reported,
cash_flow,us-gaap:NetCashProvidedByUsedInInvestingActivities,Net cash used in investing activities,3Q24,-54.0,CRM_SEC-XBRL-financials_as-presented_10-Q_2023-11-30_0001108524-23-000048.xlsx,Cash Flow,"Three Months Ended October 31, 2023",Net cash provided by (used in) investing activities,us-gaap:NetCashProvidedByUsedInInvestingActivities,reported,
cash_flow,us-gaap:NetCashProvidedByUsedInInvestingActivities,Net cash used in investing activities,9M24,-859.0,CRM_SEC-XBRL-financials_as-presented_10-Q_2023-11-30_0001108524-23-000048.xlsx,Cash Flow,"Nine Months Ended October 31, 2023",Net cash provided by (used in) investing activities,us-gaap:NetCashProvidedByUsedInInvestingActivities,reported,
cash_flow,us-gaap:PaymentsForRepurchaseOfCommonStock,Repurchases of common stock,3Q24,-1925.0,CRM_SEC-XBRL-financials_as-presented_10-Q_2023-11-30_0001108524-23-000048.xlsx,Cash Flow,"Three Months Ended October 31, 2023",Repurchases of common stock,us-gaap:PaymentsForRepurchaseOfCommonStock,reported,
cash_flow,us-gaap:PaymentsForRepurchaseOfCommonStock,Repurchases of common stock,9M24,-5928.0,CRM_SEC-XBRL-financials_as-presented_10-Q_2023-11-30_0001108524-23-000048.xlsx,Cash Flow,"Nine Months Ended October 31, 2023",Repurchases of common stock,us-gaap:PaymentsForRepurchaseOfCommonStock,reported,
cash_flow,us-gaap:ProceedsFromStockPlans,Proceeds from employee stock plans,3Q24,274.0,CRM_SEC-XBRL-financials_as-presented_10-Q_2023-11-30_0001108524-23-000048.xlsx,Cash Flow,"Three Months Ended October 31, 2023",Proceeds from employee stock plans,us-gaap:ProceedsFromStockPlans,reported,
cash_flow,us-gaap:ProceedsFromStockPlans,Proceeds from employee stock plans,9M24,1085.0,CRM_SEC-XBRL-financials_as-presented_10-Q_2023-11-30_0001108524-23-000048.xlsx,Cash Flow,"Nine Months Ended October 31, 2023",Proceeds from employee stock plans,us-gaap:ProceedsFromStockPlans,reported,
cash_flow,us-gaap:FinanceLeasePrincipalPayments,Principal payments on financing obligations,3Q24,-114.0,CRM_SEC-XBRL-financials_as-presented_10-Q_2023-11-30_0001108524-23-000048.xlsx,Cash Flow,"Three Months Ended October 31, 2023",Principal payments on financing obligations,us-gaap:FinanceLeasePrincipalPayments,reported,
cash_flow,us-gaap:FinanceLeasePrincipalPayments,Principal payments on financing obligations,9M24,-506.0,CRM_SEC-XBRL-financials_as-presented_10-Q_2023-11-30_0001108524-23-000048.xlsx,Cash Flow,"Nine Months Ended October 31, 2023",Principal payments on financing obligations,us-gaap:FinanceLeasePrincipalPayments,reported,
cash_flow,us-gaap:RepaymentsOfLongTermLinesOfCredit,Repayments of debt,3Q24,0.0,CRM_SEC-XBRL-financials_as-presented_10-Q_2023-11-30_0001108524-23-000048.xlsx,Cash Flow,"Three Months Ended October 31, 2023",Repayments of debt,us-gaap:RepaymentsOfLongTermLinesOfCredit,reported,
cash_flow,us-gaap:RepaymentsOfLongTermLinesOfCredit,Repayments of debt,9M24,-1182.0,CRM_SEC-XBRL-financials_as-presented_10-Q_2023-11-30_0001108524-23-000048.xlsx,Cash Flow,"Nine Months Ended October 31, 2023",Repayments of debt,us-gaap:RepaymentsOfLongTermLinesOfCredit,reported,
cash_flow,us-gaap:NetCashProvidedByUsedInFinancingActivities,Net cash used in financing activities,3Q24,-1765.0,CRM_SEC-XBRL-financials_as-presented_10-Q_2023-11-30_0001108524-23-000048.xlsx,Cash Flow,"Three Months Ended October 31, 2023",Net cash used in financing activities,us-gaap:NetCashProvidedByUsedInFinancingActivities,reported,
cash_flow,us-gaap:NetCashProvidedByUsedInFinancingActivities,Net cash used in financing activities,9M24,-6531.0,CRM_SEC-XBRL-financials_as-presented_10-Q_2023-11-30_0001108524-23-000048.xlsx,Cash Flow,"Nine Months Ended October 31, 2023",Net cash used in financing activities,us-gaap:NetCashProvidedByUsedInFinancingActivities,reported,
cash_flow,us-gaap:EffectOfExchangeRateOnCashCashEquivalentsRestrictedCashAndRestrictedCashEquivalents,Effect of exchange rate changes,3Q24,-32.0,CRM_SEC-XBRL-financials_as-presented_10-Q_2023-11-30_0001108524-23-000048.xlsx,Cash Flow,"Three Months Ended October 31, 2023",Effect of exchange rate changes,us-gaap:EffectOfExchangeRateOnCashCashEquivalentsRestrictedCashAndRestrictedCashEquivalents,reported,
cash_flow,us-gaap:EffectOfExchangeRateOnCashCashEquivalentsRestrictedCashAndRestrictedCashEquivalents,Effect of exchange rate changes,9M24,-4.0,CRM_SEC-XBRL-financials_as-presented_10-Q_2023-11-30_0001108524-23-000048.xlsx,Cash Flow,"Nine Months Ended October 31, 2023",Effect of exchange rate changes,us-gaap:EffectOfExchangeRateOnCashCashEquivalentsRestrictedCashAndRestrictedCashEquivalents,reported,
cash_flow,us-gaap:CashCashEquivalentsRestrictedCashAndRestrictedCashEquivalentsPeriodIncreaseDecreaseIncludingExchangeRateEffect,Net increase (decrease) in cash and cash equivalents,3Q24,-319.0,CRM_SEC-XBRL-financials_as-presented_10-Q_2023-11-30_0001108524-23-000048.xlsx,Cash Flow,"Three Months Ended October 31, 2023",Net increase (decrease) in cash and cash equivalents,us-gaap:CashCashEquivalentsRestrictedCashAndRestrictedCashEquivalentsPeriodIncreaseDecreaseIncludingExchangeRateEffect,reported,
cash_flow,us-gaap:CashCashEquivalentsRestrictedCashAndRestrictedCashEquivalentsPeriodIncreaseDecreaseIncludingExchangeRateEffect,Net increase (decrease) in cash and cash equivalents,9M24,-563.0,CRM_SEC-XBRL-financials_as-presented_10-Q_2023-11-30_0001108524-23-000048.xlsx,Cash Flow,"Nine Months Ended October 31, 2023",Net increase (decrease) in cash and cash equivalents,us-gaap:CashCashEquivalentsRestrictedCashAndRestrictedCashEquivalentsPeriodIncreaseDecreaseIncludingExchangeRateEffect,reported,
cash_flow,us-gaap:CashCashEquivalentsRestrictedCashAndRestrictedCashEquivalents,"Cash and cash equivalents, beginning of period",3Q24,6772.0,CRM_SEC-XBRL-financials_as-presented_10-Q_2023-11-30_0001108524-23-000048.xlsx,Cash Flow,"Three Months Ended October 31, 2023","Cash and cash equivalents, beginning of period",us-gaap:CashCashEquivalentsRestrictedCashAndRestrictedCashEquivalents,reported,
cash_flow,us-gaap:CashCashEquivalentsRestrictedCashAndRestrictedCashEquivalents,"Cash and cash equivalents, beginning of period",9M24,7016.0,CRM_SEC-XBRL-financials_as-presented_10-Q_2023-11-30_0001108524-23-000048.xlsx,Cash Flow,"Nine Months Ended October 31, 2023","Cash and cash equivalents, beginning of period",us-gaap:CashCashEquivalentsRestrictedCashAndRestrictedCashEquivalents,reported,
income_statement,us-gaap:RevenueFromContractWithCustomerExcludingAssessedTax,Subscription and support,1Q25,8585.0,CRM_SEC-XBRL-financials_as-presented_10-Q_2024-05-30_0001108524-24-000009.xlsx,Income Statement,"Three Months Ended April 30, 2024",Subscription and support,us-gaap:RevenueFromContractWithCustomerExcludingAssessedTax,reported,
income_statement,us-gaap:CostOfGoodsAndServicesSold,Subscription and support,1Q25,1560.0,CRM_SEC-XBRL-financials_as-presented_10-Q_2024-05-30_0001108524-24-000009.xlsx,Income Statement,"Three Months Ended April 30, 2024",Subscription and support,us-gaap:CostOfGoodsAndServicesSold,reported,
income_statement,us-gaap:GrossProfit,Gross profit,1Q25,6971.0,CRM_SEC-XBRL-financials_as-presented_10-Q_2024-05-30_0001108524-24-000009.xlsx,Income Statement,"Three Months Ended April 30, 2024",Gross profit,us-gaap:GrossProfit,reported,
income_statement,us-gaap:ResearchAndDevelopmentExpense,Research and development,1Q25,1368.0,CRM_SEC-XBRL-financials_as-presented_10-Q_2024-05-30_0001108524-24-000009.xlsx,Income Statement,"Three Months Ended April 30, 2024",Research and development,us-gaap:ResearchAndDevelopmentExpense,reported,
income_statement,us-gaap:SellingAndMarketingExpense,Sales and marketing,1Q25,3239.0,CRM_SEC-XBRL-financials_as-presented_10-Q_2024-05-30_0001108524-24-000009.xlsx,Income Statement,"Three Months Ended April 30, 2024",Sales and marketing,us-gaap:SellingAndMarketingExpense,reported,
income_statement,us-gaap:GeneralAndAdministrativeExpense,General and administrative,1Q25,647.0,CRM_SEC-XBRL-financials_as-presented_10-Q_2024-05-30_0001108524-24-000009.xlsx,Income Statement,"Three Months Ended April 30, 2024",General and administrative,us-gaap:GeneralAndAdministrativeExpense,reported,
income_statement,us-gaap:RestructuringCharges,Restructuring,1Q25,8.0,CRM_SEC-XBRL-financials_as-presented_10-Q_2024-05-30_0001108524-24-000009.xlsx,Income Statement,"Three Months Ended April 30, 2024",Restructuring,us-gaap:RestructuringCharges,reported,
income_statement,us-gaap:OperatingExpenses,Total operating expenses,1Q25,5262.0,CRM_SEC-XBRL-financials_as-presented_10-Q_2024-05-30_0001108524-24-000009.xlsx,Income Statement,"Three Months Ended April 30, 2024",Total operating expenses,us-gaap:OperatingExpenses,reported,
income_statement,us-gaap:OperatingIncomeLoss,Income from operations,1Q25,1709.0,CRM_SEC-XBRL-financials_as-presented_10-Q_2024-05-30_0001108524-24-000009.xlsx,Income Statement,"Three Months Ended April 30, 2024",Income from operations,us-gaap:OperatingIncomeLoss,reported,
income_statement,us-gaap:GainLossOnInvestments,"Gains (losses) on strategic investments, net",1Q25,37.0,CRM_SEC-XBRL-financials_as-presented_10-Q_2024-05-30_0001108524-24-000009.xlsx,Income Statement,"Three Months Ended April 30, 2024","Gains (losses) on strategic investments, net",us-gaap:GainLossOnInvestments,reported,
income_statement,us-gaap:OtherNonoperatingIncomeExpense,Other income,1Q25,121.0,CRM_SEC-XBRL-financials_as-presented_10-Q_2024-05-30_0001108524-24-000009.xlsx,Income Statement,"Three Months Ended April 30, 2024",Other income,us-gaap:OtherNonoperatingIncomeExpense,reported,
income_statement,us-gaap:IncomeLossFromContinuingOperationsBeforeIncomeTaxesExtraordinaryItemsNoncontrollingInterest,Income before provision for income taxes,1Q25,1867.0,CRM_SEC-XBRL-financials_as-presented_10-Q_2024-05-30_0001108524-24-000009.xlsx,Income Statement,"Three Months Ended April 30, 2024",Income before provision for income taxes,us-gaap:IncomeLossFromContinuingOperationsBeforeIncomeTaxesExtraordinaryItemsNoncontrollingInterest,reported,
income_statement,us-gaap:IncomeTaxExpenseBenefit,Provision for income taxes,1Q25,-334.0,CRM_SEC-XBRL-financials_as-presented_10-Q_2024-05-30_0001108524-24-000009.xlsx,Income Statement,"Three Months Ended April 30, 2024",Provision for income taxes,us-gaap:IncomeTaxExpenseBenefit,reported,
income_statement,us-gaap:NetIncomeLoss,Net income,1Q25,1533.0,CRM_SEC-XBRL-financials_as-presented_10-Q_2024-05-30_0001108524-24-000009.xlsx,Income Statement,"Three Months Ended April 30, 2024",Net income,us-gaap:NetIncomeLoss,reported,
income_statement,us-gaap:EarningsPerShareBasic,Basic net income per share,1Q25,1.58,CRM_SEC-XBRL-financials_as-presented_10-Q_2024-05-30_0001108524-24-000009.xlsx,Income Statement,"Three Months Ended April 30, 2024",Basic net income per share,us-gaap:EarningsPerShareBasic,reported,
income_statement,us-gaap:EarningsPerShareDiluted,Diluted net income per share,1Q25,1.56,CRM_SEC-XBRL-financials_as-presented_10-Q_2024-05-30_0001108524-24-000009.xlsx,Income Statement,"Three Months Ended April 30, 2024",Diluted net income per share,us-gaap:EarningsPerShareDiluted,reported,
income_statement,us-gaap:WeightedAverageNumberOfSharesOutstandingBasic,Shares used in computing basic net income per share,1Q25,970.0,CRM_SEC-XBRL-financials_as-presented_10-Q_2024-05-30_0001108524-24-000009.xlsx,Income Statement,"Three Months Ended April 30, 2024",Shares used in computing basic net income per share,us-gaap:WeightedAverageNumberOfSharesOutstandingBasic,reported,
income_statement,us-gaap:WeightedAverageNumberOfDilutedSharesOutstanding,Shares used in computing diluted net income per share,1Q25,985.0,CRM_SEC-XBRL-financials_as-presented_10-Q_2024-05-30_0001108524-24-000009.xlsx,Income Statement,"Three Months Ended April 30, 2024",Shares used in computing diluted net income per share,us-gaap:WeightedAverageNumberOfDilutedSharesOutstanding,reported,
balance_sheet,us-gaap:CashAndCashEquivalentsAtCarryingValue,Cash and cash equivalents,1Q25,9958.0,CRM_SEC-XBRL-financials_as-presented_10-Q_2024-05-30_0001108524-24-000009.xlsx,Balance Sheet,"April 30, 2024 (unaudited)",Cash and cash equivalents,us-gaap:CashAndCashEquivalentsAtCarryingValue,reported,
balance_sheet,us-gaap:AvailableForSaleSecuritiesDebtSecuritiesCurrent,Marketable securities,1Q25,7712.0,CRM_SEC-XBRL-financials_as-presented_10-Q_2024-05-30_0001108524-24-000009.xlsx,Balance Sheet,"April 30, 2024 (unaudited)",Marketable securities,us-gaap:AvailableForSaleSecuritiesDebtSecuritiesCurrent,reported,
balance_sheet,us-gaap:AccountsReceivableNetCurrent,"Accounts receivable, net",1Q25,4273.0,CRM_SEC-XBRL-financials_as-presented_10-Q_2024-05-30_0001108524-24-000009.xlsx,Balance Sheet,"April 30, 2024 (unaudited)","Accounts receivable, net",us-gaap:AccountsReceivableNetCurrent,reported,
balance_sheet,us-gaap:CapitalizedContractCostNetCurrent,"Costs capitalized to obtain revenue contracts, net",1Q25,1865.0,CRM_SEC-XBRL-financials_as-presented_10-Q_2024-05-30_0001108524-24-000009.xlsx,Balance Sheet,"April 30, 2024 (unaudited)","Costs capitalized to obtain revenue contracts, net",us-gaap:CapitalizedContractCostNetCurrent,reported,
balance_sheet,us-gaap:PrepaidExpenseAndOtherAssetsCurrent,Prepaid expenses and other current assets,1Q25,1796.0,CRM_SEC-XBRL-financials_as-presented_10-Q_2024-05-30_0001108524-24-000009.xlsx,Balance Sheet,"April 30, 2024 (unaudited)",Prepaid expenses and other current assets,us-gaap:PrepaidExpenseAndOtherAssetsCurrent,reported,
balance_sheet,us-gaap:AssetsCurrent,Total current assets,1Q25,25604.0,CRM_SEC-XBRL-financials_as-presented_10-Q_2024-05-30_0001108524-24-000009.xlsx,Balance Sheet,"April 30, 2024 (unaudited)",Total current assets,us-gaap:AssetsCurrent,reported,
balance_sheet,us-gaap:PropertyPlantAndEquipmentAndFinanceLeaseRightOfUseAssetAfterAccumulatedDepreciationAndAmortization,"Property and equipment, net",1Q25,3506.0,CRM_SEC-XBRL-financials_as-presented_10-Q_2024-05-30_0001108524-24-000009.xlsx,Balance Sheet,"April 30, 2024 (unaudited)","Property and equipment, net",us-gaap:PropertyPlantAndEquipmentAndFinanceLeaseRightOfUseAssetAfterAccumulatedDepreciationAndAmortization,reported,
balance_sheet,us-gaap:OperatingLeaseRightOfUseAsset,"Operating lease right-of-use assets, net",1Q25,2255.0,CRM_SEC-XBRL-financials_as-presented_10-Q_2024-05-30_0001108524-24-000009.xlsx,Balance Sheet,"April 30, 2024 (unaudited)","Operating lease right-of-use assets, net",us-gaap:OperatingLeaseRightOfUseAsset,reported,
balance_sheet,us-gaap:CapitalizedContractCostNetNoncurrent,"Noncurrent costs capitalized to obtain revenue contracts, net",1Q25,2286.0,CRM_SEC-XBRL-financials_as-presented_10-Q_2024-05-30_0001108524-24-000009.xlsx,Balance Sheet,"April 30, 2024 (unaudited)","Noncurrent costs capitalized to obtain revenue contracts, net",us-gaap:CapitalizedContractCostNetNoncurrent,reported,
balance_sheet,us-gaap:OtherLongTermInvestments,Strategic investments,1Q25,4978.0,CRM_SEC-XBRL-financials_as-presented_10-Q_2024-05-30_0001108524-24-000009.xlsx,Balance Sheet,"April 30, 2024 (unaudited)",Strategic investments,us-gaap:OtherLongTermInvestments,reported,
balance_sheet,us-gaap:Goodwill,Goodwill,1Q25,48940.0,CRM_SEC-XBRL-financials_as-presented_10-Q_2024-05-30_0001108524-24-000009.xlsx,Balance Sheet,"April 30, 2024 (unaudited)",Goodwill,us-gaap:Goodwill,reported,
balance_sheet,us-gaap:IntangibleAssetsNetExcludingGoodwill,"Intangible assets acquired through business combinations, net",1Q25,4869.0,CRM_SEC-XBRL-financials_as-presented_10-Q_2024-05-30_0001108524-24-000009.xlsx,Balance Sheet,"April 30, 2024 (unaudited)","Intangible assets acquired through business combinations, net",us-gaap:IntangibleAssetsNetExcludingGoodwill,reported,
balance_sheet,us-gaap:OtherAssetsNoncurrent,"Deferred tax assets and other assets, net",1Q25,3742.0,CRM_SEC-XBRL-financials_as-presented_10-Q_2024-05-30_0001108524-24-000009.xlsx,Balance Sheet,"April 30, 2024 (unaudited)","Deferred tax assets and other assets, net",us-gaap:OtherAssetsNoncurrent,reported,
balance_sheet,us-gaap:Assets,Total assets,1Q25,96180.0,CRM_SEC-XBRL-financials_as-presented_10-Q_2024-05-30_0001108524-24-000009.xlsx,Balance Sheet,"April 30, 2024 (unaudited)",Total assets,us-gaap:Assets,reported,
balance_sheet,us-gaap:AccountsPayableAndOtherAccruedLiabilitiesCurrent,"Accounts payable, accrued expenses and other liabilities",1Q25,5520.0,CRM_SEC-XBRL-financials_as-presented_10-Q_2024-05-30_0001108524-24-000009.xlsx,Balance Sheet,"April 30, 2024 (unaudited)","Accounts payable, accrued expenses and other liabilities",us-gaap:AccountsPayableAndOtherAccruedLiabilitiesCurrent,reported,
balance_sheet,us-gaap:OperatingLeaseLiabilityCurrent,"Operating lease liabilities, current",1Q25,568.0,CRM_SEC-XBRL-financials_as-presented_10-Q_2024-05-30_0001108524-24-000009.xlsx,Balance Sheet,"April 30, 2024 (unaudited)","Operating lease liabilities, current",us-gaap:OperatingLeaseLiabilityCurrent,reported,
balance_sheet,us-gaap:ContractWithCustomerLiabilityCurrent,Unearned revenue,1Q25,16061.0,CRM_SEC-XBRL-financials_as-presented_10-Q_2024-05-30_0001108524-24-000009.xlsx,Balance Sheet,"April 30, 2024 (unaudited)",Unearned revenue,us-gaap:ContractWithCustomerLiabilityCurrent,reported,
balance_sheet,us-gaap:ConvertibleDebtCurrent,"Debt, current",1Q25,1000.0,CRM_SEC-XBRL-financials_as-presented_10-Q_2024-05-30_0001108524-24-000009.xlsx,Balance Sheet,"April 30, 2024 (unaudited)","Debt, current",us-gaap:ConvertibleDebtCurrent,reported,
balance_sheet,us-gaap:LiabilitiesCurrent,Total current liabilities,1Q25,23149.0,CRM_SEC-XBRL-financials_as-presented_10-Q_2024-05-30_0001108524-24-000009.xlsx,Balance Sheet,"April 30, 2024 (unaudited)",Total current liabilities,us-gaap:LiabilitiesCurrent,reported,
balance_sheet,us-gaap:LongTermDebtNoncurrent,Noncurrent debt,1Q25,8429.0,CRM_SEC-XBRL-financials_as-presented_10-Q_2024-05-30_0001108524-24-000009.xlsx,Balance Sheet,"April 30, 2024 (unaudited)",Noncurrent debt,us-gaap:LongTermDebtNoncurrent,reported,
balance_sheet,us-gaap:OperatingLeaseLiabilityNoncurrent,Noncurrent operating lease liabilities,1Q25,2519.0,CRM_SEC-XBRL-financials_as-presented_10-Q_2024-05-30_0001108524-24-000009.xlsx,Balance Sheet,"April 30, 2024 (unaudited)",Noncurrent operating lease liabilities,us-gaap:OperatingLeaseLiabilityNoncurrent,reported,
balance_sheet,us-gaap:OtherLiabilitiesNoncurrent,Other noncurrent liabilities,1Q25,2400.0,CRM_SEC-XBRL-financials_as-presented_10-Q_2024-05-30_0001108524-24-000009.xlsx,Balance Sheet,"April 30, 2024 (unaudited)",Other noncurrent liabilities,us-gaap:OtherLiabilitiesNoncurrent,reported,
balance_sheet,us-gaap:Liabilities,Total liabilities,1Q25,36497.0,CRM_SEC-XBRL-financials_as-presented_10-Q_2024-05-30_0001108524-24-000009.xlsx,Balance Sheet,"April 30, 2024 (unaudited)",Total liabilities,us-gaap:Liabilities,reported,
balance_sheet,us-gaap:CommonStockValue,Common stock,1Q25,1.0,CRM_SEC-XBRL-financials_as-presented_10-Q_2024-05-30_0001108524-24-000009.xlsx,Balance Sheet,"April 30, 2024 (unaudited)",Common stock,us-gaap:CommonStockValue,reported,
balance_sheet,us-gaap:TreasuryStockCommonValue,"Treasury stock, at cost",1Q25,-13860.0,CRM_SEC-XBRL-financials_as-presented_10-Q_2024-05-30_0001108524-24-000009.xlsx,Balance Sheet,"April 30, 2024 (unaudited)","Treasury stock, at cost",us-gaap:TreasuryStockCommonValue,reported,
balance_sheet,us-gaap:AdditionalPaidInCapitalCommonStock,Additional paid-in capital,1Q25,60946.0,CRM_SEC-XBRL-financials_as-presented_10-Q_2024-05-30_0001108524-24-000009.xlsx,Balance Sheet,"April 30, 2024 (unaudited)",Additional paid-in capital,us-gaap:AdditionalPaidInCapitalCommonStock,reported,
balance_sheet,us-gaap:AccumulatedOtherComprehensiveIncomeLossNetOfTax,Accumulated other comprehensive income (loss),1Q25,-270.0,CRM_SEC-XBRL-financials_as-presented_10-Q_2024-05-30_0001108524-24-000009.xlsx,Balance Sheet,"April 30, 2024 (unaudited)",Accumulated other comprehensive loss,us-gaap:AccumulatedOtherComprehensiveIncomeLossNetOfTax,reported,
balance_sheet,us-gaap:RetainedEarningsAccumulatedDeficit,Retained earnings,1Q25,12866.0,CRM_SEC-XBRL-financials_as-presented_10-Q_2024-05-30_0001108524-24-000009.xlsx,Balance Sheet,"April 30, 2024 (unaudited)",Retained earnings,us-gaap:RetainedEarningsAccumulatedDeficit,reported,
balance_sheet,us-gaap:StockholdersEquity,Total stockholders’ equity,1Q25,59683.0,CRM_SEC-XBRL-financials_as-presented_10-Q_2024-05-30_0001108524-24-000009.xlsx,Balance Sheet,"April 30, 2024 (unaudited)",Total stockholders’ equity,us-gaap:StockholdersEquity,reported,
balance_sheet,us-gaap:LiabilitiesAndStockholdersEquity,Total liabilities and stockholders’ equity,1Q25,96180.0,CRM_SEC-XBRL-financials_as-presented_10-Q_2024-05-30_0001108524-24-000009.xlsx,Balance Sheet,"April 30, 2024 (unaudited)",Total liabilities and stockholders’ equity,us-gaap:LiabilitiesAndStockholdersEquity,reported,
cash_flow,us-gaap:NetIncomeLoss,Net income,1Q25,1533.0,CRM_SEC-XBRL-financials_as-presented_10-Q_2024-05-30_0001108524-24-000009.xlsx,Cash Flow,"Three Months Ended April 30, 2024",Net income,us-gaap:NetIncomeLoss,reported,
cash_flow,us-gaap:DepreciationAndAmortization,Depreciation and amortization (1),1Q25,879.0,CRM_SEC-XBRL-financials_as-presented_10-Q_2024-05-30_0001108524-24-000009.xlsx,Cash Flow,"Three Months Ended April 30, 2024",Depreciation and amortization (1),us-gaap:DepreciationAndAmortization,reported,
cash_flow,us-gaap:CapitalizedContractCostAmortization,"Amortization of costs capitalized to obtain revenue contracts, net",1Q25,517.0,CRM_SEC-XBRL-financials_as-presented_10-Q_2024-05-30_0001108524-24-000009.xlsx,Cash Flow,"Three Months Ended April 30, 2024","Amortization of costs capitalized to obtain revenue contracts, net",us-gaap:CapitalizedContractCostAmortization,reported,
cash_flow,us-gaap:ShareBasedCompensation,Stock-based compensation expense,1Q25,750.0,CRM_SEC-XBRL-financials_as-presented_10-Q_2024-05-30_0001108524-24-000009.xlsx,Cash Flow,"Three Months Ended April 30, 2024",Stock-based compensation expense,us-gaap:ShareBasedCompensation,reported,
cash_flow,us-gaap:GainLossOnInvestments,"(Gains) losses on strategic investments, net",1Q25,-37.0,CRM_SEC-XBRL-financials_as-presented_10-Q_2024-05-30_0001108524-24-000009.xlsx,Cash Flow,"Three Months Ended April 30, 2024","(Gains) losses on strategic investments, net",us-gaap:GainLossOnInvestments,reported,
cash_flow,us-gaap:IncreaseDecreaseInAccountsReceivable,"Accounts receivable, net",1Q25,7162.0,CRM_SEC-XBRL-financials_as-presented_10-Q_2024-05-30_0001108524-24-000009.xlsx,Cash Flow,"Three Months Ended April 30, 2024","Accounts receivable, net",us-gaap:IncreaseDecreaseInAccountsReceivable,reported,
cash_flow,crm:IncreaseDecreaseInCapitalizedContractCosts,"Costs capitalized to obtain revenue contracts, net",1Q25,-248.0,CRM_SEC-XBRL-financials_as-presented_10-Q_2024-05-30_0001108524-24-000009.xlsx,Cash Flow,"Three Months Ended April 30, 2024","Costs capitalized to obtain revenue contracts, net",crm:IncreaseDecreaseInCapitalizedContractCosts,reported,
cash_flow,us-gaap:IncreaseDecreaseInPrepaidDeferredExpenseAndOtherAssets,Prepaid expenses and other current assets and other assets,1Q25,-514.0,CRM_SEC-XBRL-financials_as-presented_10-Q_2024-05-30_0001108524-24-000009.xlsx,Cash Flow,"Three Months Ended April 30, 2024",Prepaid expenses and other current assets and other assets,us-gaap:IncreaseDecreaseInPrepaidDeferredExpenseAndOtherAssets,reported,
cash_flow,us-gaap:IncreaseDecreaseInAccountsPayableAndAccruedLiabilities,Accounts payable and accrued expenses and other liabilities,1Q25,-755.0,CRM_SEC-XBRL-financials_as-presented_10-Q_2024-05-30_0001108524-24-000009.xlsx,Cash Flow,"Three Months Ended April 30, 2024",Accounts payable and accrued expenses and other liabilities,us-gaap:IncreaseDecreaseInAccountsPayableAndAccruedLiabilities,reported,
cash_flow,us-gaap:IncreaseDecreaseInOperatingLeaseLiability,Operating lease liabilities,1Q25,-85.0,CRM_SEC-XBRL-financials_as-presented_10-Q_2024-05-30_0001108524-24-000009.xlsx,Cash Flow,"Three Months Ended April 30, 2024",Operating lease liabilities,us-gaap:IncreaseDecreaseInOperatingLeaseLiability,reported,
cash_flow,us-gaap:IncreaseDecreaseInContractWithCustomerLiability,Unearned revenue,1Q25,-2955.0,CRM_SEC-XBRL-financials_as-presented_10-Q_2024-05-30_0001108524-24-000009.xlsx,Cash Flow,"Three Months Ended April 30, 2024",Unearned revenue,us-gaap:IncreaseDecreaseInContractWithCustomerLiability,reported,
cash_flow,us-gaap:NetCashProvidedByUsedInOperatingActivities,Net cash provided by operating activities,1Q25,6247.0,CRM_SEC-XBRL-financials_as-presented_10-Q_2024-05-30_0001108524-24-000009.xlsx,Cash Flow,"Three Months Ended April 30, 2024",Net cash provided by operating activities,us-gaap:NetCashProvidedByUsedInOperatingActivities,reported,
cash_flow,us-gaap:PaymentsToAcquireBusinessesNetOfCashAcquired,"Business combinations, net of cash acquired",1Q25,-338.0,CRM_SEC-XBRL-financials_as-presented_10-Q_2024-05-30_0001108524-24-000009.xlsx,Cash Flow,"Three Months Ended April 30, 2024","Business combinations, net of cash acquired",us-gaap:PaymentsToAcquireBusinessesNetOfCashAcquired,reported,
cash_flow,us-gaap:PaymentsToAcquireLongtermInvestments,Purchases of strategic investments,1Q25,-203.0,CRM_SEC-XBRL-financials_as-presented_10-Q_2024-05-30_0001108524-24-000009.xlsx,Cash Flow,"Three Months Ended April 30, 2024",Purchases of strategic investments,us-gaap:PaymentsToAcquireLongtermInvestments,reported,
cash_flow,us-gaap:ProceedsFromSaleOfLongtermInvestments,Sales of strategic investments,1Q25,53.0,CRM_SEC-XBRL-financials_as-presented_10-Q_2024-05-30_0001108524-24-000009.xlsx,Cash Flow,"Three Months Ended April 30, 2024",Sales of strategic investments,us-gaap:ProceedsFromSaleOfLongtermInvestments,reported,
cash_flow,us-gaap:PaymentsToAcquireAvailableForSaleSecuritiesDebt,Purchases of marketable securities,1Q25,-3252.0,CRM_SEC-XBRL-financials_as-presented_10-Q_2024-05-30_0001108524-24-000009.xlsx,Cash Flow,"Three Months Ended April 30, 2024",Purchases of marketable securities,us-gaap:PaymentsToAcquireAvailableForSaleSecuritiesDebt,reported,
cash_flow,us-gaap:ProceedsFromSaleOfAvailableForSaleSecuritiesDebt,Sales of marketable securities,1Q25,616.0,CRM_SEC-XBRL-financials_as-presented_10-Q_2024-05-30_0001108524-24-000009.xlsx,Cash Flow,"Three Months Ended April 30, 2024",Sales of marketable securities,us-gaap:ProceedsFromSaleOfAvailableForSaleSecuritiesDebt,reported,
cash_flow,us-gaap:ProceedsFromMaturitiesPrepaymentsAndCallsOfAvailableForSaleSecurities,Maturities of marketable securities,1Q25,636.0,CRM_SEC-XBRL-financials_as-presented_10-Q_2024-05-30_0001108524-24-000009.xlsx,Cash Flow,"Three Months Ended April 30, 2024",Maturities of marketable securities,us-gaap:ProceedsFromMaturitiesPrepaymentsAndCallsOfAvailableForSaleSecurities,reported,
cash_flow,us-gaap:PaymentsToAcquirePropertyPlantAndEquipment,Capital expenditures,1Q25,-163.0,CRM_SEC-XBRL-financials_as-presented_10-Q_2024-05-30_0001108524-24-000009.xlsx,Cash Flow,"Three Months Ended April 30, 2024",Capital expenditures,us-gaap:PaymentsToAcquirePropertyPlantAndEquipment,reported,
cash_flow,us-gaap:NetCashProvidedByUsedInInvestingActivities,Net cash used in investing activities,1Q25,-2651.0,CRM_SEC-XBRL-financials_as-presented_10-Q_2024-05-30_0001108524-24-000009.xlsx,Cash Flow,"Three Months Ended April 30, 2024",Net cash provided by (used in) investing activities,us-gaap:NetCashProvidedByUsedInInvestingActivities,reported,
cash_flow,us-gaap:PaymentsForRepurchaseOfCommonStock,Repurchases of common stock,1Q25,-2133.0,CRM_SEC-XBRL-financials_as-presented_10-Q_2024-05-30_0001108524-24-000009.xlsx,Cash Flow,"Three Months Ended April 30, 2024",Repurchases of common stock,us-gaap:PaymentsForRepurchaseOfCommonStock,reported,
cash_flow,us-gaap:ProceedsFromStockPlans,Proceeds from employee stock plans,1Q25,533.0,CRM_SEC-XBRL-financials_as-presented_10-Q_2024-05-30_0001108524-24-000009.xlsx,Cash Flow,"Three Months Ended April 30, 2024",Proceeds from employee stock plans,us-gaap:ProceedsFromStockPlans,reported,
cash_flow,us-gaap:FinanceLeasePrincipalPayments,Principal payments on financing obligations,1Q25,-120.0,CRM_SEC-XBRL-financials_as-presented_10-Q_2024-05-30_0001108524-24-000009.xlsx,Cash Flow,"Three Months Ended April 30, 2024",Principal payments on financing obligations,us-gaap:FinanceLeasePrincipalPayments,reported,
cash_flow,us-gaap:RepaymentsOfLongTermLinesOfCredit,Repayments of debt,1Q25,0.0,CRM_SEC-XBRL-financials_as-presented_10-Q_2024-05-30_0001108524-24-000009.xlsx,Cash Flow,"Three Months Ended April 30, 2024",Repayments of debt,us-gaap:RepaymentsOfLongTermLinesOfCredit,reported,
cash_flow,us-gaap:PaymentsOfDividends,Payments of dividends and dividend equivalents,1Q25,-388.0,CRM_SEC-XBRL-financials_as-presented_10-Q_2024-05-30_0001108524-24-000009.xlsx,Cash Flow,"Three Months Ended April 30, 2024",Payments of dividends,us-gaap:PaymentsOfDividends,reported,
cash_flow,us-gaap:NetCashProvidedByUsedInFinancingActivities,Net cash used in financing activities,1Q25,-2108.0,CRM_SEC-XBRL-financials_as-presented_10-Q_2024-05-30_0001108524-24-000009.xlsx,Cash Flow,"Three Months Ended April 30, 2024",Net cash used in financing activities,us-gaap:NetCashProvidedByUsedInFinancingActivities,reported,
cash_flow,us-gaap:EffectOfExchangeRateOnCashCashEquivalentsRestrictedCashAndRestrictedCashEquivalents,Effect of exchange rate changes,1Q25,-2.0,CRM_SEC-XBRL-financials_as-presented_10-Q_2024-05-30_0001108524-24-000009.xlsx,Cash Flow,"Three Months Ended April 30, 2024",Effect of exchange rate changes,us-gaap:EffectOfExchangeRateOnCashCashEquivalentsRestrictedCashAndRestrictedCashEquivalents,reported,
cash_flow,us-gaap:CashCashEquivalentsRestrictedCashAndRestrictedCashEquivalentsPeriodIncreaseDecreaseIncludingExchangeRateEffect,Net increase (decrease) in cash and cash equivalents,1Q25,1486.0,CRM_SEC-XBRL-financials_as-presented_10-Q_2024-05-30_0001108524-24-000009.xlsx,Cash Flow,"Three Months Ended April 30, 2024",Net increase in cash and cash equivalents,us-gaap:CashCashEquivalentsRestrictedCashAndRestrictedCashEquivalentsPeriodIncreaseDecreaseIncludingExchangeRateEffect,reported,
cash_flow,us-gaap:CashCashEquivalentsRestrictedCashAndRestrictedCashEquivalents,"Cash and cash equivalents, beginning of period",1Q25,8472.0,CRM_SEC-XBRL-financials_as-presented_10-Q_2024-05-30_0001108524-24-000009.xlsx,Cash Flow,"Three Months Ended April 30, 2024","Cash and cash equivalents, beginning of period",us-gaap:CashCashEquivalentsRestrictedCashAndRestrictedCashEquivalents,reported,
income_statement,us-gaap:RevenueFromContractWithCustomerExcludingAssessedTax,Subscription and support,2Q25,8764.0,CRM_SEC-XBRL-financials_as-presented_10-Q_2024-08-29_0001108524-24-000022.xlsx,Income Statement,"Three Months Ended July 31, 2024",Subscription and support,us-gaap:RevenueFromContractWithCustomerExcludingAssessedTax,reported,
income_statement,us-gaap:RevenueFromContractWithCustomerExcludingAssessedTax,Subscription and support,6M25,17349.0,CRM_SEC-XBRL-financials_as-presented_10-Q_2024-08-29_0001108524-24-000022.xlsx,Income Statement,"Six Months Ended July 31, 2024",Subscription and support,us-gaap:RevenueFromContractWithCustomerExcludingAssessedTax,reported,
income_statement,us-gaap:CostOfGoodsAndServicesSold,Subscription and support,2Q25,1556.0,CRM_SEC-XBRL-financials_as-presented_10-Q_2024-08-29_0001108524-24-000022.xlsx,Income Statement,"Three Months Ended July 31, 2024",Subscription and support,us-gaap:CostOfGoodsAndServicesSold,reported,
income_statement,us-gaap:CostOfGoodsAndServicesSold,Subscription and support,6M25,3116.0,CRM_SEC-XBRL-financials_as-presented_10-Q_2024-08-29_0001108524-24-000022.xlsx,Income Statement,"Six Months Ended July 31, 2024",Subscription and support,us-gaap:CostOfGoodsAndServicesSold,reported,
income_statement,us-gaap:GrossProfit,Gross profit,2Q25,7166.0,CRM_SEC-XBRL-financials_as-presented_10-Q_2024-08-29_0001108524-24-000022.xlsx,Income Statement,"Three Months Ended July 31, 2024",Gross profit,us-gaap:GrossProfit,reported,
income_statement,us-gaap:GrossProfit,Gross profit,6M25,14137.0,CRM_SEC-XBRL-financials_as-presented_10-Q_2024-08-29_0001108524-24-000022.xlsx,Income Statement,"Six Months Ended July 31, 2024",Gross profit,us-gaap:GrossProfit,reported,
income_statement,us-gaap:ResearchAndDevelopmentExpense,Research and development,2Q25,1349.0,CRM_SEC-XBRL-financials_as-presented_10-Q_2024-08-29_0001108524-24-000022.xlsx,Income Statement,"Three Months Ended July 31, 2024",Research and development,us-gaap:ResearchAndDevelopmentExpense,reported,
income_statement,us-gaap:ResearchAndDevelopmentExpense,Research and development,6M25,2717.0,CRM_SEC-XBRL-financials_as-presented_10-Q_2024-08-29_0001108524-24-000022.xlsx,Income Statement,"Six Months Ended July 31, 2024",Research and development,us-gaap:ResearchAndDevelopmentExpense,reported,
income_statement,us-gaap:SellingAndMarketingExpense,Sales and marketing,2Q25,3224.0,CRM_SEC-XBRL-financials_as-presented_10-Q_2024-08-29_0001108524-24-000022.xlsx,Income Statement,"Three Months Ended July 31, 2024",Sales and marketing,us-gaap:SellingAndMarketingExpense,reported,
income_statement,us-gaap:SellingAndMarketingExpense,Sales and marketing,6M25,6463.0,CRM_SEC-XBRL-financials_as-presented_10-Q_2024-08-29_0001108524-24-000022.xlsx,Income Statement,"Six Months Ended July 31, 2024",Sales and marketing,us-gaap:SellingAndMarketingExpense,reported,
income_statement,us-gaap:GeneralAndAdministrativeExpense,General and administrative,2Q25,711.0,CRM_SEC-XBRL-financials_as-presented_10-Q_2024-08-29_0001108524-24-000022.xlsx,Income Statement,"Three Months Ended July 31, 2024",General and administrative,us-gaap:GeneralAndAdministrativeExpense,reported,
income_statement,us-gaap:GeneralAndAdministrativeExpense,General and administrative,6M25,1358.0,CRM_SEC-XBRL-financials_as-presented_10-Q_2024-08-29_0001108524-24-000022.xlsx,Income Statement,"Six Months Ended July 31, 2024",General and administrative,us-gaap:GeneralAndAdministrativeExpense,reported,
income_statement,us-gaap:RestructuringCharges,Restructuring,2Q25,99.0,CRM_SEC-XBRL-financials_as-presented_10-Q_2024-08-29_0001108524-24-000022.xlsx,Income Statement,"Three Months Ended July 31, 2024",Restructuring,us-gaap:RestructuringCharges,reported,
income_statement,us-gaap:RestructuringCharges,Restructuring,6M25,107.0,CRM_SEC-XBRL-financials_as-presented_10-Q_2024-08-29_0001108524-24-000022.xlsx,Income Statement,"Six Months Ended July 31, 2024",Restructuring,us-gaap:RestructuringCharges,reported,
income_statement,us-gaap:OperatingExpenses,Total operating expenses,2Q25,5383.0,CRM_SEC-XBRL-financials_as-presented_10-Q_2024-08-29_0001108524-24-000022.xlsx,Income Statement,"Three Months Ended July 31, 2024",Total operating expenses,us-gaap:OperatingExpenses,reported,
income_statement,us-gaap:OperatingExpenses,Total operating expenses,6M25,10645.0,CRM_SEC-XBRL-financials_as-presented_10-Q_2024-08-29_0001108524-24-000022.xlsx,Income Statement,"Six Months Ended July 31, 2024",Total operating expenses,us-gaap:OperatingExpenses,reported,
income_statement,us-gaap:OperatingIncomeLoss,Income from operations,2Q25,1783.0,CRM_SEC-XBRL-financials_as-presented_10-Q_2024-08-29_0001108524-24-000022.xlsx,Income Statement,"Three Months Ended July 31, 2024",Income from operations,us-gaap:OperatingIncomeLoss,reported,
income_statement,us-gaap:OperatingIncomeLoss,Income from operations,6M25,3492.0,CRM_SEC-XBRL-financials_as-presented_10-Q_2024-08-29_0001108524-24-000022.xlsx,Income Statement,"Six Months Ended July 31, 2024",Income from operations,us-gaap:OperatingIncomeLoss,reported,
income_statement,us-gaap:GainLossOnInvestments,"Gains (losses) on strategic investments, net",2Q25,-37.0,CRM_SEC-XBRL-financials_as-presented_10-Q_2024-08-29_0001108524-24-000022.xlsx,Income Statement,"Three Months Ended July 31, 2024","Losses on strategic investments, net",us-gaap:GainLossOnInvestments,reported,
income_statement,us-gaap:GainLossOnInvestments,"Gains (losses) on strategic investments, net",6M25,0.0,CRM_SEC-XBRL-financials_as-presented_10-Q_2024-08-29_0001108524-24-000022.xlsx,Income Statement,"Six Months Ended July 31, 2024","Losses on strategic investments, net",us-gaap:GainLossOnInvestments,reported,
income_statement,us-gaap:OtherNonoperatingIncomeExpense,Other income,2Q25,91.0,CRM_SEC-XBRL-financials_as-presented_10-Q_2024-08-29_0001108524-24-000022.xlsx,Income Statement,"Three Months Ended July 31, 2024",Other income,us-gaap:OtherNonoperatingIncomeExpense,reported,
income_statement,us-gaap:OtherNonoperatingIncomeExpense,Other income,6M25,212.0,CRM_SEC-XBRL-financials_as-presented_10-Q_2024-08-29_0001108524-24-000022.xlsx,Income Statement,"Six Months Ended July 31, 2024",Other income,us-gaap:OtherNonoperatingIncomeExpense,reported,
income_statement,us-gaap:IncomeLossFromContinuingOperationsBeforeIncomeTaxesExtraordinaryItemsNoncontrollingInterest,Income before provision for income taxes,2Q25,1837.0,CRM_SEC-XBRL-financials_as-presented_10-Q_2024-08-29_0001108524-24-000022.xlsx,Income Statement,"Three Months Ended July 31, 2024",Income before provision for income taxes,us-gaap:IncomeLossFromContinuingOperationsBeforeIncomeTaxesExtraordinaryItemsNoncontrollingInterest,reported,
income_statement,us-gaap:IncomeLossFromContinuingOperationsBeforeIncomeTaxesExtraordinaryItemsNoncontrollingInterest,Income before provision for income taxes,6M25,3704.0,CRM_SEC-XBRL-financials_as-presented_10-Q_2024-08-29_0001108524-24-000022.xlsx,Income Statement,"Six Months Ended July 31, 2024",Income before provision for income taxes,us-gaap:IncomeLossFromContinuingOperationsBeforeIncomeTaxesExtraordinaryItemsNoncontrollingInterest,reported,
income_statement,us-gaap:IncomeTaxExpenseBenefit,Provision for income taxes,2Q25,-408.0,CRM_SEC-XBRL-financials_as-presented_10-Q_2024-08-29_0001108524-24-000022.xlsx,Income Statement,"Three Months Ended July 31, 2024",Provision for income taxes,us-gaap:IncomeTaxExpenseBenefit,reported,
income_statement,us-gaap:IncomeTaxExpenseBenefit,Provision for income taxes,6M25,-742.0,CRM_SEC-XBRL-financials_as-presented_10-Q_2024-08-29_0001108524-24-000022.xlsx,Income Statement,"Six Months Ended July 31, 2024",Provision for income taxes,us-gaap:IncomeTaxExpenseBenefit,reported,
income_statement,us-gaap:NetIncomeLoss,Net income,2Q25,1429.0,CRM_SEC-XBRL-financials_as-presented_10-Q_2024-08-29_0001108524-24-000022.xlsx,Income Statement,"Three Months Ended July 31, 2024",Net income,us-gaap:NetIncomeLoss,reported,
income_statement,us-gaap:NetIncomeLoss,Net income,6M25,2962.0,CRM_SEC-XBRL-financials_as-presented_10-Q_2024-08-29_0001108524-24-000022.xlsx,Income Statement,"Six Months Ended July 31, 2024",Net income,us-gaap:NetIncomeLoss,reported,
income_statement,us-gaap:EarningsPerShareBasic,Basic net income per share,2Q25,1.48,CRM_SEC-XBRL-financials_as-presented_10-Q_2024-08-29_0001108524-24-000022.xlsx,Income Statement,"Three Months Ended July 31, 2024",Basic net income per share,us-gaap:EarningsPerShareBasic,reported,
income_statement,us-gaap:EarningsPerShareBasic,Basic net income per share,6M25,3.06,CRM_SEC-XBRL-financials_as-presented_10-Q_2024-08-29_0001108524-24-000022.xlsx,Income Statement,"Six Months Ended July 31, 2024",Basic net income per share,us-gaap:EarningsPerShareBasic,reported,
income_statement,us-gaap:EarningsPerShareDiluted,Diluted net income per share,2Q25,1.47,CRM_SEC-XBRL-financials_as-presented_10-Q_2024-08-29_0001108524-24-000022.xlsx,Income Statement,"Three Months Ended July 31, 2024",Diluted net income per share,us-gaap:EarningsPerShareDiluted,reported,
income_statement,us-gaap:EarningsPerShareDiluted,Diluted net income per share,6M25,3.03,CRM_SEC-XBRL-financials_as-presented_10-Q_2024-08-29_0001108524-24-000022.xlsx,Income Statement,"Six Months Ended July 31, 2024",Diluted net income per share,us-gaap:EarningsPerShareDiluted,reported,
income_statement,us-gaap:WeightedAverageNumberOfSharesOutstandingBasic,Shares used in computing basic net income per share,2Q25,964.0,CRM_SEC-XBRL-financials_as-presented_10-Q_2024-08-29_0001108524-24-000022.xlsx,Income Statement,"Three Months Ended July 31, 2024",Shares used in computing basic net income per share,us-gaap:WeightedAverageNumberOfSharesOutstandingBasic,reported,
income_statement,us-gaap:WeightedAverageNumberOfSharesOutstandingBasic,Shares used in computing basic net income per share,6M25,967.0,CRM_SEC-XBRL-financials_as-presented_10-Q_2024-08-29_0001108524-24-000022.xlsx,Income Statement,"Six Months Ended July 31, 2024",Shares used in computing basic net income per share,us-gaap:WeightedAverageNumberOfSharesOutstandingBasic,reported,
income_statement,us-gaap:WeightedAverageNumberOfDilutedSharesOutstanding,Shares used in computing diluted net income per share,2Q25,973.0,CRM_SEC-XBRL-financials_as-presented_10-Q_2024-08-29_0001108524-24-000022.xlsx,Income Statement,"Three Months Ended July 31, 2024",Shares used in computing diluted net income per share,us-gaap:WeightedAverageNumberOfDilutedSharesOutstanding,reported,
income_statement,us-gaap:WeightedAverageNumberOfDilutedSharesOutstanding,Shares used in computing diluted net income per share,6M25,979.0,CRM_SEC-XBRL-financials_as-presented_10-Q_2024-08-29_0001108524-24-000022.xlsx,Income Statement,"Six Months Ended July 31, 2024",Shares used in computing diluted net income per share,us-gaap:WeightedAverageNumberOfDilutedSharesOutstanding,reported,
balance_sheet,us-gaap:CashAndCashEquivalentsAtCarryingValue,Cash and cash equivalents,2Q25,7682.0,CRM_SEC-XBRL-financials_as-presented_10-Q_2024-08-29_0001108524-24-000022.xlsx,Balance Sheet,"July 31, 2024 (unaudited)",Cash and cash equivalents,us-gaap:CashAndCashEquivalentsAtCarryingValue,reported,
balance_sheet,us-gaap:AvailableForSaleSecuritiesDebtSecuritiesCurrent,Marketable securities,2Q25,4954.0,CRM_SEC-XBRL-financials_as-presented_10-Q_2024-08-29_0001108524-24-000022.xlsx,Balance Sheet,"July 31, 2024 (unaudited)",Marketable securities,us-gaap:AvailableForSaleSecuritiesDebtSecuritiesCurrent,reported,
balance_sheet,us-gaap:AccountsReceivableNetCurrent,"Accounts receivable, net",2Q25,5391.0,CRM_SEC-XBRL-financials_as-presented_10-Q_2024-08-29_0001108524-24-000022.xlsx,Balance Sheet,"July 31, 2024 (unaudited)","Accounts receivable, net",us-gaap:AccountsReceivableNetCurrent,reported,
balance_sheet,us-gaap:CapitalizedContractCostNetCurrent,"Costs capitalized to obtain revenue contracts, net",2Q25,1851.0,CRM_SEC-XBRL-financials_as-presented_10-Q_2024-08-29_0001108524-24-000022.xlsx,Balance Sheet,"July 31, 2024 (unaudited)","Costs capitalized to obtain revenue contracts, net",us-gaap:CapitalizedContractCostNetCurrent,reported,
balance_sheet,us-gaap:PrepaidExpenseAndOtherAssetsCurrent,Prepaid expenses and other current assets,2Q25,1984.0,CRM_SEC-XBRL-financials_as-presented_10-Q_2024-08-29_0001108524-24-000022.xlsx,Balance Sheet,"July 31, 2024 (unaudited)",Prepaid expenses and other current assets,us-gaap:PrepaidExpenseAndOtherAssetsCurrent,reported,
balance_sheet,us-gaap:AssetsCurrent,Total current assets,2Q25,21862.0,CRM_SEC-XBRL-financials_as-presented_10-Q_2024-08-29_0001108524-24-000022.xlsx,Balance Sheet,"July 31, 2024 (unaudited)",Total current assets,us-gaap:AssetsCurrent,reported,
balance_sheet,us-gaap:PropertyPlantAndEquipmentAndFinanceLeaseRightOfUseAssetAfterAccumulatedDepreciationAndAmortization,"Property and equipment, net",2Q25,3580.0,CRM_SEC-XBRL-financials_as-presented_10-Q_2024-08-29_0001108524-24-000022.xlsx,Balance Sheet,"July 31, 2024 (unaudited)","Property and equipment, net",us-gaap:PropertyPlantAndEquipmentAndFinanceLeaseRightOfUseAssetAfterAccumulatedDepreciationAndAmortization,reported,
balance_sheet,us-gaap:OperatingLeaseRightOfUseAsset,"Operating lease right-of-use assets, net",2Q25,2130.0,CRM_SEC-XBRL-financials_as-presented_10-Q_2024-08-29_0001108524-24-000022.xlsx,Balance Sheet,"July 31, 2024 (unaudited)","Operating lease right-of-use assets, net",us-gaap:OperatingLeaseRightOfUseAsset,reported,
balance_sheet,us-gaap:CapitalizedContractCostNetNoncurrent,"Noncurrent costs capitalized to obtain revenue contracts, net",2Q25,2201.0,CRM_SEC-XBRL-financials_as-presented_10-Q_2024-08-29_0001108524-24-000022.xlsx,Balance Sheet,"July 31, 2024 (unaudited)","Noncurrent costs capitalized to obtain revenue contracts, net",us-gaap:CapitalizedContractCostNetNoncurrent,reported,
balance_sheet,us-gaap:OtherLongTermInvestments,Strategic investments,2Q25,5017.0,CRM_SEC-XBRL-financials_as-presented_10-Q_2024-08-29_0001108524-24-000022.xlsx,Balance Sheet,"July 31, 2024 (unaudited)",Strategic investments,us-gaap:OtherLongTermInvestments,reported,
balance_sheet,us-gaap:Goodwill,Goodwill,2Q25,48941.0,CRM_SEC-XBRL-financials_as-presented_10-Q_2024-08-29_0001108524-24-000022.xlsx,Balance Sheet,"July 31, 2024 (unaudited)",Goodwill,us-gaap:Goodwill,reported,
balance_sheet,us-gaap:IntangibleAssetsNetExcludingGoodwill,"Intangible assets acquired through business combinations, net",2Q25,4415.0,CRM_SEC-XBRL-financials_as-presented_10-Q_2024-08-29_0001108524-24-000022.xlsx,Balance Sheet,"July 31, 2024 (unaudited)","Intangible assets acquired through business combinations, net",us-gaap:IntangibleAssetsNetExcludingGoodwill,reported,
balance_sheet,us-gaap:OtherAssetsNoncurrent,"Deferred tax assets and other assets, net",2Q25,4034.0,CRM_SEC-XBRL-financials_as-presented_10-Q_2024-08-29_0001108524-24-000022.xlsx,Balance Sheet,"July 31, 2024 (unaudited)","Deferred tax assets and other assets, net",us-gaap:OtherAssetsNoncurrent,reported,
balance_sheet,us-gaap:Assets,Total assets,2Q25,92180.0,CRM_SEC-XBRL-financials_as-presented_10-Q_2024-08-29_0001108524-24-000022.xlsx,Balance Sheet,"July 31, 2024 (unaudited)",Total assets,us-gaap:Assets,reported,
balance_sheet,us-gaap:AccountsPayableAndOtherAccruedLiabilitiesCurrent,"Accounts payable, accrued expenses and other liabilities",2Q25,5220.0,CRM_SEC-XBRL-financials_as-presented_10-Q_2024-08-29_0001108524-24-000022.xlsx,Balance Sheet,"July 31, 2024 (unaudited)","Accounts payable, accrued expenses and other liabilities",us-gaap:AccountsPayableAndOtherAccruedLiabilitiesCurrent,reported,
balance_sheet,us-gaap:OperatingLeaseLiabilityCurrent,"Operating lease liabilities, current",2Q25,559.0,CRM_SEC-XBRL-financials_as-presented_10-Q_2024-08-29_0001108524-24-000022.xlsx,Balance Sheet,"July 31, 2024 (unaudited)","Operating lease liabilities, current",us-gaap:OperatingLeaseLiabilityCurrent,reported,
balance_sheet,us-gaap:ContractWithCustomerLiabilityCurrent,Unearned revenue,2Q25,15222.0,CRM_SEC-XBRL-financials_as-presented_10-Q_2024-08-29_0001108524-24-000022.xlsx,Balance Sheet,"July 31, 2024 (unaudited)",Unearned revenue,us-gaap:ContractWithCustomerLiabilityCurrent,reported,
balance_sheet,us-gaap:ConvertibleDebtCurrent,"Debt, current",2Q25,0.0,CRM_SEC-XBRL-financials_as-presented_10-Q_2024-08-29_0001108524-24-000022.xlsx,Balance Sheet,"July 31, 2024 (unaudited)","Debt, current",us-gaap:ConvertibleDebtCurrent,reported,
balance_sheet,us-gaap:LiabilitiesCurrent,Total current liabilities,2Q25,21001.0,CRM_SEC-XBRL-financials_as-presented_10-Q_2024-08-29_0001108524-24-000022.xlsx,Balance Sheet,"July 31, 2024 (unaudited)",Total current liabilities,us-gaap:LiabilitiesCurrent,reported,
balance_sheet,us-gaap:LongTermDebtNoncurrent,Noncurrent debt,2Q25,8430.0,CRM_SEC-XBRL-financials_as-presented_10-Q_2024-08-29_0001108524-24-000022.xlsx,Balance Sheet,"July 31, 2024 (unaudited)",Noncurrent debt,us-gaap:LongTermDebtNoncurrent,reported,
balance_sheet,us-gaap:OperatingLeaseLiabilityNoncurrent,Noncurrent operating lease liabilities,2Q25,2404.0,CRM_SEC-XBRL-financials_as-presented_10-Q_2024-08-29_0001108524-24-000022.xlsx,Balance Sheet,"July 31, 2024 (unaudited)",Noncurrent operating lease liabilities,us-gaap:OperatingLeaseLiabilityNoncurrent,reported,
balance_sheet,us-gaap:OtherLiabilitiesNoncurrent,Other noncurrent liabilities,2Q25,2712.0,CRM_SEC-XBRL-financials_as-presented_10-Q_2024-08-29_0001108524-24-000022.xlsx,Balance Sheet,"July 31, 2024 (unaudited)",Other noncurrent liabilities,us-gaap:OtherLiabilitiesNoncurrent,reported,
balance_sheet,us-gaap:Liabilities,Total liabilities,2Q25,34547.0,CRM_SEC-XBRL-financials_as-presented_10-Q_2024-08-29_0001108524-24-000022.xlsx,Balance Sheet,"July 31, 2024 (unaudited)",Total liabilities,us-gaap:Liabilities,reported,
balance_sheet,us-gaap:CommonStockValue,Common stock,2Q25,1.0,CRM_SEC-XBRL-financials_as-presented_10-Q_2024-08-29_0001108524-24-000022.xlsx,Balance Sheet,"July 31, 2024 (unaudited)",Common stock,us-gaap:CommonStockValue,reported,
balance_sheet,us-gaap:TreasuryStockCommonValue,"Treasury stock, at cost",2Q25,-18182.0,CRM_SEC-XBRL-financials_as-presented_10-Q_2024-08-29_0001108524-24-000022.xlsx,Balance Sheet,"July 31, 2024 (unaudited)","Treasury stock, at cost",us-gaap:TreasuryStockCommonValue,reported,
balance_sheet,us-gaap:AdditionalPaidInCapitalCommonStock,Additional paid-in capital,2Q25,62143.0,CRM_SEC-XBRL-financials_as-presented_10-Q_2024-08-29_0001108524-24-000022.xlsx,Balance Sheet,"July 31, 2024 (unaudited)",Additional paid-in capital,us-gaap:AdditionalPaidInCapitalCommonStock,reported,
balance_sheet,us-gaap:AccumulatedOtherComprehensiveIncomeLossNetOfTax,Accumulated other comprehensive income (loss),2Q25,-236.0,CRM_SEC-XBRL-financials_as-presented_10-Q_2024-08-29_0001108524-24-000022.xlsx,Balance Sheet,"July 31, 2024 (unaudited)",Accumulated other comprehensive loss,us-gaap:AccumulatedOtherComprehensiveIncomeLossNetOfTax,reported,
balance_sheet,us-gaap:RetainedEarningsAccumulatedDeficit,Retained earnings,2Q25,13907.0,CRM_SEC-XBRL-financials_as-presented_10-Q_2024-08-29_0001108524-24-000022.xlsx,Balance Sheet,"July 31, 2024 (unaudited)",Retained earnings,us-gaap:RetainedEarningsAccumulatedDeficit,reported,
balance_sheet,us-gaap:StockholdersEquity,Total stockholders’ equity,2Q25,57633.0,CRM_SEC-XBRL-financials_as-presented_10-Q_2024-08-29_0001108524-24-000022.xlsx,Balance Sheet,"July 31, 2024 (unaudited)",Total stockholders’ equity,us-gaap:StockholdersEquity,reported,
balance_sheet,us-gaap:LiabilitiesAndStockholdersEquity,Total liabilities and stockholders’ equity,2Q25,92180.0,CRM_SEC-XBRL-financials_as-presented_10-Q_2024-08-29_0001108524-24-000022.xlsx,Balance Sheet,"July 31, 2024 (unaudited)",Total liabilities and stockholders’ equity,us-gaap:LiabilitiesAndStockholdersEquity,reported,
cash_flow,us-gaap:NetIncomeLoss,Net income,2Q25,1429.0,CRM_SEC-XBRL-financials_as-presented_10-Q_2024-08-29_0001108524-24-000022.xlsx,Cash Flow,"Three Months Ended July 31, 2024",Net income,us-gaap:NetIncomeLoss,reported,
cash_flow,us-gaap:NetIncomeLoss,Net income,6M25,2962.0,CRM_SEC-XBRL-financials_as-presented_10-Q_2024-08-29_0001108524-24-000022.xlsx,Cash Flow,"Six Months Ended July 31, 2024",Net income,us-gaap:NetIncomeLoss,reported,
cash_flow,us-gaap:DepreciationAndAmortization,Depreciation and amortization (1),2Q25,907.0,CRM_SEC-XBRL-financials_as-presented_10-Q_2024-08-29_0001108524-24-000022.xlsx,Cash Flow,"Three Months Ended July 31, 2024",Depreciation and amortization (1),us-gaap:DepreciationAndAmortization,reported,
cash_flow,us-gaap:DepreciationAndAmortization,Depreciation and amortization (1),6M25,1786.0,CRM_SEC-XBRL-financials_as-presented_10-Q_2024-08-29_0001108524-24-000022.xlsx,Cash Flow,"Six Months Ended July 31, 2024",Depreciation and amortization (1),us-gaap:DepreciationAndAmortization,reported,
cash_flow,us-gaap:CapitalizedContractCostAmortization,"Amortization of costs capitalized to obtain revenue contracts, net",2Q25,526.0,CRM_SEC-XBRL-financials_as-presented_10-Q_2024-08-29_0001108524-24-000022.xlsx,Cash Flow,"Three Months Ended July 31, 2024","Amortization of costs capitalized to obtain revenue contracts, net",us-gaap:CapitalizedContractCostAmortization,reported,
cash_flow,us-gaap:CapitalizedContractCostAmortization,"Amortization of costs capitalized to obtain revenue contracts, net",6M25,1043.0,CRM_SEC-XBRL-financials_as-presented_10-Q_2024-08-29_0001108524-24-000022.xlsx,Cash Flow,"Six Months Ended July 31, 2024","Amortization of costs capitalized to obtain revenue contracts, net",us-gaap:CapitalizedContractCostAmortization,reported,
cash_flow,us-gaap:ShareBasedCompensation,Stock-based compensation expense,2Q25,810.0,CRM_SEC-XBRL-financials_as-presented_10-Q_2024-08-29_0001108524-24-000022.xlsx,Cash Flow,"Three Months Ended July 31, 2024",Stock-based compensation expense,us-gaap:ShareBasedCompensation,reported,
cash_flow,us-gaap:ShareBasedCompensation,Stock-based compensation expense,6M25,1560.0,CRM_SEC-XBRL-financials_as-presented_10-Q_2024-08-29_0001108524-24-000022.xlsx,Cash Flow,"Six Months Ended July 31, 2024",Stock-based compensation expense,us-gaap:ShareBasedCompensation,reported,
cash_flow,us-gaap:GainLossOnInvestments,"(Gains) losses on strategic investments, net",2Q25,37.0,CRM_SEC-XBRL-financials_as-presented_10-Q_2024-08-29_0001108524-24-000022.xlsx,Cash Flow,"Three Months Ended July 31, 2024","Losses on strategic investments, net",us-gaap:GainLossOnInvestments,reported,
cash_flow,us-gaap:GainLossOnInvestments,"(Gains) losses on strategic investments, net",6M25,0.0,CRM_SEC-XBRL-financials_as-presented_10-Q_2024-08-29_0001108524-24-000022.xlsx,Cash Flow,"Six Months Ended July 31, 2024","Losses on strategic investments, net",us-gaap:GainLossOnInvestments,reported,
cash_flow,us-gaap:IncreaseDecreaseInAccountsReceivable,"Accounts receivable, net",2Q25,-1136.0,CRM_SEC-XBRL-financials_as-presented_10-Q_2024-08-29_0001108524-24-000022.xlsx,Cash Flow,"Three Months Ended July 31, 2024","Accounts receivable, net",us-gaap:IncreaseDecreaseInAccountsReceivable,reported,
cash_flow,us-gaap:IncreaseDecreaseInAccountsReceivable,"Accounts receivable, net",6M25,6026.0,CRM_SEC-XBRL-financials_as-presented_10-Q_2024-08-29_0001108524-24-000022.xlsx,Cash Flow,"Six Months Ended July 31, 2024","Accounts receivable, net",us-gaap:IncreaseDecreaseInAccountsReceivable,reported,
cash_flow,crm:IncreaseDecreaseInCapitalizedContractCosts,"Costs capitalized to obtain revenue contracts, net",2Q25,-427.0,CRM_SEC-XBRL-financials_as-presented_10-Q_2024-08-29_0001108524-24-000022.xlsx,Cash Flow,"Three Months Ended July 31, 2024","Costs capitalized to obtain revenue contracts, net",crm:IncreaseDecreaseInCapitalizedContractCosts,reported,
cash_flow,crm:IncreaseDecreaseInCapitalizedContractCosts,"Costs capitalized to obtain revenue contracts, net",6M25,-675.0,CRM_SEC-XBRL-financials_as-presented_10-Q_2024-08-29_0001108524-24-000022.xlsx,Cash Flow,"Six Months Ended July 31, 2024","Costs capitalized to obtain revenue contracts, net",crm:IncreaseDecreaseInCapitalizedContractCosts,reported,
cash_flow,us-gaap:IncreaseDecreaseInPrepaidDeferredExpenseAndOtherAssets,Prepaid expenses and other current assets and other assets,2Q25,-477.0,CRM_SEC-XBRL-financials_as-presented_10-Q_2024-08-29_0001108524-24-000022.xlsx,Cash Flow,"Three Months Ended July 31, 2024",Prepaid expenses and other current assets and other assets,us-gaap:IncreaseDecreaseInPrepaidDeferredExpenseAndOtherAssets,reported,
cash_flow,us-gaap:IncreaseDecreaseInPrepaidDeferredExpenseAndOtherAssets,Prepaid expenses and other current assets and other assets,6M25,-991.0,CRM_SEC-XBRL-financials_as-presented_10-Q_2024-08-29_0001108524-24-000022.xlsx,Cash Flow,"Six Months Ended July 31, 2024",Prepaid expenses and other current assets and other assets,us-gaap:IncreaseDecreaseInPrepaidDeferredExpenseAndOtherAssets,reported,
cash_flow,us-gaap:IncreaseDecreaseInAccountsPayableAndAccruedLiabilities,Accounts payable and accrued expenses and other liabilities,2Q25,220.0,CRM_SEC-XBRL-financials_as-presented_10-Q_2024-08-29_0001108524-24-000022.xlsx,Cash Flow,"Three Months Ended July 31, 2024",Accounts payable and accrued expenses and other liabilities,us-gaap:IncreaseDecreaseInAccountsPayableAndAccruedLiabilities,reported,
cash_flow,us-gaap:IncreaseDecreaseInAccountsPayableAndAccruedLiabilities,Accounts payable and accrued expenses and other liabilities,6M25,-535.0,CRM_SEC-XBRL-financials_as-presented_10-Q_2024-08-29_0001108524-24-000022.xlsx,Cash Flow,"Six Months Ended July 31, 2024",Accounts payable and accrued expenses and other liabilities,us-gaap:IncreaseDecreaseInAccountsPayableAndAccruedLiabilities,reported,
cash_flow,us-gaap:IncreaseDecreaseInOperatingLeaseLiability,Operating lease liabilities,2Q25,-158.0,CRM_SEC-XBRL-financials_as-presented_10-Q_2024-08-29_0001108524-24-000022.xlsx,Cash Flow,"Three Months Ended July 31, 2024",Operating lease liabilities,us-gaap:IncreaseDecreaseInOperatingLeaseLiability,reported,
cash_flow,us-gaap:IncreaseDecreaseInOperatingLeaseLiability,Operating lease liabilities,6M25,-243.0,CRM_SEC-XBRL-financials_as-presented_10-Q_2024-08-29_0001108524-24-000022.xlsx,Cash Flow,"Six Months Ended July 31, 2024",Operating lease liabilities,us-gaap:IncreaseDecreaseInOperatingLeaseLiability,reported,
cash_flow,us-gaap:IncreaseDecreaseInContractWithCustomerLiability,Unearned revenue,2Q25,-839.0,CRM_SEC-XBRL-financials_as-presented_10-Q_2024-08-29_0001108524-24-000022.xlsx,Cash Flow,"Three Months Ended July 31, 2024",Unearned revenue,us-gaap:IncreaseDecreaseInContractWithCustomerLiability,reported,
cash_flow,us-gaap:IncreaseDecreaseInContractWithCustomerLiability,Unearned revenue,6M25,-3794.0,CRM_SEC-XBRL-financials_as-presented_10-Q_2024-08-29_0001108524-24-000022.xlsx,Cash Flow,"Six Months Ended July 31, 2024",Unearned revenue,us-gaap:IncreaseDecreaseInContractWithCustomerLiability,reported,
cash_flow,us-gaap:NetCashProvidedByUsedInOperatingActivities,Net cash provided by operating activities,2Q25,892.0,CRM_SEC-XBRL-financials_as-presented_10-Q_2024-08-29_0001108524-24-000022.xlsx,Cash Flow,"Three Months Ended July 31, 2024",Net cash provided by operating activities,us-gaap:NetCashProvidedByUsedInOperatingActivities,reported,
cash_flow,us-gaap:NetCashProvidedByUsedInOperatingActivities,Net cash provided by operating activities,6M25,7139.0,CRM_SEC-XBRL-financials_as-presented_10-Q_2024-08-29_0001108524-24-000022.xlsx,Cash Flow,"Six Months Ended July 31, 2024",Net cash provided by operating activities,us-gaap:NetCashProvidedByUsedInOperatingActivities,reported,
cash_flow,us-gaap:PaymentsToAcquireBusinessesNetOfCashAcquired,"Business combinations, net of cash acquired",2Q25,0.0,CRM_SEC-XBRL-financials_as-presented_10-Q_2024-08-29_0001108524-24-000022.xlsx,Cash Flow,"Three Months Ended July 31, 2024","Business combinations, net of cash acquired",us-gaap:PaymentsToAcquireBusinessesNetOfCashAcquired,reported,
cash_flow,us-gaap:PaymentsToAcquireBusinessesNetOfCashAcquired,"Business combinations, net of cash acquired",6M25,-338.0,CRM_SEC-XBRL-financials_as-presented_10-Q_2024-08-29_0001108524-24-000022.xlsx,Cash Flow,"Six Months Ended July 31, 2024","Business combinations, net of cash acquired",us-gaap:PaymentsToAcquireBusinessesNetOfCashAcquired,reported,
cash_flow,us-gaap:PaymentsToAcquireLongtermInvestments,Purchases of strategic investments,2Q25,-104.0,CRM_SEC-XBRL-financials_as-presented_10-Q_2024-08-29_0001108524-24-000022.xlsx,Cash Flow,"Three Months Ended July 31, 2024",Purchases of strategic investments,us-gaap:PaymentsToAcquireLongtermInvestments,reported,
cash_flow,us-gaap:PaymentsToAcquireLongtermInvestments,Purchases of strategic investments,6M25,-307.0,CRM_SEC-XBRL-financials_as-presented_10-Q_2024-08-29_0001108524-24-000022.xlsx,Cash Flow,"Six Months Ended July 31, 2024",Purchases of strategic investments,us-gaap:PaymentsToAcquireLongtermInvestments,reported,
cash_flow,us-gaap:ProceedsFromSaleOfLongtermInvestments,Sales of strategic investments,2Q25,52.0,CRM_SEC-XBRL-financials_as-presented_10-Q_2024-08-29_0001108524-24-000022.xlsx,Cash Flow,"Three Months Ended July 31, 2024",Sales of strategic investments,us-gaap:ProceedsFromSaleOfLongtermInvestments,reported,
cash_flow,us-gaap:ProceedsFromSaleOfLongtermInvestments,Sales of strategic investments,6M25,105.0,CRM_SEC-XBRL-financials_as-presented_10-Q_2024-08-29_0001108524-24-000022.xlsx,Cash Flow,"Six Months Ended July 31, 2024",Sales of strategic investments,us-gaap:ProceedsFromSaleOfLongtermInvestments,reported,
cash_flow,us-gaap:PaymentsToAcquireAvailableForSaleSecuritiesDebt,Purchases of marketable securities,2Q25,-550.0,CRM_SEC-XBRL-financials_as-presented_10-Q_2024-08-29_0001108524-24-000022.xlsx,Cash Flow,"Three Months Ended July 31, 2024",Purchases of marketable securities,us-gaap:PaymentsToAcquireAvailableForSaleSecuritiesDebt,reported,
cash_flow,us-gaap:PaymentsToAcquireAvailableForSaleSecuritiesDebt,Purchases of marketable securities,6M25,-3802.0,CRM_SEC-XBRL-financials_as-presented_10-Q_2024-08-29_0001108524-24-000022.xlsx,Cash Flow,"Six Months Ended July 31, 2024",Purchases of marketable securities,us-gaap:PaymentsToAcquireAvailableForSaleSecuritiesDebt,reported,
cash_flow,us-gaap:ProceedsFromSaleOfAvailableForSaleSecuritiesDebt,Sales of marketable securities,2Q25,2482.0,CRM_SEC-XBRL-financials_as-presented_10-Q_2024-08-29_0001108524-24-000022.xlsx,Cash Flow,"Three Months Ended July 31, 2024",Sales of marketable securities,us-gaap:ProceedsFromSaleOfAvailableForSaleSecuritiesDebt,reported,
cash_flow,us-gaap:ProceedsFromSaleOfAvailableForSaleSecuritiesDebt,Sales of marketable securities,6M25,3098.0,CRM_SEC-XBRL-financials_as-presented_10-Q_2024-08-29_0001108524-24-000022.xlsx,Cash Flow,"Six Months Ended July 31, 2024",Sales of marketable securities,us-gaap:ProceedsFromSaleOfAvailableForSaleSecuritiesDebt,reported,
cash_flow,us-gaap:ProceedsFromMaturitiesPrepaymentsAndCallsOfAvailableForSaleSecurities,Maturities of marketable securities,2Q25,898.0,CRM_SEC-XBRL-financials_as-presented_10-Q_2024-08-29_0001108524-24-000022.xlsx,Cash Flow,"Three Months Ended July 31, 2024",Maturities of marketable securities,us-gaap:ProceedsFromMaturitiesPrepaymentsAndCallsOfAvailableForSaleSecurities,reported,
cash_flow,us-gaap:ProceedsFromMaturitiesPrepaymentsAndCallsOfAvailableForSaleSecurities,Maturities of marketable securities,6M25,1534.0,CRM_SEC-XBRL-financials_as-presented_10-Q_2024-08-29_0001108524-24-000022.xlsx,Cash Flow,"Six Months Ended July 31, 2024",Maturities of marketable securities,us-gaap:ProceedsFromMaturitiesPrepaymentsAndCallsOfAvailableForSaleSecurities,reported,
cash_flow,us-gaap:PaymentsToAcquirePropertyPlantAndEquipment,Capital expenditures,2Q25,-137.0,CRM_SEC-XBRL-financials_as-presented_10-Q_2024-08-29_0001108524-24-000022.xlsx,Cash Flow,"Three Months Ended July 31, 2024",Capital expenditures,us-gaap:PaymentsToAcquirePropertyPlantAndEquipment,reported,
cash_flow,us-gaap:PaymentsToAcquirePropertyPlantAndEquipment,Capital expenditures,6M25,-300.0,CRM_SEC-XBRL-financials_as-presented_10-Q_2024-08-29_0001108524-24-000022.xlsx,Cash Flow,"Six Months Ended July 31, 2024",Capital expenditures,us-gaap:PaymentsToAcquirePropertyPlantAndEquipment,reported,
cash_flow,us-gaap:NetCashProvidedByUsedInInvestingActivities,Net cash used in investing activities,2Q25,2641.0,CRM_SEC-XBRL-financials_as-presented_10-Q_2024-08-29_0001108524-24-000022.xlsx,Cash Flow,"Three Months Ended July 31, 2024",Net cash provided by (used in) investing activities,us-gaap:NetCashProvidedByUsedInInvestingActivities,reported,
cash_flow,us-gaap:NetCashProvidedByUsedInInvestingActivities,Net cash used in investing activities,6M25,-10.0,CRM_SEC-XBRL-financials_as-presented_10-Q_2024-08-29_0001108524-24-000022.xlsx,Cash Flow,"Six Months Ended July 31, 2024",Net cash provided by (used in) investing activities,us-gaap:NetCashProvidedByUsedInInvestingActivities,reported,
cash_flow,us-gaap:PaymentsForRepurchaseOfCommonStock,Repurchases of common stock,2Q25,-4335.0,CRM_SEC-XBRL-financials_as-presented_10-Q_2024-08-29_0001108524-24-000022.xlsx,Cash Flow,"Three Months Ended July 31, 2024",Repurchases of common stock,us-gaap:PaymentsForRepurchaseOfCommonStock,reported,
cash_flow,us-gaap:PaymentsForRepurchaseOfCommonStock,Repurchases of common stock,6M25,-6468.0,CRM_SEC-XBRL-financials_as-presented_10-Q_2024-08-29_0001108524-24-000022.xlsx,Cash Flow,"Six Months Ended July 31, 2024",Repurchases of common stock,us-gaap:PaymentsForRepurchaseOfCommonStock,reported,
cash_flow,us-gaap:ProceedsFromStockPlans,Proceeds from employee stock plans,2Q25,202.0,CRM_SEC-XBRL-financials_as-presented_10-Q_2024-08-29_0001108524-24-000022.xlsx,Cash Flow,"Three Months Ended July 31, 2024",Proceeds from employee stock plans,us-gaap:ProceedsFromStockPlans,reported,
cash_flow,us-gaap:ProceedsFromStockPlans,Proceeds from employee stock plans,6M25,735.0,CRM_SEC-XBRL-financials_as-presented_10-Q_2024-08-29_0001108524-24-000022.xlsx,Cash Flow,"Six Months Ended July 31, 2024",Proceeds from employee stock plans,us-gaap:ProceedsFromStockPlans,reported,
cash_flow,us-gaap:FinanceLeasePrincipalPayments,Principal payments on financing obligations,2Q25,-285.0,CRM_SEC-XBRL-financials_as-presented_10-Q_2024-08-29_0001108524-24-000022.xlsx,Cash Flow,"Three Months Ended July 31, 2024",Principal payments on financing obligations,us-gaap:FinanceLeasePrincipalPayments,reported,
cash_flow,us-gaap:FinanceLeasePrincipalPayments,Principal payments on financing obligations,6M25,-405.0,CRM_SEC-XBRL-financials_as-presented_10-Q_2024-08-29_0001108524-24-000022.xlsx,Cash Flow,"Six Months Ended July 31, 2024",Principal payments on financing obligations,us-gaap:FinanceLeasePrincipalPayments,reported,
cash_flow,us-gaap:RepaymentsOfLongTermLinesOfCredit,Repayments of debt,2Q25,-1000.0,CRM_SEC-XBRL-financials_as-presented_10-Q_2024-08-29_0001108524-24-000022.xlsx,Cash Flow,"Three Months Ended July 31, 2024",Repayments of debt,us-gaap:RepaymentsOfLongTermLinesOfCredit,reported,
cash_flow,us-gaap:RepaymentsOfLongTermLinesOfCredit,Repayments of debt,6M25,-1000.0,CRM_SEC-XBRL-financials_as-presented_10-Q_2024-08-29_0001108524-24-000022.xlsx,Cash Flow,"Six Months Ended July 31, 2024",Repayments of debt,us-gaap:RepaymentsOfLongTermLinesOfCredit,reported,
cash_flow,us-gaap:PaymentsOfDividends,Payments of dividends and dividend equivalents,2Q25,-384.0,CRM_SEC-XBRL-financials_as-presented_10-Q_2024-08-29_0001108524-24-000022.xlsx,Cash Flow,"Three Months Ended July 31, 2024",Payments of dividends,us-gaap:PaymentsOfDividends,reported,
cash_flow,us-gaap:PaymentsOfDividends,Payments of dividends and dividend equivalents,6M25,-772.0,CRM_SEC-XBRL-financials_as-presented_10-Q_2024-08-29_0001108524-24-000022.xlsx,Cash Flow,"Six Months Ended July 31, 2024",Payments of dividends,us-gaap:PaymentsOfDividends,reported,
cash_flow,us-gaap:NetCashProvidedByUsedInFinancingActivities,Net cash used in financing activities,2Q25,-5802.0,CRM_SEC-XBRL-financials_as-presented_10-Q_2024-08-29_0001108524-24-000022.xlsx,Cash Flow,"Three Months Ended July 31, 2024",Net cash used in financing activities,us-gaap:NetCashProvidedByUsedInFinancingActivities,reported,
cash_flow,us-gaap:NetCashProvidedByUsedInFinancingActivities,Net cash used in financing activities,6M25,-7910.0,CRM_SEC-XBRL-financials_as-presented_10-Q_2024-08-29_0001108524-24-000022.xlsx,Cash Flow,"Six Months Ended July 31, 2024",Net cash used in financing activities,us-gaap:NetCashProvidedByUsedInFinancingActivities,reported,
cash_flow,us-gaap:EffectOfExchangeRateOnCashCashEquivalentsRestrictedCashAndRestrictedCashEquivalents,Effect of exchange rate changes,2Q25,-7.0,CRM_SEC-XBRL-financials_as-presented_10-Q_2024-08-29_0001108524-24-000022.xlsx,Cash Flow,"Three Months Ended July 31, 2024",Effect of exchange rate changes,us-gaap:EffectOfExchangeRateOnCashCashEquivalentsRestrictedCashAndRestrictedCashEquivalents,reported,
cash_flow,us-gaap:EffectOfExchangeRateOnCashCashEquivalentsRestrictedCashAndRestrictedCashEquivalents,Effect of exchange rate changes,6M25,-9.0,CRM_SEC-XBRL-financials_as-presented_10-Q_2024-08-29_0001108524-24-000022.xlsx,Cash Flow,"Six Months Ended July 31, 2024",Effect of exchange rate changes,us-gaap:EffectOfExchangeRateOnCashCashEquivalentsRestrictedCashAndRestrictedCashEquivalents,reported,
cash_flow,us-gaap:CashCashEquivalentsRestrictedCashAndRestrictedCashEquivalentsPeriodIncreaseDecreaseIncludingExchangeRateEffect,Net increase (decrease) in cash and cash equivalents,2Q25,-2276.0,CRM_SEC-XBRL-financials_as-presented_10-Q_2024-08-29_0001108524-24-000022.xlsx,Cash Flow,"Three Months Ended July 31, 2024",Net decrease in cash and cash equivalents,us-gaap:CashCashEquivalentsRestrictedCashAndRestrictedCashEquivalentsPeriodIncreaseDecreaseIncludingExchangeRateEffect,reported,
cash_flow,us-gaap:CashCashEquivalentsRestrictedCashAndRestrictedCashEquivalentsPeriodIncreaseDecreaseIncludingExchangeRateEffect,Net increase (decrease) in cash and cash equivalents,6M25,-790.0,CRM_SEC-XBRL-financials_as-presented_10-Q_2024-08-29_0001108524-24-000022.xlsx,Cash Flow,"Six Months Ended July 31, 2024",Net decrease in cash and cash equivalents,us-gaap:CashCashEquivalentsRestrictedCashAndRestrictedCashEquivalentsPeriodIncreaseDecreaseIncludingExchangeRateEffect,reported,
cash_flow,us-gaap:CashCashEquivalentsRestrictedCashAndRestrictedCashEquivalents,"Cash and cash equivalents, beginning of period",2Q25,9958.0,CRM_SEC-XBRL-financials_as-presented_10-Q_2024-08-29_0001108524-24-000022.xlsx,Cash Flow,"Three Months Ended July 31, 2024","Cash and cash equivalents, beginning of period",us-gaap:CashCashEquivalentsRestrictedCashAndRestrictedCashEquivalents,reported,
cash_flow,us-gaap:CashCashEquivalentsRestrictedCashAndRestrictedCashEquivalents,"Cash and cash equivalents, beginning of period",6M25,8472.0,CRM_SEC-XBRL-financials_as-presented_10-Q_2024-08-29_0001108524-24-000022.xlsx,Cash Flow,"Six Months Ended July 31, 2024","Cash and cash equivalents, beginning of period",us-gaap:CashCashEquivalentsRestrictedCashAndRestrictedCashEquivalents,reported,
income_statement,us-gaap:RevenueFromContractWithCustomerExcludingAssessedTax,Subscription and support,3Q25,8879.0,CRM_SEC-XBRL-financials_as-presented_10-Q_2024-12-04_0001108524-24-000034.xlsx,Income Statement,"Three Months Ended October 31, 2024",Subscription and support,us-gaap:RevenueFromContractWithCustomerExcludingAssessedTax,reported,
income_statement,us-gaap:RevenueFromContractWithCustomerExcludingAssessedTax,Subscription and support,9M25,26228.0,CRM_SEC-XBRL-financials_as-presented_10-Q_2024-12-04_0001108524-24-000034.xlsx,Income Statement,"Nine Months Ended October 31, 2024",Subscription and support,us-gaap:RevenueFromContractWithCustomerExcludingAssessedTax,reported,
income_statement,us-gaap:CostOfGoodsAndServicesSold,Subscription and support,3Q25,1501.0,CRM_SEC-XBRL-financials_as-presented_10-Q_2024-12-04_0001108524-24-000034.xlsx,Income Statement,"Three Months Ended October 31, 2024",Subscription and support,us-gaap:CostOfGoodsAndServicesSold,reported,
income_statement,us-gaap:CostOfGoodsAndServicesSold,Subscription and support,9M25,4617.0,CRM_SEC-XBRL-financials_as-presented_10-Q_2024-12-04_0001108524-24-000034.xlsx,Income Statement,"Nine Months Ended October 31, 2024",Subscription and support,us-gaap:CostOfGoodsAndServicesSold,reported,
income_statement,us-gaap:GrossProfit,Gross profit,3Q25,7339.0,CRM_SEC-XBRL-financials_as-presented_10-Q_2024-12-04_0001108524-24-000034.xlsx,Income Statement,"Three Months Ended October 31, 2024",Gross profit,us-gaap:GrossProfit,reported,
income_statement,us-gaap:GrossProfit,Gross profit,9M25,21476.0,CRM_SEC-XBRL-financials_as-presented_10-Q_2024-12-04_0001108524-24-000034.xlsx,Income Statement,"Nine Months Ended October 31, 2024",Gross profit,us-gaap:GrossProfit,reported,
income_statement,us-gaap:ResearchAndDevelopmentExpense,Research and development,3Q25,1356.0,CRM_SEC-XBRL-financials_as-presented_10-Q_2024-12-04_0001108524-24-000034.xlsx,Income Statement,"Three Months Ended October 31, 2024",Research and development,us-gaap:ResearchAndDevelopmentExpense,reported,
income_statement,us-gaap:ResearchAndDevelopmentExpense,Research and development,9M25,4073.0,CRM_SEC-XBRL-financials_as-presented_10-Q_2024-12-04_0001108524-24-000034.xlsx,Income Statement,"Nine Months Ended October 31, 2024",Research and development,us-gaap:ResearchAndDevelopmentExpense,reported,
income_statement,us-gaap:SellingAndMarketingExpense,Sales and marketing,3Q25,3323.0,CRM_SEC-XBRL-financials_as-presented_10-Q_2024-12-04_0001108524-24-000034.xlsx,Income Statement,"Three Months Ended October 31, 2024",Sales and marketing,us-gaap:SellingAndMarketingExpense,reported,
income_statement,us-gaap:SellingAndMarketingExpense,Sales and marketing,9M25,9786.0,CRM_SEC-XBRL-financials_as-presented_10-Q_2024-12-04_0001108524-24-000034.xlsx,Income Statement,"Nine Months Ended October 31, 2024",Sales and marketing,us-gaap:SellingAndMarketingExpense,reported,
income_statement,us-gaap:GeneralAndAdministrativeExpense,General and administrative,3Q25,711.0,CRM_SEC-XBRL-financials_as-presented_10-Q_2024-12-04_0001108524-24-000034.xlsx,Income Statement,"Three Months Ended October 31, 2024",General and administrative,us-gaap:GeneralAndAdministrativeExpense,reported,
income_statement,us-gaap:GeneralAndAdministrativeExpense,General and administrative,9M25,2069.0,CRM_SEC-XBRL-financials_as-presented_10-Q_2024-12-04_0001108524-24-000034.xlsx,Income Statement,"Nine Months Ended October 31, 2024",General and administrative,us-gaap:GeneralAndAdministrativeExpense,reported,
income_statement,us-gaap:RestructuringCharges,Restructuring,3Q25,56.0,CRM_SEC-XBRL-financials_as-presented_10-Q_2024-12-04_0001108524-24-000034.xlsx,Income Statement,"Three Months Ended October 31, 2024",Restructuring,us-gaap:RestructuringCharges,reported,
income_statement,us-gaap:RestructuringCharges,Restructuring,9M25,163.0,CRM_SEC-XBRL-financials_as-presented_10-Q_2024-12-04_0001108524-24-000034.xlsx,Income Statement,"Nine Months Ended October 31, 2024",Restructuring,us-gaap:RestructuringCharges,reported,
income_statement,us-gaap:OperatingExpenses,Total operating expenses,3Q25,5446.0,CRM_SEC-XBRL-financials_as-presented_10-Q_2024-12-04_0001108524-24-000034.xlsx,Income Statement,"Three Months Ended October 31, 2024",Total operating expenses,us-gaap:OperatingExpenses,reported,
income_statement,us-gaap:OperatingExpenses,Total operating expenses,9M25,16091.0,CRM_SEC-XBRL-financials_as-presented_10-Q_2024-12-04_0001108524-24-000034.xlsx,Income Statement,"Nine Months Ended October 31, 2024",Total operating expenses,us-gaap:OperatingExpenses,reported,
income_statement,us-gaap:OperatingIncomeLoss,Income from operations,3Q25,1893.0,CRM_SEC-XBRL-financials_as-presented_10-Q_2024-12-04_0001108524-24-000034.xlsx,Income Statement,"Three Months Ended October 31, 2024",Income from operations,us-gaap:OperatingIncomeLoss,reported,
income_statement,us-gaap:OperatingIncomeLoss,Income from operations,9M25,5385.0,CRM_SEC-XBRL-financials_as-presented_10-Q_2024-12-04_0001108524-24-000034.xlsx,Income Statement,"Nine Months Ended October 31, 2024",Income from operations,us-gaap:OperatingIncomeLoss,reported,
income_statement,us-gaap:GainLossOnInvestments,"Gains (losses) on strategic investments, net",3Q25,-217.0,CRM_SEC-XBRL-financials_as-presented_10-Q_2024-12-04_0001108524-24-000034.xlsx,Income Statement,"Three Months Ended October 31, 2024","Losses on strategic investments, net",us-gaap:GainLossOnInvestments,reported,
income_statement,us-gaap:GainLossOnInvestments,"Gains (losses) on strategic investments, net",9M25,-217.0,CRM_SEC-XBRL-financials_as-presented_10-Q_2024-12-04_0001108524-24-000034.xlsx,Income Statement,"Nine Months Ended October 31, 2024","Losses on strategic investments, net",us-gaap:GainLossOnInvestments,reported,
income_statement,us-gaap:OtherNonoperatingIncomeExpense,Other income,3Q25,70.0,CRM_SEC-XBRL-financials_as-presented_10-Q_2024-12-04_0001108524-24-000034.xlsx,Income Statement,"Three Months Ended October 31, 2024",Other income,us-gaap:OtherNonoperatingIncomeExpense,reported,
income_statement,us-gaap:OtherNonoperatingIncomeExpense,Other income,9M25,282.0,CRM_SEC-XBRL-financials_as-presented_10-Q_2024-12-04_0001108524-24-000034.xlsx,Income Statement,"Nine Months Ended October 31, 2024",Other income,us-gaap:OtherNonoperatingIncomeExpense,reported,
income_statement,us-gaap:IncomeLossFromContinuingOperationsBeforeIncomeTaxesExtraordinaryItemsNoncontrollingInterest,Income before provision for income taxes,3Q25,1746.0,CRM_SEC-XBRL-financials_as-presented_10-Q_2024-12-04_0001108524-24-000034.xlsx,Income Statement,"Three Months Ended October 31, 2024",Income before provision for income taxes,us-gaap:IncomeLossFromContinuingOperationsBeforeIncomeTaxesExtraordinaryItemsNoncontrollingInterest,reported,
income_statement,us-gaap:IncomeLossFromContinuingOperationsBeforeIncomeTaxesExtraordinaryItemsNoncontrollingInterest,Income before provision for income taxes,9M25,5450.0,CRM_SEC-XBRL-financials_as-presented_10-Q_2024-12-04_0001108524-24-000034.xlsx,Income Statement,"Nine Months Ended October 31, 2024",Income before provision for income taxes,us-gaap:IncomeLossFromContinuingOperationsBeforeIncomeTaxesExtraordinaryItemsNoncontrollingInterest,reported,
income_statement,us-gaap:IncomeTaxExpenseBenefit,Provision for income taxes,3Q25,-219.0,CRM_SEC-XBRL-financials_as-presented_10-Q_2024-12-04_0001108524-24-000034.xlsx,Income Statement,"Three Months Ended October 31, 2024",Provision for income taxes,us-gaap:IncomeTaxExpenseBenefit,reported,
income_statement,us-gaap:IncomeTaxExpenseBenefit,Provision for income taxes,9M25,-961.0,CRM_SEC-XBRL-financials_as-presented_10-Q_2024-12-04_0001108524-24-000034.xlsx,Income Statement,"Nine Months Ended October 31, 2024",Provision for income taxes,us-gaap:IncomeTaxExpenseBenefit,reported,
income_statement,us-gaap:NetIncomeLoss,Net income,3Q25,1527.0,CRM_SEC-XBRL-financials_as-presented_10-Q_2024-12-04_0001108524-24-000034.xlsx,Income Statement,"Three Months Ended October 31, 2024",Net income,us-gaap:NetIncomeLoss,reported,
income_statement,us-gaap:NetIncomeLoss,Net income,9M25,4489.0,CRM_SEC-XBRL-financials_as-presented_10-Q_2024-12-04_0001108524-24-000034.xlsx,Income Statement,"Nine Months Ended October 31, 2024",Net income,us-gaap:NetIncomeLoss,reported,
income_statement,us-gaap:EarningsPerShareBasic,Basic net income per share,3Q25,1.6,CRM_SEC-XBRL-financials_as-presented_10-Q_2024-12-04_0001108524-24-000034.xlsx,Income Statement,"Three Months Ended October 31, 2024",Basic net income per share,us-gaap:EarningsPerShareBasic,reported,
income_statement,us-gaap:EarningsPerShareBasic,Basic net income per share,9M25,4.66,CRM_SEC-XBRL-financials_as-presented_10-Q_2024-12-04_0001108524-24-000034.xlsx,Income Statement,"Nine Months Ended October 31, 2024",Basic net income per share,us-gaap:EarningsPerShareBasic,reported,
income_statement,us-gaap:EarningsPerShareDiluted,Diluted net income per share,3Q25,1.58,CRM_SEC-XBRL-financials_as-presented_10-Q_2024-12-04_0001108524-24-000034.xlsx,Income Statement,"Three Months Ended October 31, 2024",Diluted net income per share,us-gaap:EarningsPerShareDiluted,reported,
income_statement,us-gaap:EarningsPerShareDiluted,Diluted net income per share,9M25,4.6,CRM_SEC-XBRL-financials_as-presented_10-Q_2024-12-04_0001108524-24-000034.xlsx,Income Statement,"Nine Months Ended October 31, 2024",Diluted net income per share,us-gaap:EarningsPerShareDiluted,reported,
income_statement,us-gaap:WeightedAverageNumberOfSharesOutstandingBasic,Shares used in computing basic net income per share,3Q25,956.0,CRM_SEC-XBRL-financials_as-presented_10-Q_2024-12-04_0001108524-24-000034.xlsx,Income Statement,"Three Months Ended October 31, 2024",Shares used in computing basic net income per share,us-gaap:WeightedAverageNumberOfSharesOutstandingBasic,reported,
income_statement,us-gaap:WeightedAverageNumberOfSharesOutstandingBasic,Shares used in computing basic net income per share,9M25,963.0,CRM_SEC-XBRL-financials_as-presented_10-Q_2024-12-04_0001108524-24-000034.xlsx,Income Statement,"Nine Months Ended October 31, 2024",Shares used in computing basic net income per share,us-gaap:WeightedAverageNumberOfSharesOutstandingBasic,reported,
income_statement,us-gaap:WeightedAverageNumberOfDilutedSharesOutstanding,Shares used in computing diluted net income per share,3Q25,965.0,CRM_SEC-XBRL-financials_as-presented_10-Q_2024-12-04_0001108524-24-000034.xlsx,Income Statement,"Three Months Ended October 31, 2024",Shares used in computing diluted net income per share,us-gaap:WeightedAverageNumberOfDilutedSharesOutstanding,reported,
income_statement,us-gaap:WeightedAverageNumberOfDilutedSharesOutstanding,Shares used in computing diluted net income per share,9M25,975.0,CRM_SEC-XBRL-financials_as-presented_10-Q_2024-12-04_0001108524-24-000034.xlsx,Income Statement,"Nine Months Ended October 31, 2024",Shares used in computing diluted net income per share,us-gaap:WeightedAverageNumberOfDilutedSharesOutstanding,reported,
balance_sheet,us-gaap:CashAndCashEquivalentsAtCarryingValue,Cash and cash equivalents,3Q25,7997.0,CRM_SEC-XBRL-financials_as-presented_10-Q_2024-12-04_0001108524-24-000034.xlsx,Balance Sheet,"October 31, 2024 (unaudited)",Cash and cash equivalents,us-gaap:CashAndCashEquivalentsAtCarryingValue,reported,
balance_sheet,us-gaap:AvailableForSaleSecuritiesDebtSecuritiesCurrent,Marketable securities,3Q25,4760.0,CRM_SEC-XBRL-financials_as-presented_10-Q_2024-12-04_0001108524-24-000034.xlsx,Balance Sheet,"October 31, 2024 (unaudited)",Marketable securities,us-gaap:AvailableForSaleSecuritiesDebtSecuritiesCurrent,reported,
balance_sheet,us-gaap:AccountsReceivableNetCurrent,"Accounts receivable, net",3Q25,4741.0,CRM_SEC-XBRL-financials_as-presented_10-Q_2024-12-04_0001108524-24-000034.xlsx,Balance Sheet,"October 31, 2024 (unaudited)","Accounts receivable, net",us-gaap:AccountsReceivableNetCurrent,reported,
balance_sheet,us-gaap:CapitalizedContractCostNetCurrent,"Costs capitalized to obtain revenue contracts, net",3Q25,1836.0,CRM_SEC-XBRL-financials_as-presented_10-Q_2024-12-04_0001108524-24-000034.xlsx,Balance Sheet,"October 31, 2024 (unaudited)","Costs capitalized to obtain revenue contracts, net",us-gaap:CapitalizedContractCostNetCurrent,reported,
balance_sheet,us-gaap:PrepaidExpenseAndOtherAssetsCurrent,Prepaid expenses and other current assets,3Q25,2091.0,CRM_SEC-XBRL-financials_as-presented_10-Q_2024-12-04_0001108524-24-000034.xlsx,Balance Sheet,"October 31, 2024 (unaudited)",Prepaid expenses and other current assets,us-gaap:PrepaidExpenseAndOtherAssetsCurrent,reported,
balance_sheet,us-gaap:AssetsCurrent,Total current assets,3Q25,21425.0,CRM_SEC-XBRL-financials_as-presented_10-Q_2024-12-04_0001108524-24-000034.xlsx,Balance Sheet,"October 31, 2024 (unaudited)",Total current assets,us-gaap:AssetsCurrent,reported,
balance_sheet,us-gaap:PropertyPlantAndEquipmentAndFinanceLeaseRightOfUseAssetAfterAccumulatedDepreciationAndAmortization,"Property and equipment, net",3Q25,3416.0,CRM_SEC-XBRL-financials_as-presented_10-Q_2024-12-04_0001108524-24-000034.xlsx,Balance Sheet,"October 31, 2024 (unaudited)","Property and equipment, net",us-gaap:PropertyPlantAndEquipmentAndFinanceLeaseRightOfUseAssetAfterAccumulatedDepreciationAndAmortization,reported,
balance_sheet,us-gaap:OperatingLeaseRightOfUseAsset,"Operating lease right-of-use assets, net",3Q25,2167.0,CRM_SEC-XBRL-financials_as-presented_10-Q_2024-12-04_0001108524-24-000034.xlsx,Balance Sheet,"October 31, 2024 (unaudited)","Operating lease right-of-use assets, net",us-gaap:OperatingLeaseRightOfUseAsset,reported,
balance_sheet,us-gaap:CapitalizedContractCostNetNoncurrent,"Noncurrent costs capitalized to obtain revenue contracts, net",3Q25,2121.0,CRM_SEC-XBRL-financials_as-presented_10-Q_2024-12-04_0001108524-24-000034.xlsx,Balance Sheet,"October 31, 2024 (unaudited)","Noncurrent costs capitalized to obtain revenue contracts, net",us-gaap:CapitalizedContractCostNetNoncurrent,reported,
balance_sheet,us-gaap:OtherLongTermInvestments,Strategic investments,3Q25,4845.0,CRM_SEC-XBRL-financials_as-presented_10-Q_2024-12-04_0001108524-24-000034.xlsx,Balance Sheet,"October 31, 2024 (unaudited)",Strategic investments,us-gaap:OtherLongTermInvestments,reported,
balance_sheet,us-gaap:Goodwill,Goodwill,3Q25,49093.0,CRM_SEC-XBRL-financials_as-presented_10-Q_2024-12-04_0001108524-24-000034.xlsx,Balance Sheet,"October 31, 2024 (unaudited)",Goodwill,us-gaap:Goodwill,reported,
balance_sheet,us-gaap:IntangibleAssetsNetExcludingGoodwill,"Intangible assets acquired through business combinations, net",3Q25,4119.0,CRM_SEC-XBRL-financials_as-presented_10-Q_2024-12-04_0001108524-24-000034.xlsx,Balance Sheet,"October 31, 2024 (unaudited)","Intangible assets acquired through business combinations, net",us-gaap:IntangibleAssetsNetExcludingGoodwill,reported,
balance_sheet,us-gaap:OtherAssetsNoncurrent,"Deferred tax assets and other assets, net",3Q25,4209.0,CRM_SEC-XBRL-financials_as-presented_10-Q_2024-12-04_0001108524-24-000034.xlsx,Balance Sheet,"October 31, 2024 (unaudited)","Deferred tax assets and other assets, net",us-gaap:OtherAssetsNoncurrent,reported,
balance_sheet,us-gaap:Assets,Total assets,3Q25,91395.0,CRM_SEC-XBRL-financials_as-presented_10-Q_2024-12-04_0001108524-24-000034.xlsx,Balance Sheet,"October 31, 2024 (unaudited)",Total assets,us-gaap:Assets,reported,
balance_sheet,us-gaap:AccountsPayableAndOtherAccruedLiabilitiesCurrent,"Accounts payable, accrued expenses and other liabilities",3Q25,5331.0,CRM_SEC-XBRL-financials_as-presented_10-Q_2024-12-04_0001108524-24-000034.xlsx,Balance Sheet,"October 31, 2024 (unaudited)","Accounts payable, accrued expenses and other liabilities",us-gaap:AccountsPayableAndOtherAccruedLiabilitiesCurrent,reported,
balance_sheet,us-gaap:OperatingLeaseLiabilityCurrent,"Operating lease liabilities, current",3Q25,572.0,CRM_SEC-XBRL-financials_as-presented_10-Q_2024-12-04_0001108524-24-000034.xlsx,Balance Sheet,"October 31, 2024 (unaudited)","Operating lease liabilities, current",us-gaap:OperatingLeaseLiabilityCurrent,reported,
balance_sheet,us-gaap:ContractWithCustomerLiabilityCurrent,Unearned revenue,3Q25,13472.0,CRM_SEC-XBRL-financials_as-presented_10-Q_2024-12-04_0001108524-24-000034.xlsx,Balance Sheet,"October 31, 2024 (unaudited)",Unearned revenue,us-gaap:ContractWithCustomerLiabilityCurrent,reported,
balance_sheet,us-gaap:ConvertibleDebtCurrent,"Debt, current",3Q25,0.0,CRM_SEC-XBRL-financials_as-presented_10-Q_2024-12-04_0001108524-24-000034.xlsx,Balance Sheet,"October 31, 2024 (unaudited)","Debt, current",us-gaap:ConvertibleDebtCurrent,reported,
balance_sheet,us-gaap:LiabilitiesCurrent,Total current liabilities,3Q25,19375.0,CRM_SEC-XBRL-financials_as-presented_10-Q_2024-12-04_0001108524-24-000034.xlsx,Balance Sheet,"October 31, 2024 (unaudited)",Total current liabilities,us-gaap:LiabilitiesCurrent,reported,
balance_sheet,us-gaap:LongTermDebtNoncurrent,Noncurrent debt,3Q25,8432.0,CRM_SEC-XBRL-financials_as-presented_10-Q_2024-12-04_0001108524-24-000034.xlsx,Balance Sheet,"October 31, 2024 (unaudited)",Noncurrent debt,us-gaap:LongTermDebtNoncurrent,reported,
balance_sheet,us-gaap:OperatingLeaseLiabilityNoncurrent,Noncurrent operating lease liabilities,3Q25,2420.0,CRM_SEC-XBRL-financials_as-presented_10-Q_2024-12-04_0001108524-24-000034.xlsx,Balance Sheet,"October 31, 2024 (unaudited)",Noncurrent operating lease liabilities,us-gaap:OperatingLeaseLiabilityNoncurrent,reported,
balance_sheet,us-gaap:OtherLiabilitiesNoncurrent,Other noncurrent liabilities,3Q25,2643.0,CRM_SEC-XBRL-financials_as-presented_10-Q_2024-12-04_0001108524-24-000034.xlsx,Balance Sheet,"October 31, 2024 (unaudited)",Other noncurrent liabilities,us-gaap:OtherLiabilitiesNoncurrent,reported,
balance_sheet,us-gaap:Liabilities,Total liabilities,3Q25,32870.0,CRM_SEC-XBRL-financials_as-presented_10-Q_2024-12-04_0001108524-24-000034.xlsx,Balance Sheet,"October 31, 2024 (unaudited)",Total liabilities,us-gaap:Liabilities,reported,
balance_sheet,us-gaap:CommonStockValue,Common stock,3Q25,1.0,CRM_SEC-XBRL-financials_as-presented_10-Q_2024-12-04_0001108524-24-000034.xlsx,Balance Sheet,"October 31, 2024 (unaudited)",Common stock,us-gaap:CommonStockValue,reported,
balance_sheet,us-gaap:TreasuryStockCommonValue,"Treasury stock, at cost",3Q25,-19414.0,CRM_SEC-XBRL-financials_as-presented_10-Q_2024-12-04_0001108524-24-000034.xlsx,Balance Sheet,"October 31, 2024 (unaudited)","Treasury stock, at cost",us-gaap:TreasuryStockCommonValue,reported,
balance_sheet,us-gaap:AdditionalPaidInCapitalCommonStock,Additional paid-in capital,3Q25,63114.0,CRM_SEC-XBRL-financials_as-presented_10-Q_2024-12-04_0001108524-24-000034.xlsx,Balance Sheet,"October 31, 2024 (unaudited)",Additional paid-in capital,us-gaap:AdditionalPaidInCapitalCommonStock,reported,
balance_sheet,us-gaap:AccumulatedOtherComprehensiveIncomeLossNetOfTax,Accumulated other comprehensive income (loss),3Q25,-225.0,CRM_SEC-XBRL-financials_as-presented_10-Q_2024-12-04_0001108524-24-000034.xlsx,Balance Sheet,"October 31, 2024 (unaudited)",Accumulated other comprehensive loss,us-gaap:AccumulatedOtherComprehensiveIncomeLossNetOfTax,reported,
balance_sheet,us-gaap:RetainedEarningsAccumulatedDeficit,Retained earnings,3Q25,15049.0,CRM_SEC-XBRL-financials_as-presented_10-Q_2024-12-04_0001108524-24-000034.xlsx,Balance Sheet,"October 31, 2024 (unaudited)",Retained earnings,us-gaap:RetainedEarningsAccumulatedDeficit,reported,
balance_sheet,us-gaap:StockholdersEquity,Total stockholders’ equity,3Q25,58525.0,CRM_SEC-XBRL-financials_as-presented_10-Q_2024-12-04_0001108524-24-000034.xlsx,Balance Sheet,"October 31, 2024 (unaudited)",Total stockholders’ equity,us-gaap:StockholdersEquity,reported,
balance_sheet,us-gaap:LiabilitiesAndStockholdersEquity,Total liabilities and stockholders’ equity,3Q25,91395.0,CRM_SEC-XBRL-financials_as-presented_10-Q_2024-12-04_0001108524-24-000034.xlsx,Balance Sheet,"October 31, 2024 (unaudited)",Total liabilities and stockholders’ equity,us-gaap:LiabilitiesAndStockholdersEquity,reported,
cash_flow,us-gaap:NetIncomeLoss,Net income,3Q25,1527.0,CRM_SEC-XBRL-financials_as-presented_10-Q_2024-12-04_0001108524-24-000034.xlsx,Cash Flow,"Three Months Ended October 31, 2024",Net income,us-gaap:NetIncomeLoss,reported,
cash_flow,us-gaap:NetIncomeLoss,Net income,9M25,4489.0,CRM_SEC-XBRL-financials_as-presented_10-Q_2024-12-04_0001108524-24-000034.xlsx,Cash Flow,"Nine Months Ended October 31, 2024",Net income,us-gaap:NetIncomeLoss,reported,
cash_flow,us-gaap:DepreciationAndAmortization,Depreciation and amortization (1),3Q25,814.0,CRM_SEC-XBRL-financials_as-presented_10-Q_2024-12-04_0001108524-24-000034.xlsx,Cash Flow,"Three Months Ended October 31, 2024",Depreciation and amortization (1),us-gaap:DepreciationAndAmortization,reported,
cash_flow,us-gaap:DepreciationAndAmortization,Depreciation and amortization (1),9M25,2600.0,CRM_SEC-XBRL-financials_as-presented_10-Q_2024-12-04_0001108524-24-000034.xlsx,Cash Flow,"Nine Months Ended October 31, 2024",Depreciation and amortization (1),us-gaap:DepreciationAndAmortization,reported,
cash_flow,us-gaap:CapitalizedContractCostAmortization,"Amortization of costs capitalized to obtain revenue contracts, net",3Q25,525.0,CRM_SEC-XBRL-financials_as-presented_10-Q_2024-12-04_0001108524-24-000034.xlsx,Cash Flow,"Three Months Ended October 31, 2024","Amortization of costs capitalized to obtain revenue contracts, net",us-gaap:CapitalizedContractCostAmortization,reported,
cash_flow,us-gaap:CapitalizedContractCostAmortization,"Amortization of costs capitalized to obtain revenue contracts, net",9M25,1568.0,CRM_SEC-XBRL-financials_as-presented_10-Q_2024-12-04_0001108524-24-000034.xlsx,Cash Flow,"Nine Months Ended October 31, 2024","Amortization of costs capitalized to obtain revenue contracts, net",us-gaap:CapitalizedContractCostAmortization,reported,
cash_flow,us-gaap:ShareBasedCompensation,Stock-based compensation expense,3Q25,820.0,CRM_SEC-XBRL-financials_as-presented_10-Q_2024-12-04_0001108524-24-000034.xlsx,Cash Flow,"Three Months Ended October 31, 2024",Stock-based compensation expense,us-gaap:ShareBasedCompensation,reported,
cash_flow,us-gaap:ShareBasedCompensation,Stock-based compensation expense,9M25,2380.0,CRM_SEC-XBRL-financials_as-presented_10-Q_2024-12-04_0001108524-24-000034.xlsx,Cash Flow,"Nine Months Ended October 31, 2024",Stock-based compensation expense,us-gaap:ShareBasedCompensation,reported,
cash_flow,us-gaap:GainLossOnInvestments,"(Gains) losses on strategic investments, net",3Q25,217.0,CRM_SEC-XBRL-financials_as-presented_10-Q_2024-12-04_0001108524-24-000034.xlsx,Cash Flow,"Three Months Ended October 31, 2024","Losses on strategic investments, net",us-gaap:GainLossOnInvestments,reported,
cash_flow,us-gaap:GainLossOnInvestments,"(Gains) losses on strategic investments, net",9M25,217.0,CRM_SEC-XBRL-financials_as-presented_10-Q_2024-12-04_0001108524-24-000034.xlsx,Cash Flow,"Nine Months Ended October 31, 2024","Losses on strategic investments, net",us-gaap:GainLossOnInvestments,reported,
cash_flow,us-gaap:IncreaseDecreaseInAccountsReceivable,"Accounts receivable, net",3Q25,655.0,CRM_SEC-XBRL-financials_as-presented_10-Q_2024-12-04_0001108524-24-000034.xlsx,Cash Flow,"Three Months Ended October 31, 2024","Accounts receivable, net",us-gaap:IncreaseDecreaseInAccountsReceivable,reported,
cash_flow,us-gaap:IncreaseDecreaseInAccountsReceivable,"Accounts receivable, net",9M25,6681.0,CRM_SEC-XBRL-financials_as-presented_10-Q_2024-12-04_0001108524-24-000034.xlsx,Cash Flow,"Nine Months Ended October 31, 2024","Accounts receivable, net",us-gaap:IncreaseDecreaseInAccountsReceivable,reported,
cash_flow,crm:IncreaseDecreaseInCapitalizedContractCosts,"Costs capitalized to obtain revenue contracts, net",3Q25,-430.0,CRM_SEC-XBRL-financials_as-presented_10-Q_2024-12-04_0001108524-24-000034.xlsx,Cash Flow,"Three Months Ended October 31, 2024","Costs capitalized to obtain revenue contracts, net",crm:IncreaseDecreaseInCapitalizedContractCosts,reported,
cash_flow,crm:IncreaseDecreaseInCapitalizedContractCosts,"Costs capitalized to obtain revenue contracts, net",9M25,-1105.0,CRM_SEC-XBRL-financials_as-presented_10-Q_2024-12-04_0001108524-24-000034.xlsx,Cash Flow,"Nine Months Ended October 31, 2024","Costs capitalized to obtain revenue contracts, net",crm:IncreaseDecreaseInCapitalizedContractCosts,reported,
cash_flow,us-gaap:IncreaseDecreaseInPrepaidDeferredExpenseAndOtherAssets,Prepaid expenses and other current assets and other assets,3Q25,-272.0,CRM_SEC-XBRL-financials_as-presented_10-Q_2024-12-04_0001108524-24-000034.xlsx,Cash Flow,"Three Months Ended October 31, 2024",Prepaid expenses and other current assets and other assets,us-gaap:IncreaseDecreaseInPrepaidDeferredExpenseAndOtherAssets,reported,
cash_flow,us-gaap:IncreaseDecreaseInPrepaidDeferredExpenseAndOtherAssets,Prepaid expenses and other current assets and other assets,9M25,-1263.0,CRM_SEC-XBRL-financials_as-presented_10-Q_2024-12-04_0001108524-24-000034.xlsx,Cash Flow,"Nine Months Ended October 31, 2024",Prepaid expenses and other current assets and other assets,us-gaap:IncreaseDecreaseInPrepaidDeferredExpenseAndOtherAssets,reported,
cash_flow,us-gaap:IncreaseDecreaseInAccountsPayableAndAccruedLiabilities,Accounts payable and accrued expenses and other liabilities,3Q25,32.0,CRM_SEC-XBRL-financials_as-presented_10-Q_2024-12-04_0001108524-24-000034.xlsx,Cash Flow,"Three Months Ended October 31, 2024",Accounts payable and accrued expenses and other liabilities,us-gaap:IncreaseDecreaseInAccountsPayableAndAccruedLiabilities,reported,
cash_flow,us-gaap:IncreaseDecreaseInAccountsPayableAndAccruedLiabilities,Accounts payable and accrued expenses and other liabilities,9M25,-503.0,CRM_SEC-XBRL-financials_as-presented_10-Q_2024-12-04_0001108524-24-000034.xlsx,Cash Flow,"Nine Months Ended October 31, 2024",Accounts payable and accrued expenses and other liabilities,us-gaap:IncreaseDecreaseInAccountsPayableAndAccruedLiabilities,reported,
cash_flow,us-gaap:IncreaseDecreaseInOperatingLeaseLiability,Operating lease liabilities,3Q25,-144.0,CRM_SEC-XBRL-financials_as-presented_10-Q_2024-12-04_0001108524-24-000034.xlsx,Cash Flow,"Three Months Ended October 31, 2024",Operating lease liabilities,us-gaap:IncreaseDecreaseInOperatingLeaseLiability,reported,
cash_flow,us-gaap:IncreaseDecreaseInOperatingLeaseLiability,Operating lease liabilities,9M25,-387.0,CRM_SEC-XBRL-financials_as-presented_10-Q_2024-12-04_0001108524-24-000034.xlsx,Cash Flow,"Nine Months Ended October 31, 2024",Operating lease liabilities,us-gaap:IncreaseDecreaseInOperatingLeaseLiability,reported,
cash_flow,us-gaap:IncreaseDecreaseInContractWithCustomerLiability,Unearned revenue,3Q25,-1761.0,CRM_SEC-XBRL-financials_as-presented_10-Q_2024-12-04_0001108524-24-000034.xlsx,Cash Flow,"Three Months Ended October 31, 2024",Unearned revenue,us-gaap:IncreaseDecreaseInContractWithCustomerLiability,reported,
cash_flow,us-gaap:IncreaseDecreaseInContractWithCustomerLiability,Unearned revenue,9M25,-5555.0,CRM_SEC-XBRL-financials_as-presented_10-Q_2024-12-04_0001108524-24-000034.xlsx,Cash Flow,"Nine Months Ended October 31, 2024",Unearned revenue,us-gaap:IncreaseDecreaseInContractWithCustomerLiability,reported,
cash_flow,us-gaap:NetCashProvidedByUsedInOperatingActivities,Net cash provided by operating activities,3Q25,1983.0,CRM_SEC-XBRL-financials_as-presented_10-Q_2024-12-04_0001108524-24-000034.xlsx,Cash Flow,"Three Months Ended October 31, 2024",Net cash provided by operating activities,us-gaap:NetCashProvidedByUsedInOperatingActivities,reported,
cash_flow,us-gaap:NetCashProvidedByUsedInOperatingActivities,Net cash provided by operating activities,9M25,9122.0,CRM_SEC-XBRL-financials_as-presented_10-Q_2024-12-04_0001108524-24-000034.xlsx,Cash Flow,"Nine Months Ended October 31, 2024",Net cash provided by operating activities,us-gaap:NetCashProvidedByUsedInOperatingActivities,reported,
cash_flow,us-gaap:PaymentsToAcquireBusinessesNetOfCashAcquired,"Business combinations, net of cash acquired",3Q25,-179.0,CRM_SEC-XBRL-financials_as-presented_10-Q_2024-12-04_0001108524-24-000034.xlsx,Cash Flow,"Three Months Ended October 31, 2024","Business combinations, net of cash acquired",us-gaap:PaymentsToAcquireBusinessesNetOfCashAcquired,reported,
cash_flow,us-gaap:PaymentsToAcquireBusinessesNetOfCashAcquired,"Business combinations, net of cash acquired",9M25,-517.0,CRM_SEC-XBRL-financials_as-presented_10-Q_2024-12-04_0001108524-24-000034.xlsx,Cash Flow,"Nine Months Ended October 31, 2024","Business combinations, net of cash acquired",us-gaap:PaymentsToAcquireBusinessesNetOfCashAcquired,reported,
cash_flow,us-gaap:PaymentsToAcquireLongtermInvestments,Purchases of strategic investments,3Q25,-67.0,CRM_SEC-XBRL-financials_as-presented_10-Q_2024-12-04_0001108524-24-000034.xlsx,Cash Flow,"Three Months Ended October 31, 2024",Purchases of strategic investments,us-gaap:PaymentsToAcquireLongtermInvestments,reported,
cash_flow,us-gaap:PaymentsToAcquireLongtermInvestments,Purchases of strategic investments,9M25,-374.0,CRM_SEC-XBRL-financials_as-presented_10-Q_2024-12-04_0001108524-24-000034.xlsx,Cash Flow,"Nine Months Ended October 31, 2024",Purchases of strategic investments,us-gaap:PaymentsToAcquireLongtermInvestments,reported,
cash_flow,us-gaap:ProceedsFromSaleOfLongtermInvestments,Sales of strategic investments,3Q25,13.0,CRM_SEC-XBRL-financials_as-presented_10-Q_2024-12-04_0001108524-24-000034.xlsx,Cash Flow,"Three Months Ended October 31, 2024",Sales of strategic investments,us-gaap:ProceedsFromSaleOfLongtermInvestments,reported,
cash_flow,us-gaap:ProceedsFromSaleOfLongtermInvestments,Sales of strategic investments,9M25,118.0,CRM_SEC-XBRL-financials_as-presented_10-Q_2024-12-04_0001108524-24-000034.xlsx,Cash Flow,"Nine Months Ended October 31, 2024",Sales of strategic investments,us-gaap:ProceedsFromSaleOfLongtermInvestments,reported,
cash_flow,us-gaap:PaymentsToAcquireAvailableForSaleSecuritiesDebt,Purchases of marketable securities,3Q25,-1239.0,CRM_SEC-XBRL-financials_as-presented_10-Q_2024-12-04_0001108524-24-000034.xlsx,Cash Flow,"Three Months Ended October 31, 2024",Purchases of marketable securities,us-gaap:PaymentsToAcquireAvailableForSaleSecuritiesDebt,reported,
cash_flow,us-gaap:PaymentsToAcquireAvailableForSaleSecuritiesDebt,Purchases of marketable securities,9M25,-5041.0,CRM_SEC-XBRL-financials_as-presented_10-Q_2024-12-04_0001108524-24-000034.xlsx,Cash Flow,"Nine Months Ended October 31, 2024",Purchases of marketable securities,us-gaap:PaymentsToAcquireAvailableForSaleSecuritiesDebt,reported,
cash_flow,us-gaap:ProceedsFromSaleOfAvailableForSaleSecuritiesDebt,Sales of marketable securities,3Q25,554.0,CRM_SEC-XBRL-financials_as-presented_10-Q_2024-12-04_0001108524-24-000034.xlsx,Cash Flow,"Three Months Ended October 31, 2024",Sales of marketable securities,us-gaap:ProceedsFromSaleOfAvailableForSaleSecuritiesDebt,reported,
cash_flow,us-gaap:ProceedsFromSaleOfAvailableForSaleSecuritiesDebt,Sales of marketable securities,9M25,3652.0,CRM_SEC-XBRL-financials_as-presented_10-Q_2024-12-04_0001108524-24-000034.xlsx,Cash Flow,"Nine Months Ended October 31, 2024",Sales of marketable securities,us-gaap:ProceedsFromSaleOfAvailableForSaleSecuritiesDebt,reported,
cash_flow,us-gaap:ProceedsFromMaturitiesPrepaymentsAndCallsOfAvailableForSaleSecurities,Maturities of marketable securities,3Q25,905.0,CRM_SEC-XBRL-financials_as-presented_10-Q_2024-12-04_0001108524-24-000034.xlsx,Cash Flow,"Three Months Ended October 31, 2024",Maturities of marketable securities,us-gaap:ProceedsFromMaturitiesPrepaymentsAndCallsOfAvailableForSaleSecurities,reported,
cash_flow,us-gaap:ProceedsFromMaturitiesPrepaymentsAndCallsOfAvailableForSaleSecurities,Maturities of marketable securities,9M25,2439.0,CRM_SEC-XBRL-financials_as-presented_10-Q_2024-12-04_0001108524-24-000034.xlsx,Cash Flow,"Nine Months Ended October 31, 2024",Maturities of marketable securities,us-gaap:ProceedsFromMaturitiesPrepaymentsAndCallsOfAvailableForSaleSecurities,reported,
cash_flow,us-gaap:PaymentsToAcquirePropertyPlantAndEquipment,Capital expenditures,3Q25,-204.0,CRM_SEC-XBRL-financials_as-presented_10-Q_2024-12-04_0001108524-24-000034.xlsx,Cash Flow,"Three Months Ended October 31, 2024",Capital expenditures,us-gaap:PaymentsToAcquirePropertyPlantAndEquipment,reported,
cash_flow,us-gaap:PaymentsToAcquirePropertyPlantAndEquipment,Capital expenditures,9M25,-504.0,CRM_SEC-XBRL-financials_as-presented_10-Q_2024-12-04_0001108524-24-000034.xlsx,Cash Flow,"Nine Months Ended October 31, 2024",Capital expenditures,us-gaap:PaymentsToAcquirePropertyPlantAndEquipment,reported,
cash_flow,us-gaap:NetCashProvidedByUsedInInvestingActivities,Net cash used in investing activities,3Q25,-217.0,CRM_SEC-XBRL-financials_as-presented_10-Q_2024-12-04_0001108524-24-000034.xlsx,Cash Flow,"Three Months Ended October 31, 2024",Net cash used in investing activities,us-gaap:NetCashProvidedByUsedInInvestingActivities,reported,
cash_flow,us-gaap:NetCashProvidedByUsedInInvestingActivities,Net cash used in investing activities,9M25,-227.0,CRM_SEC-XBRL-financials_as-presented_10-Q_2024-12-04_0001108524-24-000034.xlsx,Cash Flow,"Nine Months Ended October 31, 2024",Net cash used in investing activities,us-gaap:NetCashProvidedByUsedInInvestingActivities,reported,
cash_flow,us-gaap:PaymentsForRepurchaseOfCommonStock,Repurchases of common stock,3Q25,-1285.0,CRM_SEC-XBRL-financials_as-presented_10-Q_2024-12-04_0001108524-24-000034.xlsx,Cash Flow,"Three Months Ended October 31, 2024",Repurchases of common stock,us-gaap:PaymentsForRepurchaseOfCommonStock,reported,
cash_flow,us-gaap:PaymentsForRepurchaseOfCommonStock,Repurchases of common stock,9M25,-7753.0,CRM_SEC-XBRL-financials_as-presented_10-Q_2024-12-04_0001108524-24-000034.xlsx,Cash Flow,"Nine Months Ended October 31, 2024",Repurchases of common stock,us-gaap:PaymentsForRepurchaseOfCommonStock,reported,
cash_flow,us-gaap:ProceedsFromStockPlans,Proceeds from employee stock plans,3Q25,321.0,CRM_SEC-XBRL-financials_as-presented_10-Q_2024-12-04_0001108524-24-000034.xlsx,Cash Flow,"Three Months Ended October 31, 2024",Proceeds from employee stock plans,us-gaap:ProceedsFromStockPlans,reported,
cash_flow,us-gaap:ProceedsFromStockPlans,Proceeds from employee stock plans,9M25,1056.0,CRM_SEC-XBRL-financials_as-presented_10-Q_2024-12-04_0001108524-24-000034.xlsx,Cash Flow,"Nine Months Ended October 31, 2024",Proceeds from employee stock plans,us-gaap:ProceedsFromStockPlans,reported,
cash_flow,us-gaap:FinanceLeasePrincipalPayments,Principal payments on financing obligations,3Q25,-100.0,CRM_SEC-XBRL-financials_as-presented_10-Q_2024-12-04_0001108524-24-000034.xlsx,Cash Flow,"Three Months Ended October 31, 2024",Principal payments on financing obligations,us-gaap:FinanceLeasePrincipalPayments,reported,
cash_flow,us-gaap:FinanceLeasePrincipalPayments,Principal payments on financing obligations,9M25,-505.0,CRM_SEC-XBRL-financials_as-presented_10-Q_2024-12-04_0001108524-24-000034.xlsx,Cash Flow,"Nine Months Ended October 31, 2024",Principal payments on financing obligations,us-gaap:FinanceLeasePrincipalPayments,reported,
cash_flow,us-gaap:RepaymentsOfLongTermLinesOfCredit,Repayments of debt,3Q25,0.0,CRM_SEC-XBRL-financials_as-presented_10-Q_2024-12-04_0001108524-24-000034.xlsx,Cash Flow,"Three Months Ended October 31, 2024",Repayments of debt,us-gaap:RepaymentsOfLongTermLinesOfCredit,reported,
cash_flow,us-gaap:RepaymentsOfLongTermLinesOfCredit,Repayments of debt,9M25,-1000.0,CRM_SEC-XBRL-financials_as-presented_10-Q_2024-12-04_0001108524-24-000034.xlsx,Cash Flow,"Nine Months Ended October 31, 2024",Repayments of debt,us-gaap:RepaymentsOfLongTermLinesOfCredit,reported,
cash_flow,us-gaap:PaymentsOfDividends,Payments of dividends and dividend equivalents,3Q25,-382.0,CRM_SEC-XBRL-financials_as-presented_10-Q_2024-12-04_0001108524-24-000034.xlsx,Cash Flow,"Three Months Ended October 31, 2024",Payments of dividends,us-gaap:PaymentsOfDividends,reported,
cash_flow,us-gaap:PaymentsOfDividends,Payments of dividends and dividend equivalents,9M25,-1154.0,CRM_SEC-XBRL-financials_as-presented_10-Q_2024-12-04_0001108524-24-000034.xlsx,Cash Flow,"Nine Months Ended October 31, 2024",Payments of dividends,us-gaap:PaymentsOfDividends,reported,
cash_flow,us-gaap:NetCashProvidedByUsedInFinancingActivities,Net cash used in financing activities,3Q25,-1446.0,CRM_SEC-XBRL-financials_as-presented_10-Q_2024-12-04_0001108524-24-000034.xlsx,Cash Flow,"Three Months Ended October 31, 2024",Net cash used in financing activities,us-gaap:NetCashProvidedByUsedInFinancingActivities,reported,
cash_flow,us-gaap:NetCashProvidedByUsedInFinancingActivities,Net cash used in financing activities,9M25,-9356.0,CRM_SEC-XBRL-financials_as-presented_10-Q_2024-12-04_0001108524-24-000034.xlsx,Cash Flow,"Nine Months Ended October 31, 2024",Net cash used in financing activities,us-gaap:NetCashProvidedByUsedInFinancingActivities,reported,
cash_flow,us-gaap:EffectOfExchangeRateOnCashCashEquivalentsRestrictedCashAndRestrictedCashEquivalents,Effect of exchange rate changes,3Q25,-5.0,CRM_SEC-XBRL-financials_as-presented_10-Q_2024-12-04_0001108524-24-000034.xlsx,Cash Flow,"Three Months Ended October 31, 2024",Effect of exchange rate changes,us-gaap:EffectOfExchangeRateOnCashCashEquivalentsRestrictedCashAndRestrictedCashEquivalents,reported,
cash_flow,us-gaap:EffectOfExchangeRateOnCashCashEquivalentsRestrictedCashAndRestrictedCashEquivalents,Effect of exchange rate changes,9M25,-14.0,CRM_SEC-XBRL-financials_as-presented_10-Q_2024-12-04_0001108524-24-000034.xlsx,Cash Flow,"Nine Months Ended October 31, 2024",Effect of exchange rate changes,us-gaap:EffectOfExchangeRateOnCashCashEquivalentsRestrictedCashAndRestrictedCashEquivalents,reported,
cash_flow,us-gaap:CashCashEquivalentsRestrictedCashAndRestrictedCashEquivalentsPeriodIncreaseDecreaseIncludingExchangeRateEffect,Net increase (decrease) in cash and cash equivalents,3Q25,315.0,CRM_SEC-XBRL-financials_as-presented_10-Q_2024-12-04_0001108524-24-000034.xlsx,Cash Flow,"Three Months Ended October 31, 2024",Net increase (decrease) in cash and cash equivalents,us-gaap:CashCashEquivalentsRestrictedCashAndRestrictedCashEquivalentsPeriodIncreaseDecreaseIncludingExchangeRateEffect,reported,
cash_flow,us-gaap:CashCashEquivalentsRestrictedCashAndRestrictedCashEquivalentsPeriodIncreaseDecreaseIncludingExchangeRateEffect,Net increase (decrease) in cash and cash equivalents,9M25,-475.0,CRM_SEC-XBRL-financials_as-presented_10-Q_2024-12-04_0001108524-24-000034.xlsx,Cash Flow,"Nine Months Ended October 31, 2024",Net increase (decrease) in cash and cash equivalents,us-gaap:CashCashEquivalentsRestrictedCashAndRestrictedCashEquivalentsPeriodIncreaseDecreaseIncludingExchangeRateEffect,reported,
cash_flow,us-gaap:CashCashEquivalentsRestrictedCashAndRestrictedCashEquivalents,"Cash and cash equivalents, beginning of period",3Q25,7682.0,CRM_SEC-XBRL-financials_as-presented_10-Q_2024-12-04_0001108524-24-000034.xlsx,Cash Flow,"Three Months Ended October 31, 2024","Cash and cash equivalents, beginning of period",us-gaap:CashCashEquivalentsRestrictedCashAndRestrictedCashEquivalents,reported,
cash_flow,us-gaap:CashCashEquivalentsRestrictedCashAndRestrictedCashEquivalents,"Cash and cash equivalents, beginning of period",9M25,8472.0,CRM_SEC-XBRL-financials_as-presented_10-Q_2024-12-04_0001108524-24-000034.xlsx,Cash Flow,"Nine Months Ended October 31, 2024","Cash and cash equivalents, beginning of period",us-gaap:CashCashEquivalentsRestrictedCashAndRestrictedCashEquivalents,reported,
income_statement,us-gaap:RevenueFromContractWithCustomerExcludingAssessedTax,Subscription and support,1Q26,9297.0,CRM_SEC-XBRL-financials_as-presented_10-Q_2025-05-29_0001108524-25-000030.xlsx,Income Statement,"Three Months Ended April 30, 2025",Subscription and support,us-gaap:RevenueFromContractWithCustomerExcludingAssessedTax,reported,
income_statement,us-gaap:CostOfGoodsAndServicesSold,Subscription and support,1Q26,1611.0,CRM_SEC-XBRL-financials_as-presented_10-Q_2025-05-29_0001108524-25-000030.xlsx,Income Statement,"Three Months Ended April 30, 2025",Subscription and support,us-gaap:CostOfGoodsAndServicesSold,reported,
income_statement,us-gaap:GrossProfit,Gross profit,1Q26,7564.0,CRM_SEC-XBRL-financials_as-presented_10-Q_2025-05-29_0001108524-25-000030.xlsx,Income Statement,"Three Months Ended April 30, 2025",Gross profit,us-gaap:GrossProfit,reported,
income_statement,us-gaap:ResearchAndDevelopmentExpense,Research and development,1Q26,1460.0,CRM_SEC-XBRL-financials_as-presented_10-Q_2025-05-29_0001108524-25-000030.xlsx,Income Statement,"Three Months Ended April 30, 2025",Research and development,us-gaap:ResearchAndDevelopmentExpense,reported,
income_statement,us-gaap:SellingAndMarketingExpense,Sales and marketing,1Q26,3429.0,CRM_SEC-XBRL-financials_as-presented_10-Q_2025-05-29_0001108524-25-000030.xlsx,Income Statement,"Three Months Ended April 30, 2025",Sales and marketing,us-gaap:SellingAndMarketingExpense,reported,
income_statement,us-gaap:GeneralAndAdministrativeExpense,General and administrative,1Q26,697.0,CRM_SEC-XBRL-financials_as-presented_10-Q_2025-05-29_0001108524-25-000030.xlsx,Income Statement,"Three Months Ended April 30, 2025",General and administrative,us-gaap:GeneralAndAdministrativeExpense,reported,
income_statement,us-gaap:RestructuringCharges,Restructuring,1Q26,36.0,CRM_SEC-XBRL-financials_as-presented_10-Q_2025-05-29_0001108524-25-000030.xlsx,Income Statement,"Three Months Ended April 30, 2025",Restructuring,us-gaap:RestructuringCharges,reported,
income_statement,us-gaap:OperatingExpenses,Total operating expenses,1Q26,5622.0,CRM_SEC-XBRL-financials_as-presented_10-Q_2025-05-29_0001108524-25-000030.xlsx,Income Statement,"Three Months Ended April 30, 2025",Total operating expenses,us-gaap:OperatingExpenses,reported,
income_statement,us-gaap:OperatingIncomeLoss,Income from operations,1Q26,1942.0,CRM_SEC-XBRL-financials_as-presented_10-Q_2025-05-29_0001108524-25-000030.xlsx,Income Statement,"Three Months Ended April 30, 2025",Income from operations,us-gaap:OperatingIncomeLoss,reported,
income_statement,us-gaap:GainLossOnInvestments,"Gains (losses) on strategic investments, net",1Q26,-63.0,CRM_SEC-XBRL-financials_as-presented_10-Q_2025-05-29_0001108524-25-000030.xlsx,Income Statement,"Three Months Ended April 30, 2025","Gains (losses) on strategic investments, net",us-gaap:GainLossOnInvestments,reported,
income_statement,us-gaap:OtherNonoperatingIncomeExpense,Other income,1Q26,95.0,CRM_SEC-XBRL-financials_as-presented_10-Q_2025-05-29_0001108524-25-000030.xlsx,Income Statement,"Three Months Ended April 30, 2025",Other income,us-gaap:OtherNonoperatingIncomeExpense,reported,
income_statement,us-gaap:IncomeLossFromContinuingOperationsBeforeIncomeTaxesExtraordinaryItemsNoncontrollingInterest,Income before provision for income taxes,1Q26,1974.0,CRM_SEC-XBRL-financials_as-presented_10-Q_2025-05-29_0001108524-25-000030.xlsx,Income Statement,"Three Months Ended April 30, 2025",Income before provision for income taxes,us-gaap:IncomeLossFromContinuingOperationsBeforeIncomeTaxesExtraordinaryItemsNoncontrollingInterest,reported,
income_statement,us-gaap:IncomeTaxExpenseBenefit,Provision for income taxes,1Q26,-433.0,CRM_SEC-XBRL-financials_as-presented_10-Q_2025-05-29_0001108524-25-000030.xlsx,Income Statement,"Three Months Ended April 30, 2025",Provision for income taxes,us-gaap:IncomeTaxExpenseBenefit,reported,
income_statement,us-gaap:NetIncomeLoss,Net income,1Q26,1541.0,CRM_SEC-XBRL-financials_as-presented_10-Q_2025-05-29_0001108524-25-000030.xlsx,Income Statement,"Three Months Ended April 30, 2025",Net income,us-gaap:NetIncomeLoss,reported,
income_statement,us-gaap:EarningsPerShareBasic,Basic net income per share,1Q26,1.61,CRM_SEC-XBRL-financials_as-presented_10-Q_2025-05-29_0001108524-25-000030.xlsx,Income Statement,"Three Months Ended April 30, 2025",Basic net income per share,us-gaap:EarningsPerShareBasic,reported,
income_statement,us-gaap:EarningsPerShareDiluted,Diluted net income per share,1Q26,1.59,CRM_SEC-XBRL-financials_as-presented_10-Q_2025-05-29_0001108524-25-000030.xlsx,Income Statement,"Three Months Ended April 30, 2025",Diluted net income per share,us-gaap:EarningsPerShareDiluted,reported,
income_statement,us-gaap:WeightedAverageNumberOfSharesOutstandingBasic,Shares used in computing basic net income per share,1Q26,960.0,CRM_SEC-XBRL-financials_as-presented_10-Q_2025-05-29_0001108524-25-000030.xlsx,Income Statement,"Three Months Ended April 30, 2025",Shares used in computing basic net income per share,us-gaap:WeightedAverageNumberOfSharesOutstandingBasic,reported,
income_statement,us-gaap:WeightedAverageNumberOfDilutedSharesOutstanding,Shares used in computing diluted net income per share,1Q26,970.0,CRM_SEC-XBRL-financials_as-presented_10-Q_2025-05-29_0001108524-25-000030.xlsx,Income Statement,"Three Months Ended April 30, 2025",Shares used in computing diluted net income per share,us-gaap:WeightedAverageNumberOfDilutedSharesOutstanding,reported,
balance_sheet,us-gaap:CashAndCashEquivalentsAtCarryingValue,Cash and cash equivalents,1Q26,10928.0,CRM_SEC-XBRL-financials_as-presented_10-Q_2025-05-29_0001108524-25-000030.xlsx,Balance Sheet,"April 30, 2025 (unaudited)",Cash and cash equivalents,us-gaap:CashAndCashEquivalentsAtCarryingValue,reported,
balance_sheet,us-gaap:AvailableForSaleSecuritiesDebtSecuritiesCurrent,Marketable securities,1Q26,6480.0,CRM_SEC-XBRL-financials_as-presented_10-Q_2025-05-29_0001108524-25-000030.xlsx,Balance Sheet,"April 30, 2025 (unaudited)",Marketable securities,us-gaap:AvailableForSaleSecuritiesDebtSecuritiesCurrent,reported,
balance_sheet,us-gaap:AccountsReceivableNetCurrent,"Accounts receivable, net",1Q26,4354.0,CRM_SEC-XBRL-financials_as-presented_10-Q_2025-05-29_0001108524-25-000030.xlsx,Balance Sheet,"April 30, 2025 (unaudited)","Accounts receivable, net",us-gaap:AccountsReceivableNetCurrent,reported,
balance_sheet,us-gaap:CapitalizedContractCostNetCurrent,"Costs capitalized to obtain revenue contracts, net",1Q26,1924.0,CRM_SEC-XBRL-financials_as-presented_10-Q_2025-05-29_0001108524-25-000030.xlsx,Balance Sheet,"April 30, 2025 (unaudited)","Costs capitalized to obtain revenue contracts, net",us-gaap:CapitalizedContractCostNetCurrent,reported,
balance_sheet,us-gaap:PrepaidExpenseAndOtherAssetsCurrent,Prepaid expenses and other current assets,1Q26,2180.0,CRM_SEC-XBRL-financials_as-presented_10-Q_2025-05-29_0001108524-25-000030.xlsx,Balance Sheet,"April 30, 2025 (unaudited)",Prepaid expenses and other current assets,us-gaap:PrepaidExpenseAndOtherAssetsCurrent,reported,
balance_sheet,us-gaap:AssetsCurrent,Total current assets,1Q26,25866.0,CRM_SEC-XBRL-financials_as-presented_10-Q_2025-05-29_0001108524-25-000030.xlsx,Balance Sheet,"April 30, 2025 (unaudited)",Total current assets,us-gaap:AssetsCurrent,reported,
balance_sheet,us-gaap:PropertyPlantAndEquipmentAndFinanceLeaseRightOfUseAssetAfterAccumulatedDepreciationAndAmortization,"Property and equipment, net",1Q26,3131.0,CRM_SEC-XBRL-financials_as-presented_10-Q_2025-05-29_0001108524-25-000030.xlsx,Balance Sheet,"April 30, 2025 (unaudited)","Property and equipment, net",us-gaap:PropertyPlantAndEquipmentAndFinanceLeaseRightOfUseAssetAfterAccumulatedDepreciationAndAmortization,reported,
balance_sheet,us-gaap:OperatingLeaseRightOfUseAsset,"Operating lease right-of-use assets, net",1Q26,2129.0,CRM_SEC-XBRL-financials_as-presented_10-Q_2025-05-29_0001108524-25-000030.xlsx,Balance Sheet,"April 30, 2025 (unaudited)","Operating lease right-of-use assets, net",us-gaap:OperatingLeaseRightOfUseAsset,reported,
balance_sheet,us-gaap:CapitalizedContractCostNetNoncurrent,"Noncurrent costs capitalized to obtain revenue contracts, net",1Q26,2342.0,CRM_SEC-XBRL-financials_as-presented_10-Q_2025-05-29_0001108524-25-000030.xlsx,Balance Sheet,"April 30, 2025 (unaudited)","Noncurrent costs capitalized to obtain revenue contracts, net",us-gaap:CapitalizedContractCostNetNoncurrent,reported,
balance_sheet,us-gaap:OtherLongTermInvestments,Strategic investments,1Q26,4941.0,CRM_SEC-XBRL-financials_as-presented_10-Q_2025-05-29_0001108524-25-000030.xlsx,Balance Sheet,"April 30, 2025 (unaudited)",Strategic investments,us-gaap:OtherLongTermInvestments,reported,
balance_sheet,us-gaap:Goodwill,Goodwill,1Q26,51281.0,CRM_SEC-XBRL-financials_as-presented_10-Q_2025-05-29_0001108524-25-000030.xlsx,Balance Sheet,"April 30, 2025 (unaudited)",Goodwill,us-gaap:Goodwill,reported,
balance_sheet,us-gaap:IntangibleAssetsNetExcludingGoodwill,"Intangible assets acquired through business combinations, net",1Q26,4033.0,CRM_SEC-XBRL-financials_as-presented_10-Q_2025-05-29_0001108524-25-000030.xlsx,Balance Sheet,"April 30, 2025 (unaudited)","Intangible assets acquired through business combinations, net",us-gaap:IntangibleAssetsNetExcludingGoodwill,reported,
balance_sheet,us-gaap:OtherAssetsNoncurrent,"Deferred tax assets and other assets, net",1Q26,4887.0,CRM_SEC-XBRL-financials_as-presented_10-Q_2025-05-29_0001108524-25-000030.xlsx,Balance Sheet,"April 30, 2025 (unaudited)","Deferred tax assets and other assets, net",us-gaap:OtherAssetsNoncurrent,reported,
balance_sheet,us-gaap:Assets,Total assets,1Q26,98610.0,CRM_SEC-XBRL-financials_as-presented_10-Q_2025-05-29_0001108524-25-000030.xlsx,Balance Sheet,"April 30, 2025 (unaudited)",Total assets,us-gaap:Assets,reported,
balance_sheet,us-gaap:AccountsPayableAndOtherAccruedLiabilitiesCurrent,"Accounts payable, accrued expenses and other liabilities",1Q26,5804.0,CRM_SEC-XBRL-financials_as-presented_10-Q_2025-05-29_0001108524-25-000030.xlsx,Balance Sheet,"April 30, 2025 (unaudited)","Accounts payable, accrued expenses and other liabilities",us-gaap:AccountsPayableAndOtherAccruedLiabilitiesCurrent,reported,
balance_sheet,us-gaap:OperatingLeaseLiabilityCurrent,"Operating lease liabilities, current",1Q26,593.0,CRM_SEC-XBRL-financials_as-presented_10-Q_2025-05-29_0001108524-25-000030.xlsx,Balance Sheet,"April 30, 2025 (unaudited)","Operating lease liabilities, current",us-gaap:OperatingLeaseLiabilityCurrent,reported,
balance_sheet,us-gaap:ContractWithCustomerLiabilityCurrent,Unearned revenue,1Q26,17799.0,CRM_SEC-XBRL-financials_as-presented_10-Q_2025-05-29_0001108524-25-000030.xlsx,Balance Sheet,"April 30, 2025 (unaudited)",Unearned revenue,us-gaap:ContractWithCustomerLiabilityCurrent,reported,
balance_sheet,us-gaap:LiabilitiesCurrent,Total current liabilities,1Q26,24196.0,CRM_SEC-XBRL-financials_as-presented_10-Q_2025-05-29_0001108524-25-000030.xlsx,Balance Sheet,"April 30, 2025 (unaudited)",Total current liabilities,us-gaap:LiabilitiesCurrent,reported,
balance_sheet,us-gaap:LongTermDebtNoncurrent,Noncurrent debt,1Q26,8435.0,CRM_SEC-XBRL-financials_as-presented_10-Q_2025-05-29_0001108524-25-000030.xlsx,Balance Sheet,"April 30, 2025 (unaudited)",Noncurrent debt,us-gaap:LongTermDebtNoncurrent,reported,
balance_sheet,us-gaap:OperatingLeaseLiabilityNoncurrent,Noncurrent operating lease liabilities,1Q26,2341.0,CRM_SEC-XBRL-financials_as-presented_10-Q_2025-05-29_0001108524-25-000030.xlsx,Balance Sheet,"April 30, 2025 (unaudited)",Noncurrent operating lease liabilities,us-gaap:OperatingLeaseLiabilityNoncurrent,reported,
balance_sheet,us-gaap:OtherLiabilitiesNoncurrent,Other noncurrent liabilities,1Q26,2972.0,CRM_SEC-XBRL-financials_as-presented_10-Q_2025-05-29_0001108524-25-000030.xlsx,Balance Sheet,"April 30, 2025 (unaudited)",Other noncurrent liabilities,us-gaap:OtherLiabilitiesNoncurrent,reported,
balance_sheet,us-gaap:Liabilities,Total liabilities,1Q26,37944.0,CRM_SEC-XBRL-financials_as-presented_10-Q_2025-05-29_0001108524-25-000030.xlsx,Balance Sheet,"April 30, 2025 (unaudited)",Total liabilities,us-gaap:Liabilities,reported,
balance_sheet,us-gaap:CommonStockValue,Common stock,1Q26,1.0,CRM_SEC-XBRL-financials_as-presented_10-Q_2025-05-29_0001108524-25-000030.xlsx,Balance Sheet,"April 30, 2025 (unaudited)",Common stock,us-gaap:CommonStockValue,reported,
balance_sheet,us-gaap:TreasuryStockCommonValue,"Treasury stock, at cost",1Q26,-22199.0,CRM_SEC-XBRL-financials_as-presented_10-Q_2025-05-29_0001108524-25-000030.xlsx,Balance Sheet,"April 30, 2025 (unaudited)","Treasury stock, at cost",us-gaap:TreasuryStockCommonValue,reported,
balance_sheet,us-gaap:AdditionalPaidInCapitalCommonStock,Additional paid-in capital,1Q26,65490.0,CRM_SEC-XBRL-financials_as-presented_10-Q_2025-05-29_0001108524-25-000030.xlsx,Balance Sheet,"April 30, 2025 (unaudited)",Additional paid-in capital,us-gaap:AdditionalPaidInCapitalCommonStock,reported,
balance_sheet,us-gaap:AccumulatedOtherComprehensiveIncomeLossNetOfTax,Accumulated other comprehensive income (loss),1Q26,-130.0,CRM_SEC-XBRL-financials_as-presented_10-Q_2025-05-29_0001108524-25-000030.xlsx,Balance Sheet,"April 30, 2025 (unaudited)",Accumulated other comprehensive loss,us-gaap:AccumulatedOtherComprehensiveIncomeLossNetOfTax,reported,
balance_sheet,us-gaap:RetainedEarningsAccumulatedDeficit,Retained earnings,1Q26,17504.0,CRM_SEC-XBRL-financials_as-presented_10-Q_2025-05-29_0001108524-25-000030.xlsx,Balance Sheet,"April 30, 2025 (unaudited)",Retained earnings,us-gaap:RetainedEarningsAccumulatedDeficit,reported,
balance_sheet,us-gaap:StockholdersEquity,Total stockholders’ equity,1Q26,60666.0,CRM_SEC-XBRL-financials_as-presented_10-Q_2025-05-29_0001108524-25-000030.xlsx,Balance Sheet,"April 30, 2025 (unaudited)",Total stockholders’ equity,us-gaap:StockholdersEquity,reported,
balance_sheet,us-gaap:LiabilitiesAndStockholdersEquity,Total liabilities and stockholders’ equity,1Q26,98610.0,CRM_SEC-XBRL-financials_as-presented_10-Q_2025-05-29_0001108524-25-000030.xlsx,Balance Sheet,"April 30, 2025 (unaudited)",Total liabilities and stockholders’ equity,us-gaap:LiabilitiesAndStockholdersEquity,reported,
cash_flow,us-gaap:NetIncomeLoss,Net income,1Q26,1541.0,CRM_SEC-XBRL-financials_as-presented_10-Q_2025-05-29_0001108524-25-000030.xlsx,Cash Flow,"Three Months Ended April 30, 2025",Net income,us-gaap:NetIncomeLoss,reported,
cash_flow,us-gaap:DepreciationAndAmortization,Depreciation and amortization (1),1Q26,843.0,CRM_SEC-XBRL-financials_as-presented_10-Q_2025-05-29_0001108524-25-000030.xlsx,Cash Flow,"Three Months Ended April 30, 2025",Depreciation and amortization (1),us-gaap:DepreciationAndAmortization,reported,
cash_flow,us-gaap:CapitalizedContractCostAmortization,"Amortization of costs capitalized to obtain revenue contracts, net",1Q26,545.0,CRM_SEC-XBRL-financials_as-presented_10-Q_2025-05-29_0001108524-25-000030.xlsx,Cash Flow,"Three Months Ended April 30, 2025","Amortization of costs capitalized to obtain revenue contracts, net",us-gaap:CapitalizedContractCostAmortization,reported,
cash_flow,us-gaap:ShareBasedCompensation,Stock-based compensation expense,1Q26,814.0,CRM_SEC-XBRL-financials_as-presented_10-Q_2025-05-29_0001108524-25-000030.xlsx,Cash Flow,"Three Months Ended April 30, 2025",Stock-based compensation expense,us-gaap:ShareBasedCompensation,reported,
cash_flow,us-gaap:GainLossOnInvestments,"(Gains) losses on strategic investments, net",1Q26,63.0,CRM_SEC-XBRL-financials_as-presented_10-Q_2025-05-29_0001108524-25-000030.xlsx,Cash Flow,"Three Months Ended April 30, 2025","(Gains) losses on strategic investments, net",us-gaap:GainLossOnInvestments,reported,
cash_flow,us-gaap:IncreaseDecreaseInAccountsReceivable,"Accounts receivable, net",1Q26,7591.0,CRM_SEC-XBRL-financials_as-presented_10-Q_2025-05-29_0001108524-25-000030.xlsx,Cash Flow,"Three Months Ended April 30, 2025","Accounts receivable, net",us-gaap:IncreaseDecreaseInAccountsReceivable,reported,
cash_flow,crm:IncreaseDecreaseInCapitalizedContractCosts,"Costs capitalized to obtain revenue contracts, net",1Q26,-365.0,CRM_SEC-XBRL-financials_as-presented_10-Q_2025-05-29_0001108524-25-000030.xlsx,Cash Flow,"Three Months Ended April 30, 2025","Costs capitalized to obtain revenue contracts, net",crm:IncreaseDecreaseInCapitalizedContractCosts,reported,
cash_flow,us-gaap:IncreaseDecreaseInPrepaidDeferredExpenseAndOtherAssets,Prepaid expenses and other current assets and other assets,1Q26,-481.0,CRM_SEC-XBRL-financials_as-presented_10-Q_2025-05-29_0001108524-25-000030.xlsx,Cash Flow,"Three Months Ended April 30, 2025",Prepaid expenses and other current assets and other assets,us-gaap:IncreaseDecreaseInPrepaidDeferredExpenseAndOtherAssets,reported,
cash_flow,us-gaap:IncreaseDecreaseInAccountsPayableAndAccruedLiabilities,Accounts payable and accrued expenses and other liabilities,1Q26,-1007.0,CRM_SEC-XBRL-financials_as-presented_10-Q_2025-05-29_0001108524-25-000030.xlsx,Cash Flow,"Three Months Ended April 30, 2025",Accounts payable and accrued expenses and other liabilities,us-gaap:IncreaseDecreaseInAccountsPayableAndAccruedLiabilities,reported,
cash_flow,us-gaap:IncreaseDecreaseInOperatingLeaseLiability,Operating lease liabilities,1Q26,-124.0,CRM_SEC-XBRL-financials_as-presented_10-Q_2025-05-29_0001108524-25-000030.xlsx,Cash Flow,"Three Months Ended April 30, 2025",Operating lease liabilities,us-gaap:IncreaseDecreaseInOperatingLeaseLiability,reported,
cash_flow,us-gaap:IncreaseDecreaseInContractWithCustomerLiability,Unearned revenue,1Q26,-2944.0,CRM_SEC-XBRL-financials_as-presented_10-Q_2025-05-29_0001108524-25-000030.xlsx,Cash Flow,"Three Months Ended April 30, 2025",Unearned revenue,us-gaap:IncreaseDecreaseInContractWithCustomerLiability,reported,
cash_flow,us-gaap:NetCashProvidedByUsedInOperatingActivities,Net cash provided by operating activities,1Q26,6476.0,CRM_SEC-XBRL-financials_as-presented_10-Q_2025-05-29_0001108524-25-000030.xlsx,Cash Flow,"Three Months Ended April 30, 2025",Net cash provided by operating activities,us-gaap:NetCashProvidedByUsedInOperatingActivities,reported,
cash_flow,us-gaap:PaymentsToAcquireBusinessesNetOfCashAcquired,"Business combinations, net of cash acquired",1Q26,0.0,CRM_SEC-XBRL-financials_as-presented_10-Q_2025-05-29_0001108524-25-000030.xlsx,Cash Flow,"Three Months Ended April 30, 2025","Business combinations, net of cash acquired",us-gaap:PaymentsToAcquireBusinessesNetOfCashAcquired,reported,
cash_flow,us-gaap:PaymentsToAcquireLongtermInvestments,Purchases of strategic investments,1Q26,-149.0,CRM_SEC-XBRL-financials_as-presented_10-Q_2025-05-29_0001108524-25-000030.xlsx,Cash Flow,"Three Months Ended April 30, 2025",Purchases of strategic investments,us-gaap:PaymentsToAcquireLongtermInvestments,reported,
cash_flow,us-gaap:ProceedsFromSaleOfLongtermInvestments,Sales of strategic investments,1Q26,6.0,CRM_SEC-XBRL-financials_as-presented_10-Q_2025-05-29_0001108524-25-000030.xlsx,Cash Flow,"Three Months Ended April 30, 2025",Sales of strategic investments,us-gaap:ProceedsFromSaleOfLongtermInvestments,reported,
cash_flow,us-gaap:PaymentsToAcquireAvailableForSaleSecuritiesDebt,Purchases of marketable securities,1Q26,-2086.0,CRM_SEC-XBRL-financials_as-presented_10-Q_2025-05-29_0001108524-25-000030.xlsx,Cash Flow,"Three Months Ended April 30, 2025",Purchases of marketable securities,us-gaap:PaymentsToAcquireAvailableForSaleSecuritiesDebt,reported,
cash_flow,us-gaap:ProceedsFromSaleOfAvailableForSaleSecuritiesDebt,Sales of marketable securities,1Q26,405.0,CRM_SEC-XBRL-financials_as-presented_10-Q_2025-05-29_0001108524-25-000030.xlsx,Cash Flow,"Three Months Ended April 30, 2025",Sales of marketable securities,us-gaap:ProceedsFromSaleOfAvailableForSaleSecuritiesDebt,reported,
cash_flow,us-gaap:ProceedsFromMaturitiesPrepaymentsAndCallsOfAvailableForSaleSecurities,Maturities of marketable securities,1Q26,436.0,CRM_SEC-XBRL-financials_as-presented_10-Q_2025-05-29_0001108524-25-000030.xlsx,Cash Flow,"Three Months Ended April 30, 2025",Maturities of marketable securities,us-gaap:ProceedsFromMaturitiesPrepaymentsAndCallsOfAvailableForSaleSecurities,reported,
cash_flow,us-gaap:PaymentsToAcquirePropertyPlantAndEquipment,Capital expenditures,1Q26,-179.0,CRM_SEC-XBRL-financials_as-presented_10-Q_2025-05-29_0001108524-25-000030.xlsx,Cash Flow,"Three Months Ended April 30, 2025",Capital expenditures,us-gaap:PaymentsToAcquirePropertyPlantAndEquipment,reported,
cash_flow,us-gaap:NetCashProvidedByUsedInInvestingActivities,Net cash used in investing activities,1Q26,-1567.0,CRM_SEC-XBRL-financials_as-presented_10-Q_2025-05-29_0001108524-25-000030.xlsx,Cash Flow,"Three Months Ended April 30, 2025",Net cash used in investing activities,us-gaap:NetCashProvidedByUsedInInvestingActivities,reported,
cash_flow,us-gaap:PaymentsForRepurchaseOfCommonStock,Repurchases of common stock,1Q26,-2633.0,CRM_SEC-XBRL-financials_as-presented_10-Q_2025-05-29_0001108524-25-000030.xlsx,Cash Flow,"Three Months Ended April 30, 2025",Repurchases of common stock,us-gaap:PaymentsForRepurchaseOfCommonStock,reported,
cash_flow,us-gaap:ProceedsFromStockPlans,Proceeds from employee stock plans,1Q26,294.0,CRM_SEC-XBRL-financials_as-presented_10-Q_2025-05-29_0001108524-25-000030.xlsx,Cash Flow,"Three Months Ended April 30, 2025",Proceeds from employee stock plans,us-gaap:ProceedsFromStockPlans,reported,
cash_flow,us-gaap:FinanceLeasePrincipalPayments,Principal payments on financing obligations,1Q26,-179.0,CRM_SEC-XBRL-financials_as-presented_10-Q_2025-05-29_0001108524-25-000030.xlsx,Cash Flow,"Three Months Ended April 30, 2025",Principal payments on financing obligations,us-gaap:FinanceLeasePrincipalPayments,reported,
cash_flow,us-gaap:PaymentsOfDividends,Payments of dividends and dividend equivalents,1Q26,-402.0,CRM_SEC-XBRL-financials_as-presented_10-Q_2025-05-29_0001108524-25-000030.xlsx,Cash Flow,"Three Months Ended April 30, 2025",Payments of dividends and dividend equivalents,us-gaap:PaymentsOfDividends,reported,
cash_flow,us-gaap:NetCashProvidedByUsedInFinancingActivities,Net cash used in financing activities,1Q26,-2920.0,CRM_SEC-XBRL-financials_as-presented_10-Q_2025-05-29_0001108524-25-000030.xlsx,Cash Flow,"Three Months Ended April 30, 2025",Net cash used in financing activities,us-gaap:NetCashProvidedByUsedInFinancingActivities,reported,
cash_flow,us-gaap:EffectOfExchangeRateOnCashCashEquivalentsRestrictedCashAndRestrictedCashEquivalents,Effect of exchange rate changes,1Q26,91.0,CRM_SEC-XBRL-financials_as-presented_10-Q_2025-05-29_0001108524-25-000030.xlsx,Cash Flow,"Three Months Ended April 30, 2025",Effect of exchange rate changes,us-gaap:EffectOfExchangeRateOnCashCashEquivalentsRestrictedCashAndRestrictedCashEquivalents,reported,
cash_flow,us-gaap:CashCashEquivalentsRestrictedCashAndRestrictedCashEquivalentsPeriodIncreaseDecreaseIncludingExchangeRateEffect,Net increase (decrease) in cash and cash equivalents,1Q26,2080.0,CRM_SEC-XBRL-financials_as-presented_10-Q_2025-05-29_0001108524-25-000030.xlsx,Cash Flow,"Three Months Ended April 30, 2025",Net increase in cash and cash equivalents,us-gaap:CashCashEquivalentsRestrictedCashAndRestrictedCashEquivalentsPeriodIncreaseDecreaseIncludingExchangeRateEffect,reported,
cash_flow,us-gaap:CashCashEquivalentsRestrictedCashAndRestrictedCashEquivalents,"Cash and cash equivalents, beginning of period",1Q26,8848.0,CRM_SEC-XBRL-financials_as-presented_10-Q_2025-05-29_0001108524-25-000030.xlsx,Cash Flow,"Three Months Ended April 30, 2025","Cash and cash equivalents, beginning of period",us-gaap:CashCashEquivalentsRestrictedCashAndRestrictedCashEquivalents,reported,
income_statement,us-gaap:RevenueFromContractWithCustomerExcludingAssessedTax,Subscription and support,2Q26,9690.0,CRM_SEC-XBRL-financials_as-presented_10-Q_2025-09-04_0001108524-25-000088.xlsx,Income Statement,"Three Months Ended July 31, 2025",Subscription and support,us-gaap:RevenueFromContractWithCustomerExcludingAssessedTax,reported,
income_statement,us-gaap:RevenueFromContractWithCustomerExcludingAssessedTax,Subscription and support,6M26,18987.0,CRM_SEC-XBRL-financials_as-presented_10-Q_2025-09-04_0001108524-25-000088.xlsx,Income Statement,"Six Months Ended July 31, 2025",Subscription and support,us-gaap:RevenueFromContractWithCustomerExcludingAssessedTax,reported,
income_statement,us-gaap:CostOfGoodsAndServicesSold,Subscription and support,2Q26,1645.0,CRM_SEC-XBRL-financials_as-presented_10-Q_2025-09-04_0001108524-25-000088.xlsx,Income Statement,"Three Months Ended July 31, 2025",Subscription and support,us-gaap:CostOfGoodsAndServicesSold,reported,
income_statement,us-gaap:CostOfGoodsAndServicesSold,Subscription and support,6M26,3256.0,CRM_SEC-XBRL-financials_as-presented_10-Q_2025-09-04_0001108524-25-000088.xlsx,Income Statement,"Six Months Ended July 31, 2025",Subscription and support,us-gaap:CostOfGoodsAndServicesSold,reported,
income_statement,us-gaap:GrossProfit,Gross profit,2Q26,7994.0,CRM_SEC-XBRL-financials_as-presented_10-Q_2025-09-04_0001108524-25-000088.xlsx,Income Statement,"Three Months Ended July 31, 2025",Gross profit,us-gaap:GrossProfit,reported,
income_statement,us-gaap:GrossProfit,Gross profit,6M26,15558.0,CRM_SEC-XBRL-financials_as-presented_10-Q_2025-09-04_0001108524-25-000088.xlsx,Income Statement,"Six Months Ended July 31, 2025",Gross profit,us-gaap:GrossProfit,reported,
income_statement,us-gaap:ResearchAndDevelopmentExpense,Research and development,2Q26,1481.0,CRM_SEC-XBRL-financials_as-presented_10-Q_2025-09-04_0001108524-25-000088.xlsx,Income Statement,"Three Months Ended July 31, 2025",Research and development,us-gaap:ResearchAndDevelopmentExpense,reported,
income_statement,us-gaap:ResearchAndDevelopmentExpense,Research and development,6M26,2941.0,CRM_SEC-XBRL-financials_as-presented_10-Q_2025-09-04_0001108524-25-000088.xlsx,Income Statement,"Six Months Ended July 31, 2025",Research and development,us-gaap:ResearchAndDevelopmentExpense,reported,
income_statement,us-gaap:SellingAndMarketingExpense,Sales and marketing,2Q26,3443.0,CRM_SEC-XBRL-financials_as-presented_10-Q_2025-09-04_0001108524-25-000088.xlsx,Income Statement,"Three Months Ended July 31, 2025",Sales and marketing,us-gaap:SellingAndMarketingExpense,reported,
income_statement,us-gaap:SellingAndMarketingExpense,Sales and marketing,6M26,6872.0,CRM_SEC-XBRL-financials_as-presented_10-Q_2025-09-04_0001108524-25-000088.xlsx,Income Statement,"Six Months Ended July 31, 2025",Sales and marketing,us-gaap:SellingAndMarketingExpense,reported,
income_statement,us-gaap:GeneralAndAdministrativeExpense,General and administrative,2Q26,734.0,CRM_SEC-XBRL-financials_as-presented_10-Q_2025-09-04_0001108524-25-000088.xlsx,Income Statement,"Three Months Ended July 31, 2025",General and administrative,us-gaap:GeneralAndAdministrativeExpense,reported,
income_statement,us-gaap:GeneralAndAdministrativeExpense,General and administrative,6M26,1431.0,CRM_SEC-XBRL-financials_as-presented_10-Q_2025-09-04_0001108524-25-000088.xlsx,Income Statement,"Six Months Ended July 31, 2025",General and administrative,us-gaap:GeneralAndAdministrativeExpense,reported,
income_statement,us-gaap:RestructuringCharges,Restructuring,2Q26,4.0,CRM_SEC-XBRL-financials_as-presented_10-Q_2025-09-04_0001108524-25-000088.xlsx,Income Statement,"Three Months Ended July 31, 2025",Restructuring,us-gaap:RestructuringCharges,reported,
income_statement,us-gaap:RestructuringCharges,Restructuring,6M26,40.0,CRM_SEC-XBRL-financials_as-presented_10-Q_2025-09-04_0001108524-25-000088.xlsx,Income Statement,"Six Months Ended July 31, 2025",Restructuring,us-gaap:RestructuringCharges,reported,
income_statement,us-gaap:OperatingExpenses,Total operating expenses,2Q26,5662.0,CRM_SEC-XBRL-financials_as-presented_10-Q_2025-09-04_0001108524-25-000088.xlsx,Income Statement,"Three Months Ended July 31, 2025",Total operating expenses,us-gaap:OperatingExpenses,reported,
income_statement,us-gaap:OperatingExpenses,Total operating expenses,6M26,11284.0,CRM_SEC-XBRL-financials_as-presented_10-Q_2025-09-04_0001108524-25-000088.xlsx,Income Statement,"Six Months Ended July 31, 2025",Total operating expenses,us-gaap:OperatingExpenses,reported,
income_statement,us-gaap:OperatingIncomeLoss,Income from operations,2Q26,2332.0,CRM_SEC-XBRL-financials_as-presented_10-Q_2025-09-04_0001108524-25-000088.xlsx,Income Statement,"Three Months Ended July 31, 2025",Income from operations,us-gaap:OperatingIncomeLoss,reported,
income_statement,us-gaap:OperatingIncomeLoss,Income from operations,6M26,4274.0,CRM_SEC-XBRL-financials_as-presented_10-Q_2025-09-04_0001108524-25-000088.xlsx,Income Statement,"Six Months Ended July 31, 2025",Income from operations,us-gaap:OperatingIncomeLoss,reported,
income_statement,us-gaap:GainLossOnInvestments,"Gains (losses) on strategic investments, net",2Q26,6.0,CRM_SEC-XBRL-financials_as-presented_10-Q_2025-09-04_0001108524-25-000088.xlsx,Income Statement,"Three Months Ended July 31, 2025","Gains (losses) on strategic investments, net",us-gaap:GainLossOnInvestments,reported,
income_statement,us-gaap:GainLossOnInvestments,"Gains (losses) on strategic investments, net",6M26,-57.0,CRM_SEC-XBRL-financials_as-presented_10-Q_2025-09-04_0001108524-25-000088.xlsx,Income Statement,"Six Months Ended July 31, 2025","Gains (losses) on strategic investments, net",us-gaap:GainLossOnInvestments,reported,
income_statement,us-gaap:OtherNonoperatingIncomeExpense,Other income,2Q26,68.0,CRM_SEC-XBRL-financials_as-presented_10-Q_2025-09-04_0001108524-25-000088.xlsx,Income Statement,"Three Months Ended July 31, 2025",Other income,us-gaap:OtherNonoperatingIncomeExpense,reported,
income_statement,us-gaap:OtherNonoperatingIncomeExpense,Other income,6M26,163.0,CRM_SEC-XBRL-financials_as-presented_10-Q_2025-09-04_0001108524-25-000088.xlsx,Income Statement,"Six Months Ended July 31, 2025",Other income,us-gaap:OtherNonoperatingIncomeExpense,reported,
income_statement,us-gaap:IncomeLossFromContinuingOperationsBeforeIncomeTaxesExtraordinaryItemsNoncontrollingInterest,Income before provision for income taxes,2Q26,2406.0,CRM_SEC-XBRL-financials_as-presented_10-Q_2025-09-04_0001108524-25-000088.xlsx,Income Statement,"Three Months Ended July 31, 2025",Income before provision for income taxes,us-gaap:IncomeLossFromContinuingOperationsBeforeIncomeTaxesExtraordinaryItemsNoncontrollingInterest,reported,
income_statement,us-gaap:IncomeLossFromContinuingOperationsBeforeIncomeTaxesExtraordinaryItemsNoncontrollingInterest,Income before provision for income taxes,6M26,4380.0,CRM_SEC-XBRL-financials_as-presented_10-Q_2025-09-04_0001108524-25-000088.xlsx,Income Statement,"Six Months Ended July 31, 2025",Income before provision for income taxes,us-gaap:IncomeLossFromContinuingOperationsBeforeIncomeTaxesExtraordinaryItemsNoncontrollingInterest,reported,
income_statement,us-gaap:IncomeTaxExpenseBenefit,Provision for income taxes,2Q26,-519.0,CRM_SEC-XBRL-financials_as-presented_10-Q_2025-09-04_0001108524-25-000088.xlsx,Income Statement,"Three Months Ended July 31, 2025",Provision for income taxes,us-gaap:IncomeTaxExpenseBenefit,reported,
income_statement,us-gaap:IncomeTaxExpenseBenefit,Provision for income taxes,6M26,-952.0,CRM_SEC-XBRL-financials_as-presented_10-Q_2025-09-04_0001108524-25-000088.xlsx,Income Statement,"Six Months Ended July 31, 2025",Provision for income taxes,us-gaap:IncomeTaxExpenseBenefit,reported,
income_statement,us-gaap:NetIncomeLoss,Net income,2Q26,1887.0,CRM_SEC-XBRL-financials_as-presented_10-Q_2025-09-04_0001108524-25-000088.xlsx,Income Statement,"Three Months Ended July 31, 2025",Net income,us-gaap:NetIncomeLoss,reported,
income_statement,us-gaap:NetIncomeLoss,Net income,6M26,3428.0,CRM_SEC-XBRL-financials_as-presented_10-Q_2025-09-04_0001108524-25-000088.xlsx,Income Statement,"Six Months Ended July 31, 2025",Net income,us-gaap:NetIncomeLoss,reported,
income_statement,us-gaap:EarningsPerShareBasic,Basic net income per share,2Q26,1.97,CRM_SEC-XBRL-financials_as-presented_10-Q_2025-09-04_0001108524-25-000088.xlsx,Income Statement,"Three Months Ended July 31, 2025",Basic net income per share,us-gaap:EarningsPerShareBasic,reported,
income_statement,us-gaap:EarningsPerShareBasic,Basic net income per share,6M26,3.58,CRM_SEC-XBRL-financials_as-presented_10-Q_2025-09-04_0001108524-25-000088.xlsx,Income Statement,"Six Months Ended July 31, 2025",Basic net income per share,us-gaap:EarningsPerShareBasic,reported,
income_statement,us-gaap:EarningsPerShareDiluted,Diluted net income per share,2Q26,1.96,CRM_SEC-XBRL-financials_as-presented_10-Q_2025-09-04_0001108524-25-000088.xlsx,Income Statement,"Three Months Ended July 31, 2025",Diluted net income per share,us-gaap:EarningsPerShareDiluted,reported,
income_statement,us-gaap:EarningsPerShareDiluted,Diluted net income per share,6M26,3.55,CRM_SEC-XBRL-financials_as-presented_10-Q_2025-09-04_0001108524-25-000088.xlsx,Income Statement,"Six Months Ended July 31, 2025",Diluted net income per share,us-gaap:EarningsPerShareDiluted,reported,
income_statement,us-gaap:WeightedAverageNumberOfSharesOutstandingBasic,Shares used in computing basic net income per share,2Q26,956.0,CRM_SEC-XBRL-financials_as-presented_10-Q_2025-09-04_0001108524-25-000088.xlsx,Income Statement,"Three Months Ended July 31, 2025",Shares used in computing basic net income per share,us-gaap:WeightedAverageNumberOfSharesOutstandingBasic,reported,
income_statement,us-gaap:WeightedAverageNumberOfSharesOutstandingBasic,Shares used in computing basic net income per share,6M26,958.0,CRM_SEC-XBRL-financials_as-presented_10-Q_2025-09-04_0001108524-25-000088.xlsx,Income Statement,"Six Months Ended July 31, 2025",Shares used in computing basic net income per share,us-gaap:WeightedAverageNumberOfSharesOutstandingBasic,reported,
income_statement,us-gaap:WeightedAverageNumberOfDilutedSharesOutstanding,Shares used in computing diluted net income per share,2Q26,962.0,CRM_SEC-XBRL-financials_as-presented_10-Q_2025-09-04_0001108524-25-000088.xlsx,Income Statement,"Three Months Ended July 31, 2025",Shares used in computing diluted net income per share,us-gaap:WeightedAverageNumberOfDilutedSharesOutstanding,reported,
income_statement,us-gaap:WeightedAverageNumberOfDilutedSharesOutstanding,Shares used in computing diluted net income per share,6M26,966.0,CRM_SEC-XBRL-financials_as-presented_10-Q_2025-09-04_0001108524-25-000088.xlsx,Income Statement,"Six Months Ended July 31, 2025",Shares used in computing diluted net income per share,us-gaap:WeightedAverageNumberOfDilutedSharesOutstanding,reported,
balance_sheet,us-gaap:CashAndCashEquivalentsAtCarryingValue,Cash and cash equivalents,2Q26,10365.0,CRM_SEC-XBRL-financials_as-presented_10-Q_2025-09-04_0001108524-25-000088.xlsx,Balance Sheet,"July 31, 2025 (unaudited)",Cash and cash equivalents,us-gaap:CashAndCashEquivalentsAtCarryingValue,reported,
balance_sheet,us-gaap:AvailableForSaleSecuritiesDebtSecuritiesCurrent,Marketable securities,2Q26,5007.0,CRM_SEC-XBRL-financials_as-presented_10-Q_2025-09-04_0001108524-25-000088.xlsx,Balance Sheet,"July 31, 2025 (unaudited)",Marketable securities,us-gaap:AvailableForSaleSecuritiesDebtSecuritiesCurrent,reported,
balance_sheet,us-gaap:AccountsReceivableNetCurrent,"Accounts receivable, net",2Q26,5596.0,CRM_SEC-XBRL-financials_as-presented_10-Q_2025-09-04_0001108524-25-000088.xlsx,Balance Sheet,"July 31, 2025 (unaudited)","Accounts receivable, net",us-gaap:AccountsReceivableNetCurrent,reported,
balance_sheet,us-gaap:CapitalizedContractCostNetCurrent,"Costs capitalized to obtain revenue contracts, net",2Q26,1862.0,CRM_SEC-XBRL-financials_as-presented_10-Q_2025-09-04_0001108524-25-000088.xlsx,Balance Sheet,"July 31, 2025 (unaudited)","Costs capitalized to obtain revenue contracts, net",us-gaap:CapitalizedContractCostNetCurrent,reported,
balance_sheet,us-gaap:PrepaidExpenseAndOtherAssetsCurrent,Prepaid expenses and other current assets,2Q26,2501.0,CRM_SEC-XBRL-financials_as-presented_10-Q_2025-09-04_0001108524-25-000088.xlsx,Balance Sheet,"July 31, 2025 (unaudited)",Prepaid expenses and other current assets,us-gaap:PrepaidExpenseAndOtherAssetsCurrent,reported,
balance_sheet,us-gaap:AssetsCurrent,Total current assets,2Q26,25331.0,CRM_SEC-XBRL-financials_as-presented_10-Q_2025-09-04_0001108524-25-000088.xlsx,Balance Sheet,"July 31, 2025 (unaudited)",Total current assets,us-gaap:AssetsCurrent,reported,
balance_sheet,us-gaap:PropertyPlantAndEquipmentAndFinanceLeaseRightOfUseAssetAfterAccumulatedDepreciationAndAmortization,"Property and equipment, net",2Q26,3154.0,CRM_SEC-XBRL-financials_as-presented_10-Q_2025-09-04_0001108524-25-000088.xlsx,Balance Sheet,"July 31, 2025 (unaudited)","Property and equipment, net",us-gaap:PropertyPlantAndEquipmentAndFinanceLeaseRightOfUseAssetAfterAccumulatedDepreciationAndAmortization,reported,
balance_sheet,us-gaap:OperatingLeaseRightOfUseAsset,"Operating lease right-of-use assets, net",2Q26,2028.0,CRM_SEC-XBRL-financials_as-presented_10-Q_2025-09-04_0001108524-25-000088.xlsx,Balance Sheet,"July 31, 2025 (unaudited)","Operating lease right-of-use assets, net",us-gaap:OperatingLeaseRightOfUseAsset,reported,
balance_sheet,us-gaap:CapitalizedContractCostNetNoncurrent,"Noncurrent costs capitalized to obtain revenue contracts, net",2Q26,2266.0,CRM_SEC-XBRL-financials_as-presented_10-Q_2025-09-04_0001108524-25-000088.xlsx,Balance Sheet,"July 31, 2025 (unaudited)","Noncurrent costs capitalized to obtain revenue contracts, net",us-gaap:CapitalizedContractCostNetNoncurrent,reported,
balance_sheet,us-gaap:OtherLongTermInvestments,Strategic investments,2Q26,5085.0,CRM_SEC-XBRL-financials_as-presented_10-Q_2025-09-04_0001108524-25-000088.xlsx,Balance Sheet,"July 31, 2025 (unaudited)",Strategic investments,us-gaap:OtherLongTermInvestments,reported,
balance_sheet,us-gaap:Goodwill,Goodwill,2Q26,51438.0,CRM_SEC-XBRL-financials_as-presented_10-Q_2025-09-04_0001108524-25-000088.xlsx,Balance Sheet,"July 31, 2025 (unaudited)",Goodwill,us-gaap:Goodwill,reported,
balance_sheet,us-gaap:IntangibleAssetsNetExcludingGoodwill,"Intangible assets acquired through business combinations, net",2Q26,3669.0,CRM_SEC-XBRL-financials_as-presented_10-Q_2025-09-04_0001108524-25-000088.xlsx,Balance Sheet,"July 31, 2025 (unaudited)","Intangible assets acquired through business combinations, net",us-gaap:IntangibleAssetsNetExcludingGoodwill,reported,
balance_sheet,us-gaap:OtherAssetsNoncurrent,"Deferred tax assets and other assets, net",2Q26,4602.0,CRM_SEC-XBRL-financials_as-presented_10-Q_2025-09-04_0001108524-25-000088.xlsx,Balance Sheet,"July 31, 2025 (unaudited)","Deferred tax assets and other assets, net",us-gaap:OtherAssetsNoncurrent,reported,
balance_sheet,us-gaap:Assets,Total assets,2Q26,97573.0,CRM_SEC-XBRL-financials_as-presented_10-Q_2025-09-04_0001108524-25-000088.xlsx,Balance Sheet,"July 31, 2025 (unaudited)",Total assets,us-gaap:Assets,reported,
balance_sheet,us-gaap:AccountsPayableAndOtherAccruedLiabilitiesCurrent,"Accounts payable, accrued expenses and other liabilities",2Q26,5397.0,CRM_SEC-XBRL-financials_as-presented_10-Q_2025-09-04_0001108524-25-000088.xlsx,Balance Sheet,"July 31, 2025 (unaudited)","Accounts payable, accrued expenses and other liabilities",us-gaap:AccountsPayableAndOtherAccruedLiabilitiesCurrent,reported,
balance_sheet,us-gaap:OperatingLeaseLiabilityCurrent,"Operating lease liabilities, current",2Q26,580.0,CRM_SEC-XBRL-financials_as-presented_10-Q_2025-09-04_0001108524-25-000088.xlsx,Balance Sheet,"July 31, 2025 (unaudited)","Operating lease liabilities, current",us-gaap:OperatingLeaseLiabilityCurrent,reported,
balance_sheet,us-gaap:ContractWithCustomerLiabilityCurrent,Unearned revenue,2Q26,16555.0,CRM_SEC-XBRL-financials_as-presented_10-Q_2025-09-04_0001108524-25-000088.xlsx,Balance Sheet,"July 31, 2025 (unaudited)",Unearned revenue,us-gaap:ContractWithCustomerLiabilityCurrent,reported,
balance_sheet,us-gaap:LiabilitiesCurrent,Total current liabilities,2Q26,22532.0,CRM_SEC-XBRL-financials_as-presented_10-Q_2025-09-04_0001108524-25-000088.xlsx,Balance Sheet,"July 31, 2025 (unaudited)",Total current liabilities,us-gaap:LiabilitiesCurrent,reported,
balance_sheet,us-gaap:LongTermDebtNoncurrent,Noncurrent debt,2Q26,8436.0,CRM_SEC-XBRL-financials_as-presented_10-Q_2025-09-04_0001108524-25-000088.xlsx,Balance Sheet,"July 31, 2025 (unaudited)",Noncurrent debt,us-gaap:LongTermDebtNoncurrent,reported,
balance_sheet,us-gaap:OperatingLeaseLiabilityNoncurrent,Noncurrent operating lease liabilities,2Q26,2221.0,CRM_SEC-XBRL-financials_as-presented_10-Q_2025-09-04_0001108524-25-000088.xlsx,Balance Sheet,"July 31, 2025 (unaudited)",Noncurrent operating lease liabilities,us-gaap:OperatingLeaseLiabilityNoncurrent,reported,
balance_sheet,us-gaap:OtherLiabilitiesNoncurrent,Other noncurrent liabilities,2Q26,3056.0,CRM_SEC-XBRL-financials_as-presented_10-Q_2025-09-04_0001108524-25-000088.xlsx,Balance Sheet,"July 31, 2025 (unaudited)",Other noncurrent liabilities,us-gaap:OtherLiabilitiesNoncurrent,reported,
balance_sheet,us-gaap:Liabilities,Total liabilities,2Q26,36245.0,CRM_SEC-XBRL-financials_as-presented_10-Q_2025-09-04_0001108524-25-000088.xlsx,Balance Sheet,"July 31, 2025 (unaudited)",Total liabilities,us-gaap:Liabilities,reported,
balance_sheet,us-gaap:CommonStockValue,Common stock,2Q26,1.0,CRM_SEC-XBRL-financials_as-presented_10-Q_2025-09-04_0001108524-25-000088.xlsx,Balance Sheet,"July 31, 2025 (unaudited)",Common stock,us-gaap:CommonStockValue,reported,
balance_sheet,us-gaap:TreasuryStockCommonValue,"Treasury stock, at cost",2Q26,-24408.0,CRM_SEC-XBRL-financials_as-presented_10-Q_2025-09-04_0001108524-25-000088.xlsx,Balance Sheet,"July 31, 2025 (unaudited)","Treasury stock, at cost",us-gaap:TreasuryStockCommonValue,reported,
balance_sheet,us-gaap:AdditionalPaidInCapitalCommonStock,Additional paid-in capital,2Q26,66701.0,CRM_SEC-XBRL-financials_as-presented_10-Q_2025-09-04_0001108524-25-000088.xlsx,Balance Sheet,"July 31, 2025 (unaudited)",Additional paid-in capital,us-gaap:AdditionalPaidInCapitalCommonStock,reported,
balance_sheet,us-gaap:AccumulatedOtherComprehensiveIncomeLossNetOfTax,Accumulated other comprehensive income (loss),2Q26,47.0,CRM_SEC-XBRL-financials_as-presented_10-Q_2025-09-04_0001108524-25-000088.xlsx,Balance Sheet,"July 31, 2025 (unaudited)",Accumulated other comprehensive income (loss),us-gaap:AccumulatedOtherComprehensiveIncomeLossNetOfTax,reported,
balance_sheet,us-gaap:RetainedEarningsAccumulatedDeficit,Retained earnings,2Q26,18987.0,CRM_SEC-XBRL-financials_as-presented_10-Q_2025-09-04_0001108524-25-000088.xlsx,Balance Sheet,"July 31, 2025 (unaudited)",Retained earnings,us-gaap:RetainedEarningsAccumulatedDeficit,reported,
balance_sheet,us-gaap:StockholdersEquity,Total stockholders’ equity,2Q26,61328.0,CRM_SEC-XBRL-financials_as-presented_10-Q_2025-09-04_0001108524-25-000088.xlsx,Balance Sheet,"July 31, 2025 (unaudited)",Total stockholders’ equity,us-gaap:StockholdersEquity,reported,
balance_sheet,us-gaap:LiabilitiesAndStockholdersEquity,Total liabilities and stockholders’ equity,2Q26,97573.0,CRM_SEC-XBRL-financials_as-presented_10-Q_2025-09-04_0001108524-25-000088.xlsx,Balance Sheet,"July 31, 2025 (unaudited)",Total liabilities and stockholders’ equity,us-gaap:LiabilitiesAndStockholdersEquity,reported,
cash_flow,us-gaap:NetIncomeLoss,Net income,2Q26,1887.0,CRM_SEC-XBRL-financials_as-presented_10-Q_2025-09-04_0001108524-25-000088.xlsx,Cash Flow,"Three Months Ended July 31, 2025",Net income,us-gaap:NetIncomeLoss,reported,
cash_flow,us-gaap:NetIncomeLoss,Net income,6M26,3428.0,CRM_SEC-XBRL-financials_as-presented_10-Q_2025-09-04_0001108524-25-000088.xlsx,Cash Flow,"Six Months Ended July 31, 2025",Net income,us-gaap:NetIncomeLoss,reported,
cash_flow,us-gaap:DepreciationAndAmortization,Depreciation and amortization (1),2Q26,817.0,CRM_SEC-XBRL-financials_as-presented_10-Q_2025-09-04_0001108524-25-000088.xlsx,Cash Flow,"Three Months Ended July 31, 2025",Depreciation and amortization (1),us-gaap:DepreciationAndAmortization,reported,
cash_flow,us-gaap:DepreciationAndAmortization,Depreciation and amortization (1),6M26,1660.0,CRM_SEC-XBRL-financials_as-presented_10-Q_2025-09-04_0001108524-25-000088.xlsx,Cash Flow,"Six Months Ended July 31, 2025",Depreciation and amortization (1),us-gaap:DepreciationAndAmortization,reported,
cash_flow,us-gaap:CapitalizedContractCostAmortization,"Amortization of costs capitalized to obtain revenue contracts, net",2Q26,544.0,CRM_SEC-XBRL-financials_as-presented_10-Q_2025-09-04_0001108524-25-000088.xlsx,Cash Flow,"Three Months Ended July 31, 2025","Amortization of costs capitalized to obtain revenue contracts, net",us-gaap:CapitalizedContractCostAmortization,reported,
cash_flow,us-gaap:CapitalizedContractCostAmortization,"Amortization of costs capitalized to obtain revenue contracts, net",6M26,1089.0,CRM_SEC-XBRL-financials_as-presented_10-Q_2025-09-04_0001108524-25-000088.xlsx,Cash Flow,"Six Months Ended July 31, 2025","Amortization of costs capitalized to obtain revenue contracts, net",us-gaap:CapitalizedContractCostAmortization,reported,
cash_flow,us-gaap:ShareBasedCompensation,Stock-based compensation expense,2Q26,793.0,CRM_SEC-XBRL-financials_as-presented_10-Q_2025-09-04_0001108524-25-000088.xlsx,Cash Flow,"Three Months Ended July 31, 2025",Stock-based compensation expense,us-gaap:ShareBasedCompensation,reported,
cash_flow,us-gaap:ShareBasedCompensation,Stock-based compensation expense,6M26,1607.0,CRM_SEC-XBRL-financials_as-presented_10-Q_2025-09-04_0001108524-25-000088.xlsx,Cash Flow,"Six Months Ended July 31, 2025",Stock-based compensation expense,us-gaap:ShareBasedCompensation,reported,
cash_flow,us-gaap:GainLossOnInvestments,"(Gains) losses on strategic investments, net",2Q26,-6.0,CRM_SEC-XBRL-financials_as-presented_10-Q_2025-09-04_0001108524-25-000088.xlsx,Cash Flow,"Three Months Ended July 31, 2025","(Gains) losses on strategic investments, net",us-gaap:GainLossOnInvestments,reported,
cash_flow,us-gaap:GainLossOnInvestments,"(Gains) losses on strategic investments, net",6M26,57.0,CRM_SEC-XBRL-financials_as-presented_10-Q_2025-09-04_0001108524-25-000088.xlsx,Cash Flow,"Six Months Ended July 31, 2025","(Gains) losses on strategic investments, net",us-gaap:GainLossOnInvestments,reported,
cash_flow,us-gaap:IncreaseDecreaseInAccountsReceivable,"Accounts receivable, net",2Q26,-1242.0,CRM_SEC-XBRL-financials_as-presented_10-Q_2025-09-04_0001108524-25-000088.xlsx,Cash Flow,"Three Months Ended July 31, 2025","Accounts receivable, net",us-gaap:IncreaseDecreaseInAccountsReceivable,reported,
cash_flow,us-gaap:IncreaseDecreaseInAccountsReceivable,"Accounts receivable, net",6M26,6349.0,CRM_SEC-XBRL-financials_as-presented_10-Q_2025-09-04_0001108524-25-000088.xlsx,Cash Flow,"Six Months Ended July 31, 2025","Accounts receivable, net",us-gaap:IncreaseDecreaseInAccountsReceivable,reported,
cash_flow,crm:IncreaseDecreaseInCapitalizedContractCosts,"Costs capitalized to obtain revenue contracts, net",2Q26,-406.0,CRM_SEC-XBRL-financials_as-presented_10-Q_2025-09-04_0001108524-25-000088.xlsx,Cash Flow,"Three Months Ended July 31, 2025","Costs capitalized to obtain revenue contracts, net",crm:IncreaseDecreaseInCapitalizedContractCosts,reported,
cash_flow,crm:IncreaseDecreaseInCapitalizedContractCosts,"Costs capitalized to obtain revenue contracts, net",6M26,-771.0,CRM_SEC-XBRL-financials_as-presented_10-Q_2025-09-04_0001108524-25-000088.xlsx,Cash Flow,"Six Months Ended July 31, 2025","Costs capitalized to obtain revenue contracts, net",crm:IncreaseDecreaseInCapitalizedContractCosts,reported,
cash_flow,us-gaap:IncreaseDecreaseInPrepaidDeferredExpenseAndOtherAssets,Prepaid expenses and other current assets and other assets,2Q26,-32.0,CRM_SEC-XBRL-financials_as-presented_10-Q_2025-09-04_0001108524-25-000088.xlsx,Cash Flow,"Three Months Ended July 31, 2025",Prepaid expenses and other current assets and other assets,us-gaap:IncreaseDecreaseInPrepaidDeferredExpenseAndOtherAssets,reported,
cash_flow,us-gaap:IncreaseDecreaseInPrepaidDeferredExpenseAndOtherAssets,Prepaid expenses and other current assets and other assets,6M26,-513.0,CRM_SEC-XBRL-financials_as-presented_10-Q_2025-09-04_0001108524-25-000088.xlsx,Cash Flow,"Six Months Ended July 31, 2025",Prepaid expenses and other current assets and other assets,us-gaap:IncreaseDecreaseInPrepaidDeferredExpenseAndOtherAssets,reported,
cash_flow,us-gaap:IncreaseDecreaseInAccountsPayableAndAccruedLiabilities,Accounts payable and accrued expenses and other liabilities,2Q26,-217.0,CRM_SEC-XBRL-financials_as-presented_10-Q_2025-09-04_0001108524-25-000088.xlsx,Cash Flow,"Three Months Ended July 31, 2025",Accounts payable and accrued expenses and other liabilities,us-gaap:IncreaseDecreaseInAccountsPayableAndAccruedLiabilities,reported,
cash_flow,us-gaap:IncreaseDecreaseInAccountsPayableAndAccruedLiabilities,Accounts payable and accrued expenses and other liabilities,6M26,-1224.0,CRM_SEC-XBRL-financials_as-presented_10-Q_2025-09-04_0001108524-25-000088.xlsx,Cash Flow,"Six Months Ended July 31, 2025",Accounts payable and accrued expenses and other liabilities,us-gaap:IncreaseDecreaseInAccountsPayableAndAccruedLiabilities,reported,
cash_flow,us-gaap:IncreaseDecreaseInOperatingLeaseLiability,Operating lease liabilities,2Q26,-154.0,CRM_SEC-XBRL-financials_as-presented_10-Q_2025-09-04_0001108524-25-000088.xlsx,Cash Flow,"Three Months Ended July 31, 2025",Operating lease liabilities,us-gaap:IncreaseDecreaseInOperatingLeaseLiability,reported,
cash_flow,us-gaap:IncreaseDecreaseInOperatingLeaseLiability,Operating lease liabilities,6M26,-278.0,CRM_SEC-XBRL-financials_as-presented_10-Q_2025-09-04_0001108524-25-000088.xlsx,Cash Flow,"Six Months Ended July 31, 2025",Operating lease liabilities,us-gaap:IncreaseDecreaseInOperatingLeaseLiability,reported,
cash_flow,us-gaap:IncreaseDecreaseInContractWithCustomerLiability,Unearned revenue,2Q26,-1244.0,CRM_SEC-XBRL-financials_as-presented_10-Q_2025-09-04_0001108524-25-000088.xlsx,Cash Flow,"Three Months Ended July 31, 2025",Unearned revenue,us-gaap:IncreaseDecreaseInContractWithCustomerLiability,reported,
cash_flow,us-gaap:IncreaseDecreaseInContractWithCustomerLiability,Unearned revenue,6M26,-4188.0,CRM_SEC-XBRL-financials_as-presented_10-Q_2025-09-04_0001108524-25-000088.xlsx,Cash Flow,"Six Months Ended July 31, 2025",Unearned revenue,us-gaap:IncreaseDecreaseInContractWithCustomerLiability,reported,
cash_flow,us-gaap:NetCashProvidedByUsedInOperatingActivities,Net cash provided by operating activities,2Q26,740.0,CRM_SEC-XBRL-financials_as-presented_10-Q_2025-09-04_0001108524-25-000088.xlsx,Cash Flow,"Three Months Ended July 31, 2025",Net cash provided by operating activities,us-gaap:NetCashProvidedByUsedInOperatingActivities,reported,
cash_flow,us-gaap:NetCashProvidedByUsedInOperatingActivities,Net cash provided by operating activities,6M26,7216.0,CRM_SEC-XBRL-financials_as-presented_10-Q_2025-09-04_0001108524-25-000088.xlsx,Cash Flow,"Six Months Ended July 31, 2025",Net cash provided by operating activities,us-gaap:NetCashProvidedByUsedInOperatingActivities,reported,
cash_flow,us-gaap:PaymentsToAcquireBusinessesNetOfCashAcquired,"Business combinations, net of cash acquired",2Q26,-54.0,CRM_SEC-XBRL-financials_as-presented_10-Q_2025-09-04_0001108524-25-000088.xlsx,Cash Flow,"Three Months Ended July 31, 2025","Business combinations, net of cash acquired",us-gaap:PaymentsToAcquireBusinessesNetOfCashAcquired,reported,
cash_flow,us-gaap:PaymentsToAcquireBusinessesNetOfCashAcquired,"Business combinations, net of cash acquired",6M26,-54.0,CRM_SEC-XBRL-financials_as-presented_10-Q_2025-09-04_0001108524-25-000088.xlsx,Cash Flow,"Six Months Ended July 31, 2025","Business combinations, net of cash acquired",us-gaap:PaymentsToAcquireBusinessesNetOfCashAcquired,reported,
cash_flow,us-gaap:PaymentsToAcquireLongtermInvestments,Purchases of strategic investments,2Q26,-174.0,CRM_SEC-XBRL-financials_as-presented_10-Q_2025-09-04_0001108524-25-000088.xlsx,Cash Flow,"Three Months Ended July 31, 2025",Purchases of strategic investments,us-gaap:PaymentsToAcquireLongtermInvestments,reported,
cash_flow,us-gaap:PaymentsToAcquireLongtermInvestments,Purchases of strategic investments,6M26,-323.0,CRM_SEC-XBRL-financials_as-presented_10-Q_2025-09-04_0001108524-25-000088.xlsx,Cash Flow,"Six Months Ended July 31, 2025",Purchases of strategic investments,us-gaap:PaymentsToAcquireLongtermInvestments,reported,
cash_flow,us-gaap:ProceedsFromSaleOfLongtermInvestments,Sales of strategic investments,2Q26,38.0,CRM_SEC-XBRL-financials_as-presented_10-Q_2025-09-04_0001108524-25-000088.xlsx,Cash Flow,"Three Months Ended July 31, 2025",Sales of strategic investments,us-gaap:ProceedsFromSaleOfLongtermInvestments,reported,
cash_flow,us-gaap:ProceedsFromSaleOfLongtermInvestments,Sales of strategic investments,6M26,44.0,CRM_SEC-XBRL-financials_as-presented_10-Q_2025-09-04_0001108524-25-000088.xlsx,Cash Flow,"Six Months Ended July 31, 2025",Sales of strategic investments,us-gaap:ProceedsFromSaleOfLongtermInvestments,reported,
cash_flow,us-gaap:PaymentsToAcquireAvailableForSaleSecuritiesDebt,Purchases of marketable securities,2Q26,-1118.0,CRM_SEC-XBRL-financials_as-presented_10-Q_2025-09-04_0001108524-25-000088.xlsx,Cash Flow,"Three Months Ended July 31, 2025",Purchases of marketable securities,us-gaap:PaymentsToAcquireAvailableForSaleSecuritiesDebt,reported,
cash_flow,us-gaap:PaymentsToAcquireAvailableForSaleSecuritiesDebt,Purchases of marketable securities,6M26,-3204.0,CRM_SEC-XBRL-financials_as-presented_10-Q_2025-09-04_0001108524-25-000088.xlsx,Cash Flow,"Six Months Ended July 31, 2025",Purchases of marketable securities,us-gaap:PaymentsToAcquireAvailableForSaleSecuritiesDebt,reported,
cash_flow,us-gaap:ProceedsFromSaleOfAvailableForSaleSecuritiesDebt,Sales of marketable securities,2Q26,1179.0,CRM_SEC-XBRL-financials_as-presented_10-Q_2025-09-04_0001108524-25-000088.xlsx,Cash Flow,"Three Months Ended July 31, 2025",Sales of marketable securities,us-gaap:ProceedsFromSaleOfAvailableForSaleSecuritiesDebt,reported,
cash_flow,us-gaap:ProceedsFromSaleOfAvailableForSaleSecuritiesDebt,Sales of marketable securities,6M26,1584.0,CRM_SEC-XBRL-financials_as-presented_10-Q_2025-09-04_0001108524-25-000088.xlsx,Cash Flow,"Six Months Ended July 31, 2025",Sales of marketable securities,us-gaap:ProceedsFromSaleOfAvailableForSaleSecuritiesDebt,reported,
cash_flow,us-gaap:ProceedsFromMaturitiesPrepaymentsAndCallsOfAvailableForSaleSecurities,Maturities of marketable securities,2Q26,1429.0,CRM_SEC-XBRL-financials_as-presented_10-Q_2025-09-04_0001108524-25-000088.xlsx,Cash Flow,"Three Months Ended July 31, 2025",Maturities of marketable securities,us-gaap:ProceedsFromMaturitiesPrepaymentsAndCallsOfAvailableForSaleSecurities,reported,
cash_flow,us-gaap:ProceedsFromMaturitiesPrepaymentsAndCallsOfAvailableForSaleSecurities,Maturities of marketable securities,6M26,1865.0,CRM_SEC-XBRL-financials_as-presented_10-Q_2025-09-04_0001108524-25-000088.xlsx,Cash Flow,"Six Months Ended July 31, 2025",Maturities of marketable securities,us-gaap:ProceedsFromMaturitiesPrepaymentsAndCallsOfAvailableForSaleSecurities,reported,
cash_flow,us-gaap:PaymentsToAcquirePropertyPlantAndEquipment,Capital expenditures,2Q26,-135.0,CRM_SEC-XBRL-financials_as-presented_10-Q_2025-09-04_0001108524-25-000088.xlsx,Cash Flow,"Three Months Ended July 31, 2025",Capital expenditures,us-gaap:PaymentsToAcquirePropertyPlantAndEquipment,reported,
cash_flow,us-gaap:PaymentsToAcquirePropertyPlantAndEquipment,Capital expenditures,6M26,-314.0,CRM_SEC-XBRL-financials_as-presented_10-Q_2025-09-04_0001108524-25-000088.xlsx,Cash Flow,"Six Months Ended July 31, 2025",Capital expenditures,us-gaap:PaymentsToAcquirePropertyPlantAndEquipment,reported,
cash_flow,us-gaap:NetCashProvidedByUsedInInvestingActivities,Net cash used in investing activities,2Q26,1165.0,CRM_SEC-XBRL-financials_as-presented_10-Q_2025-09-04_0001108524-25-000088.xlsx,Cash Flow,"Three Months Ended July 31, 2025",Net cash provided by (used in) investing activities,us-gaap:NetCashProvidedByUsedInInvestingActivities,reported,
cash_flow,us-gaap:NetCashProvidedByUsedInInvestingActivities,Net cash used in investing activities,6M26,-402.0,CRM_SEC-XBRL-financials_as-presented_10-Q_2025-09-04_0001108524-25-000088.xlsx,Cash Flow,"Six Months Ended July 31, 2025",Net cash provided by (used in) investing activities,us-gaap:NetCashProvidedByUsedInInvestingActivities,reported,
cash_flow,us-gaap:PaymentsForRepurchaseOfCommonStock,Repurchases of common stock,2Q26,-2225.0,CRM_SEC-XBRL-financials_as-presented_10-Q_2025-09-04_0001108524-25-000088.xlsx,Cash Flow,"Three Months Ended July 31, 2025",Repurchases of common stock,us-gaap:PaymentsForRepurchaseOfCommonStock,reported,
cash_flow,us-gaap:PaymentsForRepurchaseOfCommonStock,Repurchases of common stock,6M26,-4858.0,CRM_SEC-XBRL-financials_as-presented_10-Q_2025-09-04_0001108524-25-000088.xlsx,Cash Flow,"Six Months Ended July 31, 2025",Repurchases of common stock,us-gaap:PaymentsForRepurchaseOfCommonStock,reported,
cash_flow,us-gaap:PaymentsRelatedToTaxWithholdingForShareBasedCompensation,Payments for taxes related to net share settlement of equity awards,2Q26,-12.0,CRM_SEC-XBRL-financials_as-presented_10-Q_2025-09-04_0001108524-25-000088.xlsx,Cash Flow,"Three Months Ended July 31, 2025",Payments for taxes related to net share settlement of equity awards,us-gaap:PaymentsRelatedToTaxWithholdingForShareBasedCompensation,reported,
cash_flow,us-gaap:PaymentsRelatedToTaxWithholdingForShareBasedCompensation,Payments for taxes related to net share settlement of equity awards,6M26,-12.0,CRM_SEC-XBRL-financials_as-presented_10-Q_2025-09-04_0001108524-25-000088.xlsx,Cash Flow,"Six Months Ended July 31, 2025",Payments for taxes related to net share settlement of equity awards,us-gaap:PaymentsRelatedToTaxWithholdingForShareBasedCompensation,reported,
cash_flow,us-gaap:ProceedsFromStockPlans,Proceeds from employee stock plans,2Q26,232.0,CRM_SEC-XBRL-financials_as-presented_10-Q_2025-09-04_0001108524-25-000088.xlsx,Cash Flow,"Three Months Ended July 31, 2025",Proceeds from employee stock plans,us-gaap:ProceedsFromStockPlans,reported,
cash_flow,us-gaap:ProceedsFromStockPlans,Proceeds from employee stock plans,6M26,526.0,CRM_SEC-XBRL-financials_as-presented_10-Q_2025-09-04_0001108524-25-000088.xlsx,Cash Flow,"Six Months Ended July 31, 2025",Proceeds from employee stock plans,us-gaap:ProceedsFromStockPlans,reported,
cash_flow,us-gaap:FinanceLeasePrincipalPayments,Principal payments on financing obligations,2Q26,-99.0,CRM_SEC-XBRL-financials_as-presented_10-Q_2025-09-04_0001108524-25-000088.xlsx,Cash Flow,"Three Months Ended July 31, 2025",Principal payments on financing obligations,us-gaap:FinanceLeasePrincipalPayments,reported,
cash_flow,us-gaap:FinanceLeasePrincipalPayments,Principal payments on financing obligations,6M26,-278.0,CRM_SEC-XBRL-financials_as-presented_10-Q_2025-09-04_0001108524-25-000088.xlsx,Cash Flow,"Six Months Ended July 31, 2025",Principal payments on financing obligations,us-gaap:FinanceLeasePrincipalPayments,reported,
cash_flow,us-gaap:RepaymentsOfLongTermLinesOfCredit,Repayments of debt,2Q26,0.0,CRM_SEC-XBRL-financials_as-presented_10-Q_2025-09-04_0001108524-25-000088.xlsx,Cash Flow,"Three Months Ended July 31, 2025",Repayments of debt,us-gaap:RepaymentsOfLongTermLinesOfCredit,reported,
cash_flow,us-gaap:RepaymentsOfLongTermLinesOfCredit,Repayments of debt,6M26,0.0,CRM_SEC-XBRL-financials_as-presented_10-Q_2025-09-04_0001108524-25-000088.xlsx,Cash Flow,"Six Months Ended July 31, 2025",Repayments of debt,us-gaap:RepaymentsOfLongTermLinesOfCredit,reported,
cash_flow,us-gaap:PaymentsOfDividends,Payments of dividends and dividend equivalents,2Q26,-399.0,CRM_SEC-XBRL-financials_as-presented_10-Q_2025-09-04_0001108524-25-000088.xlsx,Cash Flow,"Three Months Ended July 31, 2025",Payments of dividends and dividend equivalents,us-gaap:PaymentsOfDividends,reported,
cash_flow,us-gaap:PaymentsOfDividends,Payments of dividends and dividend equivalents,6M26,-801.0,CRM_SEC-XBRL-financials_as-presented_10-Q_2025-09-04_0001108524-25-000088.xlsx,Cash Flow,"Six Months Ended July 31, 2025",Payments of dividends and dividend equivalents,us-gaap:PaymentsOfDividends,reported,
cash_flow,us-gaap:NetCashProvidedByUsedInFinancingActivities,Net cash used in financing activities,2Q26,-2503.0,CRM_SEC-XBRL-financials_as-presented_10-Q_2025-09-04_0001108524-25-000088.xlsx,Cash Flow,"Three Months Ended July 31, 2025",Net cash used in financing activities,us-gaap:NetCashProvidedByUsedInFinancingActivities,reported,
cash_flow,us-gaap:NetCashProvidedByUsedInFinancingActivities,Net cash used in financing activities,6M26,-5423.0,CRM_SEC-XBRL-financials_as-presented_10-Q_2025-09-04_0001108524-25-000088.xlsx,Cash Flow,"Six Months Ended July 31, 2025",Net cash used in financing activities,us-gaap:NetCashProvidedByUsedInFinancingActivities,reported,
cash_flow,us-gaap:EffectOfExchangeRateOnCashCashEquivalentsRestrictedCashAndRestrictedCashEquivalents,Effect of exchange rate changes,2Q26,35.0,CRM_SEC-XBRL-financials_as-presented_10-Q_2025-09-04_0001108524-25-000088.xlsx,Cash Flow,"Three Months Ended July 31, 2025",Effect of exchange rate changes,us-gaap:EffectOfExchangeRateOnCashCashEquivalentsRestrictedCashAndRestrictedCashEquivalents,reported,
cash_flow,us-gaap:EffectOfExchangeRateOnCashCashEquivalentsRestrictedCashAndRestrictedCashEquivalents,Effect of exchange rate changes,6M26,126.0,CRM_SEC-XBRL-financials_as-presented_10-Q_2025-09-04_0001108524-25-000088.xlsx,Cash Flow,"Six Months Ended July 31, 2025",Effect of exchange rate changes,us-gaap:EffectOfExchangeRateOnCashCashEquivalentsRestrictedCashAndRestrictedCashEquivalents,reported,
cash_flow,us-gaap:CashCashEquivalentsRestrictedCashAndRestrictedCashEquivalentsPeriodIncreaseDecreaseIncludingExchangeRateEffect,Net increase (decrease) in cash and cash equivalents,2Q26,-563.0,CRM_SEC-XBRL-financials_as-presented_10-Q_2025-09-04_0001108524-25-000088.xlsx,Cash Flow,"Three Months Ended July 31, 2025",Net increase (decrease) in cash and cash equivalents,us-gaap:CashCashEquivalentsRestrictedCashAndRestrictedCashEquivalentsPeriodIncreaseDecreaseIncludingExchangeRateEffect,reported,
cash_flow,us-gaap:CashCashEquivalentsRestrictedCashAndRestrictedCashEquivalentsPeriodIncreaseDecreaseIncludingExchangeRateEffect,Net increase (decrease) in cash and cash equivalents,6M26,1517.0,CRM_SEC-XBRL-financials_as-presented_10-Q_2025-09-04_0001108524-25-000088.xlsx,Cash Flow,"Six Months Ended July 31, 2025",Net increase (decrease) in cash and cash equivalents,us-gaap:CashCashEquivalentsRestrictedCashAndRestrictedCashEquivalentsPeriodIncreaseDecreaseIncludingExchangeRateEffect,reported,
cash_flow,us-gaap:CashCashEquivalentsRestrictedCashAndRestrictedCashEquivalents,"Cash and cash equivalents, beginning of period",2Q26,10928.0,CRM_SEC-XBRL-financials_as-presented_10-Q_2025-09-04_0001108524-25-000088.xlsx,Cash Flow,"Three Months Ended July 31, 2025","Cash and cash equivalents, beginning of period",us-gaap:CashCashEquivalentsRestrictedCashAndRestrictedCashEquivalents,reported,
cash_flow,us-gaap:CashCashEquivalentsRestrictedCashAndRestrictedCashEquivalents,"Cash and cash equivalents, beginning of period",6M26,8848.0,CRM_SEC-XBRL-financials_as-presented_10-Q_2025-09-04_0001108524-25-000088.xlsx,Cash Flow,"Six Months Ended July 31, 2025","Cash and cash equivalents, beginning of period",us-gaap:CashCashEquivalentsRestrictedCashAndRestrictedCashEquivalents,reported,
income_statement,us-gaap:RevenueFromContractWithCustomerExcludingAssessedTax,Subscription and support,3Q26,9726.0,CRM_SEC-XBRL-financials_as-presented_10-Q_2025-12-04_0001108524-25-000238.xlsx,Income Statement,"Three Months Ended October 31, 2025",Subscription and support,us-gaap:RevenueFromContractWithCustomerExcludingAssessedTax,reported,
income_statement,us-gaap:RevenueFromContractWithCustomerExcludingAssessedTax,Subscription and support,9M26,28713.0,CRM_SEC-XBRL-financials_as-presented_10-Q_2025-12-04_0001108524-25-000238.xlsx,Income Statement,"Nine Months Ended October 31, 2025",Subscription and support,us-gaap:RevenueFromContractWithCustomerExcludingAssessedTax,reported,
income_statement,us-gaap:CostOfGoodsAndServicesSold,Subscription and support,3Q26,1665.0,CRM_SEC-XBRL-financials_as-presented_10-Q_2025-12-04_0001108524-25-000238.xlsx,Income Statement,"Three Months Ended October 31, 2025",Subscription and support,us-gaap:CostOfGoodsAndServicesSold,reported,
income_statement,us-gaap:CostOfGoodsAndServicesSold,Subscription and support,9M26,4921.0,CRM_SEC-XBRL-financials_as-presented_10-Q_2025-12-04_0001108524-25-000238.xlsx,Income Statement,"Nine Months Ended October 31, 2025",Subscription and support,us-gaap:CostOfGoodsAndServicesSold,reported,
income_statement,us-gaap:GrossProfit,Gross profit,3Q26,8004.0,CRM_SEC-XBRL-financials_as-presented_10-Q_2025-12-04_0001108524-25-000238.xlsx,Income Statement,"Three Months Ended October 31, 2025",Gross profit,us-gaap:GrossProfit,reported,
income_statement,us-gaap:GrossProfit,Gross profit,9M26,23562.0,CRM_SEC-XBRL-financials_as-presented_10-Q_2025-12-04_0001108524-25-000238.xlsx,Income Statement,"Nine Months Ended October 31, 2025",Gross profit,us-gaap:GrossProfit,reported,
income_statement,us-gaap:ResearchAndDevelopmentExpense,Research and development,3Q26,1433.0,CRM_SEC-XBRL-financials_as-presented_10-Q_2025-12-04_0001108524-25-000238.xlsx,Income Statement,"Three Months Ended October 31, 2025",Research and development,us-gaap:ResearchAndDevelopmentExpense,reported,
income_statement,us-gaap:ResearchAndDevelopmentExpense,Research and development,9M26,4374.0,CRM_SEC-XBRL-financials_as-presented_10-Q_2025-12-04_0001108524-25-000238.xlsx,Income Statement,"Nine Months Ended October 31, 2025",Research and development,us-gaap:ResearchAndDevelopmentExpense,reported,
income_statement,us-gaap:SellingAndMarketingExpense,Sales and marketing,3Q26,3456.0,CRM_SEC-XBRL-financials_as-presented_10-Q_2025-12-04_0001108524-25-000238.xlsx,Income Statement,"Three Months Ended October 31, 2025",Sales and marketing,us-gaap:SellingAndMarketingExpense,reported,
income_statement,us-gaap:SellingAndMarketingExpense,Sales and marketing,9M26,10328.0,CRM_SEC-XBRL-financials_as-presented_10-Q_2025-12-04_0001108524-25-000238.xlsx,Income Statement,"Nine Months Ended October 31, 2025",Sales and marketing,us-gaap:SellingAndMarketingExpense,reported,
income_statement,us-gaap:GeneralAndAdministrativeExpense,General and administrative,3Q26,667.0,CRM_SEC-XBRL-financials_as-presented_10-Q_2025-12-04_0001108524-25-000238.xlsx,Income Statement,"Three Months Ended October 31, 2025",General and administrative,us-gaap:GeneralAndAdministrativeExpense,reported,
income_statement,us-gaap:GeneralAndAdministrativeExpense,General and administrative,9M26,2098.0,CRM_SEC-XBRL-financials_as-presented_10-Q_2025-12-04_0001108524-25-000238.xlsx,Income Statement,"Nine Months Ended October 31, 2025",General and administrative,us-gaap:GeneralAndAdministrativeExpense,reported,
income_statement,us-gaap:RestructuringCharges,Restructuring,3Q26,260.0,CRM_SEC-XBRL-financials_as-presented_10-Q_2025-12-04_0001108524-25-000238.xlsx,Income Statement,"Three Months Ended October 31, 2025",Restructuring,us-gaap:RestructuringCharges,reported,
income_statement,us-gaap:RestructuringCharges,Restructuring,9M26,300.0,CRM_SEC-XBRL-financials_as-presented_10-Q_2025-12-04_0001108524-25-000238.xlsx,Income Statement,"Nine Months Ended October 31, 2025",Restructuring,us-gaap:RestructuringCharges,reported,
income_statement,us-gaap:OperatingExpenses,Total operating expenses,3Q26,5816.0,CRM_SEC-XBRL-financials_as-presented_10-Q_2025-12-04_0001108524-25-000238.xlsx,Income Statement,"Three Months Ended October 31, 2025",Total operating expenses,us-gaap:OperatingExpenses,reported,
income_statement,us-gaap:OperatingExpenses,Total operating expenses,9M26,17100.0,CRM_SEC-XBRL-financials_as-presented_10-Q_2025-12-04_0001108524-25-000238.xlsx,Income Statement,"Nine Months Ended October 31, 2025",Total operating expenses,us-gaap:OperatingExpenses,reported,
income_statement,us-gaap:OperatingIncomeLoss,Income from operations,3Q26,2188.0,CRM_SEC-XBRL-financials_as-presented_10-Q_2025-12-04_0001108524-25-000238.xlsx,Income Statement,"Three Months Ended October 31, 2025",Income from operations,us-gaap:OperatingIncomeLoss,reported,
income_statement,us-gaap:OperatingIncomeLoss,Income from operations,9M26,6462.0,CRM_SEC-XBRL-financials_as-presented_10-Q_2025-12-04_0001108524-25-000238.xlsx,Income Statement,"Nine Months Ended October 31, 2025",Income from operations,us-gaap:OperatingIncomeLoss,reported,
income_statement,us-gaap:GainLossOnInvestments,"Gains (losses) on strategic investments, net",3Q26,263.0,CRM_SEC-XBRL-financials_as-presented_10-Q_2025-12-04_0001108524-25-000238.xlsx,Income Statement,"Three Months Ended October 31, 2025","Gains (losses) on strategic investments, net",us-gaap:GainLossOnInvestments,reported,
income_statement,us-gaap:GainLossOnInvestments,"Gains (losses) on strategic investments, net",9M26,206.0,CRM_SEC-XBRL-financials_as-presented_10-Q_2025-12-04_0001108524-25-000238.xlsx,Income Statement,"Nine Months Ended October 31, 2025","Gains (losses) on strategic investments, net",us-gaap:GainLossOnInvestments,reported,
income_statement,us-gaap:OtherNonoperatingIncomeExpense,Other income,3Q26,61.0,CRM_SEC-XBRL-financials_as-presented_10-Q_2025-12-04_0001108524-25-000238.xlsx,Income Statement,"Three Months Ended October 31, 2025",Other income,us-gaap:OtherNonoperatingIncomeExpense,reported,
income_statement,us-gaap:OtherNonoperatingIncomeExpense,Other income,9M26,224.0,CRM_SEC-XBRL-financials_as-presented_10-Q_2025-12-04_0001108524-25-000238.xlsx,Income Statement,"Nine Months Ended October 31, 2025",Other income,us-gaap:OtherNonoperatingIncomeExpense,reported,
income_statement,us-gaap:IncomeLossFromContinuingOperationsBeforeIncomeTaxesExtraordinaryItemsNoncontrollingInterest,Income before provision for income taxes,3Q26,2512.0,CRM_SEC-XBRL-financials_as-presented_10-Q_2025-12-04_0001108524-25-000238.xlsx,Income Statement,"Three Months Ended October 31, 2025",Income before provision for income taxes,us-gaap:IncomeLossFromContinuingOperationsBeforeIncomeTaxesExtraordinaryItemsNoncontrollingInterest,reported,
income_statement,us-gaap:IncomeLossFromContinuingOperationsBeforeIncomeTaxesExtraordinaryItemsNoncontrollingInterest,Income before provision for income taxes,9M26,6892.0,CRM_SEC-XBRL-financials_as-presented_10-Q_2025-12-04_0001108524-25-000238.xlsx,Income Statement,"Nine Months Ended October 31, 2025",Income before provision for income taxes,us-gaap:IncomeLossFromContinuingOperationsBeforeIncomeTaxesExtraordinaryItemsNoncontrollingInterest,reported,
income_statement,us-gaap:IncomeTaxExpenseBenefit,Provision for income taxes,3Q26,-426.0,CRM_SEC-XBRL-financials_as-presented_10-Q_2025-12-04_0001108524-25-000238.xlsx,Income Statement,"Three Months Ended October 31, 2025",Provision for income taxes,us-gaap:IncomeTaxExpenseBenefit,reported,
income_statement,us-gaap:IncomeTaxExpenseBenefit,Provision for income taxes,9M26,-1378.0,CRM_SEC-XBRL-financials_as-presented_10-Q_2025-12-04_0001108524-25-000238.xlsx,Income Statement,"Nine Months Ended October 31, 2025",Provision for income taxes,us-gaap:IncomeTaxExpenseBenefit,reported,
income_statement,us-gaap:NetIncomeLoss,Net income,3Q26,2086.0,CRM_SEC-XBRL-financials_as-presented_10-Q_2025-12-04_0001108524-25-000238.xlsx,Income Statement,"Three Months Ended October 31, 2025",Net income,us-gaap:NetIncomeLoss,reported,
income_statement,us-gaap:NetIncomeLoss,Net income,9M26,5514.0,CRM_SEC-XBRL-financials_as-presented_10-Q_2025-12-04_0001108524-25-000238.xlsx,Income Statement,"Nine Months Ended October 31, 2025",Net income,us-gaap:NetIncomeLoss,reported,
income_statement,us-gaap:EarningsPerShareBasic,Basic net income per share,3Q26,2.2,CRM_SEC-XBRL-financials_as-presented_10-Q_2025-12-04_0001108524-25-000238.xlsx,Income Statement,"Three Months Ended October 31, 2025",Basic net income per share,us-gaap:EarningsPerShareBasic,reported,
income_statement,us-gaap:EarningsPerShareBasic,Basic net income per share,9M26,5.77,CRM_SEC-XBRL-financials_as-presented_10-Q_2025-12-04_0001108524-25-000238.xlsx,Income Statement,"Nine Months Ended October 31, 2025",Basic net income per share,us-gaap:EarningsPerShareBasic,reported,
income_statement,us-gaap:EarningsPerShareDiluted,Diluted net income per share,3Q26,2.19,CRM_SEC-XBRL-financials_as-presented_10-Q_2025-12-04_0001108524-25-000238.xlsx,Income Statement,"Three Months Ended October 31, 2025",Diluted net income per share,us-gaap:EarningsPerShareDiluted,reported,
income_statement,us-gaap:EarningsPerShareDiluted,Diluted net income per share,9M26,5.73,CRM_SEC-XBRL-financials_as-presented_10-Q_2025-12-04_0001108524-25-000238.xlsx,Income Statement,"Nine Months Ended October 31, 2025",Diluted net income per share,us-gaap:EarningsPerShareDiluted,reported,
income_statement,us-gaap:WeightedAverageNumberOfSharesOutstandingBasic,Shares used in computing basic net income per share,3Q26,948.0,CRM_SEC-XBRL-financials_as-presented_10-Q_2025-12-04_0001108524-25-000238.xlsx,Income Statement,"Three Months Ended October 31, 2025",Shares used in computing basic net income per share,us-gaap:WeightedAverageNumberOfSharesOutstandingBasic,reported,
income_statement,us-gaap:WeightedAverageNumberOfSharesOutstandingBasic,Shares used in computing basic net income per share,9M26,955.0,CRM_SEC-XBRL-financials_as-presented_10-Q_2025-12-04_0001108524-25-000238.xlsx,Income Statement,"Nine Months Ended October 31, 2025",Shares used in computing basic net income per share,us-gaap:WeightedAverageNumberOfSharesOutstandingBasic,reported,
income_statement,us-gaap:WeightedAverageNumberOfDilutedSharesOutstanding,Shares used in computing diluted net income per share,3Q26,952.0,CRM_SEC-XBRL-financials_as-presented_10-Q_2025-12-04_0001108524-25-000238.xlsx,Income Statement,"Three Months Ended October 31, 2025",Shares used in computing diluted net income per share,us-gaap:WeightedAverageNumberOfDilutedSharesOutstanding,reported,
income_statement,us-gaap:WeightedAverageNumberOfDilutedSharesOutstanding,Shares used in computing diluted net income per share,9M26,962.0,CRM_SEC-XBRL-financials_as-presented_10-Q_2025-12-04_0001108524-25-000238.xlsx,Income Statement,"Nine Months Ended October 31, 2025",Shares used in computing diluted net income per share,us-gaap:WeightedAverageNumberOfDilutedSharesOutstanding,reported,
balance_sheet,us-gaap:CashAndCashEquivalentsAtCarryingValue,Cash and cash equivalents,3Q26,8978.0,CRM_SEC-XBRL-financials_as-presented_10-Q_2025-12-04_0001108524-25-000238.xlsx,Balance Sheet,"October 31, 2025 (unaudited)",Cash and cash equivalents,us-gaap:CashAndCashEquivalentsAtCarryingValue,reported,
balance_sheet,us-gaap:AvailableForSaleSecuritiesDebtSecuritiesCurrent,Marketable securities,3Q26,2345.0,CRM_SEC-XBRL-financials_as-presented_10-Q_2025-12-04_0001108524-25-000238.xlsx,Balance Sheet,"October 31, 2025 (unaudited)",Marketable securities,us-gaap:AvailableForSaleSecuritiesDebtSecuritiesCurrent,reported,
balance_sheet,us-gaap:AccountsReceivableNetCurrent,"Accounts receivable, net",3Q26,5474.0,CRM_SEC-XBRL-financials_as-presented_10-Q_2025-12-04_0001108524-25-000238.xlsx,Balance Sheet,"October 31, 2025 (unaudited)","Accounts receivable, net",us-gaap:AccountsReceivableNetCurrent,reported,
balance_sheet,us-gaap:CapitalizedContractCostNetCurrent,"Costs capitalized to obtain revenue contracts, net",3Q26,1835.0,CRM_SEC-XBRL-financials_as-presented_10-Q_2025-12-04_0001108524-25-000238.xlsx,Balance Sheet,"October 31, 2025 (unaudited)","Costs capitalized to obtain revenue contracts, net",us-gaap:CapitalizedContractCostNetCurrent,reported,
balance_sheet,us-gaap:PrepaidExpenseAndOtherAssetsCurrent,Prepaid expenses and other current assets,3Q26,2431.0,CRM_SEC-XBRL-financials_as-presented_10-Q_2025-12-04_0001108524-25-000238.xlsx,Balance Sheet,"October 31, 2025 (unaudited)",Prepaid expenses and other current assets,us-gaap:PrepaidExpenseAndOtherAssetsCurrent,reported,
balance_sheet,us-gaap:AssetsCurrent,Total current assets,3Q26,21063.0,CRM_SEC-XBRL-financials_as-presented_10-Q_2025-12-04_0001108524-25-000238.xlsx,Balance Sheet,"October 31, 2025 (unaudited)",Total current assets,us-gaap:AssetsCurrent,reported,
balance_sheet,us-gaap:PropertyPlantAndEquipmentAndFinanceLeaseRightOfUseAssetAfterAccumulatedDepreciationAndAmortization,"Property and equipment, net",3Q26,3147.0,CRM_SEC-XBRL-financials_as-presented_10-Q_2025-12-04_0001108524-25-000238.xlsx,Balance Sheet,"October 31, 2025 (unaudited)","Property and equipment, net",us-gaap:PropertyPlantAndEquipmentAndFinanceLeaseRightOfUseAssetAfterAccumulatedDepreciationAndAmortization,reported,
balance_sheet,us-gaap:OperatingLeaseRightOfUseAsset,"Operating lease right-of-use assets, net",3Q26,1949.0,CRM_SEC-XBRL-financials_as-presented_10-Q_2025-12-04_0001108524-25-000238.xlsx,Balance Sheet,"October 31, 2025 (unaudited)","Operating lease right-of-use assets, net",us-gaap:OperatingLeaseRightOfUseAsset,reported,
balance_sheet,us-gaap:CapitalizedContractCostNetNoncurrent,"Noncurrent costs capitalized to obtain revenue contracts, net",3Q26,2293.0,CRM_SEC-XBRL-financials_as-presented_10-Q_2025-12-04_0001108524-25-000238.xlsx,Balance Sheet,"October 31, 2025 (unaudited)","Noncurrent costs capitalized to obtain revenue contracts, net",us-gaap:CapitalizedContractCostNetNoncurrent,reported,
balance_sheet,us-gaap:OtherLongTermInvestments,Strategic investments,3Q26,6410.0,CRM_SEC-XBRL-financials_as-presented_10-Q_2025-12-04_0001108524-25-000238.xlsx,Balance Sheet,"October 31, 2025 (unaudited)",Strategic investments,us-gaap:OtherLongTermInvestments,reported,
balance_sheet,us-gaap:Goodwill,Goodwill,3Q26,52457.0,CRM_SEC-XBRL-financials_as-presented_10-Q_2025-12-04_0001108524-25-000238.xlsx,Balance Sheet,"October 31, 2025 (unaudited)",Goodwill,us-gaap:Goodwill,reported,
balance_sheet,us-gaap:IntangibleAssetsNetExcludingGoodwill,"Intangible assets acquired through business combinations, net",3Q26,3491.0,CRM_SEC-XBRL-financials_as-presented_10-Q_2025-12-04_0001108524-25-000238.xlsx,Balance Sheet,"October 31, 2025 (unaudited)","Intangible assets acquired through business combinations, net",us-gaap:IntangibleAssetsNetExcludingGoodwill,reported,
balance_sheet,us-gaap:OtherAssetsNoncurrent,"Deferred tax assets and other assets, net",3Q26,4334.0,CRM_SEC-XBRL-financials_as-presented_10-Q_2025-12-04_0001108524-25-000238.xlsx,Balance Sheet,"October 31, 2025 (unaudited)","Deferred tax assets and other assets, net",us-gaap:OtherAssetsNoncurrent,reported,
balance_sheet,us-gaap:Assets,Total assets,3Q26,95144.0,CRM_SEC-XBRL-financials_as-presented_10-Q_2025-12-04_0001108524-25-000238.xlsx,Balance Sheet,"October 31, 2025 (unaudited)",Total assets,us-gaap:Assets,reported,
balance_sheet,us-gaap:AccountsPayableAndOtherAccruedLiabilitiesCurrent,"Accounts payable, accrued expenses and other liabilities",3Q26,5850.0,CRM_SEC-XBRL-financials_as-presented_10-Q_2025-12-04_0001108524-25-000238.xlsx,Balance Sheet,"October 31, 2025 (unaudited)","Accounts payable, accrued expenses and other liabilities",us-gaap:AccountsPayableAndOtherAccruedLiabilitiesCurrent,reported,
balance_sheet,us-gaap:OperatingLeaseLiabilityCurrent,"Operating lease liabilities, current",3Q26,564.0,CRM_SEC-XBRL-financials_as-presented_10-Q_2025-12-04_0001108524-25-000238.xlsx,Balance Sheet,"October 31, 2025 (unaudited)","Operating lease liabilities, current",us-gaap:OperatingLeaseLiabilityCurrent,reported,
balance_sheet,us-gaap:ContractWithCustomerLiabilityCurrent,Unearned revenue,3Q26,14996.0,CRM_SEC-XBRL-financials_as-presented_10-Q_2025-12-04_0001108524-25-000238.xlsx,Balance Sheet,"October 31, 2025 (unaudited)",Unearned revenue,us-gaap:ContractWithCustomerLiabilityCurrent,reported,
balance_sheet,us-gaap:LiabilitiesCurrent,Total current liabilities,3Q26,21410.0,CRM_SEC-XBRL-financials_as-presented_10-Q_2025-12-04_0001108524-25-000238.xlsx,Balance Sheet,"October 31, 2025 (unaudited)",Total current liabilities,us-gaap:LiabilitiesCurrent,reported,
balance_sheet,us-gaap:LongTermDebtNoncurrent,Noncurrent debt,3Q26,8438.0,CRM_SEC-XBRL-financials_as-presented_10-Q_2025-12-04_0001108524-25-000238.xlsx,Balance Sheet,"October 31, 2025 (unaudited)",Noncurrent debt,us-gaap:LongTermDebtNoncurrent,reported,
balance_sheet,us-gaap:OperatingLeaseLiabilityNoncurrent,Noncurrent operating lease liabilities,3Q26,2137.0,CRM_SEC-XBRL-financials_as-presented_10-Q_2025-12-04_0001108524-25-000238.xlsx,Balance Sheet,"October 31, 2025 (unaudited)",Noncurrent operating lease liabilities,us-gaap:OperatingLeaseLiabilityNoncurrent,reported,
balance_sheet,us-gaap:OtherLiabilitiesNoncurrent,Other noncurrent liabilities,3Q26,3138.0,CRM_SEC-XBRL-financials_as-presented_10-Q_2025-12-04_0001108524-25-000238.xlsx,Balance Sheet,"October 31, 2025 (unaudited)",Other noncurrent liabilities,us-gaap:OtherLiabilitiesNoncurrent,reported,
balance_sheet,us-gaap:Liabilities,Total liabilities,3Q26,35123.0,CRM_SEC-XBRL-financials_as-presented_10-Q_2025-12-04_0001108524-25-000238.xlsx,Balance Sheet,"October 31, 2025 (unaudited)",Total liabilities,us-gaap:Liabilities,reported,
balance_sheet,us-gaap:CommonStockValue,Common stock,3Q26,1.0,CRM_SEC-XBRL-financials_as-presented_10-Q_2025-12-04_0001108524-25-000238.xlsx,Balance Sheet,"October 31, 2025 (unaudited)",Common stock,us-gaap:CommonStockValue,reported,
balance_sheet,us-gaap:TreasuryStockCommonValue,"Treasury stock, at cost",3Q26,-28255.0,CRM_SEC-XBRL-financials_as-presented_10-Q_2025-12-04_0001108524-25-000238.xlsx,Balance Sheet,"October 31, 2025 (unaudited)","Treasury stock, at cost",us-gaap:TreasuryStockCommonValue,reported,
balance_sheet,us-gaap:AdditionalPaidInCapitalCommonStock,Additional paid-in capital,3Q26,67448.0,CRM_SEC-XBRL-financials_as-presented_10-Q_2025-12-04_0001108524-25-000238.xlsx,Balance Sheet,"October 31, 2025 (unaudited)",Additional paid-in capital,us-gaap:AdditionalPaidInCapitalCommonStock,reported,
balance_sheet,us-gaap:AccumulatedOtherComprehensiveIncomeLossNetOfTax,Accumulated other comprehensive income (loss),3Q26,154.0,CRM_SEC-XBRL-financials_as-presented_10-Q_2025-12-04_0001108524-25-000238.xlsx,Balance Sheet,"October 31, 2025 (unaudited)",Accumulated other comprehensive income (loss),us-gaap:AccumulatedOtherComprehensiveIncomeLossNetOfTax,reported,
balance_sheet,us-gaap:RetainedEarningsAccumulatedDeficit,Retained earnings,3Q26,20673.0,CRM_SEC-XBRL-financials_as-presented_10-Q_2025-12-04_0001108524-25-000238.xlsx,Balance Sheet,"October 31, 2025 (unaudited)",Retained earnings,us-gaap:RetainedEarningsAccumulatedDeficit,reported,
balance_sheet,us-gaap:StockholdersEquity,Total stockholders’ equity,3Q26,60021.0,CRM_SEC-XBRL-financials_as-presented_10-Q_2025-12-04_0001108524-25-000238.xlsx,Balance Sheet,"October 31, 2025 (unaudited)",Total stockholders’ equity,us-gaap:StockholdersEquity,reported,
balance_sheet,us-gaap:LiabilitiesAndStockholdersEquity,Total liabilities and stockholders’ equity,3Q26,95144.0,CRM_SEC-XBRL-financials_as-presented_10-Q_2025-12-04_0001108524-25-000238.xlsx,Balance Sheet,"October 31, 2025 (unaudited)",Total liabilities and stockholders’ equity,us-gaap:LiabilitiesAndStockholdersEquity,reported,
cash_flow,us-gaap:NetIncomeLoss,Net income,3Q26,2086.0,CRM_SEC-XBRL-financials_as-presented_10-Q_2025-12-04_0001108524-25-000238.xlsx,Cash Flow,"Three Months Ended October 31, 2025",Net income,us-gaap:NetIncomeLoss,reported,
cash_flow,us-gaap:NetIncomeLoss,Net income,9M26,5514.0,CRM_SEC-XBRL-financials_as-presented_10-Q_2025-12-04_0001108524-25-000238.xlsx,Cash Flow,"Nine Months Ended October 31, 2025",Net income,us-gaap:NetIncomeLoss,reported,
cash_flow,us-gaap:DepreciationAndAmortization,Depreciation and amortization (1),3Q26,851.0,CRM_SEC-XBRL-financials_as-presented_10-Q_2025-12-04_0001108524-25-000238.xlsx,Cash Flow,"Three Months Ended October 31, 2025",Depreciation and amortization (1),us-gaap:DepreciationAndAmortization,reported,
cash_flow,us-gaap:DepreciationAndAmortization,Depreciation and amortization (1),9M26,2511.0,CRM_SEC-XBRL-financials_as-presented_10-Q_2025-12-04_0001108524-25-000238.xlsx,Cash Flow,"Nine Months Ended October 31, 2025",Depreciation and amortization (1),us-gaap:DepreciationAndAmortization,reported,
cash_flow,us-gaap:CapitalizedContractCostAmortization,"Amortization of costs capitalized to obtain revenue contracts, net",3Q26,548.0,CRM_SEC-XBRL-financials_as-presented_10-Q_2025-12-04_0001108524-25-000238.xlsx,Cash Flow,"Three Months Ended October 31, 2025","Amortization of costs capitalized to obtain revenue contracts, net",us-gaap:CapitalizedContractCostAmortization,reported,
cash_flow,us-gaap:CapitalizedContractCostAmortization,"Amortization of costs capitalized to obtain revenue contracts, net",9M26,1637.0,CRM_SEC-XBRL-financials_as-presented_10-Q_2025-12-04_0001108524-25-000238.xlsx,Cash Flow,"Nine Months Ended October 31, 2025","Amortization of costs capitalized to obtain revenue contracts, net",us-gaap:CapitalizedContractCostAmortization,reported,
cash_flow,us-gaap:ShareBasedCompensation,Stock-based compensation expense,3Q26,819.0,CRM_SEC-XBRL-financials_as-presented_10-Q_2025-12-04_0001108524-25-000238.xlsx,Cash Flow,"Three Months Ended October 31, 2025",Stock-based compensation expense,us-gaap:ShareBasedCompensation,reported,
cash_flow,us-gaap:ShareBasedCompensation,Stock-based compensation expense,9M26,2426.0,CRM_SEC-XBRL-financials_as-presented_10-Q_2025-12-04_0001108524-25-000238.xlsx,Cash Flow,"Nine Months Ended October 31, 2025",Stock-based compensation expense,us-gaap:ShareBasedCompensation,reported,
cash_flow,us-gaap:GainLossOnInvestments,"(Gains) losses on strategic investments, net",3Q26,-263.0,CRM_SEC-XBRL-financials_as-presented_10-Q_2025-12-04_0001108524-25-000238.xlsx,Cash Flow,"Three Months Ended October 31, 2025","(Gains) losses on strategic investments, net",us-gaap:GainLossOnInvestments,reported,
cash_flow,us-gaap:GainLossOnInvestments,"(Gains) losses on strategic investments, net",9M26,-206.0,CRM_SEC-XBRL-financials_as-presented_10-Q_2025-12-04_0001108524-25-000238.xlsx,Cash Flow,"Nine Months Ended October 31, 2025","(Gains) losses on strategic investments, net",us-gaap:GainLossOnInvestments,reported,
cash_flow,us-gaap:IncreaseDecreaseInAccountsReceivable,"Accounts receivable, net",3Q26,123.0,CRM_SEC-XBRL-financials_as-presented_10-Q_2025-12-04_0001108524-25-000238.xlsx,Cash Flow,"Three Months Ended October 31, 2025","Accounts receivable, net",us-gaap:IncreaseDecreaseInAccountsReceivable,reported,
cash_flow,us-gaap:IncreaseDecreaseInAccountsReceivable,"Accounts receivable, net",9M26,6472.0,CRM_SEC-XBRL-financials_as-presented_10-Q_2025-12-04_0001108524-25-000238.xlsx,Cash Flow,"Nine Months Ended October 31, 2025","Accounts receivable, net",us-gaap:IncreaseDecreaseInAccountsReceivable,reported,
cash_flow,crm:IncreaseDecreaseInCapitalizedContractCosts,"Costs capitalized to obtain revenue contracts, net",3Q26,-548.0,CRM_SEC-XBRL-financials_as-presented_10-Q_2025-12-04_0001108524-25-000238.xlsx,Cash Flow,"Three Months Ended October 31, 2025","Costs capitalized to obtain revenue contracts, net",crm:IncreaseDecreaseInCapitalizedContractCosts,reported,
cash_flow,crm:IncreaseDecreaseInCapitalizedContractCosts,"Costs capitalized to obtain revenue contracts, net",9M26,-1319.0,CRM_SEC-XBRL-financials_as-presented_10-Q_2025-12-04_0001108524-25-000238.xlsx,Cash Flow,"Nine Months Ended October 31, 2025","Costs capitalized to obtain revenue contracts, net",crm:IncreaseDecreaseInCapitalizedContractCosts,reported,
cash_flow,us-gaap:IncreaseDecreaseInPrepaidDeferredExpenseAndOtherAssets,Prepaid expenses and other current assets and other assets,3Q26,396.0,CRM_SEC-XBRL-financials_as-presented_10-Q_2025-12-04_0001108524-25-000238.xlsx,Cash Flow,"Three Months Ended October 31, 2025",Prepaid expenses and other current assets and other assets,us-gaap:IncreaseDecreaseInPrepaidDeferredExpenseAndOtherAssets,reported,
cash_flow,us-gaap:IncreaseDecreaseInPrepaidDeferredExpenseAndOtherAssets,Prepaid expenses and other current assets and other assets,9M26,-117.0,CRM_SEC-XBRL-financials_as-presented_10-Q_2025-12-04_0001108524-25-000238.xlsx,Cash Flow,"Nine Months Ended October 31, 2025",Prepaid expenses and other current assets and other assets,us-gaap:IncreaseDecreaseInPrepaidDeferredExpenseAndOtherAssets,reported,
cash_flow,us-gaap:IncreaseDecreaseInAccountsPayableAndAccruedLiabilities,Accounts payable and accrued expenses and other liabilities,3Q26,0.0,CRM_SEC-XBRL-financials_as-presented_10-Q_2025-12-04_0001108524-25-000238.xlsx,Cash Flow,"Three Months Ended October 31, 2025",Accounts payable and accrued expenses and other liabilities,us-gaap:IncreaseDecreaseInAccountsPayableAndAccruedLiabilities,reported,
cash_flow,us-gaap:IncreaseDecreaseInAccountsPayableAndAccruedLiabilities,Accounts payable and accrued expenses and other liabilities,9M26,-1224.0,CRM_SEC-XBRL-financials_as-presented_10-Q_2025-12-04_0001108524-25-000238.xlsx,Cash Flow,"Nine Months Ended October 31, 2025",Accounts payable and accrued expenses and other liabilities,us-gaap:IncreaseDecreaseInAccountsPayableAndAccruedLiabilities,reported,
cash_flow,us-gaap:IncreaseDecreaseInOperatingLeaseLiability,Operating lease liabilities,3Q26,-137.0,CRM_SEC-XBRL-financials_as-presented_10-Q_2025-12-04_0001108524-25-000238.xlsx,Cash Flow,"Three Months Ended October 31, 2025",Operating lease liabilities,us-gaap:IncreaseDecreaseInOperatingLeaseLiability,reported,
cash_flow,us-gaap:IncreaseDecreaseInOperatingLeaseLiability,Operating lease liabilities,9M26,-415.0,CRM_SEC-XBRL-financials_as-presented_10-Q_2025-12-04_0001108524-25-000238.xlsx,Cash Flow,"Nine Months Ended October 31, 2025",Operating lease liabilities,us-gaap:IncreaseDecreaseInOperatingLeaseLiability,reported,
cash_flow,us-gaap:IncreaseDecreaseInContractWithCustomerLiability,Unearned revenue,3Q26,-1559.0,CRM_SEC-XBRL-financials_as-presented_10-Q_2025-12-04_0001108524-25-000238.xlsx,Cash Flow,"Three Months Ended October 31, 2025",Unearned revenue,us-gaap:IncreaseDecreaseInContractWithCustomerLiability,reported,
cash_flow,us-gaap:IncreaseDecreaseInContractWithCustomerLiability,Unearned revenue,9M26,-5747.0,CRM_SEC-XBRL-financials_as-presented_10-Q_2025-12-04_0001108524-25-000238.xlsx,Cash Flow,"Nine Months Ended October 31, 2025",Unearned revenue,us-gaap:IncreaseDecreaseInContractWithCustomerLiability,reported,
cash_flow,us-gaap:NetCashProvidedByUsedInOperatingActivities,Net cash provided by operating activities,3Q26,2316.0,CRM_SEC-XBRL-financials_as-presented_10-Q_2025-12-04_0001108524-25-000238.xlsx,Cash Flow,"Three Months Ended October 31, 2025",Net cash provided by operating activities,us-gaap:NetCashProvidedByUsedInOperatingActivities,reported,
cash_flow,us-gaap:NetCashProvidedByUsedInOperatingActivities,Net cash provided by operating activities,9M26,9532.0,CRM_SEC-XBRL-financials_as-presented_10-Q_2025-12-04_0001108524-25-000238.xlsx,Cash Flow,"Nine Months Ended October 31, 2025",Net cash provided by operating activities,us-gaap:NetCashProvidedByUsedInOperatingActivities,reported,
cash_flow,us-gaap:PaymentsToAcquireBusinessesNetOfCashAcquired,"Business combinations, net of cash acquired",3Q26,-978.0,CRM_SEC-XBRL-financials_as-presented_10-Q_2025-12-04_0001108524-25-000238.xlsx,Cash Flow,"Three Months Ended October 31, 2025","Business combinations, net of cash acquired",us-gaap:PaymentsToAcquireBusinessesNetOfCashAcquired,reported,
cash_flow,us-gaap:PaymentsToAcquireBusinessesNetOfCashAcquired,"Business combinations, net of cash acquired",9M26,-1032.0,CRM_SEC-XBRL-financials_as-presented_10-Q_2025-12-04_0001108524-25-000238.xlsx,Cash Flow,"Nine Months Ended October 31, 2025","Business combinations, net of cash acquired",us-gaap:PaymentsToAcquireBusinessesNetOfCashAcquired,reported,
cash_flow,us-gaap:PaymentsToAcquireLongtermInvestments,Purchases of strategic investments,3Q26,-1123.0,CRM_SEC-XBRL-financials_as-presented_10-Q_2025-12-04_0001108524-25-000238.xlsx,Cash Flow,"Three Months Ended October 31, 2025",Purchases of strategic investments,us-gaap:PaymentsToAcquireLongtermInvestments,reported,
cash_flow,us-gaap:PaymentsToAcquireLongtermInvestments,Purchases of strategic investments,9M26,-1446.0,CRM_SEC-XBRL-financials_as-presented_10-Q_2025-12-04_0001108524-25-000238.xlsx,Cash Flow,"Nine Months Ended October 31, 2025",Purchases of strategic investments,us-gaap:PaymentsToAcquireLongtermInvestments,reported,
cash_flow,us-gaap:ProceedsFromSaleOfLongtermInvestments,Sales of strategic investments,3Q26,68.0,CRM_SEC-XBRL-financials_as-presented_10-Q_2025-12-04_0001108524-25-000238.xlsx,Cash Flow,"Three Months Ended October 31, 2025",Sales of strategic investments,us-gaap:ProceedsFromSaleOfLongtermInvestments,reported,
cash_flow,us-gaap:ProceedsFromSaleOfLongtermInvestments,Sales of strategic investments,9M26,112.0,CRM_SEC-XBRL-financials_as-presented_10-Q_2025-12-04_0001108524-25-000238.xlsx,Cash Flow,"Nine Months Ended October 31, 2025",Sales of strategic investments,us-gaap:ProceedsFromSaleOfLongtermInvestments,reported,
cash_flow,us-gaap:PaymentsToAcquireAvailableForSaleSecuritiesDebt,Purchases of marketable securities,3Q26,-366.0,CRM_SEC-XBRL-financials_as-presented_10-Q_2025-12-04_0001108524-25-000238.xlsx,Cash Flow,"Three Months Ended October 31, 2025",Purchases of marketable securities,us-gaap:PaymentsToAcquireAvailableForSaleSecuritiesDebt,reported,
cash_flow,us-gaap:PaymentsToAcquireAvailableForSaleSecuritiesDebt,Purchases of marketable securities,9M26,-3570.0,CRM_SEC-XBRL-financials_as-presented_10-Q_2025-12-04_0001108524-25-000238.xlsx,Cash Flow,"Nine Months Ended October 31, 2025",Purchases of marketable securities,us-gaap:PaymentsToAcquireAvailableForSaleSecuritiesDebt,reported,
cash_flow,us-gaap:ProceedsFromSaleOfAvailableForSaleSecuritiesDebt,Sales of marketable securities,3Q26,2605.0,CRM_SEC-XBRL-financials_as-presented_10-Q_2025-12-04_0001108524-25-000238.xlsx,Cash Flow,"Three Months Ended October 31, 2025",Sales of marketable securities,us-gaap:ProceedsFromSaleOfAvailableForSaleSecuritiesDebt,reported,
cash_flow,us-gaap:ProceedsFromSaleOfAvailableForSaleSecuritiesDebt,Sales of marketable securities,9M26,4189.0,CRM_SEC-XBRL-financials_as-presented_10-Q_2025-12-04_0001108524-25-000238.xlsx,Cash Flow,"Nine Months Ended October 31, 2025",Sales of marketable securities,us-gaap:ProceedsFromSaleOfAvailableForSaleSecuritiesDebt,reported,
cash_flow,us-gaap:ProceedsFromMaturitiesPrepaymentsAndCallsOfAvailableForSaleSecurities,Maturities of marketable securities,3Q26,452.0,CRM_SEC-XBRL-financials_as-presented_10-Q_2025-12-04_0001108524-25-000238.xlsx,Cash Flow,"Three Months Ended October 31, 2025",Maturities of marketable securities,us-gaap:ProceedsFromMaturitiesPrepaymentsAndCallsOfAvailableForSaleSecurities,reported,
cash_flow,us-gaap:ProceedsFromMaturitiesPrepaymentsAndCallsOfAvailableForSaleSecurities,Maturities of marketable securities,9M26,2317.0,CRM_SEC-XBRL-financials_as-presented_10-Q_2025-12-04_0001108524-25-000238.xlsx,Cash Flow,"Nine Months Ended October 31, 2025",Maturities of marketable securities,us-gaap:ProceedsFromMaturitiesPrepaymentsAndCallsOfAvailableForSaleSecurities,reported,
cash_flow,us-gaap:PaymentsToAcquirePropertyPlantAndEquipment,Capital expenditures,3Q26,-139.0,CRM_SEC-XBRL-financials_as-presented_10-Q_2025-12-04_0001108524-25-000238.xlsx,Cash Flow,"Three Months Ended October 31, 2025",Capital expenditures,us-gaap:PaymentsToAcquirePropertyPlantAndEquipment,reported,
cash_flow,us-gaap:PaymentsToAcquirePropertyPlantAndEquipment,Capital expenditures,9M26,-453.0,CRM_SEC-XBRL-financials_as-presented_10-Q_2025-12-04_0001108524-25-000238.xlsx,Cash Flow,"Nine Months Ended October 31, 2025",Capital expenditures,us-gaap:PaymentsToAcquirePropertyPlantAndEquipment,reported,
cash_flow,us-gaap:NetCashProvidedByUsedInInvestingActivities,Net cash used in investing activities,3Q26,519.0,CRM_SEC-XBRL-financials_as-presented_10-Q_2025-12-04_0001108524-25-000238.xlsx,Cash Flow,"Three Months Ended October 31, 2025",Net cash provided by (used in) investing activities,us-gaap:NetCashProvidedByUsedInInvestingActivities,reported,
cash_flow,us-gaap:NetCashProvidedByUsedInInvestingActivities,Net cash used in investing activities,9M26,117.0,CRM_SEC-XBRL-financials_as-presented_10-Q_2025-12-04_0001108524-25-000238.xlsx,Cash Flow,"Nine Months Ended October 31, 2025",Net cash provided by (used in) investing activities,us-gaap:NetCashProvidedByUsedInInvestingActivities,reported,
cash_flow,us-gaap:PaymentsForRepurchaseOfCommonStock,Repurchases of common stock,3Q26,-3801.0,CRM_SEC-XBRL-financials_as-presented_10-Q_2025-12-04_0001108524-25-000238.xlsx,Cash Flow,"Three Months Ended October 31, 2025",Repurchases of common stock,us-gaap:PaymentsForRepurchaseOfCommonStock,reported,
cash_flow,us-gaap:PaymentsForRepurchaseOfCommonStock,Repurchases of common stock,9M26,-8659.0,CRM_SEC-XBRL-financials_as-presented_10-Q_2025-12-04_0001108524-25-000238.xlsx,Cash Flow,"Nine Months Ended October 31, 2025",Repurchases of common stock,us-gaap:PaymentsForRepurchaseOfCommonStock,reported,
cash_flow,us-gaap:PaymentsRelatedToTaxWithholdingForShareBasedCompensation,Payments for taxes related to net share settlement of equity awards,3Q26,-127.0,CRM_SEC-XBRL-financials_as-presented_10-Q_2025-12-04_0001108524-25-000238.xlsx,Cash Flow,"Three Months Ended October 31, 2025",Payments for taxes related to net share settlement of equity awards,us-gaap:PaymentsRelatedToTaxWithholdingForShareBasedCompensation,reported,
cash_flow,us-gaap:PaymentsRelatedToTaxWithholdingForShareBasedCompensation,Payments for taxes related to net share settlement of equity awards,9M26,-139.0,CRM_SEC-XBRL-financials_as-presented_10-Q_2025-12-04_0001108524-25-000238.xlsx,Cash Flow,"Nine Months Ended October 31, 2025",Payments for taxes related to net share settlement of equity awards,us-gaap:PaymentsRelatedToTaxWithholdingForShareBasedCompensation,reported,
cash_flow,us-gaap:ProceedsFromStockPlans,Proceeds from employee stock plans,3Q26,239.0,CRM_SEC-XBRL-financials_as-presented_10-Q_2025-12-04_0001108524-25-000238.xlsx,Cash Flow,"Three Months Ended October 31, 2025",Proceeds from employee stock plans,us-gaap:ProceedsFromStockPlans,reported,
cash_flow,us-gaap:ProceedsFromStockPlans,Proceeds from employee stock plans,9M26,765.0,CRM_SEC-XBRL-financials_as-presented_10-Q_2025-12-04_0001108524-25-000238.xlsx,Cash Flow,"Nine Months Ended October 31, 2025",Proceeds from employee stock plans,us-gaap:ProceedsFromStockPlans,reported,
cash_flow,us-gaap:FinanceLeasePrincipalPayments,Principal payments on financing obligations,3Q26,-160.0,CRM_SEC-XBRL-financials_as-presented_10-Q_2025-12-04_0001108524-25-000238.xlsx,Cash Flow,"Three Months Ended October 31, 2025",Principal payments on financing obligations,us-gaap:FinanceLeasePrincipalPayments,reported,
cash_flow,us-gaap:FinanceLeasePrincipalPayments,Principal payments on financing obligations,9M26,-438.0,CRM_SEC-XBRL-financials_as-presented_10-Q_2025-12-04_0001108524-25-000238.xlsx,Cash Flow,"Nine Months Ended October 31, 2025",Principal payments on financing obligations,us-gaap:FinanceLeasePrincipalPayments,reported,
cash_flow,us-gaap:RepaymentsOfLongTermLinesOfCredit,Repayments of debt,3Q26,0.0,CRM_SEC-XBRL-financials_as-presented_10-Q_2025-12-04_0001108524-25-000238.xlsx,Cash Flow,"Three Months Ended October 31, 2025",Repayments of debt,us-gaap:RepaymentsOfLongTermLinesOfCredit,reported,
cash_flow,us-gaap:RepaymentsOfLongTermLinesOfCredit,Repayments of debt,9M26,0.0,CRM_SEC-XBRL-financials_as-presented_10-Q_2025-12-04_0001108524-25-000238.xlsx,Cash Flow,"Nine Months Ended October 31, 2025",Repayments of debt,us-gaap:RepaymentsOfLongTermLinesOfCredit,reported,
cash_flow,us-gaap:PaymentsOfDividends,Payments of dividends and dividend equivalents,3Q26,-395.0,CRM_SEC-XBRL-financials_as-presented_10-Q_2025-12-04_0001108524-25-000238.xlsx,Cash Flow,"Three Months Ended October 31, 2025",Payments of dividends and dividend equivalents,us-gaap:PaymentsOfDividends,reported,
cash_flow,us-gaap:PaymentsOfDividends,Payments of dividends and dividend equivalents,9M26,-1196.0,CRM_SEC-XBRL-financials_as-presented_10-Q_2025-12-04_0001108524-25-000238.xlsx,Cash Flow,"Nine Months Ended October 31, 2025",Payments of dividends and dividend equivalents,us-gaap:PaymentsOfDividends,reported,
cash_flow,us-gaap:NetCashProvidedByUsedInFinancingActivities,Net cash used in financing activities,3Q26,-4244.0,CRM_SEC-XBRL-financials_as-presented_10-Q_2025-12-04_0001108524-25-000238.xlsx,Cash Flow,"Three Months Ended October 31, 2025",Net cash used in financing activities,us-gaap:NetCashProvidedByUsedInFinancingActivities,reported,
cash_flow,us-gaap:NetCashProvidedByUsedInFinancingActivities,Net cash used in financing activities,9M26,-9667.0,CRM_SEC-XBRL-financials_as-presented_10-Q_2025-12-04_0001108524-25-000238.xlsx,Cash Flow,"Nine Months Ended October 31, 2025",Net cash used in financing activities,us-gaap:NetCashProvidedByUsedInFinancingActivities,reported,
cash_flow,us-gaap:EffectOfExchangeRateOnCashCashEquivalentsRestrictedCashAndRestrictedCashEquivalents,Effect of exchange rate changes,3Q26,22.0,CRM_SEC-XBRL-financials_as-presented_10-Q_2025-12-04_0001108524-25-000238.xlsx,Cash Flow,"Three Months Ended October 31, 2025",Effect of exchange rate changes,us-gaap:EffectOfExchangeRateOnCashCashEquivalentsRestrictedCashAndRestrictedCashEquivalents,reported,
cash_flow,us-gaap:EffectOfExchangeRateOnCashCashEquivalentsRestrictedCashAndRestrictedCashEquivalents,Effect of exchange rate changes,9M26,148.0,CRM_SEC-XBRL-financials_as-presented_10-Q_2025-12-04_0001108524-25-000238.xlsx,Cash Flow,"Nine Months Ended October 31, 2025",Effect of exchange rate changes,us-gaap:EffectOfExchangeRateOnCashCashEquivalentsRestrictedCashAndRestrictedCashEquivalents,reported,
cash_flow,us-gaap:CashCashEquivalentsRestrictedCashAndRestrictedCashEquivalentsPeriodIncreaseDecreaseIncludingExchangeRateEffect,Net increase (decrease) in cash and cash equivalents,3Q26,-1387.0,CRM_SEC-XBRL-financials_as-presented_10-Q_2025-12-04_0001108524-25-000238.xlsx,Cash Flow,"Three Months Ended October 31, 2025",Net increase (decrease) in cash and cash equivalents,us-gaap:CashCashEquivalentsRestrictedCashAndRestrictedCashEquivalentsPeriodIncreaseDecreaseIncludingExchangeRateEffect,reported,
cash_flow,us-gaap:CashCashEquivalentsRestrictedCashAndRestrictedCashEquivalentsPeriodIncreaseDecreaseIncludingExchangeRateEffect,Net increase (decrease) in cash and cash equivalents,9M26,130.0,CRM_SEC-XBRL-financials_as-presented_10-Q_2025-12-04_0001108524-25-000238.xlsx,Cash Flow,"Nine Months Ended October 31, 2025",Net increase (decrease) in cash and cash equivalents,us-gaap:CashCashEquivalentsRestrictedCashAndRestrictedCashEquivalentsPeriodIncreaseDecreaseIncludingExchangeRateEffect,reported,
cash_flow,us-gaap:CashCashEquivalentsRestrictedCashAndRestrictedCashEquivalents,"Cash and cash equivalents, beginning of period",3Q26,10365.0,CRM_SEC-XBRL-financials_as-presented_10-Q_2025-12-04_0001108524-25-000238.xlsx,Cash Flow,"Three Months Ended October 31, 2025","Cash and cash equivalents, beginning of period",us-gaap:CashCashEquivalentsRestrictedCashAndRestrictedCashEquivalents,reported,
cash_flow,us-gaap:CashCashEquivalentsRestrictedCashAndRestrictedCashEquivalents,"Cash and cash equivalents, beginning of period",9M26,8848.0,CRM_SEC-XBRL-financials_as-presented_10-Q_2025-12-04_0001108524-25-000238.xlsx,Cash Flow,"Nine Months Ended October 31, 2025","Cash and cash equivalents, beginning of period",us-gaap:CashCashEquivalentsRestrictedCashAndRestrictedCashEquivalents,reported,
income_statement,us-gaap:RevenueFromContractWithCustomerExcludingAssessedTax,Subscription and support,1Q27,10593.0,CRM_SEC-XBRL-financials_as-presented_10-Q_2026-05-28_0001108524-26-000127.xlsx,Income Statement,"Three Months Ended April 30, 2026",Subscription and support,us-gaap:RevenueFromContractWithCustomerExcludingAssessedTax,reported,
income_statement,us-gaap:CostOfGoodsAndServicesSold,Subscription and support,1Q27,1953.0,CRM_SEC-XBRL-financials_as-presented_10-Q_2026-05-28_0001108524-26-000127.xlsx,Income Statement,"Three Months Ended April 30, 2026",Subscription and support,us-gaap:CostOfGoodsAndServicesSold,reported,
income_statement,us-gaap:GrossProfit,Gross profit,1Q27,8563.0,CRM_SEC-XBRL-financials_as-presented_10-Q_2026-05-28_0001108524-26-000127.xlsx,Income Statement,"Three Months Ended April 30, 2026",Gross profit,us-gaap:GrossProfit,reported,
income_statement,us-gaap:ResearchAndDevelopmentExpense,Research and development,1Q27,1627.0,CRM_SEC-XBRL-financials_as-presented_10-Q_2026-05-28_0001108524-26-000127.xlsx,Income Statement,"Three Months Ended April 30, 2026",Research and development,us-gaap:ResearchAndDevelopmentExpense,reported,
income_statement,us-gaap:SellingAndMarketingExpense,Sales and marketing,1Q27,3769.0,CRM_SEC-XBRL-financials_as-presented_10-Q_2026-05-28_0001108524-26-000127.xlsx,Income Statement,"Three Months Ended April 30, 2026",Sales and marketing,us-gaap:SellingAndMarketingExpense,reported,
income_statement,us-gaap:GeneralAndAdministrativeExpense,General and administrative,1Q27,740.0,CRM_SEC-XBRL-financials_as-presented_10-Q_2026-05-28_0001108524-26-000127.xlsx,Income Statement,"Three Months Ended April 30, 2026",General and administrative,us-gaap:GeneralAndAdministrativeExpense,reported,
income_statement,us-gaap:RestructuringCharges,Restructuring,1Q27,80.0,CRM_SEC-XBRL-financials_as-presented_10-Q_2026-05-28_0001108524-26-000127.xlsx,Income Statement,"Three Months Ended April 30, 2026",Restructuring,us-gaap:RestructuringCharges,reported,
income_statement,us-gaap:OperatingExpenses,Total operating expenses,1Q27,6216.0,CRM_SEC-XBRL-financials_as-presented_10-Q_2026-05-28_0001108524-26-000127.xlsx,Income Statement,"Three Months Ended April 30, 2026",Total operating expenses,us-gaap:OperatingExpenses,reported,
income_statement,us-gaap:OperatingIncomeLoss,Income from operations,1Q27,2347.0,CRM_SEC-XBRL-financials_as-presented_10-Q_2026-05-28_0001108524-26-000127.xlsx,Income Statement,"Three Months Ended April 30, 2026",Income from operations,us-gaap:OperatingIncomeLoss,reported,
income_statement,us-gaap:InterestExpenseNonoperating,Interest expense,1Q27,-317.0,CRM_SEC-XBRL-financials_as-presented_10-Q_2026-05-28_0001108524-26-000127.xlsx,Income Statement,"Three Months Ended April 30, 2026",Interest expense,us-gaap:InterestExpenseNonoperating,reported,
income_statement,us-gaap:GainLossOnInvestments,"Gains (losses) on strategic investments, net",1Q27,558.0,CRM_SEC-XBRL-financials_as-presented_10-Q_2026-05-28_0001108524-26-000127.xlsx,Income Statement,"Three Months Ended April 30, 2026","Gains (losses) on strategic investments, net",us-gaap:GainLossOnInvestments,reported,
income_statement,us-gaap:OtherNonoperatingIncomeExpense,Other income,1Q27,133.0,CRM_SEC-XBRL-financials_as-presented_10-Q_2026-05-28_0001108524-26-000127.xlsx,Income Statement,"Three Months Ended April 30, 2026",Other income,us-gaap:OtherNonoperatingIncomeExpense,reported,
income_statement,us-gaap:IncomeLossFromContinuingOperationsBeforeIncomeTaxesExtraordinaryItemsNoncontrollingInterest,Income before provision for income taxes,1Q27,2721.0,CRM_SEC-XBRL-financials_as-presented_10-Q_2026-05-28_0001108524-26-000127.xlsx,Income Statement,"Three Months Ended April 30, 2026",Income before provision for income taxes,us-gaap:IncomeLossFromContinuingOperationsBeforeIncomeTaxesExtraordinaryItemsNoncontrollingInterest,reported,
income_statement,us-gaap:IncomeTaxExpenseBenefit,Provision for income taxes,1Q27,-614.0,CRM_SEC-XBRL-financials_as-presented_10-Q_2026-05-28_0001108524-26-000127.xlsx,Income Statement,"Three Months Ended April 30, 2026",Provision for income taxes,us-gaap:IncomeTaxExpenseBenefit,reported,
income_statement,us-gaap:NetIncomeLoss,Net income,1Q27,2107.0,CRM_SEC-XBRL-financials_as-presented_10-Q_2026-05-28_0001108524-26-000127.xlsx,Income Statement,"Three Months Ended April 30, 2026",Net income,us-gaap:NetIncomeLoss,reported,
income_statement,us-gaap:EarningsPerShareBasic,Basic net income per share,1Q27,2.43,CRM_SEC-XBRL-financials_as-presented_10-Q_2026-05-28_0001108524-26-000127.xlsx,Income Statement,"Three Months Ended April 30, 2026",Basic net income per share,us-gaap:EarningsPerShareBasic,reported,
income_statement,us-gaap:EarningsPerShareDiluted,Diluted net income per share,1Q27,2.42,CRM_SEC-XBRL-financials_as-presented_10-Q_2026-05-28_0001108524-26-000127.xlsx,Income Statement,"Three Months Ended April 30, 2026",Diluted net income per share,us-gaap:EarningsPerShareDiluted,reported,
income_statement,us-gaap:WeightedAverageNumberOfSharesOutstandingBasic,Shares used in computing basic net income per share,1Q27,868.0,CRM_SEC-XBRL-financials_as-presented_10-Q_2026-05-28_0001108524-26-000127.xlsx,Income Statement,"Three Months Ended April 30, 2026",Shares used in computing basic net income per share,us-gaap:WeightedAverageNumberOfSharesOutstandingBasic,reported,
income_statement,us-gaap:WeightedAverageNumberOfDilutedSharesOutstanding,Shares used in computing diluted net income per share,1Q27,871.0,CRM_SEC-XBRL-financials_as-presented_10-Q_2026-05-28_0001108524-26-000127.xlsx,Income Statement,"Three Months Ended April 30, 2026",Shares used in computing diluted net income per share,us-gaap:WeightedAverageNumberOfDilutedSharesOutstanding,reported,
balance_sheet,us-gaap:CashAndCashEquivalentsAtCarryingValue,Cash and cash equivalents,1Q27,8935.0,CRM_SEC-XBRL-financials_as-presented_10-Q_2026-05-28_0001108524-26-000127.xlsx,Balance Sheet,"April 30, 2026 (unaudited)",Cash and cash equivalents,us-gaap:CashAndCashEquivalentsAtCarryingValue,reported,
balance_sheet,us-gaap:AvailableForSaleSecuritiesDebtSecuritiesCurrent,Marketable securities,1Q27,2902.0,CRM_SEC-XBRL-financials_as-presented_10-Q_2026-05-28_0001108524-26-000127.xlsx,Balance Sheet,"April 30, 2026 (unaudited)",Marketable securities,us-gaap:AvailableForSaleSecuritiesDebtSecuritiesCurrent,reported,
balance_sheet,us-gaap:AccountsReceivableNetCurrent,"Accounts receivable, net",1Q27,5080.0,CRM_SEC-XBRL-financials_as-presented_10-Q_2026-05-28_0001108524-26-000127.xlsx,Balance Sheet,"April 30, 2026 (unaudited)","Accounts receivable, net",us-gaap:AccountsReceivableNetCurrent,reported,
balance_sheet,us-gaap:CapitalizedContractCostNetCurrent,"Costs capitalized to obtain revenue contracts, net",1Q27,2065.0,CRM_SEC-XBRL-financials_as-presented_10-Q_2026-05-28_0001108524-26-000127.xlsx,Balance Sheet,"April 30, 2026 (unaudited)","Costs capitalized to obtain revenue contracts, net",us-gaap:CapitalizedContractCostNetCurrent,reported,
balance_sheet,us-gaap:PrepaidExpenseAndOtherAssetsCurrent,Prepaid expenses and other current assets,1Q27,2631.0,CRM_SEC-XBRL-financials_as-presented_10-Q_2026-05-28_0001108524-26-000127.xlsx,Balance Sheet,"April 30, 2026 (unaudited)",Prepaid expenses and other current assets,us-gaap:PrepaidExpenseAndOtherAssetsCurrent,reported,
balance_sheet,us-gaap:AssetsCurrent,Total current assets,1Q27,21613.0,CRM_SEC-XBRL-financials_as-presented_10-Q_2026-05-28_0001108524-26-000127.xlsx,Balance Sheet,"April 30, 2026 (unaudited)",Total current assets,us-gaap:AssetsCurrent,reported,
balance_sheet,us-gaap:PropertyPlantAndEquipmentAndFinanceLeaseRightOfUseAssetAfterAccumulatedDepreciationAndAmortization,"Property and equipment, net",1Q27,3150.0,CRM_SEC-XBRL-financials_as-presented_10-Q_2026-05-28_0001108524-26-000127.xlsx,Balance Sheet,"April 30, 2026 (unaudited)","Property and equipment, net",us-gaap:PropertyPlantAndEquipmentAndFinanceLeaseRightOfUseAssetAfterAccumulatedDepreciationAndAmortization,reported,
balance_sheet,us-gaap:OperatingLeaseRightOfUseAsset,"Operating lease right-of-use assets, net",1Q27,1889.0,CRM_SEC-XBRL-financials_as-presented_10-Q_2026-05-28_0001108524-26-000127.xlsx,Balance Sheet,"April 30, 2026 (unaudited)","Operating lease right-of-use assets, net",us-gaap:OperatingLeaseRightOfUseAsset,reported,
balance_sheet,us-gaap:CapitalizedContractCostNetNoncurrent,"Noncurrent costs capitalized to obtain revenue contracts, net",1Q27,2920.0,CRM_SEC-XBRL-financials_as-presented_10-Q_2026-05-28_0001108524-26-000127.xlsx,Balance Sheet,"April 30, 2026 (unaudited)","Noncurrent costs capitalized to obtain revenue contracts, net",us-gaap:CapitalizedContractCostNetNoncurrent,reported,
balance_sheet,us-gaap:OtherLongTermInvestments,Strategic investments,1Q27,7772.0,CRM_SEC-XBRL-financials_as-presented_10-Q_2026-05-28_0001108524-26-000127.xlsx,Balance Sheet,"April 30, 2026 (unaudited)",Strategic investments,us-gaap:OtherLongTermInvestments,reported,
balance_sheet,us-gaap:Goodwill,Goodwill,1Q27,59291.0,CRM_SEC-XBRL-financials_as-presented_10-Q_2026-05-28_0001108524-26-000127.xlsx,Balance Sheet,"April 30, 2026 (unaudited)",Goodwill,us-gaap:Goodwill,reported,
balance_sheet,us-gaap:IntangibleAssetsNetExcludingGoodwill,"Intangible assets acquired through business combinations, net",1Q27,6650.0,CRM_SEC-XBRL-financials_as-presented_10-Q_2026-05-28_0001108524-26-000127.xlsx,Balance Sheet,"April 30, 2026 (unaudited)","Intangible assets acquired through business combinations, net",us-gaap:IntangibleAssetsNetExcludingGoodwill,reported,
balance_sheet,us-gaap:OtherAssetsNoncurrent,"Deferred tax assets and other assets, net",1Q27,3395.0,CRM_SEC-XBRL-financials_as-presented_10-Q_2026-05-28_0001108524-26-000127.xlsx,Balance Sheet,"April 30, 2026 (unaudited)","Deferred tax assets and other assets, net",us-gaap:OtherAssetsNoncurrent,reported,
balance_sheet,us-gaap:Assets,Total assets,1Q27,106680.0,CRM_SEC-XBRL-financials_as-presented_10-Q_2026-05-28_0001108524-26-000127.xlsx,Balance Sheet,"April 30, 2026 (unaudited)",Total assets,us-gaap:Assets,reported,
balance_sheet,us-gaap:AccountsPayableAndOtherAccruedLiabilitiesCurrent,"Accounts payable, accrued expenses and other liabilities",1Q27,6582.0,CRM_SEC-XBRL-financials_as-presented_10-Q_2026-05-28_0001108524-26-000127.xlsx,Balance Sheet,"April 30, 2026 (unaudited)","Accounts payable, accrued expenses and other liabilities",us-gaap:AccountsPayableAndOtherAccruedLiabilitiesCurrent,reported,
balance_sheet,us-gaap:OperatingLeaseLiabilityCurrent,"Operating lease liabilities, current",1Q27,557.0,CRM_SEC-XBRL-financials_as-presented_10-Q_2026-05-28_0001108524-26-000127.xlsx,Balance Sheet,"April 30, 2026 (unaudited)","Operating lease liabilities, current",us-gaap:OperatingLeaseLiabilityCurrent,reported,
balance_sheet,us-gaap:ContractWithCustomerLiabilityCurrent,Unearned revenue,1Q27,20363.0,CRM_SEC-XBRL-financials_as-presented_10-Q_2026-05-28_0001108524-26-000127.xlsx,Balance Sheet,"April 30, 2026 (unaudited)",Unearned revenue,us-gaap:ContractWithCustomerLiabilityCurrent,reported,
balance_sheet,us-gaap:ConvertibleDebtCurrent,"Debt, current",1Q27,0.0,CRM_SEC-XBRL-financials_as-presented_10-Q_2026-05-28_0001108524-26-000127.xlsx,Balance Sheet,"April 30, 2026 (unaudited)","Debt, current",us-gaap:ConvertibleDebtCurrent,reported,
balance_sheet,us-gaap:LiabilitiesCurrent,Total current liabilities,1Q27,27502.0,CRM_SEC-XBRL-financials_as-presented_10-Q_2026-05-28_0001108524-26-000127.xlsx,Balance Sheet,"April 30, 2026 (unaudited)",Total current liabilities,us-gaap:LiabilitiesCurrent,reported,
balance_sheet,us-gaap:LongTermDebtNoncurrent,Noncurrent debt,1Q27,39280.0,CRM_SEC-XBRL-financials_as-presented_10-Q_2026-05-28_0001108524-26-000127.xlsx,Balance Sheet,"April 30, 2026 (unaudited)",Noncurrent debt,us-gaap:LongTermDebtNoncurrent,reported,
balance_sheet,us-gaap:OperatingLeaseLiabilityNoncurrent,Noncurrent operating lease liabilities,1Q27,2047.0,CRM_SEC-XBRL-financials_as-presented_10-Q_2026-05-28_0001108524-26-000127.xlsx,Balance Sheet,"April 30, 2026 (unaudited)",Noncurrent operating lease liabilities,us-gaap:OperatingLeaseLiabilityNoncurrent,reported,
balance_sheet,us-gaap:OtherLiabilitiesNoncurrent,Other noncurrent liabilities,1Q27,3616.0,CRM_SEC-XBRL-financials_as-presented_10-Q_2026-05-28_0001108524-26-000127.xlsx,Balance Sheet,"April 30, 2026 (unaudited)",Other noncurrent liabilities,us-gaap:OtherLiabilitiesNoncurrent,reported,
balance_sheet,us-gaap:Liabilities,Total liabilities,1Q27,72445.0,CRM_SEC-XBRL-financials_as-presented_10-Q_2026-05-28_0001108524-26-000127.xlsx,Balance Sheet,"April 30, 2026 (unaudited)",Total liabilities,us-gaap:Liabilities,reported,
balance_sheet,us-gaap:CommonStockValue,Common stock,1Q27,1.0,CRM_SEC-XBRL-financials_as-presented_10-Q_2026-05-28_0001108524-26-000127.xlsx,Balance Sheet,"April 30, 2026 (unaudited)",Common stock,us-gaap:CommonStockValue,reported,
balance_sheet,us-gaap:TreasuryStockCommonValue,"Treasury stock, at cost",1Q27,-55028.0,CRM_SEC-XBRL-financials_as-presented_10-Q_2026-05-28_0001108524-26-000127.xlsx,Balance Sheet,"April 30, 2026 (unaudited)","Treasury stock, at cost",us-gaap:TreasuryStockCommonValue,reported,
balance_sheet,us-gaap:AdditionalPaidInCapitalCommonStock,Additional paid-in capital,1Q27,64913.0,CRM_SEC-XBRL-financials_as-presented_10-Q_2026-05-28_0001108524-26-000127.xlsx,Balance Sheet,"April 30, 2026 (unaudited)",Additional paid-in capital,us-gaap:AdditionalPaidInCapitalCommonStock,reported,
balance_sheet,us-gaap:AccumulatedOtherComprehensiveIncomeLossNetOfTax,Accumulated other comprehensive income (loss),1Q27,395.0,CRM_SEC-XBRL-financials_as-presented_10-Q_2026-05-28_0001108524-26-000127.xlsx,Balance Sheet,"April 30, 2026 (unaudited)",Accumulated other comprehensive income,us-gaap:AccumulatedOtherComprehensiveIncomeLossNetOfTax,reported,
balance_sheet,us-gaap:RetainedEarningsAccumulatedDeficit,Retained earnings,1Q27,23954.0,CRM_SEC-XBRL-financials_as-presented_10-Q_2026-05-28_0001108524-26-000127.xlsx,Balance Sheet,"April 30, 2026 (unaudited)",Retained earnings,us-gaap:RetainedEarningsAccumulatedDeficit,reported,
balance_sheet,us-gaap:StockholdersEquity,Total stockholders’ equity,1Q27,34235.0,CRM_SEC-XBRL-financials_as-presented_10-Q_2026-05-28_0001108524-26-000127.xlsx,Balance Sheet,"April 30, 2026 (unaudited)",Total stockholders’ equity,us-gaap:StockholdersEquity,reported,
balance_sheet,us-gaap:LiabilitiesAndStockholdersEquity,Total liabilities and stockholders’ equity,1Q27,106680.0,CRM_SEC-XBRL-financials_as-presented_10-Q_2026-05-28_0001108524-26-000127.xlsx,Balance Sheet,"April 30, 2026 (unaudited)",Total liabilities and stockholders’ equity,us-gaap:LiabilitiesAndStockholdersEquity,reported,
cash_flow,us-gaap:NetIncomeLoss,Net income,1Q27,2107.0,CRM_SEC-XBRL-financials_as-presented_10-Q_2026-05-28_0001108524-26-000127.xlsx,Cash Flow,"Three Months Ended April 30, 2026",Net income,us-gaap:NetIncomeLoss,reported,
cash_flow,us-gaap:DepreciationAndAmortization,Depreciation and amortization (1),1Q27,985.0,CRM_SEC-XBRL-financials_as-presented_10-Q_2026-05-28_0001108524-26-000127.xlsx,Cash Flow,"Three Months Ended April 30, 2026",Depreciation and amortization (1),us-gaap:DepreciationAndAmortization,reported,
cash_flow,us-gaap:CapitalizedContractCostAmortization,"Amortization of costs capitalized to obtain revenue contracts, net",1Q27,584.0,CRM_SEC-XBRL-financials_as-presented_10-Q_2026-05-28_0001108524-26-000127.xlsx,Cash Flow,"Three Months Ended April 30, 2026","Amortization of costs capitalized to obtain revenue contracts, net",us-gaap:CapitalizedContractCostAmortization,reported,
cash_flow,us-gaap:ShareBasedCompensation,Stock-based compensation expense,1Q27,857.0,CRM_SEC-XBRL-financials_as-presented_10-Q_2026-05-28_0001108524-26-000127.xlsx,Cash Flow,"Three Months Ended April 30, 2026",Stock-based compensation expense,us-gaap:ShareBasedCompensation,reported,
cash_flow,us-gaap:GainLossOnInvestments,"(Gains) losses on strategic investments, net",1Q27,-558.0,CRM_SEC-XBRL-financials_as-presented_10-Q_2026-05-28_0001108524-26-000127.xlsx,Cash Flow,"Three Months Ended April 30, 2026","(Gains) losses on strategic investments, net",us-gaap:GainLossOnInvestments,reported,
cash_flow,us-gaap:IncreaseDecreaseInAccountsReceivable,"Accounts receivable, net",1Q27,9431.0,CRM_SEC-XBRL-financials_as-presented_10-Q_2026-05-28_0001108524-26-000127.xlsx,Cash Flow,"Three Months Ended April 30, 2026","Accounts receivable, net",us-gaap:IncreaseDecreaseInAccountsReceivable,reported,
cash_flow,crm:IncreaseDecreaseInCapitalizedContractCosts,"Costs capitalized to obtain revenue contracts, net",1Q27,-509.0,CRM_SEC-XBRL-financials_as-presented_10-Q_2026-05-28_0001108524-26-000127.xlsx,Cash Flow,"Three Months Ended April 30, 2026","Costs capitalized to obtain revenue contracts, net",crm:IncreaseDecreaseInCapitalizedContractCosts,reported,
cash_flow,us-gaap:IncreaseDecreaseInPrepaidDeferredExpenseAndOtherAssets,Prepaid expenses and other current assets and other assets,1Q27,-162.0,CRM_SEC-XBRL-financials_as-presented_10-Q_2026-05-28_0001108524-26-000127.xlsx,Cash Flow,"Three Months Ended April 30, 2026",Prepaid expenses and other current assets and other assets,us-gaap:IncreaseDecreaseInPrepaidDeferredExpenseAndOtherAssets,reported,
cash_flow,us-gaap:IncreaseDecreaseInAccountsPayableAndAccruedLiabilities,Accounts payable and accrued expenses and other liabilities,1Q27,-1897.0,CRM_SEC-XBRL-financials_as-presented_10-Q_2026-05-28_0001108524-26-000127.xlsx,Cash Flow,"Three Months Ended April 30, 2026",Accounts payable and accrued expenses and other liabilities,us-gaap:IncreaseDecreaseInAccountsPayableAndAccruedLiabilities,reported,
cash_flow,us-gaap:IncreaseDecreaseInOperatingLeaseLiability,Operating lease liabilities,1Q27,-138.0,CRM_SEC-XBRL-financials_as-presented_10-Q_2026-05-28_0001108524-26-000127.xlsx,Cash Flow,"Three Months Ended April 30, 2026",Operating lease liabilities,us-gaap:IncreaseDecreaseInOperatingLeaseLiability,reported,
cash_flow,us-gaap:IncreaseDecreaseInContractWithCustomerLiability,Unearned revenue,1Q27,-3999.0,CRM_SEC-XBRL-financials_as-presented_10-Q_2026-05-28_0001108524-26-000127.xlsx,Cash Flow,"Three Months Ended April 30, 2026",Unearned revenue,us-gaap:IncreaseDecreaseInContractWithCustomerLiability,reported,
cash_flow,us-gaap:NetCashProvidedByUsedInOperatingActivities,Net cash provided by operating activities,1Q27,6701.0,CRM_SEC-XBRL-financials_as-presented_10-Q_2026-05-28_0001108524-26-000127.xlsx,Cash Flow,"Three Months Ended April 30, 2026",Net cash provided by operating activities,us-gaap:NetCashProvidedByUsedInOperatingActivities,reported,
cash_flow,us-gaap:PaymentsToAcquireBusinessesNetOfCashAcquired,"Business combinations, net of cash acquired",1Q27,-1452.0,CRM_SEC-XBRL-financials_as-presented_10-Q_2026-05-28_0001108524-26-000127.xlsx,Cash Flow,"Three Months Ended April 30, 2026","Business combinations, net of cash acquired",us-gaap:PaymentsToAcquireBusinessesNetOfCashAcquired,reported,
cash_flow,us-gaap:PaymentsToAcquireLongtermInvestments,Purchases of strategic investments,1Q27,-325.0,CRM_SEC-XBRL-financials_as-presented_10-Q_2026-05-28_0001108524-26-000127.xlsx,Cash Flow,"Three Months Ended April 30, 2026",Purchases of strategic investments,us-gaap:PaymentsToAcquireLongtermInvestments,reported,
cash_flow,us-gaap:ProceedsFromSaleOfLongtermInvestments,Sales of strategic investments,1Q27,415.0,CRM_SEC-XBRL-financials_as-presented_10-Q_2026-05-28_0001108524-26-000127.xlsx,Cash Flow,"Three Months Ended April 30, 2026",Sales of strategic investments,us-gaap:ProceedsFromSaleOfLongtermInvestments,reported,
cash_flow,us-gaap:PaymentsToAcquireAvailableForSaleSecuritiesDebt,Purchases of marketable securities,1Q27,-1089.0,CRM_SEC-XBRL-financials_as-presented_10-Q_2026-05-28_0001108524-26-000127.xlsx,Cash Flow,"Three Months Ended April 30, 2026",Purchases of marketable securities,us-gaap:PaymentsToAcquireAvailableForSaleSecuritiesDebt,reported,
cash_flow,us-gaap:ProceedsFromSaleOfAvailableForSaleSecuritiesDebt,Sales of marketable securities,1Q27,352.0,CRM_SEC-XBRL-financials_as-presented_10-Q_2026-05-28_0001108524-26-000127.xlsx,Cash Flow,"Three Months Ended April 30, 2026",Sales of marketable securities,us-gaap:ProceedsFromSaleOfAvailableForSaleSecuritiesDebt,reported,
cash_flow,us-gaap:ProceedsFromMaturitiesPrepaymentsAndCallsOfAvailableForSaleSecurities,Maturities of marketable securities,1Q27,61.0,CRM_SEC-XBRL-financials_as-presented_10-Q_2026-05-28_0001108524-26-000127.xlsx,Cash Flow,"Three Months Ended April 30, 2026",Maturities of marketable securities,us-gaap:ProceedsFromMaturitiesPrepaymentsAndCallsOfAvailableForSaleSecurities,reported,
cash_flow,us-gaap:PaymentsToAcquirePropertyPlantAndEquipment,Capital expenditures,1Q27,-145.0,CRM_SEC-XBRL-financials_as-presented_10-Q_2026-05-28_0001108524-26-000127.xlsx,Cash Flow,"Three Months Ended April 30, 2026",Capital expenditures,us-gaap:PaymentsToAcquirePropertyPlantAndEquipment,reported,
cash_flow,us-gaap:NetCashProvidedByUsedInInvestingActivities,Net cash used in investing activities,1Q27,-2183.0,CRM_SEC-XBRL-financials_as-presented_10-Q_2026-05-28_0001108524-26-000127.xlsx,Cash Flow,"Three Months Ended April 30, 2026",Net cash used in investing activities,us-gaap:NetCashProvidedByUsedInInvestingActivities,reported,
cash_flow,us-gaap:ProceedsFromIssuanceOfMediumTermNotes,"Proceeds from issuance of debt, net of issuance costs",1Q27,24842.0,CRM_SEC-XBRL-financials_as-presented_10-Q_2026-05-28_0001108524-26-000127.xlsx,Cash Flow,"Three Months Ended April 30, 2026","Proceeds from issuance of debt, net of issuance costs",us-gaap:ProceedsFromIssuanceOfMediumTermNotes,reported,
cash_flow,us-gaap:PaymentsForRepurchaseOfCommonStock,Repurchases of common stock,1Q27,-27248.0,CRM_SEC-XBRL-financials_as-presented_10-Q_2026-05-28_0001108524-26-000127.xlsx,Cash Flow,"Three Months Ended April 30, 2026",Repurchases of common stock,us-gaap:PaymentsForRepurchaseOfCommonStock,reported,
cash_flow,us-gaap:PaymentsRelatedToTaxWithholdingForShareBasedCompensation,Payments for taxes related to net share settlement of equity awards,1Q27,-250.0,CRM_SEC-XBRL-financials_as-presented_10-Q_2026-05-28_0001108524-26-000127.xlsx,Cash Flow,"Three Months Ended April 30, 2026",Payments for taxes related to net share settlement of equity awards,us-gaap:PaymentsRelatedToTaxWithholdingForShareBasedCompensation,reported,
cash_flow,us-gaap:ProceedsFromStockPlans,Proceeds from employee stock plans,1Q27,230.0,CRM_SEC-XBRL-financials_as-presented_10-Q_2026-05-28_0001108524-26-000127.xlsx,Cash Flow,"Three Months Ended April 30, 2026",Proceeds from employee stock plans,us-gaap:ProceedsFromStockPlans,reported,
cash_flow,us-gaap:FinanceLeasePrincipalPayments,Principal payments on financing obligations,1Q27,-130.0,CRM_SEC-XBRL-financials_as-presented_10-Q_2026-05-28_0001108524-26-000127.xlsx,Cash Flow,"Three Months Ended April 30, 2026",Principal payments on financing obligations,us-gaap:FinanceLeasePrincipalPayments,reported,
cash_flow,us-gaap:PaymentsOfDividends,Payments of dividends and dividend equivalents,1Q27,-365.0,CRM_SEC-XBRL-financials_as-presented_10-Q_2026-05-28_0001108524-26-000127.xlsx,Cash Flow,"Three Months Ended April 30, 2026",Payments of dividends and dividend equivalents,us-gaap:PaymentsOfDividends,reported,
cash_flow,us-gaap:NetCashProvidedByUsedInFinancingActivities,Net cash used in financing activities,1Q27,-2921.0,CRM_SEC-XBRL-financials_as-presented_10-Q_2026-05-28_0001108524-26-000127.xlsx,Cash Flow,"Three Months Ended April 30, 2026",Net cash used in financing activities,us-gaap:NetCashProvidedByUsedInFinancingActivities,reported,
cash_flow,us-gaap:EffectOfExchangeRateOnCashCashEquivalentsRestrictedCashAndRestrictedCashEquivalents,Effect of exchange rate changes,1Q27,11.0,CRM_SEC-XBRL-financials_as-presented_10-Q_2026-05-28_0001108524-26-000127.xlsx,Cash Flow,"Three Months Ended April 30, 2026",Effect of exchange rate changes,us-gaap:EffectOfExchangeRateOnCashCashEquivalentsRestrictedCashAndRestrictedCashEquivalents,reported,
cash_flow,us-gaap:CashCashEquivalentsRestrictedCashAndRestrictedCashEquivalentsPeriodIncreaseDecreaseIncludingExchangeRateEffect,Net increase (decrease) in cash and cash equivalents,1Q27,1608.0,CRM_SEC-XBRL-financials_as-presented_10-Q_2026-05-28_0001108524-26-000127.xlsx,Cash Flow,"Three Months Ended April 30, 2026",Net increase in cash and cash equivalents,us-gaap:CashCashEquivalentsRestrictedCashAndRestrictedCashEquivalentsPeriodIncreaseDecreaseIncludingExchangeRateEffect,reported,
cash_flow,us-gaap:CashCashEquivalentsRestrictedCashAndRestrictedCashEquivalents,"Cash and cash equivalents, beginning of period",1Q27,7327.0,CRM_SEC-XBRL-financials_as-presented_10-Q_2026-05-28_0001108524-26-000127.xlsx,Cash Flow,"Three Months Ended April 30, 2026","Cash and cash equivalents, beginning of period",us-gaap:CashCashEquivalentsRestrictedCashAndRestrictedCashEquivalents,reported,
cash_flow,us-gaap:NetCashProvidedByUsedInOperatingActivities,Net cash provided by operating activities,,,,,,,html:adjustments-to-reconcile-net-income-to-net-cash-provided-by-operating-activities,row_deduplication,Merged duplicate canonical row html:adjustments-to-reconcile-net-income-to-net-cash-provided-by-operating-activities → us-gaap:NetCashProvidedByUsedInOperatingActivities (similar_label_sparse)
cash_flow,us-gaap:NetCashProvidedByUsedInFinancingActivities,Net cash used in financing activities,,,,,,,html:financing-activities,row_deduplication,Merged duplicate canonical row html:financing-activities → us-gaap:NetCashProvidedByUsedInFinancingActivities (similar_label_sparse)
cash_flow,us-gaap:NetCashProvidedByUsedInInvestingActivities,Net cash used in investing activities,,,,,,,html:investing-activities,row_deduplication,Merged duplicate canonical row html:investing-activities → us-gaap:NetCashProvidedByUsedInInvestingActivities (similar_label_sparse)
income_statement,us-gaap:RevenueFromContractWithCustomerExcludingAssessedTax,Subscription and support,4Q20,4563.0,(derived),,,,,derived,FY20 - 1Q20 - 2Q20 - 3Q20 = 16043.0 - 3496.0 - 3745.0 - 4239.0
income_statement,us-gaap:RevenueFromContractWithCustomerExcludingAssessedTax,Subscription and support,4Q21,5476.0,(derived),,,,,derived,FY21 - 1Q21 - 2Q21 - 3Q21 = 19976.0 - 4575.0 - 4840.0 - 5085.0
income_statement,us-gaap:RevenueFromContractWithCustomerExcludingAssessedTax,Subscription and support,4Q22,6828.0,(derived),,,,,derived,FY22 - 1Q22 - 2Q22 - 3Q22 = 24657.0 - 5536.0 - 5914.0 - 6379.0
income_statement,us-gaap:RevenueFromContractWithCustomerExcludingAssessedTax,Subscription and support,4Q23,7789.0,(derived),,,,,derived,FY23 - 1Q23 - 2Q23 - 3Q23 = 29021.0 - 6856.0 - 7143.0 - 7233.0
income_statement,us-gaap:RevenueFromContractWithCustomerExcludingAssessedTax,Subscription and support,4Q24,8748.0,(derived),,,,,derived,FY24 - 1Q24 - 2Q24 - 3Q24 = 32537.0 - 7642.0 - 8006.0 - 8141.0
income_statement,us-gaap:RevenueFromContractWithCustomerExcludingAssessedTax,Subscription and support,4Q25,9451.0,(derived),,,,,derived,FY25 - 1Q25 - 2Q25 - 3Q25 = 35679.0 - 8585.0 - 8764.0 - 8879.0
income_statement,us-gaap:RevenueFromContractWithCustomerExcludingAssessedTax,Subscription and support,4Q26,10675.0,(derived),,,,,derived,FY26 - 1Q26 - 2Q26 - 3Q26 = 39388.0 - 9297.0 - 9690.0 - 9726.0
income_statement,us-gaap:GrossProfit,Gross profit,4Q20,3631.0,(derived),,,,,derived,FY20 - 1Q20 - 2Q20 - 3Q20 = 12863.0 - 2823.0 - 3030.0 - 3379.0
income_statement,us-gaap:GrossProfit,Gross profit,4Q21,4338.0,(derived),,,,,derived,FY21 - 1Q21 - 2Q21 - 3Q21 = 15814.0 - 3611.0 - 3840.0 - 4025.0
income_statement,us-gaap:GrossProfit,Gross profit,4Q22,5312.0,(derived),,,,,derived,FY22 - 1Q22 - 2Q22 - 3Q22 = 19466.0 - 4408.0 - 4727.0 - 5019.0
income_statement,us-gaap:GrossProfit,Gross profit,4Q23,6284.0,(derived),,,,,derived,FY23 - 1Q23 - 2Q23 - 3Q23 = 22992.0 - 5366.0 - 5593.0 - 5749.0
income_statement,us-gaap:GrossProfit,Gross profit,4Q24,7139.0,(derived),,,,,derived,FY24 - 1Q24 - 2Q24 - 3Q24 = 26316.0 - 6122.0 - 6490.0 - 6565.0
income_statement,us-gaap:GrossProfit,Gross profit,4Q25,7776.0,(derived),,,,,derived,FY25 - 1Q25 - 2Q25 - 3Q25 = 29252.0 - 6971.0 - 7166.0 - 7339.0
income_statement,us-gaap:GrossProfit,Gross profit,4Q26,8693.0,(derived),,,,,derived,FY26 - 1Q26 - 2Q26 - 3Q26 = 32255.0 - 7564.0 - 7994.0 - 8004.0
income_statement,us-gaap:ResearchAndDevelopmentExpense,Research and development,4Q20,831.0,(derived),,,,,derived,FY20 - 1Q20 - 2Q20 - 3Q20 = 2766.0 - 554.0 - 607.0 - 774.0
income_statement,us-gaap:ResearchAndDevelopmentExpense,Research and development,4Q21,939.0,(derived),,,,,derived,FY21 - 1Q21 - 2Q21 - 3Q21 = 3598.0 - 859.0 - 898.0 - 902.0
income_statement,us-gaap:ResearchAndDevelopmentExpense,Research and development,4Q22,1291.0,(derived),,,,,derived,FY22 - 1Q22 - 2Q22 - 3Q22 = 4465.0 - 951.0 - 1020.0 - 1203.0
income_statement,us-gaap:ResearchAndDevelopmentExpense,Research and development,4Q23,1128.0,(derived),,,,,derived,FY23 - 1Q23 - 2Q23 - 3Q23 = 5055.0 - 1318.0 - 1329.0 - 1280.0
income_statement,us-gaap:ResearchAndDevelopmentExpense,Research and development,4Q24,1275.0,(derived),,,,,derived,FY24 - 1Q24 - 2Q24 - 3Q24 = 4906.0 - 1207.0 - 1220.0 - 1204.0
income_statement,us-gaap:ResearchAndDevelopmentExpense,Research and development,4Q25,1420.0,(derived),,,,,derived,FY25 - 1Q25 - 2Q25 - 3Q25 = 5493.0 - 1368.0 - 1349.0 - 1356.0
income_statement,us-gaap:ResearchAndDevelopmentExpense,Research and development,4Q26,1619.0,(derived),,,,,derived,FY26 - 1Q26 - 2Q26 - 3Q26 = 5993.0 - 1460.0 - 1481.0 - 1433.0
income_statement,us-gaap:SellingAndMarketingExpense,Sales and marketing,4Q20,2346.0,(derived),,,,,derived,FY20 - 1Q20 - 2Q20 - 3Q20 = 7930.0 - 1697.0 - 1824.0 - 2063.0
income_statement,us-gaap:SellingAndMarketingExpense,Sales and marketing,4Q21,2632.0,(derived),,,,,derived,FY21 - 1Q21 - 2Q21 - 3Q21 = 9674.0 - 2390.0 - 2275.0 - 2377.0
income_statement,us-gaap:SellingAndMarketingExpense,Sales and marketing,4Q22,3464.0,(derived),,,,,derived,FY22 - 1Q22 - 2Q22 - 3Q22 = 11855.0 - 2544.0 - 2736.0 - 3111.0
income_statement,us-gaap:SellingAndMarketingExpense,Sales and marketing,4Q23,3385.0,(derived),,,,,derived,FY23 - 1Q23 - 2Q23 - 3Q23 = 13526.0 - 3372.0 - 3424.0 - 3345.0
income_statement,us-gaap:SellingAndMarketingExpense,Sales and marketing,4Q24,3437.0,(derived),,,,,derived,FY24 - 1Q24 - 2Q24 - 3Q24 = 12877.0 - 3154.0 - 3113.0 - 3173.0
income_statement,us-gaap:SellingAndMarketingExpense,Sales and marketing,4Q25,3471.0,(derived),,,,,derived,FY25 - 1Q25 - 2Q25 - 3Q25 = 13257.0 - 3239.0 - 3224.0 - 3323.0
income_statement,us-gaap:SellingAndMarketingExpense,Sales and marketing,4Q26,4017.0,(derived),,,,,derived,FY26 - 1Q26 - 2Q26 - 3Q26 = 14345.0 - 3429.0 - 3443.0 - 3456.0
income_statement,us-gaap:GeneralAndAdministrativeExpense,General and administrative,4Q20,490.0,(derived),,,,,derived,FY20 - 1Q20 - 2Q20 - 3Q20 = 1704.0 - 362.0 - 375.0 - 477.0
income_statement,us-gaap:GeneralAndAdministrativeExpense,General and administrative,4Q21,574.0,(derived),,,,,derived,FY21 - 1Q21 - 2Q21 - 3Q21 = 2087.0 - 502.0 - 489.0 - 522.0
income_statement,us-gaap:GeneralAndAdministrativeExpense,General and administrative,4Q22,733.0,(derived),,,,,derived,FY22 - 1Q22 - 2Q22 - 3Q22 = 2598.0 - 559.0 - 639.0 - 667.0
income_statement,us-gaap:GeneralAndAdministrativeExpense,General and administrative,4Q23,586.0,(derived),,,,,derived,FY23 - 1Q23 - 2Q23 - 3Q23 = 2553.0 - 656.0 - 647.0 - 664.0
income_statement,us-gaap:GeneralAndAdministrativeExpense,General and administrative,4Q24,632.0,(derived),,,,,derived,FY24 - 1Q24 - 2Q24 - 3Q24 = 2534.0 - 638.0 - 632.0 - 632.0
income_statement,us-gaap:GeneralAndAdministrativeExpense,General and administrative,4Q25,767.0,(derived),,,,,derived,FY25 - 1Q25 - 2Q25 - 3Q25 = 2836.0 - 647.0 - 711.0 - 711.0
income_statement,us-gaap:GeneralAndAdministrativeExpense,General and administrative,4Q26,902.0,(derived),,,,,derived,FY26 - 1Q26 - 2Q26 - 3Q26 = 3000.0 - 697.0 - 734.0 - 667.0
income_statement,us-gaap:OperatingIncomeLoss,Income from operations,4Q20,-36.0,(derived),,,,,derived,FY20 - 1Q20 - 2Q20 - 3Q20 = 297.0 - 210.0 - 58.0 - 65.0
income_statement,us-gaap:OperatingIncomeLoss,Income from operations,4Q21,193.0,(derived),,,,,derived,FY21 - 1Q21 - 2Q21 - 3Q21 = 455.0 - -140.0 - 178.0 - 224.0
income_statement,us-gaap:OperatingIncomeLoss,Income from operations,4Q22,-176.0,(derived),,,,,derived,FY22 - 1Q22 - 2Q22 - 3Q22 = 548.0 - 354.0 - 332.0 - 38.0
income_statement,us-gaap:OperatingIncomeLoss,Income from operations,4Q23,357.0,(derived),,,,,derived,FY23 - 1Q23 - 2Q23 - 3Q23 = 1030.0 - 20.0 - 193.0 - 460.0
income_statement,us-gaap:OperatingIncomeLoss,Income from operations,4Q24,1622.0,(derived),,,,,derived,FY24 - 1Q24 - 2Q24 - 3Q24 = 5011.0 - 412.0 - 1476.0 - 1501.0
income_statement,us-gaap:OperatingIncomeLoss,Income from operations,4Q25,1820.0,(derived),,,,,derived,FY25 - 1Q25 - 2Q25 - 3Q25 = 7205.0 - 1709.0 - 1783.0 - 1893.0
income_statement,us-gaap:OperatingIncomeLoss,Income from operations,4Q26,1869.0,(derived),,,,,derived,FY26 - 1Q26 - 2Q26 - 3Q26 = 8331.0 - 1942.0 - 2332.0 - 2188.0
income_statement,us-gaap:GainLossOnInvestments,"Gains (losses) on strategic investments, net",4Q20,31.0,(derived),,,,,derived,FY20 - 1Q20 - 2Q20 - 3Q20 = 427.0 - 281.0 - 109.0 - 6.0
income_statement,us-gaap:GainLossOnInvestments,"Gains (losses) on strategic investments, net",4Q21,260.0,(derived),,,,,derived,FY21 - 1Q21 - 2Q21 - 3Q21 = 2170.0 - 192.0 - 682.0 - 1036.0
income_statement,us-gaap:GainLossOnInvestments,"Gains (losses) on strategic investments, net",4Q22,34.0,(derived),,,,,derived,FY22 - 1Q22 - 2Q22 - 3Q22 = 1211.0 - 288.0 - 526.0 - 363.0
income_statement,us-gaap:GainLossOnInvestments,"Gains (losses) on strategic investments, net",4Q23,-314.0,(derived),,,,,derived,FY23 - 1Q23 - 2Q23 - 3Q23 = -239.0 - 7.0 - 45.0 - 23.0
income_statement,us-gaap:GainLossOnInvestments,"Gains (losses) on strategic investments, net",4Q24,-35.0,(derived),,,,,derived,FY24 - 1Q24 - 2Q24 - 3Q24 = -277.0 - -141.0 - -29.0 - -72.0
income_statement,us-gaap:GainLossOnInvestments,"Gains (losses) on strategic investments, net",4Q25,96.0,(derived),,,,,derived,FY25 - 1Q25 - 2Q25 - 3Q25 = -121.0 - 37.0 - -37.0 - -217.0
income_statement,us-gaap:GainLossOnInvestments,"Gains (losses) on strategic investments, net",4Q26,811.0,(derived),,,,,derived,FY26 - 1Q26 - 2Q26 - 3Q26 = 1017.0 - -63.0 - 6.0 - 263.0
income_statement,us-gaap:OtherNonoperatingIncomeExpense,Other income,4Q20,1.0,(derived),,,,,derived,FY20 - 1Q20 - 2Q20 - 3Q20 = -18.0 - -9.0 - -3.0 - -7.0
income_statement,us-gaap:OtherNonoperatingIncomeExpense,Other income,4Q24,58.0,(derived),,,,,derived,FY24 - 1Q24 - 2Q24 - 3Q24 = 216.0 - 55.0 - 45.0 - 58.0
income_statement,us-gaap:OtherNonoperatingIncomeExpense,Other income,4Q25,72.0,(derived),,,,,derived,FY25 - 1Q25 - 2Q25 - 3Q25 = 354.0 - 121.0 - 91.0 - 70.0
income_statement,us-gaap:OtherNonoperatingIncomeExpense,Other income,4Q26,-52.0,(derived),,,,,derived,FY26 - 1Q26 - 2Q26 - 3Q26 = 172.0 - 95.0 - 68.0 - 61.0
income_statement,us-gaap:NetIncomeLoss,Net income,4Q20,-248.0,(derived),,,,,derived,FY20 - 1Q20 - 2Q20 - 3Q20 = 126.0 - 392.0 - 91.0 - -109.0
income_statement,us-gaap:NetIncomeLoss,Net income,4Q21,267.0,(derived),,,,,derived,FY21 - 1Q21 - 2Q21 - 3Q21 = 4072.0 - 99.0 - 2625.0 - 1081.0
income_statement,us-gaap:NetIncomeLoss,Net income,4Q22,-28.0,(derived),,,,,derived,FY22 - 1Q22 - 2Q22 - 3Q22 = 1444.0 - 469.0 - 535.0 - 468.0
income_statement,us-gaap:NetIncomeLoss,Net income,4Q23,-98.0,(derived),,,,,derived,FY23 - 1Q23 - 2Q23 - 3Q23 = 208.0 - 28.0 - 68.0 - 210.0
income_statement,us-gaap:NetIncomeLoss,Net income,4Q24,1446.0,(derived),,,,,derived,FY24 - 1Q24 - 2Q24 - 3Q24 = 4136.0 - 199.0 - 1267.0 - 1224.0
income_statement,us-gaap:NetIncomeLoss,Net income,4Q25,1708.0,(derived),,,,,derived,FY25 - 1Q25 - 2Q25 - 3Q25 = 6197.0 - 1533.0 - 1429.0 - 1527.0
income_statement,us-gaap:NetIncomeLoss,Net income,4Q26,1943.0,(derived),,,,,derived,FY26 - 1Q26 - 2Q26 - 3Q26 = 7457.0 - 1541.0 - 1887.0 - 2086.0
income_statement,us-gaap:EarningsPerShareBasic,Basic net income per share,4Q20,-0.36,(derived),,,,,derived,FY20 - 1Q20 - 2Q20 - 3Q20 = 0.15 - 0.51 - 0.12 - -0.12
income_statement,us-gaap:EarningsPerShareBasic,Basic net income per share,4Q21,0.28000000000000025,(derived),,,,,derived,FY21 - 1Q21 - 2Q21 - 3Q21 = 4.48 - 0.11 - 2.9 - 1.19
income_statement,us-gaap:EarningsPerShareBasic,Basic net income per share,4Q22,-0.04999999999999993,(derived),,,,,derived,FY22 - 1Q22 - 2Q22 - 3Q22 = 1.51 - 0.51 - 0.57 - 0.48
income_statement,us-gaap:EarningsPerShareBasic,Basic net income per share,4Q23,-0.1,(derived),,,,,derived,FY23 - 1Q23 - 2Q23 - 3Q23 = 0.21 - 0.03 - 0.07 - 0.21
income_statement,us-gaap:EarningsPerShareBasic,Basic net income per share,4Q24,1.49,(derived),,,,,derived,FY24 - 1Q24 - 2Q24 - 3Q24 = 4.25 - 0.2 - 1.3 - 1.26
income_statement,us-gaap:EarningsPerShareBasic,Basic net income per share,4Q25,1.7800000000000002,(derived),,,,,derived,FY25 - 1Q25 - 2Q25 - 3Q25 = 6.44 - 1.58 - 1.48 - 1.6
income_statement,us-gaap:EarningsPerShareBasic,Basic net income per share,4Q26,2.0699999999999994,(derived),,,,,derived,FY26 - 1Q26 - 2Q26 - 3Q26 = 7.85 - 1.61 - 1.97 - 2.2
income_statement,us-gaap:EarningsPerShareDiluted,Diluted net income per share,4Q20,-0.32999999999999996,(derived),,,,,derived,FY20 - 1Q20 - 2Q20 - 3Q20 = 0.15 - 0.49 - 0.11 - -0.12
income_statement,us-gaap:EarningsPerShareDiluted,Diluted net income per share,4Q21,0.2699999999999996,(derived),,,,,derived,FY21 - 1Q21 - 2Q21 - 3Q21 = 4.38 - 0.11 - 2.85 - 1.15
income_statement,us-gaap:EarningsPerShareDiluted,Diluted net income per share,4Q22,-0.050000000000000044,(derived),,,,,derived,FY22 - 1Q22 - 2Q22 - 3Q22 = 1.48 - 0.5 - 0.56 - 0.47
income_statement,us-gaap:EarningsPerShareDiluted,Diluted net income per share,4Q23,-0.1,(derived),,,,,derived,FY23 - 1Q23 - 2Q23 - 3Q23 = 0.21 - 0.03 - 0.07 - 0.21
income_statement,us-gaap:EarningsPerShareDiluted,Diluted net income per share,4Q24,1.4699999999999998,(derived),,,,,derived,FY24 - 1Q24 - 2Q24 - 3Q24 = 4.2 - 0.2 - 1.28 - 1.25
income_statement,us-gaap:EarningsPerShareDiluted,Diluted net income per share,4Q25,1.7500000000000009,(derived),,,,,derived,FY25 - 1Q25 - 2Q25 - 3Q25 = 6.36 - 1.56 - 1.47 - 1.58
income_statement,us-gaap:EarningsPerShareDiluted,Diluted net income per share,4Q26,2.06,(derived),,,,,derived,FY26 - 1Q26 - 2Q26 - 3Q26 = 7.8 - 1.59 - 1.96 - 2.19
income_statement,us-gaap:WeightedAverageNumberOfSharesOutstandingBasic,Shares used in computing basic net income per share,4Q19,751.0,(derived),,,,,copied_from_fy_for_wacs,4Q19 = FY19 (weighted-average shares: FY is not the sum of quarters; replacing flow-style bridge)
income_statement,us-gaap:WeightedAverageNumberOfSharesOutstandingBasic,Shares used in computing basic net income per share,4Q20,829.0,(derived),,,,,copied_from_fy_for_wacs,4Q20 = FY20 (weighted-average shares: FY is not the sum of quarters; replacing flow-style bridge)
income_statement,us-gaap:WeightedAverageNumberOfSharesOutstandingBasic,Shares used in computing basic net income per share,4Q21,908.0,(derived),,,,,copied_from_fy_for_wacs,4Q21 = FY21 (weighted-average shares: FY is not the sum of quarters; replacing flow-style bridge)
income_statement,us-gaap:WeightedAverageNumberOfSharesOutstandingBasic,Shares used in computing basic net income per share,4Q22,955.0,(derived),,,,,copied_from_fy_for_wacs,4Q22 = FY22 (weighted-average shares: FY is not the sum of quarters; replacing flow-style bridge)
income_statement,us-gaap:WeightedAverageNumberOfSharesOutstandingBasic,Shares used in computing basic net income per share,4Q23,992.0,(derived),,,,,copied_from_fy_for_wacs,4Q23 = FY23 (weighted-average shares: FY is not the sum of quarters; replacing flow-style bridge)
income_statement,us-gaap:WeightedAverageNumberOfSharesOutstandingBasic,Shares used in computing basic net income per share,4Q24,974.0,(derived),,,,,copied_from_fy_for_wacs,4Q24 = FY24 (weighted-average shares: FY is not the sum of quarters; replacing flow-style bridge)
income_statement,us-gaap:WeightedAverageNumberOfSharesOutstandingBasic,Shares used in computing basic net income per share,4Q25,962.0,(derived),,,,,copied_from_fy_for_wacs,4Q25 = FY25 (weighted-average shares: FY is not the sum of quarters; replacing flow-style bridge)
income_statement,us-gaap:WeightedAverageNumberOfSharesOutstandingBasic,Shares used in computing basic net income per share,4Q26,950.0,(derived),,,,,copied_from_fy_for_wacs,4Q26 = FY26 (weighted-average shares: FY is not the sum of quarters; replacing flow-style bridge)
income_statement,us-gaap:WeightedAverageNumberOfDilutedSharesOutstanding,Shares used in computing diluted net income per share,4Q19,775.0,(derived),,,,,copied_from_fy_for_wacs,4Q19 = FY19 (weighted-average shares: FY is not the sum of quarters; replacing flow-style bridge)
income_statement,us-gaap:WeightedAverageNumberOfDilutedSharesOutstanding,Shares used in computing diluted net income per share,4Q20,850.0,(derived),,,,,copied_from_fy_for_wacs,4Q20 = FY20 (weighted-average shares: FY is not the sum of quarters; replacing flow-style bridge)
income_statement,us-gaap:WeightedAverageNumberOfDilutedSharesOutstanding,Shares used in computing diluted net income per share,4Q21,930.0,(derived),,,,,copied_from_fy_for_wacs,4Q21 = FY21 (weighted-average shares: FY is not the sum of quarters; replacing flow-style bridge)
income_statement,us-gaap:WeightedAverageNumberOfDilutedSharesOutstanding,Shares used in computing diluted net income per share,4Q22,974.0,(derived),,,,,copied_from_fy_for_wacs,4Q22 = FY22 (weighted-average shares: FY is not the sum of quarters; replacing flow-style bridge)
income_statement,us-gaap:WeightedAverageNumberOfDilutedSharesOutstanding,Shares used in computing diluted net income per share,4Q23,997.0,(derived),,,,,copied_from_fy_for_wacs,4Q23 = FY23 (weighted-average shares: FY is not the sum of quarters; replacing flow-style bridge)
income_statement,us-gaap:WeightedAverageNumberOfDilutedSharesOutstanding,Shares used in computing diluted net income per share,4Q24,984.0,(derived),,,,,copied_from_fy_for_wacs,4Q24 = FY24 (weighted-average shares: FY is not the sum of quarters; replacing flow-style bridge)
income_statement,us-gaap:WeightedAverageNumberOfDilutedSharesOutstanding,Shares used in computing diluted net income per share,4Q25,974.0,(derived),,,,,copied_from_fy_for_wacs,4Q25 = FY25 (weighted-average shares: FY is not the sum of quarters; replacing flow-style bridge)
income_statement,us-gaap:WeightedAverageNumberOfDilutedSharesOutstanding,Shares used in computing diluted net income per share,4Q26,956.0,(derived),,,,,copied_from_fy_for_wacs,4Q26 = FY26 (weighted-average shares: FY is not the sum of quarters; replacing flow-style bridge)
income_statement,us-gaap:CostOfGoodsAndServicesSold,Subscription and support,4Q20,923.0,(derived),,,,,derived,FY20 - 1Q20 - 2Q20 - 3Q20 = 3198.0 - 678.0 - 727.0 - 870.0
income_statement,us-gaap:CostOfGoodsAndServicesSold,Subscription and support,4Q21,1115.0,(derived),,,,,derived,FY21 - 1Q21 - 2Q21 - 3Q21 = 4154.0 - 966.0 - 1013.0 - 1060.0
income_statement,us-gaap:CostOfGoodsAndServicesSold,Subscription and support,4Q22,1456.0,(derived),,,,,derived,FY22 - 1Q22 - 2Q22 - 3Q22 = 5059.0 - 1122.0 - 1146.0 - 1335.0
income_statement,us-gaap:CostOfGoodsAndServicesSold,Subscription and support,4Q23,1440.0,(derived),,,,,derived,FY23 - 1Q23 - 2Q23 - 3Q23 = 5821.0 - 1440.0 - 1490.0 - 1451.0
income_statement,us-gaap:CostOfGoodsAndServicesSold,Subscription and support,4Q24,1581.0,(derived),,,,,derived,FY24 - 1Q24 - 2Q24 - 3Q24 = 6177.0 - 1510.0 - 1515.0 - 1571.0
income_statement,us-gaap:CostOfGoodsAndServicesSold,Subscription and support,4Q25,1581.0,(derived),,,,,derived,FY25 - 1Q25 - 2Q25 - 3Q25 = 6198.0 - 1560.0 - 1556.0 - 1501.0
income_statement,us-gaap:CostOfGoodsAndServicesSold,Subscription and support,4Q26,1875.0,(derived),,,,,derived,FY26 - 1Q26 - 2Q26 - 3Q26 = 6796.0 - 1611.0 - 1645.0 - 1665.0
income_statement,crm:FairValueAdjustmentLossOnRemainingPerformanceObligationsofAgreements,Loss on settlement of Salesforce.org reseller agreement (Note 7),4Q20,0.0,(derived),,,,,derived,"FY20 - 1Q20(=0, not reported) - 2Q20 - 3Q20 = 166.0 - 0.0 - 166.0 - 0.0"
income_statement,us-gaap:OperatingExpenses,Total operating expenses,4Q20,3667.0,(derived),,,,,derived,FY20 - 1Q20 - 2Q20 - 3Q20 = 12566.0 - 2613.0 - 2972.0 - 3314.0
income_statement,us-gaap:OperatingExpenses,Total operating expenses,4Q21,4145.0,(derived),,,,,derived,FY21 - 1Q21 - 2Q21 - 3Q21 = 15359.0 - 3751.0 - 3662.0 - 3801.0
income_statement,us-gaap:OperatingExpenses,Total operating expenses,4Q22,5488.0,(derived),,,,,derived,FY22 - 1Q22 - 2Q22 - 3Q22 = 18918.0 - 4054.0 - 4395.0 - 4981.0
income_statement,us-gaap:OperatingExpenses,Total operating expenses,4Q23,5927.0,(derived),,,,,derived,FY23 - 1Q23 - 2Q23 - 3Q23 = 21962.0 - 5346.0 - 5400.0 - 5289.0
income_statement,us-gaap:OperatingExpenses,Total operating expenses,4Q24,5517.0,(derived),,,,,derived,FY24 - 1Q24 - 2Q24 - 3Q24 = 21305.0 - 5710.0 - 5014.0 - 5064.0
income_statement,us-gaap:OperatingExpenses,Total operating expenses,4Q25,5956.0,(derived),,,,,derived,FY25 - 1Q25 - 2Q25 - 3Q25 = 22047.0 - 5262.0 - 5383.0 - 5446.0
income_statement,us-gaap:OperatingExpenses,Total operating expenses,4Q26,6824.0,(derived),,,,,derived,FY26 - 1Q26 - 2Q26 - 3Q26 = 23924.0 - 5622.0 - 5662.0 - 5816.0
income_statement,us-gaap:IncomeLossFromContinuingOperationsBeforeIncomeTaxesMinorityInterestAndIncomeLossFromEquityMethodInvestments,Income before benefit from (provision for) income taxes,4Q20,-4.0,(derived),,,,,derived,FY20 - 1Q20 - 2Q20 - 3Q20 = 706.0 - 482.0 - 164.0 - 64.0
income_statement,us-gaap:IncomeLossFromContinuingOperationsBeforeIncomeTaxesMinorityInterestAndIncomeLossFromEquityMethodInvestments,Income before benefit from (provision for) income taxes,4Q21,425.0,(derived),,,,,derived,FY21 - 1Q21 - 2Q21 - 3Q21 = 2561.0 - 47.0 - 839.0 - 1250.0
income_statement,us-gaap:IncomeTaxExpenseBenefit,Provision for income taxes,4Q20,-244.0,(derived),,,,,derived,FY20 - 1Q20 - 2Q20 - 3Q20 = -580.0 - -90.0 - -73.0 - -173.0
income_statement,us-gaap:IncomeTaxExpenseBenefit,Provision for income taxes,4Q21,-158.0,(derived),,,,,derived,FY21 - 1Q21 - 2Q21 - 3Q21 = 1511.0 - 52.0 - 1786.0 - -169.0
income_statement,us-gaap:IncomeTaxExpenseBenefit,Provision for income taxes,4Q22,169.0,(derived),,,,,derived,FY22 - 1Q22 - 2Q22 - 3Q22 = -88.0 - -135.0 - -291.0 - 169.0
income_statement,us-gaap:IncomeTaxExpenseBenefit,Provision for income taxes,4Q23,-131.0,(derived),,,,,derived,FY23 - 1Q23 - 2Q23 - 3Q23 = -452.0 - 57.0 - -113.0 - -265.0
income_statement,us-gaap:IncomeTaxExpenseBenefit,Provision for income taxes,4Q24,-199.0,(derived),,,,,derived,FY24 - 1Q24 - 2Q24 - 3Q24 = -814.0 - -127.0 - -225.0 - -263.0
income_statement,us-gaap:IncomeTaxExpenseBenefit,Provision for income taxes,4Q25,-280.0,(derived),,,,,derived,FY25 - 1Q25 - 2Q25 - 3Q25 = -1241.0 - -334.0 - -408.0 - -219.0
income_statement,us-gaap:IncomeTaxExpenseBenefit,Provision for income taxes,4Q26,-685.0,(derived),,,,,derived,FY26 - 1Q26 - 2Q26 - 3Q26 = -2063.0 - -433.0 - -519.0 - -426.0
income_statement,crm:FairValueAdjustmentLossOnRemainingPerformanceObligationsOfAgreements,Loss on settlement of Salesforce.org reseller agreement,4Q21,0.0,(derived),,,,,derived,"FY21 - 1Q21(=0, not reported) - 2Q21(=0, not reported) - 3Q21 = 0.0 - 0.0 - 0.0 - 0.0"
income_statement,us-gaap:OtherNonoperatingExpense,Other expense,4Q21,-54.0,(derived),,,,,derived,"FY21 - 1Q21(=0, not reported) - 2Q21(=0, not reported) - 3Q21 = -64.0 - 0.0 - 0.0 - -10.0"
income_statement,us-gaap:OtherNonoperatingExpense,Other expense,4Q22,-55.0,(derived),,,,,derived,FY22 - 1Q22 - 2Q22 - 3Q22 = -227.0 - -38.0 - -32.0 - -102.0
income_statement,us-gaap:OtherNonoperatingExpense,Other expense,4Q23,-10.0,(derived),,,,,derived,FY23 - 1Q23 - 2Q23 - 3Q23 = -131.0 - -56.0 - -57.0 - -8.0
income_statement,us-gaap:IncomeLossFromContinuingOperationsBeforeIncomeTaxesExtraordinaryItemsNoncontrollingInterest,Income before provision for income taxes,4Q22,1233.0,(derived),,,,,derived,"FY22 - 1Q22(=0, not reported) - 2Q22(=0, not reported) - 3Q22 = 1532.0 - 0.0 - 0.0 - 299.0"
income_statement,us-gaap:IncomeLossFromContinuingOperationsBeforeIncomeTaxesExtraordinaryItemsNoncontrollingInterest,Income before provision for income taxes,4Q23,33.0,(derived),,,,,derived,FY23 - 1Q23 - 2Q23 - 3Q23 = 660.0 - -29.0 - 181.0 - 475.0
income_statement,us-gaap:IncomeLossFromContinuingOperationsBeforeIncomeTaxesExtraordinaryItemsNoncontrollingInterest,Income before provision for income taxes,4Q24,1645.0,(derived),,,,,derived,FY24 - 1Q24 - 2Q24 - 3Q24 = 4950.0 - 326.0 - 1492.0 - 1487.0
income_statement,us-gaap:IncomeLossFromContinuingOperationsBeforeIncomeTaxesExtraordinaryItemsNoncontrollingInterest,Income before provision for income taxes,4Q25,1988.0,(derived),,,,,derived,FY25 - 1Q25 - 2Q25 - 3Q25 = 7438.0 - 1867.0 - 1837.0 - 1746.0
income_statement,us-gaap:IncomeLossFromContinuingOperationsBeforeIncomeTaxesExtraordinaryItemsNoncontrollingInterest,Income before provision for income taxes,4Q26,2628.0,(derived),,,,,derived,FY26 - 1Q26 - 2Q26 - 3Q26 = 9520.0 - 1974.0 - 2406.0 - 2512.0
income_statement,us-gaap:RestructuringCharges,Restructuring,4Q24,173.0,(derived),,,,,derived,FY24 - 1Q24 - 2Q24 - 3Q24 = 988.0 - 711.0 - 49.0 - 55.0
income_statement,us-gaap:RestructuringCharges,Restructuring,4Q25,298.0,(derived),,,,,derived,FY25 - 1Q25 - 2Q25 - 3Q25 = 461.0 - 8.0 - 99.0 - 56.0
income_statement,us-gaap:RestructuringCharges,Restructuring,4Q26,286.0,(derived),,,,,derived,FY26 - 1Q26 - 2Q26 - 3Q26 = 586.0 - 36.0 - 4.0 - 260.0
cash_flow,us-gaap:NetIncomeLoss,Net income,4Q19,1110.0,(derived),,,,,derived,"FY19 - 9M19(=0, not reported) = 1110.0 - 0.0"
cash_flow,us-gaap:NetIncomeLoss,Net income,4Q20,126.0,(derived),,,,,derived,"FY20 - 9M20(=0, not reported) = 126.0 - 0.0"
cash_flow,us-gaap:NetIncomeLoss,Net income,4Q21,267.0,(derived),,,,,derived,FY21 - 9M21 = 4072.0 - 3805.0
cash_flow,us-gaap:NetIncomeLoss,Net income,4Q22,-28.0,(derived),,,,,derived,FY22 - 9M22 = 1444.0 - 1472.0
cash_flow,us-gaap:NetIncomeLoss,Net income,4Q23,-98.0,(derived),,,,,derived,FY23 - 9M23 = 208.0 - 306.0
cash_flow,us-gaap:NetIncomeLoss,Net income,4Q24,1446.0,(derived),,,,,derived,FY24 - 9M24 = 4136.0 - 2690.0
cash_flow,us-gaap:NetIncomeLoss,Net income,4Q25,1708.0,(derived),,,,,derived,FY25 - 9M25 = 6197.0 - 4489.0
cash_flow,us-gaap:NetIncomeLoss,Net income,4Q26,1943.0,(derived),,,,,derived,FY26 - 9M26 = 7457.0 - 5514.0
cash_flow,us-gaap:DepreciationAndAmortization,Depreciation and amortization (1),4Q19,962.0,(derived),,,,,derived,"FY19 - 9M19(=0, not reported) = 962.0 - 0.0"
cash_flow,us-gaap:DepreciationAndAmortization,Depreciation and amortization (1),4Q20,2135.0,(derived),,,,,derived,"FY20 - 9M20(=0, not reported) = 2135.0 - 0.0"
cash_flow,us-gaap:DepreciationAndAmortization,Depreciation and amortization (1),4Q21,869.0,(derived),,,,,derived,FY21 - 9M21 = 2846.0 - 1977.0
cash_flow,us-gaap:DepreciationAndAmortization,Depreciation and amortization (1),4Q22,931.0,(derived),,,,,derived,FY22 - 9M22 = 3298.0 - 2367.0
cash_flow,us-gaap:DepreciationAndAmortization,Depreciation and amortization (1),4Q23,1032.0,(derived),,,,,derived,FY23 - 9M23 = 3786.0 - 2754.0
cash_flow,us-gaap:DepreciationAndAmortization,Depreciation and amortization (1),4Q24,953.0,(derived),,,,,derived,FY24 - 9M24 = 3959.0 - 3006.0
cash_flow,us-gaap:DepreciationAndAmortization,Depreciation and amortization (1),4Q25,877.0,(derived),,,,,derived,FY25 - 9M25 = 3477.0 - 2600.0
cash_flow,us-gaap:DepreciationAndAmortization,Depreciation and amortization (1),4Q26,1120.0,(derived),,,,,derived,FY26 - 9M26 = 3631.0 - 2511.0
cash_flow,html:amortization-of-debt-discount-and-issuance-costs,Amortization of debt discount and issuance costs,4Q19,20.0,(derived),,,,,derived,"FY19 - 9M19(=0, not reported) = 20.0 - 0.0"
cash_flow,us-gaap:CapitalizedContractCostAmortization,"Amortization of costs capitalized to obtain revenue contracts, net",4Q19,737.0,(derived),,,,,derived,"FY19 - 9M19(=0, not reported) = 737.0 - 0.0"
cash_flow,us-gaap:CapitalizedContractCostAmortization,"Amortization of costs capitalized to obtain revenue contracts, net",4Q20,876.0,(derived),,,,,derived,"FY20 - 9M20(=0, not reported) = 876.0 - 0.0"
cash_flow,us-gaap:CapitalizedContractCostAmortization,"Amortization of costs capitalized to obtain revenue contracts, net",4Q21,290.0,(derived),,,,,derived,FY21 - 9M21 = 1058.0 - 768.0
cash_flow,us-gaap:CapitalizedContractCostAmortization,"Amortization of costs capitalized to obtain revenue contracts, net",4Q22,356.0,(derived),,,,,derived,FY22 - 9M22 = 1348.0 - 992.0
cash_flow,us-gaap:CapitalizedContractCostAmortization,"Amortization of costs capitalized to obtain revenue contracts, net",4Q23,443.0,(derived),,,,,derived,FY23 - 9M23 = 1668.0 - 1225.0
cash_flow,us-gaap:CapitalizedContractCostAmortization,"Amortization of costs capitalized to obtain revenue contracts, net",4Q24,497.0,(derived),,,,,derived,FY24 - 9M24 = 1925.0 - 1428.0
cash_flow,us-gaap:CapitalizedContractCostAmortization,"Amortization of costs capitalized to obtain revenue contracts, net",4Q25,527.0,(derived),,,,,derived,FY25 - 9M25 = 2095.0 - 1568.0
cash_flow,us-gaap:CapitalizedContractCostAmortization,"Amortization of costs capitalized to obtain revenue contracts, net",4Q26,560.0,(derived),,,,,derived,FY26 - 9M26 = 2197.0 - 1637.0
cash_flow,html:expenses-related-to-employee-stock-plans,Expenses related to employee stock plans,4Q19,1283.0,(derived),,,,,derived,"FY19 - 9M19(=0, not reported) = 1283.0 - 0.0"
cash_flow,us-gaap:GainLossOnInvestments,"(Gains) losses on strategic investments, net",4Q19,-542.0,(derived),,,,,derived,"FY19 - 9M19(=0, not reported) = -542.0 - 0.0"
cash_flow,us-gaap:GainLossOnInvestments,"(Gains) losses on strategic investments, net",4Q20,-427.0,(derived),,,,,derived,"FY20 - 9M20(=0, not reported) = -427.0 - 0.0"
cash_flow,us-gaap:GainLossOnInvestments,"(Gains) losses on strategic investments, net",4Q21,-260.0,(derived),,,,,derived,FY21 - 9M21 = -2170.0 - -1910.0
cash_flow,us-gaap:GainLossOnInvestments,"(Gains) losses on strategic investments, net",4Q22,-34.0,(derived),,,,,derived,FY22 - 9M22 = -1211.0 - -1177.0
cash_flow,us-gaap:GainLossOnInvestments,"(Gains) losses on strategic investments, net",4Q23,314.0,(derived),,,,,derived,FY23 - 9M23 = 239.0 - -75.0
cash_flow,us-gaap:GainLossOnInvestments,"(Gains) losses on strategic investments, net",4Q24,35.0,(derived),,,,,derived,FY24 - 9M24 = 277.0 - 242.0
cash_flow,us-gaap:GainLossOnInvestments,"(Gains) losses on strategic investments, net",4Q25,-96.0,(derived),,,,,derived,FY25 - 9M25 = 121.0 - 217.0
cash_flow,us-gaap:GainLossOnInvestments,"(Gains) losses on strategic investments, net",4Q26,-811.0,(derived),,,,,derived,FY26 - 9M26 = -1017.0 - -206.0
cash_flow,us-gaap:IncreaseDecreaseInAccountsReceivable,"Accounts receivable, net",4Q19,-923.0,(derived),,,,,derived,"FY19 - 9M19(=0, not reported) = -923.0 - 0.0"
cash_flow,us-gaap:IncreaseDecreaseInAccountsReceivable,"Accounts receivable, net",4Q20,-1000.0,(derived),,,,,derived,"FY20 - 9M20(=0, not reported) = -1000.0 - 0.0"
cash_flow,us-gaap:IncreaseDecreaseInAccountsReceivable,"Accounts receivable, net",4Q21,-4429.0,(derived),,,,,derived,FY21 - 9M21 = -1556.0 - 2873.0
cash_flow,us-gaap:IncreaseDecreaseInAccountsReceivable,"Accounts receivable, net",4Q22,-5719.0,(derived),,,,,derived,FY22 - 9M22 = -1824.0 - 3895.0
cash_flow,us-gaap:IncreaseDecreaseInAccountsReceivable,"Accounts receivable, net",4Q23,-6481.0,(derived),,,,,derived,FY23 - 9M23 = -995.0 - 5486.0
cash_flow,us-gaap:IncreaseDecreaseInAccountsReceivable,"Accounts receivable, net",4Q24,-6564.0,(derived),,,,,derived,FY24 - 9M24 = -659.0 - 5905.0
cash_flow,us-gaap:IncreaseDecreaseInAccountsReceivable,"Accounts receivable, net",4Q25,-7171.0,(derived),,,,,derived,FY25 - 9M25 = -490.0 - 6681.0
cash_flow,us-gaap:IncreaseDecreaseInAccountsReceivable,"Accounts receivable, net",4Q26,-8632.0,(derived),,,,,derived,FY26 - 9M26 = -2160.0 - 6472.0
cash_flow,crm:IncreaseDecreaseInCapitalizedContractCosts,"Costs capitalized to obtain revenue contracts, net",4Q19,-981.0,(derived),,,,,derived,"FY19 - 9M19(=0, not reported) = -981.0 - 0.0"
cash_flow,crm:IncreaseDecreaseInCapitalizedContractCosts,"Costs capitalized to obtain revenue contracts, net",4Q20,-1130.0,(derived),,,,,derived,"FY20 - 9M20(=0, not reported) = -1130.0 - 0.0"
cash_flow,crm:IncreaseDecreaseInCapitalizedContractCosts,"Costs capitalized to obtain revenue contracts, net",4Q21,-672.0,(derived),,,,,derived,FY21 - 9M21 = -1645.0 - -973.0
cash_flow,crm:IncreaseDecreaseInCapitalizedContractCosts,"Costs capitalized to obtain revenue contracts, net",4Q22,-1060.0,(derived),,,,,derived,FY22 - 9M22 = -2283.0 - -1223.0
cash_flow,crm:IncreaseDecreaseInCapitalizedContractCosts,"Costs capitalized to obtain revenue contracts, net",4Q23,-1066.0,(derived),,,,,derived,FY23 - 9M23 = -2345.0 - -1279.0
cash_flow,crm:IncreaseDecreaseInCapitalizedContractCosts,"Costs capitalized to obtain revenue contracts, net",4Q24,-966.0,(derived),,,,,derived,FY24 - 9M24 = -1872.0 - -906.0
cash_flow,crm:IncreaseDecreaseInCapitalizedContractCosts,"Costs capitalized to obtain revenue contracts, net",4Q25,-1016.0,(derived),,,,,derived,FY25 - 9M25 = -2121.0 - -1105.0
cash_flow,crm:IncreaseDecreaseInCapitalizedContractCosts,"Costs capitalized to obtain revenue contracts, net",4Q26,-1492.0,(derived),,,,,derived,FY26 - 9M26 = -2811.0 - -1319.0
cash_flow,us-gaap:IncreaseDecreaseInPrepaidDeferredExpenseAndOtherAssets,Prepaid expenses and other current assets and other assets,4Q19,-58.0,(derived),,,,,derived,"FY19 - 9M19(=0, not reported) = -58.0 - 0.0"
cash_flow,us-gaap:IncreaseDecreaseInPrepaidDeferredExpenseAndOtherAssets,Prepaid expenses and other current assets and other assets,4Q20,-119.0,(derived),,,,,derived,"FY20 - 9M20(=0, not reported) = -119.0 - 0.0"
cash_flow,us-gaap:IncreaseDecreaseInPrepaidDeferredExpenseAndOtherAssets,Prepaid expenses and other current assets and other assets,4Q21,1.0,(derived),,,,,derived,FY21 - 9M21 = -133.0 - -134.0
cash_flow,us-gaap:IncreaseDecreaseInPrepaidDeferredExpenseAndOtherAssets,Prepaid expenses and other current assets and other assets,4Q22,115.0,(derived),,,,,derived,FY22 - 9M22 = 114.0 - -1.0
cash_flow,us-gaap:IncreaseDecreaseInPrepaidDeferredExpenseAndOtherAssets,Prepaid expenses and other current assets and other assets,4Q23,57.0,(derived),,,,,derived,FY23 - 9M23 = -302.0 - -359.0
cash_flow,us-gaap:IncreaseDecreaseInPrepaidDeferredExpenseAndOtherAssets,Prepaid expenses and other current assets and other assets,4Q24,-93.0,(derived),,,,,derived,FY24 - 9M24 = -843.0 - -750.0
cash_flow,us-gaap:IncreaseDecreaseInPrepaidDeferredExpenseAndOtherAssets,Prepaid expenses and other current assets and other assets,4Q25,-232.0,(derived),,,,,derived,FY25 - 9M25 = -1495.0 - -1263.0
cash_flow,us-gaap:IncreaseDecreaseInPrepaidDeferredExpenseAndOtherAssets,Prepaid expenses and other current assets and other assets,4Q26,936.0,(derived),,,,,derived,FY26 - 9M26 = 819.0 - -117.0
cash_flow,us-gaap:IncreaseDecreaseInAccountsPayableAndAccruedLiabilities,Accounts payable and accrued expenses and other liabilities,4Q19,287.0,(derived),,,,,derived,"FY19 - 9M19(=0, not reported) = 287.0 - 0.0"
cash_flow,us-gaap:IncreaseDecreaseInAccountsPayableAndAccruedLiabilities,Accounts payable and accrued expenses and other liabilities,4Q20,982.0,(derived),,,,,derived,"FY20 - 9M20(=0, not reported) = 982.0 - 0.0"
cash_flow,us-gaap:IncreaseDecreaseInAccountsPayableAndAccruedLiabilities,Accounts payable and accrued expenses and other liabilities,4Q21,1096.0,(derived),,,,,derived,FY21 - 9M21 = 1100.0 - 4.0
cash_flow,us-gaap:IncreaseDecreaseInAccountsPayableAndAccruedLiabilities,Accounts payable and accrued expenses and other liabilities,4Q22,1343.0,(derived),,,,,derived,FY22 - 9M22 = 507.0 - -836.0
cash_flow,us-gaap:IncreaseDecreaseInAccountsPayableAndAccruedLiabilities,Accounts payable and accrued expenses and other liabilities,4Q23,1733.0,(derived),,,,,derived,FY23 - 9M23 = 528.0 - -1205.0
cash_flow,us-gaap:IncreaseDecreaseInAccountsPayableAndAccruedLiabilities,Accounts payable and accrued expenses and other liabilities,4Q24,1129.0,(derived),,,,,derived,FY24 - 9M24 = -478.0 - -1607.0
cash_flow,us-gaap:IncreaseDecreaseInAccountsPayableAndAccruedLiabilities,Accounts payable and accrued expenses and other liabilities,4Q25,1592.0,(derived),,,,,derived,FY25 - 9M25 = 1089.0 - -503.0
cash_flow,us-gaap:IncreaseDecreaseInAccountsPayableAndAccruedLiabilities,Accounts payable and accrued expenses and other liabilities,4Q26,2238.0,(derived),,,,,derived,FY26 - 9M26 = 1014.0 - -1224.0
cash_flow,us-gaap:IncreaseDecreaseInContractWithCustomerLiability,Unearned revenue,4Q19,1503.0,(derived),,,,,derived,"FY19 - 9M19(=0, not reported) = 1503.0 - 0.0"
cash_flow,us-gaap:IncreaseDecreaseInContractWithCustomerLiability,Unearned revenue,4Q20,1665.0,(derived),,,,,derived,"FY20 - 9M20(=0, not reported) = 1665.0 - 0.0"
cash_flow,us-gaap:IncreaseDecreaseInContractWithCustomerLiability,Unearned revenue,4Q21,4684.0,(derived),,,,,derived,FY21 - 9M21 = 1872.0 - -2812.0
cash_flow,us-gaap:IncreaseDecreaseInContractWithCustomerLiability,Unearned revenue,4Q22,5509.0,(derived),,,,,derived,FY22 - 9M22 = 2629.0 - -2880.0
cash_flow,us-gaap:IncreaseDecreaseInContractWithCustomerLiability,Unearned revenue,4Q23,6183.0,(derived),,,,,derived,FY23 - 9M23 = 1744.0 - -4439.0
cash_flow,us-gaap:IncreaseDecreaseInContractWithCustomerLiability,Unearned revenue,4Q24,6439.0,(derived),,,,,derived,FY24 - 9M24 = 1623.0 - -4816.0
cash_flow,us-gaap:IncreaseDecreaseInContractWithCustomerLiability,Unearned revenue,4Q25,7139.0,(derived),,,,,derived,FY25 - 9M25 = 1584.0 - -5555.0
cash_flow,us-gaap:IncreaseDecreaseInContractWithCustomerLiability,Unearned revenue,4Q26,8671.0,(derived),,,,,derived,FY26 - 9M26 = 2924.0 - -5747.0
cash_flow,us-gaap:NetCashProvidedByUsedInOperatingActivities,Net cash provided by operating activities,4Q19,5408.0,(derived),,,,,derived,"FY19 - 9M19(=0, not reported) = 5408.0 - 0.0"
cash_flow,us-gaap:NetCashProvidedByUsedInOperatingActivities,Net cash provided by operating activities,4Q20,4331.0,(derived),,,,,derived,"FY20 - 9M20(=0, not reported) = 4331.0 - 0.0"
cash_flow,us-gaap:NetCashProvidedByUsedInOperatingActivities,Net cash provided by operating activities,4Q21,2174.0,(derived),,,,,derived,FY21 - 9M21 = 4801.0 - 2627.0
cash_flow,us-gaap:NetCashProvidedByUsedInOperatingActivities,Net cash provided by operating activities,4Q22,1982.0,(derived),,,,,derived,FY22 - 9M22 = 6000.0 - 4018.0
cash_flow,us-gaap:NetCashProvidedByUsedInOperatingActivities,Net cash provided by operating activities,4Q23,2788.0,(derived),,,,,derived,FY23 - 9M23 = 7111.0 - 4323.0
cash_flow,us-gaap:NetCashProvidedByUsedInOperatingActivities,Net cash provided by operating activities,4Q24,3403.0,(derived),,,,,derived,FY24 - 9M24 = 10234.0 - 6831.0
cash_flow,us-gaap:NetCashProvidedByUsedInOperatingActivities,Net cash provided by operating activities,4Q25,3970.0,(derived),,,,,derived,FY25 - 9M25 = 13092.0 - 9122.0
cash_flow,us-gaap:NetCashProvidedByUsedInOperatingActivities,Net cash provided by operating activities,4Q26,5464.0,(derived),,,,,derived,FY26 - 9M26 = 14996.0 - 9532.0
cash_flow,us-gaap:PaymentsToAcquireBusinessesNetOfCashAcquired,"Business combinations, net of cash acquired",4Q19,-5115.0,(derived),,,,,derived,"FY19 - 9M19(=0, not reported) = -5115.0 - 0.0"
cash_flow,us-gaap:PaymentsToAcquireBusinessesNetOfCashAcquired,"Business combinations, net of cash acquired",4Q20,-369.0,(derived),,,,,derived,"FY20 - 9M20(=0, not reported) = -369.0 - 0.0"
cash_flow,us-gaap:PaymentsToAcquireBusinessesNetOfCashAcquired,"Business combinations, net of cash acquired",4Q21,0.0,(derived),,,,,derived,FY21 - 9M21 = -1281.0 - -1281.0
cash_flow,us-gaap:PaymentsToAcquireBusinessesNetOfCashAcquired,"Business combinations, net of cash acquired",4Q22,-60.0,(derived),,,,,derived,FY22 - 9M22 = -14876.0 - -14816.0
cash_flow,us-gaap:PaymentsToAcquireBusinessesNetOfCashAcquired,"Business combinations, net of cash acquired",4Q23,0.0,(derived),,,,,derived,FY23 - 9M23 = -439.0 - -439.0
cash_flow,us-gaap:PaymentsToAcquireBusinessesNetOfCashAcquired,"Business combinations, net of cash acquired",4Q24,0.0,(derived),,,,,derived,FY24 - 9M24 = -82.0 - -82.0
cash_flow,us-gaap:PaymentsToAcquireBusinessesNetOfCashAcquired,"Business combinations, net of cash acquired",4Q25,-2217.0,(derived),,,,,derived,FY25 - 9M25 = -2734.0 - -517.0
cash_flow,us-gaap:PaymentsToAcquireBusinessesNetOfCashAcquired,"Business combinations, net of cash acquired",4Q26,-8236.0,(derived),,,,,derived,FY26 - 9M26 = -9268.0 - -1032.0
cash_flow,us-gaap:PaymentsToAcquireLongtermInvestments,Purchases of strategic investments,4Q19,-362.0,(derived),,,,,derived,"FY19 - 9M19(=0, not reported) = -362.0 - 0.0"
cash_flow,us-gaap:PaymentsToAcquireLongtermInvestments,Purchases of strategic investments,4Q20,-768.0,(derived),,,,,derived,"FY20 - 9M20(=0, not reported) = -768.0 - 0.0"
cash_flow,us-gaap:PaymentsToAcquireLongtermInvestments,Purchases of strategic investments,4Q21,-127.0,(derived),,,,,derived,FY21 - 9M21 = -1069.0 - -942.0
cash_flow,us-gaap:PaymentsToAcquireLongtermInvestments,Purchases of strategic investments,4Q22,-785.0,(derived),,,,,derived,FY22 - 9M22 = -1718.0 - -933.0
cash_flow,us-gaap:PaymentsToAcquireLongtermInvestments,Purchases of strategic investments,4Q23,-75.0,(derived),,,,,derived,FY23 - 9M23 = -550.0 - -475.0
cash_flow,us-gaap:PaymentsToAcquireLongtermInvestments,Purchases of strategic investments,4Q24,-106.0,(derived),,,,,derived,FY24 - 9M24 = -496.0 - -390.0
cash_flow,us-gaap:PaymentsToAcquireLongtermInvestments,Purchases of strategic investments,4Q25,-165.0,(derived),,,,,derived,FY25 - 9M25 = -539.0 - -374.0
cash_flow,us-gaap:PaymentsToAcquireLongtermInvestments,Purchases of strategic investments,4Q26,-512.0,(derived),,,,,derived,FY26 - 9M26 = -1958.0 - -1446.0
cash_flow,us-gaap:ProceedsFromSaleOfLongtermInvestments,Sales of strategic investments,4Q19,260.0,(derived),,,,,derived,"FY19 - 9M19(=0, not reported) = 260.0 - 0.0"
cash_flow,us-gaap:ProceedsFromSaleOfLongtermInvestments,Sales of strategic investments,4Q20,434.0,(derived),,,,,derived,"FY20 - 9M20(=0, not reported) = 434.0 - 0.0"
cash_flow,us-gaap:ProceedsFromSaleOfLongtermInvestments,Sales of strategic investments,4Q21,366.0,(derived),,,,,derived,FY21 - 9M21 = 1051.0 - 685.0
cash_flow,us-gaap:ProceedsFromSaleOfLongtermInvestments,Sales of strategic investments,4Q22,37.0,(derived),,,,,derived,FY22 - 9M22 = 2201.0 - 2164.0
cash_flow,us-gaap:ProceedsFromSaleOfLongtermInvestments,Sales of strategic investments,4Q23,174.0,(derived),,,,,derived,FY23 - 9M23 = 355.0 - 181.0
cash_flow,us-gaap:ProceedsFromSaleOfLongtermInvestments,Sales of strategic investments,4Q24,6.0,(derived),,,,,derived,FY24 - 9M24 = 108.0 - 102.0
cash_flow,us-gaap:ProceedsFromSaleOfLongtermInvestments,Sales of strategic investments,4Q25,8.0,(derived),,,,,derived,FY25 - 9M25 = 126.0 - 118.0
cash_flow,us-gaap:ProceedsFromSaleOfLongtermInvestments,Sales of strategic investments,4Q26,72.0,(derived),,,,,derived,FY26 - 9M26 = 184.0 - 112.0
cash_flow,us-gaap:PaymentsToAcquireAvailableForSaleSecuritiesDebt,Purchases of marketable securities,4Q19,-1068.0,(derived),,,,,derived,"FY19 - 9M19(=0, not reported) = -1068.0 - 0.0"
cash_flow,us-gaap:PaymentsToAcquireAvailableForSaleSecuritiesDebt,Purchases of marketable securities,4Q20,-3857.0,(derived),,,,,derived,"FY20 - 9M20(=0, not reported) = -3857.0 - 0.0"
cash_flow,us-gaap:PaymentsToAcquireAvailableForSaleSecuritiesDebt,Purchases of marketable securities,4Q21,-865.0,(derived),,,,,derived,FY21 - 9M21 = -4833.0 - -3968.0
cash_flow,us-gaap:PaymentsToAcquireAvailableForSaleSecuritiesDebt,Purchases of marketable securities,4Q22,-1165.0,(derived),,,,,derived,FY22 - 9M22 = -5674.0 - -4509.0
cash_flow,us-gaap:PaymentsToAcquireAvailableForSaleSecuritiesDebt,Purchases of marketable securities,4Q23,-645.0,(derived),,,,,derived,FY23 - 9M23 = -4777.0 - -4132.0
cash_flow,us-gaap:PaymentsToAcquireAvailableForSaleSecuritiesDebt,Purchases of marketable securities,4Q24,-934.0,(derived),,,,,derived,FY24 - 9M24 = -3761.0 - -2827.0
cash_flow,us-gaap:PaymentsToAcquireAvailableForSaleSecuritiesDebt,Purchases of marketable securities,4Q25,-1838.0,(derived),,,,,derived,FY25 - 9M25 = -6879.0 - -5041.0
cash_flow,us-gaap:PaymentsToAcquireAvailableForSaleSecuritiesDebt,Purchases of marketable securities,4Q26,-193.0,(derived),,,,,derived,FY26 - 9M26 = -3763.0 - -3570.0
cash_flow,us-gaap:ProceedsFromSaleOfAvailableForSaleSecuritiesDebt,Sales of marketable securities,4Q19,1426.0,(derived),,,,,derived,"FY19 - 9M19(=0, not reported) = 1426.0 - 0.0"
cash_flow,us-gaap:ProceedsFromSaleOfAvailableForSaleSecuritiesDebt,Sales of marketable securities,4Q20,1444.0,(derived),,,,,derived,"FY20 - 9M20(=0, not reported) = 1444.0 - 0.0"
cash_flow,us-gaap:ProceedsFromSaleOfAvailableForSaleSecuritiesDebt,Sales of marketable securities,4Q21,630.0,(derived),,,,,derived,FY21 - 9M21 = 1836.0 - 1206.0
cash_flow,us-gaap:ProceedsFromSaleOfAvailableForSaleSecuritiesDebt,Sales of marketable securities,4Q22,414.0,(derived),,,,,derived,FY22 - 9M22 = 4179.0 - 3765.0
cash_flow,us-gaap:ProceedsFromSaleOfAvailableForSaleSecuritiesDebt,Sales of marketable securities,4Q23,379.0,(derived),,,,,derived,FY23 - 9M23 = 1771.0 - 1392.0
cash_flow,us-gaap:ProceedsFromSaleOfAvailableForSaleSecuritiesDebt,Sales of marketable securities,4Q24,394.0,(derived),,,,,derived,FY24 - 9M24 = 1511.0 - 1117.0
cash_flow,us-gaap:ProceedsFromSaleOfAvailableForSaleSecuritiesDebt,Sales of marketable securities,4Q25,491.0,(derived),,,,,derived,FY25 - 9M25 = 4143.0 - 3652.0
cash_flow,us-gaap:ProceedsFromSaleOfAvailableForSaleSecuritiesDebt,Sales of marketable securities,4Q26,225.0,(derived),,,,,derived,FY26 - 9M26 = 4414.0 - 4189.0
cash_flow,us-gaap:ProceedsFromMaturitiesPrepaymentsAndCallsOfAvailableForSaleSecurities,Maturities of marketable securities,4Q19,146.0,(derived),,,,,derived,"FY19 - 9M19(=0, not reported) = 146.0 - 0.0"
cash_flow,us-gaap:ProceedsFromMaturitiesPrepaymentsAndCallsOfAvailableForSaleSecurities,Maturities of marketable securities,4Q20,779.0,(derived),,,,,derived,"FY20 - 9M20(=0, not reported) = 779.0 - 0.0"
cash_flow,us-gaap:ProceedsFromMaturitiesPrepaymentsAndCallsOfAvailableForSaleSecurities,Maturities of marketable securities,4Q21,239.0,(derived),,,,,derived,FY21 - 9M21 = 1035.0 - 796.0
cash_flow,us-gaap:ProceedsFromMaturitiesPrepaymentsAndCallsOfAvailableForSaleSecurities,Maturities of marketable securities,4Q22,267.0,(derived),,,,,derived,FY22 - 9M22 = 2069.0 - 1802.0
cash_flow,us-gaap:ProceedsFromMaturitiesPrepaymentsAndCallsOfAvailableForSaleSecurities,Maturities of marketable securities,4Q23,697.0,(derived),,,,,derived,FY23 - 9M23 = 2449.0 - 1752.0
cash_flow,us-gaap:ProceedsFromMaturitiesPrepaymentsAndCallsOfAvailableForSaleSecurities,Maturities of marketable securities,4Q24,319.0,(derived),,,,,derived,FY24 - 9M24 = 2129.0 - 1810.0
cash_flow,us-gaap:ProceedsFromMaturitiesPrepaymentsAndCallsOfAvailableForSaleSecurities,Maturities of marketable securities,4Q25,939.0,(derived),,,,,derived,FY25 - 9M25 = 3378.0 - 2439.0
cash_flow,us-gaap:ProceedsFromMaturitiesPrepaymentsAndCallsOfAvailableForSaleSecurities,Maturities of marketable securities,4Q26,78.0,(derived),,,,,derived,FY26 - 9M26 = 2395.0 - 2317.0
cash_flow,us-gaap:PaymentsToAcquirePropertyPlantAndEquipment,Capital expenditures,4Q19,-595.0,(derived),,,,,derived,"FY19 - 9M19(=0, not reported) = -595.0 - 0.0"
cash_flow,us-gaap:PaymentsToAcquirePropertyPlantAndEquipment,Capital expenditures,4Q20,-643.0,(derived),,,,,derived,"FY20 - 9M20(=0, not reported) = -643.0 - 0.0"
cash_flow,us-gaap:PaymentsToAcquirePropertyPlantAndEquipment,Capital expenditures,4Q21,-149.0,(derived),,,,,derived,FY21 - 9M21 = -710.0 - -561.0
cash_flow,us-gaap:PaymentsToAcquirePropertyPlantAndEquipment,Capital expenditures,4Q22,-167.0,(derived),,,,,derived,FY22 - 9M22 = -717.0 - -550.0
cash_flow,us-gaap:PaymentsToAcquirePropertyPlantAndEquipment,Capital expenditures,4Q23,-218.0,(derived),,,,,derived,FY23 - 9M23 = -798.0 - -580.0
cash_flow,us-gaap:PaymentsToAcquirePropertyPlantAndEquipment,Capital expenditures,4Q24,-147.0,(derived),,,,,derived,FY24 - 9M24 = -736.0 - -589.0
cash_flow,us-gaap:PaymentsToAcquirePropertyPlantAndEquipment,Capital expenditures,4Q25,-154.0,(derived),,,,,derived,FY25 - 9M25 = -658.0 - -504.0
cash_flow,us-gaap:PaymentsToAcquirePropertyPlantAndEquipment,Capital expenditures,4Q26,-141.0,(derived),,,,,derived,FY26 - 9M26 = -594.0 - -453.0
cash_flow,us-gaap:NetCashProvidedByUsedInInvestingActivities,Net cash used in investing activities,4Q19,-5308.0,(derived),,,,,derived,"FY19 - 9M19(=0, not reported) = -5308.0 - 0.0"
cash_flow,us-gaap:NetCashProvidedByUsedInInvestingActivities,Net cash used in investing activities,4Q20,-2980.0,(derived),,,,,derived,"FY20 - 9M20(=0, not reported) = -2980.0 - 0.0"
cash_flow,us-gaap:NetCashProvidedByUsedInInvestingActivities,Net cash used in investing activities,4Q21,94.0,(derived),,,,,derived,FY21 - 9M21 = -3971.0 - -4065.0
cash_flow,us-gaap:NetCashProvidedByUsedInInvestingActivities,Net cash used in investing activities,4Q22,-1459.0,(derived),,,,,derived,FY22 - 9M22 = -14536.0 - -13077.0
cash_flow,us-gaap:NetCashProvidedByUsedInInvestingActivities,Net cash used in investing activities,4Q23,312.0,(derived),,,,,derived,FY23 - 9M23 = -1989.0 - -2301.0
cash_flow,us-gaap:NetCashProvidedByUsedInInvestingActivities,Net cash used in investing activities,4Q24,-468.0,(derived),,,,,derived,FY24 - 9M24 = -1327.0 - -859.0
cash_flow,us-gaap:NetCashProvidedByUsedInInvestingActivities,Net cash used in investing activities,4Q25,-2936.0,(derived),,,,,derived,FY25 - 9M25 = -3163.0 - -227.0
cash_flow,us-gaap:NetCashProvidedByUsedInInvestingActivities,Net cash used in investing activities,4Q26,-8707.0,(derived),,,,,derived,FY26 - 9M26 = -8590.0 - 117.0
cash_flow,us-gaap:ProceedsFromIssuanceOfMediumTermNotes,"Proceeds from issuance of debt, net of issuance costs",4Q19,2966.0,(derived),,,,,derived,"FY19 - 9M19(=0, not reported) = 2966.0 - 0.0"
cash_flow,us-gaap:ProceedsFromIssuanceOfMediumTermNotes,"Proceeds from issuance of debt, net of issuance costs",4Q20,0.0,(derived),,,,,derived,"FY20 - 9M20(=0, not reported) = 0.0 - 0.0"
cash_flow,us-gaap:ProceedsFromIssuanceOfMediumTermNotes,"Proceeds from issuance of debt, net of issuance costs",4Q21,-20.0,(derived),,,,,derived,"FY21 - 9M21(=0, not reported) = -20.0 - 0.0"
cash_flow,us-gaap:ProceedsFromIssuanceOfMediumTermNotes,"Proceeds from issuance of debt, net of issuance costs",4Q22,0.0,(derived),,,,,derived,FY22 - 9M22 = 7906.0 - 7906.0
cash_flow,us-gaap:ProceedsFromIssuanceOfMediumTermNotes,"Proceeds from issuance of debt, net of issuance costs",4Q23,0.0,(derived),,,,,derived,FY23 - 9M23 = 0.0 - 0.0
cash_flow,us-gaap:ProceedsFromIssuanceOfMediumTermNotes,"Proceeds from issuance of debt, net of issuance costs",4Q24,0.0,(derived),,,,,derived,"FY24 - 9M24(=0, not reported) = 0.0 - 0.0"
cash_flow,us-gaap:ProceedsFromIssuanceOfMediumTermNotes,"Proceeds from issuance of debt, net of issuance costs",4Q26,6000.0,(derived),,,,,derived,"FY26 - 9M26(=0, not reported) = 6000.0 - 0.0"
cash_flow,us-gaap:ProceedsFromStockPlans,Proceeds from employee stock plans,4Q19,704.0,(derived),,,,,derived,"FY19 - 9M19(=0, not reported) = 704.0 - 0.0"
cash_flow,us-gaap:ProceedsFromStockPlans,Proceeds from employee stock plans,4Q20,840.0,(derived),,,,,derived,"FY20 - 9M20(=0, not reported) = 840.0 - 0.0"
cash_flow,us-gaap:ProceedsFromStockPlans,Proceeds from employee stock plans,4Q21,216.0,(derived),,,,,derived,FY21 - 9M21 = 1321.0 - 1105.0
cash_flow,us-gaap:ProceedsFromStockPlans,Proceeds from employee stock plans,4Q22,259.0,(derived),,,,,derived,FY22 - 9M22 = 1289.0 - 1030.0
cash_flow,us-gaap:ProceedsFromStockPlans,Proceeds from employee stock plans,4Q23,173.0,(derived),,,,,derived,FY23 - 9M23 = 861.0 - 688.0
cash_flow,us-gaap:ProceedsFromStockPlans,Proceeds from employee stock plans,4Q24,869.0,(derived),,,,,derived,FY24 - 9M24 = 1954.0 - 1085.0
cash_flow,us-gaap:ProceedsFromStockPlans,Proceeds from employee stock plans,4Q25,484.0,(derived),,,,,derived,FY25 - 9M25 = 1540.0 - 1056.0
cash_flow,us-gaap:ProceedsFromStockPlans,Proceeds from employee stock plans,4Q26,274.0,(derived),,,,,derived,FY26 - 9M26 = 1039.0 - 765.0
cash_flow,html:principal-payments-on-capital-lease-obligations,Principal payments on capital lease obligations,4Q19,-131.0,(derived),,,,,derived,"FY19 - 9M19(=0, not reported) = -131.0 - 0.0"
cash_flow,us-gaap:RepaymentsOfLongTermLinesOfCredit,Repayments of debt,4Q19,-1529.0,(derived),,,,,derived,"FY19 - 9M19(=0, not reported) = -1529.0 - 0.0"
cash_flow,us-gaap:RepaymentsOfLongTermLinesOfCredit,Repayments of debt,4Q20,-503.0,(derived),,,,,derived,"FY20 - 9M20(=0, not reported) = -503.0 - 0.0"
cash_flow,us-gaap:RepaymentsOfLongTermLinesOfCredit,Repayments of debt,4Q21,-1.0,(derived),,,,,derived,FY21 - 9M21 = -4.0 - -3.0
cash_flow,us-gaap:RepaymentsOfLongTermLinesOfCredit,Repayments of debt,4Q22,-1.0,(derived),,,,,derived,FY22 - 9M22 = -4.0 - -3.0
cash_flow,us-gaap:RepaymentsOfLongTermLinesOfCredit,Repayments of debt,4Q23,-1.0,(derived),,,,,derived,FY23 - 9M23 = -4.0 - -3.0
cash_flow,us-gaap:RepaymentsOfLongTermLinesOfCredit,Repayments of debt,4Q24,0.0,(derived),,,,,derived,FY24 - 9M24 = -1182.0 - -1182.0
cash_flow,us-gaap:RepaymentsOfLongTermLinesOfCredit,Repayments of debt,4Q25,0.0,(derived),,,,,derived,FY25 - 9M25 = -1000.0 - -1000.0
cash_flow,us-gaap:RepaymentsOfLongTermLinesOfCredit,Repayments of debt,4Q26,0.0,(derived),,,,,derived,FY26 - 9M26 = 0.0 - 0.0
cash_flow,us-gaap:EffectOfExchangeRateOnCashCashEquivalentsRestrictedCashAndRestrictedCashEquivalents,Effect of exchange rate changes,4Q19,26.0,(derived),,,,,derived,"FY19 - 9M19(=0, not reported) = 26.0 - 0.0"
cash_flow,us-gaap:EffectOfExchangeRateOnCashCashEquivalentsRestrictedCashAndRestrictedCashEquivalents,Effect of exchange rate changes,4Q20,-39.0,(derived),,,,,derived,"FY20 - 9M20(=0, not reported) = -39.0 - 0.0"
cash_flow,us-gaap:EffectOfExchangeRateOnCashCashEquivalentsRestrictedCashAndRestrictedCashEquivalents,Effect of exchange rate changes,4Q21,27.0,(derived),,,,,derived,FY21 - 9M21 = 26.0 - -1.0
cash_flow,us-gaap:EffectOfExchangeRateOnCashCashEquivalentsRestrictedCashAndRestrictedCashEquivalents,Effect of exchange rate changes,4Q22,-15.0,(derived),,,,,derived,FY22 - 9M22 = -33.0 - -18.0
cash_flow,us-gaap:EffectOfExchangeRateOnCashCashEquivalentsRestrictedCashAndRestrictedCashEquivalents,Effect of exchange rate changes,4Q23,61.0,(derived),,,,,derived,FY23 - 9M23 = -8.0 - -69.0
cash_flow,us-gaap:EffectOfExchangeRateOnCashCashEquivalentsRestrictedCashAndRestrictedCashEquivalents,Effect of exchange rate changes,4Q24,30.0,(derived),,,,,derived,FY24 - 9M24 = 26.0 - -4.0
cash_flow,us-gaap:EffectOfExchangeRateOnCashCashEquivalentsRestrictedCashAndRestrictedCashEquivalents,Effect of exchange rate changes,4Q25,-110.0,(derived),,,,,derived,FY25 - 9M25 = -124.0 - -14.0
cash_flow,us-gaap:EffectOfExchangeRateOnCashCashEquivalentsRestrictedCashAndRestrictedCashEquivalents,Effect of exchange rate changes,4Q26,4.0,(derived),,,,,derived,FY26 - 9M26 = 152.0 - 148.0
cash_flow,us-gaap:CashCashEquivalentsRestrictedCashAndRestrictedCashEquivalentsPeriodIncreaseDecreaseIncludingExchangeRateEffect,Net increase (decrease) in cash and cash equivalents,4Q19,126.0,(derived),,,,,derived,"FY19 - 9M19(=0, not reported) = 126.0 - 0.0"
cash_flow,us-gaap:CashCashEquivalentsRestrictedCashAndRestrictedCashEquivalentsPeriodIncreaseDecreaseIncludingExchangeRateEffect,Net increase (decrease) in cash and cash equivalents,4Q20,1476.0,(derived),,,,,derived,"FY20 - 9M20(=0, not reported) = 1476.0 - 0.0"
cash_flow,us-gaap:CashCashEquivalentsRestrictedCashAndRestrictedCashEquivalentsPeriodIncreaseDecreaseIncludingExchangeRateEffect,Net increase (decrease) in cash and cash equivalents,4Q21,2471.0,(derived),,,,,derived,FY21 - 9M21 = 2050.0 - -421.0
cash_flow,us-gaap:CashCashEquivalentsRestrictedCashAndRestrictedCashEquivalentsPeriodIncreaseDecreaseIncludingExchangeRateEffect,Net increase (decrease) in cash and cash equivalents,4Q22,711.0,(derived),,,,,derived,FY22 - 9M22 = -731.0 - -1442.0
cash_flow,us-gaap:CashCashEquivalentsRestrictedCashAndRestrictedCashEquivalentsPeriodIncreaseDecreaseIncludingExchangeRateEffect,Net increase (decrease) in cash and cash equivalents,4Q23,940.0,(derived),,,,,derived,FY23 - 9M23 = 1552.0 - 612.0
cash_flow,us-gaap:CashCashEquivalentsRestrictedCashAndRestrictedCashEquivalentsPeriodIncreaseDecreaseIncludingExchangeRateEffect,Net increase (decrease) in cash and cash equivalents,4Q24,2019.0,(derived),,,,,derived,FY24 - 9M24 = 1456.0 - -563.0
cash_flow,us-gaap:CashCashEquivalentsRestrictedCashAndRestrictedCashEquivalentsPeriodIncreaseDecreaseIncludingExchangeRateEffect,Net increase (decrease) in cash and cash equivalents,4Q25,851.0,(derived),,,,,derived,FY25 - 9M25 = 376.0 - -475.0
cash_flow,us-gaap:CashCashEquivalentsRestrictedCashAndRestrictedCashEquivalentsPeriodIncreaseDecreaseIncludingExchangeRateEffect,Net increase (decrease) in cash and cash equivalents,4Q26,-1651.0,(derived),,,,,derived,FY26 - 9M26 = -1521.0 - 130.0
cash_flow,us-gaap:CashCashEquivalentsRestrictedCashAndRestrictedCashEquivalents,"Cash and cash equivalents, beginning of period",4Q19,5212.0,(derived),,,,,derived,"FY19 - 9M19(=0, not reported) = 5212.0 - 0.0"
cash_flow,us-gaap:CashCashEquivalentsRestrictedCashAndRestrictedCashEquivalents,"Cash and cash equivalents, beginning of period",4Q20,2669.0,(derived),,,,,derived,"FY20 - 9M20(=0, not reported) = 2669.0 - 0.0"
cash_flow,us-gaap:CashCashEquivalentsRestrictedCashAndRestrictedCashEquivalents,"Cash and cash equivalents, beginning of period",4Q21,0.0,(derived),,,,,derived,FY21 - 9M21 = 4145.0 - 4145.0
cash_flow,us-gaap:CashCashEquivalentsRestrictedCashAndRestrictedCashEquivalents,"Cash and cash equivalents, beginning of period",4Q22,0.0,(derived),,,,,derived,FY22 - 9M22 = 6195.0 - 6195.0
cash_flow,us-gaap:CashCashEquivalentsRestrictedCashAndRestrictedCashEquivalents,"Cash and cash equivalents, beginning of period",4Q23,0.0,(derived),,,,,derived,FY23 - 9M23 = 5464.0 - 5464.0
cash_flow,us-gaap:CashCashEquivalentsRestrictedCashAndRestrictedCashEquivalents,"Cash and cash equivalents, beginning of period",4Q24,0.0,(derived),,,,,derived,FY24 - 9M24 = 7016.0 - 7016.0
cash_flow,us-gaap:CashCashEquivalentsRestrictedCashAndRestrictedCashEquivalents,"Cash and cash equivalents, beginning of period",4Q25,0.0,(derived),,,,,derived,FY25 - 9M25 = 8472.0 - 8472.0
cash_flow,us-gaap:CashCashEquivalentsRestrictedCashAndRestrictedCashEquivalents,"Cash and cash equivalents, beginning of period",4Q26,0.0,(derived),,,,,derived,FY26 - 9M26 = 8848.0 - 8848.0
cash_flow,us-gaap:ShareBasedCompensation,Stock-based compensation expense,4Q20,1785.0,(derived),,,,,derived,"FY20 - 9M20(=0, not reported) = 1785.0 - 0.0"
cash_flow,us-gaap:ShareBasedCompensation,Stock-based compensation expense,4Q21,542.0,(derived),,,,,derived,FY21 - 9M21 = 2190.0 - 1648.0
cash_flow,us-gaap:ShareBasedCompensation,Stock-based compensation expense,4Q22,763.0,(derived),,,,,derived,FY22 - 9M22 = 2779.0 - 2016.0
cash_flow,us-gaap:ShareBasedCompensation,Stock-based compensation expense,4Q23,809.0,(derived),,,,,derived,FY23 - 9M23 = 3279.0 - 2470.0
cash_flow,us-gaap:ShareBasedCompensation,Stock-based compensation expense,4Q24,674.0,(derived),,,,,derived,FY24 - 9M24 = 2787.0 - 2113.0
cash_flow,us-gaap:ShareBasedCompensation,Stock-based compensation expense,4Q25,803.0,(derived),,,,,derived,FY25 - 9M25 = 3183.0 - 2380.0
cash_flow,us-gaap:ShareBasedCompensation,Stock-based compensation expense,4Q26,1083.0,(derived),,,,,derived,FY26 - 9M26 = 3509.0 - 2426.0
cash_flow,crm:FairValueAdjustmentLossOnRemainingPerformanceObligationsofAgreements,Loss on settlement of Salesforce.org reseller agreement (Note 7),4Q20,166.0,(derived),,,,,derived,"FY20 - 9M20(=0, not reported) = 166.0 - 0.0"
cash_flow,us-gaap:IncreaseDecreaseInOperatingLeaseLiability,Operating lease liabilities,4Q20,-728.0,(derived),,,,,derived,"FY20 - 9M20(=0, not reported) = -728.0 - 0.0"
cash_flow,us-gaap:IncreaseDecreaseInOperatingLeaseLiability,Operating lease liabilities,4Q21,-214.0,(derived),,,,,derived,FY21 - 9M21 = -830.0 - -616.0
cash_flow,us-gaap:IncreaseDecreaseInOperatingLeaseLiability,Operating lease liabilities,4Q22,-194.0,(derived),,,,,derived,FY22 - 9M22 = -801.0 - -607.0
cash_flow,us-gaap:IncreaseDecreaseInOperatingLeaseLiability,Operating lease liabilities,4Q23,-138.0,(derived),,,,,derived,FY23 - 9M23 = -699.0 - -561.0
cash_flow,us-gaap:IncreaseDecreaseInOperatingLeaseLiability,Operating lease liabilities,4Q24,-147.0,(derived),,,,,derived,FY24 - 9M24 = -621.0 - -474.0
cash_flow,us-gaap:IncreaseDecreaseInOperatingLeaseLiability,Operating lease liabilities,4Q25,-161.0,(derived),,,,,derived,FY25 - 9M25 = -548.0 - -387.0
cash_flow,us-gaap:IncreaseDecreaseInOperatingLeaseLiability,Operating lease liabilities,4Q26,-152.0,(derived),,,,,derived,FY26 - 9M26 = -567.0 - -415.0
cash_flow,us-gaap:FinanceLeasePrincipalPayments,Principal payments on financing obligations,4Q20,-173.0,(derived),,,,,derived,"FY20 - 9M20(=0, not reported) = -173.0 - 0.0"
cash_flow,us-gaap:FinanceLeasePrincipalPayments,Principal payments on financing obligations,4Q21,-19.0,(derived),,,,,derived,FY21 - 9M21 = -103.0 - -84.0
cash_flow,us-gaap:FinanceLeasePrincipalPayments,Principal payments on financing obligations,4Q22,-38.0,(derived),,,,,derived,FY22 - 9M22 = -156.0 - -118.0
cash_flow,us-gaap:FinanceLeasePrincipalPayments,Principal payments on financing obligations,4Q23,-70.0,(derived),,,,,derived,FY23 - 9M23 = -419.0 - -349.0
cash_flow,us-gaap:FinanceLeasePrincipalPayments,Principal payments on financing obligations,4Q24,-123.0,(derived),,,,,derived,FY24 - 9M24 = -629.0 - -506.0
cash_flow,us-gaap:FinanceLeasePrincipalPayments,Principal payments on financing obligations,4Q25,-98.0,(derived),,,,,derived,FY25 - 9M25 = -603.0 - -505.0
cash_flow,us-gaap:FinanceLeasePrincipalPayments,Principal payments on financing obligations,4Q26,-146.0,(derived),,,,,derived,FY26 - 9M26 = -584.0 - -438.0
cash_flow,us-gaap:NetCashProvidedByUsedInFinancingActivities,Net cash used in financing activities,4Q20,164.0,(derived),,,,,derived,"FY20 - 9M20(=0, not reported) = 164.0 - 0.0"
cash_flow,us-gaap:NetCashProvidedByUsedInFinancingActivities,Net cash used in financing activities,4Q21,176.0,(derived),,,,,derived,FY21 - 9M21 = 1194.0 - 1018.0
cash_flow,us-gaap:NetCashProvidedByUsedInFinancingActivities,Net cash used in financing activities,4Q22,203.0,(derived),,,,,derived,FY22 - 9M22 = 7838.0 - 7635.0
cash_flow,us-gaap:NetCashProvidedByUsedInFinancingActivities,Net cash used in financing activities,4Q23,-2221.0,(derived),,,,,derived,FY23 - 9M23 = -3562.0 - -1341.0
cash_flow,us-gaap:NetCashProvidedByUsedInFinancingActivities,Net cash used in financing activities,4Q24,-946.0,(derived),,,,,derived,FY24 - 9M24 = -7477.0 - -6531.0
cash_flow,us-gaap:NetCashProvidedByUsedInFinancingActivities,Net cash used in financing activities,4Q25,-73.0,(derived),,,,,derived,FY25 - 9M25 = -9429.0 - -9356.0
cash_flow,us-gaap:NetCashProvidedByUsedInFinancingActivities,Net cash used in financing activities,4Q26,1588.0,(derived),,,,,derived,FY26 - 9M26 = -8079.0 - -9667.0
cash_flow,crm:FairValueAdjustmentLossOnRemainingPerformanceObligationsOfAgreements,Loss on settlement of Salesforce.org reseller agreement,4Q21,0.0,(derived),,,,,derived,FY21 - 9M21 = 0.0 - 0.0
cash_flow,crm:FairValueAdjustmentLossOnRemainingPerformanceObligationsOfAgreements,Loss on settlement of Salesforce.org reseller agreement,4Q22,0.0,(derived),,,,,derived,"FY22 - 9M22(=0, not reported) = 0.0 - 0.0"
cash_flow,crm:DeferredIncomeTaxExpenseBenefitFromIntraEntityTransferOfIntangibleProperty,Tax benefit from intra-entity transfer of intangible property,4Q21,-2003.0,(derived),,,,,derived,"FY21 - 9M21(=0, not reported) = -2003.0 - 0.0"
cash_flow,crm:DeferredIncomeTaxExpenseBenefitFromIntraEntityTransferOfIntangibleProperty,Tax benefit from intra-entity transfer of intangible property,4Q22,0.0,(derived),,,,,derived,FY22 - 9M22 = 0.0 - 0.0
cash_flow,crm:DeferredIncomeTaxExpenseBenefitFromIntraEntityTransferOfIntangibleProperty,Tax benefit from intra-entity transfer of intangible property,4Q23,0.0,(derived),,,,,derived,"FY23 - 9M23(=0, not reported) = 0.0 - 0.0"
cash_flow,crm:RepaymentsOfProceedsFromConvertibleDebtNetOfCappedCalls,"Repayments of Slack Convertible Notes, net of capped call proceeds (Note 9)",4Q24,0.0,(derived),,,,,derived,"FY24 - 9M24(=0, not reported) = 0.0 - 0.0"
cash_flow,crm:RepaymentsOfProceedsFromConvertibleDebtNetOfCappedCalls,"Repayments of Slack Convertible Notes, net of capped call proceeds (Note 9)",4Q22,-17.0,(derived),,,,,derived,FY22 - 9M22 = -1197.0 - -1180.0
cash_flow,crm:RepaymentsOfProceedsFromConvertibleDebtNetOfCappedCalls,"Repayments of Slack Convertible Notes, net of capped call proceeds (Note 9)",4Q23,0.0,(derived),,,,,derived,FY23 - 9M23 = 0.0 - 0.0
cash_flow,us-gaap:PaymentsForRepurchaseOfCommonStock,Repurchases of common stock,4Q23,-2323.0,(derived),,,,,derived,FY23 - 9M23 = -4000.0 - -1677.0
cash_flow,us-gaap:PaymentsForRepurchaseOfCommonStock,Repurchases of common stock,4Q24,-1692.0,(derived),,,,,derived,FY24 - 9M24 = -7620.0 - -5928.0
cash_flow,us-gaap:PaymentsForRepurchaseOfCommonStock,Repurchases of common stock,4Q25,-76.0,(derived),,,,,derived,FY25 - 9M25 = -7829.0 - -7753.0
cash_flow,us-gaap:PaymentsForRepurchaseOfCommonStock,Repurchases of common stock,4Q26,-3937.0,(derived),,,,,derived,FY26 - 9M26 = -12596.0 - -8659.0
cash_flow,us-gaap:PaymentsOfDividends,Payments of dividends and dividend equivalents,4Q25,-383.0,(derived),,,,,derived,FY25 - 9M25 = -1537.0 - -1154.0
cash_flow,us-gaap:PaymentsOfDividends,Payments of dividends and dividend equivalents,4Q26,-391.0,(derived),,,,,derived,FY26 - 9M26 = -1587.0 - -1196.0
cash_flow,us-gaap:PaymentsRelatedToTaxWithholdingForShareBasedCompensation,Payments for taxes related to net share settlement of equity awards,4Q26,-212.0,(derived),,,,,derived,FY26 - 9M26 = -351.0 - -139.0
